sample_id,y_true,y_prob_machine_generated,y_pred,threshold,system_key,system,seed
10379,1,4.51237929155468e-06,0,0.99,model::deberta_sentiment_profile,DeBERTa + Sentiment Profile,42
1092,1,5.754552603320917e-06,0,0.99,model::deberta_sentiment_profile,DeBERTa + Sentiment Profile,42
8924,0,5.1796755542454775e-06,0,0.99,model::deberta_sentiment_profile,DeBERTa + Sentiment Profile,42
1291,0,4.555849045573268e-06,0,0.99,model::deberta_sentiment_profile,DeBERTa + Sentiment Profile,42
13927,1,1.223223898705328e-05,0,0.99,model::deberta_sentiment_profile,DeBERTa + Sentiment Profile,42
8035,0,3.7994591366441455e-06,0,0.99,model::deberta_sentiment_profile,DeBERTa + Sentiment Profile,42
1632,1,5.215631972532719e-06,0,0.99,model::deberta_sentiment_profile,DeBERTa + Sentiment Profile,42
17416,1,4.928168891638052e-06,0,0.99,model::deberta_sentiment_profile,DeBERTa + Sentiment Profile,42
14654,1,6.252004823181778e-06,0,0.99,model::deberta_sentiment_profile,DeBERTa + Sentiment Profile,42
5189,1,5.598826646746602e-06,0,0.99,model::deberta_sentiment_profile,DeBERTa + Sentiment Profile,42
3026,1,5.657982455886668e-06,0,0.99,model::deberta_sentiment_profile,DeBERTa + Sentiment Profile,42
1353,1,6.197539732966106e-06,0,0.99,model::deberta_sentiment_profile,DeBERTa + Sentiment Profile,42
13373,0,0.0001295356923947,0,0.99,model::deberta_sentiment_profile,DeBERTa + Sentiment Profile,42
20409,1,4.5316473915590905e-06,0,0.99,model::deberta_sentiment_profile,DeBERTa + Sentiment Profile,42
19701,0,4.653929863707162e-06,0,0.99,model::deberta_sentiment_profile,DeBERTa + Sentiment Profile,42
15296,0,4.651063591154525e-06,0,0.99,model::deberta_sentiment_profile,DeBERTa + Sentiment Profile,42
18991,0,4.563597940432373e-06,0,0.99,model::deberta_sentiment_profile,DeBERTa + Sentiment Profile,42
512,1,9.061495802598074e-06,0,0.99,model::deberta_sentiment_profile,DeBERTa + Sentiment Profile,42
18295,0,5.287438852974447e-06,0,0.99,model::deberta_sentiment_profile,DeBERTa + Sentiment Profile,42
18450,1,5.3659632612834685e-06,0,0.99,model::deberta_sentiment_profile,DeBERTa + Sentiment Profile,42
15675,1,6.304495400399901e-06,0,0.99,model::deberta_sentiment_profile,DeBERTa + Sentiment Profile,42
20025,0,5.014868747821311e-06,0,0.99,model::deberta_sentiment_profile,DeBERTa + Sentiment Profile,42
7229,0,4.738963070849422e-06,0,0.99,model::deberta_sentiment_profile,DeBERTa + Sentiment Profile,42
10752,1,4.541919224720914e-06,0,0.99,model::deberta_sentiment_profile,DeBERTa + Sentiment Profile,42
20566,0,3.818202003458282e-06,0,0.99,model::deberta_sentiment_profile,DeBERTa + Sentiment Profile,42
18854,0,1.635775697650388e-05,0,0.99,model::deberta_sentiment_profile,DeBERTa + Sentiment Profile,42
9483,1,9.525567293167114e-06,0,0.99,model::deberta_sentiment_profile,DeBERTa + Sentiment Profile,42
5666,0,5.620021511276718e-06,0,0.99,model::deberta_sentiment_profile,DeBERTa + Sentiment Profile,42
7486,1,5.741560471506091e-06,0,0.99,model::deberta_sentiment_profile,DeBERTa + Sentiment Profile,42
16331,1,5.204035460337764e-06,0,0.99,model::deberta_sentiment_profile,DeBERTa + Sentiment Profile,42
2999,1,4.839606845052913e-06,0,0.99,model::deberta_sentiment_profile,DeBERTa + Sentiment Profile,42
3958,1,4.797107067133766e-06,0,0.99,model::deberta_sentiment_profile,DeBERTa + Sentiment Profile,42
13982,0,4.873546913586324e-06,0,0.99,model::deberta_sentiment_profile,DeBERTa + Sentiment Profile,42
17720,1,1.1701280527631752e-05,0,0.99,model::deberta_sentiment_profile,DeBERTa + Sentiment Profile,42
18694,1,6.149608452687971e-06,0,0.99,model::deberta_sentiment_profile,DeBERTa + Sentiment Profile,42
4466,0,4.186951628071256e-06,0,0.99,model::deberta_sentiment_profile,DeBERTa + Sentiment Profile,42
19676,1,5.223068455961766e-06,0,0.99,model::deberta_sentiment_profile,DeBERTa + Sentiment Profile,42
20003,1,7.099803042365238e-06,0,0.99,model::deberta_sentiment_profile,DeBERTa + Sentiment Profile,42
8936,1,5.543164206756046e-06,0,0.99,model::deberta_sentiment_profile,DeBERTa + Sentiment Profile,42
12592,0,5.574286660703365e-06,0,0.99,model::deberta_sentiment_profile,DeBERTa + Sentiment Profile,42
2861,0,6.422381375159603e-06,0,0.99,model::deberta_sentiment_profile,DeBERTa + Sentiment Profile,42
16760,0,4.404304036143003e-06,0,0.99,model::deberta_sentiment_profile,DeBERTa + Sentiment Profile,42
4976,1,4.378160156193189e-06,0,0.99,model::deberta_sentiment_profile,DeBERTa + Sentiment Profile,42
11506,0,8.172126399585977e-06,0,0.99,model::deberta_sentiment_profile,DeBERTa + Sentiment Profile,42
4974,1,8.390547009184957e-06,0,0.99,model::deberta_sentiment_profile,DeBERTa + Sentiment Profile,42
12865,1,4.3330956032150425e-06,0,0.99,model::deberta_sentiment_profile,DeBERTa + Sentiment Profile,42
10717,1,8.712322596693411e-06,0,0.99,model::deberta_sentiment_profile,DeBERTa + Sentiment Profile,42
8625,1,1.5655265087843873e-05,0,0.99,model::deberta_sentiment_profile,DeBERTa + Sentiment Profile,42
15748,0,6.248124918784015e-06,0,0.99,model::deberta_sentiment_profile,DeBERTa + Sentiment Profile,42
3681,0,5.195307949179551e-06,0,0.99,model::deberta_sentiment_profile,DeBERTa + Sentiment Profile,42
1600,0,4.999330485588871e-06,0,0.99,model::deberta_sentiment_profile,DeBERTa + Sentiment Profile,42
11251,1,6.391464012267534e-06,0,0.99,model::deberta_sentiment_profile,DeBERTa + Sentiment Profile,42
11286,1,6.857900189061184e-06,0,0.99,model::deberta_sentiment_profile,DeBERTa + Sentiment Profile,42
2808,0,5.261353180685546e-06,0,0.99,model::deberta_sentiment_profile,DeBERTa + Sentiment Profile,42
159,0,4.056535090057878e-06,0,0.99,model::deberta_sentiment_profile,DeBERTa + Sentiment Profile,42
12797,0,5.124205472384347e-06,0,0.99,model::deberta_sentiment_profile,DeBERTa + Sentiment Profile,42
3074,0,4.698350949183805e-06,0,0.99,model::deberta_sentiment_profile,DeBERTa + Sentiment Profile,42
14840,0,4.053105385537492e-06,0,0.99,model::deberta_sentiment_profile,DeBERTa + Sentiment Profile,42
12328,0,8.25484221422812e-06,0,0.99,model::deberta_sentiment_profile,DeBERTa + Sentiment Profile,42
95,1,5.084832991997246e-06,0,0.99,model::deberta_sentiment_profile,DeBERTa + Sentiment Profile,42
1308,0,6.275235591601813e-06,0,0.99,model::deberta_sentiment_profile,DeBERTa + Sentiment Profile,42
3386,1,6.641299023613101e-06,0,0.99,model::deberta_sentiment_profile,DeBERTa + Sentiment Profile,42
15472,0,5.585573489952367e-06,0,0.99,model::deberta_sentiment_profile,DeBERTa + Sentiment Profile,42
16039,0,4.580082986649359e-06,0,0.99,model::deberta_sentiment_profile,DeBERTa + Sentiment Profile,42
15903,1,5.254914412944345e-06,0,0.99,model::deberta_sentiment_profile,DeBERTa + Sentiment Profile,42
13242,1,6.00446219323203e-06,0,0.99,model::deberta_sentiment_profile,DeBERTa + Sentiment Profile,42
5334,1,5.738473191740923e-06,0,0.99,model::deberta_sentiment_profile,DeBERTa + Sentiment Profile,42
20678,1,5.804775355500169e-06,0,0.99,model::deberta_sentiment_profile,DeBERTa + Sentiment Profile,42
7102,0,4.797102519660257e-06,0,0.99,model::deberta_sentiment_profile,DeBERTa + Sentiment Profile,42
17456,1,5.437515483208699e-06,0,0.99,model::deberta_sentiment_profile,DeBERTa + Sentiment Profile,42
17207,1,4.779106802743627e-06,0,0.99,model::deberta_sentiment_profile,DeBERTa + Sentiment Profile,42
20060,0,5.354205768526299e-06,0,0.99,model::deberta_sentiment_profile,DeBERTa + Sentiment Profile,42
8328,1,5.88761849940056e-06,0,0.99,model::deberta_sentiment_profile,DeBERTa + Sentiment Profile,42
5697,1,4.880607320956187e-06,0,0.99,model::deberta_sentiment_profile,DeBERTa + Sentiment Profile,42
3917,1,6.167045739857713e-06,0,0.99,model::deberta_sentiment_profile,DeBERTa + Sentiment Profile,42
7890,0,4.581494067679159e-06,0,0.99,model::deberta_sentiment_profile,DeBERTa + Sentiment Profile,42
20874,0,7.506038400606485e-06,0,0.99,model::deberta_sentiment_profile,DeBERTa + Sentiment Profile,42
9228,0,4.245696800353471e-06,0,0.99,model::deberta_sentiment_profile,DeBERTa + Sentiment Profile,42
7626,1,4.393849394546123e-06,0,0.99,model::deberta_sentiment_profile,DeBERTa + Sentiment Profile,42
17701,1,8.568103112338576e-06,0,0.99,model::deberta_sentiment_profile,DeBERTa + Sentiment Profile,42
2326,1,5.081754352431744e-06,0,0.99,model::deberta_sentiment_profile,DeBERTa + Sentiment Profile,42
10548,1,4.130972229177132e-06,0,0.99,model::deberta_sentiment_profile,DeBERTa + Sentiment Profile,42
5550,0,4.991389232600341e-06,0,0.99,model::deberta_sentiment_profile,DeBERTa + Sentiment Profile,42
20860,0,4.442794761416735e-06,0,0.99,model::deberta_sentiment_profile,DeBERTa + Sentiment Profile,42
14054,1,2.756554022198543e-05,0,0.99,model::deberta_sentiment_profile,DeBERTa + Sentiment Profile,42
14852,0,5.5850941862445325e-06,0,0.99,model::deberta_sentiment_profile,DeBERTa + Sentiment Profile,42
11175,1,6.233138719835552e-06,0,0.99,model::deberta_sentiment_profile,DeBERTa + Sentiment Profile,42
2207,0,1.3576441233453806e-05,0,0.99,model::deberta_sentiment_profile,DeBERTa + Sentiment Profile,42
6783,1,4.385284228192177e-06,0,0.99,model::deberta_sentiment_profile,DeBERTa + Sentiment Profile,42
2699,0,4.580589575198246e-06,0,0.99,model::deberta_sentiment_profile,DeBERTa + Sentiment Profile,42
4090,0,4.737160452350508e-06,0,0.99,model::deberta_sentiment_profile,DeBERTa + Sentiment Profile,42
7244,0,5.510090886673424e-06,0,0.99,model::deberta_sentiment_profile,DeBERTa + Sentiment Profile,42
11424,0,4.333649030741071e-06,0,0.99,model::deberta_sentiment_profile,DeBERTa + Sentiment Profile,42
16052,0,4.278204869478941e-06,0,0.99,model::deberta_sentiment_profile,DeBERTa + Sentiment Profile,42
12196,0,4.578733296511928e-06,0,0.99,model::deberta_sentiment_profile,DeBERTa + Sentiment Profile,42
5583,1,5.476270416693296e-06,0,0.99,model::deberta_sentiment_profile,DeBERTa + Sentiment Profile,42
7455,1,4.356780209491262e-06,0,0.99,model::deberta_sentiment_profile,DeBERTa + Sentiment Profile,42
846,0,4.405715571920155e-06,0,0.99,model::deberta_sentiment_profile,DeBERTa + Sentiment Profile,42
3005,1,5.494438482855912e-06,0,0.99,model::deberta_sentiment_profile,DeBERTa + Sentiment Profile,42
4180,0,5.236235210759332e-06,0,0.99,model::deberta_sentiment_profile,DeBERTa + Sentiment Profile,42
6266,0,5.485888777911896e-06,0,0.99,model::deberta_sentiment_profile,DeBERTa + Sentiment Profile,42
7721,1,7.851212285459042e-05,0,0.99,model::deberta_sentiment_profile,DeBERTa + Sentiment Profile,42
8374,1,1.5363071725005284e-05,0,0.99,model::deberta_sentiment_profile,DeBERTa + Sentiment Profile,42
14457,1,4.9038976612791885e-06,0,0.99,model::deberta_sentiment_profile,DeBERTa + Sentiment Profile,42
17052,1,1.560378041176591e-05,0,0.99,model::deberta_sentiment_profile,DeBERTa + Sentiment Profile,42
15630,1,4.650722075894009e-06,0,0.99,model::deberta_sentiment_profile,DeBERTa + Sentiment Profile,42
8013,1,1.16427736429614e-05,0,0.99,model::deberta_sentiment_profile,DeBERTa + Sentiment Profile,42
10556,0,5.360750947147608e-06,0,0.99,model::deberta_sentiment_profile,DeBERTa + Sentiment Profile,42
6752,0,4.88139858134673e-06,0,0.99,model::deberta_sentiment_profile,DeBERTa + Sentiment Profile,42
4344,0,0.0011267360532656,0,0.99,model::deberta_sentiment_profile,DeBERTa + Sentiment Profile,42
3687,1,6.018043677613605e-06,0,0.99,model::deberta_sentiment_profile,DeBERTa + Sentiment Profile,42
4189,1,4.206875473755645e-06,0,0.99,model::deberta_sentiment_profile,DeBERTa + Sentiment Profile,42
10831,1,8.794623681751546e-06,0,0.99,model::deberta_sentiment_profile,DeBERTa + Sentiment Profile,42
3743,0,4.384966359793907e-06,0,0.99,model::deberta_sentiment_profile,DeBERTa + Sentiment Profile,42
20504,0,4.801166596735129e-06,0,0.99,model::deberta_sentiment_profile,DeBERTa + Sentiment Profile,42
2869,1,5.5410077948181424e-06,0,0.99,model::deberta_sentiment_profile,DeBERTa + Sentiment Profile,42
14846,1,4.886260740022408e-06,0,0.99,model::deberta_sentiment_profile,DeBERTa + Sentiment Profile,42
8988,0,4.737060862680664e-06,0,0.99,model::deberta_sentiment_profile,DeBERTa + Sentiment Profile,42
12023,1,0.0002748652768786,0,0.99,model::deberta_sentiment_profile,DeBERTa + Sentiment Profile,42
14099,1,5.010647782910382e-06,0,0.99,model::deberta_sentiment_profile,DeBERTa + Sentiment Profile,42
14724,0,6.131701411504764e-06,0,0.99,model::deberta_sentiment_profile,DeBERTa + Sentiment Profile,42
4785,0,5.427537416835548e-06,0,0.99,model::deberta_sentiment_profile,DeBERTa + Sentiment Profile,42
20713,0,4.751548203785205e-06,0,0.99,model::deberta_sentiment_profile,DeBERTa + Sentiment Profile,42
8986,0,4.690046807809267e-06,0,0.99,model::deberta_sentiment_profile,DeBERTa + Sentiment Profile,42
39,0,4.823903054784751e-06,0,0.99,model::deberta_sentiment_profile,DeBERTa + Sentiment Profile,42
15187,0,2.92337681457866e-05,0,0.99,model::deberta_sentiment_profile,DeBERTa + Sentiment Profile,42
1492,1,4.481201813177904e-06,0,0.99,model::deberta_sentiment_profile,DeBERTa + Sentiment Profile,42
20588,0,4.7420508053619415e-06,0,0.99,model::deberta_sentiment_profile,DeBERTa + Sentiment Profile,42
8231,1,4.690234163717832e-06,0,0.99,model::deberta_sentiment_profile,DeBERTa + Sentiment Profile,42
5094,1,5.528213023353601e-06,0,0.99,model::deberta_sentiment_profile,DeBERTa + Sentiment Profile,42
7483,0,4.406211246532621e-06,0,0.99,model::deberta_sentiment_profile,DeBERTa + Sentiment Profile,42
753,0,5.682418759533903e-06,0,0.99,model::deberta_sentiment_profile,DeBERTa + Sentiment Profile,42
1416,0,8.586524018028285e-06,0,0.99,model::deberta_sentiment_profile,DeBERTa + Sentiment Profile,42
6055,1,4.972844635631191e-06,0,0.99,model::deberta_sentiment_profile,DeBERTa + Sentiment Profile,42
11306,1,4.992698450223543e-06,0,0.99,model::deberta_sentiment_profile,DeBERTa + Sentiment Profile,42
15807,1,4.754154360853136e-06,0,0.99,model::deberta_sentiment_profile,DeBERTa + Sentiment Profile,42
11393,0,5.036374659539433e-06,0,0.99,model::deberta_sentiment_profile,DeBERTa + Sentiment Profile,42
1532,1,5.778937065770151e-06,0,0.99,model::deberta_sentiment_profile,DeBERTa + Sentiment Profile,42
17823,1,9.495763151790015e-06,0,0.99,model::deberta_sentiment_profile,DeBERTa + Sentiment Profile,42
912,1,4.275309038348496e-06,0,0.99,model::deberta_sentiment_profile,DeBERTa + Sentiment Profile,42
9162,1,5.090635568194557e-06,0,0.99,model::deberta_sentiment_profile,DeBERTa + Sentiment Profile,42
12703,0,4.661552338802721e-06,0,0.99,model::deberta_sentiment_profile,DeBERTa + Sentiment Profile,42
14284,0,4.576594164973358e-06,0,0.99,model::deberta_sentiment_profile,DeBERTa + Sentiment Profile,42
11887,1,2.5395806005690247e-05,0,0.99,model::deberta_sentiment_profile,DeBERTa + Sentiment Profile,42
4680,1,7.180617103585973e-06,0,0.99,model::deberta_sentiment_profile,DeBERTa + Sentiment Profile,42
9114,1,4.692972652264871e-06,0,0.99,model::deberta_sentiment_profile,DeBERTa + Sentiment Profile,42
15087,1,6.43331713945372e-06,0,0.99,model::deberta_sentiment_profile,DeBERTa + Sentiment Profile,42
11501,0,0.1619347482919693,0,0.99,model::deberta_sentiment_profile,DeBERTa + Sentiment Profile,42
9261,1,5.518036687135464e-06,0,0.99,model::deberta_sentiment_profile,DeBERTa + Sentiment Profile,42
17032,1,4.878913387074135e-06,0,0.99,model::deberta_sentiment_profile,DeBERTa + Sentiment Profile,42
13742,0,4.037010967294918e-06,0,0.99,model::deberta_sentiment_profile,DeBERTa + Sentiment Profile,42
607,1,4.584395810525166e-06,0,0.99,model::deberta_sentiment_profile,DeBERTa + Sentiment Profile,42
16065,1,6.08404752711067e-06,0,0.99,model::deberta_sentiment_profile,DeBERTa + Sentiment Profile,42
1061,0,4.747738785226829e-06,0,0.99,model::deberta_sentiment_profile,DeBERTa + Sentiment Profile,42
9683,0,5.196477559366031e-06,0,0.99,model::deberta_sentiment_profile,DeBERTa + Sentiment Profile,42
9767,1,5.048487309977645e-06,0,0.99,model::deberta_sentiment_profile,DeBERTa + Sentiment Profile,42
1792,0,5.147755473444704e-06,0,0.99,model::deberta_sentiment_profile,DeBERTa + Sentiment Profile,42
3351,0,4.855565293837572e-06,0,0.99,model::deberta_sentiment_profile,DeBERTa + Sentiment Profile,42
4098,0,4.2553365346975625e-06,0,0.99,model::deberta_sentiment_profile,DeBERTa + Sentiment Profile,42
1194,0,5.037820301367901e-06,0,0.99,model::deberta_sentiment_profile,DeBERTa + Sentiment Profile,42
12026,0,6.895148999319645e-06,0,0.99,model::deberta_sentiment_profile,DeBERTa + Sentiment Profile,42
4868,1,4.118176093470538e-06,0,0.99,model::deberta_sentiment_profile,DeBERTa + Sentiment Profile,42
19019,1,5.511179551831447e-06,0,0.99,model::deberta_sentiment_profile,DeBERTa + Sentiment Profile,42
19855,1,4.792620984517271e-06,0,0.99,model::deberta_sentiment_profile,DeBERTa + Sentiment Profile,42
9565,1,4.813315626961412e-06,0,0.99,model::deberta_sentiment_profile,DeBERTa + Sentiment Profile,42
1647,1,4.741607881442178e-06,0,0.99,model::deberta_sentiment_profile,DeBERTa + Sentiment Profile,42
15961,1,4.337825430411613e-06,0,0.99,model::deberta_sentiment_profile,DeBERTa + Sentiment Profile,42
285,0,4.87277520733187e-06,0,0.99,model::deberta_sentiment_profile,DeBERTa + Sentiment Profile,42
18138,0,9.327957741334105e-06,0,0.99,model::deberta_sentiment_profile,DeBERTa + Sentiment Profile,42
3347,0,4.252391136105871e-06,0,0.99,model::deberta_sentiment_profile,DeBERTa + Sentiment Profile,42
19656,1,4.796407210960751e-06,0,0.99,model::deberta_sentiment_profile,DeBERTa + Sentiment Profile,42
12678,1,5.94524271946284e-06,0,0.99,model::deberta_sentiment_profile,DeBERTa + Sentiment Profile,42
4231,0,5.055603651271667e-06,0,0.99,model::deberta_sentiment_profile,DeBERTa + Sentiment Profile,42
13425,1,7.256651315401541e-06,0,0.99,model::deberta_sentiment_profile,DeBERTa + Sentiment Profile,42
6282,0,5.337992661225144e-06,0,0.99,model::deberta_sentiment_profile,DeBERTa + Sentiment Profile,42
12418,1,5.306178536557127e-06,0,0.99,model::deberta_sentiment_profile,DeBERTa + Sentiment Profile,42
10239,1,4.632224317902001e-06,0,0.99,model::deberta_sentiment_profile,DeBERTa + Sentiment Profile,42
6212,1,8.289671313832514e-06,0,0.99,model::deberta_sentiment_profile,DeBERTa + Sentiment Profile,42
24,1,6.863697308290284e-06,0,0.99,model::deberta_sentiment_profile,DeBERTa + Sentiment Profile,42
6691,0,4.275986157153966e-06,0,0.99,model::deberta_sentiment_profile,DeBERTa + Sentiment Profile,42
3507,1,4.359186732472153e-06,0,0.99,model::deberta_sentiment_profile,DeBERTa + Sentiment Profile,42
6583,1,8.433506081928499e-06,0,0.99,model::deberta_sentiment_profile,DeBERTa + Sentiment Profile,42
15156,1,4.832522790820804e-06,0,0.99,model::deberta_sentiment_profile,DeBERTa + Sentiment Profile,42
14876,0,5.281925496092299e-06,0,0.99,model::deberta_sentiment_profile,DeBERTa + Sentiment Profile,42
15809,0,7.703231858613435e-06,0,0.99,model::deberta_sentiment_profile,DeBERTa + Sentiment Profile,42
19948,0,5.4656788961438e-06,0,0.99,model::deberta_sentiment_profile,DeBERTa + Sentiment Profile,42
20661,0,0.0001287759514525,0,0.99,model::deberta_sentiment_profile,DeBERTa + Sentiment Profile,42
15457,1,7.283504146471387e-06,0,0.99,model::deberta_sentiment_profile,DeBERTa + Sentiment Profile,42
16560,1,5.162986326467944e-06,0,0.99,model::deberta_sentiment_profile,DeBERTa + Sentiment Profile,42
3353,0,7.641499905730598e-06,0,0.99,model::deberta_sentiment_profile,DeBERTa + Sentiment Profile,42
15343,1,6.731789653713349e-06,0,0.99,model::deberta_sentiment_profile,DeBERTa + Sentiment Profile,42
139,1,4.314749276090879e-06,0,0.99,model::deberta_sentiment_profile,DeBERTa + Sentiment Profile,42
14673,1,4.6378204388020094e-06,0,0.99,model::deberta_sentiment_profile,DeBERTa + Sentiment Profile,42
18413,1,4.5653041524928994e-06,0,0.99,model::deberta_sentiment_profile,DeBERTa + Sentiment Profile,42
11800,0,3.994584858446615e-06,0,0.99,model::deberta_sentiment_profile,DeBERTa + Sentiment Profile,42
1827,0,4.416569026943762e-06,0,0.99,model::deberta_sentiment_profile,DeBERTa + Sentiment Profile,42
18537,0,5.551607046072604e-06,0,0.99,model::deberta_sentiment_profile,DeBERTa + Sentiment Profile,42
1799,0,5.783761025668355e-06,0,0.99,model::deberta_sentiment_profile,DeBERTa + Sentiment Profile,42
326,1,4.9418881644669455e-06,0,0.99,model::deberta_sentiment_profile,DeBERTa + Sentiment Profile,42
11382,0,6.063773980713449e-06,0,0.99,model::deberta_sentiment_profile,DeBERTa + Sentiment Profile,42
19498,1,5.0896360335173085e-06,0,0.99,model::deberta_sentiment_profile,DeBERTa + Sentiment Profile,42
14625,0,5.279447577777319e-06,0,0.99,model::deberta_sentiment_profile,DeBERTa + Sentiment Profile,42
14044,1,6.107615263317712e-06,0,0.99,model::deberta_sentiment_profile,DeBERTa + Sentiment Profile,42
17779,0,5.976217835268471e-06,0,0.99,model::deberta_sentiment_profile,DeBERTa + Sentiment Profile,42
19114,0,3.78919685317669e-06,0,0.99,model::deberta_sentiment_profile,DeBERTa + Sentiment Profile,42
1387,1,5.206646619626554e-06,0,0.99,model::deberta_sentiment_profile,DeBERTa + Sentiment Profile,42
10624,1,4.811360668099951e-06,0,0.99,model::deberta_sentiment_profile,DeBERTa + Sentiment Profile,42
20310,0,2.1199113689363003e-05,0,0.99,model::deberta_sentiment_profile,DeBERTa + Sentiment Profile,42
4592,0,2.5847308279480785e-05,0,0.99,model::deberta_sentiment_profile,DeBERTa + Sentiment Profile,42
10484,0,4.946962235408137e-06,0,0.99,model::deberta_sentiment_profile,DeBERTa + Sentiment Profile,42
819,0,3.820125584752532e-06,0,0.99,model::deberta_sentiment_profile,DeBERTa + Sentiment Profile,42
12702,1,4.901868578599533e-06,0,0.99,model::deberta_sentiment_profile,DeBERTa + Sentiment Profile,42
11791,1,9.892228263197468e-06,0,0.99,model::deberta_sentiment_profile,DeBERTa + Sentiment Profile,42
10008,0,4.792685103893746e-06,0,0.99,model::deberta_sentiment_profile,DeBERTa + Sentiment Profile,42
10395,0,4.591129254549742e-06,0,0.99,model::deberta_sentiment_profile,DeBERTa + Sentiment Profile,42
2941,1,6.276444310060469e-06,0,0.99,model::deberta_sentiment_profile,DeBERTa + Sentiment Profile,42
6203,0,4.248580808052793e-06,0,0.99,model::deberta_sentiment_profile,DeBERTa + Sentiment Profile,42
3563,1,5.3600710998580325e-06,0,0.99,model::deberta_sentiment_profile,DeBERTa + Sentiment Profile,42
14100,0,4.824970801564632e-06,0,0.99,model::deberta_sentiment_profile,DeBERTa + Sentiment Profile,42
4129,0,5.031794444221305e-06,0,0.99,model::deberta_sentiment_profile,DeBERTa + Sentiment Profile,42
7813,1,4.855213319387985e-06,0,0.99,model::deberta_sentiment_profile,DeBERTa + Sentiment Profile,42
16228,1,9.758351552591192e-06,0,0.99,model::deberta_sentiment_profile,DeBERTa + Sentiment Profile,42
21120,1,5.0215016926813405e-06,0,0.99,model::deberta_sentiment_profile,DeBERTa + Sentiment Profile,42
13948,0,4.294182872399688e-06,0,0.99,model::deberta_sentiment_profile,DeBERTa + Sentiment Profile,42
9284,1,5.554959443543339e-06,0,0.99,model::deberta_sentiment_profile,DeBERTa + Sentiment Profile,42
8347,0,5.950314061919926e-06,0,0.99,model::deberta_sentiment_profile,DeBERTa + Sentiment Profile,42
5542,0,4.385736247058958e-06,0,0.99,model::deberta_sentiment_profile,DeBERTa + Sentiment Profile,42
13005,1,5.67901133763371e-06,0,0.99,model::deberta_sentiment_profile,DeBERTa + Sentiment Profile,42
111,1,1.2651195902435576e-05,0,0.99,model::deberta_sentiment_profile,DeBERTa + Sentiment Profile,42
18715,0,6.116440545156365e-06,0,0.99,model::deberta_sentiment_profile,DeBERTa + Sentiment Profile,42
9630,1,5.793178843305213e-06,0,0.99,model::deberta_sentiment_profile,DeBERTa + Sentiment Profile,42
14498,1,5.192925527808256e-06,0,0.99,model::deberta_sentiment_profile,DeBERTa + Sentiment Profile,42
16013,1,8.585401701566298e-06,0,0.99,model::deberta_sentiment_profile,DeBERTa + Sentiment Profile,42
3862,1,4.735710263048532e-06,0,0.99,model::deberta_sentiment_profile,DeBERTa + Sentiment Profile,42
8953,1,5.373562544264132e-06,0,0.99,model::deberta_sentiment_profile,DeBERTa + Sentiment Profile,42
4930,1,8.58830117067555e-06,0,0.99,model::deberta_sentiment_profile,DeBERTa + Sentiment Profile,42
6229,0,4.812241513718618e-06,0,0.99,model::deberta_sentiment_profile,DeBERTa + Sentiment Profile,42
11757,1,4.647055448003812e-06,0,0.99,model::deberta_sentiment_profile,DeBERTa + Sentiment Profile,42
2247,0,5.494187007570872e-06,0,0.99,model::deberta_sentiment_profile,DeBERTa + Sentiment Profile,42
10885,1,6.408730769180693e-06,0,0.99,model::deberta_sentiment_profile,DeBERTa + Sentiment Profile,42
20406,0,4.952540621161461e-06,0,0.99,model::deberta_sentiment_profile,DeBERTa + Sentiment Profile,42
15691,0,5.336638423614204e-06,0,0.99,model::deberta_sentiment_profile,DeBERTa + Sentiment Profile,42
8914,0,4.652847110264702e-06,0,0.99,model::deberta_sentiment_profile,DeBERTa + Sentiment Profile,42
15641,1,5.1826996241288725e-06,0,0.99,model::deberta_sentiment_profile,DeBERTa + Sentiment Profile,42
18481,1,4.73383170174202e-06,0,0.99,model::deberta_sentiment_profile,DeBERTa + Sentiment Profile,42
10771,0,5.132749720360152e-06,0,0.99,model::deberta_sentiment_profile,DeBERTa + Sentiment Profile,42
632,0,4.932537194690667e-06,0,0.99,model::deberta_sentiment_profile,DeBERTa + Sentiment Profile,42
4261,1,4.531327704171417e-06,0,0.99,model::deberta_sentiment_profile,DeBERTa + Sentiment Profile,42
13653,0,4.470364274311578e-06,0,0.99,model::deberta_sentiment_profile,DeBERTa + Sentiment Profile,42
6990,0,6.541897164424881e-06,0,0.99,model::deberta_sentiment_profile,DeBERTa + Sentiment Profile,42
17412,1,1.1947754501306918e-05,0,0.99,model::deberta_sentiment_profile,DeBERTa + Sentiment Profile,42
8163,0,5.077161858935142e-06,0,0.99,model::deberta_sentiment_profile,DeBERTa + Sentiment Profile,42
12223,1,5.126179985381896e-06,0,0.99,model::deberta_sentiment_profile,DeBERTa + Sentiment Profile,42
7679,1,5.163478817848954e-06,0,0.99,model::deberta_sentiment_profile,DeBERTa + Sentiment Profile,42
1839,1,4.362908839539159e-06,0,0.99,model::deberta_sentiment_profile,DeBERTa + Sentiment Profile,42
1912,0,4.875629656453384e-06,0,0.99,model::deberta_sentiment_profile,DeBERTa + Sentiment Profile,42
8034,0,5.378884907258907e-06,0,0.99,model::deberta_sentiment_profile,DeBERTa + Sentiment Profile,42
6558,0,5.506240540853469e-06,0,0.99,model::deberta_sentiment_profile,DeBERTa + Sentiment Profile,42
5357,0,6.069802566344151e-06,0,0.99,model::deberta_sentiment_profile,DeBERTa + Sentiment Profile,42
18423,0,4.2212550397380255e-06,0,0.99,model::deberta_sentiment_profile,DeBERTa + Sentiment Profile,42
14058,0,7.641493539267685e-06,0,0.99,model::deberta_sentiment_profile,DeBERTa + Sentiment Profile,42
16942,0,5.527828307094751e-06,0,0.99,model::deberta_sentiment_profile,DeBERTa + Sentiment Profile,42
5449,0,1.393752154399408e-05,0,0.99,model::deberta_sentiment_profile,DeBERTa + Sentiment Profile,42
6530,0,5.045647412771359e-06,0,0.99,model::deberta_sentiment_profile,DeBERTa + Sentiment Profile,42
13569,1,5.666136075888062e-06,0,0.99,model::deberta_sentiment_profile,DeBERTa + Sentiment Profile,42
13881,1,4.810883638128871e-06,0,0.99,model::deberta_sentiment_profile,DeBERTa + Sentiment Profile,42
12804,0,4.172565695625963e-06,0,0.99,model::deberta_sentiment_profile,DeBERTa + Sentiment Profile,42
2770,0,4.792954769072821e-06,0,0.99,model::deberta_sentiment_profile,DeBERTa + Sentiment Profile,42
3909,1,4.826443273486802e-06,0,0.99,model::deberta_sentiment_profile,DeBERTa + Sentiment Profile,42
5847,0,6.732701422151877e-06,0,0.99,model::deberta_sentiment_profile,DeBERTa + Sentiment Profile,42
16422,1,6.052813205315033e-06,0,0.99,model::deberta_sentiment_profile,DeBERTa + Sentiment Profile,42
6021,1,4.323456778365653e-06,0,0.99,model::deberta_sentiment_profile,DeBERTa + Sentiment Profile,42
10868,1,6.737941930623492e-06,0,0.99,model::deberta_sentiment_profile,DeBERTa + Sentiment Profile,42
15790,0,5.391497779783094e-06,0,0.99,model::deberta_sentiment_profile,DeBERTa + Sentiment Profile,42
215,0,6.52666085443343e-06,0,0.99,model::deberta_sentiment_profile,DeBERTa + Sentiment Profile,42
21127,0,4.7929779611877166e-06,0,0.99,model::deberta_sentiment_profile,DeBERTa + Sentiment Profile,42
11090,1,4.646723027690314e-06,0,0.99,model::deberta_sentiment_profile,DeBERTa + Sentiment Profile,42
14313,1,6.493173714261502e-06,0,0.99,model::deberta_sentiment_profile,DeBERTa + Sentiment Profile,42
10978,0,5.783788765256759e-06,0,0.99,model::deberta_sentiment_profile,DeBERTa + Sentiment Profile,42
20359,1,5.861975751031423e-06,0,0.99,model::deberta_sentiment_profile,DeBERTa + Sentiment Profile,42
4636,1,4.452864686754765e-06,0,0.99,model::deberta_sentiment_profile,DeBERTa + Sentiment Profile,42
11619,1,8.04986666480545e-06,0,0.99,model::deberta_sentiment_profile,DeBERTa + Sentiment Profile,42
193,0,4.908492428512545e-06,0,0.99,model::deberta_sentiment_profile,DeBERTa + Sentiment Profile,42
12479,0,4.685584826802369e-06,0,0.99,model::deberta_sentiment_profile,DeBERTa + Sentiment Profile,42
5040,1,9.196382961818015e-06,0,0.99,model::deberta_sentiment_profile,DeBERTa + Sentiment Profile,42
9303,1,6.428484084608499e-06,0,0.99,model::deberta_sentiment_profile,DeBERTa + Sentiment Profile,42
11257,0,5.402035822044127e-05,0,0.99,model::deberta_sentiment_profile,DeBERTa + Sentiment Profile,42
6146,0,6.176534043333959e-06,0,0.99,model::deberta_sentiment_profile,DeBERTa + Sentiment Profile,42
18985,0,5.237403911451111e-06,0,0.99,model::deberta_sentiment_profile,DeBERTa + Sentiment Profile,42
20553,1,5.282061465550214e-06,0,0.99,model::deberta_sentiment_profile,DeBERTa + Sentiment Profile,42
461,1,1.602143674972467e-05,0,0.99,model::deberta_sentiment_profile,DeBERTa + Sentiment Profile,42
18330,1,5.745986527472269e-06,0,0.99,model::deberta_sentiment_profile,DeBERTa + Sentiment Profile,42
3672,1,5.183717803447507e-06,0,0.99,model::deberta_sentiment_profile,DeBERTa + Sentiment Profile,42
1926,0,4.838471340917749e-06,0,0.99,model::deberta_sentiment_profile,DeBERTa + Sentiment Profile,42
10818,0,0.0001741747546475,0,0.99,model::deberta_sentiment_profile,DeBERTa + Sentiment Profile,42
2357,1,8.798465387371834e-06,0,0.99,model::deberta_sentiment_profile,DeBERTa + Sentiment Profile,42
20238,1,6.607859631913016e-06,0,0.99,model::deberta_sentiment_profile,DeBERTa + Sentiment Profile,42
12538,0,4.333144715928938e-06,0,0.99,model::deberta_sentiment_profile,DeBERTa + Sentiment Profile,42
11460,1,4.901372903987067e-06,0,0.99,model::deberta_sentiment_profile,DeBERTa + Sentiment Profile,42
8845,0,4.7797857405385e-06,0,0.99,model::deberta_sentiment_profile,DeBERTa + Sentiment Profile,42
6862,0,3.738877921932726e-06,0,0.99,model::deberta_sentiment_profile,DeBERTa + Sentiment Profile,42
6486,0,4.249545327184023e-06,0,0.99,model::deberta_sentiment_profile,DeBERTa + Sentiment Profile,42
15654,1,4.458966941456311e-06,0,0.99,model::deberta_sentiment_profile,DeBERTa + Sentiment Profile,42
19794,0,4.3882128011318855e-06,0,0.99,model::deberta_sentiment_profile,DeBERTa + Sentiment Profile,42
19378,1,4.903266471956158e-06,0,0.99,model::deberta_sentiment_profile,DeBERTa + Sentiment Profile,42
8941,0,4.808232461073203e-06,0,0.99,model::deberta_sentiment_profile,DeBERTa + Sentiment Profile,42
17423,0,5.181108463148121e-06,0,0.99,model::deberta_sentiment_profile,DeBERTa + Sentiment Profile,42
13739,1,4.786189947481034e-06,0,0.99,model::deberta_sentiment_profile,DeBERTa + Sentiment Profile,42
11920,0,4.437192728801165e-06,0,0.99,model::deberta_sentiment_profile,DeBERTa + Sentiment Profile,42
5298,0,4.0271975194627885e-06,0,0.99,model::deberta_sentiment_profile,DeBERTa + Sentiment Profile,42
17987,1,2.023935485340189e-05,0,0.99,model::deberta_sentiment_profile,DeBERTa + Sentiment Profile,42
17579,0,7.170488515839679e-06,0,0.99,model::deberta_sentiment_profile,DeBERTa + Sentiment Profile,42
12541,0,4.085314139956608e-05,0,0.99,model::deberta_sentiment_profile,DeBERTa + Sentiment Profile,42
8477,0,4.9361042329110205e-06,0,0.99,model::deberta_sentiment_profile,DeBERTa + Sentiment Profile,42
4734,0,7.690078746236395e-06,0,0.99,model::deberta_sentiment_profile,DeBERTa + Sentiment Profile,42
7493,0,4.088292371307034e-06,0,0.99,model::deberta_sentiment_profile,DeBERTa + Sentiment Profile,42
15109,1,6.798007234465331e-06,0,0.99,model::deberta_sentiment_profile,DeBERTa + Sentiment Profile,42
2100,0,7.94289280747762e-06,0,0.99,model::deberta_sentiment_profile,DeBERTa + Sentiment Profile,42
1075,1,5.75927379031782e-06,0,0.99,model::deberta_sentiment_profile,DeBERTa + Sentiment Profile,42
1209,1,6.2938629525888246e-06,0,0.99,model::deberta_sentiment_profile,DeBERTa + Sentiment Profile,42
4692,1,4.435986284079263e-06,0,0.99,model::deberta_sentiment_profile,DeBERTa + Sentiment Profile,42
5307,1,6.943550943105947e-06,0,0.99,model::deberta_sentiment_profile,DeBERTa + Sentiment Profile,42
19342,0,4.23492838308448e-06,0,0.99,model::deberta_sentiment_profile,DeBERTa + Sentiment Profile,42
4314,0,8.269879617728293e-05,0,0.99,model::deberta_sentiment_profile,DeBERTa + Sentiment Profile,42
2980,1,6.355214736686321e-06,0,0.99,model::deberta_sentiment_profile,DeBERTa + Sentiment Profile,42
13846,0,1.1176928637723904e-05,0,0.99,model::deberta_sentiment_profile,DeBERTa + Sentiment Profile,42
18405,0,4.552643531496869e-06,0,0.99,model::deberta_sentiment_profile,DeBERTa + Sentiment Profile,42
9552,1,5.702368980564643e-06,0,0.99,model::deberta_sentiment_profile,DeBERTa + Sentiment Profile,42
18882,1,7.217594429675955e-06,0,0.99,model::deberta_sentiment_profile,DeBERTa + Sentiment Profile,42
15253,0,4.803649062523618e-06,0,0.99,model::deberta_sentiment_profile,DeBERTa + Sentiment Profile,42
4815,0,5.198231974645751e-06,0,0.99,model::deberta_sentiment_profile,DeBERTa + Sentiment Profile,42
8531,1,6.281755759118823e-06,0,0.99,model::deberta_sentiment_profile,DeBERTa + Sentiment Profile,42
14005,1,5.5125456128735095e-06,0,0.99,model::deberta_sentiment_profile,DeBERTa + Sentiment Profile,42
3579,1,5.063970547780627e-06,0,0.99,model::deberta_sentiment_profile,DeBERTa + Sentiment Profile,42
8311,1,7.534303222200833e-06,0,0.99,model::deberta_sentiment_profile,DeBERTa + Sentiment Profile,42
6421,0,4.500997874856694e-06,0,0.99,model::deberta_sentiment_profile,DeBERTa + Sentiment Profile,42
15194,1,1.389897533954354e-05,0,0.99,model::deberta_sentiment_profile,DeBERTa + Sentiment Profile,42
12840,1,5.424882601801073e-06,0,0.99,model::deberta_sentiment_profile,DeBERTa + Sentiment Profile,42
15793,0,5.297265943227103e-06,0,0.99,model::deberta_sentiment_profile,DeBERTa + Sentiment Profile,42
12661,0,4.449549123819452e-06,0,0.99,model::deberta_sentiment_profile,DeBERTa + Sentiment Profile,42
17329,0,4.583036570693366e-06,0,0.99,model::deberta_sentiment_profile,DeBERTa + Sentiment Profile,42
20832,1,2.2300730051938444e-05,0,0.99,model::deberta_sentiment_profile,DeBERTa + Sentiment Profile,42
6802,0,8.903416528482921e-06,0,0.99,model::deberta_sentiment_profile,DeBERTa + Sentiment Profile,42
16815,1,6.375721568474546e-06,0,0.99,model::deberta_sentiment_profile,DeBERTa + Sentiment Profile,42
4850,0,0.0010612802579998,0,0.99,model::deberta_sentiment_profile,DeBERTa + Sentiment Profile,42
15309,0,4.604116384143708e-06,0,0.99,model::deberta_sentiment_profile,DeBERTa + Sentiment Profile,42
8342,0,6.246361408557277e-06,0,0.99,model::deberta_sentiment_profile,DeBERTa + Sentiment Profile,42
8878,1,4.96643178848899e-06,0,0.99,model::deberta_sentiment_profile,DeBERTa + Sentiment Profile,42
19332,1,4.334202913014451e-06,0,0.99,model::deberta_sentiment_profile,DeBERTa + Sentiment Profile,42
6987,1,1.979323496925645e-05,0,0.99,model::deberta_sentiment_profile,DeBERTa + Sentiment Profile,42
17374,1,6.0634733927145135e-06,0,0.99,model::deberta_sentiment_profile,DeBERTa + Sentiment Profile,42
3848,1,4.63206515632919e-06,0,0.99,model::deberta_sentiment_profile,DeBERTa + Sentiment Profile,42
12077,1,4.89752710564062e-06,0,0.99,model::deberta_sentiment_profile,DeBERTa + Sentiment Profile,42
6620,1,5.946785677224398e-06,0,0.99,model::deberta_sentiment_profile,DeBERTa + Sentiment Profile,42
14377,0,9.379650691698773e-06,0,0.99,model::deberta_sentiment_profile,DeBERTa + Sentiment Profile,42
2816,1,6.256687811401207e-06,0,0.99,model::deberta_sentiment_profile,DeBERTa + Sentiment Profile,42
6392,1,4.893610366707435e-06,0,0.99,model::deberta_sentiment_profile,DeBERTa + Sentiment Profile,42
16552,1,4.987035026715603e-06,0,0.99,model::deberta_sentiment_profile,DeBERTa + Sentiment Profile,42
13603,0,4.808100129594095e-05,0,0.99,model::deberta_sentiment_profile,DeBERTa + Sentiment Profile,42
14546,0,8.769949090492446e-06,0,0.99,model::deberta_sentiment_profile,DeBERTa + Sentiment Profile,42
4627,1,5.80665846428019e-06,0,0.99,model::deberta_sentiment_profile,DeBERTa + Sentiment Profile,42
12923,1,4.6825916797388345e-06,0,0.99,model::deberta_sentiment_profile,DeBERTa + Sentiment Profile,42
18722,1,5.532342584047001e-06,0,0.99,model::deberta_sentiment_profile,DeBERTa + Sentiment Profile,42
7617,1,7.624139470863156e-06,0,0.99,model::deberta_sentiment_profile,DeBERTa + Sentiment Profile,42
4668,0,4.348710717749782e-06,0,0.99,model::deberta_sentiment_profile,DeBERTa + Sentiment Profile,42
6499,0,4.642537533072755e-06,0,0.99,model::deberta_sentiment_profile,DeBERTa + Sentiment Profile,42
8288,0,3.9086880860850215e-06,0,0.99,model::deberta_sentiment_profile,DeBERTa + Sentiment Profile,42
2725,0,6.60275782138342e-06,0,0.99,model::deberta_sentiment_profile,DeBERTa + Sentiment Profile,42
18557,0,8.314263141073752e-06,0,0.99,model::deberta_sentiment_profile,DeBERTa + Sentiment Profile,42
2093,0,4.652438747143606e-06,0,0.99,model::deberta_sentiment_profile,DeBERTa + Sentiment Profile,42
8843,0,5.5517339205835015e-06,0,0.99,model::deberta_sentiment_profile,DeBERTa + Sentiment Profile,42
16318,0,5.792786396341398e-06,0,0.99,model::deberta_sentiment_profile,DeBERTa + Sentiment Profile,42
4469,1,5.271508598525543e-06,0,0.99,model::deberta_sentiment_profile,DeBERTa + Sentiment Profile,42
20318,0,9.64977061812533e-06,0,0.99,model::deberta_sentiment_profile,DeBERTa + Sentiment Profile,42
18224,1,5.456684448290616e-06,0,0.99,model::deberta_sentiment_profile,DeBERTa + Sentiment Profile,42
20399,1,5.1968145271530375e-06,0,0.99,model::deberta_sentiment_profile,DeBERTa + Sentiment Profile,42
6939,0,7.182623903645435e-06,0,0.99,model::deberta_sentiment_profile,DeBERTa + Sentiment Profile,42
9990,0,5.054899702372495e-06,0,0.99,model::deberta_sentiment_profile,DeBERTa + Sentiment Profile,42
10238,1,5.143770522408886e-06,0,0.99,model::deberta_sentiment_profile,DeBERTa + Sentiment Profile,42
20987,0,4.998443728254642e-06,0,0.99,model::deberta_sentiment_profile,DeBERTa + Sentiment Profile,42
15757,1,5.146674993738998e-06,0,0.99,model::deberta_sentiment_profile,DeBERTa + Sentiment Profile,42
18082,0,5.607584625977324e-06,0,0.99,model::deberta_sentiment_profile,DeBERTa + Sentiment Profile,42
1506,1,5.123218215885572e-06,0,0.99,model::deberta_sentiment_profile,DeBERTa + Sentiment Profile,42
19964,0,5.24010692970478e-06,0,0.99,model::deberta_sentiment_profile,DeBERTa + Sentiment Profile,42
12627,1,4.8515198614040855e-06,0,0.99,model::deberta_sentiment_profile,DeBERTa + Sentiment Profile,42
12100,0,8.167287887772545e-06,0,0.99,model::deberta_sentiment_profile,DeBERTa + Sentiment Profile,42
8388,1,1.7851572920335457e-05,0,0.99,model::deberta_sentiment_profile,DeBERTa + Sentiment Profile,42
21083,0,4.582485871651443e-06,0,0.99,model::deberta_sentiment_profile,DeBERTa + Sentiment Profile,42
18678,1,4.743724275613204e-06,0,0.99,model::deberta_sentiment_profile,DeBERTa + Sentiment Profile,42
832,0,6.060281975805992e-06,0,0.99,model::deberta_sentiment_profile,DeBERTa + Sentiment Profile,42
6428,1,5.581739515037043e-06,0,0.99,model::deberta_sentiment_profile,DeBERTa + Sentiment Profile,42
14122,1,4.666560926125385e-06,0,0.99,model::deberta_sentiment_profile,DeBERTa + Sentiment Profile,42
10830,0,4.104543677385664e-06,0,0.99,model::deberta_sentiment_profile,DeBERTa + Sentiment Profile,42
6650,1,5.245721240498824e-06,0,0.99,model::deberta_sentiment_profile,DeBERTa + Sentiment Profile,42
2349,1,5.559246801567497e-06,0,0.99,model::deberta_sentiment_profile,DeBERTa + Sentiment Profile,42
17693,0,4.7460639507335145e-06,0,0.99,model::deberta_sentiment_profile,DeBERTa + Sentiment Profile,42
1505,1,1.4423532775253989e-05,0,0.99,model::deberta_sentiment_profile,DeBERTa + Sentiment Profile,42
20743,0,8.57056238601217e-06,0,0.99,model::deberta_sentiment_profile,DeBERTa + Sentiment Profile,42
208,1,4.0400186662736814e-06,0,0.99,model::deberta_sentiment_profile,DeBERTa + Sentiment Profile,42
5140,1,5.840876383444993e-06,0,0.99,model::deberta_sentiment_profile,DeBERTa + Sentiment Profile,42
3077,1,4.696559699368663e-05,0,0.99,model::deberta_sentiment_profile,DeBERTa + Sentiment Profile,42
10906,1,1.3555986697610932e-05,0,0.99,model::deberta_sentiment_profile,DeBERTa + Sentiment Profile,42
16467,1,5.746062925027218e-06,0,0.99,model::deberta_sentiment_profile,DeBERTa + Sentiment Profile,42
18995,1,4.697566510003526e-06,0,0.99,model::deberta_sentiment_profile,DeBERTa + Sentiment Profile,42
13964,0,5.101448550703935e-06,0,0.99,model::deberta_sentiment_profile,DeBERTa + Sentiment Profile,42
19122,1,1.101967518479796e-05,0,0.99,model::deberta_sentiment_profile,DeBERTa + Sentiment Profile,42
12284,1,5.126502401253674e-06,0,0.99,model::deberta_sentiment_profile,DeBERTa + Sentiment Profile,42
15030,0,4.585222086461727e-06,0,0.99,model::deberta_sentiment_profile,DeBERTa + Sentiment Profile,42
8464,0,4.130428351345472e-06,0,0.99,model::deberta_sentiment_profile,DeBERTa + Sentiment Profile,42
8716,1,4.853990958508803e-06,0,0.99,model::deberta_sentiment_profile,DeBERTa + Sentiment Profile,42
1028,0,4.562149115372449e-06,0,0.99,model::deberta_sentiment_profile,DeBERTa + Sentiment Profile,42
5908,1,5.375582077249419e-06,0,0.99,model::deberta_sentiment_profile,DeBERTa + Sentiment Profile,42
12457,1,5.155385224497877e-06,0,0.99,model::deberta_sentiment_profile,DeBERTa + Sentiment Profile,42
17102,1,6.686987489956664e-06,0,0.99,model::deberta_sentiment_profile,DeBERTa + Sentiment Profile,42
10844,0,6.2735243773204274e-06,0,0.99,model::deberta_sentiment_profile,DeBERTa + Sentiment Profile,42
20782,1,6.020591627020622e-06,0,0.99,model::deberta_sentiment_profile,DeBERTa + Sentiment Profile,42
16211,0,5.039175448473543e-06,0,0.99,model::deberta_sentiment_profile,DeBERTa + Sentiment Profile,42
18610,1,4.168401574133895e-06,0,0.99,model::deberta_sentiment_profile,DeBERTa + Sentiment Profile,42
6018,1,5.077060450275894e-06,0,0.99,model::deberta_sentiment_profile,DeBERTa + Sentiment Profile,42
15466,1,5.28388045495376e-06,0,0.99,model::deberta_sentiment_profile,DeBERTa + Sentiment Profile,42
716,0,4.427052772371098e-06,0,0.99,model::deberta_sentiment_profile,DeBERTa + Sentiment Profile,42
9034,0,5.898268682358321e-06,0,0.99,model::deberta_sentiment_profile,DeBERTa + Sentiment Profile,42
13710,0,5.363885520637268e-06,0,0.99,model::deberta_sentiment_profile,DeBERTa + Sentiment Profile,42
2365,1,5.290233275445644e-06,0,0.99,model::deberta_sentiment_profile,DeBERTa + Sentiment Profile,42
19049,0,4.66583514935337e-06,0,0.99,model::deberta_sentiment_profile,DeBERTa + Sentiment Profile,42
6730,1,5.077854439150542e-06,0,0.99,model::deberta_sentiment_profile,DeBERTa + Sentiment Profile,42
3653,0,5.391811100707855e-06,0,0.99,model::deberta_sentiment_profile,DeBERTa + Sentiment Profile,42
18153,1,5.419520675786771e-06,0,0.99,model::deberta_sentiment_profile,DeBERTa + Sentiment Profile,42
2392,1,4.759403054777067e-06,0,0.99,model::deberta_sentiment_profile,DeBERTa + Sentiment Profile,42
12733,0,7.540774095105007e-05,0,0.99,model::deberta_sentiment_profile,DeBERTa + Sentiment Profile,42
9310,0,3.822734470304567e-06,0,0.99,model::deberta_sentiment_profile,DeBERTa + Sentiment Profile,42
7591,1,4.727398390969029e-06,0,0.99,model::deberta_sentiment_profile,DeBERTa + Sentiment Profile,42
20265,0,1.346629414911149e-05,0,0.99,model::deberta_sentiment_profile,DeBERTa + Sentiment Profile,42
12991,1,6.064970875740983e-06,0,0.99,model::deberta_sentiment_profile,DeBERTa + Sentiment Profile,42
4602,1,0.0002813306928146,0,0.99,model::deberta_sentiment_profile,DeBERTa + Sentiment Profile,42
5286,1,4.386673026601784e-06,0,0.99,model::deberta_sentiment_profile,DeBERTa + Sentiment Profile,42
1544,0,6.951256636966718e-06,0,0.99,model::deberta_sentiment_profile,DeBERTa + Sentiment Profile,42
12179,0,4.132713911531027e-06,0,0.99,model::deberta_sentiment_profile,DeBERTa + Sentiment Profile,42
18950,0,4.902055479760747e-06,0,0.99,model::deberta_sentiment_profile,DeBERTa + Sentiment Profile,42
299,1,6.83746065988089e-06,0,0.99,model::deberta_sentiment_profile,DeBERTa + Sentiment Profile,42
9220,1,5.956076165603008e-06,0,0.99,model::deberta_sentiment_profile,DeBERTa + Sentiment Profile,42
5996,0,4.163228823017562e-06,0,0.99,model::deberta_sentiment_profile,DeBERTa + Sentiment Profile,42
18391,1,5.231114300841e-06,0,0.99,model::deberta_sentiment_profile,DeBERTa + Sentiment Profile,42
1344,0,4.2351257434347644e-06,0,0.99,model::deberta_sentiment_profile,DeBERTa + Sentiment Profile,42
18727,1,8.519484254065901e-06,0,0.99,model::deberta_sentiment_profile,DeBERTa + Sentiment Profile,42
2307,1,4.885999715042999e-06,0,0.99,model::deberta_sentiment_profile,DeBERTa + Sentiment Profile,42
6844,1,4.39282666775398e-06,0,0.99,model::deberta_sentiment_profile,DeBERTa + Sentiment Profile,42
18049,1,5.492855962074827e-06,0,0.99,model::deberta_sentiment_profile,DeBERTa + Sentiment Profile,42
16513,0,1.2099868399673142e-05,0,0.99,model::deberta_sentiment_profile,DeBERTa + Sentiment Profile,42
1636,1,5.6433786994603e-06,0,0.99,model::deberta_sentiment_profile,DeBERTa + Sentiment Profile,42
5741,1,1.3005478649574798e-05,0,0.99,model::deberta_sentiment_profile,DeBERTa + Sentiment Profile,42
7792,0,1.6476713426527567e-05,0,0.99,model::deberta_sentiment_profile,DeBERTa + Sentiment Profile,42
17869,1,5.81611311645247e-06,0,0.99,model::deberta_sentiment_profile,DeBERTa + Sentiment Profile,42
5132,1,7.78734920459101e-06,0,0.99,model::deberta_sentiment_profile,DeBERTa + Sentiment Profile,42
4576,1,4.443913439899916e-06,0,0.99,model::deberta_sentiment_profile,DeBERTa + Sentiment Profile,42
5222,0,4.22087259721593e-06,0,0.99,model::deberta_sentiment_profile,DeBERTa + Sentiment Profile,42
7317,1,3.702077265188564e-06,0,0.99,model::deberta_sentiment_profile,DeBERTa + Sentiment Profile,42
20554,0,4.416805040818872e-06,0,0.99,model::deberta_sentiment_profile,DeBERTa + Sentiment Profile,42
3513,0,3.721756002050825e-06,0,0.99,model::deberta_sentiment_profile,DeBERTa + Sentiment Profile,42
905,1,5.025526206736686e-06,0,0.99,model::deberta_sentiment_profile,DeBERTa + Sentiment Profile,42
20667,0,9.724006304168142e-06,0,0.99,model::deberta_sentiment_profile,DeBERTa + Sentiment Profile,42
9661,0,0.0002339419006602,0,0.99,model::deberta_sentiment_profile,DeBERTa + Sentiment Profile,42
10254,1,8.437423275609035e-06,0,0.99,model::deberta_sentiment_profile,DeBERTa + Sentiment Profile,42
8912,0,5.085327302367659e-06,0,0.99,model::deberta_sentiment_profile,DeBERTa + Sentiment Profile,42
4089,0,4.789125796378357e-06,0,0.99,model::deberta_sentiment_profile,DeBERTa + Sentiment Profile,42
17783,1,5.727521966036875e-06,0,0.99,model::deberta_sentiment_profile,DeBERTa + Sentiment Profile,42
16845,1,7.5329526225687005e-06,0,0.99,model::deberta_sentiment_profile,DeBERTa + Sentiment Profile,42
17988,1,4.864144102612045e-06,0,0.99,model::deberta_sentiment_profile,DeBERTa + Sentiment Profile,42
20016,0,4.617787453753408e-06,0,0.99,model::deberta_sentiment_profile,DeBERTa + Sentiment Profile,42
20641,1,5.7877391554939095e-06,0,0.99,model::deberta_sentiment_profile,DeBERTa + Sentiment Profile,42
16492,1,5.559957116929581e-06,0,0.99,model::deberta_sentiment_profile,DeBERTa + Sentiment Profile,42
5336,0,4.8670485739421565e-06,0,0.99,model::deberta_sentiment_profile,DeBERTa + Sentiment Profile,42
17733,1,6.060964096832322e-06,0,0.99,model::deberta_sentiment_profile,DeBERTa + Sentiment Profile,42
14810,1,5.050163053965662e-06,0,0.99,model::deberta_sentiment_profile,DeBERTa + Sentiment Profile,42
9299,1,5.065250661573373e-06,0,0.99,model::deberta_sentiment_profile,DeBERTa + Sentiment Profile,42
16433,0,8.07277683634311e-06,0,0.99,model::deberta_sentiment_profile,DeBERTa + Sentiment Profile,42
1734,1,7.911119610071182e-06,0,0.99,model::deberta_sentiment_profile,DeBERTa + Sentiment Profile,42
6052,0,6.260632289922796e-06,0,0.99,model::deberta_sentiment_profile,DeBERTa + Sentiment Profile,42
5806,1,5.70603560845484e-06,0,0.99,model::deberta_sentiment_profile,DeBERTa + Sentiment Profile,42
15588,0,3.988935986853903e-06,0,0.99,model::deberta_sentiment_profile,DeBERTa + Sentiment Profile,42
15626,1,8.71898009791039e-06,0,0.99,model::deberta_sentiment_profile,DeBERTa + Sentiment Profile,42
9918,1,4.563576112559531e-06,0,0.99,model::deberta_sentiment_profile,DeBERTa + Sentiment Profile,42
14579,0,7.713685590715613e-06,0,0.99,model::deberta_sentiment_profile,DeBERTa + Sentiment Profile,42
16056,1,1.5476771295652725e-05,0,0.99,model::deberta_sentiment_profile,DeBERTa + Sentiment Profile,42
13238,0,7.17924058335484e-06,0,0.99,model::deberta_sentiment_profile,DeBERTa + Sentiment Profile,42
11787,1,1.1285159416729584e-05,0,0.99,model::deberta_sentiment_profile,DeBERTa + Sentiment Profile,42
10176,1,6.101572125771781e-06,0,0.99,model::deberta_sentiment_profile,DeBERTa + Sentiment Profile,42
1360,0,7.297896900126943e-06,0,0.99,model::deberta_sentiment_profile,DeBERTa + Sentiment Profile,42
3883,0,4.78666470371536e-06,0,0.99,model::deberta_sentiment_profile,DeBERTa + Sentiment Profile,42
5387,0,4.3941886360698845e-06,0,0.99,model::deberta_sentiment_profile,DeBERTa + Sentiment Profile,42
20307,1,5.168247753317701e-06,0,0.99,model::deberta_sentiment_profile,DeBERTa + Sentiment Profile,42
1963,0,4.73213913210202e-06,0,0.99,model::deberta_sentiment_profile,DeBERTa + Sentiment Profile,42
16002,0,4.550486210064264e-06,0,0.99,model::deberta_sentiment_profile,DeBERTa + Sentiment Profile,42
19416,0,4.546668606053572e-06,0,0.99,model::deberta_sentiment_profile,DeBERTa + Sentiment Profile,42
5518,0,5.171403245185502e-06,0,0.99,model::deberta_sentiment_profile,DeBERTa + Sentiment Profile,42
17651,0,7.2675038609304465e-06,0,0.99,model::deberta_sentiment_profile,DeBERTa + Sentiment Profile,42
8179,0,9.13765234145103e-06,0,0.99,model::deberta_sentiment_profile,DeBERTa + Sentiment Profile,42
10276,0,1.276448256248841e-05,0,0.99,model::deberta_sentiment_profile,DeBERTa + Sentiment Profile,42
13812,0,5.483728273247834e-06,0,0.99,model::deberta_sentiment_profile,DeBERTa + Sentiment Profile,42
12745,0,4.539931069302838e-06,0,0.99,model::deberta_sentiment_profile,DeBERTa + Sentiment Profile,42
11182,0,1.1324056686135007e-05,0,0.99,model::deberta_sentiment_profile,DeBERTa + Sentiment Profile,42
13950,0,4.778145466843853e-06,0,0.99,model::deberta_sentiment_profile,DeBERTa + Sentiment Profile,42
16749,1,4.881859695160529e-06,0,0.99,model::deberta_sentiment_profile,DeBERTa + Sentiment Profile,42
6368,0,4.438406904228032e-06,0,0.99,model::deberta_sentiment_profile,DeBERTa + Sentiment Profile,42
9739,1,4.364111646282254e-06,0,0.99,model::deberta_sentiment_profile,DeBERTa + Sentiment Profile,42
7749,0,5.608354967989726e-06,0,0.99,model::deberta_sentiment_profile,DeBERTa + Sentiment Profile,42
20739,0,3.5303680760989664e-06,0,0.99,model::deberta_sentiment_profile,DeBERTa + Sentiment Profile,42
19228,1,7.209504929051036e-06,0,0.99,model::deberta_sentiment_profile,DeBERTa + Sentiment Profile,42
2161,0,4.626648205885431e-06,0,0.99,model::deberta_sentiment_profile,DeBERTa + Sentiment Profile,42
6302,0,5.535936907108408e-06,0,0.99,model::deberta_sentiment_profile,DeBERTa + Sentiment Profile,42
6784,1,5.697411779692629e-06,0,0.99,model::deberta_sentiment_profile,DeBERTa + Sentiment Profile,42
20887,1,5.068574864708353e-06,0,0.99,model::deberta_sentiment_profile,DeBERTa + Sentiment Profile,42
5202,0,9.10324088181369e-05,0,0.99,model::deberta_sentiment_profile,DeBERTa + Sentiment Profile,42
6877,1,5.6032117754512e-06,0,0.99,model::deberta_sentiment_profile,DeBERTa + Sentiment Profile,42
11013,0,5.610061180050252e-06,0,0.99,model::deberta_sentiment_profile,DeBERTa + Sentiment Profile,42
17333,1,4.287942829250824e-06,0,0.99,model::deberta_sentiment_profile,DeBERTa + Sentiment Profile,42
16463,0,0.0002313846489414,0,0.99,model::deberta_sentiment_profile,DeBERTa + Sentiment Profile,42
12128,1,8.13398219179362e-06,0,0.99,model::deberta_sentiment_profile,DeBERTa + Sentiment Profile,42
20941,0,1.158918075816473e-05,0,0.99,model::deberta_sentiment_profile,DeBERTa + Sentiment Profile,42
5545,1,5.250971753412159e-06,0,0.99,model::deberta_sentiment_profile,DeBERTa + Sentiment Profile,42
16670,1,5.924685410718666e-06,0,0.99,model::deberta_sentiment_profile,DeBERTa + Sentiment Profile,42
17613,1,8.024620001378935e-06,0,0.99,model::deberta_sentiment_profile,DeBERTa + Sentiment Profile,42
3261,1,6.625502464885358e-06,0,0.99,model::deberta_sentiment_profile,DeBERTa + Sentiment Profile,42
9418,0,7.100121365510859e-06,0,0.99,model::deberta_sentiment_profile,DeBERTa + Sentiment Profile,42
7179,1,6.312202458502725e-06,0,0.99,model::deberta_sentiment_profile,DeBERTa + Sentiment Profile,42
8831,0,4.714180704468163e-06,0,0.99,model::deberta_sentiment_profile,DeBERTa + Sentiment Profile,42
16949,1,1.12947091110982e-05,0,0.99,model::deberta_sentiment_profile,DeBERTa + Sentiment Profile,42
1284,0,4.923598226014292e-06,0,0.99,model::deberta_sentiment_profile,DeBERTa + Sentiment Profile,42
12243,1,8.840013833832927e-06,0,0.99,model::deberta_sentiment_profile,DeBERTa + Sentiment Profile,42
11706,1,5.479206265590619e-06,0,0.99,model::deberta_sentiment_profile,DeBERTa + Sentiment Profile,42
20237,0,6.426375875889789e-06,0,0.99,model::deberta_sentiment_profile,DeBERTa + Sentiment Profile,42
835,0,4.9932123147300445e-06,0,0.99,model::deberta_sentiment_profile,DeBERTa + Sentiment Profile,42
16194,1,5.550669811782427e-06,0,0.99,model::deberta_sentiment_profile,DeBERTa + Sentiment Profile,42
2330,1,5.164858066564193e-06,0,0.99,model::deberta_sentiment_profile,DeBERTa + Sentiment Profile,42
13622,1,8.414137482759543e-06,0,0.99,model::deberta_sentiment_profile,DeBERTa + Sentiment Profile,42
18058,1,4.767257451021578e-06,0,0.99,model::deberta_sentiment_profile,DeBERTa + Sentiment Profile,42
5015,0,6.51826303510461e-06,0,0.99,model::deberta_sentiment_profile,DeBERTa + Sentiment Profile,42
10920,0,1.81409213837469e-05,0,0.99,model::deberta_sentiment_profile,DeBERTa + Sentiment Profile,42
13464,0,3.952768111048499e-06,0,0.99,model::deberta_sentiment_profile,DeBERTa + Sentiment Profile,42
20656,1,0.0001281948352698,0,0.99,model::deberta_sentiment_profile,DeBERTa + Sentiment Profile,42
12789,0,5.2201107791916e-06,0,0.99,model::deberta_sentiment_profile,DeBERTa + Sentiment Profile,42
19212,1,5.555081315833377e-06,0,0.99,model::deberta_sentiment_profile,DeBERTa + Sentiment Profile,42
19282,1,8.361773325304966e-06,0,0.99,model::deberta_sentiment_profile,DeBERTa + Sentiment Profile,42
288,0,4.790756520378636e-06,0,0.99,model::deberta_sentiment_profile,DeBERTa + Sentiment Profile,42
15250,0,4.735538368549896e-06,0,0.99,model::deberta_sentiment_profile,DeBERTa + Sentiment Profile,42
10506,0,4.976203399564838e-06,0,0.99,model::deberta_sentiment_profile,DeBERTa + Sentiment Profile,42
3269,1,5.268623681331519e-06,0,0.99,model::deberta_sentiment_profile,DeBERTa + Sentiment Profile,42
2241,1,1.148967658082256e-05,0,0.99,model::deberta_sentiment_profile,DeBERTa + Sentiment Profile,42
12807,1,4.462740434973966e-06,0,0.99,model::deberta_sentiment_profile,DeBERTa + Sentiment Profile,42
21086,0,8.264688403869513e-06,0,0.99,model::deberta_sentiment_profile,DeBERTa + Sentiment Profile,42
20188,0,1.1377075679774862e-05,0,0.99,model::deberta_sentiment_profile,DeBERTa + Sentiment Profile,42
11548,0,3.6892515709041618e-06,0,0.99,model::deberta_sentiment_profile,DeBERTa + Sentiment Profile,42
12955,1,5.051483185525285e-06,0,0.99,model::deberta_sentiment_profile,DeBERTa + Sentiment Profile,42
10288,1,4.4705261643684935e-06,0,0.99,model::deberta_sentiment_profile,DeBERTa + Sentiment Profile,42
6633,1,4.598670784616843e-06,0,0.99,model::deberta_sentiment_profile,DeBERTa + Sentiment Profile,42
13995,0,4.739939413411776e-06,0,0.99,model::deberta_sentiment_profile,DeBERTa + Sentiment Profile,42
14659,1,5.259547378955176e-06,0,0.99,model::deberta_sentiment_profile,DeBERTa + Sentiment Profile,42
3708,1,6.022336947353324e-06,0,0.99,model::deberta_sentiment_profile,DeBERTa + Sentiment Profile,42
14245,0,5.689353656634921e-06,0,0.99,model::deberta_sentiment_profile,DeBERTa + Sentiment Profile,42
10751,0,4.184105364402058e-06,0,0.99,model::deberta_sentiment_profile,DeBERTa + Sentiment Profile,42
20867,1,5.611907454294851e-06,0,0.99,model::deberta_sentiment_profile,DeBERTa + Sentiment Profile,42
16297,1,7.818213816790376e-06,0,0.99,model::deberta_sentiment_profile,DeBERTa + Sentiment Profile,42
19176,0,7.475092843378661e-06,0,0.99,model::deberta_sentiment_profile,DeBERTa + Sentiment Profile,42
10463,1,5.156993211130612e-06,0,0.99,model::deberta_sentiment_profile,DeBERTa + Sentiment Profile,42
5943,0,4.871372311754385e-06,0,0.99,model::deberta_sentiment_profile,DeBERTa + Sentiment Profile,42
6274,0,1.9463659555185583e-05,0,0.99,model::deberta_sentiment_profile,DeBERTa + Sentiment Profile,42
7012,1,4.398427336127497e-06,0,0.99,model::deberta_sentiment_profile,DeBERTa + Sentiment Profile,42
2528,0,4.144262220506789e-06,0,0.99,model::deberta_sentiment_profile,DeBERTa + Sentiment Profile,42
5244,1,5.975853582640411e-06,0,0.99,model::deberta_sentiment_profile,DeBERTa + Sentiment Profile,42
3228,1,5.946478722762549e-06,0,0.99,model::deberta_sentiment_profile,DeBERTa + Sentiment Profile,42
13679,1,4.28052317147376e-06,0,0.99,model::deberta_sentiment_profile,DeBERTa + Sentiment Profile,42
2353,0,5.094841526442906e-06,0,0.99,model::deberta_sentiment_profile,DeBERTa + Sentiment Profile,42
17868,0,5.218378191784723e-06,0,0.99,model::deberta_sentiment_profile,DeBERTa + Sentiment Profile,42
10911,0,6.18113608652493e-06,0,0.99,model::deberta_sentiment_profile,DeBERTa + Sentiment Profile,42
17795,0,8.039026397455018e-06,0,0.99,model::deberta_sentiment_profile,DeBERTa + Sentiment Profile,42
4064,0,6.448366548283957e-06,0,0.99,model::deberta_sentiment_profile,DeBERTa + Sentiment Profile,42
11220,1,5.462088665808551e-06,0,0.99,model::deberta_sentiment_profile,DeBERTa + Sentiment Profile,42
6330,0,4.415242528921226e-06,0,0.99,model::deberta_sentiment_profile,DeBERTa + Sentiment Profile,42
3160,1,6.741914603480836e-06,0,0.99,model::deberta_sentiment_profile,DeBERTa + Sentiment Profile,42
9211,0,5.141381734574679e-06,0,0.99,model::deberta_sentiment_profile,DeBERTa + Sentiment Profile,42
13829,1,6.157442840049043e-06,0,0.99,model::deberta_sentiment_profile,DeBERTa + Sentiment Profile,42
20040,0,4.743213139590807e-06,0,0.99,model::deberta_sentiment_profile,DeBERTa + Sentiment Profile,42
8151,0,1.8991175238625143e-05,0,0.99,model::deberta_sentiment_profile,DeBERTa + Sentiment Profile,42
19258,1,5.1926526793977246e-06,0,0.99,model::deberta_sentiment_profile,DeBERTa + Sentiment Profile,42
18899,0,4.235259439155925e-06,0,0.99,model::deberta_sentiment_profile,DeBERTa + Sentiment Profile,42
21008,0,4.780980361829279e-06,0,0.99,model::deberta_sentiment_profile,DeBERTa + Sentiment Profile,42
17324,1,4.217508831061423e-06,0,0.99,model::deberta_sentiment_profile,DeBERTa + Sentiment Profile,42
944,1,5.804321517643984e-06,0,0.99,model::deberta_sentiment_profile,DeBERTa + Sentiment Profile,42
8278,0,5.807931756862672e-06,0,0.99,model::deberta_sentiment_profile,DeBERTa + Sentiment Profile,42
17555,1,5.438324478745926e-06,0,0.99,model::deberta_sentiment_profile,DeBERTa + Sentiment Profile,42
3857,1,4.3250447561149485e-06,0,0.99,model::deberta_sentiment_profile,DeBERTa + Sentiment Profile,42
12737,1,7.01735643815482e-06,0,0.99,model::deberta_sentiment_profile,DeBERTa + Sentiment Profile,42
15545,0,4.374349828140112e-06,0,0.99,model::deberta_sentiment_profile,DeBERTa + Sentiment Profile,42
8693,1,4.543929208011832e-06,0,0.99,model::deberta_sentiment_profile,DeBERTa + Sentiment Profile,42
2521,1,7.312498837563908e-06,0,0.99,model::deberta_sentiment_profile,DeBERTa + Sentiment Profile,42
5398,1,5.216696536081145e-06,0,0.99,model::deberta_sentiment_profile,DeBERTa + Sentiment Profile,42
14372,1,4.465801339392783e-06,0,0.99,model::deberta_sentiment_profile,DeBERTa + Sentiment Profile,42
14629,0,6.088296686357353e-06,0,0.99,model::deberta_sentiment_profile,DeBERTa + Sentiment Profile,42
5149,0,1.4335823834699111e-05,0,0.99,model::deberta_sentiment_profile,DeBERTa + Sentiment Profile,42
1411,1,5.122148195368936e-06,0,0.99,model::deberta_sentiment_profile,DeBERTa + Sentiment Profile,42
20931,1,5.173297267901944e-06,0,0.99,model::deberta_sentiment_profile,DeBERTa + Sentiment Profile,42
7180,0,5.732417776016519e-06,0,0.99,model::deberta_sentiment_profile,DeBERTa + Sentiment Profile,42
2091,0,2.246310032205656e-05,0,0.99,model::deberta_sentiment_profile,DeBERTa + Sentiment Profile,42
2141,1,6.220051091077039e-06,0,0.99,model::deberta_sentiment_profile,DeBERTa + Sentiment Profile,42
6695,0,1.0764181752165314e-05,0,0.99,model::deberta_sentiment_profile,DeBERTa + Sentiment Profile,42
7950,0,4.197778253001161e-06,0,0.99,model::deberta_sentiment_profile,DeBERTa + Sentiment Profile,42
17601,1,4.304142294131452e-06,0,0.99,model::deberta_sentiment_profile,DeBERTa + Sentiment Profile,42
14362,0,5.192920070840046e-06,0,0.99,model::deberta_sentiment_profile,DeBERTa + Sentiment Profile,42
9196,1,4.878197159996489e-06,0,0.99,model::deberta_sentiment_profile,DeBERTa + Sentiment Profile,42
18311,1,5.239946858637268e-06,0,0.99,model::deberta_sentiment_profile,DeBERTa + Sentiment Profile,42
18325,0,6.437920546886744e-06,0,0.99,model::deberta_sentiment_profile,DeBERTa + Sentiment Profile,42
2602,0,8.422406608588062e-06,0,0.99,model::deberta_sentiment_profile,DeBERTa + Sentiment Profile,42
17256,0,4.832448667002609e-06,0,0.99,model::deberta_sentiment_profile,DeBERTa + Sentiment Profile,42
2691,1,4.953546522301622e-06,0,0.99,model::deberta_sentiment_profile,DeBERTa + Sentiment Profile,42
19058,0,4.722590347228106e-06,0,0.99,model::deberta_sentiment_profile,DeBERTa + Sentiment Profile,42
9185,1,6.091443992772838e-06,0,0.99,model::deberta_sentiment_profile,DeBERTa + Sentiment Profile,42
20745,0,9.194523954647592e-06,0,0.99,model::deberta_sentiment_profile,DeBERTa + Sentiment Profile,42
9544,0,4.579183041641954e-06,0,0.99,model::deberta_sentiment_profile,DeBERTa + Sentiment Profile,42
11431,1,5.111939117341535e-06,0,0.99,model::deberta_sentiment_profile,DeBERTa + Sentiment Profile,42
11528,0,5.254673851595726e-06,0,0.99,model::deberta_sentiment_profile,DeBERTa + Sentiment Profile,42
12441,0,6.45630416329368e-06,0,0.99,model::deberta_sentiment_profile,DeBERTa + Sentiment Profile,42
11925,0,4.223606538289459e-06,0,0.99,model::deberta_sentiment_profile,DeBERTa + Sentiment Profile,42
2900,0,6.235171895241365e-06,0,0.99,model::deberta_sentiment_profile,DeBERTa + Sentiment Profile,42
16701,1,4.957890268997289e-06,0,0.99,model::deberta_sentiment_profile,DeBERTa + Sentiment Profile,42
5660,0,5.921138381381752e-06,0,0.99,model::deberta_sentiment_profile,DeBERTa + Sentiment Profile,42
346,1,5.797849098598817e-06,0,0.99,model::deberta_sentiment_profile,DeBERTa + Sentiment Profile,42
13438,1,5.441105258796597e-06,0,0.99,model::deberta_sentiment_profile,DeBERTa + Sentiment Profile,42
1650,0,4.49856952400296e-06,0,0.99,model::deberta_sentiment_profile,DeBERTa + Sentiment Profile,42
7861,0,4.680323854699964e-06,0,0.99,model::deberta_sentiment_profile,DeBERTa + Sentiment Profile,42
21098,0,4.423642621986801e-06,0,0.99,model::deberta_sentiment_profile,DeBERTa + Sentiment Profile,42
3888,1,4.313568751967978e-06,0,0.99,model::deberta_sentiment_profile,DeBERTa + Sentiment Profile,42
19944,0,3.977198957727524e-06,0,0.99,model::deberta_sentiment_profile,DeBERTa + Sentiment Profile,42
6096,1,4.727119176095584e-06,0,0.99,model::deberta_sentiment_profile,DeBERTa + Sentiment Profile,42
12443,1,4.935793640470365e-06,0,0.99,model::deberta_sentiment_profile,DeBERTa + Sentiment Profile,42
18921,0,4.405673735163873e-06,0,0.99,model::deberta_sentiment_profile,DeBERTa + Sentiment Profile,42
19057,1,7.796355021127965e-06,0,0.99,model::deberta_sentiment_profile,DeBERTa + Sentiment Profile,42
10696,0,1.2843338481616229e-05,0,0.99,model::deberta_sentiment_profile,DeBERTa + Sentiment Profile,42
1091,0,5.128145403432427e-06,0,0.99,model::deberta_sentiment_profile,DeBERTa + Sentiment Profile,42
10496,1,5.295932623994304e-06,0,0.99,model::deberta_sentiment_profile,DeBERTa + Sentiment Profile,42
5579,1,5.349010280042421e-06,0,0.99,model::deberta_sentiment_profile,DeBERTa + Sentiment Profile,42
348,0,8.775462447374593e-06,0,0.99,model::deberta_sentiment_profile,DeBERTa + Sentiment Profile,42
7791,0,2.66272145381663e-05,0,0.99,model::deberta_sentiment_profile,DeBERTa + Sentiment Profile,42
6921,0,4.873904799751472e-06,0,0.99,model::deberta_sentiment_profile,DeBERTa + Sentiment Profile,42
5961,0,1.8083006580127403e-05,0,0.99,model::deberta_sentiment_profile,DeBERTa + Sentiment Profile,42
423,0,4.936330242344411e-06,0,0.99,model::deberta_sentiment_profile,DeBERTa + Sentiment Profile,42
5252,1,4.941964107274544e-06,0,0.99,model::deberta_sentiment_profile,DeBERTa + Sentiment Profile,42
6483,1,4.238778728904435e-06,0,0.99,model::deberta_sentiment_profile,DeBERTa + Sentiment Profile,42
9998,0,4.634959623217583e-06,0,0.99,model::deberta_sentiment_profile,DeBERTa + Sentiment Profile,42
11973,1,4.451722361409338e-06,0,0.99,model::deberta_sentiment_profile,DeBERTa + Sentiment Profile,42
10073,0,6.75421279083821e-06,0,0.99,model::deberta_sentiment_profile,DeBERTa + Sentiment Profile,42
16291,1,6.3424276959267445e-06,0,0.99,model::deberta_sentiment_profile,DeBERTa + Sentiment Profile,42
15117,0,4.443934358278057e-06,0,0.99,model::deberta_sentiment_profile,DeBERTa + Sentiment Profile,42
6412,1,5.757384769822238e-06,0,0.99,model::deberta_sentiment_profile,DeBERTa + Sentiment Profile,42
14392,0,5.208007678447757e-06,0,0.99,model::deberta_sentiment_profile,DeBERTa + Sentiment Profile,42
13991,1,1.683851223788224e-05,0,0.99,model::deberta_sentiment_profile,DeBERTa + Sentiment Profile,42
5799,0,4.779740265803412e-06,0,0.99,model::deberta_sentiment_profile,DeBERTa + Sentiment Profile,42
14778,1,1.638608046050649e-05,0,0.99,model::deberta_sentiment_profile,DeBERTa + Sentiment Profile,42
15503,0,5.037618393544108e-06,0,0.99,model::deberta_sentiment_profile,DeBERTa + Sentiment Profile,42
13030,1,4.6370951167773455e-06,0,0.99,model::deberta_sentiment_profile,DeBERTa + Sentiment Profile,42
5198,1,6.151092293293914e-06,0,0.99,model::deberta_sentiment_profile,DeBERTa + Sentiment Profile,42
6892,1,6.236896751943277e-06,0,0.99,model::deberta_sentiment_profile,DeBERTa + Sentiment Profile,42
3729,0,0.0002342262596357,0,0.99,model::deberta_sentiment_profile,DeBERTa + Sentiment Profile,42
8235,1,4.443820216692984e-06,0,0.99,model::deberta_sentiment_profile,DeBERTa + Sentiment Profile,42
21073,0,6.923634828126524e-06,0,0.99,model::deberta_sentiment_profile,DeBERTa + Sentiment Profile,42
19901,0,4.084301963303005e-06,0,0.99,model::deberta_sentiment_profile,DeBERTa + Sentiment Profile,42
16269,0,9.358795978187118e-06,0,0.99,model::deberta_sentiment_profile,DeBERTa + Sentiment Profile,42
415,0,5.9693484217859805e-06,0,0.99,model::deberta_sentiment_profile,DeBERTa + Sentiment Profile,42
619,1,4.6017280510568526e-06,0,0.99,model::deberta_sentiment_profile,DeBERTa + Sentiment Profile,42
9421,1,6.228230631677434e-06,0,0.99,model::deberta_sentiment_profile,DeBERTa + Sentiment Profile,42
1992,1,4.516809440247016e-06,0,0.99,model::deberta_sentiment_profile,DeBERTa + Sentiment Profile,42
9633,0,5.137505013408372e-06,0,0.99,model::deberta_sentiment_profile,DeBERTa + Sentiment Profile,42
790,0,5.306442290020641e-06,0,0.99,model::deberta_sentiment_profile,DeBERTa + Sentiment Profile,42
7410,1,1.535410774522461e-05,0,0.99,model::deberta_sentiment_profile,DeBERTa + Sentiment Profile,42
5427,0,5.1688293751794845e-06,0,0.99,model::deberta_sentiment_profile,DeBERTa + Sentiment Profile,42
12704,0,4.83645044369041e-06,0,0.99,model::deberta_sentiment_profile,DeBERTa + Sentiment Profile,42
7225,1,4.7960835217963904e-05,0,0.99,model::deberta_sentiment_profile,DeBERTa + Sentiment Profile,42
3310,0,4.93217976327287e-06,0,0.99,model::deberta_sentiment_profile,DeBERTa + Sentiment Profile,42
11385,0,4.429472483025165e-06,0,0.99,model::deberta_sentiment_profile,DeBERTa + Sentiment Profile,42
490,1,1.17668651000713e-05,0,0.99,model::deberta_sentiment_profile,DeBERTa + Sentiment Profile,42
1730,1,1.6932472135522403e-05,0,0.99,model::deberta_sentiment_profile,DeBERTa + Sentiment Profile,42
20113,1,4.208107839076547e-06,0,0.99,model::deberta_sentiment_profile,DeBERTa + Sentiment Profile,42
13770,0,4.92421804665355e-06,0,0.99,model::deberta_sentiment_profile,DeBERTa + Sentiment Profile,42
12039,1,5.731526925956132e-06,0,0.99,model::deberta_sentiment_profile,DeBERTa + Sentiment Profile,42
8972,0,4.4564076233655214e-06,0,0.99,model::deberta_sentiment_profile,DeBERTa + Sentiment Profile,42
5955,0,4.2196011236228514e-06,0,0.99,model::deberta_sentiment_profile,DeBERTa + Sentiment Profile,42
18914,1,8.388610694964882e-06,0,0.99,model::deberta_sentiment_profile,DeBERTa + Sentiment Profile,42
13109,1,4.825531959795626e-06,0,0.99,model::deberta_sentiment_profile,DeBERTa + Sentiment Profile,42
14314,0,5.186891939956695e-06,0,0.99,model::deberta_sentiment_profile,DeBERTa + Sentiment Profile,42
487,1,3.88600801670691e-06,0,0.99,model::deberta_sentiment_profile,DeBERTa + Sentiment Profile,42
613,0,5.589378361037234e-06,0,0.99,model::deberta_sentiment_profile,DeBERTa + Sentiment Profile,42
18712,0,3.949282472603954e-06,0,0.99,model::deberta_sentiment_profile,DeBERTa + Sentiment Profile,42
20055,0,0.0001659855915931,0,0.99,model::deberta_sentiment_profile,DeBERTa + Sentiment Profile,42
18631,0,4.258145509083988e-06,0,0.99,model::deberta_sentiment_profile,DeBERTa + Sentiment Profile,42
4749,1,4.767607606481761e-06,0,0.99,model::deberta_sentiment_profile,DeBERTa + Sentiment Profile,42
13940,0,6.984401352383429e-06,0,0.99,model::deberta_sentiment_profile,DeBERTa + Sentiment Profile,42
18683,0,7.670860213693231e-06,0,0.99,model::deberta_sentiment_profile,DeBERTa + Sentiment Profile,42
7674,1,5.416239673650125e-06,0,0.99,model::deberta_sentiment_profile,DeBERTa + Sentiment Profile,42
13468,0,4.529046691459371e-06,0,0.99,model::deberta_sentiment_profile,DeBERTa + Sentiment Profile,42
1488,1,4.7341841309389565e-06,0,0.99,model::deberta_sentiment_profile,DeBERTa + Sentiment Profile,42
17143,0,4.469333362067118e-06,0,0.99,model::deberta_sentiment_profile,DeBERTa + Sentiment Profile,42
8932,1,4.75129900223692e-06,0,0.99,model::deberta_sentiment_profile,DeBERTa + Sentiment Profile,42
10240,1,8.946143680077512e-06,0,0.99,model::deberta_sentiment_profile,DeBERTa + Sentiment Profile,42
5794,0,7.436924079229357e-06,0,0.99,model::deberta_sentiment_profile,DeBERTa + Sentiment Profile,42
429,1,5.429873999673873e-05,0,0.99,model::deberta_sentiment_profile,DeBERTa + Sentiment Profile,42
14203,1,1.4911211110302249e-05,0,0.99,model::deberta_sentiment_profile,DeBERTa + Sentiment Profile,42
1602,0,1.1078830539190676e-05,0,0.99,model::deberta_sentiment_profile,DeBERTa + Sentiment Profile,42
10137,1,4.336236997914966e-06,0,0.99,model::deberta_sentiment_profile,DeBERTa + Sentiment Profile,42
21093,1,1.3683913493878208e-05,0,0.99,model::deberta_sentiment_profile,DeBERTa + Sentiment Profile,42
20550,0,4.8910487748798914e-06,0,0.99,model::deberta_sentiment_profile,DeBERTa + Sentiment Profile,42
16419,1,3.827016826107865e-06,0,0.99,model::deberta_sentiment_profile,DeBERTa + Sentiment Profile,42
3435,0,5.4890542742214166e-06,0,0.99,model::deberta_sentiment_profile,DeBERTa + Sentiment Profile,42
19747,0,4.595859991241014e-06,0,0.99,model::deberta_sentiment_profile,DeBERTa + Sentiment Profile,42
896,0,4.502080173551804e-06,0,0.99,model::deberta_sentiment_profile,DeBERTa + Sentiment Profile,42
1158,0,5.002306807000423e-06,0,0.99,model::deberta_sentiment_profile,DeBERTa + Sentiment Profile,42
3961,0,5.300009888742352e-06,0,0.99,model::deberta_sentiment_profile,DeBERTa + Sentiment Profile,42
5649,1,5.600423264695564e-06,0,0.99,model::deberta_sentiment_profile,DeBERTa + Sentiment Profile,42
19197,0,6.132935141067719e-06,0,0.99,model::deberta_sentiment_profile,DeBERTa + Sentiment Profile,42
634,0,4.915242698189104e-06,0,0.99,model::deberta_sentiment_profile,DeBERTa + Sentiment Profile,42
15856,1,1.0026230484072585e-05,0,0.99,model::deberta_sentiment_profile,DeBERTa + Sentiment Profile,42
11681,1,8.229500053857919e-06,0,0.99,model::deberta_sentiment_profile,DeBERTa + Sentiment Profile,42
18629,1,4.771105523104779e-06,0,0.99,model::deberta_sentiment_profile,DeBERTa + Sentiment Profile,42
908,1,4.856329269387061e-06,0,0.99,model::deberta_sentiment_profile,DeBERTa + Sentiment Profile,42
10067,0,4.54441033070907e-06,0,0.99,model::deberta_sentiment_profile,DeBERTa + Sentiment Profile,42
18318,1,4.983963663107716e-06,0,0.99,model::deberta_sentiment_profile,DeBERTa + Sentiment Profile,42
8724,1,4.985718078387436e-06,0,0.99,model::deberta_sentiment_profile,DeBERTa + Sentiment Profile,42
17763,0,1.6322881492669694e-05,0,0.99,model::deberta_sentiment_profile,DeBERTa + Sentiment Profile,42
10931,0,4.296095994504867e-06,0,0.99,model::deberta_sentiment_profile,DeBERTa + Sentiment Profile,42
5300,1,6.1746727624267805e-06,0,0.99,model::deberta_sentiment_profile,DeBERTa + Sentiment Profile,42
14296,0,5.512072675628588e-06,0,0.99,model::deberta_sentiment_profile,DeBERTa + Sentiment Profile,42
6517,0,7.616726179549005e-06,0,0.99,model::deberta_sentiment_profile,DeBERTa + Sentiment Profile,42
9698,0,3.9698511500319e-06,0,0.99,model::deberta_sentiment_profile,DeBERTa + Sentiment Profile,42
3299,1,1.470244114898378e-05,0,0.99,model::deberta_sentiment_profile,DeBERTa + Sentiment Profile,42
15057,0,5.262447302811779e-06,0,0.99,model::deberta_sentiment_profile,DeBERTa + Sentiment Profile,42
18724,1,4.911348696623463e-06,0,0.99,model::deberta_sentiment_profile,DeBERTa + Sentiment Profile,42
4523,0,4.835140771319857e-06,0,0.99,model::deberta_sentiment_profile,DeBERTa + Sentiment Profile,42
15341,1,4.087711658939952e-06,0,0.99,model::deberta_sentiment_profile,DeBERTa + Sentiment Profile,42
20812,0,5.948759280727245e-06,0,0.99,model::deberta_sentiment_profile,DeBERTa + Sentiment Profile,42
10438,1,5.023849098506616e-06,0,0.99,model::deberta_sentiment_profile,DeBERTa + Sentiment Profile,42
4214,0,5.14939483764465e-06,0,0.99,model::deberta_sentiment_profile,DeBERTa + Sentiment Profile,42
17013,0,4.24274639954092e-06,0,0.99,model::deberta_sentiment_profile,DeBERTa + Sentiment Profile,42
6937,1,5.048578714195173e-06,0,0.99,model::deberta_sentiment_profile,DeBERTa + Sentiment Profile,42
1126,0,8.15826660982566e-06,0,0.99,model::deberta_sentiment_profile,DeBERTa + Sentiment Profile,42
10572,0,4.819175956072286e-06,0,0.99,model::deberta_sentiment_profile,DeBERTa + Sentiment Profile,42
10926,1,6.086903340474237e-06,0,0.99,model::deberta_sentiment_profile,DeBERTa + Sentiment Profile,42
6536,1,5.107674951432273e-06,0,0.99,model::deberta_sentiment_profile,DeBERTa + Sentiment Profile,42
18459,0,9.066353413800243e-06,0,0.99,model::deberta_sentiment_profile,DeBERTa + Sentiment Profile,42
11808,0,5.904092631681124e-06,0,0.99,model::deberta_sentiment_profile,DeBERTa + Sentiment Profile,42
11380,0,3.9370379454339854e-06,0,0.99,model::deberta_sentiment_profile,DeBERTa + Sentiment Profile,42
808,1,7.025606009847252e-06,0,0.99,model::deberta_sentiment_profile,DeBERTa + Sentiment Profile,42
128,0,5.18314436703804e-06,0,0.99,model::deberta_sentiment_profile,DeBERTa + Sentiment Profile,42
2751,0,4.885179805569351e-06,0,0.99,model::deberta_sentiment_profile,DeBERTa + Sentiment Profile,42
12590,1,5.409441200754372e-06,0,0.99,model::deberta_sentiment_profile,DeBERTa + Sentiment Profile,42
14014,0,0.000115565926535,0,0.99,model::deberta_sentiment_profile,DeBERTa + Sentiment Profile,42
18569,0,4.434531547303777e-06,0,0.99,model::deberta_sentiment_profile,DeBERTa + Sentiment Profile,42
3436,1,5.862176749360515e-06,0,0.99,model::deberta_sentiment_profile,DeBERTa + Sentiment Profile,42
3401,0,4.066307155881077e-06,0,0.99,model::deberta_sentiment_profile,DeBERTa + Sentiment Profile,42
15971,0,4.177403297944693e-06,0,0.99,model::deberta_sentiment_profile,DeBERTa + Sentiment Profile,42
9490,0,4.251766767993104e-06,0,0.99,model::deberta_sentiment_profile,DeBERTa + Sentiment Profile,42
20368,0,5.8513073781796265e-06,0,0.99,model::deberta_sentiment_profile,DeBERTa + Sentiment Profile,42
6327,1,4.710355824499857e-06,0,0.99,model::deberta_sentiment_profile,DeBERTa + Sentiment Profile,42
14955,0,5.060403054812923e-06,0,0.99,model::deberta_sentiment_profile,DeBERTa + Sentiment Profile,42
4579,1,5.272765520203393e-06,0,0.99,model::deberta_sentiment_profile,DeBERTa + Sentiment Profile,42
982,1,4.493012511375127e-06,0,0.99,model::deberta_sentiment_profile,DeBERTa + Sentiment Profile,42
8426,1,6.123806087998673e-06,0,0.99,model::deberta_sentiment_profile,DeBERTa + Sentiment Profile,42
6009,1,5.603148110822076e-06,0,0.99,model::deberta_sentiment_profile,DeBERTa + Sentiment Profile,42
334,0,5.163735295354854e-06,0,0.99,model::deberta_sentiment_profile,DeBERTa + Sentiment Profile,42
19831,1,6.4295754782506265e-06,0,0.99,model::deberta_sentiment_profile,DeBERTa + Sentiment Profile,42
6688,1,4.056098077853676e-06,0,0.99,model::deberta_sentiment_profile,DeBERTa + Sentiment Profile,42
2448,0,1.187113593914546e-05,0,0.99,model::deberta_sentiment_profile,DeBERTa + Sentiment Profile,42
17841,1,9.276981472794432e-06,0,0.99,model::deberta_sentiment_profile,DeBERTa + Sentiment Profile,42
16629,0,7.784066838212311e-06,0,0.99,model::deberta_sentiment_profile,DeBERTa + Sentiment Profile,42
5068,1,5.888438408874208e-06,0,0.99,model::deberta_sentiment_profile,DeBERTa + Sentiment Profile,42
5234,1,5.0070748329744674e-06,0,0.99,model::deberta_sentiment_profile,DeBERTa + Sentiment Profile,42
13878,1,5.356708697945578e-06,0,0.99,model::deberta_sentiment_profile,DeBERTa + Sentiment Profile,42
14440,1,5.216885710979113e-06,0,0.99,model::deberta_sentiment_profile,DeBERTa + Sentiment Profile,42
10785,1,1.1423727301007602e-05,0,0.99,model::deberta_sentiment_profile,DeBERTa + Sentiment Profile,42
5471,0,8.590111065132078e-06,0,0.99,model::deberta_sentiment_profile,DeBERTa + Sentiment Profile,42
13068,0,5.736393632105319e-06,0,0.99,model::deberta_sentiment_profile,DeBERTa + Sentiment Profile,42
11483,1,8.774382877163589e-06,0,0.99,model::deberta_sentiment_profile,DeBERTa + Sentiment Profile,42
8732,0,4.603940851666266e-06,0,0.99,model::deberta_sentiment_profile,DeBERTa + Sentiment Profile,42
19263,1,4.952852577844169e-06,0,0.99,model::deberta_sentiment_profile,DeBERTa + Sentiment Profile,42
9360,0,7.681035640416667e-06,0,0.99,model::deberta_sentiment_profile,DeBERTa + Sentiment Profile,42
14206,1,7.045083748380421e-06,0,0.99,model::deberta_sentiment_profile,DeBERTa + Sentiment Profile,42
688,0,2.779153874143958e-05,0,0.99,model::deberta_sentiment_profile,DeBERTa + Sentiment Profile,42
4075,0,6.458065399783664e-06,0,0.99,model::deberta_sentiment_profile,DeBERTa + Sentiment Profile,42
11274,0,4.1959374357247725e-06,0,0.99,model::deberta_sentiment_profile,DeBERTa + Sentiment Profile,42
13925,1,4.497964710026281e-06,0,0.99,model::deberta_sentiment_profile,DeBERTa + Sentiment Profile,42
7279,0,4.521230948739685e-06,0,0.99,model::deberta_sentiment_profile,DeBERTa + Sentiment Profile,42
15247,0,4.500071099755587e-06,0,0.99,model::deberta_sentiment_profile,DeBERTa + Sentiment Profile,42
7024,0,6.901128926983802e-06,0,0.99,model::deberta_sentiment_profile,DeBERTa + Sentiment Profile,42
7278,1,4.574024387693498e-06,0,0.99,model::deberta_sentiment_profile,DeBERTa + Sentiment Profile,42
17680,1,2.273060999868904e-05,0,0.99,model::deberta_sentiment_profile,DeBERTa + Sentiment Profile,42
6777,1,4.833969796891324e-06,0,0.99,model::deberta_sentiment_profile,DeBERTa + Sentiment Profile,42
13849,0,1.041876748786308e-05,0,0.99,model::deberta_sentiment_profile,DeBERTa + Sentiment Profile,42
3985,1,6.48018885840429e-06,0,0.99,model::deberta_sentiment_profile,DeBERTa + Sentiment Profile,42
6058,1,6.044397196092177e-06,0,0.99,model::deberta_sentiment_profile,DeBERTa + Sentiment Profile,42
1079,0,4.771532985614613e-06,0,0.99,model::deberta_sentiment_profile,DeBERTa + Sentiment Profile,42
19594,0,5.4476472541864496e-06,0,0.99,model::deberta_sentiment_profile,DeBERTa + Sentiment Profile,42
850,0,9.3408834800357e-06,0,0.99,model::deberta_sentiment_profile,DeBERTa + Sentiment Profile,42
4983,0,4.549670393316774e-06,0,0.99,model::deberta_sentiment_profile,DeBERTa + Sentiment Profile,42
174,1,7.74737691244809e-06,0,0.99,model::deberta_sentiment_profile,DeBERTa + Sentiment Profile,42
20094,0,4.941251972923055e-06,0,0.99,model::deberta_sentiment_profile,DeBERTa + Sentiment Profile,42
20213,1,6.108197794674197e-06,0,0.99,model::deberta_sentiment_profile,DeBERTa + Sentiment Profile,42
8534,0,1.5480300135095604e-05,0,0.99,model::deberta_sentiment_profile,DeBERTa + Sentiment Profile,42
11858,0,5.376638000598177e-06,0,0.99,model::deberta_sentiment_profile,DeBERTa + Sentiment Profile,42
367,1,5.172575401957147e-05,0,0.99,model::deberta_sentiment_profile,DeBERTa + Sentiment Profile,42
7143,0,2.503623363736552e-05,0,0.99,model::deberta_sentiment_profile,DeBERTa + Sentiment Profile,42
10376,0,4.664687821787084e-06,0,0.99,model::deberta_sentiment_profile,DeBERTa + Sentiment Profile,42
8199,0,7.314989034057362e-06,0,0.99,model::deberta_sentiment_profile,DeBERTa + Sentiment Profile,42
20114,0,7.142152753658593e-06,0,0.99,model::deberta_sentiment_profile,DeBERTa + Sentiment Profile,42
11262,0,4.853523478232091e-06,0,0.99,model::deberta_sentiment_profile,DeBERTa + Sentiment Profile,42
9563,1,4.990499292034656e-06,0,0.99,model::deberta_sentiment_profile,DeBERTa + Sentiment Profile,42
12761,1,4.408270797284786e-06,0,0.99,model::deberta_sentiment_profile,DeBERTa + Sentiment Profile,42
17570,1,4.906292815576308e-06,0,0.99,model::deberta_sentiment_profile,DeBERTa + Sentiment Profile,42
16713,0,5.777790647698566e-06,0,0.99,model::deberta_sentiment_profile,DeBERTa + Sentiment Profile,42
5713,1,5.134899311087793e-06,0,0.99,model::deberta_sentiment_profile,DeBERTa + Sentiment Profile,42
5414,0,4.54547216577339e-06,0,0.99,model::deberta_sentiment_profile,DeBERTa + Sentiment Profile,42
18494,1,5.150996457814472e-06,0,0.99,model::deberta_sentiment_profile,DeBERTa + Sentiment Profile,42
1935,1,4.353914391685976e-06,0,0.99,model::deberta_sentiment_profile,DeBERTa + Sentiment Profile,42
16113,1,5.382086328609148e-06,0,0.99,model::deberta_sentiment_profile,DeBERTa + Sentiment Profile,42
1441,0,6.1033235397189856e-05,0,0.99,model::deberta_sentiment_profile,DeBERTa + Sentiment Profile,42
1228,0,1.901502400869504e-05,0,0.99,model::deberta_sentiment_profile,DeBERTa + Sentiment Profile,42
19144,1,6.155963092169259e-06,0,0.99,model::deberta_sentiment_profile,DeBERTa + Sentiment Profile,42
4712,1,8.656624231662136e-06,0,0.99,model::deberta_sentiment_profile,DeBERTa + Sentiment Profile,42
11466,0,5.227408564678626e-06,0,0.99,model::deberta_sentiment_profile,DeBERTa + Sentiment Profile,42
17459,0,6.923668024683138e-06,0,0.99,model::deberta_sentiment_profile,DeBERTa + Sentiment Profile,42
8967,0,2.108751141349785e-05,0,0.99,model::deberta_sentiment_profile,DeBERTa + Sentiment Profile,42
14341,0,5.344991677702637e-06,0,0.99,model::deberta_sentiment_profile,DeBERTa + Sentiment Profile,42
3632,0,6.041562301106751e-06,0,0.99,model::deberta_sentiment_profile,DeBERTa + Sentiment Profile,42
3480,1,4.745647402160103e-06,0,0.99,model::deberta_sentiment_profile,DeBERTa + Sentiment Profile,42
6585,1,1.0779816875583492e-05,0,0.99,model::deberta_sentiment_profile,DeBERTa + Sentiment Profile,42
6008,0,1.1754988008760849e-05,0,0.99,model::deberta_sentiment_profile,DeBERTa + Sentiment Profile,42
1254,0,4.853662176174112e-06,0,0.99,model::deberta_sentiment_profile,DeBERTa + Sentiment Profile,42
17474,0,5.057720500190044e-06,0,0.99,model::deberta_sentiment_profile,DeBERTa + Sentiment Profile,42
1177,1,4.709385848400416e-06,0,0.99,model::deberta_sentiment_profile,DeBERTa + Sentiment Profile,42
11781,1,6.833966381236678e-06,0,0.99,model::deberta_sentiment_profile,DeBERTa + Sentiment Profile,42
2146,1,4.796178473043256e-06,0,0.99,model::deberta_sentiment_profile,DeBERTa + Sentiment Profile,42
18172,1,1.1885522326338103e-05,0,0.99,model::deberta_sentiment_profile,DeBERTa + Sentiment Profile,42
7548,0,4.275977516954299e-06,0,0.99,model::deberta_sentiment_profile,DeBERTa + Sentiment Profile,42
764,0,4.4377384256222285e-06,0,0.99,model::deberta_sentiment_profile,DeBERTa + Sentiment Profile,42
14320,1,7.271303275047103e-06,0,0.99,model::deberta_sentiment_profile,DeBERTa + Sentiment Profile,42
15706,1,6.135227977210889e-06,0,0.99,model::deberta_sentiment_profile,DeBERTa + Sentiment Profile,42
780,0,5.183362191019114e-06,0,0.99,model::deberta_sentiment_profile,DeBERTa + Sentiment Profile,42
3599,1,5.62642981094541e-06,0,0.99,model::deberta_sentiment_profile,DeBERTa + Sentiment Profile,42
6337,0,4.008858013548888e-06,0,0.99,model::deberta_sentiment_profile,DeBERTa + Sentiment Profile,42
8245,0,4.468954102776479e-06,0,0.99,model::deberta_sentiment_profile,DeBERTa + Sentiment Profile,42
4228,1,5.1119736781402025e-06,0,0.99,model::deberta_sentiment_profile,DeBERTa + Sentiment Profile,42
11837,0,4.257788077666191e-06,0,0.99,model::deberta_sentiment_profile,DeBERTa + Sentiment Profile,42
3082,1,4.847856871492695e-06,0,0.99,model::deberta_sentiment_profile,DeBERTa + Sentiment Profile,42
13788,1,5.223367224971298e-06,0,0.99,model::deberta_sentiment_profile,DeBERTa + Sentiment Profile,42
18100,0,4.353473741502967e-06,0,0.99,model::deberta_sentiment_profile,DeBERTa + Sentiment Profile,42
3378,0,6.295585535553983e-06,0,0.99,model::deberta_sentiment_profile,DeBERTa + Sentiment Profile,42
15236,1,5.430099918157794e-06,0,0.99,model::deberta_sentiment_profile,DeBERTa + Sentiment Profile,42
6983,1,9.999731446441729e-06,0,0.99,model::deberta_sentiment_profile,DeBERTa + Sentiment Profile,42
2555,1,4.884016107098432e-06,0,0.99,model::deberta_sentiment_profile,DeBERTa + Sentiment Profile,42
12868,0,4.7384655772475526e-06,0,0.99,model::deberta_sentiment_profile,DeBERTa + Sentiment Profile,42
13479,1,4.680895017372677e-06,0,0.99,model::deberta_sentiment_profile,DeBERTa + Sentiment Profile,42
14049,0,4.663904292101506e-06,0,0.99,model::deberta_sentiment_profile,DeBERTa + Sentiment Profile,42
6635,0,9.242242413165512e-06,0,0.99,model::deberta_sentiment_profile,DeBERTa + Sentiment Profile,42
7378,1,5.235026947048027e-06,0,0.99,model::deberta_sentiment_profile,DeBERTa + Sentiment Profile,42
20958,1,4.885161160927964e-06,0,0.99,model::deberta_sentiment_profile,DeBERTa + Sentiment Profile,42
14303,1,4.7676485337433405e-06,0,0.99,model::deberta_sentiment_profile,DeBERTa + Sentiment Profile,42
20001,0,9.210602001985537e-06,0,0.99,model::deberta_sentiment_profile,DeBERTa + Sentiment Profile,42
2340,0,9.34915351535892e-06,0,0.99,model::deberta_sentiment_profile,DeBERTa + Sentiment Profile,42
6722,0,6.1107202782295644e-06,0,0.99,model::deberta_sentiment_profile,DeBERTa + Sentiment Profile,42
10561,0,1.4779885532334449e-05,0,0.99,model::deberta_sentiment_profile,DeBERTa + Sentiment Profile,42
8073,0,4.233599156577839e-06,0,0.99,model::deberta_sentiment_profile,DeBERTa + Sentiment Profile,42
8739,1,6.134520390332909e-06,0,0.99,model::deberta_sentiment_profile,DeBERTa + Sentiment Profile,42
7683,0,4.107997938262997e-06,0,0.99,model::deberta_sentiment_profile,DeBERTa + Sentiment Profile,42
562,1,4.670247108151671e-06,0,0.99,model::deberta_sentiment_profile,DeBERTa + Sentiment Profile,42
481,0,4.675318450608756e-06,0,0.99,model::deberta_sentiment_profile,DeBERTa + Sentiment Profile,42
11690,0,1.1196634659427218e-05,0,0.99,model::deberta_sentiment_profile,DeBERTa + Sentiment Profile,42
8968,0,5.383008465287276e-05,0,0.99,model::deberta_sentiment_profile,DeBERTa + Sentiment Profile,42
10874,0,4.266796167939901e-06,0,0.99,model::deberta_sentiment_profile,DeBERTa + Sentiment Profile,42
210,1,8.567677468818147e-06,0,0.99,model::deberta_sentiment_profile,DeBERTa + Sentiment Profile,42
4549,1,7.569080480607226e-06,0,0.99,model::deberta_sentiment_profile,DeBERTa + Sentiment Profile,42
1413,0,6.310161552391946e-06,0,0.99,model::deberta_sentiment_profile,DeBERTa + Sentiment Profile,42
15997,1,4.181588337814901e-06,0,0.99,model::deberta_sentiment_profile,DeBERTa + Sentiment Profile,42
75,0,5.20517733093584e-06,0,0.99,model::deberta_sentiment_profile,DeBERTa + Sentiment Profile,42
2717,0,5.190543561184313e-06,0,0.99,model::deberta_sentiment_profile,DeBERTa + Sentiment Profile,42
19926,1,8.111053830361925e-06,0,0.99,model::deberta_sentiment_profile,DeBERTa + Sentiment Profile,42
15315,1,7.623266810696805e-06,0,0.99,model::deberta_sentiment_profile,DeBERTa + Sentiment Profile,42
9835,0,1.0005884178099222e-05,0,0.99,model::deberta_sentiment_profile,DeBERTa + Sentiment Profile,42
5659,0,4.545515366771724e-06,0,0.99,model::deberta_sentiment_profile,DeBERTa + Sentiment Profile,42
18648,0,5.406187028711429e-06,0,0.99,model::deberta_sentiment_profile,DeBERTa + Sentiment Profile,42
9603,0,1.0059416126750875e-05,0,0.99,model::deberta_sentiment_profile,DeBERTa + Sentiment Profile,42
18453,0,5.2408613555599e-06,0,0.99,model::deberta_sentiment_profile,DeBERTa + Sentiment Profile,42
16468,1,2.49330641963752e-05,0,0.99,model::deberta_sentiment_profile,DeBERTa + Sentiment Profile,42
16588,1,4.736180017061997e-06,0,0.99,model::deberta_sentiment_profile,DeBERTa + Sentiment Profile,42
16650,1,5.248583875072654e-06,0,0.99,model::deberta_sentiment_profile,DeBERTa + Sentiment Profile,42
15928,0,4.596907729137456e-06,0,0.99,model::deberta_sentiment_profile,DeBERTa + Sentiment Profile,42
13095,0,4.630713647202356e-06,0,0.99,model::deberta_sentiment_profile,DeBERTa + Sentiment Profile,42
14860,0,4.571294084598776e-06,0,0.99,model::deberta_sentiment_profile,DeBERTa + Sentiment Profile,42
4139,0,1.2262360542081296e-05,0,0.99,model::deberta_sentiment_profile,DeBERTa + Sentiment Profile,42
20110,0,5.144967417436419e-06,0,0.99,model::deberta_sentiment_profile,DeBERTa + Sentiment Profile,42
4560,1,9.21677019505296e-06,0,0.99,model::deberta_sentiment_profile,DeBERTa + Sentiment Profile,42
19539,1,2.015009158640169e-05,0,0.99,model::deberta_sentiment_profile,DeBERTa + Sentiment Profile,42
9745,0,5.161617991689127e-06,0,0.99,model::deberta_sentiment_profile,DeBERTa + Sentiment Profile,42
5156,1,6.855199444544269e-06,0,0.99,model::deberta_sentiment_profile,DeBERTa + Sentiment Profile,42
20760,0,9.204420166497584e-06,0,0.99,model::deberta_sentiment_profile,DeBERTa + Sentiment Profile,42
16958,1,4.235190772305941e-06,0,0.99,model::deberta_sentiment_profile,DeBERTa + Sentiment Profile,42
11575,0,6.066746664146194e-06,0,0.99,model::deberta_sentiment_profile,DeBERTa + Sentiment Profile,42
3619,1,4.992536105419276e-06,0,0.99,model::deberta_sentiment_profile,DeBERTa + Sentiment Profile,42
10185,0,2.055795630440116e-05,0,0.99,model::deberta_sentiment_profile,DeBERTa + Sentiment Profile,42
2926,0,7.429721790686017e-06,0,0.99,model::deberta_sentiment_profile,DeBERTa + Sentiment Profile,42
2115,1,5.092005267215427e-06,0,0.99,model::deberta_sentiment_profile,DeBERTa + Sentiment Profile,42
1055,1,5.213310032559093e-06,0,0.99,model::deberta_sentiment_profile,DeBERTa + Sentiment Profile,42
8123,1,6.934994416951668e-06,0,0.99,model::deberta_sentiment_profile,DeBERTa + Sentiment Profile,42
12769,0,1.5475266991415992e-05,0,0.99,model::deberta_sentiment_profile,DeBERTa + Sentiment Profile,42
15160,0,3.076086795772426e-05,0,0.99,model::deberta_sentiment_profile,DeBERTa + Sentiment Profile,42
5461,0,4.251304289937252e-06,0,0.99,model::deberta_sentiment_profile,DeBERTa + Sentiment Profile,42
17879,0,4.458601324586198e-06,0,0.99,model::deberta_sentiment_profile,DeBERTa + Sentiment Profile,42
10608,0,4.983165126759559e-06,0,0.99,model::deberta_sentiment_profile,DeBERTa + Sentiment Profile,42
7532,0,5.277776381262811e-06,0,0.99,model::deberta_sentiment_profile,DeBERTa + Sentiment Profile,42
17132,0,3.090075915679336e-05,0,0.99,model::deberta_sentiment_profile,DeBERTa + Sentiment Profile,42
8408,1,5.799076916446211e-06,0,0.99,model::deberta_sentiment_profile,DeBERTa + Sentiment Profile,42
10165,1,5.434487775346497e-06,0,0.99,model::deberta_sentiment_profile,DeBERTa + Sentiment Profile,42
21091,1,4.691567482950632e-06,0,0.99,model::deberta_sentiment_profile,DeBERTa + Sentiment Profile,42
12766,0,5.051405878475634e-06,0,0.99,model::deberta_sentiment_profile,DeBERTa + Sentiment Profile,42
2251,0,0.000215035106521,0,0.99,model::deberta_sentiment_profile,DeBERTa + Sentiment Profile,42
8615,0,5.482128017320065e-06,0,0.99,model::deberta_sentiment_profile,DeBERTa + Sentiment Profile,42
8378,0,4.764066943607759e-06,0,0.99,model::deberta_sentiment_profile,DeBERTa + Sentiment Profile,42
14277,0,4.193809218122624e-06,0,0.99,model::deberta_sentiment_profile,DeBERTa + Sentiment Profile,42
19458,0,4.457002432900481e-06,0,0.99,model::deberta_sentiment_profile,DeBERTa + Sentiment Profile,42
20796,0,0.0005483918939717,0,0.99,model::deberta_sentiment_profile,DeBERTa + Sentiment Profile,42
5845,1,6.186797691043466e-06,0,0.99,model::deberta_sentiment_profile,DeBERTa + Sentiment Profile,42
1310,0,4.475171408557799e-06,0,0.99,model::deberta_sentiment_profile,DeBERTa + Sentiment Profile,42
4280,1,5.018534011469456e-06,0,0.99,model::deberta_sentiment_profile,DeBERTa + Sentiment Profile,42
15389,1,6.285261406446807e-06,0,0.99,model::deberta_sentiment_profile,DeBERTa + Sentiment Profile,42
496,1,4.627967427950352e-06,0,0.99,model::deberta_sentiment_profile,DeBERTa + Sentiment Profile,42
18252,1,4.983517101209145e-06,0,0.99,model::deberta_sentiment_profile,DeBERTa + Sentiment Profile,42
6519,0,4.703434569819365e-06,0,0.99,model::deberta_sentiment_profile,DeBERTa + Sentiment Profile,42
11741,0,5.663310730597004e-06,0,0.99,model::deberta_sentiment_profile,DeBERTa + Sentiment Profile,42
484,1,4.659703336074017e-06,0,0.99,model::deberta_sentiment_profile,DeBERTa + Sentiment Profile,42
9895,0,4.745801561512053e-06,0,0.99,model::deberta_sentiment_profile,DeBERTa + Sentiment Profile,42
923,0,4.871047167398501e-06,0,0.99,model::deberta_sentiment_profile,DeBERTa + Sentiment Profile,42
3798,0,4.725207872979809e-06,0,0.99,model::deberta_sentiment_profile,DeBERTa + Sentiment Profile,42
18139,0,1.3285227396409027e-05,0,0.99,model::deberta_sentiment_profile,DeBERTa + Sentiment Profile,42
17468,1,5.016212980990531e-06,0,0.99,model::deberta_sentiment_profile,DeBERTa + Sentiment Profile,42
15063,1,4.95800350108766e-06,0,0.99,model::deberta_sentiment_profile,DeBERTa + Sentiment Profile,42
126,1,4.822330083698034e-06,0,0.99,model::deberta_sentiment_profile,DeBERTa + Sentiment Profile,42
21095,1,5.981446975056315e-06,0,0.99,model::deberta_sentiment_profile,DeBERTa + Sentiment Profile,42
15130,0,5.693148068530718e-06,0,0.99,model::deberta_sentiment_profile,DeBERTa + Sentiment Profile,42
19359,1,5.034266450820724e-06,0,0.99,model::deberta_sentiment_profile,DeBERTa + Sentiment Profile,42
9491,1,5.201475232752273e-06,0,0.99,model::deberta_sentiment_profile,DeBERTa + Sentiment Profile,42
19796,1,5.025161954108626e-06,0,0.99,model::deberta_sentiment_profile,DeBERTa + Sentiment Profile,42
13646,1,5.184875135455513e-06,0,0.99,model::deberta_sentiment_profile,DeBERTa + Sentiment Profile,42
466,1,6.174543159431778e-06,0,0.99,model::deberta_sentiment_profile,DeBERTa + Sentiment Profile,42
6094,0,5.213871645537438e-06,0,0.99,model::deberta_sentiment_profile,DeBERTa + Sentiment Profile,42
15145,0,4.291837285563815e-06,0,0.99,model::deberta_sentiment_profile,DeBERTa + Sentiment Profile,42
16604,1,1.5187463759502862e-05,0,0.99,model::deberta_sentiment_profile,DeBERTa + Sentiment Profile,42
17821,1,4.929931947117439e-06,0,0.99,model::deberta_sentiment_profile,DeBERTa + Sentiment Profile,42
17419,1,5.582628091360675e-06,0,0.99,model::deberta_sentiment_profile,DeBERTa + Sentiment Profile,42
14877,1,5.226496341492748e-06,0,0.99,model::deberta_sentiment_profile,DeBERTa + Sentiment Profile,42
8393,1,5.017552666686242e-06,0,0.99,model::deberta_sentiment_profile,DeBERTa + Sentiment Profile,42
18878,1,4.859164619119838e-06,0,0.99,model::deberta_sentiment_profile,DeBERTa + Sentiment Profile,42
6177,1,2.502076677046716e-05,0,0.99,model::deberta_sentiment_profile,DeBERTa + Sentiment Profile,42
7263,1,5.257922111923108e-06,0,0.99,model::deberta_sentiment_profile,DeBERTa + Sentiment Profile,42
15386,0,7.111024842743063e-06,0,0.99,model::deberta_sentiment_profile,DeBERTa + Sentiment Profile,42
14349,1,7.532715244451538e-06,0,0.99,model::deberta_sentiment_profile,DeBERTa + Sentiment Profile,42
21131,1,0.000120812888781,0,0.99,model::deberta_sentiment_profile,DeBERTa + Sentiment Profile,42
9817,0,0.9998551607131958,1,0.99,model::deberta_sentiment_profile,DeBERTa + Sentiment Profile,42
10877,0,5.697737378795864e-06,0,0.99,model::deberta_sentiment_profile,DeBERTa + Sentiment Profile,42
18463,1,7.456183084286749e-06,0,0.99,model::deberta_sentiment_profile,DeBERTa + Sentiment Profile,42
6629,1,2.559480890340637e-05,0,0.99,model::deberta_sentiment_profile,DeBERTa + Sentiment Profile,42
14541,1,4.602882654580753e-06,0,0.99,model::deberta_sentiment_profile,DeBERTa + Sentiment Profile,42
14884,1,5.213682470639469e-06,0,0.99,model::deberta_sentiment_profile,DeBERTa + Sentiment Profile,42
2215,0,4.824952156923246e-06,0,0.99,model::deberta_sentiment_profile,DeBERTa + Sentiment Profile,42
9773,1,5.884110123588471e-06,0,0.99,model::deberta_sentiment_profile,DeBERTa + Sentiment Profile,42
18562,0,5.221006631472847e-06,0,0.99,model::deberta_sentiment_profile,DeBERTa + Sentiment Profile,42
6143,1,4.951917162543396e-06,0,0.99,model::deberta_sentiment_profile,DeBERTa + Sentiment Profile,42
11551,0,1.3666788618138526e-05,0,0.99,model::deberta_sentiment_profile,DeBERTa + Sentiment Profile,42
13996,1,5.357173449738184e-06,0,0.99,model::deberta_sentiment_profile,DeBERTa + Sentiment Profile,42
9568,1,5.860723376827082e-06,0,0.99,model::deberta_sentiment_profile,DeBERTa + Sentiment Profile,42
19372,1,1.1269468814134598e-05,0,0.99,model::deberta_sentiment_profile,DeBERTa + Sentiment Profile,42
8080,1,6.323463367152726e-06,0,0.99,model::deberta_sentiment_profile,DeBERTa + Sentiment Profile,42
7987,1,4.886857368546771e-06,0,0.99,model::deberta_sentiment_profile,DeBERTa + Sentiment Profile,42
20784,1,9.13944768399233e-06,0,0.99,model::deberta_sentiment_profile,DeBERTa + Sentiment Profile,42
16157,0,5.425705239758827e-06,0,0.99,model::deberta_sentiment_profile,DeBERTa + Sentiment Profile,42
13696,1,6.345137990138028e-06,0,0.99,model::deberta_sentiment_profile,DeBERTa + Sentiment Profile,42
10440,1,4.241657734382898e-06,0,0.99,model::deberta_sentiment_profile,DeBERTa + Sentiment Profile,42
15548,1,1.212849747389555e-05,0,0.99,model::deberta_sentiment_profile,DeBERTa + Sentiment Profile,42
19883,0,5.521753337234259e-06,0,0.99,model::deberta_sentiment_profile,DeBERTa + Sentiment Profile,42
12834,1,4.356963017926319e-06,0,0.99,model::deberta_sentiment_profile,DeBERTa + Sentiment Profile,42
20620,0,4.675880518334452e-06,0,0.99,model::deberta_sentiment_profile,DeBERTa + Sentiment Profile,42
5767,0,2.222332659584936e-05,0,0.99,model::deberta_sentiment_profile,DeBERTa + Sentiment Profile,42
17817,0,5.121948106534546e-06,0,0.99,model::deberta_sentiment_profile,DeBERTa + Sentiment Profile,42
20158,0,4.660032118408708e-06,0,0.99,model::deberta_sentiment_profile,DeBERTa + Sentiment Profile,42
880,0,6.570984623976983e-06,0,0.99,model::deberta_sentiment_profile,DeBERTa + Sentiment Profile,42
12576,0,4.873635134572396e-06,0,0.99,model::deberta_sentiment_profile,DeBERTa + Sentiment Profile,42
644,1,7.767825991322752e-06,0,0.99,model::deberta_sentiment_profile,DeBERTa + Sentiment Profile,42
19510,0,4.498277576203691e-06,0,0.99,model::deberta_sentiment_profile,DeBERTa + Sentiment Profile,42
15492,0,0.9995835423469543,1,0.99,model::deberta_sentiment_profile,DeBERTa + Sentiment Profile,42
7563,0,4.9487643991597e-06,0,0.99,model::deberta_sentiment_profile,DeBERTa + Sentiment Profile,42
11597,0,6.094326636230107e-06,0,0.99,model::deberta_sentiment_profile,DeBERTa + Sentiment Profile,42
16398,0,4.456437181943329e-06,0,0.99,model::deberta_sentiment_profile,DeBERTa + Sentiment Profile,42
11855,1,4.804634045285638e-06,0,0.99,model::deberta_sentiment_profile,DeBERTa + Sentiment Profile,42
2772,1,6.051006948837312e-06,0,0.99,model::deberta_sentiment_profile,DeBERTa + Sentiment Profile,42
21125,1,5.094851530884625e-06,0,0.99,model::deberta_sentiment_profile,DeBERTa + Sentiment Profile,42
10189,1,5.354399945645128e-06,0,0.99,model::deberta_sentiment_profile,DeBERTa + Sentiment Profile,42
5790,0,5.175261321710423e-06,0,0.99,model::deberta_sentiment_profile,DeBERTa + Sentiment Profile,42
9368,0,4.079171503690304e-06,0,0.99,model::deberta_sentiment_profile,DeBERTa + Sentiment Profile,42
6941,0,5.131619218445849e-06,0,0.99,model::deberta_sentiment_profile,DeBERTa + Sentiment Profile,42
3266,0,4.958088993589627e-06,0,0.99,model::deberta_sentiment_profile,DeBERTa + Sentiment Profile,42
11833,0,5.202640750212595e-06,0,0.99,model::deberta_sentiment_profile,DeBERTa + Sentiment Profile,42
6764,1,4.386012278700946e-06,0,0.99,model::deberta_sentiment_profile,DeBERTa + Sentiment Profile,42
13066,1,1.061325838236371e-05,0,0.99,model::deberta_sentiment_profile,DeBERTa + Sentiment Profile,42
20392,0,4.901050488115288e-06,0,0.99,model::deberta_sentiment_profile,DeBERTa + Sentiment Profile,42
394,0,5.323818186298013e-06,0,0.99,model::deberta_sentiment_profile,DeBERTa + Sentiment Profile,42
1023,0,4.761959644383751e-06,0,0.99,model::deberta_sentiment_profile,DeBERTa + Sentiment Profile,42
13531,1,4.717796855402412e-06,0,0.99,model::deberta_sentiment_profile,DeBERTa + Sentiment Profile,42
12092,0,4.631247975339647e-06,0,0.99,model::deberta_sentiment_profile,DeBERTa + Sentiment Profile,42
13760,1,5.152072390046669e-06,0,0.99,model::deberta_sentiment_profile,DeBERTa + Sentiment Profile,42
2190,1,4.747304046759382e-06,0,0.99,model::deberta_sentiment_profile,DeBERTa + Sentiment Profile,42
18934,0,8.282868293463252e-06,0,0.99,model::deberta_sentiment_profile,DeBERTa + Sentiment Profile,42
19211,1,5.814005817228463e-06,0,0.99,model::deberta_sentiment_profile,DeBERTa + Sentiment Profile,42
11587,0,4.24706558987964e-06,0,0.99,model::deberta_sentiment_profile,DeBERTa + Sentiment Profile,42
17062,0,5.567332209466258e-06,0,0.99,model::deberta_sentiment_profile,DeBERTa + Sentiment Profile,42
2259,1,4.970264853909612e-06,0,0.99,model::deberta_sentiment_profile,DeBERTa + Sentiment Profile,42
13809,1,5.696726930182194e-06,0,0.99,model::deberta_sentiment_profile,DeBERTa + Sentiment Profile,42
1803,1,5.357985628506867e-06,0,0.99,model::deberta_sentiment_profile,DeBERTa + Sentiment Profile,42
12667,1,5.306442290020641e-06,0,0.99,model::deberta_sentiment_profile,DeBERTa + Sentiment Profile,42
17411,0,4.5354522626439575e-06,0,0.99,model::deberta_sentiment_profile,DeBERTa + Sentiment Profile,42
8698,1,3.7072070426802384e-06,0,0.99,model::deberta_sentiment_profile,DeBERTa + Sentiment Profile,42
6460,1,5.311251698003616e-06,0,0.99,model::deberta_sentiment_profile,DeBERTa + Sentiment Profile,42
13965,1,4.9211803343496285e-06,0,0.99,model::deberta_sentiment_profile,DeBERTa + Sentiment Profile,42
11339,0,4.225137672619894e-06,0,0.99,model::deberta_sentiment_profile,DeBERTa + Sentiment Profile,42
7569,1,6.618164206884103e-06,0,0.99,model::deberta_sentiment_profile,DeBERTa + Sentiment Profile,42
7963,1,5.489044269779697e-06,0,0.99,model::deberta_sentiment_profile,DeBERTa + Sentiment Profile,42
3414,1,5.799486189062009e-06,0,0.99,model::deberta_sentiment_profile,DeBERTa + Sentiment Profile,42
2590,1,4.522676135820802e-06,0,0.99,model::deberta_sentiment_profile,DeBERTa + Sentiment Profile,42
14210,1,4.8690594667277765e-06,0,0.99,model::deberta_sentiment_profile,DeBERTa + Sentiment Profile,42
10156,1,9.603004400560168e-06,0,0.99,model::deberta_sentiment_profile,DeBERTa + Sentiment Profile,42
8969,0,3.117983942502178e-05,0,0.99,model::deberta_sentiment_profile,DeBERTa + Sentiment Profile,42
4717,1,5.9733292800956406e-06,0,0.99,model::deberta_sentiment_profile,DeBERTa + Sentiment Profile,42
16809,0,6.883913556521293e-06,0,0.99,model::deberta_sentiment_profile,DeBERTa + Sentiment Profile,42
4177,1,4.693925802712329e-06,0,0.99,model::deberta_sentiment_profile,DeBERTa + Sentiment Profile,42
4534,1,5.202750344324159e-06,0,0.99,model::deberta_sentiment_profile,DeBERTa + Sentiment Profile,42
14469,0,4.571381396090146e-06,0,0.99,model::deberta_sentiment_profile,DeBERTa + Sentiment Profile,42
11927,1,6.423937065846985e-06,0,0.99,model::deberta_sentiment_profile,DeBERTa + Sentiment Profile,42
19264,0,4.627839643944753e-06,0,0.99,model::deberta_sentiment_profile,DeBERTa + Sentiment Profile,42
16944,0,6.280863544816384e-06,0,0.99,model::deberta_sentiment_profile,DeBERTa + Sentiment Profile,42
20919,1,5.079356014903169e-06,0,0.99,model::deberta_sentiment_profile,DeBERTa + Sentiment Profile,42
5177,0,6.35333663012716e-06,0,0.99,model::deberta_sentiment_profile,DeBERTa + Sentiment Profile,42
18181,1,4.97701466883882e-06,0,0.99,model::deberta_sentiment_profile,DeBERTa + Sentiment Profile,42
19414,1,7.469207048416138e-06,0,0.99,model::deberta_sentiment_profile,DeBERTa + Sentiment Profile,42
191,1,7.250204362208024e-06,0,0.99,model::deberta_sentiment_profile,DeBERTa + Sentiment Profile,42
13914,1,3.824455689027673e-06,0,0.99,model::deberta_sentiment_profile,DeBERTa + Sentiment Profile,42
20969,1,6.758626568625914e-06,0,0.99,model::deberta_sentiment_profile,DeBERTa + Sentiment Profile,42
8565,1,4.851279300055467e-06,0,0.99,model::deberta_sentiment_profile,DeBERTa + Sentiment Profile,42
15773,1,5.472610610013362e-06,0,0.99,model::deberta_sentiment_profile,DeBERTa + Sentiment Profile,42
9829,1,5.2108889576629736e-06,0,0.99,model::deberta_sentiment_profile,DeBERTa + Sentiment Profile,42
14330,0,4.814491148863453e-06,0,0.99,model::deberta_sentiment_profile,DeBERTa + Sentiment Profile,42
19291,0,4.806728156836471e-06,0,0.99,model::deberta_sentiment_profile,DeBERTa + Sentiment Profile,42
10709,1,6.629395556956297e-06,0,0.99,model::deberta_sentiment_profile,DeBERTa + Sentiment Profile,42
1170,0,1.0587661563477012e-05,0,0.99,model::deberta_sentiment_profile,DeBERTa + Sentiment Profile,42
15340,1,5.488059741765028e-06,0,0.99,model::deberta_sentiment_profile,DeBERTa + Sentiment Profile,42
14324,1,4.953513780492358e-06,0,0.99,model::deberta_sentiment_profile,DeBERTa + Sentiment Profile,42
18346,0,8.31365196063416e-06,0,0.99,model::deberta_sentiment_profile,DeBERTa + Sentiment Profile,42
14941,1,5.009200322092511e-06,0,0.99,model::deberta_sentiment_profile,DeBERTa + Sentiment Profile,42
19736,0,5.935294666414848e-06,0,0.99,model::deberta_sentiment_profile,DeBERTa + Sentiment Profile,42
17760,1,5.5341947700071614e-06,0,0.99,model::deberta_sentiment_profile,DeBERTa + Sentiment Profile,42
10372,1,4.823834387934767e-06,0,0.99,model::deberta_sentiment_profile,DeBERTa + Sentiment Profile,42
7236,1,6.593752914341167e-06,0,0.99,model::deberta_sentiment_profile,DeBERTa + Sentiment Profile,42
4339,1,2.726415186771192e-05,0,0.99,model::deberta_sentiment_profile,DeBERTa + Sentiment Profile,42
6041,0,4.2347728594904765e-05,0,0.99,model::deberta_sentiment_profile,DeBERTa + Sentiment Profile,42
5369,0,4.982414793630596e-06,0,0.99,model::deberta_sentiment_profile,DeBERTa + Sentiment Profile,42
16730,0,5.49240576219745e-06,0,0.99,model::deberta_sentiment_profile,DeBERTa + Sentiment Profile,42
20508,1,0.0001005369704216,0,0.99,model::deberta_sentiment_profile,DeBERTa + Sentiment Profile,42
13592,1,1.935537875397131e-05,0,0.99,model::deberta_sentiment_profile,DeBERTa + Sentiment Profile,42
8155,1,6.264914645726094e-06,0,0.99,model::deberta_sentiment_profile,DeBERTa + Sentiment Profile,42
18328,0,5.358680937206373e-06,0,0.99,model::deberta_sentiment_profile,DeBERTa + Sentiment Profile,42
19562,1,5.045455054641934e-06,0,0.99,model::deberta_sentiment_profile,DeBERTa + Sentiment Profile,42
17565,0,4.93235393150826e-06,0,0.99,model::deberta_sentiment_profile,DeBERTa + Sentiment Profile,42
1493,0,4.897840426565381e-06,0,0.99,model::deberta_sentiment_profile,DeBERTa + Sentiment Profile,42
15789,1,5.530960606847657e-06,0,0.99,model::deberta_sentiment_profile,DeBERTa + Sentiment Profile,42
4254,1,6.385907454387052e-06,0,0.99,model::deberta_sentiment_profile,DeBERTa + Sentiment Profile,42
19938,1,8.215088200813625e-06,0,0.99,model::deberta_sentiment_profile,DeBERTa + Sentiment Profile,42
2511,0,4.964121217199136e-06,0,0.99,model::deberta_sentiment_profile,DeBERTa + Sentiment Profile,42
3060,1,4.480355528357904e-06,0,0.99,model::deberta_sentiment_profile,DeBERTa + Sentiment Profile,42
5849,1,8.069358955253847e-06,0,0.99,model::deberta_sentiment_profile,DeBERTa + Sentiment Profile,42
18804,1,5.144069746165769e-06,0,0.99,model::deberta_sentiment_profile,DeBERTa + Sentiment Profile,42
2992,1,5.411277925304603e-06,0,0.99,model::deberta_sentiment_profile,DeBERTa + Sentiment Profile,42
1449,1,8.076826816250104e-06,0,0.99,model::deberta_sentiment_profile,DeBERTa + Sentiment Profile,42
20007,0,5.46733099326957e-06,0,0.99,model::deberta_sentiment_profile,DeBERTa + Sentiment Profile,42
19349,1,4.611960321199149e-06,0,0.99,model::deberta_sentiment_profile,DeBERTa + Sentiment Profile,42
17116,1,5.871873781870818e-06,0,0.99,model::deberta_sentiment_profile,DeBERTa + Sentiment Profile,42
1129,0,1.624416654522065e-05,0,0.99,model::deberta_sentiment_profile,DeBERTa + Sentiment Profile,42
17084,1,4.663766958401538e-06,0,0.99,model::deberta_sentiment_profile,DeBERTa + Sentiment Profile,42
11028,0,5.630697160086129e-06,0,0.99,model::deberta_sentiment_profile,DeBERTa + Sentiment Profile,42
9985,1,7.089668088156032e-06,0,0.99,model::deberta_sentiment_profile,DeBERTa + Sentiment Profile,42
9096,0,4.289415301172994e-06,0,0.99,model::deberta_sentiment_profile,DeBERTa + Sentiment Profile,42
20664,0,5.058492206444498e-06,0,0.99,model::deberta_sentiment_profile,DeBERTa + Sentiment Profile,42
6968,1,6.316399321804056e-06,0,0.99,model::deberta_sentiment_profile,DeBERTa + Sentiment Profile,42
15681,0,2.700046388781629e-05,0,0.99,model::deberta_sentiment_profile,DeBERTa + Sentiment Profile,42
7172,0,5.24146116731572e-06,0,0.99,model::deberta_sentiment_profile,DeBERTa + Sentiment Profile,42
10656,0,4.371313480078243e-06,0,0.99,model::deberta_sentiment_profile,DeBERTa + Sentiment Profile,42
3398,0,1.707906267256476e-05,0,0.99,model::deberta_sentiment_profile,DeBERTa + Sentiment Profile,42
1970,1,4.953740244673099e-06,0,0.99,model::deberta_sentiment_profile,DeBERTa + Sentiment Profile,42
3690,1,6.600893811992137e-06,0,0.99,model::deberta_sentiment_profile,DeBERTa + Sentiment Profile,42
5829,0,3.966948497691192e-06,0,0.99,model::deberta_sentiment_profile,DeBERTa + Sentiment Profile,42
8905,0,4.330261162976967e-06,0,0.99,model::deberta_sentiment_profile,DeBERTa + Sentiment Profile,42
15440,0,1.5388441170216538e-05,0,0.99,model::deberta_sentiment_profile,DeBERTa + Sentiment Profile,42
49,1,4.852940492128255e-06,0,0.99,model::deberta_sentiment_profile,DeBERTa + Sentiment Profile,42
2412,1,5.194614004722098e-06,0,0.99,model::deberta_sentiment_profile,DeBERTa + Sentiment Profile,42
13478,0,4.566754341794876e-06,0,0.99,model::deberta_sentiment_profile,DeBERTa + Sentiment Profile,42
17514,0,5.963499461358879e-06,0,0.99,model::deberta_sentiment_profile,DeBERTa + Sentiment Profile,42
3723,0,5.796986897621537e-06,0,0.99,model::deberta_sentiment_profile,DeBERTa + Sentiment Profile,42
7471,0,0.9999622106552124,1,0.99,model::deberta_sentiment_profile,DeBERTa + Sentiment Profile,42
25,1,6.823403055022936e-06,0,0.99,model::deberta_sentiment_profile,DeBERTa + Sentiment Profile,42
17971,1,5.94064113101922e-06,0,0.99,model::deberta_sentiment_profile,DeBERTa + Sentiment Profile,42
5061,1,4.547050139080966e-06,0,0.99,model::deberta_sentiment_profile,DeBERTa + Sentiment Profile,42
11342,0,5.015480837755604e-06,0,0.99,model::deberta_sentiment_profile,DeBERTa + Sentiment Profile,42
4069,1,7.27192764315987e-06,0,0.99,model::deberta_sentiment_profile,DeBERTa + Sentiment Profile,42
1796,0,0.9998569488525392,1,0.99,model::deberta_sentiment_profile,DeBERTa + Sentiment Profile,42
13682,0,4.159355285082711e-06,0,0.99,model::deberta_sentiment_profile,DeBERTa + Sentiment Profile,42
8867,1,4.782029009220423e-06,0,0.99,model::deberta_sentiment_profile,DeBERTa + Sentiment Profile,42
15767,1,7.574409210064914e-06,0,0.99,model::deberta_sentiment_profile,DeBERTa + Sentiment Profile,42
20628,1,5.015882834413787e-06,0,0.99,model::deberta_sentiment_profile,DeBERTa + Sentiment Profile,42
6935,1,4.815574811800616e-06,0,0.99,model::deberta_sentiment_profile,DeBERTa + Sentiment Profile,42
20056,1,4.454036570677999e-06,0,0.99,model::deberta_sentiment_profile,DeBERTa + Sentiment Profile,42
5592,1,5.7096553973678965e-06,0,0.99,model::deberta_sentiment_profile,DeBERTa + Sentiment Profile,42
19316,1,4.753039320348762e-06,0,0.99,model::deberta_sentiment_profile,DeBERTa + Sentiment Profile,42
7887,1,6.8647050284198485e-06,0,0.99,model::deberta_sentiment_profile,DeBERTa + Sentiment Profile,42
10219,1,8.476725270156749e-06,0,0.99,model::deberta_sentiment_profile,DeBERTa + Sentiment Profile,42
15212,0,8.728196917218156e-06,0,0.99,model::deberta_sentiment_profile,DeBERTa + Sentiment Profile,42
8530,0,5.870826043974375e-06,0,0.99,model::deberta_sentiment_profile,DeBERTa + Sentiment Profile,42
11428,1,4.620964318746701e-06,0,0.99,model::deberta_sentiment_profile,DeBERTa + Sentiment Profile,42
4217,0,6.0061288422730286e-06,0,0.99,model::deberta_sentiment_profile,DeBERTa + Sentiment Profile,42
15424,0,5.584902282862458e-06,0,0.99,model::deberta_sentiment_profile,DeBERTa + Sentiment Profile,42
21114,1,5.382045401347568e-06,0,0.99,model::deberta_sentiment_profile,DeBERTa + Sentiment Profile,42
5793,1,8.46369584905915e-06,0,0.99,model::deberta_sentiment_profile,DeBERTa + Sentiment Profile,42
14533,1,4.310977601562627e-06,0,0.99,model::deberta_sentiment_profile,DeBERTa + Sentiment Profile,42
7866,1,5.9343497014197055e-06,0,0.99,model::deberta_sentiment_profile,DeBERTa + Sentiment Profile,42
19695,1,5.726849849452265e-06,0,0.99,model::deberta_sentiment_profile,DeBERTa + Sentiment Profile,42
16004,1,6.653159289271571e-06,0,0.99,model::deberta_sentiment_profile,DeBERTa + Sentiment Profile,42
3239,0,5.014826001570327e-06,0,0.99,model::deberta_sentiment_profile,DeBERTa + Sentiment Profile,42
3527,0,6.755108188372105e-06,0,0.99,model::deberta_sentiment_profile,DeBERTa + Sentiment Profile,42
16501,1,4.4563353185367305e-06,0,0.99,model::deberta_sentiment_profile,DeBERTa + Sentiment Profile,42
18416,0,4.338305188866798e-06,0,0.99,model::deberta_sentiment_profile,DeBERTa + Sentiment Profile,42
19251,0,4.882935172645375e-06,0,0.99,model::deberta_sentiment_profile,DeBERTa + Sentiment Profile,42
2961,1,4.907425136480015e-06,0,0.99,model::deberta_sentiment_profile,DeBERTa + Sentiment Profile,42
11149,0,4.409818302519852e-06,0,0.99,model::deberta_sentiment_profile,DeBERTa + Sentiment Profile,42
12669,1,5.12140104547143e-06,0,0.99,model::deberta_sentiment_profile,DeBERTa + Sentiment Profile,42
20575,0,4.575210823531961e-06,0,0.99,model::deberta_sentiment_profile,DeBERTa + Sentiment Profile,42
19971,0,5.963686817267444e-06,0,0.99,model::deberta_sentiment_profile,DeBERTa + Sentiment Profile,42
10848,0,4.15494287153706e-06,0,0.99,model::deberta_sentiment_profile,DeBERTa + Sentiment Profile,42
9864,1,5.253776635072427e-06,0,0.99,model::deberta_sentiment_profile,DeBERTa + Sentiment Profile,42
20475,0,4.988638465874828e-06,0,0.99,model::deberta_sentiment_profile,DeBERTa + Sentiment Profile,42
13271,1,4.791944775206503e-06,0,0.99,model::deberta_sentiment_profile,DeBERTa + Sentiment Profile,42
15921,1,9.429940291738603e-06,0,0.99,model::deberta_sentiment_profile,DeBERTa + Sentiment Profile,42
10018,1,6.103224677644903e-06,0,0.99,model::deberta_sentiment_profile,DeBERTa + Sentiment Profile,42
16642,0,4.582826932164608e-06,0,0.99,model::deberta_sentiment_profile,DeBERTa + Sentiment Profile,42
10634,0,5.621329364657868e-06,0,0.99,model::deberta_sentiment_profile,DeBERTa + Sentiment Profile,42
16120,1,4.434244146978017e-06,0,0.99,model::deberta_sentiment_profile,DeBERTa + Sentiment Profile,42
14174,1,5.360162958822912e-06,0,0.99,model::deberta_sentiment_profile,DeBERTa + Sentiment Profile,42
11296,0,5.291333309287438e-06,0,0.99,model::deberta_sentiment_profile,DeBERTa + Sentiment Profile,42
2168,1,1.0150647540285718e-05,0,0.99,model::deberta_sentiment_profile,DeBERTa + Sentiment Profile,42
5118,1,4.442120825842721e-06,0,0.99,model::deberta_sentiment_profile,DeBERTa + Sentiment Profile,42
2608,0,5.231828617979773e-05,0,0.99,model::deberta_sentiment_profile,DeBERTa + Sentiment Profile,42
13813,1,6.545267297042301e-06,0,0.99,model::deberta_sentiment_profile,DeBERTa + Sentiment Profile,42
8051,1,4.528796125669032e-06,0,0.99,model::deberta_sentiment_profile,DeBERTa + Sentiment Profile,42
17462,0,5.11032567374059e-06,0,0.99,model::deberta_sentiment_profile,DeBERTa + Sentiment Profile,42
6082,1,5.936302841291763e-06,0,0.99,model::deberta_sentiment_profile,DeBERTa + Sentiment Profile,42
14585,1,5.153895472176373e-06,0,0.99,model::deberta_sentiment_profile,DeBERTa + Sentiment Profile,42
17465,0,4.841854661208345e-06,0,0.99,model::deberta_sentiment_profile,DeBERTa + Sentiment Profile,42
4921,0,4.248057848599274e-06,0,0.99,model::deberta_sentiment_profile,DeBERTa + Sentiment Profile,42
4263,0,4.374941909190966e-06,0,0.99,model::deberta_sentiment_profile,DeBERTa + Sentiment Profile,42
6430,1,7.601197012263583e-06,0,0.99,model::deberta_sentiment_profile,DeBERTa + Sentiment Profile,42
7255,1,4.661005277739605e-06,0,0.99,model::deberta_sentiment_profile,DeBERTa + Sentiment Profile,42
13883,1,5.646468707709573e-06,0,0.99,model::deberta_sentiment_profile,DeBERTa + Sentiment Profile,42
7334,0,4.124295628571417e-06,0,0.99,model::deberta_sentiment_profile,DeBERTa + Sentiment Profile,42
14839,0,4.558139153232332e-06,0,0.99,model::deberta_sentiment_profile,DeBERTa + Sentiment Profile,42
947,0,4.139360498811584e-06,0,0.99,model::deberta_sentiment_profile,DeBERTa + Sentiment Profile,42
9665,1,5.712024176318664e-06,0,0.99,model::deberta_sentiment_profile,DeBERTa + Sentiment Profile,42
9765,1,4.976583113602828e-06,0,0.99,model::deberta_sentiment_profile,DeBERTa + Sentiment Profile,42
12532,0,4.408022505231202e-06,0,0.99,model::deberta_sentiment_profile,DeBERTa + Sentiment Profile,42
6202,1,5.770610187028069e-06,0,0.99,model::deberta_sentiment_profile,DeBERTa + Sentiment Profile,42
3441,0,5.961713668511948e-06,0,0.99,model::deberta_sentiment_profile,DeBERTa + Sentiment Profile,42
11841,1,4.846784122491954e-06,0,0.99,model::deberta_sentiment_profile,DeBERTa + Sentiment Profile,42
12968,0,5.484240773512283e-06,0,0.99,model::deberta_sentiment_profile,DeBERTa + Sentiment Profile,42
913,0,4.509625796345063e-06,0,0.99,model::deberta_sentiment_profile,DeBERTa + Sentiment Profile,42
1365,1,5.718281499866862e-06,0,0.99,model::deberta_sentiment_profile,DeBERTa + Sentiment Profile,42
849,0,4.7685216486570425e-06,0,0.99,model::deberta_sentiment_profile,DeBERTa + Sentiment Profile,42
18962,0,5.8630271269066725e-06,0,0.99,model::deberta_sentiment_profile,DeBERTa + Sentiment Profile,42
20352,1,5.5499872360087465e-06,0,0.99,model::deberta_sentiment_profile,DeBERTa + Sentiment Profile,42
9798,1,5.3751873565488495e-06,0,0.99,model::deberta_sentiment_profile,DeBERTa + Sentiment Profile,42
14501,0,5.044954377808608e-06,0,0.99,model::deberta_sentiment_profile,DeBERTa + Sentiment Profile,42
3732,1,6.54785753795295e-06,0,0.99,model::deberta_sentiment_profile,DeBERTa + Sentiment Profile,42
12595,1,4.880821506958455e-06,0,0.99,model::deberta_sentiment_profile,DeBERTa + Sentiment Profile,42
6974,1,4.904655270365765e-06,0,0.99,model::deberta_sentiment_profile,DeBERTa + Sentiment Profile,42
8882,1,4.6210739128582645e-06,0,0.99,model::deberta_sentiment_profile,DeBERTa + Sentiment Profile,42
16266,0,4.714342594525078e-06,0,0.99,model::deberta_sentiment_profile,DeBERTa + Sentiment Profile,42
15334,1,3.474504774203524e-05,0,0.99,model::deberta_sentiment_profile,DeBERTa + Sentiment Profile,42
6697,1,4.373949195723981e-06,0,0.99,model::deberta_sentiment_profile,DeBERTa + Sentiment Profile,42
4665,1,1.250792047358118e-05,0,0.99,model::deberta_sentiment_profile,DeBERTa + Sentiment Profile,42
20143,0,4.286008788767504e-06,0,0.99,model::deberta_sentiment_profile,DeBERTa + Sentiment Profile,42
6868,0,3.6070503028895473e-06,0,0.99,model::deberta_sentiment_profile,DeBERTa + Sentiment Profile,42
5364,1,5.003365458833287e-06,0,0.99,model::deberta_sentiment_profile,DeBERTa + Sentiment Profile,42
6120,1,4.336522579251323e-06,0,0.99,model::deberta_sentiment_profile,DeBERTa + Sentiment Profile,42
11173,0,3.82368989448878e-06,0,0.99,model::deberta_sentiment_profile,DeBERTa + Sentiment Profile,42
15071,0,2.1981270037940703e-05,0,0.99,model::deberta_sentiment_profile,DeBERTa + Sentiment Profile,42
10881,0,5.829251676914282e-06,0,0.99,model::deberta_sentiment_profile,DeBERTa + Sentiment Profile,42
12164,1,9.99039002635982e-06,0,0.99,model::deberta_sentiment_profile,DeBERTa + Sentiment Profile,42
3926,1,5.570104349317262e-06,0,0.99,model::deberta_sentiment_profile,DeBERTa + Sentiment Profile,42
5021,1,4.898111001239158e-06,0,0.99,model::deberta_sentiment_profile,DeBERTa + Sentiment Profile,42
11604,1,4.4981147766520735e-06,0,0.99,model::deberta_sentiment_profile,DeBERTa + Sentiment Profile,42
18608,1,5.196705387788825e-06,0,0.99,model::deberta_sentiment_profile,DeBERTa + Sentiment Profile,42
8138,0,4.70925988338422e-06,0,0.99,model::deberta_sentiment_profile,DeBERTa + Sentiment Profile,42
20209,0,2.930379741883371e-05,0,0.99,model::deberta_sentiment_profile,DeBERTa + Sentiment Profile,42
12932,0,4.773763521370711e-06,0,0.99,model::deberta_sentiment_profile,DeBERTa + Sentiment Profile,42
17276,1,6.378530542860972e-06,0,0.99,model::deberta_sentiment_profile,DeBERTa + Sentiment Profile,42
2885,1,4.9378227231500205e-06,0,0.99,model::deberta_sentiment_profile,DeBERTa + Sentiment Profile,42
8594,0,5.795173365186201e-06,0,0.99,model::deberta_sentiment_profile,DeBERTa + Sentiment Profile,42
12423,1,5.723748472519219e-06,0,0.99,model::deberta_sentiment_profile,DeBERTa + Sentiment Profile,42
15119,0,4.9246409616898745e-06,0,0.99,model::deberta_sentiment_profile,DeBERTa + Sentiment Profile,42
10228,0,4.516796707321191e-06,0,0.99,model::deberta_sentiment_profile,DeBERTa + Sentiment Profile,42
5378,1,4.538636858342215e-06,0,0.99,model::deberta_sentiment_profile,DeBERTa + Sentiment Profile,42
18305,1,5.065463028586237e-06,0,0.99,model::deberta_sentiment_profile,DeBERTa + Sentiment Profile,42
1619,0,4.5660226533073e-06,0,0.99,model::deberta_sentiment_profile,DeBERTa + Sentiment Profile,42
10250,1,6.16723400526098e-06,0,0.99,model::deberta_sentiment_profile,DeBERTa + Sentiment Profile,42
13321,0,4.359090780781116e-06,0,0.99,model::deberta_sentiment_profile,DeBERTa + Sentiment Profile,42
14508,1,5.704490376956528e-06,0,0.99,model::deberta_sentiment_profile,DeBERTa + Sentiment Profile,42
18074,1,4.581957000482362e-06,0,0.99,model::deberta_sentiment_profile,DeBERTa + Sentiment Profile,42
18548,1,5.987599706713809e-06,0,0.99,model::deberta_sentiment_profile,DeBERTa + Sentiment Profile,42
16401,1,7.579857538075885e-06,0,0.99,model::deberta_sentiment_profile,DeBERTa + Sentiment Profile,42
18906,0,5.84711278861505e-06,0,0.99,model::deberta_sentiment_profile,DeBERTa + Sentiment Profile,42
11862,0,4.801945124199847e-06,0,0.99,model::deberta_sentiment_profile,DeBERTa + Sentiment Profile,42
21074,0,4.636064659280237e-06,0,0.99,model::deberta_sentiment_profile,DeBERTa + Sentiment Profile,42
19687,1,4.754426754516317e-06,0,0.99,model::deberta_sentiment_profile,DeBERTa + Sentiment Profile,42
18495,1,1.0714693416957743e-05,0,0.99,model::deberta_sentiment_profile,DeBERTa + Sentiment Profile,42
9398,1,7.721795554971322e-06,0,0.99,model::deberta_sentiment_profile,DeBERTa + Sentiment Profile,42
11589,0,5.593420155491913e-06,0,0.99,model::deberta_sentiment_profile,DeBERTa + Sentiment Profile,42
702,0,5.30003990206751e-06,0,0.99,model::deberta_sentiment_profile,DeBERTa + Sentiment Profile,42
6624,1,5.560047156905057e-06,0,0.99,model::deberta_sentiment_profile,DeBERTa + Sentiment Profile,42
2681,1,4.920124865748221e-06,0,0.99,model::deberta_sentiment_profile,DeBERTa + Sentiment Profile,42
4359,1,5.605007572739851e-06,0,0.99,model::deberta_sentiment_profile,DeBERTa + Sentiment Profile,42
8981,1,8.95948051038431e-06,0,0.99,model::deberta_sentiment_profile,DeBERTa + Sentiment Profile,42
201,0,4.113768227398396e-06,0,0.99,model::deberta_sentiment_profile,DeBERTa + Sentiment Profile,42
4761,0,5.251247330306796e-06,0,0.99,model::deberta_sentiment_profile,DeBERTa + Sentiment Profile,42
19171,0,2.8309921617619693e-05,0,0.99,model::deberta_sentiment_profile,DeBERTa + Sentiment Profile,42
18927,0,5.179982053959975e-06,0,0.99,model::deberta_sentiment_profile,DeBERTa + Sentiment Profile,42
2522,1,6.00638077230542e-06,0,0.99,model::deberta_sentiment_profile,DeBERTa + Sentiment Profile,42
20437,0,5.29347335032071e-06,0,0.99,model::deberta_sentiment_profile,DeBERTa + Sentiment Profile,42
16968,1,7.999709850992076e-06,0,0.99,model::deberta_sentiment_profile,DeBERTa + Sentiment Profile,42
2417,0,5.29408907823381e-06,0,0.99,model::deberta_sentiment_profile,DeBERTa + Sentiment Profile,42
20291,0,4.808332960237749e-06,0,0.99,model::deberta_sentiment_profile,DeBERTa + Sentiment Profile,42
10430,0,4.7946964514267165e-06,0,0.99,model::deberta_sentiment_profile,DeBERTa + Sentiment Profile,42
14417,0,4.751339929498499e-06,0,0.99,model::deberta_sentiment_profile,DeBERTa + Sentiment Profile,42
20335,1,5.425793460744899e-06,0,0.99,model::deberta_sentiment_profile,DeBERTa + Sentiment Profile,42
12330,0,4.959833859174978e-06,0,0.99,model::deberta_sentiment_profile,DeBERTa + Sentiment Profile,42
12502,0,4.401171736390097e-06,0,0.99,model::deberta_sentiment_profile,DeBERTa + Sentiment Profile,42
9690,1,5.202517058933154e-06,0,0.99,model::deberta_sentiment_profile,DeBERTa + Sentiment Profile,42
11811,1,4.661249931814382e-06,0,0.99,model::deberta_sentiment_profile,DeBERTa + Sentiment Profile,42
13900,0,1.0560858754615763e-05,0,0.99,model::deberta_sentiment_profile,DeBERTa + Sentiment Profile,42
10589,0,4.15726162827923e-06,0,0.99,model::deberta_sentiment_profile,DeBERTa + Sentiment Profile,42
11457,0,5.0695416575763375e-06,0,0.99,model::deberta_sentiment_profile,DeBERTa + Sentiment Profile,42
11593,0,5.177157163416268e-06,0,0.99,model::deberta_sentiment_profile,DeBERTa + Sentiment Profile,42
19874,1,5.49893638890353e-06,0,0.99,model::deberta_sentiment_profile,DeBERTa + Sentiment Profile,42
8546,1,4.9280374696536455e-06,0,0.99,model::deberta_sentiment_profile,DeBERTa + Sentiment Profile,42
13087,1,4.4125104068371e-06,0,0.99,model::deberta_sentiment_profile,DeBERTa + Sentiment Profile,42
4053,1,5.209417849982856e-06,0,0.99,model::deberta_sentiment_profile,DeBERTa + Sentiment Profile,42
11035,0,4.282438112568343e-06,0,0.99,model::deberta_sentiment_profile,DeBERTa + Sentiment Profile,42
7106,0,1.6019146642065607e-05,0,0.99,model::deberta_sentiment_profile,DeBERTa + Sentiment Profile,42
16967,1,9.269305337511469e-06,0,0.99,model::deberta_sentiment_profile,DeBERTa + Sentiment Profile,42
14055,0,4.428513420862146e-06,0,0.99,model::deberta_sentiment_profile,DeBERTa + Sentiment Profile,42
18254,1,4.365231234260136e-06,0,0.99,model::deberta_sentiment_profile,DeBERTa + Sentiment Profile,42
4141,1,6.901648703205865e-06,0,0.99,model::deberta_sentiment_profile,DeBERTa + Sentiment Profile,42
14685,1,5.275451258057728e-06,0,0.99,model::deberta_sentiment_profile,DeBERTa + Sentiment Profile,42
3870,1,5.007304025639314e-06,0,0.99,model::deberta_sentiment_profile,DeBERTa + Sentiment Profile,42
12585,1,5.007728759665042e-06,0,0.99,model::deberta_sentiment_profile,DeBERTa + Sentiment Profile,42
20856,0,4.52932317784871e-06,0,0.99,model::deberta_sentiment_profile,DeBERTa + Sentiment Profile,42
15655,1,4.519692083704285e-06,0,0.99,model::deberta_sentiment_profile,DeBERTa + Sentiment Profile,42
12360,1,4.621457719622413e-06,0,0.99,model::deberta_sentiment_profile,DeBERTa + Sentiment Profile,42
4962,0,5.292584773997078e-06,0,0.99,model::deberta_sentiment_profile,DeBERTa + Sentiment Profile,42
13155,1,4.706467734649777e-06,0,0.99,model::deberta_sentiment_profile,DeBERTa + Sentiment Profile,42
12601,0,4.858779902860988e-06,0,0.99,model::deberta_sentiment_profile,DeBERTa + Sentiment Profile,42
1625,1,4.824077677767491e-06,0,0.99,model::deberta_sentiment_profile,DeBERTa + Sentiment Profile,42
6045,1,5.047178092354443e-06,0,0.99,model::deberta_sentiment_profile,DeBERTa + Sentiment Profile,42
9783,0,5.012434939999366e-06,0,0.99,model::deberta_sentiment_profile,DeBERTa + Sentiment Profile,42
4525,0,4.188429102214286e-06,0,0.99,model::deberta_sentiment_profile,DeBERTa + Sentiment Profile,42
18524,0,5.386537850426976e-06,0,0.99,model::deberta_sentiment_profile,DeBERTa + Sentiment Profile,42
1911,1,8.070513104030397e-06,0,0.99,model::deberta_sentiment_profile,DeBERTa + Sentiment Profile,42
6497,1,5.474990757647902e-06,0,0.99,model::deberta_sentiment_profile,DeBERTa + Sentiment Profile,42
2439,0,1.26234044728335e-05,0,0.99,model::deberta_sentiment_profile,DeBERTa + Sentiment Profile,42
19139,1,5.004253125662217e-06,0,0.99,model::deberta_sentiment_profile,DeBERTa + Sentiment Profile,42
9705,0,5.631653039017692e-06,0,0.99,model::deberta_sentiment_profile,DeBERTa + Sentiment Profile,42
13888,0,1.80963434104342e-05,0,0.99,model::deberta_sentiment_profile,DeBERTa + Sentiment Profile,42
1130,1,4.378514859126881e-06,0,0.99,model::deberta_sentiment_profile,DeBERTa + Sentiment Profile,42
2383,1,5.14473686052952e-06,0,0.99,model::deberta_sentiment_profile,DeBERTa + Sentiment Profile,42
19105,0,4.145771981711732e-06,0,0.99,model::deberta_sentiment_profile,DeBERTa + Sentiment Profile,42
9378,1,2.6419447749503888e-05,0,0.99,model::deberta_sentiment_profile,DeBERTa + Sentiment Profile,42
12134,0,4.927666395815322e-06,0,0.99,model::deberta_sentiment_profile,DeBERTa + Sentiment Profile,42
1229,1,7.619123607582878e-06,0,0.99,model::deberta_sentiment_profile,DeBERTa + Sentiment Profile,42
3541,0,4.31656053478946e-06,0,0.99,model::deberta_sentiment_profile,DeBERTa + Sentiment Profile,42
18869,0,4.840695964958286e-06,0,0.99,model::deberta_sentiment_profile,DeBERTa + Sentiment Profile,42
14407,1,5.9050671552540734e-06,0,0.99,model::deberta_sentiment_profile,DeBERTa + Sentiment Profile,42
10759,1,5.1184615585953e-06,0,0.99,model::deberta_sentiment_profile,DeBERTa + Sentiment Profile,42
16389,0,5.133381364430534e-06,0,0.99,model::deberta_sentiment_profile,DeBERTa + Sentiment Profile,42
14450,1,5.190657702769386e-06,0,0.99,model::deberta_sentiment_profile,DeBERTa + Sentiment Profile,42
12180,1,5.668330231856089e-06,0,0.99,model::deberta_sentiment_profile,DeBERTa + Sentiment Profile,42
2887,1,5.134722869115649e-06,0,0.99,model::deberta_sentiment_profile,DeBERTa + Sentiment Profile,42
8839,0,5.056500413047616e-06,0,0.99,model::deberta_sentiment_profile,DeBERTa + Sentiment Profile,42
14721,1,9.548196430841926e-06,0,0.99,model::deberta_sentiment_profile,DeBERTa + Sentiment Profile,42
7710,1,4.890335276286351e-06,0,0.99,model::deberta_sentiment_profile,DeBERTa + Sentiment Profile,42
20750,0,4.87989063913119e-06,0,0.99,model::deberta_sentiment_profile,DeBERTa + Sentiment Profile,42
658,1,4.607713890436571e-06,0,0.99,model::deberta_sentiment_profile,DeBERTa + Sentiment Profile,42
16111,0,4.987615284335334e-06,0,0.99,model::deberta_sentiment_profile,DeBERTa + Sentiment Profile,42
19833,1,4.938910933560692e-06,0,0.99,model::deberta_sentiment_profile,DeBERTa + Sentiment Profile,42
6161,0,6.768430921511026e-06,0,0.99,model::deberta_sentiment_profile,DeBERTa + Sentiment Profile,42
16884,1,4.643910415325081e-06,0,0.99,model::deberta_sentiment_profile,DeBERTa + Sentiment Profile,42
5903,1,4.2387341636640485e-06,0,0.99,model::deberta_sentiment_profile,DeBERTa + Sentiment Profile,42
4020,0,4.342572992754867e-06,0,0.99,model::deberta_sentiment_profile,DeBERTa + Sentiment Profile,42
2822,0,4.05243235945818e-06,0,0.99,model::deberta_sentiment_profile,DeBERTa + Sentiment Profile,42
17899,1,5.630262421618681e-06,0,0.99,model::deberta_sentiment_profile,DeBERTa + Sentiment Profile,42
11967,0,5.354042514227331e-06,0,0.99,model::deberta_sentiment_profile,DeBERTa + Sentiment Profile,42
16633,1,4.766075562656624e-06,0,0.99,model::deberta_sentiment_profile,DeBERTa + Sentiment Profile,42
15481,1,5.224662800173974e-06,0,0.99,model::deberta_sentiment_profile,DeBERTa + Sentiment Profile,42
10860,1,4.916864781989716e-06,0,0.99,model::deberta_sentiment_profile,DeBERTa + Sentiment Profile,42
8770,1,5.5451091611757874e-06,0,0.99,model::deberta_sentiment_profile,DeBERTa + Sentiment Profile,42
647,1,5.6008507272053976e-06,0,0.99,model::deberta_sentiment_profile,DeBERTa + Sentiment Profile,42
9453,1,4.793160314875422e-06,0,0.99,model::deberta_sentiment_profile,DeBERTa + Sentiment Profile,42
11535,1,5.734731075790478e-06,0,0.99,model::deberta_sentiment_profile,DeBERTa + Sentiment Profile,42
17005,1,5.025842710892903e-06,0,0.99,model::deberta_sentiment_profile,DeBERTa + Sentiment Profile,42
3022,1,4.789185368281324e-06,0,0.99,model::deberta_sentiment_profile,DeBERTa + Sentiment Profile,42
14896,0,6.002693226037081e-06,0,0.99,model::deberta_sentiment_profile,DeBERTa + Sentiment Profile,42
3587,1,7.576511052320711e-06,0,0.99,model::deberta_sentiment_profile,DeBERTa + Sentiment Profile,42
12652,1,5.068342943559401e-06,0,0.99,model::deberta_sentiment_profile,DeBERTa + Sentiment Profile,42
17345,0,5.08390667164349e-06,0,0.99,model::deberta_sentiment_profile,DeBERTa + Sentiment Profile,42
15517,1,5.081735253043007e-06,0,0.99,model::deberta_sentiment_profile,DeBERTa + Sentiment Profile,42
17189,1,4.940276994602755e-06,0,0.99,model::deberta_sentiment_profile,DeBERTa + Sentiment Profile,42
9134,1,4.590131084114546e-06,0,0.99,model::deberta_sentiment_profile,DeBERTa + Sentiment Profile,42
12200,1,5.69971552977222e-06,0,0.99,model::deberta_sentiment_profile,DeBERTa + Sentiment Profile,42
4839,1,5.23515655004303e-06,0,0.99,model::deberta_sentiment_profile,DeBERTa + Sentiment Profile,42
8432,0,4.344855824456317e-06,0,0.99,model::deberta_sentiment_profile,DeBERTa + Sentiment Profile,42
6609,0,5.2526647777995095e-06,0,0.99,model::deberta_sentiment_profile,DeBERTa + Sentiment Profile,42
11117,1,4.856908162764739e-06,0,0.99,model::deberta_sentiment_profile,DeBERTa + Sentiment Profile,42
18588,0,4.282535883248784e-06,0,0.99,model::deberta_sentiment_profile,DeBERTa + Sentiment Profile,42
11898,1,6.797229161747964e-06,0,0.99,model::deberta_sentiment_profile,DeBERTa + Sentiment Profile,42
4684,1,1.0584170013316909e-05,0,0.99,model::deberta_sentiment_profile,DeBERTa + Sentiment Profile,42
8985,1,5.258729743218282e-06,0,0.99,model::deberta_sentiment_profile,DeBERTa + Sentiment Profile,42
3148,0,5.680202775693033e-06,0,0.99,model::deberta_sentiment_profile,DeBERTa + Sentiment Profile,42
16635,1,7.47999138184241e-06,0,0.99,model::deberta_sentiment_profile,DeBERTa + Sentiment Profile,42
20623,1,4.609243205777602e-06,0,0.99,model::deberta_sentiment_profile,DeBERTa + Sentiment Profile,42
3382,1,5.917220732953865e-06,0,0.99,model::deberta_sentiment_profile,DeBERTa + Sentiment Profile,42
16006,0,4.82004497825983e-06,0,0.99,model::deberta_sentiment_profile,DeBERTa + Sentiment Profile,42
15846,1,4.325927420723019e-06,0,0.99,model::deberta_sentiment_profile,DeBERTa + Sentiment Profile,42
2724,0,4.382391125545837e-06,0,0.99,model::deberta_sentiment_profile,DeBERTa + Sentiment Profile,42
14423,0,4.814160547539359e-06,0,0.99,model::deberta_sentiment_profile,DeBERTa + Sentiment Profile,42
19181,0,4.174416517344071e-06,0,0.99,model::deberta_sentiment_profile,DeBERTa + Sentiment Profile,42
13906,1,4.651356448448496e-06,0,0.99,model::deberta_sentiment_profile,DeBERTa + Sentiment Profile,42
6906,0,4.893759523838526e-06,0,0.99,model::deberta_sentiment_profile,DeBERTa + Sentiment Profile,42
14746,0,4.481150426727254e-06,0,0.99,model::deberta_sentiment_profile,DeBERTa + Sentiment Profile,42
18165,0,4.939273367199348e-06,0,0.99,model::deberta_sentiment_profile,DeBERTa + Sentiment Profile,42
10178,1,7.431096491927747e-06,0,0.99,model::deberta_sentiment_profile,DeBERTa + Sentiment Profile,42
11965,0,4.546079253486823e-06,0,0.99,model::deberta_sentiment_profile,DeBERTa + Sentiment Profile,42
6514,0,6.820345788582927e-06,0,0.99,model::deberta_sentiment_profile,DeBERTa + Sentiment Profile,42
12259,1,4.4474872993305326e-06,0,0.99,model::deberta_sentiment_profile,DeBERTa + Sentiment Profile,42
4443,0,5.340161806088872e-06,0,0.99,model::deberta_sentiment_profile,DeBERTa + Sentiment Profile,42
17788,1,4.31041007686872e-06,0,0.99,model::deberta_sentiment_profile,DeBERTa + Sentiment Profile,42
20738,1,4.516688932199031e-06,0,0.99,model::deberta_sentiment_profile,DeBERTa + Sentiment Profile,42
694,1,4.733633431897033e-06,0,0.99,model::deberta_sentiment_profile,DeBERTa + Sentiment Profile,42
16476,1,2.5807314159465022e-05,0,0.99,model::deberta_sentiment_profile,DeBERTa + Sentiment Profile,42
9628,1,6.243514690140728e-06,0,0.99,model::deberta_sentiment_profile,DeBERTa + Sentiment Profile,42
13808,0,6.274618954194011e-06,0,0.99,model::deberta_sentiment_profile,DeBERTa + Sentiment Profile,42
13474,1,4.924894710711669e-06,0,0.99,model::deberta_sentiment_profile,DeBERTa + Sentiment Profile,42
16807,0,5.816501470690128e-06,0,0.99,model::deberta_sentiment_profile,DeBERTa + Sentiment Profile,42
9251,1,7.150105830078246e-06,0,0.99,model::deberta_sentiment_profile,DeBERTa + Sentiment Profile,42
4372,0,4.772607098857407e-06,0,0.99,model::deberta_sentiment_profile,DeBERTa + Sentiment Profile,42
5210,0,1.6327674529748037e-05,0,0.99,model::deberta_sentiment_profile,DeBERTa + Sentiment Profile,42
16415,1,2.7659281840897165e-05,0,0.99,model::deberta_sentiment_profile,DeBERTa + Sentiment Profile,42
18154,1,5.085191787657095e-06,0,0.99,model::deberta_sentiment_profile,DeBERTa + Sentiment Profile,42
7981,0,5.3278004088497255e-06,0,0.99,model::deberta_sentiment_profile,DeBERTa + Sentiment Profile,42
7735,0,6.931662210263312e-05,0,0.99,model::deberta_sentiment_profile,DeBERTa + Sentiment Profile,42
1586,0,2.2968801204115152e-05,0,0.99,model::deberta_sentiment_profile,DeBERTa + Sentiment Profile,42
3996,0,5.295972641761182e-06,0,0.99,model::deberta_sentiment_profile,DeBERTa + Sentiment Profile,42
8136,0,4.286405783204828e-06,0,0.99,model::deberta_sentiment_profile,DeBERTa + Sentiment Profile,42
10160,0,3.834089511656202e-06,0,0.99,model::deberta_sentiment_profile,DeBERTa + Sentiment Profile,42
17517,0,4.48118453277857e-06,0,0.99,model::deberta_sentiment_profile,DeBERTa + Sentiment Profile,42
11299,1,6.1066425587341655e-06,0,0.99,model::deberta_sentiment_profile,DeBERTa + Sentiment Profile,42
18883,0,7.4152321758447215e-06,0,0.99,model::deberta_sentiment_profile,DeBERTa + Sentiment Profile,42
13217,1,4.777926733368076e-06,0,0.99,model::deberta_sentiment_profile,DeBERTa + Sentiment Profile,42
17518,1,9.537566256767605e-06,0,0.99,model::deberta_sentiment_profile,DeBERTa + Sentiment Profile,42
17572,1,4.591741799231386e-06,0,0.99,model::deberta_sentiment_profile,DeBERTa + Sentiment Profile,42
992,1,4.965314474247862e-06,0,0.99,model::deberta_sentiment_profile,DeBERTa + Sentiment Profile,42
18566,1,4.371405339043122e-06,0,0.99,model::deberta_sentiment_profile,DeBERTa + Sentiment Profile,42
1408,0,7.50816479921923e-06,0,0.99,model::deberta_sentiment_profile,DeBERTa + Sentiment Profile,42
18302,1,1.0731177098932676e-05,0,0.99,model::deberta_sentiment_profile,DeBERTa + Sentiment Profile,42
18924,1,4.201871888653841e-06,0,0.99,model::deberta_sentiment_profile,DeBERTa + Sentiment Profile,42
17217,1,7.464101599907735e-06,0,0.99,model::deberta_sentiment_profile,DeBERTa + Sentiment Profile,42
15180,0,8.68175811774563e-06,0,0.99,model::deberta_sentiment_profile,DeBERTa + Sentiment Profile,42
5612,1,5.113192401040578e-06,0,0.99,model::deberta_sentiment_profile,DeBERTa + Sentiment Profile,42
20230,0,7.544606432929868e-06,0,0.99,model::deberta_sentiment_profile,DeBERTa + Sentiment Profile,42
19044,1,1.0851781553355975e-05,0,0.99,model::deberta_sentiment_profile,DeBERTa + Sentiment Profile,42
11003,1,4.068448561156401e-06,0,0.99,model::deberta_sentiment_profile,DeBERTa + Sentiment Profile,42
1719,0,4.285702289053006e-06,0,0.99,model::deberta_sentiment_profile,DeBERTa + Sentiment Profile,42
12564,1,4.399522367748432e-06,0,0.99,model::deberta_sentiment_profile,DeBERTa + Sentiment Profile,42
3399,1,5.036004495195812e-06,0,0.99,model::deberta_sentiment_profile,DeBERTa + Sentiment Profile,42
13910,1,9.63801721809432e-06,0,0.99,model::deberta_sentiment_profile,DeBERTa + Sentiment Profile,42
6487,1,7.172403911681613e-06,0,0.99,model::deberta_sentiment_profile,DeBERTa + Sentiment Profile,42
2142,0,6.509584636660293e-06,0,0.99,model::deberta_sentiment_profile,DeBERTa + Sentiment Profile,42
13431,1,4.675782292906661e-06,0,0.99,model::deberta_sentiment_profile,DeBERTa + Sentiment Profile,42
1180,1,5.395581410994055e-06,0,0.99,model::deberta_sentiment_profile,DeBERTa + Sentiment Profile,42
4332,1,1.571397115185391e-05,0,0.99,model::deberta_sentiment_profile,DeBERTa + Sentiment Profile,42
7629,0,6.7904907155025285e-06,0,0.99,model::deberta_sentiment_profile,DeBERTa + Sentiment Profile,42
1938,0,5.299792519508628e-06,0,0.99,model::deberta_sentiment_profile,DeBERTa + Sentiment Profile,42
9064,0,1.7876938727567904e-05,0,0.99,model::deberta_sentiment_profile,DeBERTa + Sentiment Profile,42
11771,1,6.432955160562415e-06,0,0.99,model::deberta_sentiment_profile,DeBERTa + Sentiment Profile,42
10164,0,4.459392130229389e-06,0,0.99,model::deberta_sentiment_profile,DeBERTa + Sentiment Profile,42
20501,1,6.222993761184625e-06,0,0.99,model::deberta_sentiment_profile,DeBERTa + Sentiment Profile,42
13574,1,4.853935479331994e-06,0,0.99,model::deberta_sentiment_profile,DeBERTa + Sentiment Profile,42
14784,1,4.697692475019721e-06,0,0.99,model::deberta_sentiment_profile,DeBERTa + Sentiment Profile,42
12696,0,4.589448508340865e-06,0,0.99,model::deberta_sentiment_profile,DeBERTa + Sentiment Profile,42
16175,0,4.838720542466035e-06,0,0.99,model::deberta_sentiment_profile,DeBERTa + Sentiment Profile,42
1047,1,1.694457205303479e-05,0,0.99,model::deberta_sentiment_profile,DeBERTa + Sentiment Profile,42
1896,1,7.040106993372319e-06,0,0.99,model::deberta_sentiment_profile,DeBERTa + Sentiment Profile,42
15528,0,3.898041541106068e-06,0,0.99,model::deberta_sentiment_profile,DeBERTa + Sentiment Profile,42
20703,0,2.082254650304094e-05,0,0.99,model::deberta_sentiment_profile,DeBERTa + Sentiment Profile,42
4700,0,8.86586531123612e-06,0,0.99,model::deberta_sentiment_profile,DeBERTa + Sentiment Profile,42
7086,0,4.736559731099987e-06,0,0.99,model::deberta_sentiment_profile,DeBERTa + Sentiment Profile,42
17127,1,7.987359822436702e-06,0,0.99,model::deberta_sentiment_profile,DeBERTa + Sentiment Profile,42
11904,1,5.582516678259708e-06,0,0.99,model::deberta_sentiment_profile,DeBERTa + Sentiment Profile,42
17366,0,9.026232146425171e-05,0,0.99,model::deberta_sentiment_profile,DeBERTa + Sentiment Profile,42
6440,0,4.732987690658774e-06,0,0.99,model::deberta_sentiment_profile,DeBERTa + Sentiment Profile,42
11789,0,4.20365131503786e-06,0,0.99,model::deberta_sentiment_profile,DeBERTa + Sentiment Profile,42
13514,0,4.941040060657542e-06,0,0.99,model::deberta_sentiment_profile,DeBERTa + Sentiment Profile,42
19817,0,2.647816836542916e-05,0,0.99,model::deberta_sentiment_profile,DeBERTa + Sentiment Profile,42
9850,0,5.219986178417457e-06,0,0.99,model::deberta_sentiment_profile,DeBERTa + Sentiment Profile,42
19653,1,4.244903720973525e-06,0,0.99,model::deberta_sentiment_profile,DeBERTa + Sentiment Profile,42
8248,1,4.788737896888051e-06,0,0.99,model::deberta_sentiment_profile,DeBERTa + Sentiment Profile,42
6993,0,4.790108050656272e-06,0,0.99,model::deberta_sentiment_profile,DeBERTa + Sentiment Profile,42
869,1,5.398118901212001e-06,0,0.99,model::deberta_sentiment_profile,DeBERTa + Sentiment Profile,42
4531,0,4.797495876118774e-06,0,0.99,model::deberta_sentiment_profile,DeBERTa + Sentiment Profile,42
4600,0,6.686974757030839e-06,0,0.99,model::deberta_sentiment_profile,DeBERTa + Sentiment Profile,42
20600,1,5.199134193389909e-06,0,0.99,model::deberta_sentiment_profile,DeBERTa + Sentiment Profile,42
11615,1,6.199099516379647e-06,0,0.99,model::deberta_sentiment_profile,DeBERTa + Sentiment Profile,42
11622,1,6.222376669029472e-06,0,0.99,model::deberta_sentiment_profile,DeBERTa + Sentiment Profile,42
13650,0,4.8109659473993815e-06,0,0.99,model::deberta_sentiment_profile,DeBERTa + Sentiment Profile,42
16735,1,4.878475920122583e-06,0,0.99,model::deberta_sentiment_profile,DeBERTa + Sentiment Profile,42
8640,1,4.991855348634999e-06,0,0.99,model::deberta_sentiment_profile,DeBERTa + Sentiment Profile,42
6830,0,4.504244316194672e-06,0,0.99,model::deberta_sentiment_profile,DeBERTa + Sentiment Profile,42
5077,0,4.3772624849225394e-06,0,0.99,model::deberta_sentiment_profile,DeBERTa + Sentiment Profile,42
14749,1,5.396029337134678e-06,0,0.99,model::deberta_sentiment_profile,DeBERTa + Sentiment Profile,42
771,1,8.92220123205334e-06,0,0.99,model::deberta_sentiment_profile,DeBERTa + Sentiment Profile,42
9405,0,4.0954801079351455e-06,0,0.99,model::deberta_sentiment_profile,DeBERTa + Sentiment Profile,42
10887,1,6.488957751571434e-06,0,0.99,model::deberta_sentiment_profile,DeBERTa + Sentiment Profile,42
1780,1,4.9304489948553964e-06,0,0.99,model::deberta_sentiment_profile,DeBERTa + Sentiment Profile,42
6717,0,4.73120053356979e-06,0,0.99,model::deberta_sentiment_profile,DeBERTa + Sentiment Profile,42
19911,0,4.8596230044495314e-06,0,0.99,model::deberta_sentiment_profile,DeBERTa + Sentiment Profile,42
14298,1,4.134337814321043e-06,0,0.99,model::deberta_sentiment_profile,DeBERTa + Sentiment Profile,42
15411,0,4.778245056513697e-06,0,0.99,model::deberta_sentiment_profile,DeBERTa + Sentiment Profile,42
15019,1,5.37518235432799e-06,0,0.99,model::deberta_sentiment_profile,DeBERTa + Sentiment Profile,42
9610,0,8.476135008095298e-06,0,0.99,model::deberta_sentiment_profile,DeBERTa + Sentiment Profile,42
1303,1,4.326038833823986e-06,0,0.99,model::deberta_sentiment_profile,DeBERTa + Sentiment Profile,42
19490,1,4.913457360089524e-06,0,0.99,model::deberta_sentiment_profile,DeBERTa + Sentiment Profile,42
6822,1,2.093847797368653e-05,0,0.99,model::deberta_sentiment_profile,DeBERTa + Sentiment Profile,42
4488,0,4.149767391936621e-06,0,0.99,model::deberta_sentiment_profile,DeBERTa + Sentiment Profile,42
7461,1,7.137937700463226e-06,0,0.99,model::deberta_sentiment_profile,DeBERTa + Sentiment Profile,42
13029,0,7.523568456235807e-06,0,0.99,model::deberta_sentiment_profile,DeBERTa + Sentiment Profile,42
14146,0,5.4610050028713886e-06,0,0.99,model::deberta_sentiment_profile,DeBERTa + Sentiment Profile,42
18257,0,1.408123534929473e-05,0,0.99,model::deberta_sentiment_profile,DeBERTa + Sentiment Profile,42
9122,0,6.865529940114357e-06,0,0.99,model::deberta_sentiment_profile,DeBERTa + Sentiment Profile,42
15865,0,5.893865818507038e-06,0,0.99,model::deberta_sentiment_profile,DeBERTa + Sentiment Profile,42
6557,0,4.703008926298935e-06,0,0.99,model::deberta_sentiment_profile,DeBERTa + Sentiment Profile,42
11588,1,3.868230851367116e-05,0,0.99,model::deberta_sentiment_profile,DeBERTa + Sentiment Profile,42
6186,0,4.2122233026020695e-06,0,0.99,model::deberta_sentiment_profile,DeBERTa + Sentiment Profile,42
1900,0,4.860346507484792e-06,0,0.99,model::deberta_sentiment_profile,DeBERTa + Sentiment Profile,42
73,1,5.197994141781237e-06,0,0.99,model::deberta_sentiment_profile,DeBERTa + Sentiment Profile,42
1997,1,9.600129487807862e-06,0,0.99,model::deberta_sentiment_profile,DeBERTa + Sentiment Profile,42
17534,0,4.2072047108376864e-06,0,0.99,model::deberta_sentiment_profile,DeBERTa + Sentiment Profile,42
9958,1,5.112592589284759e-06,0,0.99,model::deberta_sentiment_profile,DeBERTa + Sentiment Profile,42
17511,0,3.95477436541114e-05,0,0.99,model::deberta_sentiment_profile,DeBERTa + Sentiment Profile,42
16955,0,4.350647941464558e-06,0,0.99,model::deberta_sentiment_profile,DeBERTa + Sentiment Profile,42
15570,1,4.784419616044033e-06,0,0.99,model::deberta_sentiment_profile,DeBERTa + Sentiment Profile,42
14801,0,1.149983836512547e-05,0,0.99,model::deberta_sentiment_profile,DeBERTa + Sentiment Profile,42
21136,1,6.167469109641388e-06,0,0.99,model::deberta_sentiment_profile,DeBERTa + Sentiment Profile,42
13584,0,4.529357738647377e-06,0,0.99,model::deberta_sentiment_profile,DeBERTa + Sentiment Profile,42
140,0,5.007910203858046e-06,0,0.99,model::deberta_sentiment_profile,DeBERTa + Sentiment Profile,42
12883,0,4.6181621655705385e-06,0,0.99,model::deberta_sentiment_profile,DeBERTa + Sentiment Profile,42
2537,1,4.944763986713952e-06,0,0.99,model::deberta_sentiment_profile,DeBERTa + Sentiment Profile,42
14346,1,1.688891279627569e-05,0,0.99,model::deberta_sentiment_profile,DeBERTa + Sentiment Profile,42
12273,0,7.50624622014584e-06,0,0.99,model::deberta_sentiment_profile,DeBERTa + Sentiment Profile,42
17739,0,1.3778614629700314e-05,0,0.99,model::deberta_sentiment_profile,DeBERTa + Sentiment Profile,42
2964,0,4.3035511225753e-06,0,0.99,model::deberta_sentiment_profile,DeBERTa + Sentiment Profile,42
1868,0,0.0011530705960467,0,0.99,model::deberta_sentiment_profile,DeBERTa + Sentiment Profile,42
4967,0,3.938282679882832e-05,0,0.99,model::deberta_sentiment_profile,DeBERTa + Sentiment Profile,42
983,0,4.449693278729683e-06,0,0.99,model::deberta_sentiment_profile,DeBERTa + Sentiment Profile,42
8412,0,5.330356543709058e-06,0,0.99,model::deberta_sentiment_profile,DeBERTa + Sentiment Profile,42
11817,0,5.39070060767699e-06,0,0.99,model::deberta_sentiment_profile,DeBERTa + Sentiment Profile,42
9858,0,7.671986168134026e-06,0,0.99,model::deberta_sentiment_profile,DeBERTa + Sentiment Profile,42
5689,0,4.849072411161615e-06,0,0.99,model::deberta_sentiment_profile,DeBERTa + Sentiment Profile,42
15542,1,1.2270256775082087e-05,0,0.99,model::deberta_sentiment_profile,DeBERTa + Sentiment Profile,42
6656,0,4.945754426444182e-06,0,0.99,model::deberta_sentiment_profile,DeBERTa + Sentiment Profile,42
13243,0,4.220385562803131e-06,0,0.99,model::deberta_sentiment_profile,DeBERTa + Sentiment Profile,42
4093,0,0.0001510042202426,0,0.99,model::deberta_sentiment_profile,DeBERTa + Sentiment Profile,42
2931,1,5.1954566515632905e-06,0,0.99,model::deberta_sentiment_profile,DeBERTa + Sentiment Profile,42
16447,0,3.736066719284281e-05,0,0.99,model::deberta_sentiment_profile,DeBERTa + Sentiment Profile,42
12140,0,8.832395906210877e-06,0,0.99,model::deberta_sentiment_profile,DeBERTa + Sentiment Profile,42
2519,1,5.211843472352484e-06,0,0.99,model::deberta_sentiment_profile,DeBERTa + Sentiment Profile,42
5451,1,4.9131899686472025e-06,0,0.99,model::deberta_sentiment_profile,DeBERTa + Sentiment Profile,42
19200,0,4.57419446320273e-06,0,0.99,model::deberta_sentiment_profile,DeBERTa + Sentiment Profile,42
10442,1,5.222291292739101e-06,0,0.99,model::deberta_sentiment_profile,DeBERTa + Sentiment Profile,42
12549,0,4.488721060624812e-06,0,0.99,model::deberta_sentiment_profile,DeBERTa + Sentiment Profile,42
9431,0,4.185346824669978e-06,0,0.99,model::deberta_sentiment_profile,DeBERTa + Sentiment Profile,42
990,0,0.0019050255650654,0,0.99,model::deberta_sentiment_profile,DeBERTa + Sentiment Profile,42
15110,1,4.820330104848836e-06,0,0.99,model::deberta_sentiment_profile,DeBERTa + Sentiment Profile,42
3788,1,5.110067377245287e-06,0,0.99,model::deberta_sentiment_profile,DeBERTa + Sentiment Profile,42
9914,1,5.976337888569105e-06,0,0.99,model::deberta_sentiment_profile,DeBERTa + Sentiment Profile,42
12594,1,6.267000117077259e-06,0,0.99,model::deberta_sentiment_profile,DeBERTa + Sentiment Profile,42
11580,1,7.835769793018699e-06,0,0.99,model::deberta_sentiment_profile,DeBERTa + Sentiment Profile,42
20231,1,5.6651201703061815e-06,0,0.99,model::deberta_sentiment_profile,DeBERTa + Sentiment Profile,42
21023,1,4.875090326095233e-06,0,0.99,model::deberta_sentiment_profile,DeBERTa + Sentiment Profile,42
2728,1,4.220329628878972e-06,0,0.99,model::deberta_sentiment_profile,DeBERTa + Sentiment Profile,42
11422,0,5.89405681239441e-06,0,0.99,model::deberta_sentiment_profile,DeBERTa + Sentiment Profile,42
58,1,3.5126331567880698e-06,0,0.99,model::deberta_sentiment_profile,DeBERTa + Sentiment Profile,42
17977,0,3.98597421735758e-06,0,0.99,model::deberta_sentiment_profile,DeBERTa + Sentiment Profile,42
14416,0,5.063337994215544e-06,0,0.99,model::deberta_sentiment_profile,DeBERTa + Sentiment Profile,42
10629,0,0.0001594968052813,0,0.99,model::deberta_sentiment_profile,DeBERTa + Sentiment Profile,42
4138,0,5.98619499214692e-06,0,0.99,model::deberta_sentiment_profile,DeBERTa + Sentiment Profile,42
2877,1,5.372424766392214e-06,0,0.99,model::deberta_sentiment_profile,DeBERTa + Sentiment Profile,42
17097,1,5.2987056733400095e-06,0,0.99,model::deberta_sentiment_profile,DeBERTa + Sentiment Profile,42
4870,0,7.518677193729673e-06,0,0.99,model::deberta_sentiment_profile,DeBERTa + Sentiment Profile,42
15207,0,4.763185643241741e-06,0,0.99,model::deberta_sentiment_profile,DeBERTa + Sentiment Profile,42
4160,1,4.840945621253923e-06,0,0.99,model::deberta_sentiment_profile,DeBERTa + Sentiment Profile,42
16079,1,7.583212209283374e-06,0,0.99,model::deberta_sentiment_profile,DeBERTa + Sentiment Profile,42
16506,0,4.361864739621524e-06,0,0.99,model::deberta_sentiment_profile,DeBERTa + Sentiment Profile,42
7357,0,5.708027401851723e-06,0,0.99,model::deberta_sentiment_profile,DeBERTa + Sentiment Profile,42
2804,1,6.554523679369595e-06,0,0.99,model::deberta_sentiment_profile,DeBERTa + Sentiment Profile,42
4393,0,2.8265165383345447e-05,0,0.99,model::deberta_sentiment_profile,DeBERTa + Sentiment Profile,42
16123,0,4.315017122280551e-06,0,0.99,model::deberta_sentiment_profile,DeBERTa + Sentiment Profile,42
14689,0,6.731455869157799e-06,0,0.99,model::deberta_sentiment_profile,DeBERTa + Sentiment Profile,42
2098,1,5.203117325436324e-06,0,0.99,model::deberta_sentiment_profile,DeBERTa + Sentiment Profile,42
4123,0,4.4222297219675966e-06,0,0.99,model::deberta_sentiment_profile,DeBERTa + Sentiment Profile,42
2710,1,5.4690522119926754e-06,0,0.99,model::deberta_sentiment_profile,DeBERTa + Sentiment Profile,42
13111,0,8.03825241746381e-06,0,0.99,model::deberta_sentiment_profile,DeBERTa + Sentiment Profile,42
12692,0,4.783744316227967e-06,0,0.99,model::deberta_sentiment_profile,DeBERTa + Sentiment Profile,42
13520,1,5.449418949865503e-06,0,0.99,model::deberta_sentiment_profile,DeBERTa + Sentiment Profile,42
5758,1,5.418693945102859e-06,0,0.99,model::deberta_sentiment_profile,DeBERTa + Sentiment Profile,42
1923,0,4.801945124199847e-06,0,0.99,model::deberta_sentiment_profile,DeBERTa + Sentiment Profile,42
16691,1,5.589431566477288e-06,0,0.99,model::deberta_sentiment_profile,DeBERTa + Sentiment Profile,42
2843,1,6.825043328717584e-06,0,0.99,model::deberta_sentiment_profile,DeBERTa + Sentiment Profile,42
6914,0,7.870508125051856e-05,0,0.99,model::deberta_sentiment_profile,DeBERTa + Sentiment Profile,42
262,1,4.197614089207491e-06,0,0.99,model::deberta_sentiment_profile,DeBERTa + Sentiment Profile,42
19118,1,5.015739134250907e-06,0,0.99,model::deberta_sentiment_profile,DeBERTa + Sentiment Profile,42
13201,0,5.362207957659848e-06,0,0.99,model::deberta_sentiment_profile,DeBERTa + Sentiment Profile,42
15079,1,5.187084752833471e-06,0,0.99,model::deberta_sentiment_profile,DeBERTa + Sentiment Profile,42
19957,1,1.845652877818793e-05,0,0.99,model::deberta_sentiment_profile,DeBERTa + Sentiment Profile,42
18151,0,1.0378317711001728e-05,0,0.99,model::deberta_sentiment_profile,DeBERTa + Sentiment Profile,42
10389,1,7.387766800093232e-06,0,0.99,model::deberta_sentiment_profile,DeBERTa + Sentiment Profile,42
15721,0,5.275345756672323e-06,0,0.99,model::deberta_sentiment_profile,DeBERTa + Sentiment Profile,42
8334,0,5.546886313823052e-06,0,0.99,model::deberta_sentiment_profile,DeBERTa + Sentiment Profile,42
9060,1,4.467995040613459e-06,0,0.99,model::deberta_sentiment_profile,DeBERTa + Sentiment Profile,42
15608,0,4.3023526814067736e-05,0,0.99,model::deberta_sentiment_profile,DeBERTa + Sentiment Profile,42
6900,1,7.243238087539794e-06,0,0.99,model::deberta_sentiment_profile,DeBERTa + Sentiment Profile,42
8360,0,1.1302963685011491e-05,0,0.99,model::deberta_sentiment_profile,DeBERTa + Sentiment Profile,42
20748,0,4.618479124474106e-06,0,0.99,model::deberta_sentiment_profile,DeBERTa + Sentiment Profile,42
9035,0,4.482514214032562e-06,0,0.99,model::deberta_sentiment_profile,DeBERTa + Sentiment Profile,42
21063,1,7.887893843872007e-06,0,0.99,model::deberta_sentiment_profile,DeBERTa + Sentiment Profile,42
9584,0,5.054600478615612e-06,0,0.99,model::deberta_sentiment_profile,DeBERTa + Sentiment Profile,42
6997,0,5.254673851595726e-06,0,0.99,model::deberta_sentiment_profile,DeBERTa + Sentiment Profile,42
6627,1,5.144000624568434e-06,0,0.99,model::deberta_sentiment_profile,DeBERTa + Sentiment Profile,42
11010,0,4.428364991326816e-05,0,0.99,model::deberta_sentiment_profile,DeBERTa + Sentiment Profile,42
1758,1,7.93774233898148e-06,0,0.99,model::deberta_sentiment_profile,DeBERTa + Sentiment Profile,42
13549,1,4.961428203387186e-06,0,0.99,model::deberta_sentiment_profile,DeBERTa + Sentiment Profile,42
10221,0,5.565198534895899e-06,0,0.99,model::deberta_sentiment_profile,DeBERTa + Sentiment Profile,42
10909,0,4.729887677967781e-06,0,0.99,model::deberta_sentiment_profile,DeBERTa + Sentiment Profile,42
18920,1,4.854255166719668e-06,0,0.99,model::deberta_sentiment_profile,DeBERTa + Sentiment Profile,42
2552,1,6.7461078288033605e-06,0,0.99,model::deberta_sentiment_profile,DeBERTa + Sentiment Profile,42
8331,0,7.760466360196006e-06,0,0.99,model::deberta_sentiment_profile,DeBERTa + Sentiment Profile,42
10710,0,0.0003418105188757,0,0.99,model::deberta_sentiment_profile,DeBERTa + Sentiment Profile,42
7649,0,5.279815468384186e-06,0,0.99,model::deberta_sentiment_profile,DeBERTa + Sentiment Profile,42
5626,1,8.523068572685588e-06,0,0.99,model::deberta_sentiment_profile,DeBERTa + Sentiment Profile,42
1752,1,6.276025487750303e-06,0,0.99,model::deberta_sentiment_profile,DeBERTa + Sentiment Profile,42
8963,0,5.138171218277421e-06,0,0.99,model::deberta_sentiment_profile,DeBERTa + Sentiment Profile,42
3156,0,4.899728082818911e-06,0,0.99,model::deberta_sentiment_profile,DeBERTa + Sentiment Profile,42
10116,1,4.795849235961214e-06,0,0.99,model::deberta_sentiment_profile,DeBERTa + Sentiment Profile,42
15902,1,4.685754902311601e-06,0,0.99,model::deberta_sentiment_profile,DeBERTa + Sentiment Profile,42
5167,0,6.2136004999047145e-06,0,0.99,model::deberta_sentiment_profile,DeBERTa + Sentiment Profile,42
14813,0,4.788892965734704e-06,0,0.99,model::deberta_sentiment_profile,DeBERTa + Sentiment Profile,42
19699,1,5.718232387152966e-06,0,0.99,model::deberta_sentiment_profile,DeBERTa + Sentiment Profile,42
2287,1,5.071862688055262e-06,0,0.99,model::deberta_sentiment_profile,DeBERTa + Sentiment Profile,42
3792,1,7.926880243758205e-06,0,0.99,model::deberta_sentiment_profile,DeBERTa + Sentiment Profile,42
11717,1,1.0632385965436695e-05,0,0.99,model::deberta_sentiment_profile,DeBERTa + Sentiment Profile,42
12060,1,6.81765959598124e-06,0,0.99,model::deberta_sentiment_profile,DeBERTa + Sentiment Profile,42
4459,0,4.599920430337079e-06,0,0.99,model::deberta_sentiment_profile,DeBERTa + Sentiment Profile,42
18589,1,5.065318418928655e-06,0,0.99,model::deberta_sentiment_profile,DeBERTa + Sentiment Profile,42
12309,1,5.9332123782951385e-06,0,0.99,model::deberta_sentiment_profile,DeBERTa + Sentiment Profile,42
3518,1,5.709796823794022e-06,0,0.99,model::deberta_sentiment_profile,DeBERTa + Sentiment Profile,42
2605,0,5.253651579550933e-06,0,0.99,model::deberta_sentiment_profile,DeBERTa + Sentiment Profile,42
2708,1,5.918676833971404e-06,0,0.99,model::deberta_sentiment_profile,DeBERTa + Sentiment Profile,42
18702,0,2.0988700271118432e-05,0,0.99,model::deberta_sentiment_profile,DeBERTa + Sentiment Profile,42
13381,1,4.655146312870784e-06,0,0.99,model::deberta_sentiment_profile,DeBERTa + Sentiment Profile,42
15131,1,6.538286015711492e-06,0,0.99,model::deberta_sentiment_profile,DeBERTa + Sentiment Profile,42
11910,0,5.498653081303928e-06,0,0.99,model::deberta_sentiment_profile,DeBERTa + Sentiment Profile,42
8854,0,4.7271910261770245e-06,0,0.99,model::deberta_sentiment_profile,DeBERTa + Sentiment Profile,42
18940,1,4.695842562796315e-06,0,0.99,model::deberta_sentiment_profile,DeBERTa + Sentiment Profile,42
4387,1,6.826423032180173e-06,0,0.99,model::deberta_sentiment_profile,DeBERTa + Sentiment Profile,42
20660,1,5.519520982488757e-06,0,0.99,model::deberta_sentiment_profile,DeBERTa + Sentiment Profile,42
20305,1,5.612550012301654e-06,0,0.99,model::deberta_sentiment_profile,DeBERTa + Sentiment Profile,42
14420,1,4.854903181694681e-06,0,0.99,model::deberta_sentiment_profile,DeBERTa + Sentiment Profile,42
1708,0,4.344946773926495e-06,0,0.99,model::deberta_sentiment_profile,DeBERTa + Sentiment Profile,42
6131,0,5.635940851789201e-06,0,0.99,model::deberta_sentiment_profile,DeBERTa + Sentiment Profile,42
2669,0,4.534647814580239e-06,0,0.99,model::deberta_sentiment_profile,DeBERTa + Sentiment Profile,42
4759,0,6.713716174999718e-06,0,0.99,model::deberta_sentiment_profile,DeBERTa + Sentiment Profile,42
5305,1,4.278849701222498e-06,0,0.99,model::deberta_sentiment_profile,DeBERTa + Sentiment Profile,42
1262,0,1.8597094822325744e-05,0,0.99,model::deberta_sentiment_profile,DeBERTa + Sentiment Profile,42
18111,0,5.45576813237858e-06,0,0.99,model::deberta_sentiment_profile,DeBERTa + Sentiment Profile,42
19422,0,8.977750439953525e-06,0,0.99,model::deberta_sentiment_profile,DeBERTa + Sentiment Profile,42
15033,0,5.457948645926081e-06,0,0.99,model::deberta_sentiment_profile,DeBERTa + Sentiment Profile,42
11051,0,6.682920229650335e-06,0,0.99,model::deberta_sentiment_profile,DeBERTa + Sentiment Profile,42
16591,0,0.0002475817746017,0,0.99,model::deberta_sentiment_profile,DeBERTa + Sentiment Profile,42
2053,1,4.508335678110598e-06,0,0.99,model::deberta_sentiment_profile,DeBERTa + Sentiment Profile,42
7319,0,3.940899659937713e-06,0,0.99,model::deberta_sentiment_profile,DeBERTa + Sentiment Profile,42
7997,0,1.2012099432467949e-05,0,0.99,model::deberta_sentiment_profile,DeBERTa + Sentiment Profile,42
2440,1,1.0218167517450638e-05,0,0.99,model::deberta_sentiment_profile,DeBERTa + Sentiment Profile,42
7873,1,5.074547971162247e-06,0,0.99,model::deberta_sentiment_profile,DeBERTa + Sentiment Profile,42
1101,1,7.974375876074191e-06,0,0.99,model::deberta_sentiment_profile,DeBERTa + Sentiment Profile,42
3293,1,4.723198344436241e-06,0,0.99,model::deberta_sentiment_profile,DeBERTa + Sentiment Profile,42
8649,0,3.932887921109796e-06,0,0.99,model::deberta_sentiment_profile,DeBERTa + Sentiment Profile,42
9112,0,5.042833436164074e-06,0,0.99,model::deberta_sentiment_profile,DeBERTa + Sentiment Profile,42
18634,1,1.173379769170424e-05,0,0.99,model::deberta_sentiment_profile,DeBERTa + Sentiment Profile,42
6069,0,5.721260095015168e-06,0,0.99,model::deberta_sentiment_profile,DeBERTa + Sentiment Profile,42
11843,0,4.666636414185632e-06,0,0.99,model::deberta_sentiment_profile,DeBERTa + Sentiment Profile,42
1064,1,8.386763511225581e-06,0,0.99,model::deberta_sentiment_profile,DeBERTa + Sentiment Profile,42
19432,1,6.745323389623081e-06,0,0.99,model::deberta_sentiment_profile,DeBERTa + Sentiment Profile,42
20396,1,4.842422640649602e-06,0,0.99,model::deberta_sentiment_profile,DeBERTa + Sentiment Profile,42
175,1,5.714040526072495e-06,0,0.99,model::deberta_sentiment_profile,DeBERTa + Sentiment Profile,42
973,1,4.492455900617642e-06,0,0.99,model::deberta_sentiment_profile,DeBERTa + Sentiment Profile,42
13368,1,1.2590556252689566e-05,0,0.99,model::deberta_sentiment_profile,DeBERTa + Sentiment Profile,42
43,0,5.204323315410875e-06,0,0.99,model::deberta_sentiment_profile,DeBERTa + Sentiment Profile,42
13811,0,4.124138740735361e-06,0,0.99,model::deberta_sentiment_profile,DeBERTa + Sentiment Profile,42
14588,1,5.369853624870302e-06,0,0.99,model::deberta_sentiment_profile,DeBERTa + Sentiment Profile,42
10266,1,4.852361598750576e-06,0,0.99,model::deberta_sentiment_profile,DeBERTa + Sentiment Profile,42
18433,1,1.2873062587459572e-05,0,0.99,model::deberta_sentiment_profile,DeBERTa + Sentiment Profile,42
4570,1,1.2675795915129129e-05,0,0.99,model::deberta_sentiment_profile,DeBERTa + Sentiment Profile,42
6306,0,5.341379164747195e-06,0,0.99,model::deberta_sentiment_profile,DeBERTa + Sentiment Profile,42
14540,0,4.936763616569806e-06,0,0.99,model::deberta_sentiment_profile,DeBERTa + Sentiment Profile,42
17165,0,4.280955636204453e-06,0,0.99,model::deberta_sentiment_profile,DeBERTa + Sentiment Profile,42
641,1,5.735026661568554e-06,0,0.99,model::deberta_sentiment_profile,DeBERTa + Sentiment Profile,42
5502,0,4.256001830071909e-06,0,0.99,model::deberta_sentiment_profile,DeBERTa + Sentiment Profile,42
20592,0,1.0134513104276266e-05,0,0.99,model::deberta_sentiment_profile,DeBERTa + Sentiment Profile,42
18238,1,5.567002972384216e-06,0,0.99,model::deberta_sentiment_profile,DeBERTa + Sentiment Profile,42
8128,1,4.579358119372046e-06,0,0.99,model::deberta_sentiment_profile,DeBERTa + Sentiment Profile,42
19729,0,2.175937515858095e-05,0,0.99,model::deberta_sentiment_profile,DeBERTa + Sentiment Profile,42
15926,1,7.791746611474082e-06,0,0.99,model::deberta_sentiment_profile,DeBERTa + Sentiment Profile,42
19177,1,1.668190634518396e-05,0,0.99,model::deberta_sentiment_profile,DeBERTa + Sentiment Profile,42
17990,1,5.313663677952718e-06,0,0.99,model::deberta_sentiment_profile,DeBERTa + Sentiment Profile,42
4899,1,6.325128197204322e-06,0,0.99,model::deberta_sentiment_profile,DeBERTa + Sentiment Profile,42
19461,1,7.21857168173301e-06,0,0.99,model::deberta_sentiment_profile,DeBERTa + Sentiment Profile,42
616,1,5.095570941193728e-06,0,0.99,model::deberta_sentiment_profile,DeBERTa + Sentiment Profile,42
5886,0,5.80777668801602e-06,0,0.99,model::deberta_sentiment_profile,DeBERTa + Sentiment Profile,42
11169,1,4.911653377348557e-06,0,0.99,model::deberta_sentiment_profile,DeBERTa + Sentiment Profile,42
16365,1,5.723093636333942e-06,0,0.99,model::deberta_sentiment_profile,DeBERTa + Sentiment Profile,42
5788,1,4.682359758589882e-06,0,0.99,model::deberta_sentiment_profile,DeBERTa + Sentiment Profile,42
10187,1,4.719601292890729e-06,0,0.99,model::deberta_sentiment_profile,DeBERTa + Sentiment Profile,42
9084,1,3.255300907767378e-05,0,0.99,model::deberta_sentiment_profile,DeBERTa + Sentiment Profile,42
243,0,5.081201834400417e-06,0,0.99,model::deberta_sentiment_profile,DeBERTa + Sentiment Profile,42
12047,1,1.275398153666174e-05,0,0.99,model::deberta_sentiment_profile,DeBERTa + Sentiment Profile,42
13921,0,5.658861937263282e-06,0,0.99,model::deberta_sentiment_profile,DeBERTa + Sentiment Profile,42
10155,0,4.851755420531845e-06,0,0.99,model::deberta_sentiment_profile,DeBERTa + Sentiment Profile,42
9309,1,5.1331658141862135e-06,0,0.99,model::deberta_sentiment_profile,DeBERTa + Sentiment Profile,42
15515,1,0.0001059645655914,0,0.99,model::deberta_sentiment_profile,DeBERTa + Sentiment Profile,42
10662,0,4.632900527212769e-06,0,0.99,model::deberta_sentiment_profile,DeBERTa + Sentiment Profile,42
12693,0,5.189643161429558e-06,0,0.99,model::deberta_sentiment_profile,DeBERTa + Sentiment Profile,42
16574,0,4.422857728059171e-06,0,0.99,model::deberta_sentiment_profile,DeBERTa + Sentiment Profile,42
20044,0,4.949396497977432e-06,0,0.99,model::deberta_sentiment_profile,DeBERTa + Sentiment Profile,42
15500,1,4.486050784180407e-06,0,0.99,model::deberta_sentiment_profile,DeBERTa + Sentiment Profile,42
1029,0,8.299306500703096e-06,0,0.99,model::deberta_sentiment_profile,DeBERTa + Sentiment Profile,42
11614,1,7.052713954180945e-06,0,0.99,model::deberta_sentiment_profile,DeBERTa + Sentiment Profile,42
9822,1,4.927948339172872e-06,0,0.99,model::deberta_sentiment_profile,DeBERTa + Sentiment Profile,42
20524,0,7.460201686626533e-06,0,0.99,model::deberta_sentiment_profile,DeBERTa + Sentiment Profile,42
7741,1,7.755175829515792e-06,0,0.99,model::deberta_sentiment_profile,DeBERTa + Sentiment Profile,42
14573,0,5.977671662549255e-06,0,0.99,model::deberta_sentiment_profile,DeBERTa + Sentiment Profile,42
19611,0,5.437706931843422e-06,0,0.99,model::deberta_sentiment_profile,DeBERTa + Sentiment Profile,42
3277,0,7.799731065460946e-06,0,0.99,model::deberta_sentiment_profile,DeBERTa + Sentiment Profile,42
12554,1,5.289728960633511e-06,0,0.99,model::deberta_sentiment_profile,DeBERTa + Sentiment Profile,42
12526,1,4.452898338058731e-06,0,0.99,model::deberta_sentiment_profile,DeBERTa + Sentiment Profile,42
20390,1,5.653661901305895e-06,0,0.99,model::deberta_sentiment_profile,DeBERTa + Sentiment Profile,42
5242,0,4.259843535692198e-06,0,0.99,model::deberta_sentiment_profile,DeBERTa + Sentiment Profile,42
7776,0,4.366930170363048e-06,0,0.99,model::deberta_sentiment_profile,DeBERTa + Sentiment Profile,42
13747,1,7.760672815493308e-06,0,0.99,model::deberta_sentiment_profile,DeBERTa + Sentiment Profile,42
14769,1,4.2411986214574426e-05,0,0.99,model::deberta_sentiment_profile,DeBERTa + Sentiment Profile,42
15408,0,4.253843144397251e-06,0,0.99,model::deberta_sentiment_profile,DeBERTa + Sentiment Profile,42
8850,0,7.210549938463373e-06,0,0.99,model::deberta_sentiment_profile,DeBERTa + Sentiment Profile,42
6341,0,4.186807927908376e-06,0,0.99,model::deberta_sentiment_profile,DeBERTa + Sentiment Profile,42
7677,1,1.288675866817357e-05,0,0.99,model::deberta_sentiment_profile,DeBERTa + Sentiment Profile,42
12610,0,5.79942525291699e-06,0,0.99,model::deberta_sentiment_profile,DeBERTa + Sentiment Profile,42
15436,1,5.330168733053142e-06,0,0.99,model::deberta_sentiment_profile,DeBERTa + Sentiment Profile,42
248,1,8.17139425635105e-06,0,0.99,model::deberta_sentiment_profile,DeBERTa + Sentiment Profile,42
8795,0,5.179971594770905e-06,0,0.99,model::deberta_sentiment_profile,DeBERTa + Sentiment Profile,42
683,1,3.7620693547069095e-06,0,0.99,model::deberta_sentiment_profile,DeBERTa + Sentiment Profile,42
10619,0,4.311651991883991e-06,0,0.99,model::deberta_sentiment_profile,DeBERTa + Sentiment Profile,42
901,1,4.555110081128078e-06,0,0.99,model::deberta_sentiment_profile,DeBERTa + Sentiment Profile,42
6945,0,4.406034804560477e-06,0,0.99,model::deberta_sentiment_profile,DeBERTa + Sentiment Profile,42
112,1,5.874601356481435e-06,0,0.99,model::deberta_sentiment_profile,DeBERTa + Sentiment Profile,42
14601,0,4.915097815683112e-05,0,0.99,model::deberta_sentiment_profile,DeBERTa + Sentiment Profile,42
9124,1,9.24760206544306e-06,0,0.99,model::deberta_sentiment_profile,DeBERTa + Sentiment Profile,42
12747,0,5.0470434871385805e-06,0,0.99,model::deberta_sentiment_profile,DeBERTa + Sentiment Profile,42
20252,1,7.355267371167429e-06,0,0.99,model::deberta_sentiment_profile,DeBERTa + Sentiment Profile,42
18768,0,3.7555055314442143e-06,0,0.99,model::deberta_sentiment_profile,DeBERTa + Sentiment Profile,42
16844,1,7.853531315049622e-06,0,0.99,model::deberta_sentiment_profile,DeBERTa + Sentiment Profile,42
5992,0,4.426537543622544e-06,0,0.99,model::deberta_sentiment_profile,DeBERTa + Sentiment Profile,42
16312,1,1.2908455573779063e-05,0,0.99,model::deberta_sentiment_profile,DeBERTa + Sentiment Profile,42
8930,1,4.589798209053697e-06,0,0.99,model::deberta_sentiment_profile,DeBERTa + Sentiment Profile,42
10000,1,5.511526069312822e-06,0,0.99,model::deberta_sentiment_profile,DeBERTa + Sentiment Profile,42
8083,0,5.736733328376431e-06,0,0.99,model::deberta_sentiment_profile,DeBERTa + Sentiment Profile,42
1356,0,9.086772479349747e-06,0,0.99,model::deberta_sentiment_profile,DeBERTa + Sentiment Profile,42
14307,0,4.407455435284646e-06,0,0.99,model::deberta_sentiment_profile,DeBERTa + Sentiment Profile,42
13423,0,5.341812084225239e-06,0,0.99,model::deberta_sentiment_profile,DeBERTa + Sentiment Profile,42
19674,0,4.181134045211365e-06,0,0.99,model::deberta_sentiment_profile,DeBERTa + Sentiment Profile,42
16406,0,5.184306246519554e-06,0,0.99,model::deberta_sentiment_profile,DeBERTa + Sentiment Profile,42
17846,1,6.427944754250348e-06,0,0.99,model::deberta_sentiment_profile,DeBERTa + Sentiment Profile,42
12642,1,8.117615834635217e-06,0,0.99,model::deberta_sentiment_profile,DeBERTa + Sentiment Profile,42
13004,0,5.201306976232445e-06,0,0.99,model::deberta_sentiment_profile,DeBERTa + Sentiment Profile,42
20367,1,4.341699423093814e-06,0,0.99,model::deberta_sentiment_profile,DeBERTa + Sentiment Profile,42
16778,1,8.848060133459512e-06,0,0.99,model::deberta_sentiment_profile,DeBERTa + Sentiment Profile,42
20433,0,4.673882813222008e-06,0,0.99,model::deberta_sentiment_profile,DeBERTa + Sentiment Profile,42
20928,0,4.461791377252666e-06,0,0.99,model::deberta_sentiment_profile,DeBERTa + Sentiment Profile,42
7440,1,4.36257596447831e-06,0,0.99,model::deberta_sentiment_profile,DeBERTa + Sentiment Profile,42
10613,0,4.482432814256754e-06,0,0.99,model::deberta_sentiment_profile,DeBERTa + Sentiment Profile,42
8465,0,5.32055946678156e-06,0,0.99,model::deberta_sentiment_profile,DeBERTa + Sentiment Profile,42
18203,0,4.272244041203521e-06,0,0.99,model::deberta_sentiment_profile,DeBERTa + Sentiment Profile,42
6170,0,5.227837391430512e-06,0,0.99,model::deberta_sentiment_profile,DeBERTa + Sentiment Profile,42
11685,1,4.994994014850818e-06,0,0.99,model::deberta_sentiment_profile,DeBERTa + Sentiment Profile,42
10932,1,5.613106168311788e-06,0,0.99,model::deberta_sentiment_profile,DeBERTa + Sentiment Profile,42
12424,0,4.938618531014072e-06,0,0.99,model::deberta_sentiment_profile,DeBERTa + Sentiment Profile,42
9968,1,4.880625965597574e-06,0,0.99,model::deberta_sentiment_profile,DeBERTa + Sentiment Profile,42
10475,1,7.258485766215017e-06,0,0.99,model::deberta_sentiment_profile,DeBERTa + Sentiment Profile,42
11525,1,5.597710242000176e-06,0,0.99,model::deberta_sentiment_profile,DeBERTa + Sentiment Profile,42
7042,1,7.242740593937924e-06,0,0.99,model::deberta_sentiment_profile,DeBERTa + Sentiment Profile,42
3558,0,5.299999884300632e-06,0,0.99,model::deberta_sentiment_profile,DeBERTa + Sentiment Profile,42
13588,0,4.772160991706187e-06,0,0.99,model::deberta_sentiment_profile,DeBERTa + Sentiment Profile,42
11379,1,5.207714366406435e-06,0,0.99,model::deberta_sentiment_profile,DeBERTa + Sentiment Profile,42
18014,0,5.697302640328417e-06,0,0.99,model::deberta_sentiment_profile,DeBERTa + Sentiment Profile,42
1072,1,4.956306383974152e-06,0,0.99,model::deberta_sentiment_profile,DeBERTa + Sentiment Profile,42
12006,1,4.941379302181304e-06,0,0.99,model::deberta_sentiment_profile,DeBERTa + Sentiment Profile,42
8759,0,1.6368712749681436e-05,0,0.99,model::deberta_sentiment_profile,DeBERTa + Sentiment Profile,42
10957,0,4.712333065981511e-06,0,0.99,model::deberta_sentiment_profile,DeBERTa + Sentiment Profile,42
6046,0,8.841994713293388e-06,0,0.99,model::deberta_sentiment_profile,DeBERTa + Sentiment Profile,42
16763,0,1.568532934470568e-05,0,0.99,model::deberta_sentiment_profile,DeBERTa + Sentiment Profile,42
18932,1,4.844676823267946e-06,0,0.99,model::deberta_sentiment_profile,DeBERTa + Sentiment Profile,42
10362,0,6.766397746105213e-06,0,0.99,model::deberta_sentiment_profile,DeBERTa + Sentiment Profile,42
11711,0,4.657990575651638e-05,0,0.99,model::deberta_sentiment_profile,DeBERTa + Sentiment Profile,42
7514,0,4.613522378349444e-06,0,0.99,model::deberta_sentiment_profile,DeBERTa + Sentiment Profile,42
8935,0,7.066556008794578e-06,0,0.99,model::deberta_sentiment_profile,DeBERTa + Sentiment Profile,42
10058,1,6.070740255381679e-06,0,0.99,model::deberta_sentiment_profile,DeBERTa + Sentiment Profile,42
16718,1,1.0287336408509871e-05,0,0.99,model::deberta_sentiment_profile,DeBERTa + Sentiment Profile,42
16317,0,3.403471419005655e-05,0,0.99,model::deberta_sentiment_profile,DeBERTa + Sentiment Profile,42
19108,1,4.66379333374789e-06,0,0.99,model::deberta_sentiment_profile,DeBERTa + Sentiment Profile,42
1682,1,5.600284566753544e-06,0,0.99,model::deberta_sentiment_profile,DeBERTa + Sentiment Profile,42
10385,0,4.746317245007958e-06,0,0.99,model::deberta_sentiment_profile,DeBERTa + Sentiment Profile,42
18795,1,5.632942247757455e-06,0,0.99,model::deberta_sentiment_profile,DeBERTa + Sentiment Profile,42
19579,0,7.251469924085541e-06,0,0.99,model::deberta_sentiment_profile,DeBERTa + Sentiment Profile,42
428,1,5.058810529590119e-06,0,0.99,model::deberta_sentiment_profile,DeBERTa + Sentiment Profile,42
14232,1,4.537953373073833e-06,0,0.99,model::deberta_sentiment_profile,DeBERTa + Sentiment Profile,42
12476,1,6.276049134612549e-06,0,0.99,model::deberta_sentiment_profile,DeBERTa + Sentiment Profile,42
15738,0,4.206330231681932e-06,0,0.99,model::deberta_sentiment_profile,DeBERTa + Sentiment Profile,42
16924,0,6.1495557019952685e-06,0,0.99,model::deberta_sentiment_profile,DeBERTa + Sentiment Profile,42
1646,0,5.021396191295935e-06,0,0.99,model::deberta_sentiment_profile,DeBERTa + Sentiment Profile,42
15008,1,4.843581791647011e-06,0,0.99,model::deberta_sentiment_profile,DeBERTa + Sentiment Profile,42
6317,1,5.4113193073135335e-06,0,0.99,model::deberta_sentiment_profile,DeBERTa + Sentiment Profile,42
3032,0,5.510296432476025e-06,0,0.99,model::deberta_sentiment_profile,DeBERTa + Sentiment Profile,42
492,0,4.718138825410279e-06,0,0.99,model::deberta_sentiment_profile,DeBERTa + Sentiment Profile,42
15815,0,1.1360434655216524e-05,0,0.99,model::deberta_sentiment_profile,DeBERTa + Sentiment Profile,42
1378,0,4.419526703713927e-06,0,0.99,model::deberta_sentiment_profile,DeBERTa + Sentiment Profile,42
3999,1,4.479313247429673e-06,0,0.99,model::deberta_sentiment_profile,DeBERTa + Sentiment Profile,42
16561,0,1.4476973774435464e-05,0,0.99,model::deberta_sentiment_profile,DeBERTa + Sentiment Profile,42
17155,0,6.186632163007744e-06,0,0.99,model::deberta_sentiment_profile,DeBERTa + Sentiment Profile,42
12823,0,5.322640390659217e-06,0,0.99,model::deberta_sentiment_profile,DeBERTa + Sentiment Profile,42
10019,1,6.725962975906441e-06,0,0.99,model::deberta_sentiment_profile,DeBERTa + Sentiment Profile,42
12458,1,8.083577995421365e-06,0,0.99,model::deberta_sentiment_profile,DeBERTa + Sentiment Profile,42
4243,0,3.698518776218407e-05,0,0.99,model::deberta_sentiment_profile,DeBERTa + Sentiment Profile,42
16512,1,4.403359071147861e-06,0,0.99,model::deberta_sentiment_profile,DeBERTa + Sentiment Profile,42
16146,0,4.2448386921023484e-06,0,0.99,model::deberta_sentiment_profile,DeBERTa + Sentiment Profile,42
17428,0,1.1478025044198148e-05,0,0.99,model::deberta_sentiment_profile,DeBERTa + Sentiment Profile,42
14070,1,6.291150384640787e-06,0,0.99,model::deberta_sentiment_profile,DeBERTa + Sentiment Profile,42
1741,1,5.284989128995221e-06,0,0.99,model::deberta_sentiment_profile,DeBERTa + Sentiment Profile,42
20962,0,4.750256721308688e-06,0,0.99,model::deberta_sentiment_profile,DeBERTa + Sentiment Profile,42
15911,1,4.739677024190314e-06,0,0.99,model::deberta_sentiment_profile,DeBERTa + Sentiment Profile,42
13593,0,5.004568265576381e-06,0,0.99,model::deberta_sentiment_profile,DeBERTa + Sentiment Profile,42
8964,0,8.64553567225812e-06,0,0.99,model::deberta_sentiment_profile,DeBERTa + Sentiment Profile,42
10530,0,4.899372470390517e-06,0,0.99,model::deberta_sentiment_profile,DeBERTa + Sentiment Profile,42
3502,0,9.0175462901243e-06,0,0.99,model::deberta_sentiment_profile,DeBERTa + Sentiment Profile,42
7557,0,4.753274879476521e-06,0,0.99,model::deberta_sentiment_profile,DeBERTa + Sentiment Profile,42
19547,1,1.0663418834155893e-05,0,0.99,model::deberta_sentiment_profile,DeBERTa + Sentiment Profile,42
14635,0,4.171551154286135e-06,0,0.99,model::deberta_sentiment_profile,DeBERTa + Sentiment Profile,42
12168,0,4.657104454963701e-06,0,0.99,model::deberta_sentiment_profile,DeBERTa + Sentiment Profile,42
3189,0,5.681882612407208e-06,0,0.99,model::deberta_sentiment_profile,DeBERTa + Sentiment Profile,42
2560,0,4.343289674579864e-06,0,0.99,model::deberta_sentiment_profile,DeBERTa + Sentiment Profile,42
18150,1,4.763512606587028e-06,0,0.99,model::deberta_sentiment_profile,DeBERTa + Sentiment Profile,42
2062,0,5.754826815973502e-06,0,0.99,model::deberta_sentiment_profile,DeBERTa + Sentiment Profile,42
17970,0,4.868000360147562e-06,0,0.99,model::deberta_sentiment_profile,DeBERTa + Sentiment Profile,42
14679,0,5.999339464324294e-06,0,0.99,model::deberta_sentiment_profile,DeBERTa + Sentiment Profile,42
8099,0,4.1044340832741e-06,0,0.99,model::deberta_sentiment_profile,DeBERTa + Sentiment Profile,42
3192,0,6.145764928078279e-05,0,0.99,model::deberta_sentiment_profile,DeBERTa + Sentiment Profile,42
19761,0,4.753066150442464e-06,0,0.99,model::deberta_sentiment_profile,DeBERTa + Sentiment Profile,42
65,1,6.481672244262882e-06,0,0.99,model::deberta_sentiment_profile,DeBERTa + Sentiment Profile,42
1424,0,5.964596766716568e-06,0,0.99,model::deberta_sentiment_profile,DeBERTa + Sentiment Profile,42
18050,0,4.218421963742003e-06,0,0.99,model::deberta_sentiment_profile,DeBERTa + Sentiment Profile,42
14331,0,6.222198862815276e-06,0,0.99,model::deberta_sentiment_profile,DeBERTa + Sentiment Profile,42
4106,1,5.87371641813661e-06,0,0.99,model::deberta_sentiment_profile,DeBERTa + Sentiment Profile,42
5060,1,4.22107768827118e-06,0,0.99,model::deberta_sentiment_profile,DeBERTa + Sentiment Profile,42
8701,0,4.721392542705871e-06,0,0.99,model::deberta_sentiment_profile,DeBERTa + Sentiment Profile,42
17019,0,5.325280653778464e-06,0,0.99,model::deberta_sentiment_profile,DeBERTa + Sentiment Profile,42
4095,1,4.170023657934507e-06,0,0.99,model::deberta_sentiment_profile,DeBERTa + Sentiment Profile,42
14548,1,4.789468675880926e-06,0,0.99,model::deberta_sentiment_profile,DeBERTa + Sentiment Profile,42
15632,0,4.681667633121833e-06,0,0.99,model::deberta_sentiment_profile,DeBERTa + Sentiment Profile,42
13320,0,5.020166099711787e-06,0,0.99,model::deberta_sentiment_profile,DeBERTa + Sentiment Profile,42
13035,1,4.387049557408318e-06,0,0.99,model::deberta_sentiment_profile,DeBERTa + Sentiment Profile,42
8147,0,4.592915956891375e-06,0,0.99,model::deberta_sentiment_profile,DeBERTa + Sentiment Profile,42
6933,1,4.747657385451021e-06,0,0.99,model::deberta_sentiment_profile,DeBERTa + Sentiment Profile,42
1687,1,5.0079259381163865e-05,0,0.99,model::deberta_sentiment_profile,DeBERTa + Sentiment Profile,42
14159,1,5.5449404499086086e-06,0,0.99,model::deberta_sentiment_profile,DeBERTa + Sentiment Profile,42
12864,0,7.670581908314489e-06,0,0.99,model::deberta_sentiment_profile,DeBERTa + Sentiment Profile,42
7414,0,6.963903160794871e-06,0,0.99,model::deberta_sentiment_profile,DeBERTa + Sentiment Profile,42
10319,0,4.202757281746017e-06,0,0.99,model::deberta_sentiment_profile,DeBERTa + Sentiment Profile,42
5750,0,4.649081347452011e-06,0,0.99,model::deberta_sentiment_profile,DeBERTa + Sentiment Profile,42
19293,0,6.495335128420265e-06,0,0.99,model::deberta_sentiment_profile,DeBERTa + Sentiment Profile,42
2232,0,5.802517080155667e-06,0,0.99,model::deberta_sentiment_profile,DeBERTa + Sentiment Profile,42
13229,1,7.914289199106861e-06,0,0.99,model::deberta_sentiment_profile,DeBERTa + Sentiment Profile,42
10707,0,5.0784742597898e-06,0,0.99,model::deberta_sentiment_profile,DeBERTa + Sentiment Profile,42
8561,1,7.183794878073968e-06,0,0.99,model::deberta_sentiment_profile,DeBERTa + Sentiment Profile,42
13985,1,5.496440735441865e-06,0,0.99,model::deberta_sentiment_profile,DeBERTa + Sentiment Profile,42
2854,1,9.154137842415366e-06,0,0.99,model::deberta_sentiment_profile,DeBERTa + Sentiment Profile,42
2236,1,4.848235676035984e-06,0,0.99,model::deberta_sentiment_profile,DeBERTa + Sentiment Profile,42
3868,0,7.551185717602493e-06,0,0.99,model::deberta_sentiment_profile,DeBERTa + Sentiment Profile,42
10796,0,5.910960226174211e-06,0,0.99,model::deberta_sentiment_profile,DeBERTa + Sentiment Profile,42
17402,1,5.824394520459464e-06,0,0.99,model::deberta_sentiment_profile,DeBERTa + Sentiment Profile,42
7141,1,6.96313327352982e-06,0,0.99,model::deberta_sentiment_profile,DeBERTa + Sentiment Profile,42
14597,1,5.1003062253585085e-06,0,0.99,model::deberta_sentiment_profile,DeBERTa + Sentiment Profile,42
9934,0,4.637687652575551e-06,0,0.99,model::deberta_sentiment_profile,DeBERTa + Sentiment Profile,42
18619,0,4.939301561535103e-06,0,0.99,model::deberta_sentiment_profile,DeBERTa + Sentiment Profile,42
3695,1,4.577004347083857e-06,0,0.99,model::deberta_sentiment_profile,DeBERTa + Sentiment Profile,42
8344,0,4.865689334110357e-06,0,0.99,model::deberta_sentiment_profile,DeBERTa + Sentiment Profile,42
15114,0,5.403284831118072e-06,0,0.99,model::deberta_sentiment_profile,DeBERTa + Sentiment Profile,42
12391,1,5.6974872677528765e-06,0,0.99,model::deberta_sentiment_profile,DeBERTa + Sentiment Profile,42
4632,1,6.099430720496457e-06,0,0.99,model::deberta_sentiment_profile,DeBERTa + Sentiment Profile,42
15102,0,6.164764272398315e-06,0,0.99,model::deberta_sentiment_profile,DeBERTa + Sentiment Profile,42
5842,0,2.5597249987185933e-05,0,0.99,model::deberta_sentiment_profile,DeBERTa + Sentiment Profile,42
5498,0,1.0118153113580776e-05,0,0.99,model::deberta_sentiment_profile,DeBERTa + Sentiment Profile,42
3589,0,4.930985141982092e-06,0,0.99,model::deberta_sentiment_profile,DeBERTa + Sentiment Profile,42
3086,1,4.512697614700301e-06,0,0.99,model::deberta_sentiment_profile,DeBERTa + Sentiment Profile,42
13493,1,4.89794774694019e-06,0,0.99,model::deberta_sentiment_profile,DeBERTa + Sentiment Profile,42
10682,0,4.489555976761039e-06,0,0.99,model::deberta_sentiment_profile,DeBERTa + Sentiment Profile,42
10036,0,4.633832759282086e-06,0,0.99,model::deberta_sentiment_profile,DeBERTa + Sentiment Profile,42
19345,0,9.802525710256305e-06,0,0.99,model::deberta_sentiment_profile,DeBERTa + Sentiment Profile,42
2750,0,5.719803084502928e-06,0,0.99,model::deberta_sentiment_profile,DeBERTa + Sentiment Profile,42
15614,1,5.227384008321678e-06,0,0.99,model::deberta_sentiment_profile,DeBERTa + Sentiment Profile,42
5002,1,4.74427633889718e-06,0,0.99,model::deberta_sentiment_profile,DeBERTa + Sentiment Profile,42
13930,1,6.485728135885438e-06,0,0.99,model::deberta_sentiment_profile,DeBERTa + Sentiment Profile,42
10120,0,4.920439096167684e-06,0,0.99,model::deberta_sentiment_profile,DeBERTa + Sentiment Profile,42
18713,1,5.073023658042075e-06,0,0.99,model::deberta_sentiment_profile,DeBERTa + Sentiment Profile,42
8232,1,4.835592790186638e-06,0,0.99,model::deberta_sentiment_profile,DeBERTa + Sentiment Profile,42
7129,0,4.448305844562128e-06,0,0.99,model::deberta_sentiment_profile,DeBERTa + Sentiment Profile,42
18752,1,4.368687768874224e-06,0,0.99,model::deberta_sentiment_profile,DeBERTa + Sentiment Profile,42
6196,1,4.907457878289279e-06,0,0.99,model::deberta_sentiment_profile,DeBERTa + Sentiment Profile,42
7708,0,2.517351276765112e-05,0,0.99,model::deberta_sentiment_profile,DeBERTa + Sentiment Profile,42
11980,1,5.075104581919732e-06,0,0.99,model::deberta_sentiment_profile,DeBERTa + Sentiment Profile,42
6870,1,4.691804406320443e-06,0,0.99,model::deberta_sentiment_profile,DeBERTa + Sentiment Profile,42
14038,1,6.597149422304938e-06,0,0.99,model::deberta_sentiment_profile,DeBERTa + Sentiment Profile,42
9212,0,4.840871497435728e-06,0,0.99,model::deberta_sentiment_profile,DeBERTa + Sentiment Profile,42
20144,1,1.2903618880955037e-05,0,0.99,model::deberta_sentiment_profile,DeBERTa + Sentiment Profile,42
12670,1,4.724027348856907e-06,0,0.99,model::deberta_sentiment_profile,DeBERTa + Sentiment Profile,42
197,0,4.12316330766771e-06,0,0.99,model::deberta_sentiment_profile,DeBERTa + Sentiment Profile,42
5786,0,4.635458935808856e-06,0,0.99,model::deberta_sentiment_profile,DeBERTa + Sentiment Profile,42
19596,1,1.0575654414424209e-05,0,0.99,model::deberta_sentiment_profile,DeBERTa + Sentiment Profile,42
14263,1,7.027736955933506e-06,0,0.99,model::deberta_sentiment_profile,DeBERTa + Sentiment Profile,42
5527,0,4.762758635479258e-06,0,0.99,model::deberta_sentiment_profile,DeBERTa + Sentiment Profile,42
3613,1,7.307145097001921e-06,0,0.99,model::deberta_sentiment_profile,DeBERTa + Sentiment Profile,42
19069,0,2.8073009161744267e-05,0,0.99,model::deberta_sentiment_profile,DeBERTa + Sentiment Profile,42
11053,1,5.995209903630894e-06,0,0.99,model::deberta_sentiment_profile,DeBERTa + Sentiment Profile,42
10188,0,0.9993038177490234,1,0.99,model::deberta_sentiment_profile,DeBERTa + Sentiment Profile,42
5807,1,5.241581220616354e-06,0,0.99,model::deberta_sentiment_profile,DeBERTa + Sentiment Profile,42
16841,0,4.8240317482850514e-06,0,0.99,model::deberta_sentiment_profile,DeBERTa + Sentiment Profile,42
19452,1,9.947087164619006e-06,0,0.99,model::deberta_sentiment_profile,DeBERTa + Sentiment Profile,42
14754,1,7.001874564593891e-06,0,0.99,model::deberta_sentiment_profile,DeBERTa + Sentiment Profile,42
15299,0,8.428143701166846e-06,0,0.99,model::deberta_sentiment_profile,DeBERTa + Sentiment Profile,42
8336,1,3.770542753045447e-05,0,0.99,model::deberta_sentiment_profile,DeBERTa + Sentiment Profile,42
9523,1,4.302673005440738e-06,0,0.99,model::deberta_sentiment_profile,DeBERTa + Sentiment Profile,42
12154,1,4.790455477632349e-06,0,0.99,model::deberta_sentiment_profile,DeBERTa + Sentiment Profile,42
19454,0,3.962486516684294e-06,0,0.99,model::deberta_sentiment_profile,DeBERTa + Sentiment Profile,42
20356,0,4.309900759835728e-06,0,0.99,model::deberta_sentiment_profile,DeBERTa + Sentiment Profile,42
20645,0,4.8731008064351045e-06,0,0.99,model::deberta_sentiment_profile,DeBERTa + Sentiment Profile,42
4937,0,5.095424967294093e-06,0,0.99,model::deberta_sentiment_profile,DeBERTa + Sentiment Profile,42
14311,0,4.1778416743909474e-06,0,0.99,model::deberta_sentiment_profile,DeBERTa + Sentiment Profile,42
15899,1,4.731746685138205e-06,0,0.99,model::deberta_sentiment_profile,DeBERTa + Sentiment Profile,42
12221,1,4.654919393942691e-06,0,0.99,model::deberta_sentiment_profile,DeBERTa + Sentiment Profile,42
6235,1,9.669705832493491e-06,0,0.99,model::deberta_sentiment_profile,DeBERTa + Sentiment Profile,42
4530,0,4.519700723903952e-06,0,0.99,model::deberta_sentiment_profile,DeBERTa + Sentiment Profile,42
11047,0,7.516755886172177e-06,0,0.99,model::deberta_sentiment_profile,DeBERTa + Sentiment Profile,42
6030,1,7.256409389810869e-06,0,0.99,model::deberta_sentiment_profile,DeBERTa + Sentiment Profile,42
11784,0,5.637155481963418e-06,0,0.99,model::deberta_sentiment_profile,DeBERTa + Sentiment Profile,42
16240,1,4.2990304791601375e-06,0,0.99,model::deberta_sentiment_profile,DeBERTa + Sentiment Profile,42
6814,0,4.43928820459405e-06,0,0.99,model::deberta_sentiment_profile,DeBERTa + Sentiment Profile,42
9480,0,4.043098670081236e-06,0,0.99,model::deberta_sentiment_profile,DeBERTa + Sentiment Profile,42
18776,0,4.785450528288493e-06,0,0.99,model::deberta_sentiment_profile,DeBERTa + Sentiment Profile,42
19473,1,5.542461167351576e-06,0,0.99,model::deberta_sentiment_profile,DeBERTa + Sentiment Profile,42
21029,0,5.62689137950656e-06,0,0.99,model::deberta_sentiment_profile,DeBERTa + Sentiment Profile,42
9437,0,6.903926532686455e-06,0,0.99,model::deberta_sentiment_profile,DeBERTa + Sentiment Profile,42
9842,1,5.33318916495773e-06,0,0.99,model::deberta_sentiment_profile,DeBERTa + Sentiment Profile,42
3009,1,5.956485438218806e-06,0,0.99,model::deberta_sentiment_profile,DeBERTa + Sentiment Profile,42
11712,0,2.0428771676961333e-05,0,0.99,model::deberta_sentiment_profile,DeBERTa + Sentiment Profile,42
16729,1,4.67779818791314e-06,0,0.99,model::deberta_sentiment_profile,DeBERTa + Sentiment Profile,42
5237,1,5.220777438808e-06,0,0.99,model::deberta_sentiment_profile,DeBERTa + Sentiment Profile,42
7020,1,0.0002473953063599,0,0.99,model::deberta_sentiment_profile,DeBERTa + Sentiment Profile,42
11806,0,4.529988473223057e-06,0,0.99,model::deberta_sentiment_profile,DeBERTa + Sentiment Profile,42
12464,0,5.0902090151794255e-06,0,0.99,model::deberta_sentiment_profile,DeBERTa + Sentiment Profile,42
792,0,4.15184968005633e-06,0,0.99,model::deberta_sentiment_profile,DeBERTa + Sentiment Profile,42
1233,1,5.437463642010698e-06,0,0.99,model::deberta_sentiment_profile,DeBERTa + Sentiment Profile,42
16456,1,8.95249377208529e-06,0,0.99,model::deberta_sentiment_profile,DeBERTa + Sentiment Profile,42
20327,1,1.131079170590965e-05,0,0.99,model::deberta_sentiment_profile,DeBERTa + Sentiment Profile,42
14791,1,5.872842393728206e-06,0,0.99,model::deberta_sentiment_profile,DeBERTa + Sentiment Profile,42
2125,0,5.367016910895472e-06,0,0.99,model::deberta_sentiment_profile,DeBERTa + Sentiment Profile,42
20580,0,4.2574470171530265e-06,0,0.99,model::deberta_sentiment_profile,DeBERTa + Sentiment Profile,42
1352,0,5.630412488244474e-06,0,0.99,model::deberta_sentiment_profile,DeBERTa + Sentiment Profile,42
9413,0,4.922884727420751e-06,0,0.99,model::deberta_sentiment_profile,DeBERTa + Sentiment Profile,42
16103,0,0.0001274558308068,0,0.99,model::deberta_sentiment_profile,DeBERTa + Sentiment Profile,42
5733,1,1.4097157873038668e-05,0,0.99,model::deberta_sentiment_profile,DeBERTa + Sentiment Profile,42
6147,0,1.006464572128607e-05,0,0.99,model::deberta_sentiment_profile,DeBERTa + Sentiment Profile,42
10220,1,4.2752599256346e-06,0,0.99,model::deberta_sentiment_profile,DeBERTa + Sentiment Profile,42
13001,1,7.914900379546452e-06,0,0.99,model::deberta_sentiment_profile,DeBERTa + Sentiment Profile,42
7442,1,5.009840151615208e-06,0,0.99,model::deberta_sentiment_profile,DeBERTa + Sentiment Profile,42
6884,0,4.190331310383044e-06,0,0.99,model::deberta_sentiment_profile,DeBERTa + Sentiment Profile,42
4949,1,4.89508511236636e-06,0,0.99,model::deberta_sentiment_profile,DeBERTa + Sentiment Profile,42
9301,1,5.48860953131225e-06,0,0.99,model::deberta_sentiment_profile,DeBERTa + Sentiment Profile,42
16483,0,7.1655604187981226e-06,0,0.99,model::deberta_sentiment_profile,DeBERTa + Sentiment Profile,42
12858,0,1.9103650629404e-05,0,0.99,model::deberta_sentiment_profile,DeBERTa + Sentiment Profile,42
2490,0,5.093083018437028e-06,0,0.99,model::deberta_sentiment_profile,DeBERTa + Sentiment Profile,42
2298,0,6.341895186778856e-06,0,0.99,model::deberta_sentiment_profile,DeBERTa + Sentiment Profile,42
20372,0,1.0885188203246798e-05,0,0.99,model::deberta_sentiment_profile,DeBERTa + Sentiment Profile,42
16026,1,4.2878036765614524e-06,0,0.99,model::deberta_sentiment_profile,DeBERTa + Sentiment Profile,42
1654,1,6.1858359003963415e-06,0,0.99,model::deberta_sentiment_profile,DeBERTa + Sentiment Profile,42
5270,1,7.775905032758601e-06,0,0.99,model::deberta_sentiment_profile,DeBERTa + Sentiment Profile,42
20611,1,4.022434040962253e-06,0,0.99,model::deberta_sentiment_profile,DeBERTa + Sentiment Profile,42
19998,0,4.158538558840519e-06,0,0.99,model::deberta_sentiment_profile,DeBERTa + Sentiment Profile,42
9193,0,3.895410372933839e-06,0,0.99,model::deberta_sentiment_profile,DeBERTa + Sentiment Profile,42
11269,0,8.416304808633868e-06,0,0.99,model::deberta_sentiment_profile,DeBERTa + Sentiment Profile,42
2088,0,5.884121492272243e-06,0,0.99,model::deberta_sentiment_profile,DeBERTa + Sentiment Profile,42
6637,0,7.076941983541474e-06,0,0.99,model::deberta_sentiment_profile,DeBERTa + Sentiment Profile,42
6554,1,5.910847903578542e-06,0,0.99,model::deberta_sentiment_profile,DeBERTa + Sentiment Profile,42
2779,1,5.307115316099953e-06,0,0.99,model::deberta_sentiment_profile,DeBERTa + Sentiment Profile,42
14704,1,4.417672698764363e-06,0,0.99,model::deberta_sentiment_profile,DeBERTa + Sentiment Profile,42
9470,0,5.355574103305116e-06,0,0.99,model::deberta_sentiment_profile,DeBERTa + Sentiment Profile,42
13502,1,5.631003659800626e-06,0,0.99,model::deberta_sentiment_profile,DeBERTa + Sentiment Profile,42
11886,1,5.32061039848486e-06,0,0.99,model::deberta_sentiment_profile,DeBERTa + Sentiment Profile,42
9976,1,4.921316758554895e-06,0,0.99,model::deberta_sentiment_profile,DeBERTa + Sentiment Profile,42
9870,0,4.8455640353495255e-06,0,0.99,model::deberta_sentiment_profile,DeBERTa + Sentiment Profile,42
3216,0,4.642608473659493e-06,0,0.99,model::deberta_sentiment_profile,DeBERTa + Sentiment Profile,42
11857,1,1.981727655220311e-05,0,0.99,model::deberta_sentiment_profile,DeBERTa + Sentiment Profile,42
2564,1,4.39807490693056e-06,0,0.99,model::deberta_sentiment_profile,DeBERTa + Sentiment Profile,42
11284,1,5.802344821859151e-05,0,0.99,model::deberta_sentiment_profile,DeBERTa + Sentiment Profile,42
1669,0,4.47722914032056e-06,0,0.99,model::deberta_sentiment_profile,DeBERTa + Sentiment Profile,42
1031,0,7.389401616819667e-06,0,0.99,model::deberta_sentiment_profile,DeBERTa + Sentiment Profile,42
20648,1,4.544406237982912e-06,0,0.99,model::deberta_sentiment_profile,DeBERTa + Sentiment Profile,42
17870,0,4.75355136586586e-06,0,0.99,model::deberta_sentiment_profile,DeBERTa + Sentiment Profile,42
15836,0,4.606672519003041e-06,0,0.99,model::deberta_sentiment_profile,DeBERTa + Sentiment Profile,42
7602,1,6.240300081117312e-06,0,0.99,model::deberta_sentiment_profile,DeBERTa + Sentiment Profile,42
6097,0,5.168952611711575e-06,0,0.99,model::deberta_sentiment_profile,DeBERTa + Sentiment Profile,42
11780,1,4.981136498827254e-06,0,0.99,model::deberta_sentiment_profile,DeBERTa + Sentiment Profile,42
12327,1,4.765803168993443e-06,0,0.99,model::deberta_sentiment_profile,DeBERTa + Sentiment Profile,42
7422,0,4.586683189700125e-06,0,0.99,model::deberta_sentiment_profile,DeBERTa + Sentiment Profile,42
1605,0,5.218701971898554e-06,0,0.99,model::deberta_sentiment_profile,DeBERTa + Sentiment Profile,42
9219,0,4.409616394696059e-06,0,0.99,model::deberta_sentiment_profile,DeBERTa + Sentiment Profile,42
1998,0,0.0001379302993882,0,0.99,model::deberta_sentiment_profile,DeBERTa + Sentiment Profile,42
7787,1,4.601684395311168e-06,0,0.99,model::deberta_sentiment_profile,DeBERTa + Sentiment Profile,42
6209,1,4.709498170996085e-06,0,0.99,model::deberta_sentiment_profile,DeBERTa + Sentiment Profile,42
14715,0,5.919624982198002e-06,0,0.99,model::deberta_sentiment_profile,DeBERTa + Sentiment Profile,42
274,0,4.942746272718068e-06,0,0.99,model::deberta_sentiment_profile,DeBERTa + Sentiment Profile,42
1200,0,1.411874018231174e-05,0,0.99,model::deberta_sentiment_profile,DeBERTa + Sentiment Profile,42
1804,1,1.498266738053644e-05,0,0.99,model::deberta_sentiment_profile,DeBERTa + Sentiment Profile,42
18547,1,6.711815331073012e-06,0,0.99,model::deberta_sentiment_profile,DeBERTa + Sentiment Profile,42
4952,0,5.5973582675505895e-06,0,0.99,model::deberta_sentiment_profile,DeBERTa + Sentiment Profile,42
10413,1,8.611158591520507e-06,0,0.99,model::deberta_sentiment_profile,DeBERTa + Sentiment Profile,42
20278,0,4.822633400181076e-06,0,0.99,model::deberta_sentiment_profile,DeBERTa + Sentiment Profile,42
15260,0,4.792493200511672e-06,0,0.99,model::deberta_sentiment_profile,DeBERTa + Sentiment Profile,42
9825,0,4.360866569186328e-06,0,0.99,model::deberta_sentiment_profile,DeBERTa + Sentiment Profile,42
13644,1,4.681444352172548e-06,0,0.99,model::deberta_sentiment_profile,DeBERTa + Sentiment Profile,42
2384,1,5.438682364911074e-06,0,0.99,model::deberta_sentiment_profile,DeBERTa + Sentiment Profile,42
9493,1,6.049979674571659e-06,0,0.99,model::deberta_sentiment_profile,DeBERTa + Sentiment Profile,42
15687,1,6.188408406160306e-06,0,0.99,model::deberta_sentiment_profile,DeBERTa + Sentiment Profile,42
15144,0,7.256699518620735e-06,0,0.99,model::deberta_sentiment_profile,DeBERTa + Sentiment Profile,42
20175,1,4.008506039099302e-06,0,0.99,model::deberta_sentiment_profile,DeBERTa + Sentiment Profile,42
20844,1,5.627492555504432e-06,0,0.99,model::deberta_sentiment_profile,DeBERTa + Sentiment Profile,42
5744,1,1.1716231711034196e-05,0,0.99,model::deberta_sentiment_profile,DeBERTa + Sentiment Profile,42
20183,0,4.454563622857677e-06,0,0.99,model::deberta_sentiment_profile,DeBERTa + Sentiment Profile,42
1277,0,4.1449497985013295e-06,0,0.99,model::deberta_sentiment_profile,DeBERTa + Sentiment Profile,42
1051,0,3.656421313280589e-06,0,0.99,model::deberta_sentiment_profile,DeBERTa + Sentiment Profile,42
980,0,6.570038294739788e-06,0,0.99,model::deberta_sentiment_profile,DeBERTa + Sentiment Profile,42
3443,0,4.757252099807374e-06,0,0.99,model::deberta_sentiment_profile,DeBERTa + Sentiment Profile,42
13908,1,1.8365122741670348e-05,0,0.99,model::deberta_sentiment_profile,DeBERTa + Sentiment Profile,42
21046,1,4.860684839513851e-06,0,0.99,model::deberta_sentiment_profile,DeBERTa + Sentiment Profile,42
6179,1,4.688482658821158e-05,0,0.99,model::deberta_sentiment_profile,DeBERTa + Sentiment Profile,42
19724,1,5.355655957828276e-06,0,0.99,model::deberta_sentiment_profile,DeBERTa + Sentiment Profile,42
20341,1,5.253972631180659e-06,0,0.99,model::deberta_sentiment_profile,DeBERTa + Sentiment Profile,42
3028,1,7.690196071052924e-06,0,0.99,model::deberta_sentiment_profile,DeBERTa + Sentiment Profile,42
6737,0,7.563452527392656e-06,0,0.99,model::deberta_sentiment_profile,DeBERTa + Sentiment Profile,42
12004,0,4.677895958593581e-06,0,0.99,model::deberta_sentiment_profile,DeBERTa + Sentiment Profile,42
21054,0,6.765359103155788e-06,0,0.99,model::deberta_sentiment_profile,DeBERTa + Sentiment Profile,42
735,1,5.443829650175758e-06,0,0.99,model::deberta_sentiment_profile,DeBERTa + Sentiment Profile,42
845,1,9.555574251862708e-06,0,0.99,model::deberta_sentiment_profile,DeBERTa + Sentiment Profile,42
2659,0,4.956126758770552e-06,0,0.99,model::deberta_sentiment_profile,DeBERTa + Sentiment Profile,42
11691,1,6.141924586700043e-06,0,0.99,model::deberta_sentiment_profile,DeBERTa + Sentiment Profile,42
220,0,6.478255272668321e-06,0,0.99,model::deberta_sentiment_profile,DeBERTa + Sentiment Profile,42
14073,1,5.117016826261533e-06,0,0.99,model::deberta_sentiment_profile,DeBERTa + Sentiment Profile,42
14089,0,5.451482593343826e-06,0,0.99,model::deberta_sentiment_profile,DeBERTa + Sentiment Profile,42
15991,0,4.411862846609438e-06,0,0.99,model::deberta_sentiment_profile,DeBERTa + Sentiment Profile,42
17752,1,5.342566055333009e-06,0,0.99,model::deberta_sentiment_profile,DeBERTa + Sentiment Profile,42
1093,1,8.191656888811849e-06,0,0.99,model::deberta_sentiment_profile,DeBERTa + Sentiment Profile,42
9141,1,5.8517321122053545e-06,0,0.99,model::deberta_sentiment_profile,DeBERTa + Sentiment Profile,42
715,1,1.326865367445862e-05,0,0.99,model::deberta_sentiment_profile,DeBERTa + Sentiment Profile,42
14951,1,5.820452315674629e-06,0,0.99,model::deberta_sentiment_profile,DeBERTa + Sentiment Profile,42
3193,1,4.471392003324581e-06,0,0.99,model::deberta_sentiment_profile,DeBERTa + Sentiment Profile,42
15844,1,5.191949639993254e-06,0,0.99,model::deberta_sentiment_profile,DeBERTa + Sentiment Profile,42
10910,1,6.48530840408057e-06,0,0.99,model::deberta_sentiment_profile,DeBERTa + Sentiment Profile,42
9172,1,6.231326096894918e-06,0,0.99,model::deberta_sentiment_profile,DeBERTa + Sentiment Profile,42
5017,1,4.964130766893504e-06,0,0.99,model::deberta_sentiment_profile,DeBERTa + Sentiment Profile,42
8474,1,5.161086392035941e-06,0,0.99,model::deberta_sentiment_profile,DeBERTa + Sentiment Profile,42
7041,0,5.85512589168502e-06,0,0.99,model::deberta_sentiment_profile,DeBERTa + Sentiment Profile,42
19785,0,1.0992888746841343e-05,0,0.99,model::deberta_sentiment_profile,DeBERTa + Sentiment Profile,42
1706,0,4.71386629214976e-05,0,0.99,model::deberta_sentiment_profile,DeBERTa + Sentiment Profile,42
18644,1,4.841120244236663e-06,0,0.99,model::deberta_sentiment_profile,DeBERTa + Sentiment Profile,42
20618,1,8.162063750205562e-06,0,0.99,model::deberta_sentiment_profile,DeBERTa + Sentiment Profile,42
10680,0,4.677236120187445e-06,0,0.99,model::deberta_sentiment_profile,DeBERTa + Sentiment Profile,42
1137,1,5.298645191942342e-06,0,0.99,model::deberta_sentiment_profile,DeBERTa + Sentiment Profile,42
5984,1,1.3303495506988838e-05,0,0.99,model::deberta_sentiment_profile,DeBERTa + Sentiment Profile,42
8627,0,2.3395246898871846e-05,0,0.99,model::deberta_sentiment_profile,DeBERTa + Sentiment Profile,42
3083,0,4.4393727876013145e-06,0,0.99,model::deberta_sentiment_profile,DeBERTa + Sentiment Profile,42
1335,0,4.491192157729529e-06,0,0.99,model::deberta_sentiment_profile,DeBERTa + Sentiment Profile,42
7661,1,5.083339601696935e-06,0,0.99,model::deberta_sentiment_profile,DeBERTa + Sentiment Profile,42
20122,1,1.9508126570144668e-05,0,0.99,model::deberta_sentiment_profile,DeBERTa + Sentiment Profile,42
16125,1,7.37647496862337e-06,0,0.99,model::deberta_sentiment_profile,DeBERTa + Sentiment Profile,42
8998,1,4.6111731535347644e-06,0,0.99,model::deberta_sentiment_profile,DeBERTa + Sentiment Profile,42
19137,1,2.165671503462363e-05,0,0.99,model::deberta_sentiment_profile,DeBERTa + Sentiment Profile,42
9285,0,4.7974681365303695e-06,0,0.99,model::deberta_sentiment_profile,DeBERTa + Sentiment Profile,42
10260,1,5.131090347276768e-06,0,0.99,model::deberta_sentiment_profile,DeBERTa + Sentiment Profile,42
5406,0,6.395878244802589e-06,0,0.99,model::deberta_sentiment_profile,DeBERTa + Sentiment Profile,42
445,0,4.313860245019896e-06,0,0.99,model::deberta_sentiment_profile,DeBERTa + Sentiment Profile,42
11938,1,6.993385795794893e-06,0,0.99,model::deberta_sentiment_profile,DeBERTa + Sentiment Profile,42
10326,0,5.233449428487802e-06,0,0.99,model::deberta_sentiment_profile,DeBERTa + Sentiment Profile,42
20045,0,5.135917490406428e-06,0,0.99,model::deberta_sentiment_profile,DeBERTa + Sentiment Profile,42
4939,1,5.903479177504778e-06,0,0.99,model::deberta_sentiment_profile,DeBERTa + Sentiment Profile,42
12602,1,5.160441560292384e-06,0,0.99,model::deberta_sentiment_profile,DeBERTa + Sentiment Profile,42
12820,0,4.89524427393917e-06,0,0.99,model::deberta_sentiment_profile,DeBERTa + Sentiment Profile,42
4707,1,4.818302841158584e-06,0,0.99,model::deberta_sentiment_profile,DeBERTa + Sentiment Profile,42
2740,1,4.822716164198937e-06,0,0.99,model::deberta_sentiment_profile,DeBERTa + Sentiment Profile,42
15206,0,5.718772627005819e-06,0,0.99,model::deberta_sentiment_profile,DeBERTa + Sentiment Profile,42
20765,1,5.807394700241275e-06,0,0.99,model::deberta_sentiment_profile,DeBERTa + Sentiment Profile,42
13867,1,0.0001023470758809,0,0.99,model::deberta_sentiment_profile,DeBERTa + Sentiment Profile,42
10393,0,7.195204034360359e-06,0,0.99,model::deberta_sentiment_profile,DeBERTa + Sentiment Profile,42
18360,0,7.028957043075934e-06,0,0.99,model::deberta_sentiment_profile,DeBERTa + Sentiment Profile,42
16306,0,4.800305759999901e-06,0,0.99,model::deberta_sentiment_profile,DeBERTa + Sentiment Profile,42
16392,0,8.655105375510175e-06,0,0.99,model::deberta_sentiment_profile,DeBERTa + Sentiment Profile,42
223,1,1.038464415614726e-05,0,0.99,model::deberta_sentiment_profile,DeBERTa + Sentiment Profile,42
13724,1,9.301042155129837e-06,0,0.99,model::deberta_sentiment_profile,DeBERTa + Sentiment Profile,42
10533,1,7.302463473024545e-06,0,0.99,model::deberta_sentiment_profile,DeBERTa + Sentiment Profile,42
14919,1,5.066207449999638e-06,0,0.99,model::deberta_sentiment_profile,DeBERTa + Sentiment Profile,42
4826,0,4.167709903413197e-06,0,0.99,model::deberta_sentiment_profile,DeBERTa + Sentiment Profile,42
12828,1,4.408548193168826e-06,0,0.99,model::deberta_sentiment_profile,DeBERTa + Sentiment Profile,42
1508,1,5.729865279135993e-06,0,0.99,model::deberta_sentiment_profile,DeBERTa + Sentiment Profile,42
14590,0,4.025331691082101e-06,0,0.99,model::deberta_sentiment_profile,DeBERTa + Sentiment Profile,42
8866,1,5.540193797060056e-06,0,0.99,model::deberta_sentiment_profile,DeBERTa + Sentiment Profile,42
4409,0,5.0962412387889344e-06,0,0.99,model::deberta_sentiment_profile,DeBERTa + Sentiment Profile,42
18033,1,7.149300927267177e-06,0,0.99,model::deberta_sentiment_profile,DeBERTa + Sentiment Profile,42
12087,1,4.641771738533862e-06,0,0.99,model::deberta_sentiment_profile,DeBERTa + Sentiment Profile,42
10834,0,1.2586259799718393e-05,0,0.99,model::deberta_sentiment_profile,DeBERTa + Sentiment Profile,42
3238,1,5.564710136241047e-06,0,0.99,model::deberta_sentiment_profile,DeBERTa + Sentiment Profile,42
15827,0,6.039862455509137e-06,0,0.99,model::deberta_sentiment_profile,DeBERTa + Sentiment Profile,42
3656,1,4.433385583979543e-06,0,0.99,model::deberta_sentiment_profile,DeBERTa + Sentiment Profile,42
8955,0,4.540580903267255e-06,0,0.99,model::deberta_sentiment_profile,DeBERTa + Sentiment Profile,42
890,1,5.323732239048695e-06,0,0.99,model::deberta_sentiment_profile,DeBERTa + Sentiment Profile,42
2516,1,5.320834134181496e-06,0,0.99,model::deberta_sentiment_profile,DeBERTa + Sentiment Profile,42
18073,1,9.151021913567092e-06,0,0.99,model::deberta_sentiment_profile,DeBERTa + Sentiment Profile,42
8460,1,4.977399385097669e-06,0,0.99,model::deberta_sentiment_profile,DeBERTa + Sentiment Profile,42
13913,1,5.131129910296295e-06,0,0.99,model::deberta_sentiment_profile,DeBERTa + Sentiment Profile,42
14989,0,9.292460163123906e-06,0,0.99,model::deberta_sentiment_profile,DeBERTa + Sentiment Profile,42
12550,0,4.3480554268171545e-06,0,0.99,model::deberta_sentiment_profile,DeBERTa + Sentiment Profile,42
8601,0,5.232730927673401e-06,0,0.99,model::deberta_sentiment_profile,DeBERTa + Sentiment Profile,42
11106,1,4.360213551990455e-06,0,0.99,model::deberta_sentiment_profile,DeBERTa + Sentiment Profile,42
18688,0,5.295008122629952e-06,0,0.99,model::deberta_sentiment_profile,DeBERTa + Sentiment Profile,42
8130,0,1.784013511496596e-05,0,0.99,model::deberta_sentiment_profile,DeBERTa + Sentiment Profile,42
4465,1,6.093954198149731e-06,0,0.99,model::deberta_sentiment_profile,DeBERTa + Sentiment Profile,42
17215,1,6.2744693423155695e-06,0,0.99,model::deberta_sentiment_profile,DeBERTa + Sentiment Profile,42
8438,1,6.460597433033399e-06,0,0.99,model::deberta_sentiment_profile,DeBERTa + Sentiment Profile,42
10332,1,6.110207777965115e-06,0,0.99,model::deberta_sentiment_profile,DeBERTa + Sentiment Profile,42
7194,1,5.057257567386841e-06,0,0.99,model::deberta_sentiment_profile,DeBERTa + Sentiment Profile,42
7211,1,4.442922090674983e-06,0,0.99,model::deberta_sentiment_profile,DeBERTa + Sentiment Profile,42
7652,0,4.5406109165924136e-06,0,0.99,model::deberta_sentiment_profile,DeBERTa + Sentiment Profile,42
20393,1,6.891211342008319e-06,0,0.99,model::deberta_sentiment_profile,DeBERTa + Sentiment Profile,42
7624,0,4.470645308174426e-06,0,0.99,model::deberta_sentiment_profile,DeBERTa + Sentiment Profile,42
19363,1,8.711117516213562e-06,0,0.99,model::deberta_sentiment_profile,DeBERTa + Sentiment Profile,42
7628,1,2.9667113267350945e-05,0,0.99,model::deberta_sentiment_profile,DeBERTa + Sentiment Profile,42
13143,0,4.876285402133362e-06,0,0.99,model::deberta_sentiment_profile,DeBERTa + Sentiment Profile,42
18653,1,4.404392257129075e-06,0,0.99,model::deberta_sentiment_profile,DeBERTa + Sentiment Profile,42
910,0,6.266181571845664e-06,0,0.99,model::deberta_sentiment_profile,DeBERTa + Sentiment Profile,42
257,1,2.3526803488493897e-05,0,0.99,model::deberta_sentiment_profile,DeBERTa + Sentiment Profile,42
8122,1,5.62943569093477e-06,0,0.99,model::deberta_sentiment_profile,DeBERTa + Sentiment Profile,42
9065,1,4.152922429057071e-06,0,0.99,model::deberta_sentiment_profile,DeBERTa + Sentiment Profile,42
18774,0,5.514055374078453e-06,0,0.99,model::deberta_sentiment_profile,DeBERTa + Sentiment Profile,42
8840,1,5.576104740612209e-06,0,0.99,model::deberta_sentiment_profile,DeBERTa + Sentiment Profile,42
9083,1,1.6610629245406017e-05,0,0.99,model::deberta_sentiment_profile,DeBERTa + Sentiment Profile,42
1188,1,4.546989657683298e-06,0,0.99,model::deberta_sentiment_profile,DeBERTa + Sentiment Profile,42
10566,0,1.379334025841672e-05,0,0.99,model::deberta_sentiment_profile,DeBERTa + Sentiment Profile,42
19405,1,6.349981049424969e-06,0,0.99,model::deberta_sentiment_profile,DeBERTa + Sentiment Profile,42
8459,1,4.5365859477897175e-06,0,0.99,model::deberta_sentiment_profile,DeBERTa + Sentiment Profile,42
17679,1,7.942286174511537e-06,0,0.99,model::deberta_sentiment_profile,DeBERTa + Sentiment Profile,42
12760,0,0.0001644135772949,0,0.99,model::deberta_sentiment_profile,DeBERTa + Sentiment Profile,42
11399,1,5.2007558224431705e-06,0,0.99,model::deberta_sentiment_profile,DeBERTa + Sentiment Profile,42
1972,1,5.232411240285728e-06,0,0.99,model::deberta_sentiment_profile,DeBERTa + Sentiment Profile,42
11132,0,4.744027137348894e-06,0,0.99,model::deberta_sentiment_profile,DeBERTa + Sentiment Profile,42
1578,1,5.11824646309833e-06,0,0.99,model::deberta_sentiment_profile,DeBERTa + Sentiment Profile,42
407,1,6.164217211335199e-06,0,0.99,model::deberta_sentiment_profile,DeBERTa + Sentiment Profile,42
10444,1,4.692561105912319e-06,0,0.99,model::deberta_sentiment_profile,DeBERTa + Sentiment Profile,42
6758,0,5.372829946281854e-06,0,0.99,model::deberta_sentiment_profile,DeBERTa + Sentiment Profile,42
12226,0,4.234298103256151e-06,0,0.99,model::deberta_sentiment_profile,DeBERTa + Sentiment Profile,42
15551,1,1.1068364074162672e-05,0,0.99,model::deberta_sentiment_profile,DeBERTa + Sentiment Profile,42
2313,1,6.083078915253282e-06,0,0.99,model::deberta_sentiment_profile,DeBERTa + Sentiment Profile,42
11015,1,4.612813881976763e-06,0,0.99,model::deberta_sentiment_profile,DeBERTa + Sentiment Profile,42
35,1,4.719493063021218e-06,0,0.99,model::deberta_sentiment_profile,DeBERTa + Sentiment Profile,42
20481,0,5.4815004659758415e-06,0,0.99,model::deberta_sentiment_profile,DeBERTa + Sentiment Profile,42
10167,0,6.729453161824495e-06,0,0.99,model::deberta_sentiment_profile,DeBERTa + Sentiment Profile,42
19682,1,4.502096999203786e-06,0,0.99,model::deberta_sentiment_profile,DeBERTa + Sentiment Profile,42
4811,0,5.163922196516069e-06,0,0.99,model::deberta_sentiment_profile,DeBERTa + Sentiment Profile,42
19927,1,7.483523859264096e-06,0,0.99,model::deberta_sentiment_profile,DeBERTa + Sentiment Profile,42
2122,1,4.703233116742922e-06,0,0.99,model::deberta_sentiment_profile,DeBERTa + Sentiment Profile,42
19791,1,5.150849119672785e-06,0,0.99,model::deberta_sentiment_profile,DeBERTa + Sentiment Profile,42
14532,1,5.044425506639527e-06,0,0.99,model::deberta_sentiment_profile,DeBERTa + Sentiment Profile,42
6234,1,4.0604018067824654e-06,0,0.99,model::deberta_sentiment_profile,DeBERTa + Sentiment Profile,42
13877,1,4.840852852794342e-06,0,0.99,model::deberta_sentiment_profile,DeBERTa + Sentiment Profile,42
13949,1,4.988990440324415e-06,0,0.99,model::deberta_sentiment_profile,DeBERTa + Sentiment Profile,42
16838,0,4.647684818337439e-06,0,0.99,model::deberta_sentiment_profile,DeBERTa + Sentiment Profile,42
4456,0,6.504124030470848e-06,0,0.99,model::deberta_sentiment_profile,DeBERTa + Sentiment Profile,42
10744,1,5.8388432080391794e-06,0,0.99,model::deberta_sentiment_profile,DeBERTa + Sentiment Profile,42
18984,1,5.193623564991867e-06,0,0.99,model::deberta_sentiment_profile,DeBERTa + Sentiment Profile,42
20496,0,4.874244041275233e-06,0,0.99,model::deberta_sentiment_profile,DeBERTa + Sentiment Profile,42
5594,1,6.35944115856546e-06,0,0.99,model::deberta_sentiment_profile,DeBERTa + Sentiment Profile,42
130,1,6.034306352376007e-06,0,0.99,model::deberta_sentiment_profile,DeBERTa + Sentiment Profile,42
4873,0,1.5417392205563374e-05,0,0.99,model::deberta_sentiment_profile,DeBERTa + Sentiment Profile,42
19469,1,7.2741745498206e-06,0,0.99,model::deberta_sentiment_profile,DeBERTa + Sentiment Profile,42
7641,0,5.962088835076429e-06,0,0.99,model::deberta_sentiment_profile,DeBERTa + Sentiment Profile,42
9028,1,4.76617105960031e-06,0,0.99,model::deberta_sentiment_profile,DeBERTa + Sentiment Profile,42
1377,0,1.2101045285817236e-05,0,0.99,model::deberta_sentiment_profile,DeBERTa + Sentiment Profile,42
8451,0,4.068805537826847e-06,0,0.99,model::deberta_sentiment_profile,DeBERTa + Sentiment Profile,42
13056,1,6.06577486905735e-06,0,0.99,model::deberta_sentiment_profile,DeBERTa + Sentiment Profile,42
9516,0,4.919435014016926e-06,0,0.99,model::deberta_sentiment_profile,DeBERTa + Sentiment Profile,42
11571,0,4.86972794533358e-06,0,0.99,model::deberta_sentiment_profile,DeBERTa + Sentiment Profile,42
15549,0,6.399185167538235e-06,0,0.99,model::deberta_sentiment_profile,DeBERTa + Sentiment Profile,42
6838,0,6.03214311922784e-06,0,0.99,model::deberta_sentiment_profile,DeBERTa + Sentiment Profile,42
14624,0,4.777115464094095e-06,0,0.99,model::deberta_sentiment_profile,DeBERTa + Sentiment Profile,42
20203,1,4.959015768690733e-06,0,0.99,model::deberta_sentiment_profile,DeBERTa + Sentiment Profile,42
17249,0,5.1660695135069545e-06,0,0.99,model::deberta_sentiment_profile,DeBERTa + Sentiment Profile,42
7666,1,4.762485787068727e-06,0,0.99,model::deberta_sentiment_profile,DeBERTa + Sentiment Profile,42
14003,0,4.240970156388357e-06,0,0.99,model::deberta_sentiment_profile,DeBERTa + Sentiment Profile,42
8295,1,4.83059193356894e-06,0,0.99,model::deberta_sentiment_profile,DeBERTa + Sentiment Profile,42
7750,0,5.096017503092298e-06,0,0.99,model::deberta_sentiment_profile,DeBERTa + Sentiment Profile,42
15845,0,7.305124654521933e-06,0,0.99,model::deberta_sentiment_profile,DeBERTa + Sentiment Profile,42
18290,1,1.2252962733327877e-05,0,0.99,model::deberta_sentiment_profile,DeBERTa + Sentiment Profile,42
15259,0,6.073908025427954e-06,0,0.99,model::deberta_sentiment_profile,DeBERTa + Sentiment Profile,42
12818,0,6.216409929038491e-06,0,0.99,model::deberta_sentiment_profile,DeBERTa + Sentiment Profile,42
1307,0,5.388475074141752e-06,0,0.99,model::deberta_sentiment_profile,DeBERTa + Sentiment Profile,42
11666,0,0.0002314060402568,0,0.99,model::deberta_sentiment_profile,DeBERTa + Sentiment Profile,42
10098,0,4.654831172956619e-06,0,0.99,model::deberta_sentiment_profile,DeBERTa + Sentiment Profile,42
14991,0,0.0001725936017464,0,0.99,model::deberta_sentiment_profile,DeBERTa + Sentiment Profile,42
3536,1,6.844062681921059e-06,0,0.99,model::deberta_sentiment_profile,DeBERTa + Sentiment Profile,42
793,0,5.865325420018053e-06,0,0.99,model::deberta_sentiment_profile,DeBERTa + Sentiment Profile,42
6444,1,1.1907713997061364e-05,0,0.99,model::deberta_sentiment_profile,DeBERTa + Sentiment Profile,42
21037,1,4.399921181175159e-06,0,0.99,model::deberta_sentiment_profile,DeBERTa + Sentiment Profile,42
1046,1,4.0990007619257085e-06,0,0.99,model::deberta_sentiment_profile,DeBERTa + Sentiment Profile,42
17091,1,1.1210129741812123e-05,0,0.99,model::deberta_sentiment_profile,DeBERTa + Sentiment Profile,42
10760,1,1.3840195606462656e-05,0,0.99,model::deberta_sentiment_profile,DeBERTa + Sentiment Profile,42
19789,1,6.010856395732844e-06,0,0.99,model::deberta_sentiment_profile,DeBERTa + Sentiment Profile,42
14570,0,5.185517693462316e-06,0,0.99,model::deberta_sentiment_profile,DeBERTa + Sentiment Profile,42
4501,0,8.16109877632698e-06,0,0.99,model::deberta_sentiment_profile,DeBERTa + Sentiment Profile,42
17804,1,6.6426982812117785e-06,0,0.99,model::deberta_sentiment_profile,DeBERTa + Sentiment Profile,42
20930,1,1.4971553355280776e-05,0,0.99,model::deberta_sentiment_profile,DeBERTa + Sentiment Profile,42
5681,0,4.914520559395896e-06,0,0.99,model::deberta_sentiment_profile,DeBERTa + Sentiment Profile,42
19492,0,5.362627689464716e-06,0,0.99,model::deberta_sentiment_profile,DeBERTa + Sentiment Profile,42
15199,0,4.317709226597799e-06,0,0.99,model::deberta_sentiment_profile,DeBERTa + Sentiment Profile,42
19773,1,5.2541026889230125e-06,0,0.99,model::deberta_sentiment_profile,DeBERTa + Sentiment Profile,42
8648,1,4.411774170876015e-06,0,0.99,model::deberta_sentiment_profile,DeBERTa + Sentiment Profile,42
19415,0,4.45106670667883e-05,0,0.99,model::deberta_sentiment_profile,DeBERTa + Sentiment Profile,42
7801,0,6.698604011035059e-06,0,0.99,model::deberta_sentiment_profile,DeBERTa + Sentiment Profile,42
8,1,9.534902346786112e-06,0,0.99,model::deberta_sentiment_profile,DeBERTa + Sentiment Profile,42
20689,0,4.984705356037011e-06,0,0.99,model::deberta_sentiment_profile,DeBERTa + Sentiment Profile,42
8222,0,4.673931925935904e-06,0,0.99,model::deberta_sentiment_profile,DeBERTa + Sentiment Profile,42
2404,0,4.730879936687416e-06,0,0.99,model::deberta_sentiment_profile,DeBERTa + Sentiment Profile,42
16855,0,4.698454176832456e-06,0,0.99,model::deberta_sentiment_profile,DeBERTa + Sentiment Profile,42
16043,0,5.399859219323844e-06,0,0.99,model::deberta_sentiment_profile,DeBERTa + Sentiment Profile,42
3970,1,5.265163053991273e-06,0,0.99,model::deberta_sentiment_profile,DeBERTa + Sentiment Profile,42
15080,0,5.104509909870103e-06,0,0.99,model::deberta_sentiment_profile,DeBERTa + Sentiment Profile,42
12208,1,5.295851678965846e-06,0,0.99,model::deberta_sentiment_profile,DeBERTa + Sentiment Profile,42
16329,0,3.995872702944325e-06,0,0.99,model::deberta_sentiment_profile,DeBERTa + Sentiment Profile,42
16072,0,4.4524058466777205e-06,0,0.99,model::deberta_sentiment_profile,DeBERTa + Sentiment Profile,42
7193,0,4.119287950743456e-06,0,0.99,model::deberta_sentiment_profile,DeBERTa + Sentiment Profile,42
9127,0,4.849548986385344e-06,0,0.99,model::deberta_sentiment_profile,DeBERTa + Sentiment Profile,42
8752,0,4.595513928506989e-06,0,0.99,model::deberta_sentiment_profile,DeBERTa + Sentiment Profile,42
15219,0,4.879127573076403e-06,0,0.99,model::deberta_sentiment_profile,DeBERTa + Sentiment Profile,42
3972,1,7.356059995800024e-06,0,0.99,model::deberta_sentiment_profile,DeBERTa + Sentiment Profile,42
17228,0,6.282810318225529e-06,0,0.99,model::deberta_sentiment_profile,DeBERTa + Sentiment Profile,42
11729,1,8.964847438619472e-06,0,0.99,model::deberta_sentiment_profile,DeBERTa + Sentiment Profile,42
10278,0,5.08328093928867e-06,0,0.99,model::deberta_sentiment_profile,DeBERTa + Sentiment Profile,42
6727,1,4.748273113364121e-06,0,0.99,model::deberta_sentiment_profile,DeBERTa + Sentiment Profile,42
13215,0,8.908393283491023e-06,0,0.99,model::deberta_sentiment_profile,DeBERTa + Sentiment Profile,42
15369,1,6.560740530403564e-06,0,0.99,model::deberta_sentiment_profile,DeBERTa + Sentiment Profile,42
6047,0,0.0012533589033409,0,0.99,model::deberta_sentiment_profile,DeBERTa + Sentiment Profile,42
3678,1,2.995070281031076e-05,0,0.99,model::deberta_sentiment_profile,DeBERTa + Sentiment Profile,42
7108,1,4.585108399624005e-06,0,0.99,model::deberta_sentiment_profile,DeBERTa + Sentiment Profile,42
12819,1,6.453644800785696e-06,0,0.99,model::deberta_sentiment_profile,DeBERTa + Sentiment Profile,42
1116,1,5.055367182649206e-06,0,0.99,model::deberta_sentiment_profile,DeBERTa + Sentiment Profile,42
11919,1,1.3179087545722725e-05,0,0.99,model::deberta_sentiment_profile,DeBERTa + Sentiment Profile,42
20150,1,5.425612471299246e-06,0,0.99,model::deberta_sentiment_profile,DeBERTa + Sentiment Profile,42
15363,1,0.0001936628395924,0,0.99,model::deberta_sentiment_profile,DeBERTa + Sentiment Profile,42
9926,0,6.64773642711225e-06,0,0.99,model::deberta_sentiment_profile,DeBERTa + Sentiment Profile,42
1315,1,2.442165168758948e-05,0,0.99,model::deberta_sentiment_profile,DeBERTa + Sentiment Profile,42
12578,1,3.959706646128325e-06,0,0.99,model::deberta_sentiment_profile,DeBERTa + Sentiment Profile,42
9256,1,6.753838988515781e-06,0,0.99,model::deberta_sentiment_profile,DeBERTa + Sentiment Profile,42
2825,1,4.608078597811982e-06,0,0.99,model::deberta_sentiment_profile,DeBERTa + Sentiment Profile,42
12249,1,1.1920257747988217e-05,0,0.99,model::deberta_sentiment_profile,DeBERTa + Sentiment Profile,42
2998,1,6.310751814453397e-06,0,0.99,model::deberta_sentiment_profile,DeBERTa + Sentiment Profile,42
12377,0,3.6395272218214818e-06,0,0.99,model::deberta_sentiment_profile,DeBERTa + Sentiment Profile,42
14586,0,4.347317826614017e-06,0,0.99,model::deberta_sentiment_profile,DeBERTa + Sentiment Profile,42
232,0,4.821943548449781e-06,0,0.99,model::deberta_sentiment_profile,DeBERTa + Sentiment Profile,42
11854,0,2.4718288841540925e-05,0,0.99,model::deberta_sentiment_profile,DeBERTa + Sentiment Profile,42
20165,0,2.2541682483279143e-05,0,0.99,model::deberta_sentiment_profile,DeBERTa + Sentiment Profile,42
14236,0,4.556248768494697e-06,0,0.99,model::deberta_sentiment_profile,DeBERTa + Sentiment Profile,42
19570,0,4.84792099086917e-06,0,0.99,model::deberta_sentiment_profile,DeBERTa + Sentiment Profile,42
12489,0,1.9724458979908377e-05,0,0.99,model::deberta_sentiment_profile,DeBERTa + Sentiment Profile,42
10124,1,7.205662313936045e-06,0,0.99,model::deberta_sentiment_profile,DeBERTa + Sentiment Profile,42
1189,1,3.605453093769029e-05,0,0.99,model::deberta_sentiment_profile,DeBERTa + Sentiment Profile,42
12081,1,4.848624485020991e-06,0,0.99,model::deberta_sentiment_profile,DeBERTa + Sentiment Profile,42
3134,0,3.931732862838544e-06,0,0.99,model::deberta_sentiment_profile,DeBERTa + Sentiment Profile,42
14002,1,4.443832949618809e-06,0,0.99,model::deberta_sentiment_profile,DeBERTa + Sentiment Profile,42
15576,0,4.994498340238351e-06,0,0.99,model::deberta_sentiment_profile,DeBERTa + Sentiment Profile,42
1697,1,5.055131168774096e-06,0,0.99,model::deberta_sentiment_profile,DeBERTa + Sentiment Profile,42
4042,1,5.168896677787416e-05,0,0.99,model::deberta_sentiment_profile,DeBERTa + Sentiment Profile,42
15141,1,0.000840890512336,0,0.99,model::deberta_sentiment_profile,DeBERTa + Sentiment Profile,42
9519,1,5.559543751587626e-06,0,0.99,model::deberta_sentiment_profile,DeBERTa + Sentiment Profile,42
5313,1,5.500284260051558e-06,0,0.99,model::deberta_sentiment_profile,DeBERTa + Sentiment Profile,42
6119,0,3.855142495012842e-06,0,0.99,model::deberta_sentiment_profile,DeBERTa + Sentiment Profile,42
1040,1,1.0975531040458009e-05,0,0.99,model::deberta_sentiment_profile,DeBERTa + Sentiment Profile,42
19078,0,5.012019300920656e-06,0,0.99,model::deberta_sentiment_profile,DeBERTa + Sentiment Profile,42
17454,0,4.723711754195392e-06,0,0.99,model::deberta_sentiment_profile,DeBERTa + Sentiment Profile,42
7896,1,7.34323339202092e-06,0,0.99,model::deberta_sentiment_profile,DeBERTa + Sentiment Profile,42
2774,1,4.133352376811672e-06,0,0.99,model::deberta_sentiment_profile,DeBERTa + Sentiment Profile,42
4384,1,9.415437489224132e-06,0,0.99,model::deberta_sentiment_profile,DeBERTa + Sentiment Profile,42
10964,1,5.003107617085334e-06,0,0.99,model::deberta_sentiment_profile,DeBERTa + Sentiment Profile,42
14351,0,3.9262472455448005e-06,0,0.99,model::deberta_sentiment_profile,DeBERTa + Sentiment Profile,42
2623,0,5.077481546322815e-06,0,0.99,model::deberta_sentiment_profile,DeBERTa + Sentiment Profile,42
16957,0,7.153127171477536e-06,0,0.99,model::deberta_sentiment_profile,DeBERTa + Sentiment Profile,42
3957,0,5.098069323139498e-06,0,0.99,model::deberta_sentiment_profile,DeBERTa + Sentiment Profile,42
10091,1,4.673152034229133e-06,0,0.99,model::deberta_sentiment_profile,DeBERTa + Sentiment Profile,42
5191,0,5.3337485041993205e-06,0,0.99,model::deberta_sentiment_profile,DeBERTa + Sentiment Profile,42
18187,1,6.902412678755354e-06,0,0.99,model::deberta_sentiment_profile,DeBERTa + Sentiment Profile,42
18204,0,4.134732535021612e-06,0,0.99,model::deberta_sentiment_profile,DeBERTa + Sentiment Profile,42
20699,0,4.219443781039445e-06,0,0.99,model::deberta_sentiment_profile,DeBERTa + Sentiment Profile,42
10673,1,5.281144694890827e-06,0,0.99,model::deberta_sentiment_profile,DeBERTa + Sentiment Profile,42
11601,1,4.733944479085039e-06,0,0.99,model::deberta_sentiment_profile,DeBERTa + Sentiment Profile,42
18930,1,5.085899829282425e-06,0,0.99,model::deberta_sentiment_profile,DeBERTa + Sentiment Profile,42
20037,1,5.193177457840648e-06,0,0.99,model::deberta_sentiment_profile,DeBERTa + Sentiment Profile,42
14499,1,1.044462351273978e-05,0,0.99,model::deberta_sentiment_profile,DeBERTa + Sentiment Profile,42
19267,0,1.8997207007487305e-05,0,0.99,model::deberta_sentiment_profile,DeBERTa + Sentiment Profile,42
15555,1,5.464532023324864e-06,0,0.99,model::deberta_sentiment_profile,DeBERTa + Sentiment Profile,42
4094,0,4.712072495749453e-06,0,0.99,model::deberta_sentiment_profile,DeBERTa + Sentiment Profile,42
6491,0,4.58114027424017e-06,0,0.99,model::deberta_sentiment_profile,DeBERTa + Sentiment Profile,42
2925,1,6.930181370989885e-06,0,0.99,model::deberta_sentiment_profile,DeBERTa + Sentiment Profile,42
15798,0,4.532295861281455e-06,0,0.99,model::deberta_sentiment_profile,DeBERTa + Sentiment Profile,42
20639,1,4.93445213578525e-06,0,0.99,model::deberta_sentiment_profile,DeBERTa + Sentiment Profile,42
11212,1,4.498693670029752e-06,0,0.99,model::deberta_sentiment_profile,DeBERTa + Sentiment Profile,42
2422,0,0.0003854516835417,0,0.99,model::deberta_sentiment_profile,DeBERTa + Sentiment Profile,42
5012,1,3.8928628782741725e-06,0,0.99,model::deberta_sentiment_profile,DeBERTa + Sentiment Profile,42
6603,1,4.559313310892321e-06,0,0.99,model::deberta_sentiment_profile,DeBERTa + Sentiment Profile,42
4997,0,5.14940029461286e-06,0,0.99,model::deberta_sentiment_profile,DeBERTa + Sentiment Profile,42
5034,1,5.466090897243703e-06,0,0.99,model::deberta_sentiment_profile,DeBERTa + Sentiment Profile,42
2639,0,4.334855930210324e-06,0,0.99,model::deberta_sentiment_profile,DeBERTa + Sentiment Profile,42
10947,1,4.6687773647136055e-06,0,0.99,model::deberta_sentiment_profile,DeBERTa + Sentiment Profile,42
4724,0,6.2869216890248936e-06,0,0.99,model::deberta_sentiment_profile,DeBERTa + Sentiment Profile,42
11645,1,4.506096047407482e-06,0,0.99,model::deberta_sentiment_profile,DeBERTa + Sentiment Profile,42
825,0,4.960439582646359e-06,0,0.99,model::deberta_sentiment_profile,DeBERTa + Sentiment Profile,42
3923,1,4.236305358062964e-06,0,0.99,model::deberta_sentiment_profile,DeBERTa + Sentiment Profile,42
8746,0,5.009983397030737e-06,0,0.99,model::deberta_sentiment_profile,DeBERTa + Sentiment Profile,42
14833,1,4.6340269364009146e-06,0,0.99,model::deberta_sentiment_profile,DeBERTa + Sentiment Profile,42
16281,0,4.746163540403359e-06,0,0.99,model::deberta_sentiment_profile,DeBERTa + Sentiment Profile,42
5044,0,5.228351255937014e-06,0,0.99,model::deberta_sentiment_profile,DeBERTa + Sentiment Profile,42
6285,0,8.432484719378408e-06,0,0.99,model::deberta_sentiment_profile,DeBERTa + Sentiment Profile,42
8873,0,1.4356043720908929e-05,0,0.99,model::deberta_sentiment_profile,DeBERTa + Sentiment Profile,42
14231,0,9.843133739195764e-06,0,0.99,model::deberta_sentiment_profile,DeBERTa + Sentiment Profile,42
2040,1,5.28052532899892e-06,0,0.99,model::deberta_sentiment_profile,DeBERTa + Sentiment Profile,42
13075,1,5.802218311146135e-06,0,0.99,model::deberta_sentiment_profile,DeBERTa + Sentiment Profile,42
11080,0,4.680056008510292e-06,0,0.99,model::deberta_sentiment_profile,DeBERTa + Sentiment Profile,42
15958,1,6.08802338319947e-06,0,0.99,model::deberta_sentiment_profile,DeBERTa + Sentiment Profile,42
546,0,5.709377546736505e-06,0,0.99,model::deberta_sentiment_profile,DeBERTa + Sentiment Profile,42
798,0,4.82315363115049e-06,0,0.99,model::deberta_sentiment_profile,DeBERTa + Sentiment Profile,42
15907,1,1.536485979158897e-05,0,0.99,model::deberta_sentiment_profile,DeBERTa + Sentiment Profile,42
271,1,2.312500510015525e-05,0,0.99,model::deberta_sentiment_profile,DeBERTa + Sentiment Profile,42
4130,0,4.53920847576228e-06,0,0.99,model::deberta_sentiment_profile,DeBERTa + Sentiment Profile,42
10142,0,5.10444169776747e-06,0,0.99,model::deberta_sentiment_profile,DeBERTa + Sentiment Profile,42
16117,0,7.55887367631658e-06,0,0.99,model::deberta_sentiment_profile,DeBERTa + Sentiment Profile,42
7121,0,4.537814675131813e-06,0,0.99,model::deberta_sentiment_profile,DeBERTa + Sentiment Profile,42
4788,0,7.584890227008145e-06,0,0.99,model::deberta_sentiment_profile,DeBERTa + Sentiment Profile,42
1574,0,6.668290097877616e-06,0,0.99,model::deberta_sentiment_profile,DeBERTa + Sentiment Profile,42
9657,1,7.004839972069021e-06,0,0.99,model::deberta_sentiment_profile,DeBERTa + Sentiment Profile,42
15674,1,4.694230483437423e-06,0,0.99,model::deberta_sentiment_profile,DeBERTa + Sentiment Profile,42
14017,0,5.46470437257085e-06,0,0.99,model::deberta_sentiment_profile,DeBERTa + Sentiment Profile,42
18691,0,8.744727892917581e-06,0,0.99,model::deberta_sentiment_profile,DeBERTa + Sentiment Profile,42
19684,0,9.760482498677447e-06,0,0.99,model::deberta_sentiment_profile,DeBERTa + Sentiment Profile,42
19741,1,1.1603535313042812e-05,0,0.99,model::deberta_sentiment_profile,DeBERTa + Sentiment Profile,42
3141,1,5.188257091504056e-06,0,0.99,model::deberta_sentiment_profile,DeBERTa + Sentiment Profile,42
2968,1,5.049642822996248e-06,0,0.99,model::deberta_sentiment_profile,DeBERTa + Sentiment Profile,42
10633,1,6.175391263241181e-06,0,0.99,model::deberta_sentiment_profile,DeBERTa + Sentiment Profile,42
11195,0,4.994574283045949e-06,0,0.99,model::deberta_sentiment_profile,DeBERTa + Sentiment Profile,42
17044,0,7.869673027016688e-06,0,0.99,model::deberta_sentiment_profile,DeBERTa + Sentiment Profile,42
17321,0,3.839329110633116e-06,0,0.99,model::deberta_sentiment_profile,DeBERTa + Sentiment Profile,42
12886,1,4.171288310317323e-06,0,0.99,model::deberta_sentiment_profile,DeBERTa + Sentiment Profile,42
18709,0,4.3597310650511645e-06,0,0.99,model::deberta_sentiment_profile,DeBERTa + Sentiment Profile,42
8346,1,5.665887329087127e-06,0,0.99,model::deberta_sentiment_profile,DeBERTa + Sentiment Profile,42
18967,0,9.84952839644393e-06,0,0.99,model::deberta_sentiment_profile,DeBERTa + Sentiment Profile,42
8952,0,4.474544311960926e-06,0,0.99,model::deberta_sentiment_profile,DeBERTa + Sentiment Profile,42
20168,0,3.4500713809393346e-05,0,0.99,model::deberta_sentiment_profile,DeBERTa + Sentiment Profile,42
10331,0,4.817512490262743e-06,0,0.99,model::deberta_sentiment_profile,DeBERTa + Sentiment Profile,42
18336,1,4.808865014638286e-06,0,0.99,model::deberta_sentiment_profile,DeBERTa + Sentiment Profile,42
19721,0,9.918176147039048e-06,0,0.99,model::deberta_sentiment_profile,DeBERTa + Sentiment Profile,42
2895,0,6.132461294328095e-06,0,0.99,model::deberta_sentiment_profile,DeBERTa + Sentiment Profile,42
9311,1,5.02092689202982e-06,0,0.99,model::deberta_sentiment_profile,DeBERTa + Sentiment Profile,42
19159,0,4.40774965682067e-06,0,0.99,model::deberta_sentiment_profile,DeBERTa + Sentiment Profile,42
1740,0,4.616096703102812e-06,0,0.99,model::deberta_sentiment_profile,DeBERTa + Sentiment Profile,42
7063,0,4.255271505826386e-06,0,0.99,model::deberta_sentiment_profile,DeBERTa + Sentiment Profile,42
1117,0,5.509182301466353e-06,0,0.99,model::deberta_sentiment_profile,DeBERTa + Sentiment Profile,42
17864,0,0.0066494918428361,0,0.99,model::deberta_sentiment_profile,DeBERTa + Sentiment Profile,42
4091,1,4.271384568710346e-06,0,0.99,model::deberta_sentiment_profile,DeBERTa + Sentiment Profile,42
14084,0,4.665003416448599e-06,0,0.99,model::deberta_sentiment_profile,DeBERTa + Sentiment Profile,42
18286,0,5.101069291413296e-06,0,0.99,model::deberta_sentiment_profile,DeBERTa + Sentiment Profile,42
20021,1,5.147402134753065e-06,0,0.99,model::deberta_sentiment_profile,DeBERTa + Sentiment Profile,42
11050,0,1.656579479458742e-05,0,0.99,model::deberta_sentiment_profile,DeBERTa + Sentiment Profile,42
4650,1,5.470095402415609e-06,0,0.99,model::deberta_sentiment_profile,DeBERTa + Sentiment Profile,42
14381,1,5.609478193946416e-06,0,0.99,model::deberta_sentiment_profile,DeBERTa + Sentiment Profile,42
2274,0,1.2079670341336168e-05,0,0.99,model::deberta_sentiment_profile,DeBERTa + Sentiment Profile,42
2975,1,5.196992788114585e-06,0,0.99,model::deberta_sentiment_profile,DeBERTa + Sentiment Profile,42
18110,1,5.04262652611942e-06,0,0.99,model::deberta_sentiment_profile,DeBERTa + Sentiment Profile,42
13568,1,4.790318143932382e-06,0,0.99,model::deberta_sentiment_profile,DeBERTa + Sentiment Profile,42
20984,0,9.671402040112298e-06,0,0.99,model::deberta_sentiment_profile,DeBERTa + Sentiment Profile,42
10928,1,5.35898743692087e-06,0,0.99,model::deberta_sentiment_profile,DeBERTa + Sentiment Profile,42
4169,1,4.328940121922642e-06,0,0.99,model::deberta_sentiment_profile,DeBERTa + Sentiment Profile,42
9177,1,5.029668955103261e-06,0,0.99,model::deberta_sentiment_profile,DeBERTa + Sentiment Profile,42
13388,0,4.47443335360731e-06,0,0.99,model::deberta_sentiment_profile,DeBERTa + Sentiment Profile,42
12785,0,4.8142983359866776e-06,0,0.99,model::deberta_sentiment_profile,DeBERTa + Sentiment Profile,42
15272,1,6.66418327455176e-06,0,0.99,model::deberta_sentiment_profile,DeBERTa + Sentiment Profile,42
10296,0,4.371004706626991e-06,0,0.99,model::deberta_sentiment_profile,DeBERTa + Sentiment Profile,42
1854,1,4.99584666613373e-06,0,0.99,model::deberta_sentiment_profile,DeBERTa + Sentiment Profile,42
16449,0,4.962904768035514e-06,0,0.99,model::deberta_sentiment_profile,DeBERTa + Sentiment Profile,42
4113,1,6.934081739018438e-06,0,0.99,model::deberta_sentiment_profile,DeBERTa + Sentiment Profile,42
14894,0,6.025692073308164e-06,0,0.99,model::deberta_sentiment_profile,DeBERTa + Sentiment Profile,42
19635,1,5.326601240085438e-06,0,0.99,model::deberta_sentiment_profile,DeBERTa + Sentiment Profile,42
816,1,4.589081072481349e-06,0,0.99,model::deberta_sentiment_profile,DeBERTa + Sentiment Profile,42
20057,0,4.540022473520367e-06,0,0.99,model::deberta_sentiment_profile,DeBERTa + Sentiment Profile,42
13410,0,6.664176908088848e-06,0,0.99,model::deberta_sentiment_profile,DeBERTa + Sentiment Profile,42
10307,0,5.047794275014894e-06,0,0.99,model::deberta_sentiment_profile,DeBERTa + Sentiment Profile,42
2188,1,6.567692616954446e-05,0,0.99,model::deberta_sentiment_profile,DeBERTa + Sentiment Profile,42
6244,0,4.570313649310265e-06,0,0.99,model::deberta_sentiment_profile,DeBERTa + Sentiment Profile,42
19435,1,2.632880386954639e-05,0,0.99,model::deberta_sentiment_profile,DeBERTa + Sentiment Profile,42
2773,1,5.702869657397969e-06,0,0.99,model::deberta_sentiment_profile,DeBERTa + Sentiment Profile,42
17667,0,4.334170171205187e-06,0,0.99,model::deberta_sentiment_profile,DeBERTa + Sentiment Profile,42
18611,0,5.4534270930162165e-06,0,0.99,model::deberta_sentiment_profile,DeBERTa + Sentiment Profile,42
14694,0,7.675528649997432e-06,0,0.99,model::deberta_sentiment_profile,DeBERTa + Sentiment Profile,42
17911,1,5.6259364100696985e-06,0,0.99,model::deberta_sentiment_profile,DeBERTa + Sentiment Profile,42
14524,1,5.251097263681004e-06,0,0.99,model::deberta_sentiment_profile,DeBERTa + Sentiment Profile,42
16528,0,4.597960014507407e-06,0,0.99,model::deberta_sentiment_profile,DeBERTa + Sentiment Profile,42
3412,0,5.422312369773863e-06,0,0.99,model::deberta_sentiment_profile,DeBERTa + Sentiment Profile,42
16238,0,5.6856492847146e-06,0,0.99,model::deberta_sentiment_profile,DeBERTa + Sentiment Profile,42
14091,1,6.42763825453585e-06,0,0.99,model::deberta_sentiment_profile,DeBERTa + Sentiment Profile,42
10747,0,1.5086458006408066e-05,0,0.99,model::deberta_sentiment_profile,DeBERTa + Sentiment Profile,42
13544,0,4.707226707978407e-06,0,0.99,model::deberta_sentiment_profile,DeBERTa + Sentiment Profile,42
1956,0,7.97522716311505e-06,0,0.99,model::deberta_sentiment_profile,DeBERTa + Sentiment Profile,42
5540,0,1.0157775250263512e-05,0,0.99,model::deberta_sentiment_profile,DeBERTa + Sentiment Profile,42
4946,1,4.655705652112374e-06,0,0.99,model::deberta_sentiment_profile,DeBERTa + Sentiment Profile,42
9335,0,5.1700226322282106e-06,0,0.99,model::deberta_sentiment_profile,DeBERTa + Sentiment Profile,42
6785,1,5.558292741625337e-06,0,0.99,model::deberta_sentiment_profile,DeBERTa + Sentiment Profile,42
3545,0,1.004138721327763e-05,0,0.99,model::deberta_sentiment_profile,DeBERTa + Sentiment Profile,42
10811,0,8.583003364037722e-06,0,0.99,model::deberta_sentiment_profile,DeBERTa + Sentiment Profile,42
7712,0,3.94520202462445e-06,0,0.99,model::deberta_sentiment_profile,DeBERTa + Sentiment Profile,42
11797,0,1.482828247389989e-05,0,0.99,model::deberta_sentiment_profile,DeBERTa + Sentiment Profile,42
16705,1,5.031424734625034e-06,0,0.99,model::deberta_sentiment_profile,DeBERTa + Sentiment Profile,42
17307,1,5.380423772294307e-06,0,0.99,model::deberta_sentiment_profile,DeBERTa + Sentiment Profile,42
9386,1,4.746439572045347e-06,0,0.99,model::deberta_sentiment_profile,DeBERTa + Sentiment Profile,42
2510,0,4.312499186198693e-06,0,0.99,model::deberta_sentiment_profile,DeBERTa + Sentiment Profile,42
9672,0,7.2700272539805155e-06,0,0.99,model::deberta_sentiment_profile,DeBERTa + Sentiment Profile,42
2290,1,4.431555225892225e-06,0,0.99,model::deberta_sentiment_profile,DeBERTa + Sentiment Profile,42
13123,1,4.520041329669766e-06,0,0.99,model::deberta_sentiment_profile,DeBERTa + Sentiment Profile,42
1322,0,2.815153857227415e-05,0,0.99,model::deberta_sentiment_profile,DeBERTa + Sentiment Profile,42
5841,1,8.425933629041538e-06,0,0.99,model::deberta_sentiment_profile,DeBERTa + Sentiment Profile,42
9513,0,5.85638235861552e-06,0,0.99,model::deberta_sentiment_profile,DeBERTa + Sentiment Profile,42
12211,1,1.7314065189566463e-05,0,0.99,model::deberta_sentiment_profile,DeBERTa + Sentiment Profile,42
21058,1,6.750857210136019e-06,0,0.99,model::deberta_sentiment_profile,DeBERTa + Sentiment Profile,42
10357,1,8.42848930915352e-06,0,0.99,model::deberta_sentiment_profile,DeBERTa + Sentiment Profile,42
6183,1,5.552597031055484e-06,0,0.99,model::deberta_sentiment_profile,DeBERTa + Sentiment Profile,42
18633,0,4.67561267214478e-06,0,0.99,model::deberta_sentiment_profile,DeBERTa + Sentiment Profile,42
19725,0,4.357099896878935e-06,0,0.99,model::deberta_sentiment_profile,DeBERTa + Sentiment Profile,42
16923,0,4.621241714630742e-06,0,0.99,model::deberta_sentiment_profile,DeBERTa + Sentiment Profile,42
13020,1,6.547614248120226e-06,0,0.99,model::deberta_sentiment_profile,DeBERTa + Sentiment Profile,42
540,0,4.301753506297246e-06,0,0.99,model::deberta_sentiment_profile,DeBERTa + Sentiment Profile,42
4871,1,6.944378583284561e-06,0,0.99,model::deberta_sentiment_profile,DeBERTa + Sentiment Profile,42
8695,0,4.638731297745835e-06,0,0.99,model::deberta_sentiment_profile,DeBERTa + Sentiment Profile,42
17258,0,4.854342932958389e-06,0,0.99,model::deberta_sentiment_profile,DeBERTa + Sentiment Profile,42
6848,1,6.558262612088583e-06,0,0.99,model::deberta_sentiment_profile,DeBERTa + Sentiment Profile,42
15205,1,4.485691533773206e-06,0,0.99,model::deberta_sentiment_profile,DeBERTa + Sentiment Profile,42
11072,0,1.070074358722195e-05,0,0.99,model::deberta_sentiment_profile,DeBERTa + Sentiment Profile,42
13487,1,5.983181381452596e-06,0,0.99,model::deberta_sentiment_profile,DeBERTa + Sentiment Profile,42
6640,1,1.7017362551996484e-05,0,0.99,model::deberta_sentiment_profile,DeBERTa + Sentiment Profile,42
6326,1,4.271901616448304e-06,0,0.99,model::deberta_sentiment_profile,DeBERTa + Sentiment Profile,42
10867,1,9.355307156511117e-06,0,0.99,model::deberta_sentiment_profile,DeBERTa + Sentiment Profile,42
8939,1,7.864068720664363e-06,0,0.99,model::deberta_sentiment_profile,DeBERTa + Sentiment Profile,42
9486,0,4.770696250488982e-06,0,0.99,model::deberta_sentiment_profile,DeBERTa + Sentiment Profile,42
6563,1,5.175172645977e-06,0,0.99,model::deberta_sentiment_profile,DeBERTa + Sentiment Profile,42
20362,1,1.3445069271256216e-05,0,0.99,model::deberta_sentiment_profile,DeBERTa + Sentiment Profile,42
17141,0,4.676388471125392e-06,0,0.99,model::deberta_sentiment_profile,DeBERTa + Sentiment Profile,42
5695,0,4.145068487559911e-06,0,0.99,model::deberta_sentiment_profile,DeBERTa + Sentiment Profile,42
19571,0,5.853691163792973e-06,0,0.99,model::deberta_sentiment_profile,DeBERTa + Sentiment Profile,42
18271,1,7.868554348533507e-06,0,0.99,model::deberta_sentiment_profile,DeBERTa + Sentiment Profile,42
9009,0,7.800170351401903e-06,0,0.99,model::deberta_sentiment_profile,DeBERTa + Sentiment Profile,42
687,0,4.775648903887486e-06,0,0.99,model::deberta_sentiment_profile,DeBERTa + Sentiment Profile,42
7481,1,5.1541901484597474e-06,0,0.99,model::deberta_sentiment_profile,DeBERTa + Sentiment Profile,42
437,1,7.614532933075679e-06,0,0.99,model::deberta_sentiment_profile,DeBERTa + Sentiment Profile,42
2543,1,5.079976290289778e-06,0,0.99,model::deberta_sentiment_profile,DeBERTa + Sentiment Profile,42
1100,0,1.0568918696662877e-05,0,0.99,model::deberta_sentiment_profile,DeBERTa + Sentiment Profile,42
8900,0,5.042376415076433e-06,0,0.99,model::deberta_sentiment_profile,DeBERTa + Sentiment Profile,42
18697,0,5.057054750068346e-06,0,0.99,model::deberta_sentiment_profile,DeBERTa + Sentiment Profile,42
13305,1,9.67476898949826e-06,0,0.99,model::deberta_sentiment_profile,DeBERTa + Sentiment Profile,42
17723,0,4.540009285847191e-06,0,0.99,model::deberta_sentiment_profile,DeBERTa + Sentiment Profile,42
5755,0,1.3819818377669437e-05,0,0.99,model::deberta_sentiment_profile,DeBERTa + Sentiment Profile,42
1390,0,3.9588226172782015e-06,0,0.99,model::deberta_sentiment_profile,DeBERTa + Sentiment Profile,42
3759,0,6.647958343819482e-06,0,0.99,model::deberta_sentiment_profile,DeBERTa + Sentiment Profile,42
3392,0,4.422183337737806e-06,0,0.99,model::deberta_sentiment_profile,DeBERTa + Sentiment Profile,42
11785,0,5.059765953774331e-06,0,0.99,model::deberta_sentiment_profile,DeBERTa + Sentiment Profile,42
12707,0,4.039633495267481e-06,0,0.99,model::deberta_sentiment_profile,DeBERTa + Sentiment Profile,42
5593,0,6.512136678793468e-06,0,0.99,model::deberta_sentiment_profile,DeBERTa + Sentiment Profile,42
19115,0,5.08701532453415e-06,0,0.99,model::deberta_sentiment_profile,DeBERTa + Sentiment Profile,42
6726,1,4.584894668369088e-06,0,0.99,model::deberta_sentiment_profile,DeBERTa + Sentiment Profile,42
3046,1,8.034206075535621e-06,0,0.99,model::deberta_sentiment_profile,DeBERTa + Sentiment Profile,42
301,0,4.930063823849196e-06,0,0.99,model::deberta_sentiment_profile,DeBERTa + Sentiment Profile,42
8395,1,5.867669642611872e-06,0,0.99,model::deberta_sentiment_profile,DeBERTa + Sentiment Profile,42
19689,0,4.961205377185252e-06,0,0.99,model::deberta_sentiment_profile,DeBERTa + Sentiment Profile,42
7687,1,6.553674211318139e-06,0,0.99,model::deberta_sentiment_profile,DeBERTa + Sentiment Profile,42
7664,0,4.572515081235906e-06,0,0.99,model::deberta_sentiment_profile,DeBERTa + Sentiment Profile,42
4550,1,4.525799795374041e-06,0,0.99,model::deberta_sentiment_profile,DeBERTa + Sentiment Profile,42
14612,1,1.7838943676906638e-05,0,0.99,model::deberta_sentiment_profile,DeBERTa + Sentiment Profile,42
17535,0,3.718630068760831e-06,0,0.99,model::deberta_sentiment_profile,DeBERTa + Sentiment Profile,42
14500,0,4.806719061889453e-06,0,0.99,model::deberta_sentiment_profile,DeBERTa + Sentiment Profile,42
11181,1,5.2859368224744685e-06,0,0.99,model::deberta_sentiment_profile,DeBERTa + Sentiment Profile,42
12882,1,8.714349860383663e-06,0,0.99,model::deberta_sentiment_profile,DeBERTa + Sentiment Profile,42
14542,0,4.596061444317456e-06,0,0.99,model::deberta_sentiment_profile,DeBERTa + Sentiment Profile,42
12856,1,5.170259100850672e-06,0,0.99,model::deberta_sentiment_profile,DeBERTa + Sentiment Profile,42
16543,1,5.642022642859956e-06,0,0.99,model::deberta_sentiment_profile,DeBERTa + Sentiment Profile,42
12935,0,4.5473843783838674e-06,0,0.99,model::deberta_sentiment_profile,DeBERTa + Sentiment Profile,42
20507,1,1.0112712516274767e-05,0,0.99,model::deberta_sentiment_profile,DeBERTa + Sentiment Profile,42
20281,1,5.0056087275152095e-06,0,0.99,model::deberta_sentiment_profile,DeBERTa + Sentiment Profile,42
11670,1,6.251068953133654e-06,0,0.99,model::deberta_sentiment_profile,DeBERTa + Sentiment Profile,42
13377,0,1.176889691123506e-05,0,0.99,model::deberta_sentiment_profile,DeBERTa + Sentiment Profile,42
16106,1,4.588966930896277e-06,0,0.99,model::deberta_sentiment_profile,DeBERTa + Sentiment Profile,42
16093,0,5.007838353776606e-06,0,0.99,model::deberta_sentiment_profile,DeBERTa + Sentiment Profile,42
17762,1,7.294932402146514e-06,0,0.99,model::deberta_sentiment_profile,DeBERTa + Sentiment Profile,42
3947,0,5.124644758325303e-06,0,0.99,model::deberta_sentiment_profile,DeBERTa + Sentiment Profile,42
4666,1,4.198466740490403e-06,0,0.99,model::deberta_sentiment_profile,DeBERTa + Sentiment Profile,42
13764,0,4.74982198284124e-06,0,0.99,model::deberta_sentiment_profile,DeBERTa + Sentiment Profile,42
1338,0,4.68825783173088e-06,0,0.99,model::deberta_sentiment_profile,DeBERTa + Sentiment Profile,42
15915,0,4.808553512702929e-06,0,0.99,model::deberta_sentiment_profile,DeBERTa + Sentiment Profile,42
19418,1,2.2846988940727897e-05,0,0.99,model::deberta_sentiment_profile,DeBERTa + Sentiment Profile,42
5541,0,6.575109182449523e-06,0,0.99,model::deberta_sentiment_profile,DeBERTa + Sentiment Profile,42
11345,1,4.720712695416296e-06,0,0.99,model::deberta_sentiment_profile,DeBERTa + Sentiment Profile,42
13047,1,5.020367098040879e-06,0,0.99,model::deberta_sentiment_profile,DeBERTa + Sentiment Profile,42
10206,1,7.132745395210804e-06,0,0.99,model::deberta_sentiment_profile,DeBERTa + Sentiment Profile,42
6940,1,1.963261456694454e-05,0,0.99,model::deberta_sentiment_profile,DeBERTa + Sentiment Profile,42
11720,1,5.720927219954319e-06,0,0.99,model::deberta_sentiment_profile,DeBERTa + Sentiment Profile,42
2120,0,5.319474439602345e-06,0,0.99,model::deberta_sentiment_profile,DeBERTa + Sentiment Profile,42
21003,0,4.597675342665752e-06,0,0.99,model::deberta_sentiment_profile,DeBERTa + Sentiment Profile,42
6534,1,4.419670403876808e-06,0,0.99,model::deberta_sentiment_profile,DeBERTa + Sentiment Profile,42
20927,1,4.8910533223534e-06,0,0.99,model::deberta_sentiment_profile,DeBERTa + Sentiment Profile,42
13107,0,5.610269909084309e-06,0,0.99,model::deberta_sentiment_profile,DeBERTa + Sentiment Profile,42
20603,0,4.708438609668519e-06,0,0.99,model::deberta_sentiment_profile,DeBERTa + Sentiment Profile,42
9452,1,6.110942194936797e-06,0,0.99,model::deberta_sentiment_profile,DeBERTa + Sentiment Profile,42
4005,0,5.807090019516181e-06,0,0.99,model::deberta_sentiment_profile,DeBERTa + Sentiment Profile,42
2041,1,6.95929611538304e-06,0,0.99,model::deberta_sentiment_profile,DeBERTa + Sentiment Profile,42
12589,1,5.026955022913171e-06,0,0.99,model::deberta_sentiment_profile,DeBERTa + Sentiment Profile,42
99,1,9.810681149247102e-06,0,0.99,model::deberta_sentiment_profile,DeBERTa + Sentiment Profile,42
4646,0,7.8053499237285e-06,0,0.99,model::deberta_sentiment_profile,DeBERTa + Sentiment Profile,42
1275,0,7.986536729731597e-06,0,0.99,model::deberta_sentiment_profile,DeBERTa + Sentiment Profile,42
9606,0,1.9041950508835725e-05,0,0.99,model::deberta_sentiment_profile,DeBERTa + Sentiment Profile,42
15552,0,1.3181162103137469e-05,0,0.99,model::deberta_sentiment_profile,DeBERTa + Sentiment Profile,42
15416,1,5.008526386518497e-06,0,0.99,model::deberta_sentiment_profile,DeBERTa + Sentiment Profile,42
3899,1,4.9525501708558295e-06,0,0.99,model::deberta_sentiment_profile,DeBERTa + Sentiment Profile,42
9168,1,7.623652436450357e-06,0,0.99,model::deberta_sentiment_profile,DeBERTa + Sentiment Profile,42
20325,1,1.3862811101716945e-05,0,0.99,model::deberta_sentiment_profile,DeBERTa + Sentiment Profile,42
19870,0,4.641590294340858e-06,0,0.99,model::deberta_sentiment_profile,DeBERTa + Sentiment Profile,42
1973,0,4.723621714219917e-06,0,0.99,model::deberta_sentiment_profile,DeBERTa + Sentiment Profile,42
16233,1,5.026763119531097e-06,0,0.99,model::deberta_sentiment_profile,DeBERTa + Sentiment Profile,42
8004,1,4.883186647930415e-06,0,0.99,model::deberta_sentiment_profile,DeBERTa + Sentiment Profile,42
7704,1,4.72553711006185e-06,0,0.99,model::deberta_sentiment_profile,DeBERTa + Sentiment Profile,42
14453,0,6.457886684074765e-06,0,0.99,model::deberta_sentiment_profile,DeBERTa + Sentiment Profile,42
19283,1,5.535034233616898e-06,0,0.99,model::deberta_sentiment_profile,DeBERTa + Sentiment Profile,42
13121,0,4.479697963688523e-06,0,0.99,model::deberta_sentiment_profile,DeBERTa + Sentiment Profile,42
933,1,5.535477612284012e-06,0,0.99,model::deberta_sentiment_profile,DeBERTa + Sentiment Profile,42
16534,1,4.590796379488893e-06,0,0.99,model::deberta_sentiment_profile,DeBERTa + Sentiment Profile,42
13551,0,4.7713056119391695e-06,0,0.99,model::deberta_sentiment_profile,DeBERTa + Sentiment Profile,42
20584,0,4.971364887751406e-06,0,0.99,model::deberta_sentiment_profile,DeBERTa + Sentiment Profile,42
8329,1,4.985789018974174e-06,0,0.99,model::deberta_sentiment_profile,DeBERTa + Sentiment Profile,42
442,1,5.2587447498808615e-06,0,0.99,model::deberta_sentiment_profile,DeBERTa + Sentiment Profile,42
9517,0,4.893890491075581e-06,0,0.99,model::deberta_sentiment_profile,DeBERTa + Sentiment Profile,42
15277,0,8.036389772314578e-06,0,0.99,model::deberta_sentiment_profile,DeBERTa + Sentiment Profile,42
8177,0,1.5496962078032084e-05,0,0.99,model::deberta_sentiment_profile,DeBERTa + Sentiment Profile,42
9740,0,5.786061592516489e-06,0,0.99,model::deberta_sentiment_profile,DeBERTa + Sentiment Profile,42
18612,0,5.066520770924399e-06,0,0.99,model::deberta_sentiment_profile,DeBERTa + Sentiment Profile,42
7065,1,6.381037110259058e-06,0,0.99,model::deberta_sentiment_profile,DeBERTa + Sentiment Profile,42
17108,1,4.870062184636481e-06,0,0.99,model::deberta_sentiment_profile,DeBERTa + Sentiment Profile,42
623,1,5.791675903310534e-06,0,0.99,model::deberta_sentiment_profile,DeBERTa + Sentiment Profile,42
450,1,6.93602669343818e-06,0,0.99,model::deberta_sentiment_profile,DeBERTa + Sentiment Profile,42
14789,1,5.649711056321394e-06,0,0.99,model::deberta_sentiment_profile,DeBERTa + Sentiment Profile,42
20505,1,4.5749970922770444e-06,0,0.99,model::deberta_sentiment_profile,DeBERTa + Sentiment Profile,42
6836,1,8.605887160229031e-06,0,0.99,model::deberta_sentiment_profile,DeBERTa + Sentiment Profile,42
1568,0,8.350194548256695e-06,0,0.99,model::deberta_sentiment_profile,DeBERTa + Sentiment Profile,42
4933,0,4.253717179381056e-06,0,0.99,model::deberta_sentiment_profile,DeBERTa + Sentiment Profile,42
1934,1,4.902391992800403e-06,0,0.99,model::deberta_sentiment_profile,DeBERTa + Sentiment Profile,42
3849,0,4.871028522757115e-06,0,0.99,model::deberta_sentiment_profile,DeBERTa + Sentiment Profile,42
8418,1,5.536227490665624e-06,0,0.99,model::deberta_sentiment_profile,DeBERTa + Sentiment Profile,42
11146,0,5.153738129592966e-06,0,0.99,model::deberta_sentiment_profile,DeBERTa + Sentiment Profile,42
2858,0,4.476460617297562e-06,0,0.99,model::deberta_sentiment_profile,DeBERTa + Sentiment Profile,42
11360,0,5.0018675210594665e-06,0,0.99,model::deberta_sentiment_profile,DeBERTa + Sentiment Profile,42
6587,1,4.873956186202122e-06,0,0.99,model::deberta_sentiment_profile,DeBERTa + Sentiment Profile,42
16519,0,7.288673714356264e-06,0,0.99,model::deberta_sentiment_profile,DeBERTa + Sentiment Profile,42
4196,0,5.21727361046942e-06,0,0.99,model::deberta_sentiment_profile,DeBERTa + Sentiment Profile,42
7775,1,6.090230272093322e-06,0,0.99,model::deberta_sentiment_profile,DeBERTa + Sentiment Profile,42
16531,1,4.676121079683071e-06,0,0.99,model::deberta_sentiment_profile,DeBERTa + Sentiment Profile,42
4179,0,4.561331024888204e-06,0,0.99,model::deberta_sentiment_profile,DeBERTa + Sentiment Profile,42
12064,1,3.160512278554961e-05,0,0.99,model::deberta_sentiment_profile,DeBERTa + Sentiment Profile,42
6925,0,4.572593297780259e-06,0,0.99,model::deberta_sentiment_profile,DeBERTa + Sentiment Profile,42
14658,1,5.344415967556415e-06,0,0.99,model::deberta_sentiment_profile,DeBERTa + Sentiment Profile,42
8300,1,6.134385785117047e-06,0,0.99,model::deberta_sentiment_profile,DeBERTa + Sentiment Profile,42
7488,1,5.449964646686567e-06,0,0.99,model::deberta_sentiment_profile,DeBERTa + Sentiment Profile,42
6391,1,4.896700829704059e-06,0,0.99,model::deberta_sentiment_profile,DeBERTa + Sentiment Profile,42
2972,1,5.505453373189084e-06,0,0.99,model::deberta_sentiment_profile,DeBERTa + Sentiment Profile,42
4309,1,5.078687536297366e-06,0,0.99,model::deberta_sentiment_profile,DeBERTa + Sentiment Profile,42
14302,0,4.37697008237592e-06,0,0.99,model::deberta_sentiment_profile,DeBERTa + Sentiment Profile,42
2721,0,4.810250175069086e-06,0,0.99,model::deberta_sentiment_profile,DeBERTa + Sentiment Profile,42
9113,0,8.616317245468963e-06,0,0.99,model::deberta_sentiment_profile,DeBERTa + Sentiment Profile,42
5905,1,4.9678105824568775e-06,0,0.99,model::deberta_sentiment_profile,DeBERTa + Sentiment Profile,42
13630,1,4.665920187107986e-06,0,0.99,model::deberta_sentiment_profile,DeBERTa + Sentiment Profile,42
11675,1,1.3646330444316844e-05,0,0.99,model::deberta_sentiment_profile,DeBERTa + Sentiment Profile,42
2821,1,5.166202754480764e-06,0,0.99,model::deberta_sentiment_profile,DeBERTa + Sentiment Profile,42
13740,0,6.307887815637514e-06,0,0.99,model::deberta_sentiment_profile,DeBERTa + Sentiment Profile,42
10802,1,5.605991191259818e-06,0,0.99,model::deberta_sentiment_profile,DeBERTa + Sentiment Profile,42
16566,1,7.288354026968591e-06,0,0.99,model::deberta_sentiment_profile,DeBERTa + Sentiment Profile,42
13407,1,5.274948307487648e-06,0,0.99,model::deberta_sentiment_profile,DeBERTa + Sentiment Profile,42
21118,0,1.6521840734640136e-05,0,0.99,model::deberta_sentiment_profile,DeBERTa + Sentiment Profile,42
10513,1,5.020084699935978e-06,0,0.99,model::deberta_sentiment_profile,DeBERTa + Sentiment Profile,42
9566,0,4.7206945055222604e-06,0,0.99,model::deberta_sentiment_profile,DeBERTa + Sentiment Profile,42
13783,1,4.677021934185177e-06,0,0.99,model::deberta_sentiment_profile,DeBERTa + Sentiment Profile,42
560,1,4.986793101124931e-06,0,0.99,model::deberta_sentiment_profile,DeBERTa + Sentiment Profile,42
17002,1,5.3015614867035765e-06,0,0.99,model::deberta_sentiment_profile,DeBERTa + Sentiment Profile,42
5175,1,6.190911335579585e-06,0,0.99,model::deberta_sentiment_profile,DeBERTa + Sentiment Profile,42
5690,1,5.220479124545818e-06,0,0.99,model::deberta_sentiment_profile,DeBERTa + Sentiment Profile,42
15444,1,6.452069555962225e-06,0,0.99,model::deberta_sentiment_profile,DeBERTa + Sentiment Profile,42
10214,1,5.233199772192165e-06,0,0.99,model::deberta_sentiment_profile,DeBERTa + Sentiment Profile,42
3049,1,4.820711637876229e-06,0,0.99,model::deberta_sentiment_profile,DeBERTa + Sentiment Profile,42
2883,0,5.088500074634794e-06,0,0.99,model::deberta_sentiment_profile,DeBERTa + Sentiment Profile,42
975,1,5.110749953018967e-06,0,0.99,model::deberta_sentiment_profile,DeBERTa + Sentiment Profile,42
71,0,4.972540864400799e-06,0,0.99,model::deberta_sentiment_profile,DeBERTa + Sentiment Profile,42
4599,1,8.693307790963445e-06,0,0.99,model::deberta_sentiment_profile,DeBERTa + Sentiment Profile,42
18275,0,1.772792893461883e-05,0,0.99,model::deberta_sentiment_profile,DeBERTa + Sentiment Profile,42
17571,1,4.394201368995709e-06,0,0.99,model::deberta_sentiment_profile,DeBERTa + Sentiment Profile,42
8416,0,4.393128619994968e-06,0,0.99,model::deberta_sentiment_profile,DeBERTa + Sentiment Profile,42
3943,0,6.256806500459788e-06,0,0.99,model::deberta_sentiment_profile,DeBERTa + Sentiment Profile,42
5303,0,5.924222477915464e-06,0,0.99,model::deberta_sentiment_profile,DeBERTa + Sentiment Profile,42
16788,1,7.236340479721548e-06,0,0.99,model::deberta_sentiment_profile,DeBERTa + Sentiment Profile,42
18501,0,4.8647334551787935e-06,0,0.99,model::deberta_sentiment_profile,DeBERTa + Sentiment Profile,42
2130,1,5.172113105800236e-06,0,0.99,model::deberta_sentiment_profile,DeBERTa + Sentiment Profile,42
17344,1,6.433489033952355e-06,0,0.99,model::deberta_sentiment_profile,DeBERTa + Sentiment Profile,42
19397,1,4.714378519565798e-06,0,0.99,model::deberta_sentiment_profile,DeBERTa + Sentiment Profile,42
19239,1,6.207381829881342e-06,0,0.99,model::deberta_sentiment_profile,DeBERTa + Sentiment Profile,42
17745,0,4.510012786340667e-06,0,0.99,model::deberta_sentiment_profile,DeBERTa + Sentiment Profile,42
18320,0,1.7809403288993053e-05,0,0.99,model::deberta_sentiment_profile,DeBERTa + Sentiment Profile,42
1295,1,4.4173357309773564e-06,0,0.99,model::deberta_sentiment_profile,DeBERTa + Sentiment Profile,42
16517,0,5.789472652395489e-06,0,0.99,model::deberta_sentiment_profile,DeBERTa + Sentiment Profile,42
14688,1,6.340377240121597e-06,0,0.99,model::deberta_sentiment_profile,DeBERTa + Sentiment Profile,42
14603,1,5.775311819888884e-06,0,0.99,model::deberta_sentiment_profile,DeBERTa + Sentiment Profile,42
6744,1,4.139691554883029e-06,0,0.99,model::deberta_sentiment_profile,DeBERTa + Sentiment Profile,42
6995,1,5.499004601006163e-06,0,0.99,model::deberta_sentiment_profile,DeBERTa + Sentiment Profile,42
17663,1,6.066689365979983e-06,0,0.99,model::deberta_sentiment_profile,DeBERTa + Sentiment Profile,42
4851,1,7.461012955900514e-06,0,0.99,model::deberta_sentiment_profile,DeBERTa + Sentiment Profile,42
958,1,4.63082869828213e-06,0,0.99,model::deberta_sentiment_profile,DeBERTa + Sentiment Profile,42
19857,0,5.941275503573706e-06,0,0.99,model::deberta_sentiment_profile,DeBERTa + Sentiment Profile,42
349,1,5.450312983157346e-06,0,0.99,model::deberta_sentiment_profile,DeBERTa + Sentiment Profile,42
16537,1,5.848417913512094e-06,0,0.99,model::deberta_sentiment_profile,DeBERTa + Sentiment Profile,42
2859,0,5.004806553188246e-06,0,0.99,model::deberta_sentiment_profile,DeBERTa + Sentiment Profile,42
1002,1,4.494744189287303e-06,0,0.99,model::deberta_sentiment_profile,DeBERTa + Sentiment Profile,42
19216,1,1.0729068890213966e-05,0,0.99,model::deberta_sentiment_profile,DeBERTa + Sentiment Profile,42
8488,0,4.4673261072603054e-06,0,0.99,model::deberta_sentiment_profile,DeBERTa + Sentiment Profile,42
10341,1,5.0661010391195305e-06,0,0.99,model::deberta_sentiment_profile,DeBERTa + Sentiment Profile,42
5760,1,5.825383595947642e-06,0,0.99,model::deberta_sentiment_profile,DeBERTa + Sentiment Profile,42
20532,0,4.446134425961645e-06,0,0.99,model::deberta_sentiment_profile,DeBERTa + Sentiment Profile,42
3037,1,4.67544350613025e-06,0,0.99,model::deberta_sentiment_profile,DeBERTa + Sentiment Profile,42
13980,0,4.783119038620498e-06,0,0.99,model::deberta_sentiment_profile,DeBERTa + Sentiment Profile,42
3036,1,5.370273811422521e-06,0,0.99,model::deberta_sentiment_profile,DeBERTa + Sentiment Profile,42
21108,0,4.766230176755926e-06,0,0.99,model::deberta_sentiment_profile,DeBERTa + Sentiment Profile,42
12034,0,1.3276070603751576e-05,0,0.99,model::deberta_sentiment_profile,DeBERTa + Sentiment Profile,42
240,1,4.702120804722654e-06,0,0.99,model::deberta_sentiment_profile,DeBERTa + Sentiment Profile,42
15026,0,6.241014034458203e-06,0,0.99,model::deberta_sentiment_profile,DeBERTa + Sentiment Profile,42
5678,1,7.267677574418485e-06,0,0.99,model::deberta_sentiment_profile,DeBERTa + Sentiment Profile,42
4760,1,4.733768491860246e-06,0,0.99,model::deberta_sentiment_profile,DeBERTa + Sentiment Profile,42
19464,0,9.09804475668352e-06,0,0.99,model::deberta_sentiment_profile,DeBERTa + Sentiment Profile,42
5420,1,9.778893399925437e-06,0,0.99,model::deberta_sentiment_profile,DeBERTa + Sentiment Profile,42
12307,0,4.329113835410681e-06,0,0.99,model::deberta_sentiment_profile,DeBERTa + Sentiment Profile,42
14776,1,4.816203727386892e-06,0,0.99,model::deberta_sentiment_profile,DeBERTa + Sentiment Profile,42
7210,1,5.96970721744583e-06,0,0.99,model::deberta_sentiment_profile,DeBERTa + Sentiment Profile,42
19302,0,5.354818313207943e-06,0,0.99,model::deberta_sentiment_profile,DeBERTa + Sentiment Profile,42
7499,0,4.111964244657429e-06,0,0.99,model::deberta_sentiment_profile,DeBERTa + Sentiment Profile,42
11150,1,7.48475167711149e-06,0,0.99,model::deberta_sentiment_profile,DeBERTa + Sentiment Profile,42
4167,1,6.6872935349238105e-06,0,0.99,model::deberta_sentiment_profile,DeBERTa + Sentiment Profile,42
1192,0,4.239069767209003e-06,0,0.99,model::deberta_sentiment_profile,DeBERTa + Sentiment Profile,42
15361,1,1.6888654499780387e-05,0,0.99,model::deberta_sentiment_profile,DeBERTa + Sentiment Profile,42
7651,0,5.217821126279887e-06,0,0.99,model::deberta_sentiment_profile,DeBERTa + Sentiment Profile,42
15504,0,4.976678155799164e-06,0,0.99,model::deberta_sentiment_profile,DeBERTa + Sentiment Profile,42
14752,0,4.70359645987628e-06,0,0.99,model::deberta_sentiment_profile,DeBERTa + Sentiment Profile,42
2178,1,4.363741027191281e-06,0,0.99,model::deberta_sentiment_profile,DeBERTa + Sentiment Profile,42
18332,0,1.914548920467496e-05,0,0.99,model::deberta_sentiment_profile,DeBERTa + Sentiment Profile,42
13009,0,1.2014206731691957e-05,0,0.99,model::deberta_sentiment_profile,DeBERTa + Sentiment Profile,42
8134,0,0.0001672462385613,0,0.99,model::deberta_sentiment_profile,DeBERTa + Sentiment Profile,42
20680,0,5.130380941409385e-06,0,0.99,model::deberta_sentiment_profile,DeBERTa + Sentiment Profile,42
5438,0,4.908806204184657e-06,0,0.99,model::deberta_sentiment_profile,DeBERTa + Sentiment Profile,42
1743,1,6.969710739213042e-06,0,0.99,model::deberta_sentiment_profile,DeBERTa + Sentiment Profile,42
6833,1,4.21253662352683e-06,0,0.99,model::deberta_sentiment_profile,DeBERTa + Sentiment Profile,42
5762,0,5.299200893205125e-06,0,0.99,model::deberta_sentiment_profile,DeBERTa + Sentiment Profile,42
2603,1,5.06215064888238e-06,0,0.99,model::deberta_sentiment_profile,DeBERTa + Sentiment Profile,42
16252,0,4.564159553410718e-06,0,0.99,model::deberta_sentiment_profile,DeBERTa + Sentiment Profile,42
11280,1,5.1392739806033205e-06,0,0.99,model::deberta_sentiment_profile,DeBERTa + Sentiment Profile,42
20734,1,6.777047474315623e-06,0,0.99,model::deberta_sentiment_profile,DeBERTa + Sentiment Profile,42
18310,0,0.0024052374064922,0,0.99,model::deberta_sentiment_profile,DeBERTa + Sentiment Profile,42
2826,1,6.090840088290861e-06,0,0.99,model::deberta_sentiment_profile,DeBERTa + Sentiment Profile,42
9081,0,4.738249117508531e-06,0,0.99,model::deberta_sentiment_profile,DeBERTa + Sentiment Profile,42
11562,0,5.136476374900667e-06,0,0.99,model::deberta_sentiment_profile,DeBERTa + Sentiment Profile,42
19919,0,4.432798050402198e-06,0,0.99,model::deberta_sentiment_profile,DeBERTa + Sentiment Profile,42
2044,0,1.307589263888076e-05,0,0.99,model::deberta_sentiment_profile,DeBERTa + Sentiment Profile,42
11372,1,7.760688276903238e-06,0,0.99,model::deberta_sentiment_profile,DeBERTa + Sentiment Profile,42
3645,0,6.963306077523157e-06,0,0.99,model::deberta_sentiment_profile,DeBERTa + Sentiment Profile,42
18497,0,4.385936790640699e-06,0,0.99,model::deberta_sentiment_profile,DeBERTa + Sentiment Profile,42
9128,1,5.781615982414223e-06,0,0.99,model::deberta_sentiment_profile,DeBERTa + Sentiment Profile,42
16396,0,4.011496912426082e-06,0,0.99,model::deberta_sentiment_profile,DeBERTa + Sentiment Profile,42
10989,0,1.431018336006673e-05,0,0.99,model::deberta_sentiment_profile,DeBERTa + Sentiment Profile,42
10863,1,4.371405339043122e-06,0,0.99,model::deberta_sentiment_profile,DeBERTa + Sentiment Profile,42
15927,1,4.40788835476269e-06,0,0.99,model::deberta_sentiment_profile,DeBERTa + Sentiment Profile,42
8657,0,4.382524821266998e-06,0,0.99,model::deberta_sentiment_profile,DeBERTa + Sentiment Profile,42
15322,0,9.076562491827644e-06,0,0.99,model::deberta_sentiment_profile,DeBERTa + Sentiment Profile,42
356,1,5.822606453875778e-06,0,0.99,model::deberta_sentiment_profile,DeBERTa + Sentiment Profile,42
1379,0,5.046061232860666e-06,0,0.99,model::deberta_sentiment_profile,DeBERTa + Sentiment Profile,42
18572,1,4.683815859607421e-06,0,0.99,model::deberta_sentiment_profile,DeBERTa + Sentiment Profile,42
4491,1,5.317161594575737e-06,0,0.99,model::deberta_sentiment_profile,DeBERTa + Sentiment Profile,42
11479,1,7.41207122700871e-06,0,0.99,model::deberta_sentiment_profile,DeBERTa + Sentiment Profile,42
1809,1,4.7020935198816005e-06,0,0.99,model::deberta_sentiment_profile,DeBERTa + Sentiment Profile,42
7043,0,4.35991842095973e-06,0,0.99,model::deberta_sentiment_profile,DeBERTa + Sentiment Profile,42
1571,1,5.650163984682877e-06,0,0.99,model::deberta_sentiment_profile,DeBERTa + Sentiment Profile,42
12700,0,4.224597887514392e-06,0,0.99,model::deberta_sentiment_profile,DeBERTa + Sentiment Profile,42
4120,1,7.149717021093238e-06,0,0.99,model::deberta_sentiment_profile,DeBERTa + Sentiment Profile,42
8406,0,5.763350145571167e-06,0,0.99,model::deberta_sentiment_profile,DeBERTa + Sentiment Profile,42
7007,0,5.658392637997167e-06,0,0.99,model::deberta_sentiment_profile,DeBERTa + Sentiment Profile,42
17529,1,1.3444736396195369e-05,0,0.99,model::deberta_sentiment_profile,DeBERTa + Sentiment Profile,42
16354,1,4.733290552394465e-06,0,0.99,model::deberta_sentiment_profile,DeBERTa + Sentiment Profile,42
2532,1,6.088703230489045e-06,0,0.99,model::deberta_sentiment_profile,DeBERTa + Sentiment Profile,42
5685,0,8.847663593769539e-06,0,0.99,model::deberta_sentiment_profile,DeBERTa + Sentiment Profile,42
2546,0,1.8988675947184674e-05,0,0.99,model::deberta_sentiment_profile,DeBERTa + Sentiment Profile,42
10159,1,4.60900582766044e-06,0,0.99,model::deberta_sentiment_profile,DeBERTa + Sentiment Profile,42
12958,1,5.934893124504015e-06,0,0.99,model::deberta_sentiment_profile,DeBERTa + Sentiment Profile,42
18460,1,1.0573596227914097e-05,0,0.99,model::deberta_sentiment_profile,DeBERTa + Sentiment Profile,42
2067,0,4.71791372547159e-06,0,0.99,model::deberta_sentiment_profile,DeBERTa + Sentiment Profile,42
12297,0,4.745606474898523e-06,0,0.99,model::deberta_sentiment_profile,DeBERTa + Sentiment Profile,42
19561,0,4.753483608510578e-06,0,0.99,model::deberta_sentiment_profile,DeBERTa + Sentiment Profile,42
8142,1,7.080803243297851e-06,0,0.99,model::deberta_sentiment_profile,DeBERTa + Sentiment Profile,42
922,0,4.458524472283898e-06,0,0.99,model::deberta_sentiment_profile,DeBERTa + Sentiment Profile,42
3496,0,6.018467956891982e-06,0,0.99,model::deberta_sentiment_profile,DeBERTa + Sentiment Profile,42
5346,0,0.0001566556456964,0,0.99,model::deberta_sentiment_profile,DeBERTa + Sentiment Profile,42
19890,1,5.035903996031266e-06,0,0.99,model::deberta_sentiment_profile,DeBERTa + Sentiment Profile,42
16429,0,5.342566055333009e-06,0,0.99,model::deberta_sentiment_profile,DeBERTa + Sentiment Profile,42
10869,0,4.105248535779538e-06,0,0.99,model::deberta_sentiment_profile,DeBERTa + Sentiment Profile,42
8273,1,6.441912319132825e-06,0,0.99,model::deberta_sentiment_profile,DeBERTa + Sentiment Profile,42
10339,1,5.242730821919395e-06,0,0.99,model::deberta_sentiment_profile,DeBERTa + Sentiment Profile,42
9749,0,4.160371190664591e-06,0,0.99,model::deberta_sentiment_profile,DeBERTa + Sentiment Profile,42
17167,0,1.5688410712755285e-05,0,0.99,model::deberta_sentiment_profile,DeBERTa + Sentiment Profile,42
5026,1,5.776743819296826e-06,0,0.99,model::deberta_sentiment_profile,DeBERTa + Sentiment Profile,42
10248,0,4.101765625819098e-06,0,0.99,model::deberta_sentiment_profile,DeBERTa + Sentiment Profile,42
14065,0,1.8951644960907288e-05,0,0.99,model::deberta_sentiment_profile,DeBERTa + Sentiment Profile,42
6297,1,5.926132416789187e-06,0,0.99,model::deberta_sentiment_profile,DeBERTa + Sentiment Profile,42
16078,1,4.622811047738651e-06,0,0.99,model::deberta_sentiment_profile,DeBERTa + Sentiment Profile,42
16743,0,4.144578269915655e-06,0,0.99,model::deberta_sentiment_profile,DeBERTa + Sentiment Profile,42
8902,0,6.444296559493523e-06,0,0.99,model::deberta_sentiment_profile,DeBERTa + Sentiment Profile,42
14127,1,1.2686026821029373e-05,0,0.99,model::deberta_sentiment_profile,DeBERTa + Sentiment Profile,42
5936,0,1.2552098269225098e-05,0,0.99,model::deberta_sentiment_profile,DeBERTa + Sentiment Profile,42
20673,0,4.366530447441619e-06,0,0.99,model::deberta_sentiment_profile,DeBERTa + Sentiment Profile,42
13323,0,4.930510385747766e-06,0,0.99,model::deberta_sentiment_profile,DeBERTa + Sentiment Profile,42
7763,1,8.632306162326131e-06,0,0.99,model::deberta_sentiment_profile,DeBERTa + Sentiment Profile,42
18230,1,4.903140052192612e-06,0,0.99,model::deberta_sentiment_profile,DeBERTa + Sentiment Profile,42
11361,1,4.350801191321807e-06,0,0.99,model::deberta_sentiment_profile,DeBERTa + Sentiment Profile,42
9224,1,5.209110440773657e-06,0,0.99,model::deberta_sentiment_profile,DeBERTa + Sentiment Profile,42
17556,1,9.033188689500092e-05,0,0.99,model::deberta_sentiment_profile,DeBERTa + Sentiment Profile,42
3794,1,4.355218152340967e-06,0,0.99,model::deberta_sentiment_profile,DeBERTa + Sentiment Profile,42
3683,0,4.205920959066134e-06,0,0.99,model::deberta_sentiment_profile,DeBERTa + Sentiment Profile,42
8623,1,4.455787347978912e-06,0,0.99,model::deberta_sentiment_profile,DeBERTa + Sentiment Profile,42
7348,1,4.307139533921145e-06,0,0.99,model::deberta_sentiment_profile,DeBERTa + Sentiment Profile,42
17574,0,4.363424977782415e-06,0,0.99,model::deberta_sentiment_profile,DeBERTa + Sentiment Profile,42
19168,0,0.0001624596625333,0,0.99,model::deberta_sentiment_profile,DeBERTa + Sentiment Profile,42
6346,0,4.879294920101529e-06,0,0.99,model::deberta_sentiment_profile,DeBERTa + Sentiment Profile,42
2109,0,1.3881252016290093e-05,0,0.99,model::deberta_sentiment_profile,DeBERTa + Sentiment Profile,42
5736,1,6.567256605194416e-06,0,0.99,model::deberta_sentiment_profile,DeBERTa + Sentiment Profile,42
3677,0,4.232622359268135e-06,0,0.99,model::deberta_sentiment_profile,DeBERTa + Sentiment Profile,42
14181,0,4.551970505417557e-06,0,0.99,model::deberta_sentiment_profile,DeBERTa + Sentiment Profile,42
16696,0,5.988638804410584e-06,0,0.99,model::deberta_sentiment_profile,DeBERTa + Sentiment Profile,42
18115,0,5.715075985790463e-06,0,0.99,model::deberta_sentiment_profile,DeBERTa + Sentiment Profile,42
1098,1,9.013978342409246e-06,0,0.99,model::deberta_sentiment_profile,DeBERTa + Sentiment Profile,42
5422,0,4.599810836225515e-06,0,0.99,model::deberta_sentiment_profile,DeBERTa + Sentiment Profile,42
703,0,4.657739282265538e-06,0,0.99,model::deberta_sentiment_profile,DeBERTa + Sentiment Profile,42
12024,1,1.5369227185146883e-05,0,0.99,model::deberta_sentiment_profile,DeBERTa + Sentiment Profile,42
19715,1,7.966622433741577e-06,0,0.99,model::deberta_sentiment_profile,DeBERTa + Sentiment Profile,42
16386,1,4.452924258657731e-06,0,0.99,model::deberta_sentiment_profile,DeBERTa + Sentiment Profile,42
18231,1,1.3531690456147771e-05,0,0.99,model::deberta_sentiment_profile,DeBERTa + Sentiment Profile,42
8966,1,4.691352842201013e-06,0,0.99,model::deberta_sentiment_profile,DeBERTa + Sentiment Profile,42
19704,1,6.42584291199455e-06,0,0.99,model::deberta_sentiment_profile,DeBERTa + Sentiment Profile,42
11636,0,5.016686827730155e-06,0,0.99,model::deberta_sentiment_profile,DeBERTa + Sentiment Profile,42
10984,1,5.193663128011394e-06,0,0.99,model::deberta_sentiment_profile,DeBERTa + Sentiment Profile,42
9195,1,4.4361727304931264e-06,0,0.99,model::deberta_sentiment_profile,DeBERTa + Sentiment Profile,42
1893,1,8.080309271463193e-06,0,0.99,model::deberta_sentiment_profile,DeBERTa + Sentiment Profile,42
11198,1,8.501150659867562e-06,0,0.99,model::deberta_sentiment_profile,DeBERTa + Sentiment Profile,42
433,0,6.955261596885976e-06,0,0.99,model::deberta_sentiment_profile,DeBERTa + Sentiment Profile,42
18411,1,5.2114155550953e-06,0,0.99,model::deberta_sentiment_profile,DeBERTa + Sentiment Profile,42
11101,0,4.914778401143849e-06,0,0.99,model::deberta_sentiment_profile,DeBERTa + Sentiment Profile,42
11375,0,4.915017598250415e-06,0,0.99,model::deberta_sentiment_profile,DeBERTa + Sentiment Profile,42
1442,1,4.564019945973996e-06,0,0.99,model::deberta_sentiment_profile,DeBERTa + Sentiment Profile,42
10872,0,3.887935690727318e-06,0,0.99,model::deberta_sentiment_profile,DeBERTa + Sentiment Profile,42
17480,0,3.166799433529377e-05,0,0.99,model::deberta_sentiment_profile,DeBERTa + Sentiment Profile,42
9183,0,2.120158023899421e-05,0,0.99,model::deberta_sentiment_profile,DeBERTa + Sentiment Profile,42
13866,1,5.268282166071003e-06,0,0.99,model::deberta_sentiment_profile,DeBERTa + Sentiment Profile,42
5929,0,8.701045771886129e-06,0,0.99,model::deberta_sentiment_profile,DeBERTa + Sentiment Profile,42
10569,1,1.5436120520462282e-05,0,0.99,model::deberta_sentiment_profile,DeBERTa + Sentiment Profile,42
6481,1,4.305180482333526e-06,0,0.99,model::deberta_sentiment_profile,DeBERTa + Sentiment Profile,42
5854,0,4.34050707553979e-06,0,0.99,model::deberta_sentiment_profile,DeBERTa + Sentiment Profile,42
5637,0,5.0356202336843126e-06,0,0.99,model::deberta_sentiment_profile,DeBERTa + Sentiment Profile,42
21022,0,4.820040430786321e-06,0,0.99,model::deberta_sentiment_profile,DeBERTa + Sentiment Profile,42
20695,0,0.9811570048332214,0,0.99,model::deberta_sentiment_profile,DeBERTa + Sentiment Profile,42
6808,1,5.157593022886431e-06,0,0.99,model::deberta_sentiment_profile,DeBERTa + Sentiment Profile,42
1191,1,5.33433831151342e-06,0,0.99,model::deberta_sentiment_profile,DeBERTa + Sentiment Profile,42
17878,0,5.228964255366009e-06,0,0.99,model::deberta_sentiment_profile,DeBERTa + Sentiment Profile,42
11825,1,4.824694315175293e-06,0,0.99,model::deberta_sentiment_profile,DeBERTa + Sentiment Profile,42
19889,1,5.182492259336868e-06,0,0.99,model::deberta_sentiment_profile,DeBERTa + Sentiment Profile,42
10247,0,4.1055773181142285e-06,0,0.99,model::deberta_sentiment_profile,DeBERTa + Sentiment Profile,42
3557,1,8.715496733202599e-06,0,0.99,model::deberta_sentiment_profile,DeBERTa + Sentiment Profile,42
7942,0,4.975358478986891e-06,0,0.99,model::deberta_sentiment_profile,DeBERTa + Sentiment Profile,42
6347,0,9.001169928524178e-06,0,0.99,model::deberta_sentiment_profile,DeBERTa + Sentiment Profile,42
10139,1,1.076038370229071e-05,0,0.99,model::deberta_sentiment_profile,DeBERTa + Sentiment Profile,42
13933,0,4.449230800673831e-06,0,0.99,model::deberta_sentiment_profile,DeBERTa + Sentiment Profile,42
15745,1,4.562797130347462e-06,0,0.99,model::deberta_sentiment_profile,DeBERTa + Sentiment Profile,42
5715,1,5.64206538911094e-06,0,0.99,model::deberta_sentiment_profile,DeBERTa + Sentiment Profile,42
17278,0,4.412434918776853e-06,0,0.99,model::deberta_sentiment_profile,DeBERTa + Sentiment Profile,42
11436,0,5.602239525615005e-06,0,0.99,model::deberta_sentiment_profile,DeBERTa + Sentiment Profile,42
4647,0,6.034824309608666e-06,0,0.99,model::deberta_sentiment_profile,DeBERTa + Sentiment Profile,42
15980,0,4.763285687658936e-06,0,0.99,model::deberta_sentiment_profile,DeBERTa + Sentiment Profile,42
18355,0,4.408439053804614e-06,0,0.99,model::deberta_sentiment_profile,DeBERTa + Sentiment Profile,42
16337,0,5.054595931142103e-06,0,0.99,model::deberta_sentiment_profile,DeBERTa + Sentiment Profile,42
2361,0,5.146783223608509e-06,0,0.99,model::deberta_sentiment_profile,DeBERTa + Sentiment Profile,42
4623,1,8.462945515930187e-06,0,0.99,model::deberta_sentiment_profile,DeBERTa + Sentiment Profile,42
20871,0,1.576918839418795e-05,0,0.99,model::deberta_sentiment_profile,DeBERTa + Sentiment Profile,42
16550,1,4.864269612880889e-06,0,0.99,model::deberta_sentiment_profile,DeBERTa + Sentiment Profile,42
15950,1,7.597167950734729e-06,0,0.99,model::deberta_sentiment_profile,DeBERTa + Sentiment Profile,42
2200,0,4.606514266924933e-06,0,0.99,model::deberta_sentiment_profile,DeBERTa + Sentiment Profile,42
19326,1,5.610772859654389e-06,0,0.99,model::deberta_sentiment_profile,DeBERTa + Sentiment Profile,42
4522,0,4.472799446375575e-06,0,0.99,model::deberta_sentiment_profile,DeBERTa + Sentiment Profile,42
18987,1,4.608139988704352e-06,0,0.99,model::deberta_sentiment_profile,DeBERTa + Sentiment Profile,42
10913,0,4.739125415653689e-06,0,0.99,model::deberta_sentiment_profile,DeBERTa + Sentiment Profile,42
18340,0,1.4381804248841943e-05,0,0.99,model::deberta_sentiment_profile,DeBERTa + Sentiment Profile,42
14800,0,6.115804808359826e-06,0,0.99,model::deberta_sentiment_profile,DeBERTa + Sentiment Profile,42
2248,1,4.714620899903821e-06,0,0.99,model::deberta_sentiment_profile,DeBERTa + Sentiment Profile,42
14467,0,6.26866767561296e-06,0,0.99,model::deberta_sentiment_profile,DeBERTa + Sentiment Profile,42
78,1,6.136550837254617e-06,0,0.99,model::deberta_sentiment_profile,DeBERTa + Sentiment Profile,42
4625,0,7.335680493270047e-06,0,0.99,model::deberta_sentiment_profile,DeBERTa + Sentiment Profile,42
4323,1,5.732029876526212e-06,0,0.99,model::deberta_sentiment_profile,DeBERTa + Sentiment Profile,42
4510,0,5.979673369438388e-05,0,0.99,model::deberta_sentiment_profile,DeBERTa + Sentiment Profile,42
293,1,7.647849997738376e-06,0,0.99,model::deberta_sentiment_profile,DeBERTa + Sentiment Profile,42
1271,0,4.731421540782321e-06,0,0.99,model::deberta_sentiment_profile,DeBERTa + Sentiment Profile,42
5374,0,5.085220891487552e-06,0,0.99,model::deberta_sentiment_profile,DeBERTa + Sentiment Profile,42
14898,1,5.121683898323681e-06,0,0.99,model::deberta_sentiment_profile,DeBERTa + Sentiment Profile,42
5107,1,5.132049409439787e-06,0,0.99,model::deberta_sentiment_profile,DeBERTa + Sentiment Profile,42
573,1,4.985390205547446e-06,0,0.99,model::deberta_sentiment_profile,DeBERTa + Sentiment Profile,42
19652,0,1.568284642416984e-05,0,0.99,model::deberta_sentiment_profile,DeBERTa + Sentiment Profile,42
8391,1,6.707406555506168e-06,0,0.99,model::deberta_sentiment_profile,DeBERTa + Sentiment Profile,42
6472,0,3.952168754040031e-06,0,0.99,model::deberta_sentiment_profile,DeBERTa + Sentiment Profile,42
5633,1,4.670131602324545e-06,0,0.99,model::deberta_sentiment_profile,DeBERTa + Sentiment Profile,42
4581,1,4.80355765830609e-06,0,0.99,model::deberta_sentiment_profile,DeBERTa + Sentiment Profile,42
18214,1,4.58438262285199e-06,0,0.99,model::deberta_sentiment_profile,DeBERTa + Sentiment Profile,42
17119,0,4.617409103957471e-06,0,0.99,model::deberta_sentiment_profile,DeBERTa + Sentiment Profile,42
20170,1,5.19677496413351e-06,0,0.99,model::deberta_sentiment_profile,DeBERTa + Sentiment Profile,42
18229,0,4.526395514403703e-06,0,0.99,model::deberta_sentiment_profile,DeBERTa + Sentiment Profile,42
19907,0,5.33259890289628e-06,0,0.99,model::deberta_sentiment_profile,DeBERTa + Sentiment Profile,42
18168,0,5.98972928855801e-06,0,0.99,model::deberta_sentiment_profile,DeBERTa + Sentiment Profile,42
10285,1,5.783628694189247e-06,0,0.99,model::deberta_sentiment_profile,DeBERTa + Sentiment Profile,42
9229,0,5.005294042348396e-06,0,0.99,model::deberta_sentiment_profile,DeBERTa + Sentiment Profile,42
4426,0,4.949717549607158e-06,0,0.99,model::deberta_sentiment_profile,DeBERTa + Sentiment Profile,42
19485,1,4.7853959586063866e-06,0,0.99,model::deberta_sentiment_profile,DeBERTa + Sentiment Profile,42
20520,0,5.121938102092827e-06,0,0.99,model::deberta_sentiment_profile,DeBERTa + Sentiment Profile,42
16322,1,8.931106094678398e-06,0,0.99,model::deberta_sentiment_profile,DeBERTa + Sentiment Profile,42
11621,1,5.819808393425774e-06,0,0.99,model::deberta_sentiment_profile,DeBERTa + Sentiment Profile,42
3376,1,9.107446203415748e-06,0,0.99,model::deberta_sentiment_profile,DeBERTa + Sentiment Profile,42
20041,0,4.128238742850954e-06,0,0.99,model::deberta_sentiment_profile,DeBERTa + Sentiment Profile,42
7166,1,4.668568180932198e-06,0,0.99,model::deberta_sentiment_profile,DeBERTa + Sentiment Profile,42
6506,1,5.663440333592007e-06,0,0.99,model::deberta_sentiment_profile,DeBERTa + Sentiment Profile,42
20862,1,4.756471753353253e-06,0,0.99,model::deberta_sentiment_profile,DeBERTa + Sentiment Profile,42
18690,0,4.865782102569938e-06,0,0.99,model::deberta_sentiment_profile,DeBERTa + Sentiment Profile,42
7607,1,9.183341717289297e-06,0,0.99,model::deberta_sentiment_profile,DeBERTa + Sentiment Profile,42
10060,1,5.460317879624199e-06,0,0.99,model::deberta_sentiment_profile,DeBERTa + Sentiment Profile,42
20271,1,4.93065590490005e-06,0,0.99,model::deberta_sentiment_profile,DeBERTa + Sentiment Profile,42
5211,1,5.0893640946014784e-06,0,0.99,model::deberta_sentiment_profile,DeBERTa + Sentiment Profile,42
12121,1,4.99384123031632e-06,0,0.99,model::deberta_sentiment_profile,DeBERTa + Sentiment Profile,42
7567,1,6.395664513547672e-06,0,0.99,model::deberta_sentiment_profile,DeBERTa + Sentiment Profile,42
9710,1,4.963647825206863e-06,0,0.99,model::deberta_sentiment_profile,DeBERTa + Sentiment Profile,42
6786,0,4.346492914919509e-06,0,0.99,model::deberta_sentiment_profile,DeBERTa + Sentiment Profile,42
17521,0,4.6460631892841775e-06,0,0.99,model::deberta_sentiment_profile,DeBERTa + Sentiment Profile,42
21034,1,5.717081876355223e-06,0,0.99,model::deberta_sentiment_profile,DeBERTa + Sentiment Profile,42
3187,0,6.418462362489663e-06,0,0.99,model::deberta_sentiment_profile,DeBERTa + Sentiment Profile,42
3973,1,5.488007900567027e-06,0,0.99,model::deberta_sentiment_profile,DeBERTa + Sentiment Profile,42
8214,1,5.084405984234763e-06,0,0.99,model::deberta_sentiment_profile,DeBERTa + Sentiment Profile,42
18871,0,4.796041139343288e-06,0,0.99,model::deberta_sentiment_profile,DeBERTa + Sentiment Profile,42
18245,0,4.652114967029775e-06,0,0.99,model::deberta_sentiment_profile,DeBERTa + Sentiment Profile,42
10798,0,4.184357294434449e-06,0,0.99,model::deberta_sentiment_profile,DeBERTa + Sentiment Profile,42
5409,0,5.745871476392495e-06,0,0.99,model::deberta_sentiment_profile,DeBERTa + Sentiment Profile,42
16226,0,0.0047712670639157,0,0.99,model::deberta_sentiment_profile,DeBERTa + Sentiment Profile,42
4468,1,5.586607130680932e-06,0,0.99,model::deberta_sentiment_profile,DeBERTa + Sentiment Profile,42
15849,0,0.0001198346581077,0,0.99,model::deberta_sentiment_profile,DeBERTa + Sentiment Profile,42
14462,0,0.0005315378075465,0,0.99,model::deberta_sentiment_profile,DeBERTa + Sentiment Profile,42
19720,0,4.816979526367504e-06,0,0.99,model::deberta_sentiment_profile,DeBERTa + Sentiment Profile,42
4146,0,1.1918359632545616e-05,0,0.99,model::deberta_sentiment_profile,DeBERTa + Sentiment Profile,42
4386,0,6.822921477578348e-06,0,0.99,model::deberta_sentiment_profile,DeBERTa + Sentiment Profile,42
13526,1,4.802815510629444e-06,0,0.99,model::deberta_sentiment_profile,DeBERTa + Sentiment Profile,42
18523,1,5.138445885677356e-06,0,0.99,model::deberta_sentiment_profile,DeBERTa + Sentiment Profile,42
19751,0,1.257716394320596e-05,0,0.99,model::deberta_sentiment_profile,DeBERTa + Sentiment Profile,42
1179,0,1.5358633390860632e-05,0,0.99,model::deberta_sentiment_profile,DeBERTa + Sentiment Profile,42
16424,1,4.521683877101168e-06,0,0.99,model::deberta_sentiment_profile,DeBERTa + Sentiment Profile,42
8875,0,4.29164447268704e-06,0,0.99,model::deberta_sentiment_profile,DeBERTa + Sentiment Profile,42
2267,0,4.575376806315035e-06,0,0.99,model::deberta_sentiment_profile,DeBERTa + Sentiment Profile,42
12942,0,6.880067758174846e-06,0,0.99,model::deberta_sentiment_profile,DeBERTa + Sentiment Profile,42
2832,0,1.5630530469934456e-05,0,0.99,model::deberta_sentiment_profile,DeBERTa + Sentiment Profile,42
1021,0,6.261623184400378e-06,0,0.99,model::deberta_sentiment_profile,DeBERTa + Sentiment Profile,42
7945,0,5.847525244462304e-06,0,0.99,model::deberta_sentiment_profile,DeBERTa + Sentiment Profile,42
4843,1,4.654071744880639e-06,0,0.99,model::deberta_sentiment_profile,DeBERTa + Sentiment Profile,42
3236,0,4.880840151599841e-06,0,0.99,model::deberta_sentiment_profile,DeBERTa + Sentiment Profile,42
9186,1,7.80758182372665e-06,0,0.99,model::deberta_sentiment_profile,DeBERTa + Sentiment Profile,42
13491,0,4.986350177205168e-06,0,0.99,model::deberta_sentiment_profile,DeBERTa + Sentiment Profile,42
10371,0,4.930778231937438e-06,0,0.99,model::deberta_sentiment_profile,DeBERTa + Sentiment Profile,42
551,0,5.786392648587935e-06,0,0.99,model::deberta_sentiment_profile,DeBERTa + Sentiment Profile,42
444,1,4.875582817476243e-06,0,0.99,model::deberta_sentiment_profile,DeBERTa + Sentiment Profile,42
1591,1,4.02742398364353e-06,0,0.99,model::deberta_sentiment_profile,DeBERTa + Sentiment Profile,42
6736,1,8.87742226041155e-06,0,0.99,model::deberta_sentiment_profile,DeBERTa + Sentiment Profile,42
4134,0,5.210551080381265e-06,0,0.99,model::deberta_sentiment_profile,DeBERTa + Sentiment Profile,42
12473,0,4.631597221305128e-06,0,0.99,model::deberta_sentiment_profile,DeBERTa + Sentiment Profile,42
2556,1,6.007302999933017e-06,0,0.99,model::deberta_sentiment_profile,DeBERTa + Sentiment Profile,42
10416,1,6.327571554720635e-06,0,0.99,model::deberta_sentiment_profile,DeBERTa + Sentiment Profile,42
16237,1,8.110496128210798e-05,0,0.99,model::deberta_sentiment_profile,DeBERTa + Sentiment Profile,42
96,1,5.565028004639316e-06,0,0.99,model::deberta_sentiment_profile,DeBERTa + Sentiment Profile,42
4673,1,5.438697826321004e-06,0,0.99,model::deberta_sentiment_profile,DeBERTa + Sentiment Profile,42
3115,0,6.449461125157541e-06,0,0.99,model::deberta_sentiment_profile,DeBERTa + Sentiment Profile,42
7640,0,5.7678043958731e-06,0,0.99,model::deberta_sentiment_profile,DeBERTa + Sentiment Profile,42
18818,1,8.817104571789969e-06,0,0.99,model::deberta_sentiment_profile,DeBERTa + Sentiment Profile,42
3550,1,4.972579063178273e-06,0,0.99,model::deberta_sentiment_profile,DeBERTa + Sentiment Profile,42
15293,1,5.024126949138008e-06,0,0.99,model::deberta_sentiment_profile,DeBERTa + Sentiment Profile,42
10902,1,4.208432983432431e-06,0,0.99,model::deberta_sentiment_profile,DeBERTa + Sentiment Profile,42
16425,0,7.946468031150289e-06,0,0.99,model::deberta_sentiment_profile,DeBERTa + Sentiment Profile,42
1649,0,5.063608568889322e-06,0,0.99,model::deberta_sentiment_profile,DeBERTa + Sentiment Profile,42
9946,0,5.168814823264256e-06,0,0.99,model::deberta_sentiment_profile,DeBERTa + Sentiment Profile,42
18354,0,4.982072368875379e-06,0,0.99,model::deberta_sentiment_profile,DeBERTa + Sentiment Profile,42
15802,0,5.87947715757764e-06,0,0.99,model::deberta_sentiment_profile,DeBERTa + Sentiment Profile,42
8471,1,6.097581717767753e-06,0,0.99,model::deberta_sentiment_profile,DeBERTa + Sentiment Profile,42
4029,1,8.648999028082471e-06,0,0.99,model::deberta_sentiment_profile,DeBERTa + Sentiment Profile,42
3806,0,7.422356247843709e-06,0,0.99,model::deberta_sentiment_profile,DeBERTa + Sentiment Profile,42
9240,1,5.207590220379643e-06,0,0.99,model::deberta_sentiment_profile,DeBERTa + Sentiment Profile,42
20407,1,5.415263331087772e-06,0,0.99,model::deberta_sentiment_profile,DeBERTa + Sentiment Profile,42
20442,1,4.517279194260482e-06,0,0.99,model::deberta_sentiment_profile,DeBERTa + Sentiment Profile,42
12406,0,4.064977474627085e-06,0,0.99,model::deberta_sentiment_profile,DeBERTa + Sentiment Profile,42
20870,0,4.16920420320821e-06,0,0.99,model::deberta_sentiment_profile,DeBERTa + Sentiment Profile,42
17718,1,5.3762687457492575e-06,0,0.99,model::deberta_sentiment_profile,DeBERTa + Sentiment Profile,42
17043,1,7.181863111327402e-06,0,0.99,model::deberta_sentiment_profile,DeBERTa + Sentiment Profile,42
14805,1,5.572654572461033e-06,0,0.99,model::deberta_sentiment_profile,DeBERTa + Sentiment Profile,42
12105,1,4.935563083563466e-06,0,0.99,model::deberta_sentiment_profile,DeBERTa + Sentiment Profile,42
13440,1,4.770841769641265e-06,0,0.99,model::deberta_sentiment_profile,DeBERTa + Sentiment Profile,42
8420,0,4.636732228391338e-06,0,0.99,model::deberta_sentiment_profile,DeBERTa + Sentiment Profile,42
6543,1,8.329524462169502e-06,0,0.99,model::deberta_sentiment_profile,DeBERTa + Sentiment Profile,42
14425,0,4.7305643420259e-06,0,0.99,model::deberta_sentiment_profile,DeBERTa + Sentiment Profile,42
11002,1,4.685584826802369e-06,0,0.99,model::deberta_sentiment_profile,DeBERTa + Sentiment Profile,42
1148,1,5.005207640351728e-06,0,0.99,model::deberta_sentiment_profile,DeBERTa + Sentiment Profile,42
12116,1,6.601309451070847e-06,0,0.99,model::deberta_sentiment_profile,DeBERTa + Sentiment Profile,42
1173,0,4.213669399177888e-06,0,0.99,model::deberta_sentiment_profile,DeBERTa + Sentiment Profile,42
19460,0,4.335641733632656e-06,0,0.99,model::deberta_sentiment_profile,DeBERTa + Sentiment Profile,42
5391,1,7.305932740564458e-06,0,0.99,model::deberta_sentiment_profile,DeBERTa + Sentiment Profile,42
12339,0,4.32237266068114e-06,0,0.99,model::deberta_sentiment_profile,DeBERTa + Sentiment Profile,42
8041,1,6.275822215684457e-06,0,0.99,model::deberta_sentiment_profile,DeBERTa + Sentiment Profile,42
14605,1,1.0281274626322556e-05,0,0.99,model::deberta_sentiment_profile,DeBERTa + Sentiment Profile,42
2291,1,4.896271093457472e-06,0,0.99,model::deberta_sentiment_profile,DeBERTa + Sentiment Profile,42
7120,0,6.133560873422539e-06,0,0.99,model::deberta_sentiment_profile,DeBERTa + Sentiment Profile,42
587,0,4.563985385175329e-06,0,0.99,model::deberta_sentiment_profile,DeBERTa + Sentiment Profile,42
16321,1,6.337518243526574e-06,0,0.99,model::deberta_sentiment_profile,DeBERTa + Sentiment Profile,42
18541,1,5.062121545051923e-06,0,0.99,model::deberta_sentiment_profile,DeBERTa + Sentiment Profile,42
12598,0,9.473025784245692e-06,0,0.99,model::deberta_sentiment_profile,DeBERTa + Sentiment Profile,42
13419,1,5.373603471525712e-06,0,0.99,model::deberta_sentiment_profile,DeBERTa + Sentiment Profile,42
8543,0,1.2631785466510337e-05,0,0.99,model::deberta_sentiment_profile,DeBERTa + Sentiment Profile,42
20439,0,2.392697751929518e-05,0,0.99,model::deberta_sentiment_profile,DeBERTa + Sentiment Profile,42
15320,0,4.524384166870732e-06,0,0.99,model::deberta_sentiment_profile,DeBERTa + Sentiment Profile,42
9800,0,4.805637672689045e-06,0,0.99,model::deberta_sentiment_profile,DeBERTa + Sentiment Profile,42
16021,1,7.053487024677452e-06,0,0.99,model::deberta_sentiment_profile,DeBERTa + Sentiment Profile,42
8382,1,4.902391992800403e-06,0,0.99,model::deberta_sentiment_profile,DeBERTa + Sentiment Profile,42
2867,1,4.540680492937099e-06,0,0.99,model::deberta_sentiment_profile,DeBERTa + Sentiment Profile,42
20212,0,6.166116236272501e-06,0,0.99,model::deberta_sentiment_profile,DeBERTa + Sentiment Profile,42
9481,1,4.646616616810206e-06,0,0.99,model::deberta_sentiment_profile,DeBERTa + Sentiment Profile,42
12286,1,1.0252214451611508e-05,0,0.99,model::deberta_sentiment_profile,DeBERTa + Sentiment Profile,42
19149,0,5.017815510655055e-06,0,0.99,model::deberta_sentiment_profile,DeBERTa + Sentiment Profile,42
16239,1,6.29649230177165e-06,0,0.99,model::deberta_sentiment_profile,DeBERTa + Sentiment Profile,42
17829,1,4.275390438124305e-06,0,0.99,model::deberta_sentiment_profile,DeBERTa + Sentiment Profile,42
20947,0,4.668741894420236e-06,0,0.99,model::deberta_sentiment_profile,DeBERTa + Sentiment Profile,42
9400,0,4.587369858199963e-06,0,0.99,model::deberta_sentiment_profile,DeBERTa + Sentiment Profile,42
18451,1,4.7662028919148725e-06,0,0.99,model::deberta_sentiment_profile,DeBERTa + Sentiment Profile,42
19994,1,4.715093382401392e-06,0,0.99,model::deberta_sentiment_profile,DeBERTa + Sentiment Profile,42
10829,0,5.291747129376745e-06,0,0.99,model::deberta_sentiment_profile,DeBERTa + Sentiment Profile,42
1980,0,5.207649792282609e-06,0,0.99,model::deberta_sentiment_profile,DeBERTa + Sentiment Profile,42
829,0,7.739157808828168e-06,0,0.99,model::deberta_sentiment_profile,DeBERTa + Sentiment Profile,42
7876,1,5.650729690387379e-06,0,0.99,model::deberta_sentiment_profile,DeBERTa + Sentiment Profile,42
965,0,4.881082077190513e-06,0,0.99,model::deberta_sentiment_profile,DeBERTa + Sentiment Profile,42
18189,1,4.450198503036518e-06,0,0.99,model::deberta_sentiment_profile,DeBERTa + Sentiment Profile,42
12645,1,8.353564226126764e-06,0,0.99,model::deberta_sentiment_profile,DeBERTa + Sentiment Profile,42
12073,0,1.31733822854585e-05,0,0.99,model::deberta_sentiment_profile,DeBERTa + Sentiment Profile,42
241,1,6.867678166599944e-06,0,0.99,model::deberta_sentiment_profile,DeBERTa + Sentiment Profile,42
8318,0,4.438555151864421e-06,0,0.99,model::deberta_sentiment_profile,DeBERTa + Sentiment Profile,42
2294,0,4.0907416405389085e-06,0,0.99,model::deberta_sentiment_profile,DeBERTa + Sentiment Profile,42
15189,1,6.304495400399901e-06,0,0.99,model::deberta_sentiment_profile,DeBERTa + Sentiment Profile,42
15462,0,5.071727173344698e-06,0,0.99,model::deberta_sentiment_profile,DeBERTa + Sentiment Profile,42
6769,0,4.739189080282813e-06,0,0.99,model::deberta_sentiment_profile,DeBERTa + Sentiment Profile,42
21078,0,6.215591838554246e-06,0,0.99,model::deberta_sentiment_profile,DeBERTa + Sentiment Profile,42
2498,0,5.123452410771279e-06,0,0.99,model::deberta_sentiment_profile,DeBERTa + Sentiment Profile,42
20875,0,4.8822926146385726e-06,0,0.99,model::deberta_sentiment_profile,DeBERTa + Sentiment Profile,42
2694,0,4.984919087291928e-06,0,0.99,model::deberta_sentiment_profile,DeBERTa + Sentiment Profile,42
8380,0,4.309772975830128e-06,0,0.99,model::deberta_sentiment_profile,DeBERTa + Sentiment Profile,42
2683,1,5.105342552269576e-06,0,0.99,model::deberta_sentiment_profile,DeBERTa + Sentiment Profile,42
12903,1,4.273866125004133e-06,0,0.99,model::deberta_sentiment_profile,DeBERTa + Sentiment Profile,42
3395,1,6.875568033137824e-06,0,0.99,model::deberta_sentiment_profile,DeBERTa + Sentiment Profile,42
14670,0,1.944562609423884e-05,0,0.99,model::deberta_sentiment_profile,DeBERTa + Sentiment Profile,42
3815,1,4.513708972808672e-06,0,0.99,model::deberta_sentiment_profile,DeBERTa + Sentiment Profile,42
9823,0,4.467479811864905e-06,0,0.99,model::deberta_sentiment_profile,DeBERTa + Sentiment Profile,42
3971,0,4.397622433316428e-06,0,0.99,model::deberta_sentiment_profile,DeBERTa + Sentiment Profile,42
19954,0,5.9962562772852834e-06,0,0.99,model::deberta_sentiment_profile,DeBERTa + Sentiment Profile,42
19163,1,4.939046903018607e-06,0,0.99,model::deberta_sentiment_profile,DeBERTa + Sentiment Profile,42
11315,0,0.4794809520244598,0,0.99,model::deberta_sentiment_profile,DeBERTa + Sentiment Profile,42
16475,1,7.241352250275668e-06,0,0.99,model::deberta_sentiment_profile,DeBERTa + Sentiment Profile,42
8298,1,4.751461801788537e-06,0,0.99,model::deberta_sentiment_profile,DeBERTa + Sentiment Profile,42
6704,0,1.821355363063049e-05,0,0.99,model::deberta_sentiment_profile,DeBERTa + Sentiment Profile,42
1867,0,4.670304861065233e-06,0,0.99,model::deberta_sentiment_profile,DeBERTa + Sentiment Profile,42
3479,1,8.683878149895463e-06,0,0.99,model::deberta_sentiment_profile,DeBERTa + Sentiment Profile,42
14387,0,7.398596608254593e-06,0,0.99,model::deberta_sentiment_profile,DeBERTa + Sentiment Profile,42
21099,0,4.4726971282216255e-06,0,0.99,model::deberta_sentiment_profile,DeBERTa + Sentiment Profile,42
10173,0,5.265625077299774e-06,0,0.99,model::deberta_sentiment_profile,DeBERTa + Sentiment Profile,42
14584,1,3.664139148895629e-05,0,0.99,model::deberta_sentiment_profile,DeBERTa + Sentiment Profile,42
18579,0,1.2464397514122538e-05,0,0.99,model::deberta_sentiment_profile,DeBERTa + Sentiment Profile,42
6719,0,5.067153779236833e-06,0,0.99,model::deberta_sentiment_profile,DeBERTa + Sentiment Profile,42
13994,1,1.0587267752271146e-05,0,0.99,model::deberta_sentiment_profile,DeBERTa + Sentiment Profile,42
15409,0,4.976592663297197e-06,0,0.99,model::deberta_sentiment_profile,DeBERTa + Sentiment Profile,42
10287,0,6.456008577515604e-06,0,0.99,model::deberta_sentiment_profile,DeBERTa + Sentiment Profile,42
14182,0,7.841571459721308e-06,0,0.99,model::deberta_sentiment_profile,DeBERTa + Sentiment Profile,42
1866,0,4.2716983443824574e-06,0,0.99,model::deberta_sentiment_profile,DeBERTa + Sentiment Profile,42
5840,1,6.594689693883993e-06,0,0.99,model::deberta_sentiment_profile,DeBERTa + Sentiment Profile,42
8508,0,4.222785264573759e-06,0,0.99,model::deberta_sentiment_profile,DeBERTa + Sentiment Profile,42
16600,0,4.934776825393783e-06,0,0.99,model::deberta_sentiment_profile,DeBERTa + Sentiment Profile,42
12136,1,5.095420419820584e-06,0,0.99,model::deberta_sentiment_profile,DeBERTa + Sentiment Profile,42
15175,1,4.27397208113689e-06,0,0.99,model::deberta_sentiment_profile,DeBERTa + Sentiment Profile,42
1171,0,6.878355179651408e-06,0,0.99,model::deberta_sentiment_profile,DeBERTa + Sentiment Profile,42
10626,0,6.996053798502544e-06,0,0.99,model::deberta_sentiment_profile,DeBERTa + Sentiment Profile,42
17816,0,1.2471150512283202e-05,0,0.99,model::deberta_sentiment_profile,DeBERTa + Sentiment Profile,42
7438,1,4.331951004132861e-06,0,0.99,model::deberta_sentiment_profile,DeBERTa + Sentiment Profile,42
4132,1,4.744335001305444e-06,0,0.99,model::deberta_sentiment_profile,DeBERTa + Sentiment Profile,42
12929,0,4.891156095254701e-06,0,0.99,model::deberta_sentiment_profile,DeBERTa + Sentiment Profile,42
17018,1,4.65929451820557e-06,0,0.99,model::deberta_sentiment_profile,DeBERTa + Sentiment Profile,42
14608,0,4.758844625030179e-06,0,0.99,model::deberta_sentiment_profile,DeBERTa + Sentiment Profile,42
16274,0,4.6703275984327774e-06,0,0.99,model::deberta_sentiment_profile,DeBERTa + Sentiment Profile,42
2408,0,4.530178557615727e-06,0,0.99,model::deberta_sentiment_profile,DeBERTa + Sentiment Profile,42
7731,0,5.665347089234274e-06,0,0.99,model::deberta_sentiment_profile,DeBERTa + Sentiment Profile,42
1204,1,6.557750111824134e-06,0,0.99,model::deberta_sentiment_profile,DeBERTa + Sentiment Profile,42
15159,1,5.602367764367955e-06,0,0.99,model::deberta_sentiment_profile,DeBERTa + Sentiment Profile,42
13621,0,1.6862424672581255e-05,0,0.99,model::deberta_sentiment_profile,DeBERTa + Sentiment Profile,42
1729,0,5.433420028566616e-06,0,0.99,model::deberta_sentiment_profile,DeBERTa + Sentiment Profile,42
16466,0,4.289955086278496e-06,0,0.99,model::deberta_sentiment_profile,DeBERTa + Sentiment Profile,42
1197,1,5.069638064014725e-06,0,0.99,model::deberta_sentiment_profile,DeBERTa + Sentiment Profile,42
14491,0,6.3842753661447205e-06,0,0.99,model::deberta_sentiment_profile,DeBERTa + Sentiment Profile,42
3338,1,4.319698291510576e-06,0,0.99,model::deberta_sentiment_profile,DeBERTa + Sentiment Profile,42
3165,1,4.201462616038043e-06,0,0.99,model::deberta_sentiment_profile,DeBERTa + Sentiment Profile,42
3852,0,0.9999594688415528,1,0.99,model::deberta_sentiment_profile,DeBERTa + Sentiment Profile,42
16232,1,8.657490980112925e-06,0,0.99,model::deberta_sentiment_profile,DeBERTa + Sentiment Profile,42
3551,1,5.015270289732143e-06,0,0.99,model::deberta_sentiment_profile,DeBERTa + Sentiment Profile,42
18200,1,1.0906697752943728e-05,0,0.99,model::deberta_sentiment_profile,DeBERTa + Sentiment Profile,42
1750,1,5.177058028493775e-06,0,0.99,model::deberta_sentiment_profile,DeBERTa + Sentiment Profile,42
13356,1,4.779539722221671e-06,0,0.99,model::deberta_sentiment_profile,DeBERTa + Sentiment Profile,42
14029,0,4.805073785973946e-06,0,0.99,model::deberta_sentiment_profile,DeBERTa + Sentiment Profile,42
15702,1,5.538176083064172e-06,0,0.99,model::deberta_sentiment_profile,DeBERTa + Sentiment Profile,42
6671,0,4.25175448981463e-06,0,0.99,model::deberta_sentiment_profile,DeBERTa + Sentiment Profile,42
1598,1,5.689646513928892e-06,0,0.99,model::deberta_sentiment_profile,DeBERTa + Sentiment Profile,42
14361,0,4.5473279897123575e-06,0,0.99,model::deberta_sentiment_profile,DeBERTa + Sentiment Profile,42
8832,0,1.2673535820795225e-05,0,0.99,model::deberta_sentiment_profile,DeBERTa + Sentiment Profile,42
9975,1,5.709623110305984e-06,0,0.99,model::deberta_sentiment_profile,DeBERTa + Sentiment Profile,42
13954,0,6.669740741926944e-06,0,0.99,model::deberta_sentiment_profile,DeBERTa + Sentiment Profile,42
9267,0,1.919503120006993e-05,0,0.99,model::deberta_sentiment_profile,DeBERTa + Sentiment Profile,42
13091,1,9.543101623421536e-05,0,0.99,model::deberta_sentiment_profile,DeBERTa + Sentiment Profile,42
17553,1,5.827434051752789e-06,0,0.99,model::deberta_sentiment_profile,DeBERTa + Sentiment Profile,42
11555,0,5.113036422699224e-06,0,0.99,model::deberta_sentiment_profile,DeBERTa + Sentiment Profile,42
11748,1,5.250386038824217e-06,0,0.99,model::deberta_sentiment_profile,DeBERTa + Sentiment Profile,42
10804,0,5.033743036619853e-06,0,0.99,model::deberta_sentiment_profile,DeBERTa + Sentiment Profile,42
12854,0,4.423305199452443e-06,0,0.99,model::deberta_sentiment_profile,DeBERTa + Sentiment Profile,42
16115,0,4.649617494578706e-06,0,0.99,model::deberta_sentiment_profile,DeBERTa + Sentiment Profile,42
7308,1,4.8612087084620725e-06,0,0.99,model::deberta_sentiment_profile,DeBERTa + Sentiment Profile,42
6556,1,4.8334441089537e-06,0,0.99,model::deberta_sentiment_profile,DeBERTa + Sentiment Profile,42
14549,1,9.11078222998185e-06,0,0.99,model::deberta_sentiment_profile,DeBERTa + Sentiment Profile,42
6787,0,4.62857678940054e-06,0,0.99,model::deberta_sentiment_profile,DeBERTa + Sentiment Profile,42
11776,0,4.51671894552419e-06,0,0.99,model::deberta_sentiment_profile,DeBERTa + Sentiment Profile,42
9577,0,4.93834568260354e-06,0,0.99,model::deberta_sentiment_profile,DeBERTa + Sentiment Profile,42
19107,0,4.549431650957558e-06,0,0.99,model::deberta_sentiment_profile,DeBERTa + Sentiment Profile,42
3818,0,4.900054591416847e-06,0,0.99,model::deberta_sentiment_profile,DeBERTa + Sentiment Profile,42
6319,0,6.171393579279538e-06,0,0.99,model::deberta_sentiment_profile,DeBERTa + Sentiment Profile,42
7931,1,5.234906893747393e-06,0,0.99,model::deberta_sentiment_profile,DeBERTa + Sentiment Profile,42
18516,1,4.982628524885513e-06,0,0.99,model::deberta_sentiment_profile,DeBERTa + Sentiment Profile,42
19974,1,1.03006877907319e-05,0,0.99,model::deberta_sentiment_profile,DeBERTa + Sentiment Profile,42
8003,1,5.3832259254704695e-06,0,0.99,model::deberta_sentiment_profile,DeBERTa + Sentiment Profile,42
14855,1,4.329505827627145e-06,0,0.99,model::deberta_sentiment_profile,DeBERTa + Sentiment Profile,42
935,0,1.1265245120739564e-05,0,0.99,model::deberta_sentiment_profile,DeBERTa + Sentiment Profile,42
3623,1,1.316972884524148e-05,0,0.99,model::deberta_sentiment_profile,DeBERTa + Sentiment Profile,42
2857,0,1.2489600521803368e-05,0,0.99,model::deberta_sentiment_profile,DeBERTa + Sentiment Profile,42
15100,1,9.999874237109909e-06,0,0.99,model::deberta_sentiment_profile,DeBERTa + Sentiment Profile,42
12647,1,5.463307388708927e-06,0,0.99,model::deberta_sentiment_profile,DeBERTa + Sentiment Profile,42
16571,0,5.641323241434293e-06,0,0.99,model::deberta_sentiment_profile,DeBERTa + Sentiment Profile,42
18098,1,9.246561603504231e-06,0,0.99,model::deberta_sentiment_profile,DeBERTa + Sentiment Profile,42
18736,1,4.789710601471597e-06,0,0.99,model::deberta_sentiment_profile,DeBERTa + Sentiment Profile,42
8920,1,6.595299964828882e-06,0,0.99,model::deberta_sentiment_profile,DeBERTa + Sentiment Profile,42
11186,1,5.129671535542002e-06,0,0.99,model::deberta_sentiment_profile,DeBERTa + Sentiment Profile,42
15711,1,5.012019300920656e-06,0,0.99,model::deberta_sentiment_profile,DeBERTa + Sentiment Profile,42
5958,1,4.406005245982669e-06,0,0.99,model::deberta_sentiment_profile,DeBERTa + Sentiment Profile,42
7558,0,0.0001209925030707,0,0.99,model::deberta_sentiment_profile,DeBERTa + Sentiment Profile,42
20149,1,6.528347967105219e-06,0,0.99,model::deberta_sentiment_profile,DeBERTa + Sentiment Profile,42
9778,0,0.0031612333841621,0,0.99,model::deberta_sentiment_profile,DeBERTa + Sentiment Profile,42
8502,1,5.478020284499507e-06,0,0.99,model::deberta_sentiment_profile,DeBERTa + Sentiment Profile,42
1642,1,8.67328344611451e-06,0,0.99,model::deberta_sentiment_profile,DeBERTa + Sentiment Profile,42
21039,0,1.389865701639792e-05,0,0.99,model::deberta_sentiment_profile,DeBERTa + Sentiment Profile,42
11515,0,2.038185448327568e-05,0,0.99,model::deberta_sentiment_profile,DeBERTa + Sentiment Profile,42
5310,0,5.153895472176373e-06,0,0.99,model::deberta_sentiment_profile,DeBERTa + Sentiment Profile,42
20759,0,4.972270744474372e-06,0,0.99,model::deberta_sentiment_profile,DeBERTa + Sentiment Profile,42
12683,0,7.840942998882383e-06,0,0.99,model::deberta_sentiment_profile,DeBERTa + Sentiment Profile,42
5142,0,4.507415724219754e-06,0,0.99,model::deberta_sentiment_profile,DeBERTa + Sentiment Profile,42
11672,1,6.053766355762491e-06,0,0.99,model::deberta_sentiment_profile,DeBERTa + Sentiment Profile,42
6976,1,4.893125151284039e-06,0,0.99,model::deberta_sentiment_profile,DeBERTa + Sentiment Profile,42
10148,0,4.949471986037679e-06,0,0.99,model::deberta_sentiment_profile,DeBERTa + Sentiment Profile,42
18578,0,5.044223144068383e-06,0,0.99,model::deberta_sentiment_profile,DeBERTa + Sentiment Profile,42
19362,1,4.584671387419803e-06,0,0.99,model::deberta_sentiment_profile,DeBERTa + Sentiment Profile,42
5241,1,4.39890573034063e-06,0,0.99,model::deberta_sentiment_profile,DeBERTa + Sentiment Profile,42
664,0,5.921347110415809e-06,0,0.99,model::deberta_sentiment_profile,DeBERTa + Sentiment Profile,42
12453,0,5.230306214798475e-06,0,0.99,model::deberta_sentiment_profile,DeBERTa + Sentiment Profile,42
2205,1,4.536642336461227e-06,0,0.99,model::deberta_sentiment_profile,DeBERTa + Sentiment Profile,42
9896,0,5.136358595336787e-06,0,0.99,model::deberta_sentiment_profile,DeBERTa + Sentiment Profile,42
15733,0,7.332708264584653e-06,0,0.99,model::deberta_sentiment_profile,DeBERTa + Sentiment Profile,42
6070,0,3.995499355369248e-06,0,0.99,model::deberta_sentiment_profile,DeBERTa + Sentiment Profile,42
3994,0,5.419996341515798e-06,0,0.99,model::deberta_sentiment_profile,DeBERTa + Sentiment Profile,42
11962,0,4.861134584643878e-06,0,0.99,model::deberta_sentiment_profile,DeBERTa + Sentiment Profile,42
13923,0,9.139979738392869e-06,0,0.99,model::deberta_sentiment_profile,DeBERTa + Sentiment Profile,42
3512,0,4.087575234734686e-06,0,0.99,model::deberta_sentiment_profile,DeBERTa + Sentiment Profile,42
8737,0,5.151035566086648e-06,0,0.99,model::deberta_sentiment_profile,DeBERTa + Sentiment Profile,42
17758,1,5.041847543907352e-06,0,0.99,model::deberta_sentiment_profile,DeBERTa + Sentiment Profile,42
11250,1,5.577131560130511e-06,0,0.99,model::deberta_sentiment_profile,DeBERTa + Sentiment Profile,42
8102,0,4.326637281337753e-06,0,0.99,model::deberta_sentiment_profile,DeBERTa + Sentiment Profile,42
3614,0,4.494816948863445e-06,0,0.99,model::deberta_sentiment_profile,DeBERTa + Sentiment Profile,42
6659,1,7.347296559601091e-06,0,0.99,model::deberta_sentiment_profile,DeBERTa + Sentiment Profile,42
12125,0,5.078687536297366e-06,0,0.99,model::deberta_sentiment_profile,DeBERTa + Sentiment Profile,42
13471,1,5.595746188191697e-06,0,0.99,model::deberta_sentiment_profile,DeBERTa + Sentiment Profile,42
5246,0,5.194827281229664e-06,0,0.99,model::deberta_sentiment_profile,DeBERTa + Sentiment Profile,42
2612,1,4.897700364381308e-06,0,0.99,model::deberta_sentiment_profile,DeBERTa + Sentiment Profile,42
16686,1,4.468008228286635e-06,0,0.99,model::deberta_sentiment_profile,DeBERTa + Sentiment Profile,42
4569,0,4.739817086374387e-06,0,0.99,model::deberta_sentiment_profile,DeBERTa + Sentiment Profile,42
16586,1,4.668349902203772e-06,0,0.99,model::deberta_sentiment_profile,DeBERTa + Sentiment Profile,42
9777,0,7.151217232603813e-06,0,0.99,model::deberta_sentiment_profile,DeBERTa + Sentiment Profile,42
10194,1,5.4464780987473205e-06,0,0.99,model::deberta_sentiment_profile,DeBERTa + Sentiment Profile,42
13439,0,5.884547863388434e-05,0,0.99,model::deberta_sentiment_profile,DeBERTa + Sentiment Profile,42
12371,1,6.3252005020331126e-06,0,0.99,model::deberta_sentiment_profile,DeBERTa + Sentiment Profile,42
20902,0,5.427024916571099e-06,0,0.99,model::deberta_sentiment_profile,DeBERTa + Sentiment Profile,42
7768,1,4.7191961130010895e-06,0,0.99,model::deberta_sentiment_profile,DeBERTa + Sentiment Profile,42
2321,1,5.1485999392753e-06,0,0.99,model::deberta_sentiment_profile,DeBERTa + Sentiment Profile,42
11714,0,5.506629804585828e-06,0,0.99,model::deberta_sentiment_profile,DeBERTa + Sentiment Profile,42
3655,0,6.34864272797131e-06,0,0.99,model::deberta_sentiment_profile,DeBERTa + Sentiment Profile,42
19633,0,4.835500931221759e-06,0,0.99,model::deberta_sentiment_profile,DeBERTa + Sentiment Profile,42
2593,0,6.8618774093920365e-06,0,0.99,model::deberta_sentiment_profile,DeBERTa + Sentiment Profile,42
5964,0,4.436139079189161e-06,0,0.99,model::deberta_sentiment_profile,DeBERTa + Sentiment Profile,42
11822,0,1.0227839084109291e-05,0,0.99,model::deberta_sentiment_profile,DeBERTa + Sentiment Profile,42
12791,1,3.528901652316563e-05,0,0.99,model::deberta_sentiment_profile,DeBERTa + Sentiment Profile,42
3841,0,6.213718734215945e-06,0,0.99,model::deberta_sentiment_profile,DeBERTa + Sentiment Profile,42
15763,0,6.158053565741284e-06,0,0.99,model::deberta_sentiment_profile,DeBERTa + Sentiment Profile,42
9129,1,5.152450285095256e-06,0,0.99,model::deberta_sentiment_profile,DeBERTa + Sentiment Profile,42
13046,1,1.179060109279817e-05,0,0.99,model::deberta_sentiment_profile,DeBERTa + Sentiment Profile,42
1847,0,6.562385806319071e-06,0,0.99,model::deberta_sentiment_profile,DeBERTa + Sentiment Profile,42
8591,1,4.216644356347388e-06,0,0.99,model::deberta_sentiment_profile,DeBERTa + Sentiment Profile,42
3209,0,5.684331881639082e-06,0,0.99,model::deberta_sentiment_profile,DeBERTa + Sentiment Profile,42
11566,0,4.522201379586477e-06,0,0.99,model::deberta_sentiment_profile,DeBERTa + Sentiment Profile,42
18276,1,4.500148406805238e-06,0,0.99,model::deberta_sentiment_profile,DeBERTa + Sentiment Profile,42
21121,0,4.705799256043974e-06,0,0.99,model::deberta_sentiment_profile,DeBERTa + Sentiment Profile,42
19671,0,5.7415495575696696e-06,0,0.99,model::deberta_sentiment_profile,DeBERTa + Sentiment Profile,42
729,1,4.797953351953765e-06,0,0.99,model::deberta_sentiment_profile,DeBERTa + Sentiment Profile,42
17129,0,4.146902938373387e-06,0,0.99,model::deberta_sentiment_profile,DeBERTa + Sentiment Profile,42
12185,1,6.072570158721646e-06,0,0.99,model::deberta_sentiment_profile,DeBERTa + Sentiment Profile,42
1996,0,4.0890995478548575e-06,0,0.99,model::deberta_sentiment_profile,DeBERTa + Sentiment Profile,42
18477,0,4.57603118775296e-06,0,0.99,model::deberta_sentiment_profile,DeBERTa + Sentiment Profile,42
13495,0,9.651666005083824e-06,0,0.99,model::deberta_sentiment_profile,DeBERTa + Sentiment Profile,42
3467,1,4.557278316497104e-06,0,0.99,model::deberta_sentiment_profile,DeBERTa + Sentiment Profile,42
3100,1,5.168562893231865e-06,0,0.99,model::deberta_sentiment_profile,DeBERTa + Sentiment Profile,42
19006,0,5.4482602536154445e-06,0,0.99,model::deberta_sentiment_profile,DeBERTa + Sentiment Profile,42
2734,0,4.500835075305076e-06,0,0.99,model::deberta_sentiment_profile,DeBERTa + Sentiment Profile,42
7923,1,4.538554549071705e-06,0,0.99,model::deberta_sentiment_profile,DeBERTa + Sentiment Profile,42
14593,1,4.265428742655786e-06,0,0.99,model::deberta_sentiment_profile,DeBERTa + Sentiment Profile,42
315,1,4.702344995166641e-06,0,0.99,model::deberta_sentiment_profile,DeBERTa + Sentiment Profile,42
18937,0,4.286790044716327e-06,0,0.99,model::deberta_sentiment_profile,DeBERTa + Sentiment Profile,42
7718,1,7.8312050391105e-06,0,0.99,model::deberta_sentiment_profile,DeBERTa + Sentiment Profile,42
9619,1,5.973488896415802e-06,0,0.99,model::deberta_sentiment_profile,DeBERTa + Sentiment Profile,42
6986,1,5.435612365545239e-06,0,0.99,model::deberta_sentiment_profile,DeBERTa + Sentiment Profile,42
17354,1,6.601668246730696e-06,0,0.99,model::deberta_sentiment_profile,DeBERTa + Sentiment Profile,42
16941,0,5.073657575849211e-06,0,0.99,model::deberta_sentiment_profile,DeBERTa + Sentiment Profile,42
13328,1,4.635733148461441e-06,0,0.99,model::deberta_sentiment_profile,DeBERTa + Sentiment Profile,42
10753,1,7.942952834127937e-06,0,0.99,model::deberta_sentiment_profile,DeBERTa + Sentiment Profile,42
730,1,5.087587851448916e-06,0,0.99,model::deberta_sentiment_profile,DeBERTa + Sentiment Profile,42
15496,1,5.236374818196055e-06,0,0.99,model::deberta_sentiment_profile,DeBERTa + Sentiment Profile,42
9203,1,4.352075393398991e-06,0,0.99,model::deberta_sentiment_profile,DeBERTa + Sentiment Profile,42
9971,1,1.0121183549927082e-05,0,0.99,model::deberta_sentiment_profile,DeBERTa + Sentiment Profile,42
14137,1,1.7000573279801756e-05,0,0.99,model::deberta_sentiment_profile,DeBERTa + Sentiment Profile,42
20659,1,5.720098215533653e-06,0,0.99,model::deberta_sentiment_profile,DeBERTa + Sentiment Profile,42
1737,1,1.153806624643039e-05,0,0.99,model::deberta_sentiment_profile,DeBERTa + Sentiment Profile,42
18365,1,5.405779575085035e-06,0,0.99,model::deberta_sentiment_profile,DeBERTa + Sentiment Profile,42
16948,1,4.374829131847946e-06,0,0.99,model::deberta_sentiment_profile,DeBERTa + Sentiment Profile,42
4209,1,5.036792117607547e-06,0,0.99,model::deberta_sentiment_profile,DeBERTa + Sentiment Profile,42
11255,0,4.504468051891308e-06,0,0.99,model::deberta_sentiment_profile,DeBERTa + Sentiment Profile,42
4818,0,4.263724804332014e-06,0,0.99,model::deberta_sentiment_profile,DeBERTa + Sentiment Profile,42
16989,0,4.872473255090881e-06,0,0.99,model::deberta_sentiment_profile,DeBERTa + Sentiment Profile,42
13822,1,8.031662218854763e-06,0,0.99,model::deberta_sentiment_profile,DeBERTa + Sentiment Profile,42
18218,0,5.45424427400576e-06,0,0.99,model::deberta_sentiment_profile,DeBERTa + Sentiment Profile,42
11069,0,5.534015599550912e-06,0,0.99,model::deberta_sentiment_profile,DeBERTa + Sentiment Profile,42
16576,1,5.493998287420254e-06,0,0.99,model::deberta_sentiment_profile,DeBERTa + Sentiment Profile,42
14690,1,4.813756277144421e-06,0,0.99,model::deberta_sentiment_profile,DeBERTa + Sentiment Profile,42
7545,0,4.700219506048597e-06,0,0.99,model::deberta_sentiment_profile,DeBERTa + Sentiment Profile,42
11793,0,6.398031928256387e-06,0,0.99,model::deberta_sentiment_profile,DeBERTa + Sentiment Profile,42
11185,1,4.903242825093912e-06,0,0.99,model::deberta_sentiment_profile,DeBERTa + Sentiment Profile,42
14124,0,4.317404545872705e-06,0,0.99,model::deberta_sentiment_profile,DeBERTa + Sentiment Profile,42
20861,0,4.769376573676709e-06,0,0.99,model::deberta_sentiment_profile,DeBERTa + Sentiment Profile,42
11618,0,4.905684818368172e-06,0,0.99,model::deberta_sentiment_profile,DeBERTa + Sentiment Profile,42
744,1,8.453773261862807e-06,0,0.99,model::deberta_sentiment_profile,DeBERTa + Sentiment Profile,42
261,0,5.346572379494319e-06,0,0.99,model::deberta_sentiment_profile,DeBERTa + Sentiment Profile,42
11958,0,7.629463652847335e-06,0,0.99,model::deberta_sentiment_profile,DeBERTa + Sentiment Profile,42
12663,1,8.205692211049609e-06,0,0.99,model::deberta_sentiment_profile,DeBERTa + Sentiment Profile,42
5696,1,5.270453129924135e-06,0,0.99,model::deberta_sentiment_profile,DeBERTa + Sentiment Profile,42
7908,1,5.392551884142449e-06,0,0.99,model::deberta_sentiment_profile,DeBERTa + Sentiment Profile,42
16295,0,5.084580607217504e-06,0,0.99,model::deberta_sentiment_profile,DeBERTa + Sentiment Profile,42
254,1,0.0002286566013935,0,0.99,model::deberta_sentiment_profile,DeBERTa + Sentiment Profile,42
5340,1,6.3553729887644295e-06,0,0.99,model::deberta_sentiment_profile,DeBERTa + Sentiment Profile,42
8001,0,6.488870894827414e-06,0,0.99,model::deberta_sentiment_profile,DeBERTa + Sentiment Profile,42
7354,1,6.334224963211455e-06,0,0.99,model::deberta_sentiment_profile,DeBERTa + Sentiment Profile,42
7138,1,8.14408758742502e-06,0,0.99,model::deberta_sentiment_profile,DeBERTa + Sentiment Profile,42
8105,1,6.868143373139901e-06,0,0.99,model::deberta_sentiment_profile,DeBERTa + Sentiment Profile,42
6579,0,4.594755864673061e-06,0,0.99,model::deberta_sentiment_profile,DeBERTa + Sentiment Profile,42
7934,1,5.195773610466858e-06,0,0.99,model::deberta_sentiment_profile,DeBERTa + Sentiment Profile,42
8606,1,6.546702479681699e-06,0,0.99,model::deberta_sentiment_profile,DeBERTa + Sentiment Profile,42
7600,0,4.388413799460977e-06,0,0.99,model::deberta_sentiment_profile,DeBERTa + Sentiment Profile,42
16101,1,4.373636329546571e-06,0,0.99,model::deberta_sentiment_profile,DeBERTa + Sentiment Profile,42
1203,0,4.0693334995012265e-06,0,0.99,model::deberta_sentiment_profile,DeBERTa + Sentiment Profile,42
5057,0,4.584465841617202e-06,0,0.99,model::deberta_sentiment_profile,DeBERTa + Sentiment Profile,42
12089,0,5.161022272659466e-06,0,0.99,model::deberta_sentiment_profile,DeBERTa + Sentiment Profile,42
4527,1,5.358563157642493e-06,0,0.99,model::deberta_sentiment_profile,DeBERTa + Sentiment Profile,42
9382,1,4.147357685724273e-06,0,0.99,model::deberta_sentiment_profile,DeBERTa + Sentiment Profile,42
13521,1,9.772469638846816e-06,0,0.99,model::deberta_sentiment_profile,DeBERTa + Sentiment Profile,42
3108,1,9.809175026020966e-06,0,0.99,model::deberta_sentiment_profile,DeBERTa + Sentiment Profile,42
8712,0,9.10324088181369e-05,0,0.99,model::deberta_sentiment_profile,DeBERTa + Sentiment Profile,42
19949,1,1.5464731404790655e-05,0,0.99,model::deberta_sentiment_profile,DeBERTa + Sentiment Profile,42
577,1,5.0950511649716645e-06,0,0.99,model::deberta_sentiment_profile,DeBERTa + Sentiment Profile,42
2039,0,5.333931767381728e-06,0,0.99,model::deberta_sentiment_profile,DeBERTa + Sentiment Profile,42
17193,0,6.079639661038527e-06,0,0.99,model::deberta_sentiment_profile,DeBERTa + Sentiment Profile,42
14350,1,6.792032309022034e-06,0,0.99,model::deberta_sentiment_profile,DeBERTa + Sentiment Profile,42
19730,1,6.0493107412185054e-06,0,0.99,model::deberta_sentiment_profile,DeBERTa + Sentiment Profile,42
20960,1,4.548707238427596e-06,0,0.99,model::deberta_sentiment_profile,DeBERTa + Sentiment Profile,42
2547,1,1.7871092495624907e-05,0,0.99,model::deberta_sentiment_profile,DeBERTa + Sentiment Profile,42
13601,0,4.340738996688742e-06,0,0.99,model::deberta_sentiment_profile,DeBERTa + Sentiment Profile,42
5423,0,5.63035928280442e-06,0,0.99,model::deberta_sentiment_profile,DeBERTa + Sentiment Profile,42
13210,0,5.7396991905989125e-06,0,0.99,model::deberta_sentiment_profile,DeBERTa + Sentiment Profile,42
18396,1,8.938724022300448e-06,0,0.99,model::deberta_sentiment_profile,DeBERTa + Sentiment Profile,42
6019,0,9.109575330512598e-06,0,0.99,model::deberta_sentiment_profile,DeBERTa + Sentiment Profile,42
2872,0,4.229572368785739e-06,0,0.99,model::deberta_sentiment_profile,DeBERTa + Sentiment Profile,42
6204,0,4.5661008698516525e-06,0,0.99,model::deberta_sentiment_profile,DeBERTa + Sentiment Profile,42
9717,1,5.150573542778147e-06,0,0.99,model::deberta_sentiment_profile,DeBERTa + Sentiment Profile,42
3733,0,4.476759386307094e-06,0,0.99,model::deberta_sentiment_profile,DeBERTa + Sentiment Profile,42
3150,1,7.578873919555917e-06,0,0.99,model::deberta_sentiment_profile,DeBERTa + Sentiment Profile,42
12007,0,8.257691661128774e-06,0,0.99,model::deberta_sentiment_profile,DeBERTa + Sentiment Profile,42
20412,0,4.280372195353266e-06,0,0.99,model::deberta_sentiment_profile,DeBERTa + Sentiment Profile,42
10966,1,5.28273130839807e-06,0,0.99,model::deberta_sentiment_profile,DeBERTa + Sentiment Profile,42
15297,1,5.494218385138083e-06,0,0.99,model::deberta_sentiment_profile,DeBERTa + Sentiment Profile,42
8581,0,9.275937372876795e-06,0,0.99,model::deberta_sentiment_profile,DeBERTa + Sentiment Profile,42
9247,1,1.509566845925292e-05,0,0.99,model::deberta_sentiment_profile,DeBERTa + Sentiment Profile,42
20802,1,1.390280704072211e-05,0,0.99,model::deberta_sentiment_profile,DeBERTa + Sentiment Profile,42
11856,0,5.435793809738243e-06,0,0.99,model::deberta_sentiment_profile,DeBERTa + Sentiment Profile,42
16750,0,3.810483121924335e-06,0,0.99,model::deberta_sentiment_profile,DeBERTa + Sentiment Profile,42
14447,1,5.456652615976054e-06,0,0.99,model::deberta_sentiment_profile,DeBERTa + Sentiment Profile,42
599,1,6.863906492071692e-06,0,0.99,model::deberta_sentiment_profile,DeBERTa + Sentiment Profile,42
19339,1,0.0001510680158389,0,0.99,model::deberta_sentiment_profile,DeBERTa + Sentiment Profile,42
20904,0,4.853588507103268e-06,0,0.99,model::deberta_sentiment_profile,DeBERTa + Sentiment Profile,42
18860,1,4.93399556944496e-06,0,0.99,model::deberta_sentiment_profile,DeBERTa + Sentiment Profile,42
7349,0,4.749500476464164e-06,0,0.99,model::deberta_sentiment_profile,DeBERTa + Sentiment Profile,42
12739,0,4.992374670109712e-06,0,0.99,model::deberta_sentiment_profile,DeBERTa + Sentiment Profile,42
1732,0,4.931785042572301e-06,0,0.99,model::deberta_sentiment_profile,DeBERTa + Sentiment Profile,42
9070,1,4.539554538496304e-06,0,0.99,model::deberta_sentiment_profile,DeBERTa + Sentiment Profile,42
20274,0,4.907031780021498e-06,0,0.99,model::deberta_sentiment_profile,DeBERTa + Sentiment Profile,42
16439,1,6.58518774798722e-06,0,0.99,model::deberta_sentiment_profile,DeBERTa + Sentiment Profile,42
9723,0,1.1744287803594489e-05,0,0.99,model::deberta_sentiment_profile,DeBERTa + Sentiment Profile,42
15367,0,1.0773012945719527e-05,0,0.99,model::deberta_sentiment_profile,DeBERTa + Sentiment Profile,42
21113,0,8.279898793261964e-06,0,0.99,model::deberta_sentiment_profile,DeBERTa + Sentiment Profile,42
12151,1,4.002333298558369e-06,0,0.99,model::deberta_sentiment_profile,DeBERTa + Sentiment Profile,42
4476,1,4.887416707788361e-06,0,0.99,model::deberta_sentiment_profile,DeBERTa + Sentiment Profile,42
8093,1,5.295876690070145e-06,0,0.99,model::deberta_sentiment_profile,DeBERTa + Sentiment Profile,42
6237,0,4.522619747149292e-06,0,0.99,model::deberta_sentiment_profile,DeBERTa + Sentiment Profile,42
19531,1,5.004654212825699e-06,0,0.99,model::deberta_sentiment_profile,DeBERTa + Sentiment Profile,42
5192,0,3.936610482924152e-06,0,0.99,model::deberta_sentiment_profile,DeBERTa + Sentiment Profile,42
16725,1,4.885627276962623e-06,0,0.99,model::deberta_sentiment_profile,DeBERTa + Sentiment Profile,42
7744,1,4.581734174280427e-06,0,0.99,model::deberta_sentiment_profile,DeBERTa + Sentiment Profile,42
9746,0,4.569018983602291e-06,0,0.99,model::deberta_sentiment_profile,DeBERTa + Sentiment Profile,42
2397,1,8.592151061748154e-06,0,0.99,model::deberta_sentiment_profile,DeBERTa + Sentiment Profile,42
3746,0,4.047357833769638e-06,0,0.99,model::deberta_sentiment_profile,DeBERTa + Sentiment Profile,42
5190,0,7.228897629829589e-06,0,0.99,model::deberta_sentiment_profile,DeBERTa + Sentiment Profile,42
19360,0,4.048597838846035e-05,0,0.99,model::deberta_sentiment_profile,DeBERTa + Sentiment Profile,42
5879,1,4.74762100566295e-06,0,0.99,model::deberta_sentiment_profile,DeBERTa + Sentiment Profile,42
11527,1,6.103201485530008e-06,0,0.99,model::deberta_sentiment_profile,DeBERTa + Sentiment Profile,42
2187,0,4.571634235617239e-06,0,0.99,model::deberta_sentiment_profile,DeBERTa + Sentiment Profile,42
12869,0,4.224557415000163e-06,0,0.99,model::deberta_sentiment_profile,DeBERTa + Sentiment Profile,42
5091,1,4.233853815094335e-06,0,0.99,model::deberta_sentiment_profile,DeBERTa + Sentiment Profile,42
14152,1,4.804959189641522e-06,0,0.99,model::deberta_sentiment_profile,DeBERTa + Sentiment Profile,42
20776,0,4.381338385428535e-06,0,0.99,model::deberta_sentiment_profile,DeBERTa + Sentiment Profile,42
20518,1,4.428935881151119e-06,0,0.99,model::deberta_sentiment_profile,DeBERTa + Sentiment Profile,42
8641,1,5.197280188440345e-06,0,0.99,model::deberta_sentiment_profile,DeBERTa + Sentiment Profile,42
11128,1,5.808757578051882e-06,0,0.99,model::deberta_sentiment_profile,DeBERTa + Sentiment Profile,42
12306,0,4.920115770801203e-06,0,0.99,model::deberta_sentiment_profile,DeBERTa + Sentiment Profile,42
8675,1,7.926033504190855e-06,0,0.99,model::deberta_sentiment_profile,DeBERTa + Sentiment Profile,42
16643,1,5.510674782271963e-06,0,0.99,model::deberta_sentiment_profile,DeBERTa + Sentiment Profile,42
16124,0,6.284614300966496e-06,0,0.99,model::deberta_sentiment_profile,DeBERTa + Sentiment Profile,42
5838,0,5.282534857542487e-06,0,0.99,model::deberta_sentiment_profile,DeBERTa + Sentiment Profile,42
8821,1,5.930892712058267e-06,0,0.99,model::deberta_sentiment_profile,DeBERTa + Sentiment Profile,42
13942,1,5.6014596339082345e-06,0,0.99,model::deberta_sentiment_profile,DeBERTa + Sentiment Profile,42
7149,1,5.782807056675665e-05,0,0.99,model::deberta_sentiment_profile,DeBERTa + Sentiment Profile,42
6690,1,7.598378488182789e-06,0,0.99,model::deberta_sentiment_profile,DeBERTa + Sentiment Profile,42
18207,0,1.747230635373853e-05,0,0.99,model::deberta_sentiment_profile,DeBERTa + Sentiment Profile,42
20961,0,4.694754352385644e-06,0,0.99,model::deberta_sentiment_profile,DeBERTa + Sentiment Profile,42
7895,1,7.556213859061245e-06,0,0.99,model::deberta_sentiment_profile,DeBERTa + Sentiment Profile,42
18853,1,1.3707971447729506e-05,0,0.99,model::deberta_sentiment_profile,DeBERTa + Sentiment Profile,42
17705,0,5.215109922573902e-06,0,0.99,model::deberta_sentiment_profile,DeBERTa + Sentiment Profile,42
19169,0,4.641652139980579e-06,0,0.99,model::deberta_sentiment_profile,DeBERTa + Sentiment Profile,42
17658,1,5.58796045879717e-06,0,0.99,model::deberta_sentiment_profile,DeBERTa + Sentiment Profile,42
13277,0,5.67035203857813e-06,0,0.99,model::deberta_sentiment_profile,DeBERTa + Sentiment Profile,42
20062,1,1.0317054147890303e-05,0,0.99,model::deberta_sentiment_profile,DeBERTa + Sentiment Profile,42
16652,1,5.38806898475741e-06,0,0.99,model::deberta_sentiment_profile,DeBERTa + Sentiment Profile,42
11093,0,4.866533799940953e-06,0,0.99,model::deberta_sentiment_profile,DeBERTa + Sentiment Profile,42
12262,0,8.616563718533143e-06,0,0.99,model::deberta_sentiment_profile,DeBERTa + Sentiment Profile,42
3119,1,5.224099822953576e-06,0,0.99,model::deberta_sentiment_profile,DeBERTa + Sentiment Profile,42
17297,0,6.135087915026816e-06,0,0.99,model::deberta_sentiment_profile,DeBERTa + Sentiment Profile,42
10638,1,4.590652224578662e-06,0,0.99,model::deberta_sentiment_profile,DeBERTa + Sentiment Profile,42
2783,1,5.075491571915336e-06,0,0.99,model::deberta_sentiment_profile,DeBERTa + Sentiment Profile,42
14032,0,5.69779194847797e-06,0,0.99,model::deberta_sentiment_profile,DeBERTa + Sentiment Profile,42
14851,0,5.4498345889442135e-06,0,0.99,model::deberta_sentiment_profile,DeBERTa + Sentiment Profile,42
12174,0,4.656451437767828e-06,0,0.99,model::deberta_sentiment_profile,DeBERTa + Sentiment Profile,42
2004,1,4.619413175532827e-06,0,0.99,model::deberta_sentiment_profile,DeBERTa + Sentiment Profile,42
18219,1,5.586473434959771e-06,0,0.99,model::deberta_sentiment_profile,DeBERTa + Sentiment Profile,42
8168,0,5.262728336674627e-06,0,0.99,model::deberta_sentiment_profile,DeBERTa + Sentiment Profile,42
20316,0,4.8351780606026296e-06,0,0.99,model::deberta_sentiment_profile,DeBERTa + Sentiment Profile,42
4844,0,4.581913344736677e-06,0,0.99,model::deberta_sentiment_profile,DeBERTa + Sentiment Profile,42
11474,1,5.189900093682809e-06,0,0.99,model::deberta_sentiment_profile,DeBERTa + Sentiment Profile,42
10047,0,7.457733318005921e-06,0,0.99,model::deberta_sentiment_profile,DeBERTa + Sentiment Profile,42
5861,1,8.150816029228736e-06,0,0.99,model::deberta_sentiment_profile,DeBERTa + Sentiment Profile,42
9226,1,4.572087618726073e-06,0,0.99,model::deberta_sentiment_profile,DeBERTa + Sentiment Profile,42
20898,0,5.863395927008241e-06,0,0.99,model::deberta_sentiment_profile,DeBERTa + Sentiment Profile,42
569,0,2.1568170268437825e-05,0,0.99,model::deberta_sentiment_profile,DeBERTa + Sentiment Profile,42
4565,0,4.5279025471245404e-06,0,0.99,model::deberta_sentiment_profile,DeBERTa + Sentiment Profile,42
7145,1,4.849165179621195e-06,0,0.99,model::deberta_sentiment_profile,DeBERTa + Sentiment Profile,42
11649,1,5.284979124553502e-06,0,0.99,model::deberta_sentiment_profile,DeBERTa + Sentiment Profile,42
13929,1,5.950421837042086e-06,0,0.99,model::deberta_sentiment_profile,DeBERTa + Sentiment Profile,42
3753,1,6.082336312829284e-06,0,0.99,model::deberta_sentiment_profile,DeBERTa + Sentiment Profile,42
15158,1,4.630837338481797e-06,0,0.99,model::deberta_sentiment_profile,DeBERTa + Sentiment Profile,42
16218,1,5.08621496919659e-06,0,0.99,model::deberta_sentiment_profile,DeBERTa + Sentiment Profile,42
20386,1,6.6563325162860565e-06,0,0.99,model::deberta_sentiment_profile,DeBERTa + Sentiment Profile,42
17498,0,9.473910722590516e-06,0,0.99,model::deberta_sentiment_profile,DeBERTa + Sentiment Profile,42
2167,0,1.544940096209757e-05,0,0.99,model::deberta_sentiment_profile,DeBERTa + Sentiment Profile,42
2243,0,6.152165951789357e-06,0,0.99,model::deberta_sentiment_profile,DeBERTa + Sentiment Profile,42
10786,0,5.742940629716031e-06,0,0.99,model::deberta_sentiment_profile,DeBERTa + Sentiment Profile,42
3657,0,4.896744576399215e-05,0,0.99,model::deberta_sentiment_profile,DeBERTa + Sentiment Profile,42
3062,1,5.513692030945094e-06,0,0.99,model::deberta_sentiment_profile,DeBERTa + Sentiment Profile,42
4628,0,3.900034698745003e-06,0,0.99,model::deberta_sentiment_profile,DeBERTa + Sentiment Profile,42
9579,1,5.856901680090232e-06,0,0.99,model::deberta_sentiment_profile,DeBERTa + Sentiment Profile,42
2333,1,4.5400397539197e-06,0,0.99,model::deberta_sentiment_profile,DeBERTa + Sentiment Profile,42
20319,0,5.389276793721365e-06,0,0.99,model::deberta_sentiment_profile,DeBERTa + Sentiment Profile,42
16926,1,5.688442342943745e-06,0,0.99,model::deberta_sentiment_profile,DeBERTa + Sentiment Profile,42
6800,1,4.632652689906536e-06,0,0.99,model::deberta_sentiment_profile,DeBERTa + Sentiment Profile,42
5003,0,4.71125031253905e-06,0,0.99,model::deberta_sentiment_profile,DeBERTa + Sentiment Profile,42
12074,1,6.077923444536282e-06,0,0.99,model::deberta_sentiment_profile,DeBERTa + Sentiment Profile,42
6804,0,5.597112703981111e-06,0,0.99,model::deberta_sentiment_profile,DeBERTa + Sentiment Profile,42
10891,1,4.434603397385217e-06,0,0.99,model::deberta_sentiment_profile,DeBERTa + Sentiment Profile,42
12606,1,5.326184691512026e-06,0,0.99,model::deberta_sentiment_profile,DeBERTa + Sentiment Profile,42
4490,0,4.876206276094308e-06,0,0.99,model::deberta_sentiment_profile,DeBERTa + Sentiment Profile,42
9963,1,6.31298462394625e-05,0,0.99,model::deberta_sentiment_profile,DeBERTa + Sentiment Profile,42
3158,0,4.696988526120549e-06,0,0.99,model::deberta_sentiment_profile,DeBERTa + Sentiment Profile,42
16831,1,5.609435447695432e-06,0,0.99,model::deberta_sentiment_profile,DeBERTa + Sentiment Profile,42
2875,1,5.223078460403485e-06,0,0.99,model::deberta_sentiment_profile,DeBERTa + Sentiment Profile,42
7424,1,5.2695886552101e-06,0,0.99,model::deberta_sentiment_profile,DeBERTa + Sentiment Profile,42
3520,0,4.963122592016589e-06,0,0.99,model::deberta_sentiment_profile,DeBERTa + Sentiment Profile,42
13077,0,4.437103598320391e-06,0,0.99,model::deberta_sentiment_profile,DeBERTa + Sentiment Profile,42
10020,1,5.255982159724226e-06,0,0.99,model::deberta_sentiment_profile,DeBERTa + Sentiment Profile,42
18236,1,4.722126504930202e-06,0,0.99,model::deberta_sentiment_profile,DeBERTa + Sentiment Profile,42
12740,1,4.831701971852453e-06,0,0.99,model::deberta_sentiment_profile,DeBERTa + Sentiment Profile,42
626,1,5.186634552956093e-06,0,0.99,model::deberta_sentiment_profile,DeBERTa + Sentiment Profile,42
5714,1,5.073053216619883e-06,0,0.99,model::deberta_sentiment_profile,DeBERTa + Sentiment Profile,42
13642,1,5.217960278969258e-06,0,0.99,model::deberta_sentiment_profile,DeBERTa + Sentiment Profile,42
18508,1,5.9334724937798455e-06,0,0.99,model::deberta_sentiment_profile,DeBERTa + Sentiment Profile,42
3639,1,4.4583462113223504e-06,0,0.99,model::deberta_sentiment_profile,DeBERTa + Sentiment Profile,42
15024,0,5.037176379119046e-06,0,0.99,model::deberta_sentiment_profile,DeBERTa + Sentiment Profile,42
15804,1,1.7526912415632978e-05,0,0.99,model::deberta_sentiment_profile,DeBERTa + Sentiment Profile,42
614,1,4.762890512211016e-06,0,0.99,model::deberta_sentiment_profile,DeBERTa + Sentiment Profile,42
21007,0,5.182921995583456e-06,0,0.99,model::deberta_sentiment_profile,DeBERTa + Sentiment Profile,42
48,0,5.176520062377676e-06,0,0.99,model::deberta_sentiment_profile,DeBERTa + Sentiment Profile,42
4659,0,5.408719061961165e-06,0,0.99,model::deberta_sentiment_profile,DeBERTa + Sentiment Profile,42
2451,0,4.266205905878451e-06,0,0.99,model::deberta_sentiment_profile,DeBERTa + Sentiment Profile,42
20014,1,5.543523457163246e-06,0,0.99,model::deberta_sentiment_profile,DeBERTa + Sentiment Profile,42
16523,1,5.4197066674532834e-06,0,0.99,model::deberta_sentiment_profile,DeBERTa + Sentiment Profile,42
7588,0,4.500723662204109e-06,0,0.99,model::deberta_sentiment_profile,DeBERTa + Sentiment Profile,42
10690,0,4.2735805436677765e-06,0,0.99,model::deberta_sentiment_profile,DeBERTa + Sentiment Profile,42
11707,1,5.169302767171757e-06,0,0.99,model::deberta_sentiment_profile,DeBERTa + Sentiment Profile,42
7072,0,4.564285973174265e-06,0,0.99,model::deberta_sentiment_profile,DeBERTa + Sentiment Profile,42
2583,1,6.801391918997979e-06,0,0.99,model::deberta_sentiment_profile,DeBERTa + Sentiment Profile,42
14906,1,7.382519925158704e-06,0,0.99,model::deberta_sentiment_profile,DeBERTa + Sentiment Profile,42
7454,1,4.489654656936182e-06,0,0.99,model::deberta_sentiment_profile,DeBERTa + Sentiment Profile,42
8783,1,4.987206466466887e-06,0,0.99,model::deberta_sentiment_profile,DeBERTa + Sentiment Profile,42
6422,0,2.265154034830629e-05,0,0.99,model::deberta_sentiment_profile,DeBERTa + Sentiment Profile,42
7361,1,4.797322162630735e-06,0,0.99,model::deberta_sentiment_profile,DeBERTa + Sentiment Profile,42
10470,0,6.816138466092525e-06,0,0.99,model::deberta_sentiment_profile,DeBERTa + Sentiment Profile,42
13196,1,4.581428129313281e-06,0,0.99,model::deberta_sentiment_profile,DeBERTa + Sentiment Profile,42
8823,0,4.531556896836264e-06,0,0.99,model::deberta_sentiment_profile,DeBERTa + Sentiment Profile,42
13026,0,4.588888259604573e-06,0,0.99,model::deberta_sentiment_profile,DeBERTa + Sentiment Profile,42
6243,1,1.4948827811167575e-05,0,0.99,model::deberta_sentiment_profile,DeBERTa + Sentiment Profile,42
11626,0,5.08425546286162e-06,0,0.99,model::deberta_sentiment_profile,DeBERTa + Sentiment Profile,42
4722,0,5.691253591066925e-06,0,0.99,model::deberta_sentiment_profile,DeBERTa + Sentiment Profile,42
9105,0,4.366522261989303e-06,0,0.99,model::deberta_sentiment_profile,DeBERTa + Sentiment Profile,42
7276,1,4.534405888989568e-06,0,0.99,model::deberta_sentiment_profile,DeBERTa + Sentiment Profile,42
13624,0,5.673435680364491e-06,0,0.99,model::deberta_sentiment_profile,DeBERTa + Sentiment Profile,42
1294,0,4.6494315029121935e-06,0,0.99,model::deberta_sentiment_profile,DeBERTa + Sentiment Profile,42
2762,1,4.919440016237786e-06,0,0.99,model::deberta_sentiment_profile,DeBERTa + Sentiment Profile,42
11880,1,4.588625870383112e-06,0,0.99,model::deberta_sentiment_profile,DeBERTa + Sentiment Profile,42
9542,1,4.472594810067676e-06,0,0.99,model::deberta_sentiment_profile,DeBERTa + Sentiment Profile,42
354,1,7.75373337091878e-06,0,0.99,model::deberta_sentiment_profile,DeBERTa + Sentiment Profile,42
11301,0,5.020027401769767e-06,0,0.99,model::deberta_sentiment_profile,DeBERTa + Sentiment Profile,42
20095,0,4.964561412634794e-06,0,0.99,model::deberta_sentiment_profile,DeBERTa + Sentiment Profile,42
17999,1,8.905284630600363e-06,0,0.99,model::deberta_sentiment_profile,DeBERTa + Sentiment Profile,42
2645,1,5.872047495358856e-06,0,0.99,model::deberta_sentiment_profile,DeBERTa + Sentiment Profile,42
2234,1,5.3373973969428334e-06,0,0.99,model::deberta_sentiment_profile,DeBERTa + Sentiment Profile,42
11688,1,4.1863368096528575e-06,0,0.99,model::deberta_sentiment_profile,DeBERTa + Sentiment Profile,42
10725,0,2.393135946476832e-05,0,0.99,model::deberta_sentiment_profile,DeBERTa + Sentiment Profile,42
6916,0,4.2146421037614346e-06,0,0.99,model::deberta_sentiment_profile,DeBERTa + Sentiment Profile,42
9011,1,8.41147357277805e-06,0,0.99,model::deberta_sentiment_profile,DeBERTa + Sentiment Profile,42
18464,0,4.2370002120151184e-06,0,0.99,model::deberta_sentiment_profile,DeBERTa + Sentiment Profile,42
19953,0,6.01380907028215e-06,0,0.99,model::deberta_sentiment_profile,DeBERTa + Sentiment Profile,42
8233,0,4.766657639265759e-06,0,0.99,model::deberta_sentiment_profile,DeBERTa + Sentiment Profile,42
3981,0,1.4356591236719396e-05,0,0.99,model::deberta_sentiment_profile,DeBERTa + Sentiment Profile,42
9752,1,1.1878089935635217e-05,0,0.99,model::deberta_sentiment_profile,DeBERTa + Sentiment Profile,42
4575,0,5.272564521874301e-06,0,0.99,model::deberta_sentiment_profile,DeBERTa + Sentiment Profile,42
14558,0,5.756138307333458e-06,0,0.99,model::deberta_sentiment_profile,DeBERTa + Sentiment Profile,42
11928,0,5.430716555565596e-06,0,0.99,model::deberta_sentiment_profile,DeBERTa + Sentiment Profile,42
4444,0,5.072283329354832e-06,0,0.99,model::deberta_sentiment_profile,DeBERTa + Sentiment Profile,42
18467,1,8.272701052192133e-06,0,0.99,model::deberta_sentiment_profile,DeBERTa + Sentiment Profile,42
7606,0,4.228370926284697e-06,0,0.99,model::deberta_sentiment_profile,DeBERTa + Sentiment Profile,42
18410,1,3.5632318031275645e-05,0,0.99,model::deberta_sentiment_profile,DeBERTa + Sentiment Profile,42
17983,1,6.010609922668664e-06,0,0.99,model::deberta_sentiment_profile,DeBERTa + Sentiment Profile,42
15930,1,5.816640168632148e-06,0,0.99,model::deberta_sentiment_profile,DeBERTa + Sentiment Profile,42
7429,0,6.974630196054932e-06,0,0.99,model::deberta_sentiment_profile,DeBERTa + Sentiment Profile,42
7104,0,7.285310857696459e-06,0,0.99,model::deberta_sentiment_profile,DeBERTa + Sentiment Profile,42
18949,1,6.39913650957169e-06,0,0.99,model::deberta_sentiment_profile,DeBERTa + Sentiment Profile,42
10732,1,4.391130914882524e-06,0,0.99,model::deberta_sentiment_profile,DeBERTa + Sentiment Profile,42
10381,1,4.071071998623665e-06,0,0.99,model::deberta_sentiment_profile,DeBERTa + Sentiment Profile,42
17604,0,8.618913852842525e-06,0,0.99,model::deberta_sentiment_profile,DeBERTa + Sentiment Profile,42
16909,1,9.390668310516048e-06,0,0.99,model::deberta_sentiment_profile,DeBERTa + Sentiment Profile,42
18975,1,4.259291017660871e-06,0,0.99,model::deberta_sentiment_profile,DeBERTa + Sentiment Profile,42
7951,1,6.623999070143327e-06,0,0.99,model::deberta_sentiment_profile,DeBERTa + Sentiment Profile,42
10647,0,1.2668653653236106e-05,0,0.99,model::deberta_sentiment_profile,DeBERTa + Sentiment Profile,42
11217,0,2.998954187205527e-05,0,0.99,model::deberta_sentiment_profile,DeBERTa + Sentiment Profile,42
4794,0,5.211117695580469e-06,0,0.99,model::deberta_sentiment_profile,DeBERTa + Sentiment Profile,42
17644,1,5.125705683894921e-06,0,0.99,model::deberta_sentiment_profile,DeBERTa + Sentiment Profile,42
10081,1,5.238622634351486e-06,0,0.99,model::deberta_sentiment_profile,DeBERTa + Sentiment Profile,42
16527,0,8.034696293179877e-06,0,0.99,model::deberta_sentiment_profile,DeBERTa + Sentiment Profile,42
18750,1,4.364207597973291e-06,0,0.99,model::deberta_sentiment_profile,DeBERTa + Sentiment Profile,42
15382,1,8.32148998597404e-06,0,0.99,model::deberta_sentiment_profile,DeBERTa + Sentiment Profile,42
4640,1,4.077086941833841e-06,0,0.99,model::deberta_sentiment_profile,DeBERTa + Sentiment Profile,42
4407,0,4.731895387521945e-06,0,0.99,model::deberta_sentiment_profile,DeBERTa + Sentiment Profile,42
19782,0,4.490249921218492e-06,0,0.99,model::deberta_sentiment_profile,DeBERTa + Sentiment Profile,42
14288,1,4.491200797929196e-06,0,0.99,model::deberta_sentiment_profile,DeBERTa + Sentiment Profile,42
1967,0,1.2306656572036443e-05,0,0.99,model::deberta_sentiment_profile,DeBERTa + Sentiment Profile,42
9658,0,4.6378204388020094e-06,0,0.99,model::deberta_sentiment_profile,DeBERTa + Sentiment Profile,42
4808,0,5.6647913879714906e-05,0,0.99,model::deberta_sentiment_profile,DeBERTa + Sentiment Profile,42
5494,0,1.2303922630962916e-05,0,0.99,model::deberta_sentiment_profile,DeBERTa + Sentiment Profile,42
20622,0,4.849835931963753e-06,0,0.99,model::deberta_sentiment_profile,DeBERTa + Sentiment Profile,42
7209,0,5.076401976111811e-06,0,0.99,model::deberta_sentiment_profile,DeBERTa + Sentiment Profile,42
10074,1,5.021171546104597e-06,0,0.99,model::deberta_sentiment_profile,DeBERTa + Sentiment Profile,42
8835,0,6.170063443278195e-06,0,0.99,model::deberta_sentiment_profile,DeBERTa + Sentiment Profile,42
8186,0,3.6921344417351065e-06,0,0.99,model::deberta_sentiment_profile,DeBERTa + Sentiment Profile,42
6294,1,4.9670334192342125e-06,0,0.99,model::deberta_sentiment_profile,DeBERTa + Sentiment Profile,42
5954,1,5.332858563633636e-06,0,0.99,model::deberta_sentiment_profile,DeBERTa + Sentiment Profile,42
20302,0,5.497562597156502e-06,0,0.99,model::deberta_sentiment_profile,DeBERTa + Sentiment Profile,42
10236,1,8.097837053355761e-06,0,0.99,model::deberta_sentiment_profile,DeBERTa + Sentiment Profile,42
11945,0,4.718786840385292e-06,0,0.99,model::deberta_sentiment_profile,DeBERTa + Sentiment Profile,42
12336,0,7.970710612426046e-06,0,0.99,model::deberta_sentiment_profile,DeBERTa + Sentiment Profile,42
9515,1,4.658548277802765e-06,0,0.99,model::deberta_sentiment_profile,DeBERTa + Sentiment Profile,42
8018,0,5.273967872199137e-06,0,0.99,model::deberta_sentiment_profile,DeBERTa + Sentiment Profile,42
12779,0,4.204172455501976e-06,0,0.99,model::deberta_sentiment_profile,DeBERTa + Sentiment Profile,42
17947,0,5.161612989468267e-06,0,0.99,model::deberta_sentiment_profile,DeBERTa + Sentiment Profile,42
18792,1,5.337213679013075e-06,0,0.99,model::deberta_sentiment_profile,DeBERTa + Sentiment Profile,42
18321,1,4.552430709736655e-06,0,0.99,model::deberta_sentiment_profile,DeBERTa + Sentiment Profile,42
10611,1,4.924424956698204e-06,0,0.99,model::deberta_sentiment_profile,DeBERTa + Sentiment Profile,42
16529,0,5.3307685448089615e-06,0,0.99,model::deberta_sentiment_profile,DeBERTa + Sentiment Profile,42
20670,0,3.860996457660804e-06,0,0.99,model::deberta_sentiment_profile,DeBERTa + Sentiment Profile,42
2198,1,4.592784080159618e-06,0,0.99,model::deberta_sentiment_profile,DeBERTa + Sentiment Profile,42
14419,1,5.331912689143792e-06,0,0.99,model::deberta_sentiment_profile,DeBERTa + Sentiment Profile,42
17089,0,5.150858669367153e-06,0,0.99,model::deberta_sentiment_profile,DeBERTa + Sentiment Profile,42
5803,1,0.0003818986879196,0,0.99,model::deberta_sentiment_profile,DeBERTa + Sentiment Profile,42
11159,1,4.810415703104809e-06,0,0.99,model::deberta_sentiment_profile,DeBERTa + Sentiment Profile,42
4982,1,4.5560313992609736e-06,0,0.99,model::deberta_sentiment_profile,DeBERTa + Sentiment Profile,42
18079,0,4.354321390565019e-06,0,0.99,model::deberta_sentiment_profile,DeBERTa + Sentiment Profile,42
3152,1,5.178485025680857e-06,0,0.99,model::deberta_sentiment_profile,DeBERTa + Sentiment Profile,42
2813,0,0.0002575345279183,0,0.99,model::deberta_sentiment_profile,DeBERTa + Sentiment Profile,42
2818,1,5.171142220206093e-06,0,0.99,model::deberta_sentiment_profile,DeBERTa + Sentiment Profile,42
9507,1,4.967133008904057e-06,0,0.99,model::deberta_sentiment_profile,DeBERTa + Sentiment Profile,42
5872,1,5.128145403432427e-06,0,0.99,model::deberta_sentiment_profile,DeBERTa + Sentiment Profile,42
4366,1,4.982034624845255e-06,0,0.99,model::deberta_sentiment_profile,DeBERTa + Sentiment Profile,42
2432,1,1.607153899385594e-05,0,0.99,model::deberta_sentiment_profile,DeBERTa + Sentiment Profile,42
6574,1,5.017930561734829e-06,0,0.99,model::deberta_sentiment_profile,DeBERTa + Sentiment Profile,42
13861,0,3.67399952665437e-05,0,0.99,model::deberta_sentiment_profile,DeBERTa + Sentiment Profile,42
18835,0,4.949873527948512e-06,0,0.99,model::deberta_sentiment_profile,DeBERTa + Sentiment Profile,42
1627,1,4.819672540179454e-06,0,0.99,model::deberta_sentiment_profile,DeBERTa + Sentiment Profile,42
5263,1,1.4612823179049885e-05,0,0.99,model::deberta_sentiment_profile,DeBERTa + Sentiment Profile,42
14743,1,5.072452950116713e-06,0,0.99,model::deberta_sentiment_profile,DeBERTa + Sentiment Profile,42
7814,0,4.382859060569899e-06,0,0.99,model::deberta_sentiment_profile,DeBERTa + Sentiment Profile,42
14849,1,4.549618552118773e-06,0,0.99,model::deberta_sentiment_profile,DeBERTa + Sentiment Profile,42
8244,0,6.958804988244083e-06,0,0.99,model::deberta_sentiment_profile,DeBERTa + Sentiment Profile,42
12521,1,5.570784196606837e-06,0,0.99,model::deberta_sentiment_profile,DeBERTa + Sentiment Profile,42
19236,1,7.87155659054406e-06,0,0.99,model::deberta_sentiment_profile,DeBERTa + Sentiment Profile,42
559,0,4.650540176953655e-06,0,0.99,model::deberta_sentiment_profile,DeBERTa + Sentiment Profile,42
9711,1,4.309851192374481e-06,0,0.99,model::deberta_sentiment_profile,DeBERTa + Sentiment Profile,42
14318,0,1.8672890291782096e-05,0,0.99,model::deberta_sentiment_profile,DeBERTa + Sentiment Profile,42
9456,1,9.992343620979229e-06,0,0.99,model::deberta_sentiment_profile,DeBERTa + Sentiment Profile,42
221,0,4.60037244920386e-06,0,0.99,model::deberta_sentiment_profile,DeBERTa + Sentiment Profile,42
5404,0,4.678922323364532e-06,0,0.99,model::deberta_sentiment_profile,DeBERTa + Sentiment Profile,42
12978,0,4.552361133391969e-06,0,0.99,model::deberta_sentiment_profile,DeBERTa + Sentiment Profile,42
13785,0,5.772536951553775e-06,0,0.99,model::deberta_sentiment_profile,DeBERTa + Sentiment Profile,42
7045,0,6.807090539950877e-05,0,0.99,model::deberta_sentiment_profile,DeBERTa + Sentiment Profile,42
11761,1,5.05791331306682e-06,0,0.99,model::deberta_sentiment_profile,DeBERTa + Sentiment Profile,42
10347,0,5.672591669281246e-06,0,0.99,model::deberta_sentiment_profile,DeBERTa + Sentiment Profile,42
16541,1,5.163607056601904e-06,0,0.99,model::deberta_sentiment_profile,DeBERTa + Sentiment Profile,42
12217,1,5.695505024050362e-06,0,0.99,model::deberta_sentiment_profile,DeBERTa + Sentiment Profile,42
3789,0,4.726776296593016e-06,0,0.99,model::deberta_sentiment_profile,DeBERTa + Sentiment Profile,42
8363,1,5.835648153151851e-06,0,0.99,model::deberta_sentiment_profile,DeBERTa + Sentiment Profile,42
17717,0,4.545654519461095e-06,0,0.99,model::deberta_sentiment_profile,DeBERTa + Sentiment Profile,42
14020,0,4.396556960273301e-06,0,0.99,model::deberta_sentiment_profile,DeBERTa + Sentiment Profile,42
7490,1,5.253531526250299e-06,0,0.99,model::deberta_sentiment_profile,DeBERTa + Sentiment Profile,42
13316,1,4.85504642711021e-06,0,0.99,model::deberta_sentiment_profile,DeBERTa + Sentiment Profile,42
227,0,4.195529527351027e-06,0,0.99,model::deberta_sentiment_profile,DeBERTa + Sentiment Profile,42
17201,1,8.397208148380741e-06,0,0.99,model::deberta_sentiment_profile,DeBERTa + Sentiment Profile,42
6356,0,4.3014174480049405e-06,0,0.99,model::deberta_sentiment_profile,DeBERTa + Sentiment Profile,42
1016,0,4.492438620218309e-06,0,0.99,model::deberta_sentiment_profile,DeBERTa + Sentiment Profile,42
10615,0,6.556961579917697e-06,0,0.99,model::deberta_sentiment_profile,DeBERTa + Sentiment Profile,42
6432,1,5.065850018581841e-06,0,0.99,model::deberta_sentiment_profile,DeBERTa + Sentiment Profile,42
556,1,8.455450370092876e-06,0,0.99,model::deberta_sentiment_profile,DeBERTa + Sentiment Profile,42
16230,0,7.991024176590145e-06,0,0.99,model::deberta_sentiment_profile,DeBERTa + Sentiment Profile,42
6959,0,9.463797141506802e-06,0,0.99,model::deberta_sentiment_profile,DeBERTa + Sentiment Profile,42
12216,1,6.822245268267579e-06,0,0.99,model::deberta_sentiment_profile,DeBERTa + Sentiment Profile,42
12314,1,5.131159014126752e-06,0,0.99,model::deberta_sentiment_profile,DeBERTa + Sentiment Profile,42
4822,0,5.1816664381476585e-06,0,0.99,model::deberta_sentiment_profile,DeBERTa + Sentiment Profile,42
3986,1,4.385251031635562e-06,0,0.99,model::deberta_sentiment_profile,DeBERTa + Sentiment Profile,42
10498,1,4.807205186807551e-06,0,0.99,model::deberta_sentiment_profile,DeBERTa + Sentiment Profile,42
11207,1,6.742499408574076e-06,0,0.99,model::deberta_sentiment_profile,DeBERTa + Sentiment Profile,42
8885,1,5.657670044456609e-06,0,0.99,model::deberta_sentiment_profile,DeBERTa + Sentiment Profile,42
11347,1,5.508625235961517e-06,0,0.99,model::deberta_sentiment_profile,DeBERTa + Sentiment Profile,42
16177,0,4.376719516585581e-06,0,0.99,model::deberta_sentiment_profile,DeBERTa + Sentiment Profile,42
6396,0,4.1690295802254695e-06,0,0.99,model::deberta_sentiment_profile,DeBERTa + Sentiment Profile,42
14011,1,7.506138899771031e-06,0,0.99,model::deberta_sentiment_profile,DeBERTa + Sentiment Profile,42
8713,0,4.460400305106305e-06,0,0.99,model::deberta_sentiment_profile,DeBERTa + Sentiment Profile,42
6917,0,4.3720556277548894e-06,0,0.99,model::deberta_sentiment_profile,DeBERTa + Sentiment Profile,42
20398,0,3.999196906079305e-06,0,0.99,model::deberta_sentiment_profile,DeBERTa + Sentiment Profile,42
19976,0,4.700762019638205e-06,0,0.99,model::deberta_sentiment_profile,DeBERTa + Sentiment Profile,42
19008,1,9.215486898028756e-06,0,0.99,model::deberta_sentiment_profile,DeBERTa + Sentiment Profile,42
16593,1,4.954968972015195e-06,0,0.99,model::deberta_sentiment_profile,DeBERTa + Sentiment Profile,42
11248,0,5.325626261765137e-06,0,0.99,model::deberta_sentiment_profile,DeBERTa + Sentiment Profile,42
20722,1,4.7227167669916525e-06,0,0.99,model::deberta_sentiment_profile,DeBERTa + Sentiment Profile,42
1924,1,5.122846687299898e-06,0,0.99,model::deberta_sentiment_profile,DeBERTa + Sentiment Profile,42
9501,0,5.071224677521968e-06,0,0.99,model::deberta_sentiment_profile,DeBERTa + Sentiment Profile,42
14798,1,4.651560175261693e-06,0,0.99,model::deberta_sentiment_profile,DeBERTa + Sentiment Profile,42
16378,0,7.165901934058638e-06,0,0.99,model::deberta_sentiment_profile,DeBERTa + Sentiment Profile,42
9953,0,4.794897904503159e-06,0,0.99,model::deberta_sentiment_profile,DeBERTa + Sentiment Profile,42
2778,0,4.686353349825367e-06,0,0.99,model::deberta_sentiment_profile,DeBERTa + Sentiment Profile,42
7289,1,5.039694315200904e-06,0,0.99,model::deberta_sentiment_profile,DeBERTa + Sentiment Profile,42
4511,1,4.968985649611568e-06,0,0.99,model::deberta_sentiment_profile,DeBERTa + Sentiment Profile,42
14006,0,5.351132585929008e-06,0,0.99,model::deberta_sentiment_profile,DeBERTa + Sentiment Profile,42
10111,0,7.61289174988633e-06,0,0.99,model::deberta_sentiment_profile,DeBERTa + Sentiment Profile,42
2281,0,9.64243008638732e-06,0,0.99,model::deberta_sentiment_profile,DeBERTa + Sentiment Profile,42
12607,1,7.00907639838988e-06,0,0.99,model::deberta_sentiment_profile,DeBERTa + Sentiment Profile,42
18157,0,1.033711578202201e-05,0,0.99,model::deberta_sentiment_profile,DeBERTa + Sentiment Profile,42
17548,1,4.628506303561153e-06,0,0.99,model::deberta_sentiment_profile,DeBERTa + Sentiment Profile,42
15779,1,5.549606157728704e-06,0,0.99,model::deberta_sentiment_profile,DeBERTa + Sentiment Profile,42
20594,0,4.892126526101492e-06,0,0.99,model::deberta_sentiment_profile,DeBERTa + Sentiment Profile,42
15437,0,9.812092321226372e-05,0,0.99,model::deberta_sentiment_profile,DeBERTa + Sentiment Profile,42
11322,1,6.668958121736068e-06,0,0.99,model::deberta_sentiment_profile,DeBERTa + Sentiment Profile,42
18605,1,6.567287982761627e-06,0,0.99,model::deberta_sentiment_profile,DeBERTa + Sentiment Profile,42
21053,1,5.767221409769263e-06,0,0.99,model::deberta_sentiment_profile,DeBERTa + Sentiment Profile,42
5662,1,4.528031695372192e-06,0,0.99,model::deberta_sentiment_profile,DeBERTa + Sentiment Profile,42
11892,0,1.244896702701226e-05,0,0.99,model::deberta_sentiment_profile,DeBERTa + Sentiment Profile,42
5775,1,4.496896508499049e-06,0,0.99,model::deberta_sentiment_profile,DeBERTa + Sentiment Profile,42
14139,1,4.602738044923171e-06,0,0.99,model::deberta_sentiment_profile,DeBERTa + Sentiment Profile,42
19692,1,1.1629924301814754e-05,0,0.99,model::deberta_sentiment_profile,DeBERTa + Sentiment Profile,42
4473,0,5.745531780121382e-06,0,0.99,model::deberta_sentiment_profile,DeBERTa + Sentiment Profile,42
20647,1,4.503707714320626e-06,0,0.99,model::deberta_sentiment_profile,DeBERTa + Sentiment Profile,42
19921,1,7.937878763186745e-06,0,0.99,model::deberta_sentiment_profile,DeBERTa + Sentiment Profile,42
16487,0,7.034388545434922e-06,0,0.99,model::deberta_sentiment_profile,DeBERTa + Sentiment Profile,42
670,1,4.553459802991711e-06,0,0.99,model::deberta_sentiment_profile,DeBERTa + Sentiment Profile,42
16860,0,7.298738637473434e-06,0,0.99,model::deberta_sentiment_profile,DeBERTa + Sentiment Profile,42
6128,1,3.885267233272316e-06,0,0.99,model::deberta_sentiment_profile,DeBERTa + Sentiment Profile,42
12790,0,5.314114332577447e-06,0,0.99,model::deberta_sentiment_profile,DeBERTa + Sentiment Profile,42
4849,0,4.715376690000994e-06,0,0.99,model::deberta_sentiment_profile,DeBERTa + Sentiment Profile,42
18421,0,5.644902103085769e-06,0,0.99,model::deberta_sentiment_profile,DeBERTa + Sentiment Profile,42
1477,0,5.1059901124972384e-06,0,0.99,model::deberta_sentiment_profile,DeBERTa + Sentiment Profile,42
1422,0,4.70295481136418e-06,0,0.99,model::deberta_sentiment_profile,DeBERTa + Sentiment Profile,42
11260,0,1.4975137673900464e-05,0,0.99,model::deberta_sentiment_profile,DeBERTa + Sentiment Profile,42
17332,0,1.1138495210616384e-05,0,0.99,model::deberta_sentiment_profile,DeBERTa + Sentiment Profile,42
3713,0,5.011923349229619e-06,0,0.99,model::deberta_sentiment_profile,DeBERTa + Sentiment Profile,42
4360,0,5.501422492670827e-06,0,0.99,model::deberta_sentiment_profile,DeBERTa + Sentiment Profile,42
14527,0,4.788732894667192e-06,0,0.99,model::deberta_sentiment_profile,DeBERTa + Sentiment Profile,42
8526,1,6.27303325018147e-06,0,0.99,model::deberta_sentiment_profile,DeBERTa + Sentiment Profile,42
3101,0,7.568063210783293e-06,0,0.99,model::deberta_sentiment_profile,DeBERTa + Sentiment Profile,42
8673,1,4.646895831683651e-06,0,0.99,model::deberta_sentiment_profile,DeBERTa + Sentiment Profile,42
20321,0,4.624552730092546e-06,0,0.99,model::deberta_sentiment_profile,DeBERTa + Sentiment Profile,42
2411,0,4.29896499554161e-06,0,0.99,model::deberta_sentiment_profile,DeBERTa + Sentiment Profile,42
15912,1,8.139941201079637e-06,0,0.99,model::deberta_sentiment_profile,DeBERTa + Sentiment Profile,42
16662,1,5.285502993501723e-06,0,0.99,model::deberta_sentiment_profile,DeBERTa + Sentiment Profile,42
12940,0,1.325185803580098e-05,0,0.99,model::deberta_sentiment_profile,DeBERTa + Sentiment Profile,42
8926,1,5.557221811613999e-06,0,0.99,model::deberta_sentiment_profile,DeBERTa + Sentiment Profile,42
20423,0,4.367804649518803e-06,0,0.99,model::deberta_sentiment_profile,DeBERTa + Sentiment Profile,42
6242,1,1.1603004168136977e-05,0,0.99,model::deberta_sentiment_profile,DeBERTa + Sentiment Profile,42
5924,0,4.816327418666333e-06,0,0.99,model::deberta_sentiment_profile,DeBERTa + Sentiment Profile,42
14214,0,4.916358648188179e-06,0,0.99,model::deberta_sentiment_profile,DeBERTa + Sentiment Profile,42
15557,1,4.562971298582852e-06,0,0.99,model::deberta_sentiment_profile,DeBERTa + Sentiment Profile,42
2667,0,6.7292735366208944e-06,0,0.99,model::deberta_sentiment_profile,DeBERTa + Sentiment Profile,42
14287,0,6.151508841867326e-06,0,0.99,model::deberta_sentiment_profile,DeBERTa + Sentiment Profile,42
7373,0,4.420293862494873e-06,0,0.99,model::deberta_sentiment_profile,DeBERTa + Sentiment Profile,42
8547,1,1.2175431947980542e-05,0,0.99,model::deberta_sentiment_profile,DeBERTa + Sentiment Profile,42
3638,1,4.615291345544392e-06,0,0.99,model::deberta_sentiment_profile,DeBERTa + Sentiment Profile,42
6776,0,4.416628144099377e-06,0,0.99,model::deberta_sentiment_profile,DeBERTa + Sentiment Profile,42
17287,1,4.414598606672371e-06,0,0.99,model::deberta_sentiment_profile,DeBERTa + Sentiment Profile,42
2915,0,4.929509032081114e-06,0,0.99,model::deberta_sentiment_profile,DeBERTa + Sentiment Profile,42
18262,1,5.625212452287087e-06,0,0.99,model::deberta_sentiment_profile,DeBERTa + Sentiment Profile,42
16617,1,4.2758838390000165e-06,0,0.99,model::deberta_sentiment_profile,DeBERTa + Sentiment Profile,42
11524,1,4.766920937981922e-06,0,0.99,model::deberta_sentiment_profile,DeBERTa + Sentiment Profile,42
11482,1,1.1566546163521709e-05,0,0.99,model::deberta_sentiment_profile,DeBERTa + Sentiment Profile,42
7515,1,1.1253789125476032e-05,0,0.99,model::deberta_sentiment_profile,DeBERTa + Sentiment Profile,42
16592,1,4.459068804862909e-06,0,0.99,model::deberta_sentiment_profile,DeBERTa + Sentiment Profile,42
1011,1,5.000913461117307e-06,0,0.99,model::deberta_sentiment_profile,DeBERTa + Sentiment Profile,42
18744,0,4.549497134576086e-06,0,0.99,model::deberta_sentiment_profile,DeBERTa + Sentiment Profile,42
9419,0,4.482317308429629e-06,0,0.99,model::deberta_sentiment_profile,DeBERTa + Sentiment Profile,42
19969,0,3.26076551573351e-05,0,0.99,model::deberta_sentiment_profile,DeBERTa + Sentiment Profile,42
11031,1,7.335856025747489e-06,0,0.99,model::deberta_sentiment_profile,DeBERTa + Sentiment Profile,42
1336,1,1.4953177014831454e-05,0,0.99,model::deberta_sentiment_profile,DeBERTa + Sentiment Profile,42
2976,1,6.922624379512854e-06,0,0.99,model::deberta_sentiment_profile,DeBERTa + Sentiment Profile,42
9188,1,6.2998792600410525e-06,0,0.99,model::deberta_sentiment_profile,DeBERTa + Sentiment Profile,42
4049,1,4.177913069725037e-06,0,0.99,model::deberta_sentiment_profile,DeBERTa + Sentiment Profile,42
19567,0,4.115906904189615e-06,0,0.99,model::deberta_sentiment_profile,DeBERTa + Sentiment Profile,42
14807,1,4.739663836517138e-06,0,0.99,model::deberta_sentiment_profile,DeBERTa + Sentiment Profile,42
1257,1,6.782898708479479e-06,0,0.99,model::deberta_sentiment_profile,DeBERTa + Sentiment Profile,42
20326,0,5.425446488516172e-06,0,0.99,model::deberta_sentiment_profile,DeBERTa + Sentiment Profile,42
11605,0,4.432003152032848e-06,0,0.99,model::deberta_sentiment_profile,DeBERTa + Sentiment Profile,42
3365,0,5.525535470951581e-06,0,0.99,model::deberta_sentiment_profile,DeBERTa + Sentiment Profile,42
11378,0,4.764821369462879e-06,0,0.99,model::deberta_sentiment_profile,DeBERTa + Sentiment Profile,42
11665,1,5.158665317139821e-06,0,0.99,model::deberta_sentiment_profile,DeBERTa + Sentiment Profile,42
5858,0,8.986778993858024e-06,0,0.99,model::deberta_sentiment_profile,DeBERTa + Sentiment Profile,42
10405,1,4.410112978803227e-06,0,0.99,model::deberta_sentiment_profile,DeBERTa + Sentiment Profile,42
8205,1,4.780150447913911e-06,0,0.99,model::deberta_sentiment_profile,DeBERTa + Sentiment Profile,42
14304,1,4.763944161823019e-06,0,0.99,model::deberta_sentiment_profile,DeBERTa + Sentiment Profile,42
1405,1,5.340609732229495e-06,0,0.99,model::deberta_sentiment_profile,DeBERTa + Sentiment Profile,42
4561,0,1.631510167499073e-05,0,0.99,model::deberta_sentiment_profile,DeBERTa + Sentiment Profile,42
15932,0,4.363379048299976e-06,0,0.99,model::deberta_sentiment_profile,DeBERTa + Sentiment Profile,42
18624,1,5.57683870283654e-06,0,0.99,model::deberta_sentiment_profile,DeBERTa + Sentiment Profile,42
265,1,5.1276465455885045e-06,0,0.99,model::deberta_sentiment_profile,DeBERTa + Sentiment Profile,42
19066,0,6.7011919782089535e-06,0,0.99,model::deberta_sentiment_profile,DeBERTa + Sentiment Profile,42
11126,0,1.079004960047314e-05,0,0.99,model::deberta_sentiment_profile,DeBERTa + Sentiment Profile,42
11701,1,4.633028311218368e-06,0,0.99,model::deberta_sentiment_profile,DeBERTa + Sentiment Profile,42
5097,1,4.675835498346714e-06,0,0.99,model::deberta_sentiment_profile,DeBERTa + Sentiment Profile,42
19427,1,7.5993566497345455e-06,0,0.99,model::deberta_sentiment_profile,DeBERTa + Sentiment Profile,42
7818,1,4.8137017074623145e-06,0,0.99,model::deberta_sentiment_profile,DeBERTa + Sentiment Profile,42
1595,1,7.446547897416167e-06,0,0.99,model::deberta_sentiment_profile,DeBERTa + Sentiment Profile,42
15046,0,4.69968199467985e-06,0,0.99,model::deberta_sentiment_profile,DeBERTa + Sentiment Profile,42
18178,1,4.9619866331340745e-06,0,0.99,model::deberta_sentiment_profile,DeBERTa + Sentiment Profile,42
8753,0,7.718776942056138e-06,0,0.99,model::deberta_sentiment_profile,DeBERTa + Sentiment Profile,42
12835,1,5.121733011037577e-06,0,0.99,model::deberta_sentiment_profile,DeBERTa + Sentiment Profile,42
15736,0,5.402300757850753e-06,0,0.99,model::deberta_sentiment_profile,DeBERTa + Sentiment Profile,42
18109,1,5.122240963828517e-06,0,0.99,model::deberta_sentiment_profile,DeBERTa + Sentiment Profile,42
13159,0,4.745701971842209e-06,0,0.99,model::deberta_sentiment_profile,DeBERTa + Sentiment Profile,42
7253,0,4.5624360609508585e-06,0,0.99,model::deberta_sentiment_profile,DeBERTa + Sentiment Profile,42
7729,0,2.310186027898453e-05,0,0.99,model::deberta_sentiment_profile,DeBERTa + Sentiment Profile,42
19005,0,4.364069809525972e-06,0,0.99,model::deberta_sentiment_profile,DeBERTa + Sentiment Profile,42
2460,0,6.088877398724435e-06,0,0.99,model::deberta_sentiment_profile,DeBERTa + Sentiment Profile,42
18090,0,5.401765065471409e-06,0,0.99,model::deberta_sentiment_profile,DeBERTa + Sentiment Profile,42
2077,0,4.40516942035174e-06,0,0.99,model::deberta_sentiment_profile,DeBERTa + Sentiment Profile,42
4663,1,4.925570920022437e-06,0,0.99,model::deberta_sentiment_profile,DeBERTa + Sentiment Profile,42
16139,0,4.998882559448248e-06,0,0.99,model::deberta_sentiment_profile,DeBERTa + Sentiment Profile,42
10338,0,5.217009857005905e-06,0,0.99,model::deberta_sentiment_profile,DeBERTa + Sentiment Profile,42
14067,1,5.798844540549908e-06,0,0.99,model::deberta_sentiment_profile,DeBERTa + Sentiment Profile,42
1836,0,4.762485787068727e-06,0,0.99,model::deberta_sentiment_profile,DeBERTa + Sentiment Profile,42
2134,0,5.008865628042258e-06,0,0.99,model::deberta_sentiment_profile,DeBERTa + Sentiment Profile,42
17561,0,4.729887677967781e-06,0,0.99,model::deberta_sentiment_profile,DeBERTa + Sentiment Profile,42
10345,0,2.1279422071529552e-05,0,0.99,model::deberta_sentiment_profile,DeBERTa + Sentiment Profile,42
3795,0,5.294215497997357e-06,0,0.99,model::deberta_sentiment_profile,DeBERTa + Sentiment Profile,42
12517,1,4.745873411593493e-06,0,0.99,model::deberta_sentiment_profile,DeBERTa + Sentiment Profile,42
16677,0,4.841425379709108e-06,0,0.99,model::deberta_sentiment_profile,DeBERTa + Sentiment Profile,42
15460,0,5.916826012253296e-06,0,0.99,model::deberta_sentiment_profile,DeBERTa + Sentiment Profile,42
13065,1,7.858745448174886e-06,0,0.99,model::deberta_sentiment_profile,DeBERTa + Sentiment Profile,42
1321,1,6.258464964048471e-06,0,0.99,model::deberta_sentiment_profile,DeBERTa + Sentiment Profile,42
20250,1,3.99026794184465e-06,0,0.99,model::deberta_sentiment_profile,DeBERTa + Sentiment Profile,42
11640,1,1.1524066394486e-05,0,0.99,model::deberta_sentiment_profile,DeBERTa + Sentiment Profile,42
6580,1,4.471460215427214e-06,0,0.99,model::deberta_sentiment_profile,DeBERTa + Sentiment Profile,42
6313,0,4.982656719221268e-06,0,0.99,model::deberta_sentiment_profile,DeBERTa + Sentiment Profile,42
11111,1,2.1756823116447777e-05,0,0.99,model::deberta_sentiment_profile,DeBERTa + Sentiment Profile,42
2475,0,5.0793946684279945e-06,0,0.99,model::deberta_sentiment_profile,DeBERTa + Sentiment Profile,42
10652,0,4.703914783021901e-06,0,0.99,model::deberta_sentiment_profile,DeBERTa + Sentiment Profile,42
13222,1,4.657099907490192e-06,0,0.99,model::deberta_sentiment_profile,DeBERTa + Sentiment Profile,42
5277,1,5.2342284106998704e-06,0,0.99,model::deberta_sentiment_profile,DeBERTa + Sentiment Profile,42
21013,1,5.325422989699291e-06,0,0.99,model::deberta_sentiment_profile,DeBERTa + Sentiment Profile,42
9,0,1.0924747584795114e-05,0,0.99,model::deberta_sentiment_profile,DeBERTa + Sentiment Profile,42
20707,0,4.49461958851316e-06,0,0.99,model::deberta_sentiment_profile,DeBERTa + Sentiment Profile,42
10325,1,4.525316398940049e-06,0,0.99,model::deberta_sentiment_profile,DeBERTa + Sentiment Profile,42
10768,0,4.73843874715385e-06,0,0.99,model::deberta_sentiment_profile,DeBERTa + Sentiment Profile,42
2987,0,6.071388725104043e-06,0,0.99,model::deberta_sentiment_profile,DeBERTa + Sentiment Profile,42
11122,1,6.552349532285007e-06,0,0.99,model::deberta_sentiment_profile,DeBERTa + Sentiment Profile,42
15045,0,4.556209660222521e-06,0,0.99,model::deberta_sentiment_profile,DeBERTa + Sentiment Profile,42
14538,0,6.512503205158282e-06,0,0.99,model::deberta_sentiment_profile,DeBERTa + Sentiment Profile,42
413,0,4.275109404261457e-06,0,0.99,model::deberta_sentiment_profile,DeBERTa + Sentiment Profile,42
1205,0,4.147804702370195e-06,0,0.99,model::deberta_sentiment_profile,DeBERTa + Sentiment Profile,42
16379,0,4.915889803669415e-06,0,0.99,model::deberta_sentiment_profile,DeBERTa + Sentiment Profile,42
12654,0,4.8594101826893166e-06,0,0.99,model::deberta_sentiment_profile,DeBERTa + Sentiment Profile,42
2629,0,6.913473498570966e-06,0,0.99,model::deberta_sentiment_profile,DeBERTa + Sentiment Profile,42
4403,1,4.527703822532203e-06,0,0.99,model::deberta_sentiment_profile,DeBERTa + Sentiment Profile,42
19138,1,7.629871106473729e-06,0,0.99,model::deberta_sentiment_profile,DeBERTa + Sentiment Profile,42
628,0,4.484023520490155e-06,0,0.99,model::deberta_sentiment_profile,DeBERTa + Sentiment Profile,42
20890,1,6.195919922902249e-06,0,0.99,model::deberta_sentiment_profile,DeBERTa + Sentiment Profile,42
20004,1,4.491183517529862e-06,0,0.99,model::deberta_sentiment_profile,DeBERTa + Sentiment Profile,42
9947,0,5.189692274143454e-06,0,0.99,model::deberta_sentiment_profile,DeBERTa + Sentiment Profile,42
16144,0,4.36476102549932e-06,0,0.99,model::deberta_sentiment_profile,DeBERTa + Sentiment Profile,42
17524,1,6.338321782095591e-06,0,0.99,model::deberta_sentiment_profile,DeBERTa + Sentiment Profile,42
10217,0,5.8113782870350406e-06,0,0.99,model::deberta_sentiment_profile,DeBERTa + Sentiment Profile,42
10363,0,2.198309448431246e-05,0,0.99,model::deberta_sentiment_profile,DeBERTa + Sentiment Profile,42
16001,1,5.724130915041314e-06,0,0.99,model::deberta_sentiment_profile,DeBERTa + Sentiment Profile,42
3976,0,5.461463388201082e-06,0,0.99,model::deberta_sentiment_profile,DeBERTa + Sentiment Profile,42
1978,0,5.588194653682876e-06,0,0.99,model::deberta_sentiment_profile,DeBERTa + Sentiment Profile,42
3445,0,4.693089067586698e-06,0,0.99,model::deberta_sentiment_profile,DeBERTa + Sentiment Profile,42
20953,0,4.593616722559091e-06,0,0.99,model::deberta_sentiment_profile,DeBERTa + Sentiment Profile,42
17904,0,6.059478437236976e-06,0,0.99,model::deberta_sentiment_profile,DeBERTa + Sentiment Profile,42
6409,0,4.640563474822557e-06,0,0.99,model::deberta_sentiment_profile,DeBERTa + Sentiment Profile,42
6020,0,9.36264405027032e-06,0,0.99,model::deberta_sentiment_profile,DeBERTa + Sentiment Profile,42
19041,1,6.113407835073304e-06,0,0.99,model::deberta_sentiment_profile,DeBERTa + Sentiment Profile,42
2889,1,4.767721293319482e-06,0,0.99,model::deberta_sentiment_profile,DeBERTa + Sentiment Profile,42
6607,0,4.3354184526833706e-06,0,0.99,model::deberta_sentiment_profile,DeBERTa + Sentiment Profile,42
19231,1,6.842215952929109e-06,0,0.99,model::deberta_sentiment_profile,DeBERTa + Sentiment Profile,42
14736,0,5.007213076169137e-06,0,0.99,model::deberta_sentiment_profile,DeBERTa + Sentiment Profile,42
18719,1,5.1180513764848e-06,0,0.99,model::deberta_sentiment_profile,DeBERTa + Sentiment Profile,42
19248,1,4.221392373437993e-06,0,0.99,model::deberta_sentiment_profile,DeBERTa + Sentiment Profile,42
10087,1,6.606108399864752e-06,0,0.99,model::deberta_sentiment_profile,DeBERTa + Sentiment Profile,42
7423,1,4.69758924737107e-06,0,0.99,model::deberta_sentiment_profile,DeBERTa + Sentiment Profile,42
5009,1,4.373327556095319e-06,0,0.99,model::deberta_sentiment_profile,DeBERTa + Sentiment Profile,42
18142,0,4.591067863657372e-06,0,0.99,model::deberta_sentiment_profile,DeBERTa + Sentiment Profile,42
12644,0,5.403759132605046e-06,0,0.99,model::deberta_sentiment_profile,DeBERTa + Sentiment Profile,42
18889,1,5.977785349386977e-06,0,0.99,model::deberta_sentiment_profile,DeBERTa + Sentiment Profile,42
9810,1,5.649323156831088e-06,0,0.99,model::deberta_sentiment_profile,DeBERTa + Sentiment Profile,42
17310,0,5.214254088059533e-06,0,0.99,model::deberta_sentiment_profile,DeBERTa + Sentiment Profile,42
5329,1,5.096897439216264e-06,0,0.99,model::deberta_sentiment_profile,DeBERTa + Sentiment Profile,42
15990,0,4.625787823897554e-06,0,0.99,model::deberta_sentiment_profile,DeBERTa + Sentiment Profile,42
18161,0,6.047822353139054e-06,0,0.99,model::deberta_sentiment_profile,DeBERTa + Sentiment Profile,42
20800,0,7.525736236857483e-06,0,0.99,model::deberta_sentiment_profile,DeBERTa + Sentiment Profile,42
4388,0,6.534327440022025e-06,0,0.99,model::deberta_sentiment_profile,DeBERTa + Sentiment Profile,42
12997,0,4.8707452151575126e-06,0,0.99,model::deberta_sentiment_profile,DeBERTa + Sentiment Profile,42
15529,1,8.117460311041214e-06,0,0.99,model::deberta_sentiment_profile,DeBERTa + Sentiment Profile,42
4515,0,2.755970490397885e-05,0,0.99,model::deberta_sentiment_profile,DeBERTa + Sentiment Profile,42
8682,1,5.5008140407153405e-06,0,0.99,model::deberta_sentiment_profile,DeBERTa + Sentiment Profile,42
1964,1,5.140170742379269e-06,0,0.99,model::deberta_sentiment_profile,DeBERTa + Sentiment Profile,42
4004,1,4.280719167581992e-06,0,0.99,model::deberta_sentiment_profile,DeBERTa + Sentiment Profile,42
16870,0,4.408910172060132e-06,0,0.99,model::deberta_sentiment_profile,DeBERTa + Sentiment Profile,42
9469,1,4.705206720245769e-06,0,0.99,model::deberta_sentiment_profile,DeBERTa + Sentiment Profile,42
16215,1,5.4581414588028565e-06,0,0.99,model::deberta_sentiment_profile,DeBERTa + Sentiment Profile,42
2736,0,1.0180108802160248e-05,0,0.99,model::deberta_sentiment_profile,DeBERTa + Sentiment Profile,42
5536,0,5.565453193412395e-06,0,0.99,model::deberta_sentiment_profile,DeBERTa + Sentiment Profile,42
12685,0,3.95481538362219e-06,0,0.99,model::deberta_sentiment_profile,DeBERTa + Sentiment Profile,42
2266,0,4.864278707827907e-06,0,0.99,model::deberta_sentiment_profile,DeBERTa + Sentiment Profile,42
13911,1,1.0232064596493728e-05,0,0.99,model::deberta_sentiment_profile,DeBERTa + Sentiment Profile,42
6424,1,6.591262717847712e-06,0,0.99,model::deberta_sentiment_profile,DeBERTa + Sentiment Profile,42
9668,0,5.467414666782133e-06,0,0.99,model::deberta_sentiment_profile,DeBERTa + Sentiment Profile,42
5980,1,5.220598723099101e-06,0,0.99,model::deberta_sentiment_profile,DeBERTa + Sentiment Profile,42
13606,0,5.459359726955881e-06,0,0.99,model::deberta_sentiment_profile,DeBERTa + Sentiment Profile,42
9254,0,9.112016414292157e-06,0,0.99,model::deberta_sentiment_profile,DeBERTa + Sentiment Profile,42
14812,1,1.1025098501704632e-05,0,0.99,model::deberta_sentiment_profile,DeBERTa + Sentiment Profile,42
2368,0,5.123931259731762e-06,0,0.99,model::deberta_sentiment_profile,DeBERTa + Sentiment Profile,42
1894,1,5.400070222094655e-06,0,0.99,model::deberta_sentiment_profile,DeBERTa + Sentiment Profile,42
14639,1,5.996650997985853e-06,0,0.99,model::deberta_sentiment_profile,DeBERTa + Sentiment Profile,42
2984,0,8.445481398666743e-06,0,0.99,model::deberta_sentiment_profile,DeBERTa + Sentiment Profile,42
11783,0,1.1641663149930537e-05,0,0.99,model::deberta_sentiment_profile,DeBERTa + Sentiment Profile,42
12490,1,4.08151390729472e-06,0,0.99,model::deberta_sentiment_profile,DeBERTa + Sentiment Profile,42
14023,1,4.647516561817611e-06,0,0.99,model::deberta_sentiment_profile,DeBERTa + Sentiment Profile,42
2269,1,5.184523615753278e-06,0,0.99,model::deberta_sentiment_profile,DeBERTa + Sentiment Profile,42
8015,0,4.721518507722067e-06,0,0.99,model::deberta_sentiment_profile,DeBERTa + Sentiment Profile,42
18677,0,5.3685225793742575e-06,0,0.99,model::deberta_sentiment_profile,DeBERTa + Sentiment Profile,42
5578,1,6.52878952678293e-06,0,0.99,model::deberta_sentiment_profile,DeBERTa + Sentiment Profile,42
4643,1,9.54599272517953e-06,0,0.99,model::deberta_sentiment_profile,DeBERTa + Sentiment Profile,42
19156,1,6.2159356275515165e-06,0,0.99,model::deberta_sentiment_profile,DeBERTa + Sentiment Profile,42
3206,0,7.911398824944627e-06,0,0.99,model::deberta_sentiment_profile,DeBERTa + Sentiment Profile,42
15428,1,5.1256079132144805e-06,0,0.99,model::deberta_sentiment_profile,DeBERTa + Sentiment Profile,42
16131,0,5.012712335883407e-06,0,0.99,model::deberta_sentiment_profile,DeBERTa + Sentiment Profile,42
1989,0,5.173395948077086e-06,0,0.99,model::deberta_sentiment_profile,DeBERTa + Sentiment Profile,42
7293,1,4.400223133416148e-06,0,0.99,model::deberta_sentiment_profile,DeBERTa + Sentiment Profile,42
18244,1,1.3223882888269143e-05,0,0.99,model::deberta_sentiment_profile,DeBERTa + Sentiment Profile,42
14079,1,5.111222435516538e-06,0,0.99,model::deberta_sentiment_profile,DeBERTa + Sentiment Profile,42
7188,0,0.0001816295989556,0,0.99,model::deberta_sentiment_profile,DeBERTa + Sentiment Profile,42
20049,1,5.276528099784628e-06,0,0.99,model::deberta_sentiment_profile,DeBERTa + Sentiment Profile,42
16956,1,4.677847300627036e-06,0,0.99,model::deberta_sentiment_profile,DeBERTa + Sentiment Profile,42
9372,1,5.4917300076340325e-06,0,0.99,model::deberta_sentiment_profile,DeBERTa + Sentiment Profile,42
14968,1,4.138803433306748e-06,0,0.99,model::deberta_sentiment_profile,DeBERTa + Sentiment Profile,42
11974,0,4.868622909270925e-06,0,0.99,model::deberta_sentiment_profile,DeBERTa + Sentiment Profile,42
11821,1,4.915659701509867e-06,0,0.99,model::deberta_sentiment_profile,DeBERTa + Sentiment Profile,42
6134,1,5.070924544270383e-06,0,0.99,model::deberta_sentiment_profile,DeBERTa + Sentiment Profile,42
375,1,6.24385438641184e-06,0,0.99,model::deberta_sentiment_profile,DeBERTa + Sentiment Profile,42
18947,1,5.002153557143174e-06,0,0.99,model::deberta_sentiment_profile,DeBERTa + Sentiment Profile,42
19941,1,6.408174613170559e-06,0,0.99,model::deberta_sentiment_profile,DeBERTa + Sentiment Profile,42
7048,0,4.686720330937533e-06,0,0.99,model::deberta_sentiment_profile,DeBERTa + Sentiment Profile,42
4931,0,4.848513526667375e-06,0,0.99,model::deberta_sentiment_profile,DeBERTa + Sentiment Profile,42
19979,0,5.04378067489597e-06,0,0.99,model::deberta_sentiment_profile,DeBERTa + Sentiment Profile,42
16265,0,3.862628091155784e-06,0,0.99,model::deberta_sentiment_profile,DeBERTa + Sentiment Profile,42
4125,0,5.835046977153979e-06,0,0.99,model::deberta_sentiment_profile,DeBERTa + Sentiment Profile,42
3608,1,5.476797923620325e-06,0,0.99,model::deberta_sentiment_profile,DeBERTa + Sentiment Profile,42
3270,0,5.475534180732211e-06,0,0.99,model::deberta_sentiment_profile,DeBERTa + Sentiment Profile,42
9878,0,4.31666330769076e-06,0,0.99,model::deberta_sentiment_profile,DeBERTa + Sentiment Profile,42
13799,0,4.634866854758002e-06,0,0.99,model::deberta_sentiment_profile,DeBERTa + Sentiment Profile,42
2917,1,7.297869160538539e-06,0,0.99,model::deberta_sentiment_profile,DeBERTa + Sentiment Profile,42
4199,0,4.412944235809846e-06,0,0.99,model::deberta_sentiment_profile,DeBERTa + Sentiment Profile,42
8159,1,3.930810180463595e-06,0,0.99,model::deberta_sentiment_profile,DeBERTa + Sentiment Profile,42
10995,1,5.066612629889278e-06,0,0.99,model::deberta_sentiment_profile,DeBERTa + Sentiment Profile,42
20100,1,5.312645043886732e-06,0,0.99,model::deberta_sentiment_profile,DeBERTa + Sentiment Profile,42
3459,1,5.201063686399721e-06,0,0.99,model::deberta_sentiment_profile,DeBERTa + Sentiment Profile,42
10628,1,9.354933354188688e-06,0,0.99,model::deberta_sentiment_profile,DeBERTa + Sentiment Profile,42
7777,0,4.524246378423413e-06,0,0.99,model::deberta_sentiment_profile,DeBERTa + Sentiment Profile,42
16485,0,5.014701400796184e-06,0,0.99,model::deberta_sentiment_profile,DeBERTa + Sentiment Profile,42
2338,1,4.780214112543035e-06,0,0.99,model::deberta_sentiment_profile,DeBERTa + Sentiment Profile,42
239,0,4.477724814933026e-06,0,0.99,model::deberta_sentiment_profile,DeBERTa + Sentiment Profile,42
9970,1,5.721636171074351e-06,0,0.99,model::deberta_sentiment_profile,DeBERTa + Sentiment Profile,42
13792,1,7.142009053495713e-06,0,0.99,model::deberta_sentiment_profile,DeBERTa + Sentiment Profile,42
20033,0,4.849419838137692e-06,0,0.99,model::deberta_sentiment_profile,DeBERTa + Sentiment Profile,42
19476,0,5.770483767264523e-06,0,0.99,model::deberta_sentiment_profile,DeBERTa + Sentiment Profile,42
8937,1,2.875465361285024e-05,0,0.99,model::deberta_sentiment_profile,DeBERTa + Sentiment Profile,42
7496,1,4.6000081965758e-06,0,0.99,model::deberta_sentiment_profile,DeBERTa + Sentiment Profile,42
16479,0,4.7286248445743695e-06,0,0.99,model::deberta_sentiment_profile,DeBERTa + Sentiment Profile,42
3878,1,6.655310698988615e-06,0,0.99,model::deberta_sentiment_profile,DeBERTa + Sentiment Profile,42
8152,0,3.800410922849551e-05,0,0.99,model::deberta_sentiment_profile,DeBERTa + Sentiment Profile,42
4784,1,4.792781055584783e-06,0,0.99,model::deberta_sentiment_profile,DeBERTa + Sentiment Profile,42
11310,1,5.387385499489028e-06,0,0.99,model::deberta_sentiment_profile,DeBERTa + Sentiment Profile,42
3739,0,4.011722467112122e-06,0,0.99,model::deberta_sentiment_profile,DeBERTa + Sentiment Profile,42
3404,0,7.45789702705224e-06,0,0.99,model::deberta_sentiment_profile,DeBERTa + Sentiment Profile,42
7311,1,5.640225936076604e-06,0,0.99,model::deberta_sentiment_profile,DeBERTa + Sentiment Profile,42
7672,1,4.687140517489752e-06,0,0.99,model::deberta_sentiment_profile,DeBERTa + Sentiment Profile,42
13190,0,5.014600901631638e-06,0,0.99,model::deberta_sentiment_profile,DeBERTa + Sentiment Profile,42
5887,0,4.402846570883412e-06,0,0.99,model::deberta_sentiment_profile,DeBERTa + Sentiment Profile,42
4656,0,4.604546575137647e-06,0,0.99,model::deberta_sentiment_profile,DeBERTa + Sentiment Profile,42
1535,1,5.372199211706175e-06,0,0.99,model::deberta_sentiment_profile,DeBERTa + Sentiment Profile,42
6036,0,4.27707072958583e-06,0,0.99,model::deberta_sentiment_profile,DeBERTa + Sentiment Profile,42
8774,1,4.71655948786065e-06,0,0.99,model::deberta_sentiment_profile,DeBERTa + Sentiment Profile,42
7379,0,4.584955604514107e-06,0,0.99,model::deberta_sentiment_profile,DeBERTa + Sentiment Profile,42
17063,1,4.466483005671762e-06,0,0.99,model::deberta_sentiment_profile,DeBERTa + Sentiment Profile,42
9635,0,5.39477377969888e-06,0,0.99,model::deberta_sentiment_profile,DeBERTa + Sentiment Profile,42
5991,1,5.004721060686279e-06,0,0.99,model::deberta_sentiment_profile,DeBERTa + Sentiment Profile,42
10222,1,5.619866442430066e-06,0,0.99,model::deberta_sentiment_profile,DeBERTa + Sentiment Profile,42
242,0,4.057165824633557e-06,0,0.99,model::deberta_sentiment_profile,DeBERTa + Sentiment Profile,42
1440,0,4.996690222469624e-06,0,0.99,model::deberta_sentiment_profile,DeBERTa + Sentiment Profile,42
17866,1,4.679886387748411e-06,0,0.99,model::deberta_sentiment_profile,DeBERTa + Sentiment Profile,42
6262,1,4.451522727322299e-06,0,0.99,model::deberta_sentiment_profile,DeBERTa + Sentiment Profile,42
525,0,5.202948614169145e-06,0,0.99,model::deberta_sentiment_profile,DeBERTa + Sentiment Profile,42
6760,1,8.671679097460583e-06,0,0.99,model::deberta_sentiment_profile,DeBERTa + Sentiment Profile,42
10757,0,9.12629984668456e-05,0,0.99,model::deberta_sentiment_profile,DeBERTa + Sentiment Profile,42
3745,1,6.312647656159243e-06,0,0.99,model::deberta_sentiment_profile,DeBERTa + Sentiment Profile,42
13302,1,5.784919721918413e-06,0,0.99,model::deberta_sentiment_profile,DeBERTa + Sentiment Profile,42
2359,1,5.360060640668962e-06,0,0.99,model::deberta_sentiment_profile,DeBERTa + Sentiment Profile,42
2230,0,4.398528290039394e-06,0,0.99,model::deberta_sentiment_profile,DeBERTa + Sentiment Profile,42
8897,1,4.911484666081378e-06,0,0.99,model::deberta_sentiment_profile,DeBERTa + Sentiment Profile,42
11327,0,0.8294259309768677,0,0.99,model::deberta_sentiment_profile,DeBERTa + Sentiment Profile,42
14905,0,4.5646993385162205e-06,0,0.99,model::deberta_sentiment_profile,DeBERTa + Sentiment Profile,42
3485,0,5.131433226779336e-06,0,0.99,model::deberta_sentiment_profile,DeBERTa + Sentiment Profile,42
1823,0,3.968654709751718e-05,0,0.99,model::deberta_sentiment_profile,DeBERTa + Sentiment Profile,42
151,0,5.108157438371563e-06,0,0.99,model::deberta_sentiment_profile,DeBERTa + Sentiment Profile,42
8191,0,5.262938884698087e-06,0,0.99,model::deberta_sentiment_profile,DeBERTa + Sentiment Profile,42
17469,0,4.918614195048576e-06,0,0.99,model::deberta_sentiment_profile,DeBERTa + Sentiment Profile,42
3680,1,5.0669218580878805e-06,0,0.99,model::deberta_sentiment_profile,DeBERTa + Sentiment Profile,42
6676,1,6.091594968893332e-06,0,0.99,model::deberta_sentiment_profile,DeBERTa + Sentiment Profile,42
8994,0,4.774300577992108e-06,0,0.99,model::deberta_sentiment_profile,DeBERTa + Sentiment Profile,42
12011,1,1.092795719159767e-05,0,0.99,model::deberta_sentiment_profile,DeBERTa + Sentiment Profile,42
12375,1,4.947688012180151e-06,0,0.99,model::deberta_sentiment_profile,DeBERTa + Sentiment Profile,42
18281,1,5.321889148035552e-06,0,0.99,model::deberta_sentiment_profile,DeBERTa + Sentiment Profile,42
2644,1,4.556956810120028e-06,0,0.99,model::deberta_sentiment_profile,DeBERTa + Sentiment Profile,42
13136,1,2.7201305783819407e-05,0,0.99,model::deberta_sentiment_profile,DeBERTa + Sentiment Profile,42
1455,1,4.9930599743674975e-06,0,0.99,model::deberta_sentiment_profile,DeBERTa + Sentiment Profile,42
12137,0,9.198742191074416e-06,0,0.99,model::deberta_sentiment_profile,DeBERTa + Sentiment Profile,42
17338,0,9.626643986848649e-06,0,0.99,model::deberta_sentiment_profile,DeBERTa + Sentiment Profile,42
16904,1,4.815505690203281e-06,0,0.99,model::deberta_sentiment_profile,DeBERTa + Sentiment Profile,42
2775,1,7.2367752181889955e-06,0,0.99,model::deberta_sentiment_profile,DeBERTa + Sentiment Profile,42
19643,0,6.05090326644131e-06,0,0.99,model::deberta_sentiment_profile,DeBERTa + Sentiment Profile,42
9795,1,4.894109679298708e-06,0,0.99,model::deberta_sentiment_profile,DeBERTa + Sentiment Profile,42
11340,0,4.4703856474370696e-06,0,0.99,model::deberta_sentiment_profile,DeBERTa + Sentiment Profile,42
5544,0,4.845887360716006e-06,0,0.99,model::deberta_sentiment_profile,DeBERTa + Sentiment Profile,42
11826,0,5.044223144068383e-06,0,0.99,model::deberta_sentiment_profile,DeBERTa + Sentiment Profile,42
10637,1,4.336224719736492e-06,0,0.99,model::deberta_sentiment_profile,DeBERTa + Sentiment Profile,42
13922,0,4.638226982933702e-06,0,0.99,model::deberta_sentiment_profile,DeBERTa + Sentiment Profile,42
20767,0,8.040529792197049e-06,0,0.99,model::deberta_sentiment_profile,DeBERTa + Sentiment Profile,42
6729,1,5.0885587370430585e-06,0,0.99,model::deberta_sentiment_profile,DeBERTa + Sentiment Profile,42
18053,1,1.15259135782253e-05,0,0.99,model::deberta_sentiment_profile,DeBERTa + Sentiment Profile,42
7363,1,4.519580215855967e-06,0,0.99,model::deberta_sentiment_profile,DeBERTa + Sentiment Profile,42
17615,0,5.935181889071828e-06,0,0.99,model::deberta_sentiment_profile,DeBERTa + Sentiment Profile,42
7070,0,7.085315701260697e-06,0,0.99,model::deberta_sentiment_profile,DeBERTa + Sentiment Profile,42
3221,1,4.616524165612645e-06,0,0.99,model::deberta_sentiment_profile,DeBERTa + Sentiment Profile,42
20612,1,4.670055659516947e-06,0,0.99,model::deberta_sentiment_profile,DeBERTa + Sentiment Profile,42
13292,0,4.175933554506628e-06,0,0.99,model::deberta_sentiment_profile,DeBERTa + Sentiment Profile,42
11406,1,5.2911918828613125e-06,0,0.99,model::deberta_sentiment_profile,DeBERTa + Sentiment Profile,42
8781,1,5.467696155392332e-06,0,0.99,model::deberta_sentiment_profile,DeBERTa + Sentiment Profile,42
2577,1,7.699236448388547e-06,0,0.99,model::deberta_sentiment_profile,DeBERTa + Sentiment Profile,42
18682,0,5.939009497524239e-06,0,0.99,model::deberta_sentiment_profile,DeBERTa + Sentiment Profile,42
17753,0,4.942368832416832e-06,0,0.99,model::deberta_sentiment_profile,DeBERTa + Sentiment Profile,42
15451,0,5.650104867527261e-06,0,0.99,model::deberta_sentiment_profile,DeBERTa + Sentiment Profile,42
15590,1,4.9686632337397896e-06,0,0.99,model::deberta_sentiment_profile,DeBERTa + Sentiment Profile,42
3707,1,5.259878435026621e-06,0,0.99,model::deberta_sentiment_profile,DeBERTa + Sentiment Profile,42
11516,0,5.256794338492909e-06,0,0.99,model::deberta_sentiment_profile,DeBERTa + Sentiment Profile,42
7453,1,5.82147367822472e-06,0,0.99,model::deberta_sentiment_profile,DeBERTa + Sentiment Profile,42
7190,1,9.83936115517281e-06,0,0.99,model::deberta_sentiment_profile,DeBERTa + Sentiment Profile,42
5207,1,0.0009340863907709,0,0.99,model::deberta_sentiment_profile,DeBERTa + Sentiment Profile,42
19706,0,7.843769708415493e-06,0,0.99,model::deberta_sentiment_profile,DeBERTa + Sentiment Profile,42
8327,0,4.594957317749504e-06,0,0.99,model::deberta_sentiment_profile,DeBERTa + Sentiment Profile,42
19780,0,5.171008524484932e-06,0,0.99,model::deberta_sentiment_profile,DeBERTa + Sentiment Profile,42
10129,0,4.706750587502029e-06,0,0.99,model::deberta_sentiment_profile,DeBERTa + Sentiment Profile,42
18764,0,6.730377663188847e-06,0,0.99,model::deberta_sentiment_profile,DeBERTa + Sentiment Profile,42
15732,1,4.152213477937039e-06,0,0.99,model::deberta_sentiment_profile,DeBERTa + Sentiment Profile,42
8398,1,5.323214281816036e-06,0,0.99,model::deberta_sentiment_profile,DeBERTa + Sentiment Profile,42
19062,1,4.537009772320744e-06,0,0.99,model::deberta_sentiment_profile,DeBERTa + Sentiment Profile,42
17138,0,5.1996503316331655e-06,0,0.99,model::deberta_sentiment_profile,DeBERTa + Sentiment Profile,42
17158,1,5.23856306244852e-06,0,0.99,model::deberta_sentiment_profile,DeBERTa + Sentiment Profile,42
17888,0,5.7495167311572e-06,0,0.99,model::deberta_sentiment_profile,DeBERTa + Sentiment Profile,42
3309,1,3.73686384591565e-06,0,0.99,model::deberta_sentiment_profile,DeBERTa + Sentiment Profile,42
19842,0,0.0002131818619091,0,0.99,model::deberta_sentiment_profile,DeBERTa + Sentiment Profile,42
17826,0,4.756422185892006e-06,0,0.99,model::deberta_sentiment_profile,DeBERTa + Sentiment Profile,42
6246,0,4.431467004906153e-06,0,0.99,model::deberta_sentiment_profile,DeBERTa + Sentiment Profile,42
5116,0,5.649075774272205e-06,0,0.99,model::deberta_sentiment_profile,DeBERTa + Sentiment Profile,42
16300,0,5.075694843981182e-06,0,0.99,model::deberta_sentiment_profile,DeBERTa + Sentiment Profile,42
10259,1,5.279282049741596e-06,0,0.99,model::deberta_sentiment_profile,DeBERTa + Sentiment Profile,42
2526,0,4.866412837145617e-06,0,0.99,model::deberta_sentiment_profile,DeBERTa + Sentiment Profile,42
20569,1,5.547388809645781e-06,0,0.99,model::deberta_sentiment_profile,DeBERTa + Sentiment Profile,42
2697,1,1.0718965313571973e-05,0,0.99,model::deberta_sentiment_profile,DeBERTa + Sentiment Profile,42
18743,0,4.440994416654576e-06,0,0.99,model::deberta_sentiment_profile,DeBERTa + Sentiment Profile,42
2507,1,7.837526027287822e-06,0,0.99,model::deberta_sentiment_profile,DeBERTa + Sentiment Profile,42
8194,0,4.206819539831486e-06,0,0.99,model::deberta_sentiment_profile,DeBERTa + Sentiment Profile,42
4381,1,1.9497414541547187e-05,0,0.99,model::deberta_sentiment_profile,DeBERTa + Sentiment Profile,42
7795,1,4.4586181502381805e-06,0,0.99,model::deberta_sentiment_profile,DeBERTa + Sentiment Profile,42
10061,0,4.909100880468031e-06,0,0.99,model::deberta_sentiment_profile,DeBERTa + Sentiment Profile,42
4693,0,4.696787527791457e-06,0,0.99,model::deberta_sentiment_profile,DeBERTa + Sentiment Profile,42
3826,0,0.0001577983202878,0,0.99,model::deberta_sentiment_profile,DeBERTa + Sentiment Profile,42
10152,0,1.4287424164649565e-05,0,0.99,model::deberta_sentiment_profile,DeBERTa + Sentiment Profile,42
16583,1,5.096455424791202e-06,0,0.99,model::deberta_sentiment_profile,DeBERTa + Sentiment Profile,42
18831,1,5.397135737439385e-06,0,0.99,model::deberta_sentiment_profile,DeBERTa + Sentiment Profile,42
10597,0,4.397660177346552e-06,0,0.99,model::deberta_sentiment_profile,DeBERTa + Sentiment Profile,42
20401,1,4.865290065936279e-06,0,0.99,model::deberta_sentiment_profile,DeBERTa + Sentiment Profile,42
13777,1,1.708818854240235e-05,0,0.99,model::deberta_sentiment_profile,DeBERTa + Sentiment Profile,42
13654,1,5.201385647524148e-06,0,0.99,model::deberta_sentiment_profile,DeBERTa + Sentiment Profile,42
8000,1,5.713266546081286e-06,0,0.99,model::deberta_sentiment_profile,DeBERTa + Sentiment Profile,42
18174,1,6.427890184568241e-06,0,0.99,model::deberta_sentiment_profile,DeBERTa + Sentiment Profile,42
19937,1,4.490232640819158e-06,0,0.99,model::deberta_sentiment_profile,DeBERTa + Sentiment Profile,42
10938,0,4.29786223321571e-06,0,0.99,model::deberta_sentiment_profile,DeBERTa + Sentiment Profile,42
2177,1,4.264558356226189e-06,0,0.99,model::deberta_sentiment_profile,DeBERTa + Sentiment Profile,42
3002,0,4.704291768575786e-06,0,0.99,model::deberta_sentiment_profile,DeBERTa + Sentiment Profile,42
15913,0,4.008009454992134e-06,0,0.99,model::deberta_sentiment_profile,DeBERTa + Sentiment Profile,42
12837,1,7.218206974357599e-06,0,0.99,model::deberta_sentiment_profile,DeBERTa + Sentiment Profile,42
18327,1,4.6727063818252645e-06,0,0.99,model::deberta_sentiment_profile,DeBERTa + Sentiment Profile,42
9442,0,9.485482223681174e-06,0,0.99,model::deberta_sentiment_profile,DeBERTa + Sentiment Profile,42
124,0,4.321037067711586e-06,0,0.99,model::deberta_sentiment_profile,DeBERTa + Sentiment Profile,42
20857,0,5.605103979178239e-06,0,0.99,model::deberta_sentiment_profile,DeBERTa + Sentiment Profile,42
10349,1,5.837173375766724e-06,0,0.99,model::deberta_sentiment_profile,DeBERTa + Sentiment Profile,42
610,0,1.1830823495984076e-05,0,0.99,model::deberta_sentiment_profile,DeBERTa + Sentiment Profile,42
4769,0,4.593713128997479e-06,0,0.99,model::deberta_sentiment_profile,DeBERTa + Sentiment Profile,42
13141,1,4.521192749962211e-06,0,0.99,model::deberta_sentiment_profile,DeBERTa + Sentiment Profile,42
10987,1,1.0101877705892548e-05,0,0.99,model::deberta_sentiment_profile,DeBERTa + Sentiment Profile,42
19307,0,7.967199962877203e-06,0,0.99,model::deberta_sentiment_profile,DeBERTa + Sentiment Profile,42
3091,0,4.03154353989521e-06,0,0.99,model::deberta_sentiment_profile,DeBERTa + Sentiment Profile,42
5725,0,6.05427385380608e-06,0,0.99,model::deberta_sentiment_profile,DeBERTa + Sentiment Profile,42
14337,1,4.855778115597786e-06,0,0.99,model::deberta_sentiment_profile,DeBERTa + Sentiment Profile,42
5596,0,1.3324724932317622e-05,0,0.99,model::deberta_sentiment_profile,DeBERTa + Sentiment Profile,42
3771,1,4.154669568379177e-06,0,0.99,model::deberta_sentiment_profile,DeBERTa + Sentiment Profile,42
9317,0,5.976657121209428e-06,0,0.99,model::deberta_sentiment_profile,DeBERTa + Sentiment Profile,42
15823,1,6.013838174112607e-06,0,0.99,model::deberta_sentiment_profile,DeBERTa + Sentiment Profile,42
3948,0,5.378494734031847e-06,0,0.99,model::deberta_sentiment_profile,DeBERTa + Sentiment Profile,42
6310,1,5.124146355228731e-06,0,0.99,model::deberta_sentiment_profile,DeBERTa + Sentiment Profile,42
6088,0,4.624685061571654e-06,0,0.99,model::deberta_sentiment_profile,DeBERTa + Sentiment Profile,42
6962,0,1.2426822650013492e-05,0,0.99,model::deberta_sentiment_profile,DeBERTa + Sentiment Profile,42
19675,1,1.796346259652637e-05,0,0.99,model::deberta_sentiment_profile,DeBERTa + Sentiment Profile,42
1569,1,4.9494342420075554e-06,0,0.99,model::deberta_sentiment_profile,DeBERTa + Sentiment Profile,42
12189,0,5.2978166422690265e-06,0,0.99,model::deberta_sentiment_profile,DeBERTa + Sentiment Profile,42
17551,1,4.551662186713656e-06,0,0.99,model::deberta_sentiment_profile,DeBERTa + Sentiment Profile,42
9669,1,5.153895472176373e-06,0,0.99,model::deberta_sentiment_profile,DeBERTa + Sentiment Profile,42
16953,1,4.884463123744354e-06,0,0.99,model::deberta_sentiment_profile,DeBERTa + Sentiment Profile,42
11277,1,6.7260530158819165e-06,0,0.99,model::deberta_sentiment_profile,DeBERTa + Sentiment Profile,42
3740,0,2.675693031051196e-05,0,0.99,model::deberta_sentiment_profile,DeBERTa + Sentiment Profile,42
4848,0,5.5663022067165e-06,0,0.99,model::deberta_sentiment_profile,DeBERTa + Sentiment Profile,42
9860,0,4.455306680029025e-06,0,0.99,model::deberta_sentiment_profile,DeBERTa + Sentiment Profile,42
4686,0,4.470969543035608e-06,0,0.99,model::deberta_sentiment_profile,DeBERTa + Sentiment Profile,42
10203,1,5.2859968491247855e-06,0,0.99,model::deberta_sentiment_profile,DeBERTa + Sentiment Profile,42
10607,0,6.536708497151267e-06,0,0.99,model::deberta_sentiment_profile,DeBERTa + Sentiment Profile,42
7476,1,4.167741735727759e-06,0,0.99,model::deberta_sentiment_profile,DeBERTa + Sentiment Profile,42
2478,1,7.435321549564833e-06,0,0.99,model::deberta_sentiment_profile,DeBERTa + Sentiment Profile,42
5047,0,4.916513262287481e-06,0,0.99,model::deberta_sentiment_profile,DeBERTa + Sentiment Profile,42
13934,0,4.625527253665496e-06,0,0.99,model::deberta_sentiment_profile,DeBERTa + Sentiment Profile,42
13460,0,3.646128243417479e-05,0,0.99,model::deberta_sentiment_profile,DeBERTa + Sentiment Profile,42
8026,1,4.157428065809654e-06,0,0.99,model::deberta_sentiment_profile,DeBERTa + Sentiment Profile,42
6166,0,4.771929070557235e-06,0,0.99,model::deberta_sentiment_profile,DeBERTa + Sentiment Profile,42
14031,0,5.562714704865357e-06,0,0.99,model::deberta_sentiment_profile,DeBERTa + Sentiment Profile,42
2565,1,4.216362867737189e-06,0,0.99,model::deberta_sentiment_profile,DeBERTa + Sentiment Profile,42
12486,1,8.909158168535214e-06,0,0.99,model::deberta_sentiment_profile,DeBERTa + Sentiment Profile,42
4621,0,5.443243480840465e-06,0,0.99,model::deberta_sentiment_profile,DeBERTa + Sentiment Profile,42
870,1,5.591884018940618e-06,0,0.99,model::deberta_sentiment_profile,DeBERTa + Sentiment Profile,42
1840,1,5.147686351847369e-06,0,0.99,model::deberta_sentiment_profile,DeBERTa + Sentiment Profile,42
2839,0,4.983935468771961e-06,0,0.99,model::deberta_sentiment_profile,DeBERTa + Sentiment Profile,42
7767,0,4.819130481337197e-06,0,0.99,model::deberta_sentiment_profile,DeBERTa + Sentiment Profile,42
14793,0,4.943905878462829e-06,0,0.99,model::deberta_sentiment_profile,DeBERTa + Sentiment Profile,42
5370,1,9.295323252445089e-06,0,0.99,model::deberta_sentiment_profile,DeBERTa + Sentiment Profile,42
13179,0,5.034852165408665e-06,0,0.99,model::deberta_sentiment_profile,DeBERTa + Sentiment Profile,42
13151,1,9.278122888645156e-06,0,0.99,model::deberta_sentiment_profile,DeBERTa + Sentiment Profile,42
18916,0,4.312885721446946e-06,0,0.99,model::deberta_sentiment_profile,DeBERTa + Sentiment Profile,42
18199,0,4.492301286518341e-06,0,0.99,model::deberta_sentiment_profile,DeBERTa + Sentiment Profile,42
10364,0,8.82991935213795e-06,0,0.99,model::deberta_sentiment_profile,DeBERTa + Sentiment Profile,42
393,0,4.3419395296950825e-06,0,0.99,model::deberta_sentiment_profile,DeBERTa + Sentiment Profile,42
9570,0,6.19541788182687e-06,0,0.99,model::deberta_sentiment_profile,DeBERTa + Sentiment Profile,42
229,1,8.427324246440548e-06,0,0.99,model::deberta_sentiment_profile,DeBERTa + Sentiment Profile,42
12846,1,3.839468263322488e-06,0,0.99,model::deberta_sentiment_profile,DeBERTa + Sentiment Profile,42
14257,0,4.1626412894402165e-06,0,0.99,model::deberta_sentiment_profile,DeBERTa + Sentiment Profile,42
2316,1,1.2394085388223177e-05,0,0.99,model::deberta_sentiment_profile,DeBERTa + Sentiment Profile,42
8820,1,4.222245479468256e-06,0,0.99,model::deberta_sentiment_profile,DeBERTa + Sentiment Profile,42
1716,0,4.360130333225243e-06,0,0.99,model::deberta_sentiment_profile,DeBERTa + Sentiment Profile,42
15157,0,4.920889750792412e-06,0,0.99,model::deberta_sentiment_profile,DeBERTa + Sentiment Profile,42
3297,1,4.798640020453604e-06,0,0.99,model::deberta_sentiment_profile,DeBERTa + Sentiment Profile,42
2229,0,9.506862625130452e-06,0,0.99,model::deberta_sentiment_profile,DeBERTa + Sentiment Profile,42
18563,1,4.690941295848461e-06,0,0.99,model::deberta_sentiment_profile,DeBERTa + Sentiment Profile,42
6354,1,5.169051291886717e-06,0,0.99,model::deberta_sentiment_profile,DeBERTa + Sentiment Profile,42
19632,0,4.404341780173127e-06,0,0.99,model::deberta_sentiment_profile,DeBERTa + Sentiment Profile,42
3157,0,0.7867686748504639,0,0.99,model::deberta_sentiment_profile,DeBERTa + Sentiment Profile,42
8808,1,5.016237082600128e-06,0,0.99,model::deberta_sentiment_profile,DeBERTa + Sentiment Profile,42
15058,0,4.378882294986397e-06,0,0.99,model::deberta_sentiment_profile,DeBERTa + Sentiment Profile,42
6171,0,4.675434411183232e-06,0,0.99,model::deberta_sentiment_profile,DeBERTa + Sentiment Profile,42
9116,0,4.367154815554386e-06,0,0.99,model::deberta_sentiment_profile,DeBERTa + Sentiment Profile,42
8213,1,9.05085471458733e-06,0,0.99,model::deberta_sentiment_profile,DeBERTa + Sentiment Profile,42
8860,1,5.444717771752039e-06,0,0.99,model::deberta_sentiment_profile,DeBERTa + Sentiment Profile,42
1673,1,4.811930011783261e-06,0,0.99,model::deberta_sentiment_profile,DeBERTa + Sentiment Profile,42
5464,1,4.013402758573648e-06,0,0.99,model::deberta_sentiment_profile,DeBERTa + Sentiment Profile,42
9624,0,4.837742380914278e-06,0,0.99,model::deberta_sentiment_profile,DeBERTa + Sentiment Profile,42
5868,0,4.61384342997917e-06,0,0.99,model::deberta_sentiment_profile,DeBERTa + Sentiment Profile,42
4242,0,4.530977548711235e-06,0,0.99,model::deberta_sentiment_profile,DeBERTa + Sentiment Profile,42
12906,0,5.194317054701969e-06,0,0.99,model::deberta_sentiment_profile,DeBERTa + Sentiment Profile,42
10084,0,5.081371455162298e-06,0,0.99,model::deberta_sentiment_profile,DeBERTa + Sentiment Profile,42
3000,0,4.210319275443908e-06,0,0.99,model::deberta_sentiment_profile,DeBERTa + Sentiment Profile,42
14235,0,4.439033546077553e-06,0,0.99,model::deberta_sentiment_profile,DeBERTa + Sentiment Profile,42
20644,0,4.633496700989781e-06,0,0.99,model::deberta_sentiment_profile,DeBERTa + Sentiment Profile,42
4578,1,6.029612904967507e-06,0,0.99,model::deberta_sentiment_profile,DeBERTa + Sentiment Profile,42
19505,0,4.990146408090368e-06,0,0.99,model::deberta_sentiment_profile,DeBERTa + Sentiment Profile,42
3260,1,7.893672773207072e-06,0,0.99,model::deberta_sentiment_profile,DeBERTa + Sentiment Profile,42
10054,0,6.496022706414806e-06,0,0.99,model::deberta_sentiment_profile,DeBERTa + Sentiment Profile,42
19294,1,6.68598022457445e-06,0,0.99,model::deberta_sentiment_profile,DeBERTa + Sentiment Profile,42
2766,1,1.730713302094955e-05,0,0.99,model::deberta_sentiment_profile,DeBERTa + Sentiment Profile,42
6407,0,4.027773684356362e-06,0,0.99,model::deberta_sentiment_profile,DeBERTa + Sentiment Profile,42
13693,1,4.944170086673694e-06,0,0.99,model::deberta_sentiment_profile,DeBERTa + Sentiment Profile,42
6757,0,4.834666015085531e-06,0,0.99,model::deberta_sentiment_profile,DeBERTa + Sentiment Profile,42
14999,1,4.513734893407673e-06,0,0.99,model::deberta_sentiment_profile,DeBERTa + Sentiment Profile,42
20137,0,4.32417846241151e-06,0,0.99,model::deberta_sentiment_profile,DeBERTa + Sentiment Profile,42
17303,0,5.370150574890431e-06,0,0.99,model::deberta_sentiment_profile,DeBERTa + Sentiment Profile,42
15307,1,6.894570105941966e-06,0,0.99,model::deberta_sentiment_profile,DeBERTa + Sentiment Profile,42
13326,1,4.542157512332778e-06,0,0.99,model::deberta_sentiment_profile,DeBERTa + Sentiment Profile,42
4557,1,8.751085260882974e-06,0,0.99,model::deberta_sentiment_profile,DeBERTa + Sentiment Profile,42
6699,1,4.404925675771665e-06,0,0.99,model::deberta_sentiment_profile,DeBERTa + Sentiment Profile,42
9280,0,9.450809557165483e-06,0,0.99,model::deberta_sentiment_profile,DeBERTa + Sentiment Profile,42
209,0,3.984647719335044e-06,0,0.99,model::deberta_sentiment_profile,DeBERTa + Sentiment Profile,42
11350,1,4.278049800632289e-06,0,0.99,model::deberta_sentiment_profile,DeBERTa + Sentiment Profile,42
1969,1,5.599237283604452e-06,0,0.99,model::deberta_sentiment_profile,DeBERTa + Sentiment Profile,42
20058,1,4.68174312118208e-06,0,0.99,model::deberta_sentiment_profile,DeBERTa + Sentiment Profile,42
20625,1,8.143217200995423e-06,0,0.99,model::deberta_sentiment_profile,DeBERTa + Sentiment Profile,42
8212,0,1.5531821190961637e-05,0,0.99,model::deberta_sentiment_profile,DeBERTa + Sentiment Profile,42
5525,0,6.567801392520778e-06,0,0.99,model::deberta_sentiment_profile,DeBERTa + Sentiment Profile,42
11018,1,4.8136416808119975e-06,0,0.99,model::deberta_sentiment_profile,DeBERTa + Sentiment Profile,42
11943,1,5.486762347572949e-06,0,0.99,model::deberta_sentiment_profile,DeBERTa + Sentiment Profile,42
6611,1,5.437556410470279e-06,0,0.99,model::deberta_sentiment_profile,DeBERTa + Sentiment Profile,42
5821,0,4.511101451498689e-06,0,0.99,model::deberta_sentiment_profile,DeBERTa + Sentiment Profile,42
8492,0,8.460871868010145e-06,0,0.99,model::deberta_sentiment_profile,DeBERTa + Sentiment Profile,42
9461,1,5.240261543804081e-06,0,0.99,model::deberta_sentiment_profile,DeBERTa + Sentiment Profile,42
338,1,1.103692193282768e-05,0,0.99,model::deberta_sentiment_profile,DeBERTa + Sentiment Profile,42
6973,0,1.207088371302234e-05,0,0.99,model::deberta_sentiment_profile,DeBERTa + Sentiment Profile,42
20872,1,4.570465989672812e-06,0,0.99,model::deberta_sentiment_profile,DeBERTa + Sentiment Profile,42
12986,1,4.045435616717441e-06,0,0.99,model::deberta_sentiment_profile,DeBERTa + Sentiment Profile,42
13669,0,4.642475687433034e-06,0,0.99,model::deberta_sentiment_profile,DeBERTa + Sentiment Profile,42
10890,0,5.580100150837097e-06,0,0.99,model::deberta_sentiment_profile,DeBERTa + Sentiment Profile,42
9089,0,4.438986707100412e-06,0,0.99,model::deberta_sentiment_profile,DeBERTa + Sentiment Profile,42
2840,1,4.546955096884631e-06,0,0.99,model::deberta_sentiment_profile,DeBERTa + Sentiment Profile,42
10318,0,9.21162063605152e-06,0,0.99,model::deberta_sentiment_profile,DeBERTa + Sentiment Profile,42
16787,1,5.2915956985089e-06,0,0.99,model::deberta_sentiment_profile,DeBERTa + Sentiment Profile,42
4404,1,6.8861659201502334e-06,0,0.99,model::deberta_sentiment_profile,DeBERTa + Sentiment Profile,42
15737,0,4.345240995462518e-06,0,0.99,model::deberta_sentiment_profile,DeBERTa + Sentiment Profile,42
3736,1,5.076087290944997e-06,0,0.99,model::deberta_sentiment_profile,DeBERTa + Sentiment Profile,42
1264,1,4.943900876241969e-06,0,0.99,model::deberta_sentiment_profile,DeBERTa + Sentiment Profile,42
13451,0,4.371663635538425e-06,0,0.99,model::deberta_sentiment_profile,DeBERTa + Sentiment Profile,42
1855,0,4.723027359432308e-06,0,0.99,model::deberta_sentiment_profile,DeBERTa + Sentiment Profile,42
1945,0,6.052253866073443e-06,0,0.99,model::deberta_sentiment_profile,DeBERTa + Sentiment Profile,42
12976,0,4.945867658534553e-06,0,0.99,model::deberta_sentiment_profile,DeBERTa + Sentiment Profile,42
12920,1,5.68933774047764e-06,0,0.99,model::deberta_sentiment_profile,DeBERTa + Sentiment Profile,42
6410,1,5.375930868467549e-06,0,0.99,model::deberta_sentiment_profile,DeBERTa + Sentiment Profile,42
6746,1,5.8914606597682e-06,0,0.99,model::deberta_sentiment_profile,DeBERTa + Sentiment Profile,42
8067,1,8.241226169047877e-06,0,0.99,model::deberta_sentiment_profile,DeBERTa + Sentiment Profile,42
4846,1,5.245531610853504e-06,0,0.99,model::deberta_sentiment_profile,DeBERTa + Sentiment Profile,42
4533,1,7.957601155794691e-06,0,0.99,model::deberta_sentiment_profile,DeBERTa + Sentiment Profile,42
11794,1,4.884895588475047e-06,0,0.99,model::deberta_sentiment_profile,DeBERTa + Sentiment Profile,42
17267,0,1.815736504795496e-05,0,0.99,model::deberta_sentiment_profile,DeBERTa + Sentiment Profile,42
18522,0,5.172912551643094e-06,0,0.99,model::deberta_sentiment_profile,DeBERTa + Sentiment Profile,42
2937,1,5.186238922760822e-06,0,0.99,model::deberta_sentiment_profile,DeBERTa + Sentiment Profile,42
7387,1,3.932542767870473e-06,0,0.99,model::deberta_sentiment_profile,DeBERTa + Sentiment Profile,42
16334,1,4.70423765364103e-06,0,0.99,model::deberta_sentiment_profile,DeBERTa + Sentiment Profile,42
4259,1,4.036999598611146e-06,0,0.99,model::deberta_sentiment_profile,DeBERTa + Sentiment Profile,42
