sample_id,y_true,y_prob_machine_generated,y_pred,threshold,system_key,system,seed
10379,1,6.791899487268438e-09,0,0.28302879089934707,model::modernbert_base,ModernBERT,42
1092,1,3.922663527333725e-09,0,0.28302879089934707,model::modernbert_base,ModernBERT,42
8924,0,2.4657489383628217e-09,0,0.28302879089934707,model::modernbert_base,ModernBERT,42
1291,0,8.221726410795327e-09,0,0.28302879089934707,model::modernbert_base,ModernBERT,42
13927,1,2.18535767260164e-09,0,0.28302879089934707,model::modernbert_base,ModernBERT,42
8035,0,2.78459477698334e-09,0,0.28302879089934707,model::modernbert_base,ModernBERT,42
1632,1,7.10901693068422e-09,0,0.28302879089934707,model::modernbert_base,ModernBERT,42
17416,1,7.082584740913944e-09,0,0.28302879089934707,model::modernbert_base,ModernBERT,42
14654,1,1.14436868869916e-08,0,0.28302879089934707,model::modernbert_base,ModernBERT,42
5189,1,1.1702559810089497e-08,0,0.28302879089934707,model::modernbert_base,ModernBERT,42
3026,1,4.74674921591145e-09,0,0.28302879089934707,model::modernbert_base,ModernBERT,42
1353,1,6.303167321419778e-09,0,0.28302879089934707,model::modernbert_base,ModernBERT,42
13373,0,1.7470060242885666e-07,0,0.28302879089934707,model::modernbert_base,ModernBERT,42
20409,1,7.517144240409834e-09,0,0.28302879089934707,model::modernbert_base,ModernBERT,42
19701,0,1.6912470313101835e-09,0,0.28302879089934707,model::modernbert_base,ModernBERT,42
15296,0,2.7321582773964792e-09,0,0.28302879089934707,model::modernbert_base,ModernBERT,42
18991,0,1.3051033587174743e-09,0,0.28302879089934707,model::modernbert_base,ModernBERT,42
512,1,3.828668493355281e-09,0,0.28302879089934707,model::modernbert_base,ModernBERT,42
18295,0,2.1735435673519987e-09,0,0.28302879089934707,model::modernbert_base,ModernBERT,42
18450,1,4.301150546837107e-09,0,0.28302879089934707,model::modernbert_base,ModernBERT,42
15675,1,1.3496283202130144e-08,0,0.28302879089934707,model::modernbert_base,ModernBERT,42
20025,0,3.884498500639211e-09,0,0.28302879089934707,model::modernbert_base,ModernBERT,42
7229,0,3.6342009401835185e-09,0,0.28302879089934707,model::modernbert_base,ModernBERT,42
10752,1,4.194355973652364e-09,0,0.28302879089934707,model::modernbert_base,ModernBERT,42
20566,0,3.680330484812089e-09,0,0.28302879089934707,model::modernbert_base,ModernBERT,42
18854,0,2.6882421622076436e-08,0,0.28302879089934707,model::modernbert_base,ModernBERT,42
9483,1,3.286560135151717e-09,0,0.28302879089934707,model::modernbert_base,ModernBERT,42
5666,0,5.8289209015072174e-09,0,0.28302879089934707,model::modernbert_base,ModernBERT,42
7486,1,4.638330164397075e-09,0,0.28302879089934707,model::modernbert_base,ModernBERT,42
16331,1,1.275885708196256e-08,0,0.28302879089934707,model::modernbert_base,ModernBERT,42
2999,1,7.663374823607683e-09,0,0.28302879089934707,model::modernbert_base,ModernBERT,42
3958,1,1.2518762915192383e-08,0,0.28302879089934707,model::modernbert_base,ModernBERT,42
13982,0,9.674414158666877e-09,0,0.28302879089934707,model::modernbert_base,ModernBERT,42
17720,1,2.5139115233940856e-09,0,0.28302879089934707,model::modernbert_base,ModernBERT,42
18694,1,2.3918376168552413e-09,0,0.28302879089934707,model::modernbert_base,ModernBERT,42
4466,0,1.5056069724295185e-09,0,0.28302879089934707,model::modernbert_base,ModernBERT,42
19676,1,5.182510420809194e-09,0,0.28302879089934707,model::modernbert_base,ModernBERT,42
20003,1,2.6356523630255424e-09,0,0.28302879089934707,model::modernbert_base,ModernBERT,42
8936,1,1.357442958038746e-08,0,0.28302879089934707,model::modernbert_base,ModernBERT,42
12592,0,1.4136397608055518e-09,0,0.28302879089934707,model::modernbert_base,ModernBERT,42
2861,0,1.4530434633286404e-09,0,0.28302879089934707,model::modernbert_base,ModernBERT,42
16760,0,1.4782808310798146e-09,0,0.28302879089934707,model::modernbert_base,ModernBERT,42
4976,1,1.021876361306795e-08,0,0.28302879089934707,model::modernbert_base,ModernBERT,42
11506,0,2.089559991702572e-08,0,0.28302879089934707,model::modernbert_base,ModernBERT,42
4974,1,2.5063038311401442e-09,0,0.28302879089934707,model::modernbert_base,ModernBERT,42
12865,1,1.1619952999808447e-08,0,0.28302879089934707,model::modernbert_base,ModernBERT,42
10717,1,4.921145713154829e-09,0,0.28302879089934707,model::modernbert_base,ModernBERT,42
8625,1,1.7863878154500412e-09,0,0.28302879089934707,model::modernbert_base,ModernBERT,42
15748,0,3.872322018594332e-09,0,0.28302879089934707,model::modernbert_base,ModernBERT,42
3681,0,3.1674733946829292e-09,0,0.28302879089934707,model::modernbert_base,ModernBERT,42
1600,0,1.8324952577586373e-07,0,0.28302879089934707,model::modernbert_base,ModernBERT,42
11251,1,5.805442793160864e-09,0,0.28302879089934707,model::modernbert_base,ModernBERT,42
11286,1,6.180592926341433e-09,0,0.28302879089934707,model::modernbert_base,ModernBERT,42
2808,0,4.951774101868978e-09,0,0.28302879089934707,model::modernbert_base,ModernBERT,42
159,0,8.526835237887553e-09,0,0.28302879089934707,model::modernbert_base,ModernBERT,42
12797,0,3.207379029035451e-09,0,0.28302879089934707,model::modernbert_base,ModernBERT,42
3074,0,4.273323472858692e-09,0,0.28302879089934707,model::modernbert_base,ModernBERT,42
14840,0,1.7177361755216225e-09,0,0.28302879089934707,model::modernbert_base,ModernBERT,42
12328,0,1.3821293443072591e-08,0,0.28302879089934707,model::modernbert_base,ModernBERT,42
95,1,4.121572416693198e-08,0,0.28302879089934707,model::modernbert_base,ModernBERT,42
1308,0,1.199352084313432e-08,0,0.28302879089934707,model::modernbert_base,ModernBERT,42
3386,1,6.870728430641293e-09,0,0.28302879089934707,model::modernbert_base,ModernBERT,42
15472,0,1.255649251241664e-09,0,0.28302879089934707,model::modernbert_base,ModernBERT,42
16039,0,1.7831266463375073e-09,0,0.28302879089934707,model::modernbert_base,ModernBERT,42
15903,1,4.5198089715370315e-09,0,0.28302879089934707,model::modernbert_base,ModernBERT,42
13242,1,1.6912252931433613e-08,0,0.28302879089934707,model::modernbert_base,ModernBERT,42
5334,1,1.0093568647562279e-08,0,0.28302879089934707,model::modernbert_base,ModernBERT,42
20678,1,4.237973971754627e-09,0,0.28302879089934707,model::modernbert_base,ModernBERT,42
7102,0,2.2338388916409713e-09,0,0.28302879089934707,model::modernbert_base,ModernBERT,42
17456,1,4.4986943059655005e-09,0,0.28302879089934707,model::modernbert_base,ModernBERT,42
17207,1,8.187564404238401e-09,0,0.28302879089934707,model::modernbert_base,ModernBERT,42
20060,0,1.7255588957709733e-08,0,0.28302879089934707,model::modernbert_base,ModernBERT,42
8328,1,2.9133475631937245e-09,0,0.28302879089934707,model::modernbert_base,ModernBERT,42
5697,1,6.423074072614554e-09,0,0.28302879089934707,model::modernbert_base,ModernBERT,42
3917,1,2.4913491714073643e-08,0,0.28302879089934707,model::modernbert_base,ModernBERT,42
7890,0,2.2832913337822447e-09,0,0.28302879089934707,model::modernbert_base,ModernBERT,42
20874,0,3.062425548705505e-07,0,0.28302879089934707,model::modernbert_base,ModernBERT,42
9228,0,3.773569012821554e-09,0,0.28302879089934707,model::modernbert_base,ModernBERT,42
7626,1,7.795912360109014e-09,0,0.28302879089934707,model::modernbert_base,ModernBERT,42
17701,1,5.28035348779099e-09,0,0.28302879089934707,model::modernbert_base,ModernBERT,42
2326,1,5.032663707993379e-08,0,0.28302879089934707,model::modernbert_base,ModernBERT,42
10548,1,6.5376513092019195e-09,0,0.28302879089934707,model::modernbert_base,ModernBERT,42
5550,0,3.4231704137965835e-09,0,0.28302879089934707,model::modernbert_base,ModernBERT,42
20860,0,1.810212202357775e-09,0,0.28302879089934707,model::modernbert_base,ModernBERT,42
14054,1,4.198878578165477e-09,0,0.28302879089934707,model::modernbert_base,ModernBERT,42
14852,0,2.4254476205243236e-09,0,0.28302879089934707,model::modernbert_base,ModernBERT,42
11175,1,4.251721641423956e-09,0,0.28302879089934707,model::modernbert_base,ModernBERT,42
2207,0,1.5741209224984232e-08,0,0.28302879089934707,model::modernbert_base,ModernBERT,42
6783,1,1.5753462534462415e-08,0,0.28302879089934707,model::modernbert_base,ModernBERT,42
2699,0,6.464147883633586e-09,0,0.28302879089934707,model::modernbert_base,ModernBERT,42
4090,0,1.688050033088473e-09,0,0.28302879089934707,model::modernbert_base,ModernBERT,42
7244,0,2.919104291621011e-09,0,0.28302879089934707,model::modernbert_base,ModernBERT,42
11424,0,4.3584633679927265e-09,0,0.28302879089934707,model::modernbert_base,ModernBERT,42
16052,0,1.7889416614735865e-09,0,0.28302879089934707,model::modernbert_base,ModernBERT,42
12196,0,4.403544195952236e-09,0,0.28302879089934707,model::modernbert_base,ModernBERT,42
5583,1,8.796717132497633e-09,0,0.28302879089934707,model::modernbert_base,ModernBERT,42
7455,1,5.760814048016982e-09,0,0.28302879089934707,model::modernbert_base,ModernBERT,42
846,0,3.503025425288797e-09,0,0.28302879089934707,model::modernbert_base,ModernBERT,42
3005,1,1.2133068771902344e-08,0,0.28302879089934707,model::modernbert_base,ModernBERT,42
4180,0,1.4844751206055662e-08,0,0.28302879089934707,model::modernbert_base,ModernBERT,42
6266,0,2.3579960206632222e-09,0,0.28302879089934707,model::modernbert_base,ModernBERT,42
7721,1,2.6413087272914026e-09,0,0.28302879089934707,model::modernbert_base,ModernBERT,42
8374,1,5.912351053183329e-09,0,0.28302879089934707,model::modernbert_base,ModernBERT,42
14457,1,1.4688324334599656e-08,0,0.28302879089934707,model::modernbert_base,ModernBERT,42
17052,1,2.2745718641914436e-09,0,0.28302879089934707,model::modernbert_base,ModernBERT,42
15630,1,8.0807627256263e-09,0,0.28302879089934707,model::modernbert_base,ModernBERT,42
8013,1,1.1507445663028193e-08,0,0.28302879089934707,model::modernbert_base,ModernBERT,42
10556,0,2.2096759977330294e-09,0,0.28302879089934707,model::modernbert_base,ModernBERT,42
6752,0,5.109584311213666e-09,0,0.28302879089934707,model::modernbert_base,ModernBERT,42
4344,0,9.687242709333077e-06,0,0.28302879089934707,model::modernbert_base,ModernBERT,42
3687,1,3.64930174967526e-09,0,0.28302879089934707,model::modernbert_base,ModernBERT,42
4189,1,4.751532056701535e-09,0,0.28302879089934707,model::modernbert_base,ModernBERT,42
10831,1,4.300404032875349e-09,0,0.28302879089934707,model::modernbert_base,ModernBERT,42
3743,0,2.2082013995117222e-09,0,0.28302879089934707,model::modernbert_base,ModernBERT,42
20504,0,8.730408396218081e-09,0,0.28302879089934707,model::modernbert_base,ModernBERT,42
2869,1,1.0319084253751498e-08,0,0.28302879089934707,model::modernbert_base,ModernBERT,42
14846,1,6.539521812953808e-09,0,0.28302879089934707,model::modernbert_base,ModernBERT,42
8988,0,1.7808664543039754e-09,0,0.28302879089934707,model::modernbert_base,ModernBERT,42
12023,1,7.481300023925996e-09,0,0.28302879089934707,model::modernbert_base,ModernBERT,42
14099,1,1.0195012833946748e-08,0,0.28302879089934707,model::modernbert_base,ModernBERT,42
14724,0,8.765774737184984e-07,0,0.28302879089934707,model::modernbert_base,ModernBERT,42
4785,0,3.3694820267271552e-09,0,0.28302879089934707,model::modernbert_base,ModernBERT,42
20713,0,2.208660587754707e-09,0,0.28302879089934707,model::modernbert_base,ModernBERT,42
8986,0,4.437048950478584e-09,0,0.28302879089934707,model::modernbert_base,ModernBERT,42
39,0,7.104611565722507e-09,0,0.28302879089934707,model::modernbert_base,ModernBERT,42
15187,0,1.2756881915265694e-06,0,0.28302879089934707,model::modernbert_base,ModernBERT,42
1492,1,2.303685020521584e-09,0,0.28302879089934707,model::modernbert_base,ModernBERT,42
20588,0,3.099887901925058e-09,0,0.28302879089934707,model::modernbert_base,ModernBERT,42
8231,1,1.5731064451074417e-08,0,0.28302879089934707,model::modernbert_base,ModernBERT,42
5094,1,2.26634822020344e-09,0,0.28302879089934707,model::modernbert_base,ModernBERT,42
7483,0,2.9074023188968567e-09,0,0.28302879089934707,model::modernbert_base,ModernBERT,42
753,0,3.62953200827576e-09,0,0.28302879089934707,model::modernbert_base,ModernBERT,42
1416,0,2.2132541133146333e-08,0,0.28302879089934707,model::modernbert_base,ModernBERT,42
6055,1,2.1044307629836112e-08,0,0.28302879089934707,model::modernbert_base,ModernBERT,42
11306,1,8.311346277878329e-09,0,0.28302879089934707,model::modernbert_base,ModernBERT,42
15807,1,8.139933171946723e-09,0,0.28302879089934707,model::modernbert_base,ModernBERT,42
11393,0,2.1659205540203175e-09,0,0.28302879089934707,model::modernbert_base,ModernBERT,42
1532,1,4.976258516364851e-09,0,0.28302879089934707,model::modernbert_base,ModernBERT,42
17823,1,7.39566319296614e-09,0,0.28302879089934707,model::modernbert_base,ModernBERT,42
912,1,4.910072792796427e-09,0,0.28302879089934707,model::modernbert_base,ModernBERT,42
9162,1,3.952210292368363e-08,0,0.28302879089934707,model::modernbert_base,ModernBERT,42
12703,0,1.534819271675758e-09,0,0.28302879089934707,model::modernbert_base,ModernBERT,42
14284,0,1.9648767057844907e-09,0,0.28302879089934707,model::modernbert_base,ModernBERT,42
11887,1,4.408628573315809e-09,0,0.28302879089934707,model::modernbert_base,ModernBERT,42
4680,1,2.3170471763478417e-08,0,0.28302879089934707,model::modernbert_base,ModernBERT,42
9114,1,2.3733520038149436e-08,0,0.28302879089934707,model::modernbert_base,ModernBERT,42
15087,1,8.809797336084557e-09,0,0.28302879089934707,model::modernbert_base,ModernBERT,42
11501,0,9.101038813241757e-06,0,0.28302879089934707,model::modernbert_base,ModernBERT,42
9261,1,1.0017292773056852e-08,0,0.28302879089934707,model::modernbert_base,ModernBERT,42
17032,1,1.61763988870689e-08,0,0.28302879089934707,model::modernbert_base,ModernBERT,42
13742,0,4.108376749911713e-09,0,0.28302879089934707,model::modernbert_base,ModernBERT,42
607,1,1.6029526150873608e-08,0,0.28302879089934707,model::modernbert_base,ModernBERT,42
16065,1,3.555178151870564e-09,0,0.28302879089934707,model::modernbert_base,ModernBERT,42
1061,0,1.5710006628921747e-09,0,0.28302879089934707,model::modernbert_base,ModernBERT,42
9683,0,4.339376857842581e-09,0,0.28302879089934707,model::modernbert_base,ModernBERT,42
9767,1,5.019766824432281e-09,0,0.28302879089934707,model::modernbert_base,ModernBERT,42
1792,0,1.8790011768743398e-09,0,0.28302879089934707,model::modernbert_base,ModernBERT,42
3351,0,1.8989323447016204e-09,0,0.28302879089934707,model::modernbert_base,ModernBERT,42
4098,0,2.0734163275193396e-09,0,0.28302879089934707,model::modernbert_base,ModernBERT,42
1194,0,3.872469900301212e-09,0,0.28302879089934707,model::modernbert_base,ModernBERT,42
12026,0,2.8349216307788083e-09,0,0.28302879089934707,model::modernbert_base,ModernBERT,42
4868,1,7.403326840460522e-09,0,0.28302879089934707,model::modernbert_base,ModernBERT,42
19019,1,1.2369233637343768e-08,0,0.28302879089934707,model::modernbert_base,ModernBERT,42
19855,1,4.030235256635706e-09,0,0.28302879089934707,model::modernbert_base,ModernBERT,42
9565,1,8.302093235101893e-09,0,0.28302879089934707,model::modernbert_base,ModernBERT,42
1647,1,1.5617874993267833e-08,0,0.28302879089934707,model::modernbert_base,ModernBERT,42
15961,1,9.390402233577788e-09,0,0.28302879089934707,model::modernbert_base,ModernBERT,42
285,0,1.7533736684782752e-09,0,0.28302879089934707,model::modernbert_base,ModernBERT,42
18138,0,1.3388744557474297e-09,0,0.28302879089934707,model::modernbert_base,ModernBERT,42
3347,0,9.521042843019245e-10,0,0.28302879089934707,model::modernbert_base,ModernBERT,42
19656,1,2.613969485310008e-09,0,0.28302879089934707,model::modernbert_base,ModernBERT,42
12678,1,5.640797606787373e-09,0,0.28302879089934707,model::modernbert_base,ModernBERT,42
4231,0,2.8728504020136825e-09,0,0.28302879089934707,model::modernbert_base,ModernBERT,42
13425,1,9.890904983933524e-09,0,0.28302879089934707,model::modernbert_base,ModernBERT,42
6282,0,3.2261904259200946e-09,0,0.28302879089934707,model::modernbert_base,ModernBERT,42
12418,1,1.3412803312462529e-08,0,0.28302879089934707,model::modernbert_base,ModernBERT,42
10239,1,8.551656272004493e-09,0,0.28302879089934707,model::modernbert_base,ModernBERT,42
6212,1,3.336781739804451e-09,0,0.28302879089934707,model::modernbert_base,ModernBERT,42
24,1,4.016315280352956e-09,0,0.28302879089934707,model::modernbert_base,ModernBERT,42
6691,0,2.4575275148208675e-09,0,0.28302879089934707,model::modernbert_base,ModernBERT,42
3507,1,4.118921648199603e-09,0,0.28302879089934707,model::modernbert_base,ModernBERT,42
6583,1,5.376330491912995e-09,0,0.28302879089934707,model::modernbert_base,ModernBERT,42
15156,1,2.2322003800923085e-08,0,0.28302879089934707,model::modernbert_base,ModernBERT,42
14876,0,5.187455354160875e-09,0,0.28302879089934707,model::modernbert_base,ModernBERT,42
15809,0,3.3342115735024436e-09,0,0.28302879089934707,model::modernbert_base,ModernBERT,42
19948,0,6.159950327599972e-09,0,0.28302879089934707,model::modernbert_base,ModernBERT,42
20661,0,5.115339973826849e-08,0,0.28302879089934707,model::modernbert_base,ModernBERT,42
15457,1,5.253811607985881e-09,0,0.28302879089934707,model::modernbert_base,ModernBERT,42
16560,1,1.107245140019586e-08,0,0.28302879089934707,model::modernbert_base,ModernBERT,42
3353,0,1.59472413052697e-09,0,0.28302879089934707,model::modernbert_base,ModernBERT,42
15343,1,1.443051544924856e-08,0,0.28302879089934707,model::modernbert_base,ModernBERT,42
139,1,2.2739049754250118e-08,0,0.28302879089934707,model::modernbert_base,ModernBERT,42
14673,1,6.345640457539048e-09,0,0.28302879089934707,model::modernbert_base,ModernBERT,42
18413,1,9.918355026172776e-09,0,0.28302879089934707,model::modernbert_base,ModernBERT,42
11800,0,3.845384011214037e-09,0,0.28302879089934707,model::modernbert_base,ModernBERT,42
1827,0,1.8125200229590632e-09,0,0.28302879089934707,model::modernbert_base,ModernBERT,42
18537,0,3.034265283474724e-09,0,0.28302879089934707,model::modernbert_base,ModernBERT,42
1799,0,2.0674100209561175e-09,0,0.28302879089934707,model::modernbert_base,ModernBERT,42
326,1,3.250441338309429e-08,0,0.28302879089934707,model::modernbert_base,ModernBERT,42
11382,0,3.971818429704399e-09,0,0.28302879089934707,model::modernbert_base,ModernBERT,42
19498,1,5.132851477185341e-09,0,0.28302879089934707,model::modernbert_base,ModernBERT,42
14625,0,6.691691645244191e-09,0,0.28302879089934707,model::modernbert_base,ModernBERT,42
14044,1,1.1918245057529475e-08,0,0.28302879089934707,model::modernbert_base,ModernBERT,42
17779,0,2.4999684544724232e-09,0,0.28302879089934707,model::modernbert_base,ModernBERT,42
19114,0,2.0544732581839753e-09,0,0.28302879089934707,model::modernbert_base,ModernBERT,42
1387,1,9.266672762464623e-09,0,0.28302879089934707,model::modernbert_base,ModernBERT,42
10624,1,1.0021344643007524e-08,0,0.28302879089934707,model::modernbert_base,ModernBERT,42
20310,0,2.4335011783449545e-09,0,0.28302879089934707,model::modernbert_base,ModernBERT,42
4592,0,1.8342607432941804e-08,0,0.28302879089934707,model::modernbert_base,ModernBERT,42
10484,0,3.3699321111413383e-09,0,0.28302879089934707,model::modernbert_base,ModernBERT,42
819,0,3.3476443839219883e-09,0,0.28302879089934707,model::modernbert_base,ModernBERT,42
12702,1,3.1115177989704534e-08,0,0.28302879089934707,model::modernbert_base,ModernBERT,42
11791,1,5.028563787590201e-09,0,0.28302879089934707,model::modernbert_base,ModernBERT,42
10008,0,6.976970112759773e-09,0,0.28302879089934707,model::modernbert_base,ModernBERT,42
10395,0,1.938595284300959e-09,0,0.28302879089934707,model::modernbert_base,ModernBERT,42
2941,1,1.8311391514203024e-08,0,0.28302879089934707,model::modernbert_base,ModernBERT,42
6203,0,1.4013345150942769e-08,0,0.28302879089934707,model::modernbert_base,ModernBERT,42
3563,1,7.941761914764811e-09,0,0.28302879089934707,model::modernbert_base,ModernBERT,42
14100,0,3.292018435629984e-09,0,0.28302879089934707,model::modernbert_base,ModernBERT,42
4129,0,1.1708358726991719e-09,0,0.28302879089934707,model::modernbert_base,ModernBERT,42
7813,1,6.460622703485797e-09,0,0.28302879089934707,model::modernbert_base,ModernBERT,42
16228,1,1.5576969047970124e-08,0,0.28302879089934707,model::modernbert_base,ModernBERT,42
21120,1,6.048345824183343e-09,0,0.28302879089934707,model::modernbert_base,ModernBERT,42
13948,0,4.654876484266879e-09,0,0.28302879089934707,model::modernbert_base,ModernBERT,42
9284,1,2.8928983653031537e-09,0,0.28302879089934707,model::modernbert_base,ModernBERT,42
8347,0,1.1113746589686002e-09,0,0.28302879089934707,model::modernbert_base,ModernBERT,42
5542,0,2.1585713216865088e-09,0,0.28302879089934707,model::modernbert_base,ModernBERT,42
13005,1,3.770583401063732e-09,0,0.28302879089934707,model::modernbert_base,ModernBERT,42
111,1,4.3238692626346165e-09,0,0.28302879089934707,model::modernbert_base,ModernBERT,42
18715,0,4.832603206494923e-09,0,0.28302879089934707,model::modernbert_base,ModernBERT,42
9630,1,1.0075218881411274e-08,0,0.28302879089934707,model::modernbert_base,ModernBERT,42
14498,1,1.2447262776049683e-08,0,0.28302879089934707,model::modernbert_base,ModernBERT,42
16013,1,7.298592841209484e-09,0,0.28302879089934707,model::modernbert_base,ModernBERT,42
3862,1,1.1526711141129908e-08,0,0.28302879089934707,model::modernbert_base,ModernBERT,42
8953,1,9.729856031981399e-09,0,0.28302879089934707,model::modernbert_base,ModernBERT,42
4930,1,4.5788737246255096e-09,0,0.28302879089934707,model::modernbert_base,ModernBERT,42
6229,0,2.6271902431318495e-09,0,0.28302879089934707,model::modernbert_base,ModernBERT,42
11757,1,1.2363949863924972e-08,0,0.28302879089934707,model::modernbert_base,ModernBERT,42
2247,0,1.0756419754898161e-08,0,0.28302879089934707,model::modernbert_base,ModernBERT,42
10885,1,1.0017674689777323e-08,0,0.28302879089934707,model::modernbert_base,ModernBERT,42
20406,0,2.3946951088760215e-09,0,0.28302879089934707,model::modernbert_base,ModernBERT,42
15691,0,5.619835263814821e-09,0,0.28302879089934707,model::modernbert_base,ModernBERT,42
8914,0,5.188435014957804e-09,0,0.28302879089934707,model::modernbert_base,ModernBERT,42
15641,1,1.347896994019493e-08,0,0.28302879089934707,model::modernbert_base,ModernBERT,42
18481,1,3.832635986356081e-09,0,0.28302879089934707,model::modernbert_base,ModernBERT,42
10771,0,9.761805808139457e-10,0,0.28302879089934707,model::modernbert_base,ModernBERT,42
632,0,3.888508626204157e-09,0,0.28302879089934707,model::modernbert_base,ModernBERT,42
4261,1,1.0288936813651617e-08,0,0.28302879089934707,model::modernbert_base,ModernBERT,42
13653,0,2.8149640396435416e-09,0,0.28302879089934707,model::modernbert_base,ModernBERT,42
6990,0,3.0323097366391494e-09,0,0.28302879089934707,model::modernbert_base,ModernBERT,42
17412,1,3.476374743627275e-09,0,0.28302879089934707,model::modernbert_base,ModernBERT,42
8163,0,7.81493891821583e-09,0,0.28302879089934707,model::modernbert_base,ModernBERT,42
12223,1,1.3170798673911577e-08,0,0.28302879089934707,model::modernbert_base,ModernBERT,42
7679,1,8.538422413550961e-09,0,0.28302879089934707,model::modernbert_base,ModernBERT,42
1839,1,7.248897926359632e-09,0,0.28302879089934707,model::modernbert_base,ModernBERT,42
1912,0,1.879216338096512e-09,0,0.28302879089934707,model::modernbert_base,ModernBERT,42
8034,0,1.2595711140761523e-09,0,0.28302879089934707,model::modernbert_base,ModernBERT,42
6558,0,3.419555305583799e-09,0,0.28302879089934707,model::modernbert_base,ModernBERT,42
5357,0,1.2802687798796342e-08,0,0.28302879089934707,model::modernbert_base,ModernBERT,42
18423,0,1.223522283488876e-09,0,0.28302879089934707,model::modernbert_base,ModernBERT,42
14058,0,3.056885411467647e-09,0,0.28302879089934707,model::modernbert_base,ModernBERT,42
16942,0,6.6681464794271506e-09,0,0.28302879089934707,model::modernbert_base,ModernBERT,42
5449,0,1.1209681183288467e-08,0,0.28302879089934707,model::modernbert_base,ModernBERT,42
6530,0,2.0973931480483543e-09,0,0.28302879089934707,model::modernbert_base,ModernBERT,42
13569,1,1.2882468425345905e-08,0,0.28302879089934707,model::modernbert_base,ModernBERT,42
13881,1,1.482994971269136e-08,0,0.28302879089934707,model::modernbert_base,ModernBERT,42
12804,0,1.4698517958322554e-09,0,0.28302879089934707,model::modernbert_base,ModernBERT,42
2770,0,2.356381978430022e-09,0,0.28302879089934707,model::modernbert_base,ModernBERT,42
3909,1,2.6037055178562696e-08,0,0.28302879089934707,model::modernbert_base,ModernBERT,42
5847,0,2.4490265815302337e-08,0,0.28302879089934707,model::modernbert_base,ModernBERT,42
16422,1,4.514269402733362e-09,0,0.28302879089934707,model::modernbert_base,ModernBERT,42
6021,1,1.3343601779070013e-08,0,0.28302879089934707,model::modernbert_base,ModernBERT,42
10868,1,7.669984647407091e-09,0,0.28302879089934707,model::modernbert_base,ModernBERT,42
15790,0,1.073293365294603e-08,0,0.28302879089934707,model::modernbert_base,ModernBERT,42
215,0,3.124035430346339e-08,0,0.28302879089934707,model::modernbert_base,ModernBERT,42
21127,0,3.0809195195047323e-09,0,0.28302879089934707,model::modernbert_base,ModernBERT,42
11090,1,1.5856864266083903e-08,0,0.28302879089934707,model::modernbert_base,ModernBERT,42
14313,1,5.793264534759146e-09,0,0.28302879089934707,model::modernbert_base,ModernBERT,42
10978,0,4.907282580290939e-09,0,0.28302879089934707,model::modernbert_base,ModernBERT,42
20359,1,2.1703630892488945e-08,0,0.28302879089934707,model::modernbert_base,ModernBERT,42
4636,1,1.1154186019268764e-08,0,0.28302879089934707,model::modernbert_base,ModernBERT,42
11619,1,1.1637030894462441e-08,0,0.28302879089934707,model::modernbert_base,ModernBERT,42
193,0,8.992344646685524e-10,0,0.28302879089934707,model::modernbert_base,ModernBERT,42
12479,0,6.5720202613306355e-09,0,0.28302879089934707,model::modernbert_base,ModernBERT,42
5040,1,6.605763491762673e-09,0,0.28302879089934707,model::modernbert_base,ModernBERT,42
9303,1,8.718394006734798e-09,0,0.28302879089934707,model::modernbert_base,ModernBERT,42
11257,0,1.4913236157099163e-07,0,0.28302879089934707,model::modernbert_base,ModernBERT,42
6146,0,8.847348631491059e-09,0,0.28302879089934707,model::modernbert_base,ModernBERT,42
18985,0,5.8715681205967485e-09,0,0.28302879089934707,model::modernbert_base,ModernBERT,42
20553,1,1.089056400616073e-08,0,0.28302879089934707,model::modernbert_base,ModernBERT,42
461,1,8.30378787952668e-09,0,0.28302879089934707,model::modernbert_base,ModernBERT,42
18330,1,5.61936364107396e-09,0,0.28302879089934707,model::modernbert_base,ModernBERT,42
3672,1,1.1207885286523833e-08,0,0.28302879089934707,model::modernbert_base,ModernBERT,42
1926,0,3.3443448010928023e-09,0,0.28302879089934707,model::modernbert_base,ModernBERT,42
10818,0,4.131347708380417e-08,0,0.28302879089934707,model::modernbert_base,ModernBERT,42
2357,1,6.222026449620444e-09,0,0.28302879089934707,model::modernbert_base,ModernBERT,42
20238,1,6.330565405221478e-09,0,0.28302879089934707,model::modernbert_base,ModernBERT,42
12538,0,1.1950591627396534e-08,0,0.28302879089934707,model::modernbert_base,ModernBERT,42
11460,1,7.040132476987537e-09,0,0.28302879089934707,model::modernbert_base,ModernBERT,42
8845,0,2.9102706911032783e-09,0,0.28302879089934707,model::modernbert_base,ModernBERT,42
6862,0,3.015813598850059e-09,0,0.28302879089934707,model::modernbert_base,ModernBERT,42
6486,0,3.210868015912638e-09,0,0.28302879089934707,model::modernbert_base,ModernBERT,42
15654,1,1.157853724009783e-08,0,0.28302879089934707,model::modernbert_base,ModernBERT,42
19794,0,3.2856826148730534e-09,0,0.28302879089934707,model::modernbert_base,ModernBERT,42
19378,1,8.37976088519099e-09,0,0.28302879089934707,model::modernbert_base,ModernBERT,42
8941,0,6.072667257939202e-09,0,0.28302879089934707,model::modernbert_base,ModernBERT,42
17423,0,2.310012181538923e-09,0,0.28302879089934707,model::modernbert_base,ModernBERT,42
13739,1,8.598564527062535e-09,0,0.28302879089934707,model::modernbert_base,ModernBERT,42
11920,0,3.3913394315021606e-09,0,0.28302879089934707,model::modernbert_base,ModernBERT,42
5298,0,2.172047430804014e-09,0,0.28302879089934707,model::modernbert_base,ModernBERT,42
17987,1,2.4864914571764984e-09,0,0.28302879089934707,model::modernbert_base,ModernBERT,42
17579,0,4.772831907473574e-09,0,0.28302879089934707,model::modernbert_base,ModernBERT,42
12541,0,8.499508794557187e-07,0,0.28302879089934707,model::modernbert_base,ModernBERT,42
8477,0,3.043550966808084e-09,0,0.28302879089934707,model::modernbert_base,ModernBERT,42
4734,0,7.61418750272469e-09,0,0.28302879089934707,model::modernbert_base,ModernBERT,42
7493,0,1.4172851336979875e-08,0,0.28302879089934707,model::modernbert_base,ModernBERT,42
15109,1,1.0531223892940034e-08,0,0.28302879089934707,model::modernbert_base,ModernBERT,42
2100,0,2.701290968687431e-09,0,0.28302879089934707,model::modernbert_base,ModernBERT,42
1075,1,9.035485248887198e-09,0,0.28302879089934707,model::modernbert_base,ModernBERT,42
1209,1,8.572053289412906e-09,0,0.28302879089934707,model::modernbert_base,ModernBERT,42
4692,1,1.807359950589671e-08,0,0.28302879089934707,model::modernbert_base,ModernBERT,42
5307,1,9.298932290846551e-09,0,0.28302879089934707,model::modernbert_base,ModernBERT,42
19342,0,2.8153614994863574e-09,0,0.28302879089934707,model::modernbert_base,ModernBERT,42
4314,0,4.923616870655678e-06,0,0.28302879089934707,model::modernbert_base,ModernBERT,42
2980,1,7.71814878675059e-09,0,0.28302879089934707,model::modernbert_base,ModernBERT,42
13846,0,2.6724688950707787e-07,0,0.28302879089934707,model::modernbert_base,ModernBERT,42
18405,0,3.053458819124444e-09,0,0.28302879089934707,model::modernbert_base,ModernBERT,42
9552,1,5.20408471871292e-09,0,0.28302879089934707,model::modernbert_base,ModernBERT,42
18882,1,3.4712464014319266e-09,0,0.28302879089934707,model::modernbert_base,ModernBERT,42
15253,0,3.924295111090714e-09,0,0.28302879089934707,model::modernbert_base,ModernBERT,42
4815,0,1.723360898431281e-09,0,0.28302879089934707,model::modernbert_base,ModernBERT,42
8531,1,7.65008500991371e-09,0,0.28302879089934707,model::modernbert_base,ModernBERT,42
14005,1,4.6969297784471564e-08,0,0.28302879089934707,model::modernbert_base,ModernBERT,42
3579,1,6.861888390830018e-09,0,0.28302879089934707,model::modernbert_base,ModernBERT,42
8311,1,6.453085621416221e-09,0,0.28302879089934707,model::modernbert_base,ModernBERT,42
6421,0,2.287973366321694e-09,0,0.28302879089934707,model::modernbert_base,ModernBERT,42
15194,1,3.495263412034433e-09,0,0.28302879089934707,model::modernbert_base,ModernBERT,42
12840,1,3.883344845689862e-08,0,0.28302879089934707,model::modernbert_base,ModernBERT,42
15793,0,2.0348143170423327e-09,0,0.28302879089934707,model::modernbert_base,ModernBERT,42
12661,0,2.708989033095577e-09,0,0.28302879089934707,model::modernbert_base,ModernBERT,42
17329,0,5.748849840614412e-09,0,0.28302879089934707,model::modernbert_base,ModernBERT,42
20832,1,1.6162080562764913e-09,0,0.28302879089934707,model::modernbert_base,ModernBERT,42
6802,0,1.6180710105118123e-09,0,0.28302879089934707,model::modernbert_base,ModernBERT,42
16815,1,2.1342940748070305e-09,0,0.28302879089934707,model::modernbert_base,ModernBERT,42
4850,0,1.3435123037197627e-05,0,0.28302879089934707,model::modernbert_base,ModernBERT,42
15309,0,3.729719200151749e-09,0,0.28302879089934707,model::modernbert_base,ModernBERT,42
8342,0,1.4478589438482459e-09,0,0.28302879089934707,model::modernbert_base,ModernBERT,42
8878,1,1.951633166186184e-08,0,0.28302879089934707,model::modernbert_base,ModernBERT,42
19332,1,2.8999089796144517e-09,0,0.28302879089934707,model::modernbert_base,ModernBERT,42
6987,1,5.949557291273777e-09,0,0.28302879089934707,model::modernbert_base,ModernBERT,42
17374,1,5.14321962796771e-09,0,0.28302879089934707,model::modernbert_base,ModernBERT,42
3848,1,9.818633017744105e-09,0,0.28302879089934707,model::modernbert_base,ModernBERT,42
12077,1,1.943260841130723e-08,0,0.28302879089934707,model::modernbert_base,ModernBERT,42
6620,1,6.756097459259536e-09,0,0.28302879089934707,model::modernbert_base,ModernBERT,42
14377,0,3.1944602518763077e-09,0,0.28302879089934707,model::modernbert_base,ModernBERT,42
2816,1,2.6119362228627097e-09,0,0.28302879089934707,model::modernbert_base,ModernBERT,42
6392,1,1.4405984849474862e-08,0,0.28302879089934707,model::modernbert_base,ModernBERT,42
16552,1,3.626625444397291e-09,0,0.28302879089934707,model::modernbert_base,ModernBERT,42
13603,0,5.5944906307559e-07,0,0.28302879089934707,model::modernbert_base,ModernBERT,42
14546,0,6.028754384601598e-09,0,0.28302879089934707,model::modernbert_base,ModernBERT,42
4627,1,4.094350636307809e-09,0,0.28302879089934707,model::modernbert_base,ModernBERT,42
12923,1,1.0065480005039262e-08,0,0.28302879089934707,model::modernbert_base,ModernBERT,42
18722,1,1.9137392115453622e-08,0,0.28302879089934707,model::modernbert_base,ModernBERT,42
7617,1,8.83306672250228e-09,0,0.28302879089934707,model::modernbert_base,ModernBERT,42
4668,0,2.5285544769104717e-09,0,0.28302879089934707,model::modernbert_base,ModernBERT,42
6499,0,1.9543366924779093e-09,0,0.28302879089934707,model::modernbert_base,ModernBERT,42
8288,0,2.237215968037276e-09,0,0.28302879089934707,model::modernbert_base,ModernBERT,42
2725,0,1.5869442426819091e-09,0,0.28302879089934707,model::modernbert_base,ModernBERT,42
18557,0,1.3009907817718158e-08,0,0.28302879089934707,model::modernbert_base,ModernBERT,42
2093,0,4.722448210259245e-09,0,0.28302879089934707,model::modernbert_base,ModernBERT,42
8843,0,4.203317693907138e-09,0,0.28302879089934707,model::modernbert_base,ModernBERT,42
16318,0,5.279447101713686e-09,0,0.28302879089934707,model::modernbert_base,ModernBERT,42
4469,1,1.6541449099349848e-08,0,0.28302879089934707,model::modernbert_base,ModernBERT,42
20318,0,2.9542124302395223e-09,0,0.28302879089934707,model::modernbert_base,ModernBERT,42
18224,1,2.0589189020370213e-08,0,0.28302879089934707,model::modernbert_base,ModernBERT,42
20399,1,9.599474992683099e-09,0,0.28302879089934707,model::modernbert_base,ModernBERT,42
6939,0,1.8345090779803286e-08,0,0.28302879089934707,model::modernbert_base,ModernBERT,42
9990,0,1.2718566200220494e-09,0,0.28302879089934707,model::modernbert_base,ModernBERT,42
10238,1,1.046696240791789e-08,0,0.28302879089934707,model::modernbert_base,ModernBERT,42
20987,0,1.827565210277271e-09,0,0.28302879089934707,model::modernbert_base,ModernBERT,42
15757,1,1.4718163576787902e-08,0,0.28302879089934707,model::modernbert_base,ModernBERT,42
18082,0,5.660283353137174e-09,0,0.28302879089934707,model::modernbert_base,ModernBERT,42
1506,1,1.328934917665947e-08,0,0.28302879089934707,model::modernbert_base,ModernBERT,42
19964,0,3.988892771644714e-09,0,0.28302879089934707,model::modernbert_base,ModernBERT,42
12627,1,6.76165345936397e-09,0,0.28302879089934707,model::modernbert_base,ModernBERT,42
12100,0,6.986717870915982e-09,0,0.28302879089934707,model::modernbert_base,ModernBERT,42
8388,1,2.5044450957523168e-09,0,0.28302879089934707,model::modernbert_base,ModernBERT,42
21083,0,4.6830979094636405e-09,0,0.28302879089934707,model::modernbert_base,ModernBERT,42
18678,1,9.241009735205807e-09,0,0.28302879089934707,model::modernbert_base,ModernBERT,42
832,0,1.8649335409293144e-09,0,0.28302879089934707,model::modernbert_base,ModernBERT,42
6428,1,6.073223257629934e-09,0,0.28302879089934707,model::modernbert_base,ModernBERT,42
14122,1,4.485225968409168e-09,0,0.28302879089934707,model::modernbert_base,ModernBERT,42
10830,0,1.94590810131956e-09,0,0.28302879089934707,model::modernbert_base,ModernBERT,42
6650,1,6.916762274045141e-09,0,0.28302879089934707,model::modernbert_base,ModernBERT,42
2349,1,5.451390006072643e-09,0,0.28302879089934707,model::modernbert_base,ModernBERT,42
17693,0,2.1136496997087306e-09,0,0.28302879089934707,model::modernbert_base,ModernBERT,42
1505,1,4.989260116161631e-09,0,0.28302879089934707,model::modernbert_base,ModernBERT,42
20743,0,2.6150317466999695e-09,0,0.28302879089934707,model::modernbert_base,ModernBERT,42
208,1,7.910135657596129e-09,0,0.28302879089934707,model::modernbert_base,ModernBERT,42
5140,1,9.516328169922872e-09,0,0.28302879089934707,model::modernbert_base,ModernBERT,42
3077,1,5.135495140251578e-09,0,0.28302879089934707,model::modernbert_base,ModernBERT,42
10906,1,7.020621861641985e-09,0,0.28302879089934707,model::modernbert_base,ModernBERT,42
16467,1,1.1055147020044842e-08,0,0.28302879089934707,model::modernbert_base,ModernBERT,42
18995,1,7.2995258726393786e-09,0,0.28302879089934707,model::modernbert_base,ModernBERT,42
13964,0,1.9250285809846446e-09,0,0.28302879089934707,model::modernbert_base,ModernBERT,42
19122,1,6.06396310942614e-09,0,0.28302879089934707,model::modernbert_base,ModernBERT,42
12284,1,2.6934618091445373e-08,0,0.28302879089934707,model::modernbert_base,ModernBERT,42
15030,0,4.806001374646485e-09,0,0.28302879089934707,model::modernbert_base,ModernBERT,42
8464,0,2.68436739503386e-09,0,0.28302879089934707,model::modernbert_base,ModernBERT,42
8716,1,2.334065607456637e-09,0,0.28302879089934707,model::modernbert_base,ModernBERT,42
1028,0,3.197581310843134e-09,0,0.28302879089934707,model::modernbert_base,ModernBERT,42
5908,1,1.389676196339451e-08,0,0.28302879089934707,model::modernbert_base,ModernBERT,42
12457,1,4.28716129263762e-09,0,0.28302879089934707,model::modernbert_base,ModernBERT,42
17102,1,3.1555460466847762e-09,0,0.28302879089934707,model::modernbert_base,ModernBERT,42
10844,0,1.8781172173021332e-08,0,0.28302879089934707,model::modernbert_base,ModernBERT,42
20782,1,4.91820850712088e-09,0,0.28302879089934707,model::modernbert_base,ModernBERT,42
16211,0,1.6169696692713842e-09,0,0.28302879089934707,model::modernbert_base,ModernBERT,42
18610,1,1.1032776470187855e-08,0,0.28302879089934707,model::modernbert_base,ModernBERT,42
6018,1,1.5367064065685554e-08,0,0.28302879089934707,model::modernbert_base,ModernBERT,42
15466,1,4.235783723771647e-09,0,0.28302879089934707,model::modernbert_base,ModernBERT,42
716,0,9.112810506195501e-10,0,0.28302879089934707,model::modernbert_base,ModernBERT,42
9034,0,1.7343450009477124e-09,0,0.28302879089934707,model::modernbert_base,ModernBERT,42
13710,0,2.081420369393072e-09,0,0.28302879089934707,model::modernbert_base,ModernBERT,42
2365,1,8.202366785781123e-09,0,0.28302879089934707,model::modernbert_base,ModernBERT,42
19049,0,2.513537600279392e-09,0,0.28302879089934707,model::modernbert_base,ModernBERT,42
6730,1,2.4309091628538226e-08,0,0.28302879089934707,model::modernbert_base,ModernBERT,42
3653,0,1.0416336237994983e-08,0,0.28302879089934707,model::modernbert_base,ModernBERT,42
18153,1,3.389614633420024e-08,0,0.28302879089934707,model::modernbert_base,ModernBERT,42
2392,1,4.562371369587481e-09,0,0.28302879089934707,model::modernbert_base,ModernBERT,42
12733,0,4.933685318064818e-07,0,0.28302879089934707,model::modernbert_base,ModernBERT,42
9310,0,1.9171029208564505e-09,0,0.28302879089934707,model::modernbert_base,ModernBERT,42
7591,1,6.112082839848654e-09,0,0.28302879089934707,model::modernbert_base,ModernBERT,42
20265,0,8.374633466701198e-07,0,0.28302879089934707,model::modernbert_base,ModernBERT,42
12991,1,2.1101853597826903e-09,0,0.28302879089934707,model::modernbert_base,ModernBERT,42
4602,1,8.562526687683203e-09,0,0.28302879089934707,model::modernbert_base,ModernBERT,42
5286,1,1.422748141521879e-08,0,0.28302879089934707,model::modernbert_base,ModernBERT,42
1544,0,3.446493535008699e-09,0,0.28302879089934707,model::modernbert_base,ModernBERT,42
12179,0,2.0218502427837848e-09,0,0.28302879089934707,model::modernbert_base,ModernBERT,42
18950,0,3.942721260585813e-09,0,0.28302879089934707,model::modernbert_base,ModernBERT,42
299,1,5.2420605634040385e-09,0,0.28302879089934707,model::modernbert_base,ModernBERT,42
9220,1,5.471818109725746e-09,0,0.28302879089934707,model::modernbert_base,ModernBERT,42
5996,0,5.495937926980332e-09,0,0.28302879089934707,model::modernbert_base,ModernBERT,42
18391,1,7.245580579962052e-09,0,0.28302879089934707,model::modernbert_base,ModernBERT,42
1344,0,3.52523121804893e-09,0,0.28302879089934707,model::modernbert_base,ModernBERT,42
18727,1,1.1604980088009142e-08,0,0.28302879089934707,model::modernbert_base,ModernBERT,42
2307,1,4.5858135067078365e-09,0,0.28302879089934707,model::modernbert_base,ModernBERT,42
6844,1,1.0056863786189751e-08,0,0.28302879089934707,model::modernbert_base,ModernBERT,42
18049,1,3.856916563904633e-09,0,0.28302879089934707,model::modernbert_base,ModernBERT,42
16513,0,3.2505760305667764e-09,0,0.28302879089934707,model::modernbert_base,ModernBERT,42
1636,1,7.999624074273015e-09,0,0.28302879089934707,model::modernbert_base,ModernBERT,42
5741,1,2.314854974372338e-09,0,0.28302879089934707,model::modernbert_base,ModernBERT,42
7792,0,9.280434198899457e-09,0,0.28302879089934707,model::modernbert_base,ModernBERT,42
17869,1,4.620643423436377e-09,0,0.28302879089934707,model::modernbert_base,ModernBERT,42
5132,1,5.7326552393988095e-09,0,0.28302879089934707,model::modernbert_base,ModernBERT,42
4576,1,9.608543294348237e-09,0,0.28302879089934707,model::modernbert_base,ModernBERT,42
5222,0,2.8892699344140738e-09,0,0.28302879089934707,model::modernbert_base,ModernBERT,42
7317,1,6.5312950603413356e-09,0,0.28302879089934707,model::modernbert_base,ModernBERT,42
20554,0,1.3591833214476878e-09,0,0.28302879089934707,model::modernbert_base,ModernBERT,42
3513,0,1.3403878007522962e-08,0,0.28302879089934707,model::modernbert_base,ModernBERT,42
905,1,8.991371203137533e-09,0,0.28302879089934707,model::modernbert_base,ModernBERT,42
20667,0,2.781346264413287e-09,0,0.28302879089934707,model::modernbert_base,ModernBERT,42
9661,0,2.3498438750380046e-08,0,0.28302879089934707,model::modernbert_base,ModernBERT,42
10254,1,1.536064786478164e-08,0,0.28302879089934707,model::modernbert_base,ModernBERT,42
8912,0,1.5162033850657508e-09,0,0.28302879089934707,model::modernbert_base,ModernBERT,42
4089,0,4.226720751177027e-09,0,0.28302879089934707,model::modernbert_base,ModernBERT,42
17783,1,3.794398129031151e-09,0,0.28302879089934707,model::modernbert_base,ModernBERT,42
16845,1,1.1215883333193233e-08,0,0.28302879089934707,model::modernbert_base,ModernBERT,42
17988,1,1.4095964395721694e-08,0,0.28302879089934707,model::modernbert_base,ModernBERT,42
20016,0,7.196068185777449e-09,0,0.28302879089934707,model::modernbert_base,ModernBERT,42
20641,1,2.39542270463744e-08,0,0.28302879089934707,model::modernbert_base,ModernBERT,42
16492,1,1.7428517296025348e-08,0,0.28302879089934707,model::modernbert_base,ModernBERT,42
5336,0,3.888486421743664e-09,0,0.28302879089934707,model::modernbert_base,ModernBERT,42
17733,1,1.741067556793041e-08,0,0.28302879089934707,model::modernbert_base,ModernBERT,42
14810,1,1.3339174209647808e-08,0,0.28302879089934707,model::modernbert_base,ModernBERT,42
9299,1,9.612465490249633e-09,0,0.28302879089934707,model::modernbert_base,ModernBERT,42
16433,0,4.420138033367493e-09,0,0.28302879089934707,model::modernbert_base,ModernBERT,42
1734,1,7.837284599077066e-09,0,0.28302879089934707,model::modernbert_base,ModernBERT,42
6052,0,3.28521898573797e-09,0,0.28302879089934707,model::modernbert_base,ModernBERT,42
5806,1,1.1467240490503627e-08,0,0.28302879089934707,model::modernbert_base,ModernBERT,42
15588,0,4.294084643419183e-09,0,0.28302879089934707,model::modernbert_base,ModernBERT,42
15626,1,2.9501132647880013e-09,0,0.28302879089934707,model::modernbert_base,ModernBERT,42
9918,1,8.508752813440879e-09,0,0.28302879089934707,model::modernbert_base,ModernBERT,42
14579,0,2.6064965741312562e-09,0,0.28302879089934707,model::modernbert_base,ModernBERT,42
16056,1,4.224971927868637e-09,0,0.28302879089934707,model::modernbert_base,ModernBERT,42
13238,0,1.1507138353294977e-08,0,0.28302879089934707,model::modernbert_base,ModernBERT,42
11787,1,2.528044618088643e-08,0,0.28302879089934707,model::modernbert_base,ModernBERT,42
10176,1,8.728243905409272e-09,0,0.28302879089934707,model::modernbert_base,ModernBERT,42
1360,0,8.096391113099344e-09,0,0.28302879089934707,model::modernbert_base,ModernBERT,42
3883,0,3.962911776511646e-09,0,0.28302879089934707,model::modernbert_base,ModernBERT,42
5387,0,1.6618603160267753e-09,0,0.28302879089934707,model::modernbert_base,ModernBERT,42
20307,1,1.7636514471064402e-08,0,0.28302879089934707,model::modernbert_base,ModernBERT,42
1963,0,4.000473730059184e-09,0,0.28302879089934707,model::modernbert_base,ModernBERT,42
16002,0,2.6351696380544354e-09,0,0.28302879089934707,model::modernbert_base,ModernBERT,42
19416,0,2.430949663789761e-09,0,0.28302879089934707,model::modernbert_base,ModernBERT,42
5518,0,1.2281211603237807e-09,0,0.28302879089934707,model::modernbert_base,ModernBERT,42
17651,0,7.644047173016588e-09,0,0.28302879089934707,model::modernbert_base,ModernBERT,42
8179,0,4.393375885314299e-09,0,0.28302879089934707,model::modernbert_base,ModernBERT,42
10276,0,4.2645888242986985e-07,0,0.28302879089934707,model::modernbert_base,ModernBERT,42
13812,0,1.7033870980398547e-09,0,0.28302879089934707,model::modernbert_base,ModernBERT,42
12745,0,5.581251460995418e-09,0,0.28302879089934707,model::modernbert_base,ModernBERT,42
11182,0,9.915895660128626e-09,0,0.28302879089934707,model::modernbert_base,ModernBERT,42
13950,0,2.8029949472596627e-09,0,0.28302879089934707,model::modernbert_base,ModernBERT,42
16749,1,5.186574725257742e-09,0,0.28302879089934707,model::modernbert_base,ModernBERT,42
6368,0,1.7475741964645408e-09,0,0.28302879089934707,model::modernbert_base,ModernBERT,42
9739,1,3.464089903815193e-09,0,0.28302879089934707,model::modernbert_base,ModernBERT,42
7749,0,6.121848361573257e-09,0,0.28302879089934707,model::modernbert_base,ModernBERT,42
20739,0,1.7899348669914161e-09,0,0.28302879089934707,model::modernbert_base,ModernBERT,42
19228,1,1.3452720715179112e-08,0,0.28302879089934707,model::modernbert_base,ModernBERT,42
2161,0,7.339355345692411e-09,0,0.28302879089934707,model::modernbert_base,ModernBERT,42
6302,0,3.396032344227251e-09,0,0.28302879089934707,model::modernbert_base,ModernBERT,42
6784,1,4.709504342059745e-09,0,0.28302879089934707,model::modernbert_base,ModernBERT,42
20887,1,2.1759825052924953e-09,0,0.28302879089934707,model::modernbert_base,ModernBERT,42
5202,0,1.9262880357473477e-07,0,0.28302879089934707,model::modernbert_base,ModernBERT,42
6877,1,1.137275074114541e-08,0,0.28302879089934707,model::modernbert_base,ModernBERT,42
11013,0,4.6151296118068785e-09,0,0.28302879089934707,model::modernbert_base,ModernBERT,42
17333,1,5.855754103833988e-09,0,0.28302879089934707,model::modernbert_base,ModernBERT,42
16463,0,1.3203194981770139e-08,0,0.28302879089934707,model::modernbert_base,ModernBERT,42
12128,1,1.5382166651534135e-08,0,0.28302879089934707,model::modernbert_base,ModernBERT,42
20941,0,2.2274697641933017e-09,0,0.28302879089934707,model::modernbert_base,ModernBERT,42
5545,1,6.931804907850392e-09,0,0.28302879089934707,model::modernbert_base,ModernBERT,42
16670,1,8.588337152559689e-09,0,0.28302879089934707,model::modernbert_base,ModernBERT,42
17613,1,9.286808655417644e-09,0,0.28302879089934707,model::modernbert_base,ModernBERT,42
3261,1,6.9999366303363786e-09,0,0.28302879089934707,model::modernbert_base,ModernBERT,42
9418,0,3.809844884017366e-09,0,0.28302879089934707,model::modernbert_base,ModernBERT,42
7179,1,6.267693475336955e-09,0,0.28302879089934707,model::modernbert_base,ModernBERT,42
8831,0,1.3677653454280403e-09,0,0.28302879089934707,model::modernbert_base,ModernBERT,42
16949,1,9.248397603300873e-09,0,0.28302879089934707,model::modernbert_base,ModernBERT,42
1284,0,2.8269357965626796e-09,0,0.28302879089934707,model::modernbert_base,ModernBERT,42
12243,1,7.916022504161901e-09,0,0.28302879089934707,model::modernbert_base,ModernBERT,42
11706,1,1.024778750746691e-08,0,0.28302879089934707,model::modernbert_base,ModernBERT,42
20237,0,1.665923399229996e-08,0,0.28302879089934707,model::modernbert_base,ModernBERT,42
835,0,1.8245212007883538e-09,0,0.28302879089934707,model::modernbert_base,ModernBERT,42
16194,1,6.4521135101358595e-09,0,0.28302879089934707,model::modernbert_base,ModernBERT,42
2330,1,1.5733224500991128e-08,0,0.28302879089934707,model::modernbert_base,ModernBERT,42
13622,1,6.355754589293383e-09,0,0.28302879089934707,model::modernbert_base,ModernBERT,42
18058,1,1.06456523596421e-08,0,0.28302879089934707,model::modernbert_base,ModernBERT,42
5015,0,6.620142212199198e-09,0,0.28302879089934707,model::modernbert_base,ModernBERT,42
10920,0,3.3093137119522e-08,0,0.28302879089934707,model::modernbert_base,ModernBERT,42
13464,0,2.276572708126423e-09,0,0.28302879089934707,model::modernbert_base,ModernBERT,42
20656,1,1.3207279891958024e-07,0,0.28302879089934707,model::modernbert_base,ModernBERT,42
12789,0,2.227202200444367e-09,0,0.28302879089934707,model::modernbert_base,ModernBERT,42
19212,1,4.550430254823823e-09,0,0.28302879089934707,model::modernbert_base,ModernBERT,42
19282,1,3.170773865690535e-09,0,0.28302879089934707,model::modernbert_base,ModernBERT,42
288,0,2.0832235936296684e-09,0,0.28302879089934707,model::modernbert_base,ModernBERT,42
15250,0,2.9462949857617104e-09,0,0.28302879089934707,model::modernbert_base,ModernBERT,42
10506,0,2.3440858143430887e-09,0,0.28302879089934707,model::modernbert_base,ModernBERT,42
3269,1,1.4254127655988214e-08,0,0.28302879089934707,model::modernbert_base,ModernBERT,42
2241,1,1.0007476625162326e-08,0,0.28302879089934707,model::modernbert_base,ModernBERT,42
12807,1,7.09222325312453e-09,0,0.28302879089934707,model::modernbert_base,ModernBERT,42
21086,0,2.774839469310564e-09,0,0.28302879089934707,model::modernbert_base,ModernBERT,42
20188,0,5.871478858665569e-09,0,0.28302879089934707,model::modernbert_base,ModernBERT,42
11548,0,1.3656902275727134e-09,0,0.28302879089934707,model::modernbert_base,ModernBERT,42
12955,1,7.341959928908182e-09,0,0.28302879089934707,model::modernbert_base,ModernBERT,42
10288,1,3.3208833460918186e-09,0,0.28302879089934707,model::modernbert_base,ModernBERT,42
6633,1,1.4674211179510621e-08,0,0.28302879089934707,model::modernbert_base,ModernBERT,42
13995,0,3.0878379853049864e-09,0,0.28302879089934707,model::modernbert_base,ModernBERT,42
14659,1,3.77157789444027e-08,0,0.28302879089934707,model::modernbert_base,ModernBERT,42
3708,1,1.0342848355548995e-08,0,0.28302879089934707,model::modernbert_base,ModernBERT,42
14245,0,3.076398025214644e-09,0,0.28302879089934707,model::modernbert_base,ModernBERT,42
10751,0,5.838935557278546e-09,0,0.28302879089934707,model::modernbert_base,ModernBERT,42
20867,1,7.306755200886528e-09,0,0.28302879089934707,model::modernbert_base,ModernBERT,42
16297,1,8.908561888176791e-09,0,0.28302879089934707,model::modernbert_base,ModernBERT,42
19176,0,1.3734912762686236e-08,0,0.28302879089934707,model::modernbert_base,ModernBERT,42
10463,1,1.350882516959473e-08,0,0.28302879089934707,model::modernbert_base,ModernBERT,42
5943,0,3.3210669769800916e-09,0,0.28302879089934707,model::modernbert_base,ModernBERT,42
6274,0,4.0506286325125984e-08,0,0.28302879089934707,model::modernbert_base,ModernBERT,42
7012,1,1.9026529685106652e-08,0,0.28302879089934707,model::modernbert_base,ModernBERT,42
2528,0,2.658356423879127e-09,0,0.28302879089934707,model::modernbert_base,ModernBERT,42
5244,1,8.304088972010959e-09,0,0.28302879089934707,model::modernbert_base,ModernBERT,42
3228,1,1.0250113646748105e-08,0,0.28302879089934707,model::modernbert_base,ModernBERT,42
13679,1,4.4584695935157015e-09,0,0.28302879089934707,model::modernbert_base,ModernBERT,42
2353,0,4.723259117156431e-09,0,0.28302879089934707,model::modernbert_base,ModernBERT,42
17868,0,2.5810187320729483e-09,0,0.28302879089934707,model::modernbert_base,ModernBERT,42
10911,0,1.843769936726858e-08,0,0.28302879089934707,model::modernbert_base,ModernBERT,42
17795,0,2.5504285350308464e-09,0,0.28302879089934707,model::modernbert_base,ModernBERT,42
4064,0,2.961840550597117e-09,0,0.28302879089934707,model::modernbert_base,ModernBERT,42
11220,1,3.2251278980766074e-08,0,0.28302879089934707,model::modernbert_base,ModernBERT,42
6330,0,1.9263728390228607e-09,0,0.28302879089934707,model::modernbert_base,ModernBERT,42
3160,1,3.955775262909356e-09,0,0.28302879089934707,model::modernbert_base,ModernBERT,42
9211,0,6.5605227916876174e-09,0,0.28302879089934707,model::modernbert_base,ModernBERT,42
13829,1,1.0739507061430231e-08,0,0.28302879089934707,model::modernbert_base,ModernBERT,42
20040,0,5.315802908967271e-09,0,0.28302879089934707,model::modernbert_base,ModernBERT,42
8151,0,4.541620857168027e-09,0,0.28302879089934707,model::modernbert_base,ModernBERT,42
19258,1,2.7034505745149318e-09,0,0.28302879089934707,model::modernbert_base,ModernBERT,42
18899,0,2.837907908670445e-09,0,0.28302879089934707,model::modernbert_base,ModernBERT,42
21008,0,1.812215821850316e-09,0,0.28302879089934707,model::modernbert_base,ModernBERT,42
17324,1,2.5637971745595678e-09,0,0.28302879089934707,model::modernbert_base,ModernBERT,42
944,1,7.133642565548826e-09,0,0.28302879089934707,model::modernbert_base,ModernBERT,42
8278,0,5.846112038909723e-09,0,0.28302879089934707,model::modernbert_base,ModernBERT,42
17555,1,9.755760643770373e-09,0,0.28302879089934707,model::modernbert_base,ModernBERT,42
3857,1,2.4696568345916603e-08,0,0.28302879089934707,model::modernbert_base,ModernBERT,42
12737,1,1.881153721683404e-08,0,0.28302879089934707,model::modernbert_base,ModernBERT,42
15545,0,5.9785763006914294e-09,0,0.28302879089934707,model::modernbert_base,ModernBERT,42
8693,1,1.512414726789757e-08,0,0.28302879089934707,model::modernbert_base,ModernBERT,42
2521,1,4.002122189206148e-09,0,0.28302879089934707,model::modernbert_base,ModernBERT,42
5398,1,1.6920125744945835e-08,0,0.28302879089934707,model::modernbert_base,ModernBERT,42
14372,1,1.227021417804508e-08,0,0.28302879089934707,model::modernbert_base,ModernBERT,42
14629,0,2.173158097917849e-09,0,0.28302879089934707,model::modernbert_base,ModernBERT,42
5149,0,4.8680166564452065e-09,0,0.28302879089934707,model::modernbert_base,ModernBERT,42
1411,1,4.938267572640598e-09,0,0.28302879089934707,model::modernbert_base,ModernBERT,42
20931,1,5.798006519341925e-09,0,0.28302879089934707,model::modernbert_base,ModernBERT,42
7180,0,7.183369454821786e-09,0,0.28302879089934707,model::modernbert_base,ModernBERT,42
2091,0,3.050135255477926e-09,0,0.28302879089934707,model::modernbert_base,ModernBERT,42
2141,1,4.987376289733447e-09,0,0.28302879089934707,model::modernbert_base,ModernBERT,42
6695,0,2.669794385568025e-09,0,0.28302879089934707,model::modernbert_base,ModernBERT,42
7950,0,1.5455947632858624e-09,0,0.28302879089934707,model::modernbert_base,ModernBERT,42
17601,1,6.861194723484232e-09,0,0.28302879089934707,model::modernbert_base,ModernBERT,42
14362,0,2.3430846152194817e-09,0,0.28302879089934707,model::modernbert_base,ModernBERT,42
9196,1,5.122064106188873e-09,0,0.28302879089934707,model::modernbert_base,ModernBERT,42
18311,1,6.599290447439898e-09,0,0.28302879089934707,model::modernbert_base,ModernBERT,42
18325,0,1.5429733046801175e-09,0,0.28302879089934707,model::modernbert_base,ModernBERT,42
2602,0,2.6620654569597946e-09,0,0.28302879089934707,model::modernbert_base,ModernBERT,42
17256,0,5.7066800174254695e-09,0,0.28302879089934707,model::modernbert_base,ModernBERT,42
2691,1,6.585999301478296e-09,0,0.28302879089934707,model::modernbert_base,ModernBERT,42
19058,0,3.845427976045812e-09,0,0.28302879089934707,model::modernbert_base,ModernBERT,42
9185,1,1.139831073970754e-08,0,0.28302879089934707,model::modernbert_base,ModernBERT,42
20745,0,5.338064212878635e-09,0,0.28302879089934707,model::modernbert_base,ModernBERT,42
9544,0,5.004805014863223e-09,0,0.28302879089934707,model::modernbert_base,ModernBERT,42
11431,1,6.862935553186844e-09,0,0.28302879089934707,model::modernbert_base,ModernBERT,42
11528,0,2.2516513098480573e-09,0,0.28302879089934707,model::modernbert_base,ModernBERT,42
12441,0,3.0510372006631314e-09,0,0.28302879089934707,model::modernbert_base,ModernBERT,42
11925,0,7.248455613506621e-09,0,0.28302879089934707,model::modernbert_base,ModernBERT,42
2900,0,4.9740975782697205e-08,0,0.28302879089934707,model::modernbert_base,ModernBERT,42
16701,1,1.1050635961851185e-08,0,0.28302879089934707,model::modernbert_base,ModernBERT,42
5660,0,3.1174147707702105e-09,0,0.28302879089934707,model::modernbert_base,ModernBERT,42
346,1,7.676014490698435e-09,0,0.28302879089934707,model::modernbert_base,ModernBERT,42
13438,1,1.0114902693203476e-08,0,0.28302879089934707,model::modernbert_base,ModernBERT,42
1650,0,6.9812031711080635e-09,0,0.28302879089934707,model::modernbert_base,ModernBERT,42
7861,0,1.223739953815084e-08,0,0.28302879089934707,model::modernbert_base,ModernBERT,42
21098,0,1.8499652920667131e-09,0,0.28302879089934707,model::modernbert_base,ModernBERT,42
3888,1,9.951364177140931e-09,0,0.28302879089934707,model::modernbert_base,ModernBERT,42
19944,0,7.068994278824903e-09,0,0.28302879089934707,model::modernbert_base,ModernBERT,42
6096,1,4.246599516477545e-09,0,0.28302879089934707,model::modernbert_base,ModernBERT,42
12443,1,1.4045187235467438e-08,0,0.28302879089934707,model::modernbert_base,ModernBERT,42
18921,0,5.7374682782551645e-09,0,0.28302879089934707,model::modernbert_base,ModernBERT,42
19057,1,6.123144657976809e-09,0,0.28302879089934707,model::modernbert_base,ModernBERT,42
10696,0,2.117854558392196e-09,0,0.28302879089934707,model::modernbert_base,ModernBERT,42
1091,0,5.012638748524978e-09,0,0.28302879089934707,model::modernbert_base,ModernBERT,42
10496,1,8.131491036067473e-09,0,0.28302879089934707,model::modernbert_base,ModernBERT,42
5579,1,2.30916761267963e-08,0,0.28302879089934707,model::modernbert_base,ModernBERT,42
348,0,4.128535380232279e-08,0,0.28302879089934707,model::modernbert_base,ModernBERT,42
7791,0,1.1061791482802619e-08,0,0.28302879089934707,model::modernbert_base,ModernBERT,42
6921,0,2.7286586323782558e-09,0,0.28302879089934707,model::modernbert_base,ModernBERT,42
5961,0,1.734427712563047e-09,0,0.28302879089934707,model::modernbert_base,ModernBERT,42
423,0,2.71441469301692e-09,0,0.28302879089934707,model::modernbert_base,ModernBERT,42
5252,1,5.996082741432929e-09,0,0.28302879089934707,model::modernbert_base,ModernBERT,42
6483,1,1.8240802646118937e-08,0,0.28302879089934707,model::modernbert_base,ModernBERT,42
9998,0,1.502230673189331e-09,0,0.28302879089934707,model::modernbert_base,ModernBERT,42
11973,1,1.5714899603835875e-08,0,0.28302879089934707,model::modernbert_base,ModernBERT,42
10073,0,2.6138049502577587e-09,0,0.28302879089934707,model::modernbert_base,ModernBERT,42
16291,1,5.447959861015761e-09,0,0.28302879089934707,model::modernbert_base,ModernBERT,42
15117,0,5.957983439941472e-09,0,0.28302879089934707,model::modernbert_base,ModernBERT,42
6412,1,5.020638127462007e-09,0,0.28302879089934707,model::modernbert_base,ModernBERT,42
14392,0,2.1485939694088074e-09,0,0.28302879089934707,model::modernbert_base,ModernBERT,42
13991,1,7.607162011424862e-09,0,0.28302879089934707,model::modernbert_base,ModernBERT,42
5799,0,9.973971648591373e-10,0,0.28302879089934707,model::modernbert_base,ModernBERT,42
14778,1,4.193414326891798e-08,0,0.28302879089934707,model::modernbert_base,ModernBERT,42
15503,0,9.421870394987764e-09,0,0.28302879089934707,model::modernbert_base,ModernBERT,42
13030,1,6.3285372498000925e-09,0,0.28302879089934707,model::modernbert_base,ModernBERT,42
5198,1,5.213204534726401e-09,0,0.28302879089934707,model::modernbert_base,ModernBERT,42
6892,1,6.172405253579427e-09,0,0.28302879089934707,model::modernbert_base,ModernBERT,42
3729,0,6.732481949711655e-08,0,0.28302879089934707,model::modernbert_base,ModernBERT,42
8235,1,1.1347378148229836e-08,0,0.28302879089934707,model::modernbert_base,ModernBERT,42
21073,0,3.678830395870136e-08,0,0.28302879089934707,model::modernbert_base,ModernBERT,42
19901,0,2.3751804967275802e-09,0,0.28302879089934707,model::modernbert_base,ModernBERT,42
16269,0,1.4268618508950226e-09,0,0.28302879089934707,model::modernbert_base,ModernBERT,42
415,0,4.908031758787956e-09,0,0.28302879089934707,model::modernbert_base,ModernBERT,42
619,1,5.1898703112840394e-09,0,0.28302879089934707,model::modernbert_base,ModernBERT,42
9421,1,4.910447160000331e-09,0,0.28302879089934707,model::modernbert_base,ModernBERT,42
1992,1,3.198961806560874e-08,0,0.28302879089934707,model::modernbert_base,ModernBERT,42
9633,0,1.6421481952022532e-09,0,0.28302879089934707,model::modernbert_base,ModernBERT,42
790,0,1.709336561184216e-09,0,0.28302879089934707,model::modernbert_base,ModernBERT,42
7410,1,3.4037297425015822e-09,0,0.28302879089934707,model::modernbert_base,ModernBERT,42
5427,0,1.6500097954619264e-09,0,0.28302879089934707,model::modernbert_base,ModernBERT,42
12704,0,1.6133683278241051e-09,0,0.28302879089934707,model::modernbert_base,ModernBERT,42
7225,1,2.3474102661680263e-09,0,0.28302879089934707,model::modernbert_base,ModernBERT,42
3310,0,1.8960080172547578e-09,0,0.28302879089934707,model::modernbert_base,ModernBERT,42
11385,0,3.707158580112946e-09,0,0.28302879089934707,model::modernbert_base,ModernBERT,42
490,1,3.769389689267655e-09,0,0.28302879089934707,model::modernbert_base,ModernBERT,42
1730,1,6.243603412059429e-09,0,0.28302879089934707,model::modernbert_base,ModernBERT,42
20113,1,2.2527263610072623e-08,0,0.28302879089934707,model::modernbert_base,ModernBERT,42
13770,0,2.5932467284661698e-09,0,0.28302879089934707,model::modernbert_base,ModernBERT,42
12039,1,5.38505373626208e-09,0,0.28302879089934707,model::modernbert_base,ModernBERT,42
8972,0,6.4644436470473465e-09,0,0.28302879089934707,model::modernbert_base,ModernBERT,42
5955,0,1.896984791471823e-09,0,0.28302879089934707,model::modernbert_base,ModernBERT,42
18914,1,9.486570640149239e-09,0,0.28302879089934707,model::modernbert_base,ModernBERT,42
13109,1,4.637887851544065e-09,0,0.28302879089934707,model::modernbert_base,ModernBERT,42
14314,0,2.1776018765962135e-09,0,0.28302879089934707,model::modernbert_base,ModernBERT,42
487,1,1.543380179214182e-08,0,0.28302879089934707,model::modernbert_base,ModernBERT,42
613,0,1.6072377873044275e-09,0,0.28302879089934707,model::modernbert_base,ModernBERT,42
18712,0,1.162234086748981e-09,0,0.28302879089934707,model::modernbert_base,ModernBERT,42
20055,0,3.506461343505407e-09,0,0.28302879089934707,model::modernbert_base,ModernBERT,42
18631,0,6.923942752479206e-09,0,0.28302879089934707,model::modernbert_base,ModernBERT,42
4749,1,6.2681237977813e-09,0,0.28302879089934707,model::modernbert_base,ModernBERT,42
13940,0,3.330831788161959e-08,0,0.28302879089934707,model::modernbert_base,ModernBERT,42
18683,0,1.7041931199557325e-09,0,0.28302879089934707,model::modernbert_base,ModernBERT,42
7674,1,2.4465975911880378e-09,0,0.28302879089934707,model::modernbert_base,ModernBERT,42
13468,0,2.9815083735229564e-09,0,0.28302879089934707,model::modernbert_base,ModernBERT,42
1488,1,1.0015554607889499e-08,0,0.28302879089934707,model::modernbert_base,ModernBERT,42
17143,0,9.574656623101419e-10,0,0.28302879089934707,model::modernbert_base,ModernBERT,42
8932,1,5.240031075715024e-09,0,0.28302879089934707,model::modernbert_base,ModernBERT,42
10240,1,3.530917558336455e-09,0,0.28302879089934707,model::modernbert_base,ModernBERT,42
5794,0,1.0239381564858263e-09,0,0.28302879089934707,model::modernbert_base,ModernBERT,42
429,1,2.9185698302569563e-09,0,0.28302879089934707,model::modernbert_base,ModernBERT,42
14203,1,6.852785006117301e-09,0,0.28302879089934707,model::modernbert_base,ModernBERT,42
1602,0,2.049299396844617e-09,0,0.28302879089934707,model::modernbert_base,ModernBERT,42
10137,1,1.152552364658277e-08,0,0.28302879089934707,model::modernbert_base,ModernBERT,42
21093,1,3.6395768621133584e-09,0,0.28302879089934707,model::modernbert_base,ModernBERT,42
20550,0,2.4262896136661993e-09,0,0.28302879089934707,model::modernbert_base,ModernBERT,42
16419,1,1.7480184411056143e-08,0,0.28302879089934707,model::modernbert_base,ModernBERT,42
3435,0,3.141146009966178e-09,0,0.28302879089934707,model::modernbert_base,ModernBERT,42
19747,0,2.06241201894386e-09,0,0.28302879089934707,model::modernbert_base,ModernBERT,42
896,0,6.71062094781405e-09,0,0.28302879089934707,model::modernbert_base,ModernBERT,42
1158,0,9.336039497043203e-09,0,0.28302879089934707,model::modernbert_base,ModernBERT,42
3961,0,3.2566267460509835e-09,0,0.28302879089934707,model::modernbert_base,ModernBERT,42
5649,1,1.4466112752131721e-09,0,0.28302879089934707,model::modernbert_base,ModernBERT,42
19197,0,3.4470521992346903e-09,0,0.28302879089934707,model::modernbert_base,ModernBERT,42
634,0,1.7649293138077837e-09,0,0.28302879089934707,model::modernbert_base,ModernBERT,42
15856,1,1.0964764207699318e-08,0,0.28302879089934707,model::modernbert_base,ModernBERT,42
11681,1,3.413794358309019e-09,0,0.28302879089934707,model::modernbert_base,ModernBERT,42
18629,1,3.0234736936307627e-09,0,0.28302879089934707,model::modernbert_base,ModernBERT,42
908,1,1.114270364865888e-08,0,0.28302879089934707,model::modernbert_base,ModernBERT,42
10067,0,5.577016182201078e-09,0,0.28302879089934707,model::modernbert_base,ModernBERT,42
18318,1,1.4057676800405261e-08,0,0.28302879089934707,model::modernbert_base,ModernBERT,42
8724,1,8.240723659014293e-09,0,0.28302879089934707,model::modernbert_base,ModernBERT,42
17763,0,5.900893551569197e-09,0,0.28302879089934707,model::modernbert_base,ModernBERT,42
10931,0,4.038407386275367e-09,0,0.28302879089934707,model::modernbert_base,ModernBERT,42
5300,1,5.773100664185904e-09,0,0.28302879089934707,model::modernbert_base,ModernBERT,42
14296,0,1.9522959249229643e-08,0,0.28302879089934707,model::modernbert_base,ModernBERT,42
6517,0,1.490966794470694e-09,0,0.28302879089934707,model::modernbert_base,ModernBERT,42
9698,0,1.7986858669161165e-09,0,0.28302879089934707,model::modernbert_base,ModernBERT,42
3299,1,6.4092944285221165e-09,0,0.28302879089934707,model::modernbert_base,ModernBERT,42
15057,0,1.3779407614933348e-09,0,0.28302879089934707,model::modernbert_base,ModernBERT,42
18724,1,6.856419876299924e-09,0,0.28302879089934707,model::modernbert_base,ModernBERT,42
4523,0,1.673473359886657e-09,0,0.28302879089934707,model::modernbert_base,ModernBERT,42
15341,1,5.503070887868944e-09,0,0.28302879089934707,model::modernbert_base,ModernBERT,42
20812,0,4.116719537705649e-06,0,0.28302879089934707,model::modernbert_base,ModernBERT,42
10438,1,1.1076422445910339e-08,0,0.28302879089934707,model::modernbert_base,ModernBERT,42
4214,0,5.826453097768081e-09,0,0.28302879089934707,model::modernbert_base,ModernBERT,42
17013,0,2.2375403752050715e-09,0,0.28302879089934707,model::modernbert_base,ModernBERT,42
6937,1,9.929048694345965e-09,0,0.28302879089934707,model::modernbert_base,ModernBERT,42
1126,0,1.3289551681339162e-08,0,0.28302879089934707,model::modernbert_base,ModernBERT,42
10572,0,1.0212528600561654e-08,0,0.28302879089934707,model::modernbert_base,ModernBERT,42
10926,1,7.848010241673364e-09,0,0.28302879089934707,model::modernbert_base,ModernBERT,42
6536,1,1.3663266962282705e-08,0,0.28302879089934707,model::modernbert_base,ModernBERT,42
18459,0,1.503475566266843e-08,0,0.28302879089934707,model::modernbert_base,ModernBERT,42
11808,0,3.355912170377451e-08,0,0.28302879089934707,model::modernbert_base,ModernBERT,42
11380,0,3.0483264801262067e-09,0,0.28302879089934707,model::modernbert_base,ModernBERT,42
808,1,3.603952913877606e-09,0,0.28302879089934707,model::modernbert_base,ModernBERT,42
128,0,2.841959778621117e-09,0,0.28302879089934707,model::modernbert_base,ModernBERT,42
2751,0,2.6780975215245917e-09,0,0.28302879089934707,model::modernbert_base,ModernBERT,42
12590,1,4.90038010170224e-09,0,0.28302879089934707,model::modernbert_base,ModernBERT,42
14014,0,3.9696095655017416e-07,0,0.28302879089934707,model::modernbert_base,ModernBERT,42
18569,0,3.6799163716239036e-09,0,0.28302879089934707,model::modernbert_base,ModernBERT,42
3436,1,6.535232799365076e-09,0,0.28302879089934707,model::modernbert_base,ModernBERT,42
3401,0,3.32881655573658e-09,0,0.28302879089934707,model::modernbert_base,ModernBERT,42
15971,0,4.181854862395085e-09,0,0.28302879089934707,model::modernbert_base,ModernBERT,42
9490,0,1.1989603754258837e-09,0,0.28302879089934707,model::modernbert_base,ModernBERT,42
20368,0,2.551455047239415e-09,0,0.28302879089934707,model::modernbert_base,ModernBERT,42
6327,1,1.6443209460703656e-08,0,0.28302879089934707,model::modernbert_base,ModernBERT,42
14955,0,2.0233046349460437e-09,0,0.28302879089934707,model::modernbert_base,ModernBERT,42
4579,1,7.690654335590352e-09,0,0.28302879089934707,model::modernbert_base,ModernBERT,42
982,1,1.288239470653707e-08,0,0.28302879089934707,model::modernbert_base,ModernBERT,42
8426,1,2.8958865527783928e-08,0,0.28302879089934707,model::modernbert_base,ModernBERT,42
6009,1,4.69408822922901e-09,0,0.28302879089934707,model::modernbert_base,ModernBERT,42
334,0,5.194544350217711e-09,0,0.28302879089934707,model::modernbert_base,ModernBERT,42
19831,1,4.962004140907084e-09,0,0.28302879089934707,model::modernbert_base,ModernBERT,42
6688,1,9.453371418999268e-09,0,0.28302879089934707,model::modernbert_base,ModernBERT,42
2448,0,8.401670470448153e-09,0,0.28302879089934707,model::modernbert_base,ModernBERT,42
17841,1,1.0325325483506731e-08,0,0.28302879089934707,model::modernbert_base,ModernBERT,42
16629,0,9.74196368019875e-09,0,0.28302879089934707,model::modernbert_base,ModernBERT,42
5068,1,1.8605846863195552e-09,0,0.28302879089934707,model::modernbert_base,ModernBERT,42
5234,1,1.198679733249719e-08,0,0.28302879089934707,model::modernbert_base,ModernBERT,42
13878,1,2.250896535826996e-08,0,0.28302879089934707,model::modernbert_base,ModernBERT,42
14440,1,1.2402141535972078e-08,0,0.28302879089934707,model::modernbert_base,ModernBERT,42
10785,1,1.933521565078422e-09,0,0.28302879089934707,model::modernbert_base,ModernBERT,42
5471,0,3.6936567138212695e-09,0,0.28302879089934707,model::modernbert_base,ModernBERT,42
13068,0,3.915711754842732e-09,0,0.28302879089934707,model::modernbert_base,ModernBERT,42
11483,1,1.0660302862675053e-08,0,0.28302879089934707,model::modernbert_base,ModernBERT,42
8732,0,3.7246647988098402e-09,0,0.28302879089934707,model::modernbert_base,ModernBERT,42
19263,1,3.762407718710392e-09,0,0.28302879089934707,model::modernbert_base,ModernBERT,42
9360,0,3.6215517251747542e-09,0,0.28302879089934707,model::modernbert_base,ModernBERT,42
14206,1,1.156278006675393e-08,0,0.28302879089934707,model::modernbert_base,ModernBERT,42
688,0,9.374060937261675e-06,0,0.28302879089934707,model::modernbert_base,ModernBERT,42
4075,0,1.2704407525987449e-09,0,0.28302879089934707,model::modernbert_base,ModernBERT,42
11274,0,2.5384025992281067e-09,0,0.28302879089934707,model::modernbert_base,ModernBERT,42
13925,1,1.6110014655623672e-08,0,0.28302879089934707,model::modernbert_base,ModernBERT,42
7279,0,1.7694629095288406e-09,0,0.28302879089934707,model::modernbert_base,ModernBERT,42
15247,0,2.9353179886726366e-09,0,0.28302879089934707,model::modernbert_base,ModernBERT,42
7024,0,2.3113080338532654e-09,0,0.28302879089934707,model::modernbert_base,ModernBERT,42
7278,1,5.733595820345272e-09,0,0.28302879089934707,model::modernbert_base,ModernBERT,42
17680,1,1.8400836410137345e-09,0,0.28302879089934707,model::modernbert_base,ModernBERT,42
6777,1,6.131839924705673e-09,0,0.28302879089934707,model::modernbert_base,ModernBERT,42
13849,0,2.1761247026574893e-08,0,0.28302879089934707,model::modernbert_base,ModernBERT,42
3985,1,7.4165131813686e-09,0,0.28302879089934707,model::modernbert_base,ModernBERT,42
6058,1,4.684526988540938e-09,0,0.28302879089934707,model::modernbert_base,ModernBERT,42
1079,0,2.715196512070861e-09,0,0.28302879089934707,model::modernbert_base,ModernBERT,42
19594,0,1.5097565420063574e-09,0,0.28302879089934707,model::modernbert_base,ModernBERT,42
850,0,2.087424810781613e-08,0,0.28302879089934707,model::modernbert_base,ModernBERT,42
4983,0,2.320814429523921e-09,0,0.28302879089934707,model::modernbert_base,ModernBERT,42
174,1,9.628962516217143e-09,0,0.28302879089934707,model::modernbert_base,ModernBERT,42
20094,0,3.129198233864372e-09,0,0.28302879089934707,model::modernbert_base,ModernBERT,42
20213,1,1.096940849265593e-08,0,0.28302879089934707,model::modernbert_base,ModernBERT,42
8534,0,9.285622049048925e-09,0,0.28302879089934707,model::modernbert_base,ModernBERT,42
11858,0,4.331016878467153e-09,0,0.28302879089934707,model::modernbert_base,ModernBERT,42
367,1,2.8332944879139177e-09,0,0.28302879089934707,model::modernbert_base,ModernBERT,42
7143,0,4.370825479327323e-09,0,0.28302879089934707,model::modernbert_base,ModernBERT,42
10376,0,3.1638627273622433e-09,0,0.28302879089934707,model::modernbert_base,ModernBERT,42
8199,0,4.991154156641642e-09,0,0.28302879089934707,model::modernbert_base,ModernBERT,42
20114,0,3.604965215231459e-08,0,0.28302879089934707,model::modernbert_base,ModernBERT,42
11262,0,4.498471373182156e-09,0,0.28302879089934707,model::modernbert_base,ModernBERT,42
9563,1,8.78079209343241e-09,0,0.28302879089934707,model::modernbert_base,ModernBERT,42
12761,1,1.5832746669275366e-08,0,0.28302879089934707,model::modernbert_base,ModernBERT,42
17570,1,1.0967817765106247e-08,0,0.28302879089934707,model::modernbert_base,ModernBERT,42
16713,0,1.111149949828416e-09,0,0.28302879089934707,model::modernbert_base,ModernBERT,42
5713,1,8.505183224372104e-09,0,0.28302879089934707,model::modernbert_base,ModernBERT,42
5414,0,2.4674238208177712e-09,0,0.28302879089934707,model::modernbert_base,ModernBERT,42
18494,1,7.338221585939664e-09,0,0.28302879089934707,model::modernbert_base,ModernBERT,42
1935,1,2.8819842512461946e-08,0,0.28302879089934707,model::modernbert_base,ModernBERT,42
16113,1,1.4681601712140946e-08,0,0.28302879089934707,model::modernbert_base,ModernBERT,42
1441,0,4.91210805364517e-08,0,0.28302879089934707,model::modernbert_base,ModernBERT,42
1228,0,6.472117508593556e-09,0,0.28302879089934707,model::modernbert_base,ModernBERT,42
19144,1,1.4244995405476857e-08,0,0.28302879089934707,model::modernbert_base,ModernBERT,42
4712,1,1.5041209167065972e-08,0,0.28302879089934707,model::modernbert_base,ModernBERT,42
11466,0,3.292007875188574e-07,0,0.28302879089934707,model::modernbert_base,ModernBERT,42
17459,0,1.1701057900381784e-09,0,0.28302879089934707,model::modernbert_base,ModernBERT,42
8967,0,1.6479874132002692e-09,0,0.28302879089934707,model::modernbert_base,ModernBERT,42
14341,0,8.36136848647584e-09,0,0.28302879089934707,model::modernbert_base,ModernBERT,42
3632,0,1.7480442648931671e-09,0,0.28302879089934707,model::modernbert_base,ModernBERT,42
3480,1,3.033258533235994e-09,0,0.28302879089934707,model::modernbert_base,ModernBERT,42
6585,1,3.047931018684835e-09,0,0.28302879089934707,model::modernbert_base,ModernBERT,42
6008,0,1.9157990749363307e-08,0,0.28302879089934707,model::modernbert_base,ModernBERT,42
1254,0,5.5228599471490725e-09,0,0.28302879089934707,model::modernbert_base,ModernBERT,42
17474,0,2.998548964683323e-09,0,0.28302879089934707,model::modernbert_base,ModernBERT,42
1177,1,1.0580833986750804e-08,0,0.28302879089934707,model::modernbert_base,ModernBERT,42
11781,1,1.4957585392494366e-08,0,0.28302879089934707,model::modernbert_base,ModernBERT,42
2146,1,4.50461890011411e-09,0,0.28302879089934707,model::modernbert_base,ModernBERT,42
18172,1,1.4215004284778843e-08,0,0.28302879089934707,model::modernbert_base,ModernBERT,42
7548,0,1.3457160719099193e-08,0,0.28302879089934707,model::modernbert_base,ModernBERT,42
764,0,3.5222136318679986e-09,0,0.28302879089934707,model::modernbert_base,ModernBERT,42
14320,1,1.4037474294070762e-08,0,0.28302879089934707,model::modernbert_base,ModernBERT,42
15706,1,8.538031615046293e-09,0,0.28302879089934707,model::modernbert_base,ModernBERT,42
780,0,1.0398947480894094e-08,0,0.28302879089934707,model::modernbert_base,ModernBERT,42
3599,1,2.1333581567972715e-09,0,0.28302879089934707,model::modernbert_base,ModernBERT,42
6337,0,5.888054044334012e-09,0,0.28302879089934707,model::modernbert_base,ModernBERT,42
8245,0,1.3795685704920402e-09,0,0.28302879089934707,model::modernbert_base,ModernBERT,42
4228,1,1.0164335151330306e-08,0,0.28302879089934707,model::modernbert_base,ModernBERT,42
11837,0,3.756456035119982e-09,0,0.28302879089934707,model::modernbert_base,ModernBERT,42
3082,1,1.4036457329780205e-08,0,0.28302879089934707,model::modernbert_base,ModernBERT,42
13788,1,1.3966301892764932e-08,0,0.28302879089934707,model::modernbert_base,ModernBERT,42
18100,0,7.508217159113428e-09,0,0.28302879089934707,model::modernbert_base,ModernBERT,42
3378,0,8.102602144788307e-09,0,0.28302879089934707,model::modernbert_base,ModernBERT,42
15236,1,1.4401177139689025e-08,0,0.28302879089934707,model::modernbert_base,ModernBERT,42
6983,1,1.1530294941053398e-08,0,0.28302879089934707,model::modernbert_base,ModernBERT,42
2555,1,1.1162848423396099e-08,0,0.28302879089934707,model::modernbert_base,ModernBERT,42
12868,0,1.2988479181075263e-09,0,0.28302879089934707,model::modernbert_base,ModernBERT,42
13479,1,9.206035933573276e-09,0,0.28302879089934707,model::modernbert_base,ModernBERT,42
14049,0,1.3665761855463643e-09,0,0.28302879089934707,model::modernbert_base,ModernBERT,42
6635,0,6.233738858441029e-09,0,0.28302879089934707,model::modernbert_base,ModernBERT,42
7378,1,9.863249772479321e-09,0,0.28302879089934707,model::modernbert_base,ModernBERT,42
20958,1,8.04990385461224e-09,0,0.28302879089934707,model::modernbert_base,ModernBERT,42
14303,1,1.4575686435591706e-08,0,0.28302879089934707,model::modernbert_base,ModernBERT,42
20001,0,5.216865162083195e-09,0,0.28302879089934707,model::modernbert_base,ModernBERT,42
2340,0,6.331918100954681e-09,0,0.28302879089934707,model::modernbert_base,ModernBERT,42
6722,0,1.6502175181898338e-09,0,0.28302879089934707,model::modernbert_base,ModernBERT,42
10561,0,1.473327415624226e-08,0,0.28302879089934707,model::modernbert_base,ModernBERT,42
8073,0,1.3514049879148615e-09,0,0.28302879089934707,model::modernbert_base,ModernBERT,42
8739,1,2.1048361276143623e-08,0,0.28302879089934707,model::modernbert_base,ModernBERT,42
7683,0,2.9296072234785697e-09,0,0.28302879089934707,model::modernbert_base,ModernBERT,42
562,1,8.142976071212615e-09,0,0.28302879089934707,model::modernbert_base,ModernBERT,42
481,0,7.727900097620477e-09,0,0.28302879089934707,model::modernbert_base,ModernBERT,42
11690,0,2.0909423081860723e-09,0,0.28302879089934707,model::modernbert_base,ModernBERT,42
8968,0,6.268207286552752e-09,0,0.28302879089934707,model::modernbert_base,ModernBERT,42
10874,0,1.3828063138987545e-09,0,0.28302879089934707,model::modernbert_base,ModernBERT,42
210,1,6.3812874984137125e-09,0,0.28302879089934707,model::modernbert_base,ModernBERT,42
4549,1,3.5873835013688904e-09,0,0.28302879089934707,model::modernbert_base,ModernBERT,42
1413,0,2.739296345311004e-09,0,0.28302879089934707,model::modernbert_base,ModernBERT,42
15997,1,1.008061989438147e-08,0,0.28302879089934707,model::modernbert_base,ModernBERT,42
75,0,4.584484347702755e-09,0,0.28302879089934707,model::modernbert_base,ModernBERT,42
2717,0,1.9111410232142134e-09,0,0.28302879089934707,model::modernbert_base,ModernBERT,42
19926,1,9.98273197438948e-09,0,0.28302879089934707,model::modernbert_base,ModernBERT,42
15315,1,9.222204333525497e-09,0,0.28302879089934707,model::modernbert_base,ModernBERT,42
9835,0,1.6102333688650106e-08,0,0.28302879089934707,model::modernbert_base,ModernBERT,42
5659,0,4.142076015511975e-09,0,0.28302879089934707,model::modernbert_base,ModernBERT,42
18648,0,5.682740500390082e-09,0,0.28302879089934707,model::modernbert_base,ModernBERT,42
9603,0,1.6019421309465542e-05,0,0.28302879089934707,model::modernbert_base,ModernBERT,42
18453,0,5.55595125462105e-09,0,0.28302879089934707,model::modernbert_base,ModernBERT,42
16468,1,2.092039430579007e-09,0,0.28302879089934707,model::modernbert_base,ModernBERT,42
16588,1,1.3005689858403002e-08,0,0.28302879089934707,model::modernbert_base,ModernBERT,42
16650,1,7.610528207635525e-09,0,0.28302879089934707,model::modernbert_base,ModernBERT,42
15928,0,4.677473963710099e-09,0,0.28302879089934707,model::modernbert_base,ModernBERT,42
13095,0,3.1026741176276573e-09,0,0.28302879089934707,model::modernbert_base,ModernBERT,42
14860,0,4.384853813377276e-09,0,0.28302879089934707,model::modernbert_base,ModernBERT,42
4139,0,8.690107478059872e-08,0,0.28302879089934707,model::modernbert_base,ModernBERT,42
20110,0,3.1074889328408517e-09,0,0.28302879089934707,model::modernbert_base,ModernBERT,42
4560,1,4.526615970945613e-09,0,0.28302879089934707,model::modernbert_base,ModernBERT,42
19539,1,8.759564629201577e-09,0,0.28302879089934707,model::modernbert_base,ModernBERT,42
9745,0,2.780206065366997e-09,0,0.28302879089934707,model::modernbert_base,ModernBERT,42
5156,1,4.905018169409914e-09,0,0.28302879089934707,model::modernbert_base,ModernBERT,42
20760,0,2.6737796421372195e-09,0,0.28302879089934707,model::modernbert_base,ModernBERT,42
16958,1,1.0587455356869668e-08,0,0.28302879089934707,model::modernbert_base,ModernBERT,42
11575,0,3.3284484057816144e-09,0,0.28302879089934707,model::modernbert_base,ModernBERT,42
3619,1,1.2908146551637856e-08,0,0.28302879089934707,model::modernbert_base,ModernBERT,42
10185,0,5.738792552278937e-09,0,0.28302879089934707,model::modernbert_base,ModernBERT,42
2926,0,4.426921496047953e-09,0,0.28302879089934707,model::modernbert_base,ModernBERT,42
2115,1,5.3011519618451075e-09,0,0.28302879089934707,model::modernbert_base,ModernBERT,42
1055,1,1.2204393051717943e-08,0,0.28302879089934707,model::modernbert_base,ModernBERT,42
8123,1,1.565751439613905e-08,0,0.28302879089934707,model::modernbert_base,ModernBERT,42
12769,0,3.619155641843008e-09,0,0.28302879089934707,model::modernbert_base,ModernBERT,42
15160,0,1.19433449796702e-08,0,0.28302879089934707,model::modernbert_base,ModernBERT,42
5461,0,1.943333938214664e-09,0,0.28302879089934707,model::modernbert_base,ModernBERT,42
17879,0,4.276323739560439e-09,0,0.28302879089934707,model::modernbert_base,ModernBERT,42
10608,0,1.910689162443191e-09,0,0.28302879089934707,model::modernbert_base,ModernBERT,42
7532,0,2.7036104466304778e-09,0,0.28302879089934707,model::modernbert_base,ModernBERT,42
17132,0,5.528079682903808e-08,0,0.28302879089934707,model::modernbert_base,ModernBERT,42
8408,1,7.891795661407741e-09,0,0.28302879089934707,model::modernbert_base,ModernBERT,42
10165,1,6.462150814456891e-09,0,0.28302879089934707,model::modernbert_base,ModernBERT,42
21091,1,1.1449188264123222e-08,0,0.28302879089934707,model::modernbert_base,ModernBERT,42
12766,0,5.887571319362905e-09,0,0.28302879089934707,model::modernbert_base,ModernBERT,42
2251,0,5.6007799287272064e-08,0,0.28302879089934707,model::modernbert_base,ModernBERT,42
8615,0,5.4764748291802334e-09,0,0.28302879089934707,model::modernbert_base,ModernBERT,42
8378,0,3.746610133248396e-09,0,0.28302879089934707,model::modernbert_base,ModernBERT,42
14277,0,3.3246414510301747e-09,0,0.28302879089934707,model::modernbert_base,ModernBERT,42
19458,0,3.3624136808185767e-09,0,0.28302879089934707,model::modernbert_base,ModernBERT,42
20796,0,8.612631496873746e-09,0,0.28302879089934707,model::modernbert_base,ModernBERT,42
5845,1,6.2850276094650326e-09,0,0.28302879089934707,model::modernbert_base,ModernBERT,42
1310,0,1.8215516872643889e-09,0,0.28302879089934707,model::modernbert_base,ModernBERT,42
4280,1,1.3402216225699704e-08,0,0.28302879089934707,model::modernbert_base,ModernBERT,42
15389,1,7.849043193175476e-09,0,0.28302879089934707,model::modernbert_base,ModernBERT,42
496,1,4.981529411196561e-09,0,0.28302879089934707,model::modernbert_base,ModernBERT,42
18252,1,9.944078449564131e-09,0,0.28302879089934707,model::modernbert_base,ModernBERT,42
6519,0,4.97013097344734e-09,0,0.28302879089934707,model::modernbert_base,ModernBERT,42
11741,0,4.720890345311091e-09,0,0.28302879089934707,model::modernbert_base,ModernBERT,42
484,1,1.0470876610213509e-08,0,0.28302879089934707,model::modernbert_base,ModernBERT,42
9895,0,5.061067565037547e-09,0,0.28302879089934707,model::modernbert_base,ModernBERT,42
923,0,4.197613368006614e-09,0,0.28302879089934707,model::modernbert_base,ModernBERT,42
3798,0,1.6924797119344248e-09,0,0.28302879089934707,model::modernbert_base,ModernBERT,42
18139,0,3.3325608228551573e-07,0,0.28302879089934707,model::modernbert_base,ModernBERT,42
17468,1,4.213455806478805e-09,0,0.28302879089934707,model::modernbert_base,ModernBERT,42
15063,1,9.68663727007879e-09,0,0.28302879089934707,model::modernbert_base,ModernBERT,42
126,1,3.097667189422282e-08,0,0.28302879089934707,model::modernbert_base,ModernBERT,42
21095,1,1.2598720289247467e-08,0,0.28302879089934707,model::modernbert_base,ModernBERT,42
15130,0,4.9746073926826284e-09,0,0.28302879089934707,model::modernbert_base,ModernBERT,42
19359,1,8.796532391386336e-09,0,0.28302879089934707,model::modernbert_base,ModernBERT,42
9491,1,2.3875770693848608e-08,0,0.28302879089934707,model::modernbert_base,ModernBERT,42
19796,1,1.184543041432562e-08,0,0.28302879089934707,model::modernbert_base,ModernBERT,42
13646,1,1.930287218954163e-08,0,0.28302879089934707,model::modernbert_base,ModernBERT,42
466,1,1.531945059696227e-08,0,0.28302879089934707,model::modernbert_base,ModernBERT,42
6094,0,5.8478852871246545e-09,0,0.28302879089934707,model::modernbert_base,ModernBERT,42
15145,0,4.042036927387471e-09,0,0.28302879089934707,model::modernbert_base,ModernBERT,42
16604,1,7.584386452208491e-09,0,0.28302879089934707,model::modernbert_base,ModernBERT,42
17821,1,1.4889753430225028e-08,0,0.28302879089934707,model::modernbert_base,ModernBERT,42
17419,1,3.719517804867678e-09,0,0.28302879089934707,model::modernbert_base,ModernBERT,42
14877,1,7.225114728726112e-09,0,0.28302879089934707,model::modernbert_base,ModernBERT,42
8393,1,8.705864473768088e-09,0,0.28302879089934707,model::modernbert_base,ModernBERT,42
18878,1,1.094053114769622e-08,0,0.28302879089934707,model::modernbert_base,ModernBERT,42
6177,1,2.3967834383853415e-09,0,0.28302879089934707,model::modernbert_base,ModernBERT,42
7263,1,4.14976231155606e-09,0,0.28302879089934707,model::modernbert_base,ModernBERT,42
15386,0,7.629960663280144e-09,0,0.28302879089934707,model::modernbert_base,ModernBERT,42
14349,1,8.100268011901335e-09,0,0.28302879089934707,model::modernbert_base,ModernBERT,42
21131,1,5.07435826690994e-09,0,0.28302879089934707,model::modernbert_base,ModernBERT,42
9817,0,2.809207944665104e-05,0,0.28302879089934707,model::modernbert_base,ModernBERT,42
10877,0,6.488135806392847e-09,0,0.28302879089934707,model::modernbert_base,ModernBERT,42
18463,1,3.93052745906175e-09,0,0.28302879089934707,model::modernbert_base,ModernBERT,42
6629,1,2.116344433034101e-09,0,0.28302879089934707,model::modernbert_base,ModernBERT,42
14541,1,3.939804482655518e-09,0,0.28302879089934707,model::modernbert_base,ModernBERT,42
14884,1,6.517245410009309e-09,0,0.28302879089934707,model::modernbert_base,ModernBERT,42
2215,0,2.708828938935426e-09,0,0.28302879089934707,model::modernbert_base,ModernBERT,42
9773,1,3.484054822422422e-09,0,0.28302879089934707,model::modernbert_base,ModernBERT,42
18562,0,6.630213711389388e-09,0,0.28302879089934707,model::modernbert_base,ModernBERT,42
6143,1,1.9499179160220592e-08,0,0.28302879089934707,model::modernbert_base,ModernBERT,42
11551,0,1.5031536015897018e-09,0,0.28302879089934707,model::modernbert_base,ModernBERT,42
13996,1,9.78378711380401e-09,0,0.28302879089934707,model::modernbert_base,ModernBERT,42
9568,1,7.17749415457547e-09,0,0.28302879089934707,model::modernbert_base,ModernBERT,42
19372,1,6.09624883907145e-09,0,0.28302879089934707,model::modernbert_base,ModernBERT,42
8080,1,4.851314017173536e-09,0,0.28302879089934707,model::modernbert_base,ModernBERT,42
7987,1,2.7132758262382595e-09,0,0.28302879089934707,model::modernbert_base,ModernBERT,42
20784,1,1.0127315874797205e-08,0,0.28302879089934707,model::modernbert_base,ModernBERT,42
16157,0,9.46367251231095e-09,0,0.28302879089934707,model::modernbert_base,ModernBERT,42
13696,1,6.298312094088487e-09,0,0.28302879089934707,model::modernbert_base,ModernBERT,42
10440,1,6.747391978478845e-09,0,0.28302879089934707,model::modernbert_base,ModernBERT,42
15548,1,7.112692657074149e-09,0,0.28302879089934707,model::modernbert_base,ModernBERT,42
19883,0,4.924218188762097e-08,0,0.28302879089934707,model::modernbert_base,ModernBERT,42
12834,1,8.0849105188463e-09,0,0.28302879089934707,model::modernbert_base,ModernBERT,42
20620,0,1.3812774257715432e-09,0,0.28302879089934707,model::modernbert_base,ModernBERT,42
5767,0,8.968300768685822e-09,0,0.28302879089934707,model::modernbert_base,ModernBERT,42
17817,0,5.194713104117454e-09,0,0.28302879089934707,model::modernbert_base,ModernBERT,42
20158,0,1.6404889668919509e-09,0,0.28302879089934707,model::modernbert_base,ModernBERT,42
880,0,2.317434910636962e-09,0,0.28302879089934707,model::modernbert_base,ModernBERT,42
12576,0,2.4977282464533346e-09,0,0.28302879089934707,model::modernbert_base,ModernBERT,42
644,1,8.570238740901459e-09,0,0.28302879089934707,model::modernbert_base,ModernBERT,42
19510,0,5.897292876255733e-09,0,0.28302879089934707,model::modernbert_base,ModernBERT,42
15492,0,2.8662938348134048e-05,0,0.28302879089934707,model::modernbert_base,ModernBERT,42
7563,0,6.174253996960033e-09,0,0.28302879089934707,model::modernbert_base,ModernBERT,42
11597,0,5.016857151929344e-09,0,0.28302879089934707,model::modernbert_base,ModernBERT,42
16398,0,1.688572659475085e-08,0,0.28302879089934707,model::modernbert_base,ModernBERT,42
11855,1,1.1648311648571053e-08,0,0.28302879089934707,model::modernbert_base,ModernBERT,42
2772,1,2.067923787762993e-08,0,0.28302879089934707,model::modernbert_base,ModernBERT,42
21125,1,7.3636554631661966e-09,0,0.28302879089934707,model::modernbert_base,ModernBERT,42
10189,1,4.0908765264191516e-09,0,0.28302879089934707,model::modernbert_base,ModernBERT,42
5790,0,1.827209716864786e-09,0,0.28302879089934707,model::modernbert_base,ModernBERT,42
9368,0,2.4225486061624224e-09,0,0.28302879089934707,model::modernbert_base,ModernBERT,42
6941,0,1.1359851725956105e-08,0,0.28302879089934707,model::modernbert_base,ModernBERT,42
3266,0,2.20031415310018e-09,0,0.28302879089934707,model::modernbert_base,ModernBERT,42
11833,0,2.0211869955488737e-09,0,0.28302879089934707,model::modernbert_base,ModernBERT,42
6764,1,9.182221205605856e-09,0,0.28302879089934707,model::modernbert_base,ModernBERT,42
13066,1,4.95789809207281e-09,0,0.28302879089934707,model::modernbert_base,ModernBERT,42
20392,0,2.68239674916515e-09,0,0.28302879089934707,model::modernbert_base,ModernBERT,42
394,0,1.4991193841851214e-09,0,0.28302879089934707,model::modernbert_base,ModernBERT,42
1023,0,1.7716319078431297e-08,0,0.28302879089934707,model::modernbert_base,ModernBERT,42
13531,1,1.6216187503914625e-08,0,0.28302879089934707,model::modernbert_base,ModernBERT,42
12092,0,1.924268744346591e-09,0,0.28302879089934707,model::modernbert_base,ModernBERT,42
13760,1,1.0485865509224368e-08,0,0.28302879089934707,model::modernbert_base,ModernBERT,42
2190,1,3.904524703557399e-09,0,0.28302879089934707,model::modernbert_base,ModernBERT,42
18934,0,8.526382799800558e-08,0,0.28302879089934707,model::modernbert_base,ModernBERT,42
19211,1,3.2785585357686386e-09,0,0.28302879089934707,model::modernbert_base,ModernBERT,42
11587,0,3.326734665520803e-09,0,0.28302879089934707,model::modernbert_base,ModernBERT,42
17062,0,2.633923523731596e-09,0,0.28302879089934707,model::modernbert_base,ModernBERT,42
2259,1,4.069087289337858e-09,0,0.28302879089934707,model::modernbert_base,ModernBERT,42
13809,1,5.758825416535274e-09,0,0.28302879089934707,model::modernbert_base,ModernBERT,42
1803,1,2.5639732559312733e-09,0,0.28302879089934707,model::modernbert_base,ModernBERT,42
12667,1,1.0214788126461372e-08,0,0.28302879089934707,model::modernbert_base,ModernBERT,42
17411,0,3.859035757614038e-09,0,0.28302879089934707,model::modernbert_base,ModernBERT,42
8698,1,8.573443288639737e-09,0,0.28302879089934707,model::modernbert_base,ModernBERT,42
6460,1,4.150593646556899e-09,0,0.28302879089934707,model::modernbert_base,ModernBERT,42
13965,1,1.4159936334579015e-08,0,0.28302879089934707,model::modernbert_base,ModernBERT,42
11339,0,2.656622921648477e-09,0,0.28302879089934707,model::modernbert_base,ModernBERT,42
7569,1,4.943422560188537e-09,0,0.28302879089934707,model::modernbert_base,ModernBERT,42
7963,1,1.045064479399116e-08,0,0.28302879089934707,model::modernbert_base,ModernBERT,42
3414,1,3.0033513453986416e-09,0,0.28302879089934707,model::modernbert_base,ModernBERT,42
2590,1,1.3259978892676827e-08,0,0.28302879089934707,model::modernbert_base,ModernBERT,42
14210,1,1.257670412257994e-08,0,0.28302879089934707,model::modernbert_base,ModernBERT,42
10156,1,2.9623714592474926e-09,0,0.28302879089934707,model::modernbert_base,ModernBERT,42
8969,0,7.52275308713024e-09,0,0.28302879089934707,model::modernbert_base,ModernBERT,42
4717,1,5.323290697134553e-09,0,0.28302879089934707,model::modernbert_base,ModernBERT,42
16809,0,1.4046225293995462e-09,0,0.28302879089934707,model::modernbert_base,ModernBERT,42
4177,1,4.628034844245121e-09,0,0.28302879089934707,model::modernbert_base,ModernBERT,42
4534,1,1.1176718217598136e-08,0,0.28302879089934707,model::modernbert_base,ModernBERT,42
14469,0,8.917266036689853e-09,0,0.28302879089934707,model::modernbert_base,ModernBERT,42
11927,1,1.5430535071914164e-08,0,0.28302879089934707,model::modernbert_base,ModernBERT,42
19264,0,2.100075002786639e-09,0,0.28302879089934707,model::modernbert_base,ModernBERT,42
16944,0,4.125667807386435e-09,0,0.28302879089934707,model::modernbert_base,ModernBERT,42
20919,1,2.3936962634252268e-08,0,0.28302879089934707,model::modernbert_base,ModernBERT,42
5177,0,2.0882082729656304e-09,0,0.28302879089934707,model::modernbert_base,ModernBERT,42
18181,1,9.226127417605312e-09,0,0.28302879089934707,model::modernbert_base,ModernBERT,42
19414,1,4.2277044087768445e-09,0,0.28302879089934707,model::modernbert_base,ModernBERT,42
191,1,1.8622391406708516e-09,0,0.28302879089934707,model::modernbert_base,ModernBERT,42
13914,1,4.231262007436953e-09,0,0.28302879089934707,model::modernbert_base,ModernBERT,42
20969,1,3.2480846900995175e-09,0,0.28302879089934707,model::modernbert_base,ModernBERT,42
8565,1,8.13265454979728e-09,0,0.28302879089934707,model::modernbert_base,ModernBERT,42
15773,1,7.43099848321549e-09,0,0.28302879089934707,model::modernbert_base,ModernBERT,42
9829,1,5.846937156661625e-09,0,0.28302879089934707,model::modernbert_base,ModernBERT,42
14330,0,2.5868145403507015e-09,0,0.28302879089934707,model::modernbert_base,ModernBERT,42
19291,0,1.932334292575888e-09,0,0.28302879089934707,model::modernbert_base,ModernBERT,42
10709,1,3.162294204273053e-09,0,0.28302879089934707,model::modernbert_base,ModernBERT,42
1170,0,1.0006828254915945e-08,0,0.28302879089934707,model::modernbert_base,ModernBERT,42
15340,1,6.00647620530026e-09,0,0.28302879089934707,model::modernbert_base,ModernBERT,42
14324,1,8.118566263703997e-09,0,0.28302879089934707,model::modernbert_base,ModernBERT,42
18346,0,2.8297355569861793e-09,0,0.28302879089934707,model::modernbert_base,ModernBERT,42
14941,1,9.009602841558717e-09,0,0.28302879089934707,model::modernbert_base,ModernBERT,42
19736,0,6.062089941138993e-09,0,0.28302879089934707,model::modernbert_base,ModernBERT,42
17760,1,5.4425588480455644e-09,0,0.28302879089934707,model::modernbert_base,ModernBERT,42
10372,1,2.539977828064366e-08,0,0.28302879089934707,model::modernbert_base,ModernBERT,42
7236,1,6.393885421118739e-09,0,0.28302879089934707,model::modernbert_base,ModernBERT,42
4339,1,5.7744111714441715e-09,0,0.28302879089934707,model::modernbert_base,ModernBERT,42
6041,0,1.0922187243522785e-07,0,0.28302879089934707,model::modernbert_base,ModernBERT,42
5369,0,3.383127999967428e-09,0,0.28302879089934707,model::modernbert_base,ModernBERT,42
16730,0,3.3625739970233326e-09,0,0.28302879089934707,model::modernbert_base,ModernBERT,42
20508,1,4.9130424173426945e-09,0,0.28302879089934707,model::modernbert_base,ModernBERT,42
13592,1,5.303649963650514e-09,0,0.28302879089934707,model::modernbert_base,ModernBERT,42
8155,1,7.742506191732446e-09,0,0.28302879089934707,model::modernbert_base,ModernBERT,42
18328,0,1.1887658635245657e-09,0,0.28302879089934707,model::modernbert_base,ModernBERT,42
19562,1,9.874939088660994e-09,0,0.28302879089934707,model::modernbert_base,ModernBERT,42
17565,0,5.566516136923383e-09,0,0.28302879089934707,model::modernbert_base,ModernBERT,42
1493,0,2.2215254080748537e-09,0,0.28302879089934707,model::modernbert_base,ModernBERT,42
15789,1,2.8646333305459848e-08,0,0.28302879089934707,model::modernbert_base,ModernBERT,42
4254,1,6.295981958004404e-09,0,0.28302879089934707,model::modernbert_base,ModernBERT,42
19938,1,2.2055579584900897e-09,0,0.28302879089934707,model::modernbert_base,ModernBERT,42
2511,0,4.069118375582548e-09,0,0.28302879089934707,model::modernbert_base,ModernBERT,42
3060,1,1.520582948444371e-08,0,0.28302879089934707,model::modernbert_base,ModernBERT,42
5849,1,6.635147542510822e-09,0,0.28302879089934707,model::modernbert_base,ModernBERT,42
18804,1,1.240334857044445e-08,0,0.28302879089934707,model::modernbert_base,ModernBERT,42
2992,1,1.687754824786225e-08,0,0.28302879089934707,model::modernbert_base,ModernBERT,42
1449,1,2.42579911713392e-09,0,0.28302879089934707,model::modernbert_base,ModernBERT,42
20007,0,2.071072646714356e-09,0,0.28302879089934707,model::modernbert_base,ModernBERT,42
19349,1,7.50581197195288e-09,0,0.28302879089934707,model::modernbert_base,ModernBERT,42
17116,1,1.2160870532795798e-08,0,0.28302879089934707,model::modernbert_base,ModernBERT,42
1129,0,3.152730521094327e-09,0,0.28302879089934707,model::modernbert_base,ModernBERT,42
17084,1,2.1477415401705002e-09,0,0.28302879089934707,model::modernbert_base,ModernBERT,42
11028,0,2.749052763206805e-09,0,0.28302879089934707,model::modernbert_base,ModernBERT,42
9985,1,4.435111389256008e-09,0,0.28302879089934707,model::modernbert_base,ModernBERT,42
9096,0,3.0193993971749933e-09,0,0.28302879089934707,model::modernbert_base,ModernBERT,42
20664,0,5.435991656810302e-09,0,0.28302879089934707,model::modernbert_base,ModernBERT,42
6968,1,4.425748212355529e-09,0,0.28302879089934707,model::modernbert_base,ModernBERT,42
15681,0,4.345516302350916e-08,0,0.28302879089934707,model::modernbert_base,ModernBERT,42
7172,0,1.7828002407682675e-09,0,0.28302879089934707,model::modernbert_base,ModernBERT,42
10656,0,3.330887121677506e-09,0,0.28302879089934707,model::modernbert_base,ModernBERT,42
3398,0,1.580795014888281e-07,0,0.28302879089934707,model::modernbert_base,ModernBERT,42
1970,1,1.677059380256196e-08,0,0.28302879089934707,model::modernbert_base,ModernBERT,42
3690,1,2.289323397519638e-08,0,0.28302879089934707,model::modernbert_base,ModernBERT,42
5829,0,1.4556398308940288e-09,0,0.28302879089934707,model::modernbert_base,ModernBERT,42
8905,0,3.4263190062944204e-09,0,0.28302879089934707,model::modernbert_base,ModernBERT,42
15440,0,3.810399107351259e-08,0,0.28302879089934707,model::modernbert_base,ModernBERT,42
49,1,5.530977453815922e-09,0,0.28302879089934707,model::modernbert_base,ModernBERT,42
2412,1,2.9506662002631856e-08,0,0.28302879089934707,model::modernbert_base,ModernBERT,42
13478,0,1.399506732724376e-09,0,0.28302879089934707,model::modernbert_base,ModernBERT,42
17514,0,1.9309169374537305e-08,0,0.28302879089934707,model::modernbert_base,ModernBERT,42
3723,0,5.740390829345188e-09,0,0.28302879089934707,model::modernbert_base,ModernBERT,42
7471,0,1.1326141247991472e-05,0,0.28302879089934707,model::modernbert_base,ModernBERT,42
25,1,1.42609799524962e-08,0,0.28302879089934707,model::modernbert_base,ModernBERT,42
17971,1,5.884932985367186e-09,0,0.28302879089934707,model::modernbert_base,ModernBERT,42
5061,1,6.1877880597194235e-09,0,0.28302879089934707,model::modernbert_base,ModernBERT,42
11342,0,5.512956757769416e-09,0,0.28302879089934707,model::modernbert_base,ModernBERT,42
4069,1,1.0477308798328977e-08,0,0.28302879089934707,model::modernbert_base,ModernBERT,42
1796,0,2.2041331249056384e-06,0,0.28302879089934707,model::modernbert_base,ModernBERT,42
13682,0,9.647253662592448e-09,0,0.28302879089934707,model::modernbert_base,ModernBERT,42
8867,1,1.1704523572575454e-08,0,0.28302879089934707,model::modernbert_base,ModernBERT,42
15767,1,1.3510860874532682e-08,0,0.28302879089934707,model::modernbert_base,ModernBERT,42
20628,1,6.580637368358566e-09,0,0.28302879089934707,model::modernbert_base,ModernBERT,42
6935,1,8.982561361392527e-09,0,0.28302879089934707,model::modernbert_base,ModernBERT,42
20056,1,4.417676890966504e-09,0,0.28302879089934707,model::modernbert_base,ModernBERT,42
5592,1,1.2228696277816198e-08,0,0.28302879089934707,model::modernbert_base,ModernBERT,42
19316,1,1.165755847409855e-08,0,0.28302879089934707,model::modernbert_base,ModernBERT,42
7887,1,2.122161113504717e-09,0,0.28302879089934707,model::modernbert_base,ModernBERT,42
10219,1,2.4563935330235154e-09,0,0.28302879089934707,model::modernbert_base,ModernBERT,42
15212,0,2.1281774564840816e-08,0,0.28302879089934707,model::modernbert_base,ModernBERT,42
8530,0,3.1202225247994875e-09,0,0.28302879089934707,model::modernbert_base,ModernBERT,42
11428,1,6.147625963848213e-09,0,0.28302879089934707,model::modernbert_base,ModernBERT,42
4217,0,2.499134010847115e-09,0,0.28302879089934707,model::modernbert_base,ModernBERT,42
15424,0,3.2764080337699397e-09,0,0.28302879089934707,model::modernbert_base,ModernBERT,42
21114,1,1.1752687711918952e-08,0,0.28302879089934707,model::modernbert_base,ModernBERT,42
5793,1,5.936374058990168e-09,0,0.28302879089934707,model::modernbert_base,ModernBERT,42
14533,1,1.4403896742010147e-08,0,0.28302879089934707,model::modernbert_base,ModernBERT,42
7866,1,8.677052854011436e-09,0,0.28302879089934707,model::modernbert_base,ModernBERT,42
19695,1,3.0115829829924223e-09,0,0.28302879089934707,model::modernbert_base,ModernBERT,42
16004,1,1.823870499073621e-09,0,0.28302879089934707,model::modernbert_base,ModernBERT,42
3239,0,4.145909393571401e-09,0,0.28302879089934707,model::modernbert_base,ModernBERT,42
3527,0,1.7098974458562566e-09,0,0.28302879089934707,model::modernbert_base,ModernBERT,42
16501,1,1.3242842378247133e-08,0,0.28302879089934707,model::modernbert_base,ModernBERT,42
18416,0,2.1013051298979235e-09,0,0.28302879089934707,model::modernbert_base,ModernBERT,42
19251,0,2.380577512894888e-09,0,0.28302879089934707,model::modernbert_base,ModernBERT,42
2961,1,5.6530979897218e-09,0,0.28302879089934707,model::modernbert_base,ModernBERT,42
11149,0,3.6824019389314344e-09,0,0.28302879089934707,model::modernbert_base,ModernBERT,42
12669,1,1.0878729916896646e-08,0,0.28302879089934707,model::modernbert_base,ModernBERT,42
20575,0,1.883845746064594e-09,0,0.28302879089934707,model::modernbert_base,ModernBERT,42
19971,0,1.932271675997299e-09,0,0.28302879089934707,model::modernbert_base,ModernBERT,42
10848,0,2.8321869294245516e-09,0,0.28302879089934707,model::modernbert_base,ModernBERT,42
9864,1,9.597497907520847e-09,0,0.28302879089934707,model::modernbert_base,ModernBERT,42
20475,0,2.5877175957589316e-09,0,0.28302879089934707,model::modernbert_base,ModernBERT,42
13271,1,1.1791037479724764e-08,0,0.28302879089934707,model::modernbert_base,ModernBERT,42
15921,1,6.634021332274642e-09,0,0.28302879089934707,model::modernbert_base,ModernBERT,42
10018,1,1.8662118961287888e-08,0,0.28302879089934707,model::modernbert_base,ModernBERT,42
16642,0,2.541343135931129e-09,0,0.28302879089934707,model::modernbert_base,ModernBERT,42
10634,0,5.352490450860614e-09,0,0.28302879089934707,model::modernbert_base,ModernBERT,42
16120,1,4.773924366929805e-09,0,0.28302879089934707,model::modernbert_base,ModernBERT,42
14174,1,1.2749175937187829e-08,0,0.28302879089934707,model::modernbert_base,ModernBERT,42
11296,0,2.06963912674496e-09,0,0.28302879089934707,model::modernbert_base,ModernBERT,42
2168,1,2.998892245642537e-09,0,0.28302879089934707,model::modernbert_base,ModernBERT,42
5118,1,5.252809742728459e-09,0,0.28302879089934707,model::modernbert_base,ModernBERT,42
2608,0,3.3860354164971795e-07,0,0.28302879089934707,model::modernbert_base,ModernBERT,42
13813,1,5.631703103858854e-09,0,0.28302879089934707,model::modernbert_base,ModernBERT,42
8051,1,1.527454784877591e-08,0,0.28302879089934707,model::modernbert_base,ModernBERT,42
17462,0,4.8640536043365046e-09,0,0.28302879089934707,model::modernbert_base,ModernBERT,42
6082,1,3.9553076369713835e-09,0,0.28302879089934707,model::modernbert_base,ModernBERT,42
14585,1,1.1037280422954154e-08,0,0.28302879089934707,model::modernbert_base,ModernBERT,42
17465,0,4.6483377147410465e-09,0,0.28302879089934707,model::modernbert_base,ModernBERT,42
4921,0,4.1435854747362555e-09,0,0.28302879089934707,model::modernbert_base,ModernBERT,42
4263,0,4.972463774066682e-09,0,0.28302879089934707,model::modernbert_base,ModernBERT,42
6430,1,4.019104604680024e-09,0,0.28302879089934707,model::modernbert_base,ModernBERT,42
7255,1,1.1933463106572617e-08,0,0.28302879089934707,model::modernbert_base,ModernBERT,42
13883,1,7.828783843422116e-09,0,0.28302879089934707,model::modernbert_base,ModernBERT,42
7334,0,4.500814387853325e-09,0,0.28302879089934707,model::modernbert_base,ModernBERT,42
14839,0,1.901774071555451e-09,0,0.28302879089934707,model::modernbert_base,ModernBERT,42
947,0,2.60636734417119e-09,0,0.28302879089934707,model::modernbert_base,ModernBERT,42
9665,1,1.0157881646932765e-08,0,0.28302879089934707,model::modernbert_base,ModernBERT,42
9765,1,1.752959910561458e-08,0,0.28302879089934707,model::modernbert_base,ModernBERT,42
12532,0,5.461328722589087e-09,0,0.28302879089934707,model::modernbert_base,ModernBERT,42
6202,1,1.1688795709119404e-08,0,0.28302879089934707,model::modernbert_base,ModernBERT,42
3441,0,5.616984655176793e-09,0,0.28302879089934707,model::modernbert_base,ModernBERT,42
11841,1,8.720855149135787e-09,0,0.28302879089934707,model::modernbert_base,ModernBERT,42
12968,0,6.223011439487891e-09,0,0.28302879089934707,model::modernbert_base,ModernBERT,42
913,0,2.126829157234056e-09,0,0.28302879089934707,model::modernbert_base,ModernBERT,42
1365,1,2.375222329931148e-08,0,0.28302879089934707,model::modernbert_base,ModernBERT,42
849,0,3.291710681807558e-09,0,0.28302879089934707,model::modernbert_base,ModernBERT,42
18962,0,3.5208636006700544e-09,0,0.28302879089934707,model::modernbert_base,ModernBERT,42
20352,1,5.904045696780713e-09,0,0.28302879089934707,model::modernbert_base,ModernBERT,42
9798,1,1.1465556504219876e-08,0,0.28302879089934707,model::modernbert_base,ModernBERT,42
14501,0,1.9269092987883596e-09,0,0.28302879089934707,model::modernbert_base,ModernBERT,42
3732,1,5.404243719198121e-09,0,0.28302879089934707,model::modernbert_base,ModernBERT,42
12595,1,7.573054183751537e-09,0,0.28302879089934707,model::modernbert_base,ModernBERT,42
6974,1,5.811957581869365e-09,0,0.28302879089934707,model::modernbert_base,ModernBERT,42
8882,1,4.947478871031308e-09,0,0.28302879089934707,model::modernbert_base,ModernBERT,42
16266,0,2.5631907707435175e-09,0,0.28302879089934707,model::modernbert_base,ModernBERT,42
15334,1,2.77970757522894e-09,0,0.28302879089934707,model::modernbert_base,ModernBERT,42
6697,1,8.752917501908541e-09,0,0.28302879089934707,model::modernbert_base,ModernBERT,42
4665,1,1.2659953974036853e-08,0,0.28302879089934707,model::modernbert_base,ModernBERT,42
20143,0,8.04904409790197e-09,0,0.28302879089934707,model::modernbert_base,ModernBERT,42
6868,0,1.4720682450786171e-09,0,0.28302879089934707,model::modernbert_base,ModernBERT,42
5364,1,4.6051781055211904e-08,0,0.28302879089934707,model::modernbert_base,ModernBERT,42
6120,1,5.233718347597005e-09,0,0.28302879089934707,model::modernbert_base,ModernBERT,42
11173,0,6.633009252965394e-09,0,0.28302879089934707,model::modernbert_base,ModernBERT,42
15071,0,1.2251875887159258e-05,0,0.28302879089934707,model::modernbert_base,ModernBERT,42
10881,0,1.4173493489977318e-09,0,0.28302879089934707,model::modernbert_base,ModernBERT,42
12164,1,8.456686906299637e-09,0,0.28302879089934707,model::modernbert_base,ModernBERT,42
3926,1,5.103642841675082e-09,0,0.28302879089934707,model::modernbert_base,ModernBERT,42
5021,1,2.471565174744228e-08,0,0.28302879089934707,model::modernbert_base,ModernBERT,42
11604,1,5.7702081335264666e-08,0,0.28302879089934707,model::modernbert_base,ModernBERT,42
18608,1,5.1174353643546056e-09,0,0.28302879089934707,model::modernbert_base,ModernBERT,42
8138,0,2.4377007079579016e-09,0,0.28302879089934707,model::modernbert_base,ModernBERT,42
20209,0,1.9683211505139298e-08,0,0.28302879089934707,model::modernbert_base,ModernBERT,42
12932,0,3.453409336273694e-09,0,0.28302879089934707,model::modernbert_base,ModernBERT,42
17276,1,1.0097515712459426e-08,0,0.28302879089934707,model::modernbert_base,ModernBERT,42
2885,1,1.0904095404384861e-08,0,0.28302879089934707,model::modernbert_base,ModernBERT,42
8594,0,2.6386903773101267e-09,0,0.28302879089934707,model::modernbert_base,ModernBERT,42
12423,1,7.279185254560616e-09,0,0.28302879089934707,model::modernbert_base,ModernBERT,42
15119,0,2.947098787231539e-09,0,0.28302879089934707,model::modernbert_base,ModernBERT,42
10228,0,2.803411947027712e-09,0,0.28302879089934707,model::modernbert_base,ModernBERT,42
5378,1,1.370957658508587e-08,0,0.28302879089934707,model::modernbert_base,ModernBERT,42
18305,1,2.8873653690197898e-08,0,0.28302879089934707,model::modernbert_base,ModernBERT,42
1619,0,2.3769750612245844e-09,0,0.28302879089934707,model::modernbert_base,ModernBERT,42
10250,1,1.6543468817076246e-08,0,0.28302879089934707,model::modernbert_base,ModernBERT,42
13321,0,1.9382440097359677e-09,0,0.28302879089934707,model::modernbert_base,ModernBERT,42
14508,1,4.509880024983204e-09,0,0.28302879089934707,model::modernbert_base,ModernBERT,42
18074,1,1.161250828829452e-08,0,0.28302879089934707,model::modernbert_base,ModernBERT,42
18548,1,8.294622766413795e-09,0,0.28302879089934707,model::modernbert_base,ModernBERT,42
16401,1,5.281280301971947e-09,0,0.28302879089934707,model::modernbert_base,ModernBERT,42
18906,0,5.396034730154042e-09,0,0.28302879089934707,model::modernbert_base,ModernBERT,42
11862,0,2.1345138989659063e-09,0,0.28302879089934707,model::modernbert_base,ModernBERT,42
21074,0,2.828332679172263e-09,0,0.28302879089934707,model::modernbert_base,ModernBERT,42
19687,1,1.120318326996994e-08,0,0.28302879089934707,model::modernbert_base,ModernBERT,42
18495,1,8.249545935257174e-09,0,0.28302879089934707,model::modernbert_base,ModernBERT,42
9398,1,5.2918576187721555e-09,0,0.28302879089934707,model::modernbert_base,ModernBERT,42
11589,0,4.402779918422084e-09,0,0.28302879089934707,model::modernbert_base,ModernBERT,42
702,0,2.266434595554756e-09,0,0.28302879089934707,model::modernbert_base,ModernBERT,42
6624,1,4.3318184594909326e-09,0,0.28302879089934707,model::modernbert_base,ModernBERT,42
2681,1,4.772540584951912e-09,0,0.28302879089934707,model::modernbert_base,ModernBERT,42
4359,1,7.84230902439731e-09,0,0.28302879089934707,model::modernbert_base,ModernBERT,42
8981,1,6.898158932955312e-09,0,0.28302879089934707,model::modernbert_base,ModernBERT,42
201,0,2.0563355462854815e-09,0,0.28302879089934707,model::modernbert_base,ModernBERT,42
4761,0,6.273567976222694e-08,0,0.28302879089934707,model::modernbert_base,ModernBERT,42
19171,0,2.5973962536340878e-08,0,0.28302879089934707,model::modernbert_base,ModernBERT,42
18927,0,2.977166957407462e-09,0,0.28302879089934707,model::modernbert_base,ModernBERT,42
2522,1,6.355342474506642e-09,0,0.28302879089934707,model::modernbert_base,ModernBERT,42
20437,0,3.0660471939114586e-09,0,0.28302879089934707,model::modernbert_base,ModernBERT,42
16968,1,3.3879774541389907e-09,0,0.28302879089934707,model::modernbert_base,ModernBERT,42
2417,0,1.2728297305031333e-09,0,0.28302879089934707,model::modernbert_base,ModernBERT,42
20291,0,1.6457289975235767e-09,0,0.28302879089934707,model::modernbert_base,ModernBERT,42
10430,0,2.4063890879943983e-09,0,0.28302879089934707,model::modernbert_base,ModernBERT,42
14417,0,1.7254363493535152e-09,0,0.28302879089934707,model::modernbert_base,ModernBERT,42
20335,1,3.808139581451542e-08,0,0.28302879089934707,model::modernbert_base,ModernBERT,42
12330,0,4.40225900177893e-09,0,0.28302879089934707,model::modernbert_base,ModernBERT,42
12502,0,1.2437390672914717e-08,0,0.28302879089934707,model::modernbert_base,ModernBERT,42
9690,1,1.417706929629503e-08,0,0.28302879089934707,model::modernbert_base,ModernBERT,42
11811,1,5.203667718944871e-09,0,0.28302879089934707,model::modernbert_base,ModernBERT,42
13900,0,3.183258456829208e-08,0,0.28302879089934707,model::modernbert_base,ModernBERT,42
10589,0,1.3646695995461755e-09,0,0.28302879089934707,model::modernbert_base,ModernBERT,42
11457,0,2.725953462956454e-09,0,0.28302879089934707,model::modernbert_base,ModernBERT,42
11593,0,2.3393738057819746e-09,0,0.28302879089934707,model::modernbert_base,ModernBERT,42
19874,1,2.1592558852034927e-08,0,0.28302879089934707,model::modernbert_base,ModernBERT,42
8546,1,6.87580170577462e-09,0,0.28302879089934707,model::modernbert_base,ModernBERT,42
13087,1,4.719566515376528e-09,0,0.28302879089934707,model::modernbert_base,ModernBERT,42
4053,1,1.1399767352315848e-08,0,0.28302879089934707,model::modernbert_base,ModernBERT,42
11035,0,5.499377397910621e-09,0,0.28302879089934707,model::modernbert_base,ModernBERT,42
7106,0,1.6655730128434243e-09,0,0.28302879089934707,model::modernbert_base,ModernBERT,42
16967,1,2.2652244524579146e-09,0,0.28302879089934707,model::modernbert_base,ModernBERT,42
14055,0,1.2446330632798208e-09,0,0.28302879089934707,model::modernbert_base,ModernBERT,42
18254,1,3.971462270158099e-09,0,0.28302879089934707,model::modernbert_base,ModernBERT,42
4141,1,2.6669850772265136e-09,0,0.28302879089934707,model::modernbert_base,ModernBERT,42
14685,1,7.593737194611094e-09,0,0.28302879089934707,model::modernbert_base,ModernBERT,42
3870,1,1.2919526781729473e-08,0,0.28302879089934707,model::modernbert_base,ModernBERT,42
12585,1,5.44082556785952e-09,0,0.28302879089934707,model::modernbert_base,ModernBERT,42
20856,0,5.215432530292219e-09,0,0.28302879089934707,model::modernbert_base,ModernBERT,42
15655,1,2.30981953563969e-08,0,0.28302879089934707,model::modernbert_base,ModernBERT,42
12360,1,8.205621959689324e-09,0,0.28302879089934707,model::modernbert_base,ModernBERT,42
4962,0,1.1866680971195365e-09,0,0.28302879089934707,model::modernbert_base,ModernBERT,42
13155,1,3.4560911910119785e-09,0,0.28302879089934707,model::modernbert_base,ModernBERT,42
12601,0,2.6352049431466185e-09,0,0.28302879089934707,model::modernbert_base,ModernBERT,42
1625,1,4.853312862707071e-09,0,0.28302879089934707,model::modernbert_base,ModernBERT,42
6045,1,3.874021103911218e-09,0,0.28302879089934707,model::modernbert_base,ModernBERT,42
9783,0,3.377653934322211e-09,0,0.28302879089934707,model::modernbert_base,ModernBERT,42
4525,0,2.036860680121322e-09,0,0.28302879089934707,model::modernbert_base,ModernBERT,42
18524,0,2.9806157542111578e-09,0,0.28302879089934707,model::modernbert_base,ModernBERT,42
1911,1,6.183634937428906e-09,0,0.28302879089934707,model::modernbert_base,ModernBERT,42
6497,1,1.6516732870286432e-08,0,0.28302879089934707,model::modernbert_base,ModernBERT,42
2439,0,7.899344467432456e-08,0,0.28302879089934707,model::modernbert_base,ModernBERT,42
19139,1,3.852991881103662e-08,0,0.28302879089934707,model::modernbert_base,ModernBERT,42
9705,0,3.3788460918060537e-09,0,0.28302879089934707,model::modernbert_base,ModernBERT,42
13888,0,7.581187674077228e-06,0,0.28302879089934707,model::modernbert_base,ModernBERT,42
1130,1,1.831383578121404e-08,0,0.28302879089934707,model::modernbert_base,ModernBERT,42
2383,1,5.053678808764062e-09,0,0.28302879089934707,model::modernbert_base,ModernBERT,42
19105,0,5.550337967008545e-09,0,0.28302879089934707,model::modernbert_base,ModernBERT,42
9378,1,7.735244444972977e-09,0,0.28302879089934707,model::modernbert_base,ModernBERT,42
12134,0,5.814751791177741e-09,0,0.28302879089934707,model::modernbert_base,ModernBERT,42
1229,1,1.0925059079625044e-08,0,0.28302879089934707,model::modernbert_base,ModernBERT,42
3541,0,2.5516302404327007e-09,0,0.28302879089934707,model::modernbert_base,ModernBERT,42
18869,0,4.066309955419456e-09,0,0.28302879089934707,model::modernbert_base,ModernBERT,42
14407,1,2.9023767833535885e-09,0,0.28302879089934707,model::modernbert_base,ModernBERT,42
10759,1,3.805574522175448e-09,0,0.28302879089934707,model::modernbert_base,ModernBERT,42
16389,0,2.686569855470111e-09,0,0.28302879089934707,model::modernbert_base,ModernBERT,42
14450,1,1.2197830301374779e-08,0,0.28302879089934707,model::modernbert_base,ModernBERT,42
12180,1,4.4169863322451874e-09,0,0.28302879089934707,model::modernbert_base,ModernBERT,42
2887,1,4.356252691906093e-09,0,0.28302879089934707,model::modernbert_base,ModernBERT,42
8839,0,2.517121400202882e-09,0,0.28302879089934707,model::modernbert_base,ModernBERT,42
14721,1,3.1333848848902335e-09,0,0.28302879089934707,model::modernbert_base,ModernBERT,42
7710,1,8.515522509355833e-09,0,0.28302879089934707,model::modernbert_base,ModernBERT,42
20750,0,3.5268992171211266e-09,0,0.28302879089934707,model::modernbert_base,ModernBERT,42
658,1,4.198590364268284e-09,0,0.28302879089934707,model::modernbert_base,ModernBERT,42
16111,0,2.49762344139981e-09,0,0.28302879089934707,model::modernbert_base,ModernBERT,42
19833,1,7.880890606770663e-09,0,0.28302879089934707,model::modernbert_base,ModernBERT,42
6161,0,2.9830955483589605e-09,0,0.28302879089934707,model::modernbert_base,ModernBERT,42
16884,1,9.384851118454662e-09,0,0.28302879089934707,model::modernbert_base,ModernBERT,42
5903,1,1.401612514939643e-08,0,0.28302879089934707,model::modernbert_base,ModernBERT,42
4020,0,2.010087873927091e-09,0,0.28302879089934707,model::modernbert_base,ModernBERT,42
2822,0,3.6579288487104122e-09,0,0.28302879089934707,model::modernbert_base,ModernBERT,42
17899,1,1.3138632404263717e-08,0,0.28302879089934707,model::modernbert_base,ModernBERT,42
11967,0,8.465966594428664e-09,0,0.28302879089934707,model::modernbert_base,ModernBERT,42
16633,1,3.730772579757513e-09,0,0.28302879089934707,model::modernbert_base,ModernBERT,42
15481,1,3.610943544174461e-09,0,0.28302879089934707,model::modernbert_base,ModernBERT,42
10860,1,5.513681955449101e-09,0,0.28302879089934707,model::modernbert_base,ModernBERT,42
8770,1,1.3099747064870826e-08,0,0.28302879089934707,model::modernbert_base,ModernBERT,42
647,1,2.581422409164702e-09,0,0.28302879089934707,model::modernbert_base,ModernBERT,42
9453,1,6.970292787400467e-09,0,0.28302879089934707,model::modernbert_base,ModernBERT,42
11535,1,8.921161587238657e-09,0,0.28302879089934707,model::modernbert_base,ModernBERT,42
17005,1,2.9465592188415712e-09,0,0.28302879089934707,model::modernbert_base,ModernBERT,42
3022,1,9.592940664049365e-09,0,0.28302879089934707,model::modernbert_base,ModernBERT,42
14896,0,5.6981559026780815e-08,0,0.28302879089934707,model::modernbert_base,ModernBERT,42
3587,1,6.53018616958434e-09,0,0.28302879089934707,model::modernbert_base,ModernBERT,42
12652,1,7.46342720958637e-09,0,0.28302879089934707,model::modernbert_base,ModernBERT,42
17345,0,2.375814656119246e-09,0,0.28302879089934707,model::modernbert_base,ModernBERT,42
15517,1,5.087295473771292e-09,0,0.28302879089934707,model::modernbert_base,ModernBERT,42
17189,1,1.8273151880521254e-08,0,0.28302879089934707,model::modernbert_base,ModernBERT,42
9134,1,4.849482149182904e-09,0,0.28302879089934707,model::modernbert_base,ModernBERT,42
12200,1,1.59611861505482e-08,0,0.28302879089934707,model::modernbert_base,ModernBERT,42
4839,1,5.149934256820643e-09,0,0.28302879089934707,model::modernbert_base,ModernBERT,42
8432,0,1.2430245721617439e-09,0,0.28302879089934707,model::modernbert_base,ModernBERT,42
6609,0,2.6607356318208986e-09,0,0.28302879089934707,model::modernbert_base,ModernBERT,42
11117,1,1.826733253551538e-08,0,0.28302879089934707,model::modernbert_base,ModernBERT,42
18588,0,2.5537190140312305e-09,0,0.28302879089934707,model::modernbert_base,ModernBERT,42
11898,1,2.523919073738057e-09,0,0.28302879089934707,model::modernbert_base,ModernBERT,42
4684,1,2.134274801335323e-08,0,0.28302879089934707,model::modernbert_base,ModernBERT,42
8985,1,2.0873571315860318e-08,0,0.28302879089934707,model::modernbert_base,ModernBERT,42
3148,0,2.590646142053288e-09,0,0.28302879089934707,model::modernbert_base,ModernBERT,42
16635,1,3.8178904482322196e-09,0,0.28302879089934707,model::modernbert_base,ModernBERT,42
20623,1,3.5874245796208015e-09,0,0.28302879089934707,model::modernbert_base,ModernBERT,42
3382,1,1.0779402259686321e-08,0,0.28302879089934707,model::modernbert_base,ModernBERT,42
16006,0,1.7287338227589544e-09,0,0.28302879089934707,model::modernbert_base,ModernBERT,42
15846,1,3.96452959350313e-09,0,0.28302879089934707,model::modernbert_base,ModernBERT,42
2724,0,5.726065843703054e-09,0,0.28302879089934707,model::modernbert_base,ModernBERT,42
14423,0,6.2659122335162465e-09,0,0.28302879089934707,model::modernbert_base,ModernBERT,42
19181,0,2.898791873207074e-09,0,0.28302879089934707,model::modernbert_base,ModernBERT,42
13906,1,9.376870835353657e-09,0,0.28302879089934707,model::modernbert_base,ModernBERT,42
6906,0,8.69229221933665e-09,0,0.28302879089934707,model::modernbert_base,ModernBERT,42
14746,0,1.0789460880289425e-08,0,0.28302879089934707,model::modernbert_base,ModernBERT,42
18165,0,2.655133668483245e-09,0,0.28302879089934707,model::modernbert_base,ModernBERT,42
10178,1,2.5806741188461046e-09,0,0.28302879089934707,model::modernbert_base,ModernBERT,42
11965,0,1.403944849265315e-09,0,0.28302879089934707,model::modernbert_base,ModernBERT,42
6514,0,2.205793547815915e-09,0,0.28302879089934707,model::modernbert_base,ModernBERT,42
12259,1,3.646553281555498e-09,0,0.28302879089934707,model::modernbert_base,ModernBERT,42
4443,0,1.5603397462982116e-09,0,0.28302879089934707,model::modernbert_base,ModernBERT,42
17788,1,4.9293089610102925e-09,0,0.28302879089934707,model::modernbert_base,ModernBERT,42
20738,1,7.546436364691544e-09,0,0.28302879089934707,model::modernbert_base,ModernBERT,42
694,1,2.025282519468874e-08,0,0.28302879089934707,model::modernbert_base,ModernBERT,42
16476,1,3.129251968658764e-09,0,0.28302879089934707,model::modernbert_base,ModernBERT,42
9628,1,2.8285376263426087e-09,0,0.28302879089934707,model::modernbert_base,ModernBERT,42
13808,0,3.941225124037828e-09,0,0.28302879089934707,model::modernbert_base,ModernBERT,42
13474,1,2.8654516537329755e-09,0,0.28302879089934707,model::modernbert_base,ModernBERT,42
16807,0,1.9759409664033e-09,0,0.28302879089934707,model::modernbert_base,ModernBERT,42
9251,1,5.226067578689708e-09,0,0.28302879089934707,model::modernbert_base,ModernBERT,42
4372,0,1.4023792127559886e-09,0,0.28302879089934707,model::modernbert_base,ModernBERT,42
5210,0,1.4578598328540693e-09,0,0.28302879089934707,model::modernbert_base,ModernBERT,42
16415,1,3.5500011819067367e-09,0,0.28302879089934707,model::modernbert_base,ModernBERT,42
18154,1,1.4584168539499842e-08,0,0.28302879089934707,model::modernbert_base,ModernBERT,42
7981,0,2.6201643077428116e-09,0,0.28302879089934707,model::modernbert_base,ModernBERT,42
7735,0,5.2033701791742715e-09,0,0.28302879089934707,model::modernbert_base,ModernBERT,42
1586,0,1.2692328077434922e-08,0,0.28302879089934707,model::modernbert_base,ModernBERT,42
3996,0,4.169446121693454e-09,0,0.28302879089934707,model::modernbert_base,ModernBERT,42
8136,0,3.810666004966379e-09,0,0.28302879089934707,model::modernbert_base,ModernBERT,42
10160,0,1.96406380048586e-09,0,0.28302879089934707,model::modernbert_base,ModernBERT,42
17517,0,2.550559763392357e-09,0,0.28302879089934707,model::modernbert_base,ModernBERT,42
11299,1,5.545025771880319e-09,0,0.28302879089934707,model::modernbert_base,ModernBERT,42
18883,0,6.350686453515664e-05,0,0.28302879089934707,model::modernbert_base,ModernBERT,42
13217,1,4.519972840455466e-09,0,0.28302879089934707,model::modernbert_base,ModernBERT,42
17518,1,6.661536211538532e-09,0,0.28302879089934707,model::modernbert_base,ModernBERT,42
17572,1,4.87656626191324e-09,0,0.28302879089934707,model::modernbert_base,ModernBERT,42
992,1,1.3202237525433702e-08,0,0.28302879089934707,model::modernbert_base,ModernBERT,42
18566,1,3.558556560534498e-09,0,0.28302879089934707,model::modernbert_base,ModernBERT,42
1408,0,6.29783158956343e-09,0,0.28302879089934707,model::modernbert_base,ModernBERT,42
18302,1,2.2195052462592457e-09,0,0.28302879089934707,model::modernbert_base,ModernBERT,42
18924,1,5.831990002036491e-09,0,0.28302879089934707,model::modernbert_base,ModernBERT,42
17217,1,3.5006610943355554e-09,0,0.28302879089934707,model::modernbert_base,ModernBERT,42
15180,0,5.969801986083212e-09,0,0.28302879089934707,model::modernbert_base,ModernBERT,42
5612,1,5.169340955291091e-09,0,0.28302879089934707,model::modernbert_base,ModernBERT,42
20230,0,1.9524550864957746e-09,0,0.28302879089934707,model::modernbert_base,ModernBERT,42
19044,1,1.475841848730397e-08,0,0.28302879089934707,model::modernbert_base,ModernBERT,42
11003,1,5.608185027483614e-09,0,0.28302879089934707,model::modernbert_base,ModernBERT,42
1719,0,2.0499679731500464e-09,0,0.28302879089934707,model::modernbert_base,ModernBERT,42
12564,1,3.837573370191194e-09,0,0.28302879089934707,model::modernbert_base,ModernBERT,42
3399,1,1.7155793230472227e-08,0,0.28302879089934707,model::modernbert_base,ModernBERT,42
13910,1,1.534749749509956e-08,0,0.28302879089934707,model::modernbert_base,ModernBERT,42
6487,1,1.0749405809917789e-08,0,0.28302879089934707,model::modernbert_base,ModernBERT,42
2142,0,1.4889831589925961e-09,0,0.28302879089934707,model::modernbert_base,ModernBERT,42
13431,1,1.1525545851043262e-08,0,0.28302879089934707,model::modernbert_base,ModernBERT,42
1180,1,4.768782702058161e-09,0,0.28302879089934707,model::modernbert_base,ModernBERT,42
4332,1,4.927993124681507e-09,0,0.28302879089934707,model::modernbert_base,ModernBERT,42
7629,0,2.304647583883934e-09,0,0.28302879089934707,model::modernbert_base,ModernBERT,42
1938,0,4.524501218128307e-09,0,0.28302879089934707,model::modernbert_base,ModernBERT,42
9064,0,2.1973040276179745e-08,0,0.28302879089934707,model::modernbert_base,ModernBERT,42
11771,1,4.765618566437979e-09,0,0.28302879089934707,model::modernbert_base,ModernBERT,42
10164,0,3.4666147730177954e-09,0,0.28302879089934707,model::modernbert_base,ModernBERT,42
20501,1,1.348622191699178e-08,0,0.28302879089934707,model::modernbert_base,ModernBERT,42
13574,1,7.2874923873200714e-09,0,0.28302879089934707,model::modernbert_base,ModernBERT,42
14784,1,3.1830988955761086e-09,0,0.28302879089934707,model::modernbert_base,ModernBERT,42
12696,0,1.9665038486493813e-09,0,0.28302879089934707,model::modernbert_base,ModernBERT,42
16175,0,1.2300717111557447e-09,0,0.28302879089934707,model::modernbert_base,ModernBERT,42
1047,1,2.8381785810438487e-09,0,0.28302879089934707,model::modernbert_base,ModernBERT,42
1896,1,4.31698810032799e-09,0,0.28302879089934707,model::modernbert_base,ModernBERT,42
15528,0,9.634651965129137e-10,0,0.28302879089934707,model::modernbert_base,ModernBERT,42
20703,0,5.75125966406631e-07,0,0.28302879089934707,model::modernbert_base,ModernBERT,42
4700,0,2.31595920219263e-09,0,0.28302879089934707,model::modernbert_base,ModernBERT,42
7086,0,2.0619479457195666e-09,0,0.28302879089934707,model::modernbert_base,ModernBERT,42
17127,1,4.816664844753404e-09,0,0.28302879089934707,model::modernbert_base,ModernBERT,42
11904,1,1.0724052756927449e-08,0,0.28302879089934707,model::modernbert_base,ModernBERT,42
17366,0,1.554443224449642e-05,0,0.28302879089934707,model::modernbert_base,ModernBERT,42
6440,0,3.1388462939929695e-09,0,0.28302879089934707,model::modernbert_base,ModernBERT,42
11789,0,1.5325325009030166e-08,0,0.28302879089934707,model::modernbert_base,ModernBERT,42
13514,0,3.6056992946953415e-09,0,0.28302879089934707,model::modernbert_base,ModernBERT,42
19817,0,3.1049296467244858e-09,0,0.28302879089934707,model::modernbert_base,ModernBERT,42
9850,0,3.200400389147262e-09,0,0.28302879089934707,model::modernbert_base,ModernBERT,42
19653,1,1.810496286225316e-08,0,0.28302879089934707,model::modernbert_base,ModernBERT,42
8248,1,2.1668801863938825e-08,0,0.28302879089934707,model::modernbert_base,ModernBERT,42
6993,0,1.7174806021813538e-09,0,0.28302879089934707,model::modernbert_base,ModernBERT,42
869,1,1.6308932870856552e-08,0,0.28302879089934707,model::modernbert_base,ModernBERT,42
4531,0,2.0121133648132172e-09,0,0.28302879089934707,model::modernbert_base,ModernBERT,42
4600,0,4.895139404936799e-09,0,0.28302879089934707,model::modernbert_base,ModernBERT,42
20600,1,6.337258273703128e-09,0,0.28302879089934707,model::modernbert_base,ModernBERT,42
11615,1,1.3781675356483447e-08,0,0.28302879089934707,model::modernbert_base,ModernBERT,42
11622,1,8.533423745404889e-09,0,0.28302879089934707,model::modernbert_base,ModernBERT,42
13650,0,5.3780944142545195e-09,0,0.28302879089934707,model::modernbert_base,ModernBERT,42
16735,1,9.844023374228072e-09,0,0.28302879089934707,model::modernbert_base,ModernBERT,42
8640,1,7.083017283804338e-09,0,0.28302879089934707,model::modernbert_base,ModernBERT,42
6830,0,3.91459176185549e-09,0,0.28302879089934707,model::modernbert_base,ModernBERT,42
5077,0,1.497184820564712e-09,0,0.28302879089934707,model::modernbert_base,ModernBERT,42
14749,1,6.942548758104294e-09,0,0.28302879089934707,model::modernbert_base,ModernBERT,42
771,1,8.277175389537206e-09,0,0.28302879089934707,model::modernbert_base,ModernBERT,42
9405,0,1.7552809206122788e-09,0,0.28302879089934707,model::modernbert_base,ModernBERT,42
10887,1,5.3587623227713266e-09,0,0.28302879089934707,model::modernbert_base,ModernBERT,42
1780,1,2.28406342728249e-08,0,0.28302879089934707,model::modernbert_base,ModernBERT,42
6717,0,3.7362983817956774e-09,0,0.28302879089934707,model::modernbert_base,ModernBERT,42
19911,0,6.541243546820397e-09,0,0.28302879089934707,model::modernbert_base,ModernBERT,42
14298,1,9.45167677457448e-09,0,0.28302879089934707,model::modernbert_base,ModernBERT,42
15411,0,1.4959745664455681e-09,0,0.28302879089934707,model::modernbert_base,ModernBERT,42
15019,1,3.391664549212692e-08,0,0.28302879089934707,model::modernbert_base,ModernBERT,42
9610,0,8.605455903420989e-09,0,0.28302879089934707,model::modernbert_base,ModernBERT,42
1303,1,1.3533274056953815e-08,0,0.28302879089934707,model::modernbert_base,ModernBERT,42
19490,1,2.1962607732461947e-08,0,0.28302879089934707,model::modernbert_base,ModernBERT,42
6822,1,9.10478892279798e-09,0,0.28302879089934707,model::modernbert_base,ModernBERT,42
4488,0,2.5276141180086142e-09,0,0.28302879089934707,model::modernbert_base,ModernBERT,42
7461,1,1.0476189693520155e-08,0,0.28302879089934707,model::modernbert_base,ModernBERT,42
13029,0,2.8278093200384546e-09,0,0.28302879089934707,model::modernbert_base,ModernBERT,42
14146,0,1.8167807258606672e-09,0,0.28302879089934707,model::modernbert_base,ModernBERT,42
18257,0,1.966970053501882e-08,0,0.28302879089934707,model::modernbert_base,ModernBERT,42
9122,0,9.868804795587494e-08,0,0.28302879089934707,model::modernbert_base,ModernBERT,42
15865,0,2.0493200025839542e-08,0,0.28302879089934707,model::modernbert_base,ModernBERT,42
6557,0,1.4823862137802735e-09,0,0.28302879089934707,model::modernbert_base,ModernBERT,42
11588,1,3.1184097082359585e-08,0,0.28302879089934707,model::modernbert_base,ModernBERT,42
6186,0,8.193516976007231e-09,0,0.28302879089934707,model::modernbert_base,ModernBERT,42
1900,0,5.129807689741028e-09,0,0.28302879089934707,model::modernbert_base,ModernBERT,42
73,1,7.502448440277476e-09,0,0.28302879089934707,model::modernbert_base,ModernBERT,42
1997,1,4.057616909136641e-09,0,0.28302879089934707,model::modernbert_base,ModernBERT,42
17534,0,2.6672495323509793e-09,0,0.28302879089934707,model::modernbert_base,ModernBERT,42
9958,1,6.058055834756715e-09,0,0.28302879089934707,model::modernbert_base,ModernBERT,42
17511,0,3.3160540624521673e-06,0,0.28302879089934707,model::modernbert_base,ModernBERT,42
16955,0,1.808214133980357e-09,0,0.28302879089934707,model::modernbert_base,ModernBERT,42
15570,1,1.7527058915334237e-08,0,0.28302879089934707,model::modernbert_base,ModernBERT,42
14801,0,5.6161812977961745e-09,0,0.28302879089934707,model::modernbert_base,ModernBERT,42
21136,1,1.024049911535485e-08,0,0.28302879089934707,model::modernbert_base,ModernBERT,42
13584,0,6.065628888052288e-09,0,0.28302879089934707,model::modernbert_base,ModernBERT,42
140,0,1.2196527343633079e-08,0,0.28302879089934707,model::modernbert_base,ModernBERT,42
12883,0,1.174123243075087e-09,0,0.28302879089934707,model::modernbert_base,ModernBERT,42
2537,1,8.257274863865405e-09,0,0.28302879089934707,model::modernbert_base,ModernBERT,42
14346,1,3.602537157476604e-09,0,0.28302879089934707,model::modernbert_base,ModernBERT,42
12273,0,3.1686215873349965e-09,0,0.28302879089934707,model::modernbert_base,ModernBERT,42
17739,0,6.195771451444898e-09,0,0.28302879089934707,model::modernbert_base,ModernBERT,42
2964,0,1.1781348341344255e-08,0,0.28302879089934707,model::modernbert_base,ModernBERT,42
1868,0,1.6649355529807508e-05,0,0.28302879089934707,model::modernbert_base,ModernBERT,42
4967,0,3.6869156616603505e-08,0,0.28302879089934707,model::modernbert_base,ModernBERT,42
983,0,4.929892050142826e-09,0,0.28302879089934707,model::modernbert_base,ModernBERT,42
8412,0,1.1674691435814566e-08,0,0.28302879089934707,model::modernbert_base,ModernBERT,42
11817,0,3.134168036211804e-09,0,0.28302879089934707,model::modernbert_base,ModernBERT,42
9858,0,1.2635533730431803e-09,0,0.28302879089934707,model::modernbert_base,ModernBERT,42
5689,0,2.932201148553304e-09,0,0.28302879089934707,model::modernbert_base,ModernBERT,42
15542,1,4.519921326107124e-09,0,0.28302879089934707,model::modernbert_base,ModernBERT,42
6656,0,1.202127286603627e-09,0,0.28302879089934707,model::modernbert_base,ModernBERT,42
13243,0,1.0847623910237303e-09,0,0.28302879089934707,model::modernbert_base,ModernBERT,42
4093,0,3.7475054170954536e-08,0,0.28302879089934707,model::modernbert_base,ModernBERT,42
2931,1,1.166549878917067e-08,0,0.28302879089934707,model::modernbert_base,ModernBERT,42
16447,0,2.8696576226394654e-09,0,0.28302879089934707,model::modernbert_base,ModernBERT,42
12140,0,4.140622511528136e-09,0,0.28302879089934707,model::modernbert_base,ModernBERT,42
2519,1,2.3237778368212503e-09,0,0.28302879089934707,model::modernbert_base,ModernBERT,42
5451,1,1.5174133949358293e-08,0,0.28302879089934707,model::modernbert_base,ModernBERT,42
19200,0,3.0733600109300596e-09,0,0.28302879089934707,model::modernbert_base,ModernBERT,42
10442,1,5.4023576723238875e-09,0,0.28302879089934707,model::modernbert_base,ModernBERT,42
12549,0,9.479389717625963e-09,0,0.28302879089934707,model::modernbert_base,ModernBERT,42
9431,0,1.3207848148510948e-09,0,0.28302879089934707,model::modernbert_base,ModernBERT,42
990,0,0.0006081405445002019,0,0.28302879089934707,model::modernbert_base,ModernBERT,42
15110,1,1.6755917542354837e-08,0,0.28302879089934707,model::modernbert_base,ModernBERT,42
3788,1,7.752406716576843e-09,0,0.28302879089934707,model::modernbert_base,ModernBERT,42
9914,1,4.896390404240947e-09,0,0.28302879089934707,model::modernbert_base,ModernBERT,42
12594,1,7.57813989338274e-09,0,0.28302879089934707,model::modernbert_base,ModernBERT,42
11580,1,6.496221782725797e-09,0,0.28302879089934707,model::modernbert_base,ModernBERT,42
20231,1,7.892443143475703e-09,0,0.28302879089934707,model::modernbert_base,ModernBERT,42
21023,1,9.743431839126515e-09,0,0.28302879089934707,model::modernbert_base,ModernBERT,42
2728,1,1.1228426188836238e-08,0,0.28302879089934707,model::modernbert_base,ModernBERT,42
11422,0,2.2704465862943835e-08,0,0.28302879089934707,model::modernbert_base,ModernBERT,42
58,1,6.728833490399211e-09,0,0.28302879089934707,model::modernbert_base,ModernBERT,42
17977,0,1.7286150288953195e-09,0,0.28302879089934707,model::modernbert_base,ModernBERT,42
14416,0,2.365667661763382e-09,0,0.28302879089934707,model::modernbert_base,ModernBERT,42
10629,0,1.1705767377634402e-07,0,0.28302879089934707,model::modernbert_base,ModernBERT,42
4138,0,1.6315830908553153e-09,0,0.28302879089934707,model::modernbert_base,ModernBERT,42
2877,1,1.6690401949404077e-08,0,0.28302879089934707,model::modernbert_base,ModernBERT,42
17097,1,9.078742202461854e-09,0,0.28302879089934707,model::modernbert_base,ModernBERT,42
4870,0,1.2910387425790759e-08,0,0.28302879089934707,model::modernbert_base,ModernBERT,42
15207,0,6.689241605073448e-09,0,0.28302879089934707,model::modernbert_base,ModernBERT,42
4160,1,2.3419598704776945e-08,0,0.28302879089934707,model::modernbert_base,ModernBERT,42
16079,1,4.034144396314332e-08,0,0.28302879089934707,model::modernbert_base,ModernBERT,42
16506,0,3.0428950470451355e-09,0,0.28302879089934707,model::modernbert_base,ModernBERT,42
7357,0,3.521857472321699e-09,0,0.28302879089934707,model::modernbert_base,ModernBERT,42
2804,1,8.931530182110237e-09,0,0.28302879089934707,model::modernbert_base,ModernBERT,42
4393,0,1.7154082598835885e-09,0,0.28302879089934707,model::modernbert_base,ModernBERT,42
16123,0,3.034878792718132e-09,0,0.28302879089934707,model::modernbert_base,ModernBERT,42
14689,0,1.6086915133328716e-09,0,0.28302879089934707,model::modernbert_base,ModernBERT,42
2098,1,1.5188785340569666e-08,0,0.28302879089934707,model::modernbert_base,ModernBERT,42
4123,0,1.9542918394677145e-09,0,0.28302879089934707,model::modernbert_base,ModernBERT,42
2710,1,9.099962561265329e-09,0,0.28302879089934707,model::modernbert_base,ModernBERT,42
13111,0,2.870040871627566e-09,0,0.28302879089934707,model::modernbert_base,ModernBERT,42
12692,0,1.7301621246801346e-09,0,0.28302879089934707,model::modernbert_base,ModernBERT,42
13520,1,1.2740424715218523e-08,0,0.28302879089934707,model::modernbert_base,ModernBERT,42
5758,1,1.704951557712775e-08,0,0.28302879089934707,model::modernbert_base,ModernBERT,42
1923,0,1.2204113275515738e-08,0,0.28302879089934707,model::modernbert_base,ModernBERT,42
16691,1,6.455917134218225e-09,0,0.28302879089934707,model::modernbert_base,ModernBERT,42
2843,1,4.430942723843145e-09,0,0.28302879089934707,model::modernbert_base,ModernBERT,42
6914,0,6.731159629680405e-08,0,0.28302879089934707,model::modernbert_base,ModernBERT,42
262,1,1.5639935568856345e-08,0,0.28302879089934707,model::modernbert_base,ModernBERT,42
19118,1,1.5973611766639806e-08,0,0.28302879089934707,model::modernbert_base,ModernBERT,42
13201,0,1.2975455154773385e-09,0,0.28302879089934707,model::modernbert_base,ModernBERT,42
15079,1,2.821564981658753e-09,0,0.28302879089934707,model::modernbert_base,ModernBERT,42
19957,1,5.847706763262295e-09,0,0.28302879089934707,model::modernbert_base,ModernBERT,42
18151,0,3.3380866959475952e-09,0,0.28302879089934707,model::modernbert_base,ModernBERT,42
10389,1,1.2846374630726132e-08,0,0.28302879089934707,model::modernbert_base,ModernBERT,42
15721,0,1.588058462509423e-09,0,0.28302879089934707,model::modernbert_base,ModernBERT,42
8334,0,3.88618826008269e-09,0,0.28302879089934707,model::modernbert_base,ModernBERT,42
9060,1,5.297321248320941e-09,0,0.28302879089934707,model::modernbert_base,ModernBERT,42
15608,0,4.456016540643759e-06,0,0.28302879089934707,model::modernbert_base,ModernBERT,42
6900,1,4.124849795061891e-09,0,0.28302879089934707,model::modernbert_base,ModernBERT,42
8360,0,5.3977640135371985e-09,0,0.28302879089934707,model::modernbert_base,ModernBERT,42
20748,0,2.2100006269454298e-09,0,0.28302879089934707,model::modernbert_base,ModernBERT,42
9035,0,1.8929764422637163e-09,0,0.28302879089934707,model::modernbert_base,ModernBERT,42
21063,1,8.058184342019103e-09,0,0.28302879089934707,model::modernbert_base,ModernBERT,42
9584,0,3.3470122229317667e-09,0,0.28302879089934707,model::modernbert_base,ModernBERT,42
6997,0,6.258115803348119e-08,0,0.28302879089934707,model::modernbert_base,ModernBERT,42
6627,1,9.406571521708429e-09,0,0.28302879089934707,model::modernbert_base,ModernBERT,42
11010,0,2.9286924885241206e-08,0,0.28302879089934707,model::modernbert_base,ModernBERT,42
1758,1,4.990801993898231e-09,0,0.28302879089934707,model::modernbert_base,ModernBERT,42
13549,1,1.6328353780181715e-08,0,0.28302879089934707,model::modernbert_base,ModernBERT,42
10221,0,6.0162683723774535e-09,0,0.28302879089934707,model::modernbert_base,ModernBERT,42
10909,0,4.248997598210735e-09,0,0.28302879089934707,model::modernbert_base,ModernBERT,42
18920,1,7.673144786224384e-09,0,0.28302879089934707,model::modernbert_base,ModernBERT,42
2552,1,2.190833292559091e-09,0,0.28302879089934707,model::modernbert_base,ModernBERT,42
8331,0,6.20636875225955e-09,0,0.28302879089934707,model::modernbert_base,ModernBERT,42
10710,0,6.935761831527998e-08,0,0.28302879089934707,model::modernbert_base,ModernBERT,42
7649,0,2.552370093056311e-09,0,0.28302879089934707,model::modernbert_base,ModernBERT,42
5626,1,5.147675175010136e-09,0,0.28302879089934707,model::modernbert_base,ModernBERT,42
1752,1,2.4427089240219857e-09,0,0.28302879089934707,model::modernbert_base,ModernBERT,42
8963,0,3.2412461603570364e-09,0,0.28302879089934707,model::modernbert_base,ModernBERT,42
3156,0,1.2083829936671009e-08,0,0.28302879089934707,model::modernbert_base,ModernBERT,42
10116,1,7.644892718872143e-09,0,0.28302879089934707,model::modernbert_base,ModernBERT,42
15902,1,4.266964381827165e-08,0,0.28302879089934707,model::modernbert_base,ModernBERT,42
5167,0,1.0599841893110806e-08,0,0.28302879089934707,model::modernbert_base,ModernBERT,42
14813,0,2.2325312709625678e-09,0,0.28302879089934707,model::modernbert_base,ModernBERT,42
19699,1,6.1021121489091e-09,0,0.28302879089934707,model::modernbert_base,ModernBERT,42
2287,1,1.3999692960453558e-08,0,0.28302879089934707,model::modernbert_base,ModernBERT,42
3792,1,5.894762455938007e-09,0,0.28302879089934707,model::modernbert_base,ModernBERT,42
11717,1,2.950878652541178e-09,0,0.28302879089934707,model::modernbert_base,ModernBERT,42
12060,1,1.2420772854682127e-08,0,0.28302879089934707,model::modernbert_base,ModernBERT,42
4459,0,2.6821052045988836e-09,0,0.28302879089934707,model::modernbert_base,ModernBERT,42
18589,1,1.5203394099216894e-08,0,0.28302879089934707,model::modernbert_base,ModernBERT,42
12309,1,2.9032349857516238e-09,0,0.28302879089934707,model::modernbert_base,ModernBERT,42
3518,1,3.3858393866381675e-09,0,0.28302879089934707,model::modernbert_base,ModernBERT,42
2605,0,2.9419318092749336e-09,0,0.28302879089934707,model::modernbert_base,ModernBERT,42
2708,1,1.9075294233061868e-08,0,0.28302879089934707,model::modernbert_base,ModernBERT,42
18702,0,2.0132533418149023e-09,0,0.28302879089934707,model::modernbert_base,ModernBERT,42
13381,1,1.071027533328106e-08,0,0.28302879089934707,model::modernbert_base,ModernBERT,42
15131,1,3.856283736780597e-09,0,0.28302879089934707,model::modernbert_base,ModernBERT,42
11910,0,5.070836639475829e-09,0,0.28302879089934707,model::modernbert_base,ModernBERT,42
8854,0,3.7079437298359608e-09,0,0.28302879089934707,model::modernbert_base,ModernBERT,42
18940,1,8.929469608176532e-09,0,0.28302879089934707,model::modernbert_base,ModernBERT,42
4387,1,1.628080426030465e-08,0,0.28302879089934707,model::modernbert_base,ModernBERT,42
20660,1,2.099046980674757e-08,0,0.28302879089934707,model::modernbert_base,ModernBERT,42
20305,1,1.0633496749790083e-08,0,0.28302879089934707,model::modernbert_base,ModernBERT,42
14420,1,6.699596877268732e-09,0,0.28302879089934707,model::modernbert_base,ModernBERT,42
1708,0,4.383532647977972e-09,0,0.28302879089934707,model::modernbert_base,ModernBERT,42
6131,0,1.4537864245767196e-09,0,0.28302879089934707,model::modernbert_base,ModernBERT,42
2669,0,2.15182982543638e-09,0,0.28302879089934707,model::modernbert_base,ModernBERT,42
4759,0,4.495417815775227e-09,0,0.28302879089934707,model::modernbert_base,ModernBERT,42
5305,1,9.380341836617845e-09,0,0.28302879089934707,model::modernbert_base,ModernBERT,42
1262,0,1.898106782860509e-09,0,0.28302879089934707,model::modernbert_base,ModernBERT,42
18111,0,5.827708982053537e-09,0,0.28302879089934707,model::modernbert_base,ModernBERT,42
19422,0,2.950940602985952e-09,0,0.28302879089934707,model::modernbert_base,ModernBERT,42
15033,0,1.7802934237920454e-08,0,0.28302879089934707,model::modernbert_base,ModernBERT,42
11051,0,1.4124303504559066e-08,0,0.28302879089934707,model::modernbert_base,ModernBERT,42
16591,0,7.218685027510219e-08,0,0.28302879089934707,model::modernbert_base,ModernBERT,42
2053,1,1.1666722699033016e-08,0,0.28302879089934707,model::modernbert_base,ModernBERT,42
7319,0,7.546767655242093e-09,0,0.28302879089934707,model::modernbert_base,ModernBERT,42
7997,0,3.2100740554596996e-07,0,0.28302879089934707,model::modernbert_base,ModernBERT,42
2440,1,2.383630848257212e-09,0,0.28302879089934707,model::modernbert_base,ModernBERT,42
7873,1,5.615560016991594e-09,0,0.28302879089934707,model::modernbert_base,ModernBERT,42
1101,1,5.537648561926289e-09,0,0.28302879089934707,model::modernbert_base,ModernBERT,42
3293,1,9.631809128052282e-09,0,0.28302879089934707,model::modernbert_base,ModernBERT,42
8649,0,7.937990709194764e-09,0,0.28302879089934707,model::modernbert_base,ModernBERT,42
9112,0,3.111664481636467e-09,0,0.28302879089934707,model::modernbert_base,ModernBERT,42
18634,1,2.433473422769339e-09,0,0.28302879089934707,model::modernbert_base,ModernBERT,42
6069,0,2.6348883075399954e-09,0,0.28302879089934707,model::modernbert_base,ModernBERT,42
11843,0,3.036963347469168e-09,0,0.28302879089934707,model::modernbert_base,ModernBERT,42
1064,1,2.7613076269972225e-09,0,0.28302879089934707,model::modernbert_base,ModernBERT,42
19432,1,7.06950675777307e-09,0,0.28302879089934707,model::modernbert_base,ModernBERT,42
20396,1,1.6758027854280044e-08,0,0.28302879089934707,model::modernbert_base,ModernBERT,42
175,1,1.2190620068963653e-08,0,0.28302879089934707,model::modernbert_base,ModernBERT,42
973,1,8.98989682696083e-09,0,0.28302879089934707,model::modernbert_base,ModernBERT,42
13368,1,3.3152316447626617e-09,0,0.28302879089934707,model::modernbert_base,ModernBERT,42
43,0,1.4294959660432482e-09,0,0.28302879089934707,model::modernbert_base,ModernBERT,42
13811,0,1.6529803081866135e-09,0,0.28302879089934707,model::modernbert_base,ModernBERT,42
14588,1,4.64773508568328e-09,0,0.28302879089934707,model::modernbert_base,ModernBERT,42
10266,1,2.299743862010928e-08,0,0.28302879089934707,model::modernbert_base,ModernBERT,42
18433,1,1.8755781372448155e-09,0,0.28302879089934707,model::modernbert_base,ModernBERT,42
4570,1,4.842799050663871e-09,0,0.28302879089934707,model::modernbert_base,ModernBERT,42
6306,0,2.3145416694347887e-09,0,0.28302879089934707,model::modernbert_base,ModernBERT,42
14540,0,2.5036617223861413e-09,0,0.28302879089934707,model::modernbert_base,ModernBERT,42
17165,0,3.356768196738358e-09,0,0.28302879089934707,model::modernbert_base,ModernBERT,42
641,1,1.0717100984436456e-08,0,0.28302879089934707,model::modernbert_base,ModernBERT,42
5502,0,1.2173094754430736e-09,0,0.28302879089934707,model::modernbert_base,ModernBERT,42
20592,0,3.463568098993619e-09,0,0.28302879089934707,model::modernbert_base,ModernBERT,42
18238,1,4.1197547595572814e-09,0,0.28302879089934707,model::modernbert_base,ModernBERT,42
8128,1,7.428787807128856e-09,0,0.28302879089934707,model::modernbert_base,ModernBERT,42
19729,0,1.8199125539908323e-09,0,0.28302879089934707,model::modernbert_base,ModernBERT,42
15926,1,2.011361299736336e-09,0,0.28302879089934707,model::modernbert_base,ModernBERT,42
19177,1,1.769091650949406e-09,0,0.28302879089934707,model::modernbert_base,ModernBERT,42
17990,1,1.414212214001509e-08,0,0.28302879089934707,model::modernbert_base,ModernBERT,42
4899,1,2.9775983900748315e-09,0,0.28302879089934707,model::modernbert_base,ModernBERT,42
19461,1,4.837823031067501e-09,0,0.28302879089934707,model::modernbert_base,ModernBERT,42
616,1,6.2143525880742345e-09,0,0.28302879089934707,model::modernbert_base,ModernBERT,42
5886,0,4.119738772345727e-09,0,0.28302879089934707,model::modernbert_base,ModernBERT,42
11169,1,1.5651005824679487e-08,0,0.28302879089934707,model::modernbert_base,ModernBERT,42
16365,1,5.8963705029668745e-09,0,0.28302879089934707,model::modernbert_base,ModernBERT,42
5788,1,1.585317477292847e-08,0,0.28302879089934707,model::modernbert_base,ModernBERT,42
10187,1,5.745944609003573e-09,0,0.28302879089934707,model::modernbert_base,ModernBERT,42
9084,1,3.589842378914909e-08,0,0.28302879089934707,model::modernbert_base,ModernBERT,42
243,0,7.430545068132233e-09,0,0.28302879089934707,model::modernbert_base,ModernBERT,42
12047,1,6.023019416545594e-09,0,0.28302879089934707,model::modernbert_base,ModernBERT,42
13921,0,2.078512473246974e-09,0,0.28302879089934707,model::modernbert_base,ModernBERT,42
10155,0,6.724548473613368e-09,0,0.28302879089934707,model::modernbert_base,ModernBERT,42
9309,1,1.1576858582884597e-08,0,0.28302879089934707,model::modernbert_base,ModernBERT,42
15515,1,5.1868518369246885e-09,0,0.28302879089934707,model::modernbert_base,ModernBERT,42
10662,0,6.486391423976556e-09,0,0.28302879089934707,model::modernbert_base,ModernBERT,42
12693,0,4.212855131413562e-08,0,0.28302879089934707,model::modernbert_base,ModernBERT,42
16574,0,3.868424247599478e-09,0,0.28302879089934707,model::modernbert_base,ModernBERT,42
20044,0,1.5024255173301526e-09,0,0.28302879089934707,model::modernbert_base,ModernBERT,42
15500,1,8.79024319999644e-09,0,0.28302879089934707,model::modernbert_base,ModernBERT,42
1029,0,1.317816167301089e-08,0,0.28302879089934707,model::modernbert_base,ModernBERT,42
11614,1,3.6497054267670137e-09,0,0.28302879089934707,model::modernbert_base,ModernBERT,42
9822,1,1.8543325097652996e-08,0,0.28302879089934707,model::modernbert_base,ModernBERT,42
20524,0,2.0499562047859854e-09,0,0.28302879089934707,model::modernbert_base,ModernBERT,42
7741,1,5.420502713349151e-09,0,0.28302879089934707,model::modernbert_base,ModernBERT,42
14573,0,2.2773805063991404e-09,0,0.28302879089934707,model::modernbert_base,ModernBERT,42
19611,0,3.848061869149433e-09,0,0.28302879089934707,model::modernbert_base,ModernBERT,42
3277,0,2.1003836447874846e-09,0,0.28302879089934707,model::modernbert_base,ModernBERT,42
12554,1,1.4461871700177653e-08,0,0.28302879089934707,model::modernbert_base,ModernBERT,42
12526,1,1.0786765258785636e-08,0,0.28302879089934707,model::modernbert_base,ModernBERT,42
20390,1,8.53943227241416e-09,0,0.28302879089934707,model::modernbert_base,ModernBERT,42
5242,0,3.162595740846541e-09,0,0.28302879089934707,model::modernbert_base,ModernBERT,42
7776,0,4.424296484728529e-09,0,0.28302879089934707,model::modernbert_base,ModernBERT,42
13747,1,1.322946197035435e-08,0,0.28302879089934707,model::modernbert_base,ModernBERT,42
14769,1,3.3395195497831764e-09,0,0.28302879089934707,model::modernbert_base,ModernBERT,42
15408,0,1.5972659861418492e-09,0,0.28302879089934707,model::modernbert_base,ModernBERT,42
8850,0,9.01178598411434e-09,0,0.28302879089934707,model::modernbert_base,ModernBERT,42
6341,0,5.434747762933512e-09,0,0.28302879089934707,model::modernbert_base,ModernBERT,42
7677,1,6.566243992978116e-09,0,0.28302879089934707,model::modernbert_base,ModernBERT,42
12610,0,5.350122567193694e-09,0,0.28302879089934707,model::modernbert_base,ModernBERT,42
15436,1,1.316969377995747e-08,0,0.28302879089934707,model::modernbert_base,ModernBERT,42
248,1,6.664726104332885e-09,0,0.28302879089934707,model::modernbert_base,ModernBERT,42
8795,0,2.2305945979184116e-09,0,0.28302879089934707,model::modernbert_base,ModernBERT,42
683,1,7.142288094286187e-09,0,0.28302879089934707,model::modernbert_base,ModernBERT,42
10619,0,7.82699238754958e-09,0,0.28302879089934707,model::modernbert_base,ModernBERT,42
901,1,7.930045953230547e-09,0,0.28302879089934707,model::modernbert_base,ModernBERT,42
6945,0,3.0911497805874433e-09,0,0.28302879089934707,model::modernbert_base,ModernBERT,42
112,1,1.4053923358403608e-08,0,0.28302879089934707,model::modernbert_base,ModernBERT,42
14601,0,5.842023824698117e-07,0,0.28302879089934707,model::modernbert_base,ModernBERT,42
9124,1,6.216166692496472e-09,0,0.28302879089934707,model::modernbert_base,ModernBERT,42
12747,0,3.922933089484104e-09,0,0.28302879089934707,model::modernbert_base,ModernBERT,42
20252,1,5.404769520822583e-09,0,0.28302879089934707,model::modernbert_base,ModernBERT,42
18768,0,3.934848002984381e-09,0,0.28302879089934707,model::modernbert_base,ModernBERT,42
16844,1,2.72550648716674e-09,0,0.28302879089934707,model::modernbert_base,ModernBERT,42
5992,0,1.1472660599309847e-09,0,0.28302879089934707,model::modernbert_base,ModernBERT,42
16312,1,7.838406368421147e-09,0,0.28302879089934707,model::modernbert_base,ModernBERT,42
8930,1,1.3172230417524133e-08,0,0.28302879089934707,model::modernbert_base,ModernBERT,42
10000,1,8.410440344164272e-09,0,0.28302879089934707,model::modernbert_base,ModernBERT,42
8083,0,1.5311591994304763e-08,0,0.28302879089934707,model::modernbert_base,ModernBERT,42
1356,0,3.494377009971572e-09,0,0.28302879089934707,model::modernbert_base,ModernBERT,42
14307,0,4.0970222769942666e-09,0,0.28302879089934707,model::modernbert_base,ModernBERT,42
13423,0,2.374917595915349e-09,0,0.28302879089934707,model::modernbert_base,ModernBERT,42
19674,0,1.9256024330616128e-08,0,0.28302879089934707,model::modernbert_base,ModernBERT,42
16406,0,1.6318258966308008e-09,0,0.28302879089934707,model::modernbert_base,ModernBERT,42
17846,1,2.866708870286061e-09,0,0.28302879089934707,model::modernbert_base,ModernBERT,42
12642,1,9.707908255052189e-09,0,0.28302879089934707,model::modernbert_base,ModernBERT,42
13004,0,1.3519548147655769e-08,0,0.28302879089934707,model::modernbert_base,ModernBERT,42
20367,1,2.3556046002681796e-09,0,0.28302879089934707,model::modernbert_base,ModernBERT,42
16778,1,5.4657260939450225e-09,0,0.28302879089934707,model::modernbert_base,ModernBERT,42
20433,0,1.7555554787662686e-09,0,0.28302879089934707,model::modernbert_base,ModernBERT,42
20928,0,5.262065450040154e-09,0,0.28302879089934707,model::modernbert_base,ModernBERT,42
7440,1,1.3397462694797468e-08,0,0.28302879089934707,model::modernbert_base,ModernBERT,42
10613,0,2.1899224655896887e-09,0,0.28302879089934707,model::modernbert_base,ModernBERT,42
8465,0,3.275826943038851e-09,0,0.28302879089934707,model::modernbert_base,ModernBERT,42
18203,0,1.2963704554280753e-09,0,0.28302879089934707,model::modernbert_base,ModernBERT,42
6170,0,1.5432116695635045e-09,0,0.28302879089934707,model::modernbert_base,ModernBERT,42
11685,1,5.7874549597158875e-09,0,0.28302879089934707,model::modernbert_base,ModernBERT,42
10932,1,7.743333085841186e-09,0,0.28302879089934707,model::modernbert_base,ModernBERT,42
12424,0,4.044033996564167e-09,0,0.28302879089934707,model::modernbert_base,ModernBERT,42
9968,1,1.1518578979519134e-08,0,0.28302879089934707,model::modernbert_base,ModernBERT,42
10475,1,6.449738521041581e-09,0,0.28302879089934707,model::modernbert_base,ModernBERT,42
11525,1,4.966710154263865e-09,0,0.28302879089934707,model::modernbert_base,ModernBERT,42
7042,1,5.604805952685865e-09,0,0.28302879089934707,model::modernbert_base,ModernBERT,42
3558,0,3.4723124375801717e-09,0,0.28302879089934707,model::modernbert_base,ModernBERT,42
13588,0,6.9621348686155216e-09,0,0.28302879089934707,model::modernbert_base,ModernBERT,42
11379,1,9.603394524049236e-09,0,0.28302879089934707,model::modernbert_base,ModernBERT,42
18014,0,2.6257174212673817e-09,0,0.28302879089934707,model::modernbert_base,ModernBERT,42
1072,1,5.543672187968696e-09,0,0.28302879089934707,model::modernbert_base,ModernBERT,42
12006,1,2.0304964820638816e-08,0,0.28302879089934707,model::modernbert_base,ModernBERT,42
8759,0,4.443674228582495e-08,0,0.28302879089934707,model::modernbert_base,ModernBERT,42
10957,0,6.4494924956193245e-09,0,0.28302879089934707,model::modernbert_base,ModernBERT,42
6046,0,1.4807698400787217e-09,0,0.28302879089934707,model::modernbert_base,ModernBERT,42
16763,0,2.222161121778754e-09,0,0.28302879089934707,model::modernbert_base,ModernBERT,42
18932,1,1.321450682212344e-08,0,0.28302879089934707,model::modernbert_base,ModernBERT,42
10362,0,1.568404961460601e-09,0,0.28302879089934707,model::modernbert_base,ModernBERT,42
11711,0,2.88013239924112e-08,0,0.28302879089934707,model::modernbert_base,ModernBERT,42
7514,0,2.404562993163495e-09,0,0.28302879089934707,model::modernbert_base,ModernBERT,42
8935,0,6.519496054124829e-09,0,0.28302879089934707,model::modernbert_base,ModernBERT,42
10058,1,7.98352761677279e-09,0,0.28302879089934707,model::modernbert_base,ModernBERT,42
16718,1,2.6755753168572483e-09,0,0.28302879089934707,model::modernbert_base,ModernBERT,42
16317,0,5.974737149472276e-08,0,0.28302879089934707,model::modernbert_base,ModernBERT,42
19108,1,1.2099951263166986e-08,0,0.28302879089934707,model::modernbert_base,ModernBERT,42
1682,1,2.759724182510581e-08,0,0.28302879089934707,model::modernbert_base,ModernBERT,42
10385,0,1.4550992410988783e-08,0,0.28302879089934707,model::modernbert_base,ModernBERT,42
18795,1,1.1361000140652777e-08,0,0.28302879089934707,model::modernbert_base,ModernBERT,42
19579,0,5.573379091572406e-09,0,0.28302879089934707,model::modernbert_base,ModernBERT,42
428,1,6.777910233068951e-09,0,0.28302879089934707,model::modernbert_base,ModernBERT,42
14232,1,7.985202721272344e-09,0,0.28302879089934707,model::modernbert_base,ModernBERT,42
12476,1,2.3657218406469838e-09,0,0.28302879089934707,model::modernbert_base,ModernBERT,42
15738,0,1.9066264123068777e-09,0,0.28302879089934707,model::modernbert_base,ModernBERT,42
16924,0,3.2664806415283465e-09,0,0.28302879089934707,model::modernbert_base,ModernBERT,42
1646,0,2.166218093790917e-09,0,0.28302879089934707,model::modernbert_base,ModernBERT,42
15008,1,2.2314297964953766e-08,0,0.28302879089934707,model::modernbert_base,ModernBERT,42
6317,1,7.763564013885116e-09,0,0.28302879089934707,model::modernbert_base,ModernBERT,42
3032,0,2.568167678518307e-09,0,0.28302879089934707,model::modernbert_base,ModernBERT,42
492,0,1.0309916476103353e-08,0,0.28302879089934707,model::modernbert_base,ModernBERT,42
15815,0,7.55640350291742e-09,0,0.28302879089934707,model::modernbert_base,ModernBERT,42
1378,0,1.8055363870672636e-09,0,0.28302879089934707,model::modernbert_base,ModernBERT,42
3999,1,4.5825347960715135e-09,0,0.28302879089934707,model::modernbert_base,ModernBERT,42
16561,0,1.0137851802483056e-07,0,0.28302879089934707,model::modernbert_base,ModernBERT,42
17155,0,4.269722353456018e-09,0,0.28302879089934707,model::modernbert_base,ModernBERT,42
12823,0,3.3905569463144047e-09,0,0.28302879089934707,model::modernbert_base,ModernBERT,42
10019,1,1.2949056937827663e-08,0,0.28302879089934707,model::modernbert_base,ModernBERT,42
12458,1,8.276480834013e-09,0,0.28302879089934707,model::modernbert_base,ModernBERT,42
4243,0,5.83889381289282e-08,0,0.28302879089934707,model::modernbert_base,ModernBERT,42
16512,1,9.512371335063108e-09,0,0.28302879089934707,model::modernbert_base,ModernBERT,42
16146,0,1.4385960200868908e-09,0,0.28302879089934707,model::modernbert_base,ModernBERT,42
17428,0,5.943681991027461e-09,0,0.28302879089934707,model::modernbert_base,ModernBERT,42
14070,1,6.448877432063682e-09,0,0.28302879089934707,model::modernbert_base,ModernBERT,42
1741,1,4.59557636389718e-09,0,0.28302879089934707,model::modernbert_base,ModernBERT,42
20962,0,1.512310809914652e-08,0,0.28302879089934707,model::modernbert_base,ModernBERT,42
15911,1,1.2914968650079572e-08,0,0.28302879089934707,model::modernbert_base,ModernBERT,42
13593,0,4.1738701384019805e-09,0,0.28302879089934707,model::modernbert_base,ModernBERT,42
8964,0,3.922216862406458e-08,0,0.28302879089934707,model::modernbert_base,ModernBERT,42
10530,0,1.031339236234885e-09,0,0.28302879089934707,model::modernbert_base,ModernBERT,42
3502,0,3.969099715561697e-09,0,0.28302879089934707,model::modernbert_base,ModernBERT,42
7557,0,1.4268536352446404e-09,0,0.28302879089934707,model::modernbert_base,ModernBERT,42
19547,1,2.6011889531218912e-08,0,0.28302879089934707,model::modernbert_base,ModernBERT,42
14635,0,1.2772461976950922e-09,0,0.28302879089934707,model::modernbert_base,ModernBERT,42
12168,0,1.905681168423712e-09,0,0.28302879089934707,model::modernbert_base,ModernBERT,42
3189,0,1.6265805369286568e-09,0,0.28302879089934707,model::modernbert_base,ModernBERT,42
2560,0,2.433334200802051e-09,0,0.28302879089934707,model::modernbert_base,ModernBERT,42
18150,1,1.1147847978065784e-08,0,0.28302879089934707,model::modernbert_base,ModernBERT,42
2062,0,1.1114197562278605e-08,0,0.28302879089934707,model::modernbert_base,ModernBERT,42
17970,0,2.841732182901069e-09,0,0.28302879089934707,model::modernbert_base,ModernBERT,42
14679,0,8.05108602008886e-09,0,0.28302879089934707,model::modernbert_base,ModernBERT,42
8099,0,5.262667635008711e-09,0,0.28302879089934707,model::modernbert_base,ModernBERT,42
3192,0,3.854932728586391e-08,0,0.28302879089934707,model::modernbert_base,ModernBERT,42
19761,0,3.3326919002263367e-09,0,0.28302879089934707,model::modernbert_base,ModernBERT,42
65,1,2.73962030838959e-09,0,0.28302879089934707,model::modernbert_base,ModernBERT,42
1424,0,2.269367360696606e-09,0,0.28302879089934707,model::modernbert_base,ModernBERT,42
18050,0,1.6200288888157388e-09,0,0.28302879089934707,model::modernbert_base,ModernBERT,42
14331,0,2.8458653211771434e-09,0,0.28302879089934707,model::modernbert_base,ModernBERT,42
4106,1,1.019524642487113e-08,0,0.28302879089934707,model::modernbert_base,ModernBERT,42
5060,1,5.5212487914957364e-09,0,0.28302879089934707,model::modernbert_base,ModernBERT,42
8701,0,2.1235659897200776e-09,0,0.28302879089934707,model::modernbert_base,ModernBERT,42
17019,0,1.7756465187090953e-09,0,0.28302879089934707,model::modernbert_base,ModernBERT,42
4095,1,3.000249648721365e-08,0,0.28302879089934707,model::modernbert_base,ModernBERT,42
14548,1,1.0571373110224158e-08,0,0.28302879089934707,model::modernbert_base,ModernBERT,42
15632,0,2.3633497381325697e-09,0,0.28302879089934707,model::modernbert_base,ModernBERT,42
13320,0,1.5441626866063984e-09,0,0.28302879089934707,model::modernbert_base,ModernBERT,42
13035,1,2.376976304674372e-08,0,0.28302879089934707,model::modernbert_base,ModernBERT,42
8147,0,2.229233686534826e-09,0,0.28302879089934707,model::modernbert_base,ModernBERT,42
6933,1,3.286524119516798e-08,0,0.28302879089934707,model::modernbert_base,ModernBERT,42
1687,1,9.532568512327089e-09,0,0.28302879089934707,model::modernbert_base,ModernBERT,42
14159,1,9.395920486099385e-09,0,0.28302879089934707,model::modernbert_base,ModernBERT,42
12864,0,7.878185215304256e-09,0,0.28302879089934707,model::modernbert_base,ModernBERT,42
7414,0,1.2326323073352796e-08,0,0.28302879089934707,model::modernbert_base,ModernBERT,42
10319,0,3.117872626745566e-09,0,0.28302879089934707,model::modernbert_base,ModernBERT,42
5750,0,3.845031848470626e-09,0,0.28302879089934707,model::modernbert_base,ModernBERT,42
19293,0,5.480047970962687e-09,0,0.28302879089934707,model::modernbert_base,ModernBERT,42
2232,0,2.462327453045532e-09,0,0.28302879089934707,model::modernbert_base,ModernBERT,42
13229,1,2.8288882347737854e-09,0,0.28302879089934707,model::modernbert_base,ModernBERT,42
10707,0,6.152317766350279e-09,0,0.28302879089934707,model::modernbert_base,ModernBERT,42
8561,1,8.306623833220783e-09,0,0.28302879089934707,model::modernbert_base,ModernBERT,42
13985,1,6.061130264356507e-09,0,0.28302879089934707,model::modernbert_base,ModernBERT,42
2854,1,3.689368810455562e-09,0,0.28302879089934707,model::modernbert_base,ModernBERT,42
2236,1,5.1477733187255126e-09,0,0.28302879089934707,model::modernbert_base,ModernBERT,42
3868,0,3.0169196918450325e-08,0,0.28302879089934707,model::modernbert_base,ModernBERT,42
10796,0,1.9488870517392343e-09,0,0.28302879089934707,model::modernbert_base,ModernBERT,42
17402,1,8.639696957857268e-09,0,0.28302879089934707,model::modernbert_base,ModernBERT,42
7141,1,6.93560053832698e-09,0,0.28302879089934707,model::modernbert_base,ModernBERT,42
14597,1,6.6544245669319935e-09,0,0.28302879089934707,model::modernbert_base,ModernBERT,42
9934,0,2.2222925721848696e-09,0,0.28302879089934707,model::modernbert_base,ModernBERT,42
18619,0,2.8752020764244435e-09,0,0.28302879089934707,model::modernbert_base,ModernBERT,42
3695,1,1.1155931289863474e-08,0,0.28302879089934707,model::modernbert_base,ModernBERT,42
8344,0,5.418011816971102e-09,0,0.28302879089934707,model::modernbert_base,ModernBERT,42
15114,0,2.2726908355252817e-08,0,0.28302879089934707,model::modernbert_base,ModernBERT,42
12391,1,5.022965599010831e-09,0,0.28302879089934707,model::modernbert_base,ModernBERT,42
4632,1,1.880662203745942e-08,0,0.28302879089934707,model::modernbert_base,ModernBERT,42
15102,0,3.0393798589045673e-09,0,0.28302879089934707,model::modernbert_base,ModernBERT,42
5842,0,2.1692089546831994e-07,0,0.28302879089934707,model::modernbert_base,ModernBERT,42
5498,0,6.649704786809707e-09,0,0.28302879089934707,model::modernbert_base,ModernBERT,42
3589,0,2.576277413623984e-09,0,0.28302879089934707,model::modernbert_base,ModernBERT,42
3086,1,2.3354560951815984e-08,0,0.28302879089934707,model::modernbert_base,ModernBERT,42
13493,1,6.269714081241773e-09,0,0.28302879089934707,model::modernbert_base,ModernBERT,42
10682,0,2.07100159244078e-09,0,0.28302879089934707,model::modernbert_base,ModernBERT,42
10036,0,1.736605859115059e-09,0,0.28302879089934707,model::modernbert_base,ModernBERT,42
19345,0,3.0863893663024555e-09,0,0.28302879089934707,model::modernbert_base,ModernBERT,42
2750,0,1.235955893186258e-09,0,0.28302879089934707,model::modernbert_base,ModernBERT,42
15614,1,1.209321442985356e-08,0,0.28302879089934707,model::modernbert_base,ModernBERT,42
5002,1,8.76482886269514e-09,0,0.28302879089934707,model::modernbert_base,ModernBERT,42
13930,1,8.163067555244652e-09,0,0.28302879089934707,model::modernbert_base,ModernBERT,42
10120,0,1.1253533216404321e-08,0,0.28302879089934707,model::modernbert_base,ModernBERT,42
18713,1,7.916309385791465e-09,0,0.28302879089934707,model::modernbert_base,ModernBERT,42
8232,1,1.1114112297150314e-08,0,0.28302879089934707,model::modernbert_base,ModernBERT,42
7129,0,1.463716481353572e-09,0,0.28302879089934707,model::modernbert_base,ModernBERT,42
18752,1,2.4235793372184844e-09,0,0.28302879089934707,model::modernbert_base,ModernBERT,42
6196,1,7.204706609087452e-09,0,0.28302879089934707,model::modernbert_base,ModernBERT,42
7708,0,3.5312206492221776e-09,0,0.28302879089934707,model::modernbert_base,ModernBERT,42
11980,1,9.195663785988017e-09,0,0.28302879089934707,model::modernbert_base,ModernBERT,42
6870,1,3.1543965217650793e-09,0,0.28302879089934707,model::modernbert_base,ModernBERT,42
14038,1,3.4629272782638054e-09,0,0.28302879089934707,model::modernbert_base,ModernBERT,42
9212,0,4.979885837030906e-09,0,0.28302879089934707,model::modernbert_base,ModernBERT,42
20144,1,3.1311744308482048e-09,0,0.28302879089934707,model::modernbert_base,ModernBERT,42
12670,1,8.650926197617537e-09,0,0.28302879089934707,model::modernbert_base,ModernBERT,42
197,0,1.7366820204145483e-09,0,0.28302879089934707,model::modernbert_base,ModernBERT,42
5786,0,1.1924856657685723e-09,0,0.28302879089934707,model::modernbert_base,ModernBERT,42
19596,1,2.7968320992499685e-09,0,0.28302879089934707,model::modernbert_base,ModernBERT,42
14263,1,1.1990822557095271e-08,0,0.28302879089934707,model::modernbert_base,ModernBERT,42
5527,0,3.1565874358818746e-09,0,0.28302879089934707,model::modernbert_base,ModernBERT,42
3613,1,9.816798041129005e-09,0,0.28302879089934707,model::modernbert_base,ModernBERT,42
19069,0,2.5078497500885533e-08,0,0.28302879089934707,model::modernbert_base,ModernBERT,42
11053,1,3.792437475169663e-09,0,0.28302879089934707,model::modernbert_base,ModernBERT,42
10188,0,3.551940608303994e-07,0,0.28302879089934707,model::modernbert_base,ModernBERT,42
5807,1,1.178977804272563e-08,0,0.28302879089934707,model::modernbert_base,ModernBERT,42
16841,0,3.481762878010386e-09,0,0.28302879089934707,model::modernbert_base,ModernBERT,42
19452,1,1.8288110581465844e-08,0,0.28302879089934707,model::modernbert_base,ModernBERT,42
14754,1,3.841264195614258e-09,0,0.28302879089934707,model::modernbert_base,ModernBERT,42
15299,0,7.007961988492184e-10,0,0.28302879089934707,model::modernbert_base,ModernBERT,42
8336,1,1.5471963710211867e-09,0,0.28302879089934707,model::modernbert_base,ModernBERT,42
9523,1,1.6258120183465508e-08,0,0.28302879089934707,model::modernbert_base,ModernBERT,42
12154,1,1.1301091618065584e-08,0,0.28302879089934707,model::modernbert_base,ModernBERT,42
19454,0,3.1273246214880146e-09,0,0.28302879089934707,model::modernbert_base,ModernBERT,42
20356,0,6.430662224943262e-09,0,0.28302879089934707,model::modernbert_base,ModernBERT,42
20645,0,3.1959412893911576e-09,0,0.28302879089934707,model::modernbert_base,ModernBERT,42
4937,0,2.0325141569799143e-09,0,0.28302879089934707,model::modernbert_base,ModernBERT,42
14311,0,2.6588280466199876e-09,0,0.28302879089934707,model::modernbert_base,ModernBERT,42
15899,1,1.5738686798272283e-08,0,0.28302879089934707,model::modernbert_base,ModernBERT,42
12221,1,3.800932013575675e-09,0,0.28302879089934707,model::modernbert_base,ModernBERT,42
6235,1,2.6245607909203272e-09,0,0.28302879089934707,model::modernbert_base,ModernBERT,42
4530,0,2.6624005222686264e-09,0,0.28302879089934707,model::modernbert_base,ModernBERT,42
11047,0,1.727485354763303e-08,0,0.28302879089934707,model::modernbert_base,ModernBERT,42
6030,1,7.564305626317491e-09,0,0.28302879089934707,model::modernbert_base,ModernBERT,42
11784,0,1.4563848793613943e-08,0,0.28302879089934707,model::modernbert_base,ModernBERT,42
16240,1,1.9541586127047594e-08,0,0.28302879089934707,model::modernbert_base,ModernBERT,42
6814,0,1.1079628325916246e-09,0,0.28302879089934707,model::modernbert_base,ModernBERT,42
9480,0,6.742323144237616e-09,0,0.28302879089934707,model::modernbert_base,ModernBERT,42
18776,0,6.572358657308541e-09,0,0.28302879089934707,model::modernbert_base,ModernBERT,42
19473,1,5.81362371576688e-08,0,0.28302879089934707,model::modernbert_base,ModernBERT,42
21029,0,6.15498230160938e-09,0,0.28302879089934707,model::modernbert_base,ModernBERT,42
9437,0,1.375850322560268e-09,0,0.28302879089934707,model::modernbert_base,ModernBERT,42
9842,1,7.297632276248578e-09,0,0.28302879089934707,model::modernbert_base,ModernBERT,42
3009,1,5.473487885154782e-09,0,0.28302879089934707,model::modernbert_base,ModernBERT,42
11712,0,2.0435695358145267e-09,0,0.28302879089934707,model::modernbert_base,ModernBERT,42
16729,1,4.3250154568852395e-09,0,0.28302879089934707,model::modernbert_base,ModernBERT,42
5237,1,1.706669294776475e-08,0,0.28302879089934707,model::modernbert_base,ModernBERT,42
7020,1,3.0288666152955557e-07,0,0.28302879089934707,model::modernbert_base,ModernBERT,42
11806,0,4.639435946529602e-09,0,0.28302879089934707,model::modernbert_base,ModernBERT,42
12464,0,9.2263388040692e-09,0,0.28302879089934707,model::modernbert_base,ModernBERT,42
792,0,1.45518452843163e-09,0,0.28302879089934707,model::modernbert_base,ModernBERT,42
1233,1,6.662692175751772e-09,0,0.28302879089934707,model::modernbert_base,ModernBERT,42
16456,1,3.6112879353566996e-09,0,0.28302879089934707,model::modernbert_base,ModernBERT,42
20327,1,2.756709704954119e-08,0,0.28302879089934707,model::modernbert_base,ModernBERT,42
14791,1,4.639197026534703e-09,0,0.28302879089934707,model::modernbert_base,ModernBERT,42
2125,0,2.093612172515691e-09,0,0.28302879089934707,model::modernbert_base,ModernBERT,42
20580,0,4.6413743959305975e-09,0,0.28302879089934707,model::modernbert_base,ModernBERT,42
1352,0,1.8260704059969157e-09,0,0.28302879089934707,model::modernbert_base,ModernBERT,42
9413,0,4.9468842355793186e-09,0,0.28302879089934707,model::modernbert_base,ModernBERT,42
16103,0,1.1590809663175605e-06,0,0.28302879089934707,model::modernbert_base,ModernBERT,42
5733,1,6.981948796891402e-09,0,0.28302879089934707,model::modernbert_base,ModernBERT,42
6147,0,1.988949449582833e-08,0,0.28302879089934707,model::modernbert_base,ModernBERT,42
10220,1,1.516366054943319e-08,0,0.28302879089934707,model::modernbert_base,ModernBERT,42
13001,1,5.600702124297641e-09,0,0.28302879089934707,model::modernbert_base,ModernBERT,42
7442,1,1.3329178649712503e-08,0,0.28302879089934707,model::modernbert_base,ModernBERT,42
6884,0,4.218956295432008e-09,0,0.28302879089934707,model::modernbert_base,ModernBERT,42
4949,1,8.420938613085127e-09,0,0.28302879089934707,model::modernbert_base,ModernBERT,42
9301,1,3.8341201324954e-09,0,0.28302879089934707,model::modernbert_base,ModernBERT,42
16483,0,1.5312198176076208e-09,0,0.28302879089934707,model::modernbert_base,ModernBERT,42
12858,0,6.392226747919949e-09,0,0.28302879089934707,model::modernbert_base,ModernBERT,42
2490,0,5.868634911365689e-09,0,0.28302879089934707,model::modernbert_base,ModernBERT,42
2298,0,2.617876360133664e-09,0,0.28302879089934707,model::modernbert_base,ModernBERT,42
20372,0,7.160022050811676e-07,0,0.28302879089934707,model::modernbert_base,ModernBERT,42
16026,1,1.0053872401272201e-08,0,0.28302879089934707,model::modernbert_base,ModernBERT,42
1654,1,9.851592430720757e-09,0,0.28302879089934707,model::modernbert_base,ModernBERT,42
5270,1,4.8279966691211484e-09,0,0.28302879089934707,model::modernbert_base,ModernBERT,42
20611,1,9.601947681403544e-09,0,0.28302879089934707,model::modernbert_base,ModernBERT,42
19998,0,1.2334524512880307e-09,0,0.28302879089934707,model::modernbert_base,ModernBERT,42
9193,0,4.443502454876125e-09,0,0.28302879089934707,model::modernbert_base,ModernBERT,42
11269,0,1.82938659776255e-08,0,0.28302879089934707,model::modernbert_base,ModernBERT,42
2088,0,1.6264873892168907e-09,0,0.28302879089934707,model::modernbert_base,ModernBERT,42
6637,0,1.8160081216578305e-09,0,0.28302879089934707,model::modernbert_base,ModernBERT,42
6554,1,6.962002085941776e-09,0,0.28302879089934707,model::modernbert_base,ModernBERT,42
2779,1,6.5640528568167156e-09,0,0.28302879089934707,model::modernbert_base,ModernBERT,42
14704,1,6.248749961912381e-09,0,0.28302879089934707,model::modernbert_base,ModernBERT,42
9470,0,9.881006235445966e-09,0,0.28302879089934707,model::modernbert_base,ModernBERT,42
13502,1,8.977422361056142e-09,0,0.28302879089934707,model::modernbert_base,ModernBERT,42
11886,1,5.4841993168963654e-09,0,0.28302879089934707,model::modernbert_base,ModernBERT,42
9976,1,1.7405328733843817e-08,0,0.28302879089934707,model::modernbert_base,ModernBERT,42
9870,0,1.4798691161388433e-09,0,0.28302879089934707,model::modernbert_base,ModernBERT,42
3216,0,7.657662060012171e-09,0,0.28302879089934707,model::modernbert_base,ModernBERT,42
11857,1,3.752217203611963e-09,0,0.28302879089934707,model::modernbert_base,ModernBERT,42
2564,1,1.267657800951838e-08,0,0.28302879089934707,model::modernbert_base,ModernBERT,42
11284,1,8.653318950280209e-09,0,0.28302879089934707,model::modernbert_base,ModernBERT,42
1669,0,2.3950650351878267e-09,0,0.28302879089934707,model::modernbert_base,ModernBERT,42
1031,0,1.3171219670482515e-09,0,0.28302879089934707,model::modernbert_base,ModernBERT,42
20648,1,1.1096553009792842e-08,0,0.28302879089934707,model::modernbert_base,ModernBERT,42
17870,0,4.427732402945139e-09,0,0.28302879089934707,model::modernbert_base,ModernBERT,42
15836,0,2.281889566191353e-09,0,0.28302879089934707,model::modernbert_base,ModernBERT,42
7602,1,2.346158112231933e-08,0,0.28302879089934707,model::modernbert_base,ModernBERT,42
6097,0,2.546534982883486e-09,0,0.28302879089934707,model::modernbert_base,ModernBERT,42
11780,1,9.291911240438822e-09,0,0.28302879089934707,model::modernbert_base,ModernBERT,42
12327,1,7.066540685940481e-09,0,0.28302879089934707,model::modernbert_base,ModernBERT,42
7422,0,1.8809123147889295e-09,0,0.28302879089934707,model::modernbert_base,ModernBERT,42
1605,0,2.469429327689454e-09,0,0.28302879089934707,model::modernbert_base,ModernBERT,42
9219,0,2.370401208651174e-09,0,0.28302879089934707,model::modernbert_base,ModernBERT,42
1998,0,2.1578854614290321e-07,0,0.28302879089934707,model::modernbert_base,ModernBERT,42
7787,1,8.57305071377823e-09,0,0.28302879089934707,model::modernbert_base,ModernBERT,42
6209,1,1.566083085435821e-08,0,0.28302879089934707,model::modernbert_base,ModernBERT,42
14715,0,4.257060925993983e-09,0,0.28302879089934707,model::modernbert_base,ModernBERT,42
274,0,3.285701488664472e-09,0,0.28302879089934707,model::modernbert_base,ModernBERT,42
1200,0,5.112813639129854e-08,0,0.28302879089934707,model::modernbert_base,ModernBERT,42
1804,1,2.3221838674203354e-08,0,0.28302879089934707,model::modernbert_base,ModernBERT,42
18547,1,6.093179738542176e-09,0,0.28302879089934707,model::modernbert_base,ModernBERT,42
4952,0,2.1277095640925836e-09,0,0.28302879089934707,model::modernbert_base,ModernBERT,42
10413,1,8.476857438211027e-09,0,0.28302879089934707,model::modernbert_base,ModernBERT,42
20278,0,7.240772870176215e-09,0,0.28302879089934707,model::modernbert_base,ModernBERT,42
15260,0,1.7552943543108768e-09,0,0.28302879089934707,model::modernbert_base,ModernBERT,42
9825,0,3.5308098667030663e-09,0,0.28302879089934707,model::modernbert_base,ModernBERT,42
13644,1,1.2921177905411696e-08,0,0.28302879089934707,model::modernbert_base,ModernBERT,42
2384,1,5.6868936226806e-09,0,0.28302879089934707,model::modernbert_base,ModernBERT,42
9493,1,5.9442486488592294e-09,0,0.28302879089934707,model::modernbert_base,ModernBERT,42
15687,1,1.3110420304940362e-08,0,0.28302879089934707,model::modernbert_base,ModernBERT,42
15144,0,1.2143440919487603e-08,0,0.28302879089934707,model::modernbert_base,ModernBERT,42
20175,1,5.076807418902263e-09,0,0.28302879089934707,model::modernbert_base,ModernBERT,42
20844,1,3.835151307640672e-09,0,0.28302879089934707,model::modernbert_base,ModernBERT,42
5744,1,1.4982560747611728e-09,0,0.28302879089934707,model::modernbert_base,ModernBERT,42
20183,0,1.7282392184014839e-09,0,0.28302879089934707,model::modernbert_base,ModernBERT,42
1277,0,3.806910342518677e-09,0,0.28302879089934707,model::modernbert_base,ModernBERT,42
1051,0,7.91937537769627e-09,0,0.28302879089934707,model::modernbert_base,ModernBERT,42
980,0,5.283537163336405e-09,0,0.28302879089934707,model::modernbert_base,ModernBERT,42
3443,0,2.4649495777850916e-09,0,0.28302879089934707,model::modernbert_base,ModernBERT,42
13908,1,1.7589608658497013e-09,0,0.28302879089934707,model::modernbert_base,ModernBERT,42
21046,1,9.773435394322405e-09,0,0.28302879089934707,model::modernbert_base,ModernBERT,42
6179,1,3.5508882501034122e-09,0,0.28302879089934707,model::modernbert_base,ModernBERT,42
19724,1,3.6335077169269425e-09,0,0.28302879089934707,model::modernbert_base,ModernBERT,42
20341,1,6.827800547171137e-09,0,0.28302879089934707,model::modernbert_base,ModernBERT,42
3028,1,1.4921681668056408e-08,0,0.28302879089934707,model::modernbert_base,ModernBERT,42
6737,0,6.025409504673007e-09,0,0.28302879089934707,model::modernbert_base,ModernBERT,42
12004,0,2.4168766987742174e-09,0,0.28302879089934707,model::modernbert_base,ModernBERT,42
21054,0,3.8681586822519876e-09,0,0.28302879089934707,model::modernbert_base,ModernBERT,42
735,1,8.126281869635932e-09,0,0.28302879089934707,model::modernbert_base,ModernBERT,42
845,1,4.696121269631703e-09,0,0.28302879089934707,model::modernbert_base,ModernBERT,42
2659,0,1.6645249623081781e-09,0,0.28302879089934707,model::modernbert_base,ModernBERT,42
11691,1,6.808021257853625e-09,0,0.28302879089934707,model::modernbert_base,ModernBERT,42
220,0,4.57114257557123e-09,0,0.28302879089934707,model::modernbert_base,ModernBERT,42
14073,1,5.488876908543716e-09,0,0.28302879089934707,model::modernbert_base,ModernBERT,42
14089,0,1.4578459550662615e-09,0,0.28302879089934707,model::modernbert_base,ModernBERT,42
15991,0,4.854951551891418e-09,0,0.28302879089934707,model::modernbert_base,ModernBERT,42
17752,1,1.0248627724251946e-08,0,0.28302879089934707,model::modernbert_base,ModernBERT,42
1093,1,2.61587125294227e-08,0,0.28302879089934707,model::modernbert_base,ModernBERT,42
9141,1,6.8611423209574696e-09,0,0.28302879089934707,model::modernbert_base,ModernBERT,42
715,1,4.201153647187539e-09,0,0.28302879089934707,model::modernbert_base,ModernBERT,42
14951,1,3.565017170359397e-09,0,0.28302879089934707,model::modernbert_base,ModernBERT,42
3193,1,1.3150140532047772e-08,0,0.28302879089934707,model::modernbert_base,ModernBERT,42
15844,1,4.846523182777673e-09,0,0.28302879089934707,model::modernbert_base,ModernBERT,42
10910,1,3.902209222417241e-09,0,0.28302879089934707,model::modernbert_base,ModernBERT,42
9172,1,3.780905188932593e-08,0,0.28302879089934707,model::modernbert_base,ModernBERT,42
5017,1,1.6430826477176197e-08,0,0.28302879089934707,model::modernbert_base,ModernBERT,42
8474,1,7.736099760791149e-09,0,0.28302879089934707,model::modernbert_base,ModernBERT,42
7041,0,5.25188825761802e-09,0,0.28302879089934707,model::modernbert_base,ModernBERT,42
19785,0,1.4383526369954325e-08,0,0.28302879089934707,model::modernbert_base,ModernBERT,42
1706,0,6.324325951823084e-09,0,0.28302879089934707,model::modernbert_base,ModernBERT,42
18644,1,1.6199091845692237e-08,0,0.28302879089934707,model::modernbert_base,ModernBERT,42
20618,1,7.042294747350297e-09,0,0.28302879089934707,model::modernbert_base,ModernBERT,42
10680,0,5.7835158884245175e-09,0,0.28302879089934707,model::modernbert_base,ModernBERT,42
1137,1,8.348301605565212e-09,0,0.28302879089934707,model::modernbert_base,ModernBERT,42
5984,1,6.711132982673007e-09,0,0.28302879089934707,model::modernbert_base,ModernBERT,42
8627,0,8.395570461061652e-08,0,0.28302879089934707,model::modernbert_base,ModernBERT,42
3083,0,1.6397725399741603e-09,0,0.28302879089934707,model::modernbert_base,ModernBERT,42
1335,0,8.803515250122018e-09,0,0.28302879089934707,model::modernbert_base,ModernBERT,42
7661,1,6.135806085438844e-09,0,0.28302879089934707,model::modernbert_base,ModernBERT,42
20122,1,2.6777451367365757e-09,0,0.28302879089934707,model::modernbert_base,ModernBERT,42
16125,1,5.5417062050366894e-09,0,0.28302879089934707,model::modernbert_base,ModernBERT,42
8998,1,4.982774193251771e-09,0,0.28302879089934707,model::modernbert_base,ModernBERT,42
19137,1,3.1133979838671166e-09,0,0.28302879089934707,model::modernbert_base,ModernBERT,42
9285,0,3.3132594445817176e-09,0,0.28302879089934707,model::modernbert_base,ModernBERT,42
10260,1,2.9008397461893765e-08,0,0.28302879089934707,model::modernbert_base,ModernBERT,42
5406,0,1.2433530116595648e-07,0,0.28302879089934707,model::modernbert_base,ModernBERT,42
445,0,2.011595334749927e-09,0,0.28302879089934707,model::modernbert_base,ModernBERT,42
11938,1,6.88329437892321e-09,0,0.28302879089934707,model::modernbert_base,ModernBERT,42
10326,0,2.7272120117771692e-09,0,0.28302879089934707,model::modernbert_base,ModernBERT,42
20045,0,3.2501730196088374e-09,0,0.28302879089934707,model::modernbert_base,ModernBERT,42
4939,1,4.912489526276431e-09,0,0.28302879089934707,model::modernbert_base,ModernBERT,42
12602,1,2.8254909523184324e-09,0,0.28302879089934707,model::modernbert_base,ModernBERT,42
12820,0,1.480944922249705e-09,0,0.28302879089934707,model::modernbert_base,ModernBERT,42
4707,1,4.968273348282537e-09,0,0.28302879089934707,model::modernbert_base,ModernBERT,42
2740,1,1.7311268862840734e-08,0,0.28302879089934707,model::modernbert_base,ModernBERT,42
15206,0,2.9050741812142178e-09,0,0.28302879089934707,model::modernbert_base,ModernBERT,42
20765,1,8.356585645685755e-09,0,0.28302879089934707,model::modernbert_base,ModernBERT,42
13867,1,4.557474397870465e-09,0,0.28302879089934707,model::modernbert_base,ModernBERT,42
10393,0,2.081039340851021e-09,0,0.28302879089934707,model::modernbert_base,ModernBERT,42
18360,0,1.6400447666597984e-09,0,0.28302879089934707,model::modernbert_base,ModernBERT,42
16306,0,2.4245039309533922e-09,0,0.28302879089934707,model::modernbert_base,ModernBERT,42
16392,0,7.423773595860439e-09,0,0.28302879089934707,model::modernbert_base,ModernBERT,42
223,1,2.877116767052712e-09,0,0.28302879089934707,model::modernbert_base,ModernBERT,42
13724,1,3.744688559237375e-09,0,0.28302879089934707,model::modernbert_base,ModernBERT,42
10533,1,1.72795004971249e-08,0,0.28302879089934707,model::modernbert_base,ModernBERT,42
14919,1,6.4468239635573354e-09,0,0.28302879089934707,model::modernbert_base,ModernBERT,42
4826,0,4.895409855265598e-09,0,0.28302879089934707,model::modernbert_base,ModernBERT,42
12828,1,5.3253650378337625e-08,0,0.28302879089934707,model::modernbert_base,ModernBERT,42
1508,1,6.700325183572886e-09,0,0.28302879089934707,model::modernbert_base,ModernBERT,42
14590,0,4.0512446730645024e-09,0,0.28302879089934707,model::modernbert_base,ModernBERT,42
8866,1,9.73847136265249e-09,0,0.28302879089934707,model::modernbert_base,ModernBERT,42
4409,0,9.423847480150016e-09,0,0.28302879089934707,model::modernbert_base,ModernBERT,42
18033,1,3.4959901640263524e-09,0,0.28302879089934707,model::modernbert_base,ModernBERT,42
12087,1,1.2426435880286135e-08,0,0.28302879089934707,model::modernbert_base,ModernBERT,42
10834,0,8.547645258261127e-09,0,0.28302879089934707,model::modernbert_base,ModernBERT,42
3238,1,1.9669737838512447e-08,0,0.28302879089934707,model::modernbert_base,ModernBERT,42
15827,0,5.201306052526888e-09,0,0.28302879089934707,model::modernbert_base,ModernBERT,42
3656,1,4.725800195615193e-09,0,0.28302879089934707,model::modernbert_base,ModernBERT,42
8955,0,3.4079523647534415e-09,0,0.28302879089934707,model::modernbert_base,ModernBERT,42
890,1,3.037230023039683e-09,0,0.28302879089934707,model::modernbert_base,ModernBERT,42
2516,1,6.244734507276917e-09,0,0.28302879089934707,model::modernbert_base,ModernBERT,42
18073,1,4.246202500723939e-09,0,0.28302879089934707,model::modernbert_base,ModernBERT,42
8460,1,6.187693468717725e-09,0,0.28302879089934707,model::modernbert_base,ModernBERT,42
13913,1,7.801133072860011e-09,0,0.28302879089934707,model::modernbert_base,ModernBERT,42
14989,0,8.345149460353696e-09,0,0.28302879089934707,model::modernbert_base,ModernBERT,42
12550,0,2.232062978890781e-09,0,0.28302879089934707,model::modernbert_base,ModernBERT,42
8601,0,1.2508690083734564e-08,0,0.28302879089934707,model::modernbert_base,ModernBERT,42
11106,1,6.7036234341344425e-09,0,0.28302879089934707,model::modernbert_base,ModernBERT,42
18688,0,2.1668378202832628e-09,0,0.28302879089934707,model::modernbert_base,ModernBERT,42
8130,0,1.1577300895737608e-08,0,0.28302879089934707,model::modernbert_base,ModernBERT,42
4465,1,5.069182851258347e-09,0,0.28302879089934707,model::modernbert_base,ModernBERT,42
17215,1,6.837170385409763e-09,0,0.28302879089934707,model::modernbert_base,ModernBERT,42
8438,1,3.9186107692046335e-09,0,0.28302879089934707,model::modernbert_base,ModernBERT,42
10332,1,4.668613939884381e-09,0,0.28302879089934707,model::modernbert_base,ModernBERT,42
7194,1,8.194298573016567e-09,0,0.28302879089934707,model::modernbert_base,ModernBERT,42
7211,1,5.496294086526632e-09,0,0.28302879089934707,model::modernbert_base,ModernBERT,42
7652,0,3.27497118313147e-09,0,0.28302879089934707,model::modernbert_base,ModernBERT,42
20393,1,7.74711494955227e-09,0,0.28302879089934707,model::modernbert_base,ModernBERT,42
7624,0,2.2032160540419454e-09,0,0.28302879089934707,model::modernbert_base,ModernBERT,42
19363,1,4.405392051154422e-09,0,0.28302879089934707,model::modernbert_base,ModernBERT,42
7628,1,4.694526989368342e-09,0,0.28302879089934707,model::modernbert_base,ModernBERT,42
13143,0,8.176593624398265e-09,0,0.28302879089934707,model::modernbert_base,ModernBERT,42
18653,1,9.142481438573213e-09,0,0.28302879089934707,model::modernbert_base,ModernBERT,42
910,0,6.383481121474688e-08,0,0.28302879089934707,model::modernbert_base,ModernBERT,42
257,1,5.101910005578247e-09,0,0.28302879089934707,model::modernbert_base,ModernBERT,42
8122,1,5.489463550389928e-09,0,0.28302879089934707,model::modernbert_base,ModernBERT,42
9065,1,1.0436501440835855e-08,0,0.28302879089934707,model::modernbert_base,ModernBERT,42
18774,0,1.9815315610571815e-08,0,0.28302879089934707,model::modernbert_base,ModernBERT,42
8840,1,1.1875517458292961e-08,0,0.28302879089934707,model::modernbert_base,ModernBERT,42
9083,1,2.047572555952115e-09,0,0.28302879089934707,model::modernbert_base,ModernBERT,42
1188,1,5.196248764605116e-09,0,0.28302879089934707,model::modernbert_base,ModernBERT,42
10566,0,2.1320278875691656e-09,0,0.28302879089934707,model::modernbert_base,ModernBERT,42
19405,1,6.528803719874077e-09,0,0.28302879089934707,model::modernbert_base,ModernBERT,42
8459,1,3.7208589542814252e-09,0,0.28302879089934707,model::modernbert_base,ModernBERT,42
17679,1,2.8578757138575384e-09,0,0.28302879089934707,model::modernbert_base,ModernBERT,42
12760,0,1.7381977386321523e-06,0,0.28302879089934707,model::modernbert_base,ModernBERT,42
11399,1,6.09912165216997e-09,0,0.28302879089934707,model::modernbert_base,ModernBERT,42
1972,1,2.3825229789053992e-08,0,0.28302879089934707,model::modernbert_base,ModernBERT,42
11132,0,2.777158503164401e-09,0,0.28302879089934707,model::modernbert_base,ModernBERT,42
1578,1,1.1397310650806958e-08,0,0.28302879089934707,model::modernbert_base,ModernBERT,42
407,1,3.1759974650213962e-09,0,0.28302879089934707,model::modernbert_base,ModernBERT,42
10444,1,1.0286425045080705e-08,0,0.28302879089934707,model::modernbert_base,ModernBERT,42
6758,0,2.090196682402734e-09,0,0.28302879089934707,model::modernbert_base,ModernBERT,42
12226,0,4.056897484616684e-09,0,0.28302879089934707,model::modernbert_base,ModernBERT,42
15551,1,7.570512217114356e-09,0,0.28302879089934707,model::modernbert_base,ModernBERT,42
2313,1,9.846238491206805e-09,0,0.28302879089934707,model::modernbert_base,ModernBERT,42
11015,1,5.912666800611532e-09,0,0.28302879089934707,model::modernbert_base,ModernBERT,42
35,1,2.213317351618116e-08,0,0.28302879089934707,model::modernbert_base,ModernBERT,42
20481,0,2.68586286544803e-09,0,0.28302879089934707,model::modernbert_base,ModernBERT,42
10167,0,1.5417671583861647e-09,0,0.28302879089934707,model::modernbert_base,ModernBERT,42
19682,1,8.002172258159135e-09,0,0.28302879089934707,model::modernbert_base,ModernBERT,42
4811,0,1.1456091186801132e-08,0,0.28302879089934707,model::modernbert_base,ModernBERT,42
19927,1,4.2899177543631595e-09,0,0.28302879089934707,model::modernbert_base,ModernBERT,42
2122,1,1.7895807502554817e-08,0,0.28302879089934707,model::modernbert_base,ModernBERT,42
19791,1,1.1000206967537451e-08,0,0.28302879089934707,model::modernbert_base,ModernBERT,42
14532,1,1.5022658672592115e-08,0,0.28302879089934707,model::modernbert_base,ModernBERT,42
6234,1,4.4969614698686655e-09,0,0.28302879089934707,model::modernbert_base,ModernBERT,42
13877,1,1.6967407034940152e-08,0,0.28302879089934707,model::modernbert_base,ModernBERT,42
13949,1,1.61779407648055e-08,0,0.28302879089934707,model::modernbert_base,ModernBERT,42
16838,0,1.3730609982331998e-09,0,0.28302879089934707,model::modernbert_base,ModernBERT,42
4456,0,5.080452325501028e-08,0,0.28302879089934707,model::modernbert_base,ModernBERT,42
10744,1,5.232530408960656e-09,0,0.28302879089934707,model::modernbert_base,ModernBERT,42
18984,1,2.288162193053722e-08,0,0.28302879089934707,model::modernbert_base,ModernBERT,42
20496,0,1.1323050275180435e-09,0,0.28302879089934707,model::modernbert_base,ModernBERT,42
5594,1,5.97125993095915e-09,0,0.28302879089934707,model::modernbert_base,ModernBERT,42
130,1,4.711391277112398e-09,0,0.28302879089934707,model::modernbert_base,ModernBERT,42
4873,0,1.2149376971137826e-07,0,0.28302879089934707,model::modernbert_base,ModernBERT,42
19469,1,5.34619504222178e-09,0,0.28302879089934707,model::modernbert_base,ModernBERT,42
7641,0,3.6163196881489057e-09,0,0.28302879089934707,model::modernbert_base,ModernBERT,42
9028,1,2.224820327967336e-09,0,0.28302879089934707,model::modernbert_base,ModernBERT,42
1377,0,1.691014772653432e-09,0,0.28302879089934707,model::modernbert_base,ModernBERT,42
8451,0,2.299874291011861e-09,0,0.28302879089934707,model::modernbert_base,ModernBERT,42
13056,1,2.6378350614919555e-09,0,0.28302879089934707,model::modernbert_base,ModernBERT,42
9516,0,3.5552323307541656e-09,0,0.28302879089934707,model::modernbert_base,ModernBERT,42
11571,0,5.158113047798452e-09,0,0.28302879089934707,model::modernbert_base,ModernBERT,42
15549,0,2.869252613280082e-09,0,0.28302879089934707,model::modernbert_base,ModernBERT,42
6838,0,1.483197897833577e-09,0,0.28302879089934707,model::modernbert_base,ModernBERT,42
14624,0,5.482672538192901e-09,0,0.28302879089934707,model::modernbert_base,ModernBERT,42
20203,1,1.8266870238647925e-09,0,0.28302879089934707,model::modernbert_base,ModernBERT,42
17249,0,4.848353718500675e-09,0,0.28302879089934707,model::modernbert_base,ModernBERT,42
7666,1,7.150111613896115e-09,0,0.28302879089934707,model::modernbert_base,ModernBERT,42
14003,0,1.8944572577339613e-09,0,0.28302879089934707,model::modernbert_base,ModernBERT,42
8295,1,3.564765593822017e-09,0,0.28302879089934707,model::modernbert_base,ModernBERT,42
7750,0,2.458029113583393e-09,0,0.28302879089934707,model::modernbert_base,ModernBERT,42
15845,0,2.476037153087418e-09,0,0.28302879089934707,model::modernbert_base,ModernBERT,42
18290,1,1.2790947856444745e-08,0,0.28302879089934707,model::modernbert_base,ModernBERT,42
15259,0,4.439444367676515e-09,0,0.28302879089934707,model::modernbert_base,ModernBERT,42
12818,0,6.071775526805823e-09,0,0.28302879089934707,model::modernbert_base,ModernBERT,42
1307,0,3.2901728008738473e-09,0,0.28302879089934707,model::modernbert_base,ModernBERT,42
11666,0,1.640086884435732e-05,0,0.28302879089934707,model::modernbert_base,ModernBERT,42
10098,0,2.1814263728714423e-09,0,0.28302879089934707,model::modernbert_base,ModernBERT,42
14991,0,4.345994675247766e-09,0,0.28302879089934707,model::modernbert_base,ModernBERT,42
3536,1,7.1831913750486365e-09,0,0.28302879089934707,model::modernbert_base,ModernBERT,42
793,0,2.2409827327152243e-09,0,0.28302879089934707,model::modernbert_base,ModernBERT,42
6444,1,5.357883470225033e-09,0,0.28302879089934707,model::modernbert_base,ModernBERT,42
21037,1,1.1309371217294029e-08,0,0.28302879089934707,model::modernbert_base,ModernBERT,42
1046,1,9.389255595237955e-09,0,0.28302879089934707,model::modernbert_base,ModernBERT,42
17091,1,2.004132149124871e-08,0,0.28302879089934707,model::modernbert_base,ModernBERT,42
10760,1,4.4004204724501506e-09,0,0.28302879089934707,model::modernbert_base,ModernBERT,42
19789,1,1.0786291859687935e-08,0,0.28302879089934707,model::modernbert_base,ModernBERT,42
14570,0,1.056757792383678e-09,0,0.28302879089934707,model::modernbert_base,ModernBERT,42
4501,0,6.458170886958214e-09,0,0.28302879089934707,model::modernbert_base,ModernBERT,42
17804,1,6.292692589227045e-09,0,0.28302879089934707,model::modernbert_base,ModernBERT,42
20930,1,2.59303889471596e-09,0,0.28302879089934707,model::modernbert_base,ModernBERT,42
5681,0,4.435289024939948e-09,0,0.28302879089934707,model::modernbert_base,ModernBERT,42
19492,0,3.0467104394915623e-09,0,0.28302879089934707,model::modernbert_base,ModernBERT,42
15199,0,1.1589937898293101e-08,0,0.28302879089934707,model::modernbert_base,ModernBERT,42
19773,1,1.179137498752425e-08,0,0.28302879089934707,model::modernbert_base,ModernBERT,42
8648,1,9.377962406631468e-09,0,0.28302879089934707,model::modernbert_base,ModernBERT,42
19415,0,1.0021955709760277e-08,0,0.28302879089934707,model::modernbert_base,ModernBERT,42
7801,0,3.823224403731729e-09,0,0.28302879089934707,model::modernbert_base,ModernBERT,42
8,1,6.909377958663754e-09,0,0.28302879089934707,model::modernbert_base,ModernBERT,42
20689,0,8.640982152030574e-09,0,0.28302879089934707,model::modernbert_base,ModernBERT,42
8222,0,2.9523368194617206e-09,0,0.28302879089934707,model::modernbert_base,ModernBERT,42
2404,0,5.647741385672589e-09,0,0.28302879089934707,model::modernbert_base,ModernBERT,42
16855,0,4.462478742084386e-08,0,0.28302879089934707,model::modernbert_base,ModernBERT,42
16043,0,2.449501934620457e-09,0,0.28302879089934707,model::modernbert_base,ModernBERT,42
3970,1,5.242280387562914e-09,0,0.28302879089934707,model::modernbert_base,ModernBERT,42
15080,0,3.1827285251750936e-09,0,0.28302879089934707,model::modernbert_base,ModernBERT,42
12208,1,3.986276198020278e-09,0,0.28302879089934707,model::modernbert_base,ModernBERT,42
16329,0,2.644716667887792e-09,0,0.28302879089934707,model::modernbert_base,ModernBERT,42
16072,0,2.315680758258054e-09,0,0.28302879089934707,model::modernbert_base,ModernBERT,42
7193,0,1.879660649350967e-09,0,0.28302879089934707,model::modernbert_base,ModernBERT,42
9127,0,1.4871383013925765e-09,0,0.28302879089934707,model::modernbert_base,ModernBERT,42
8752,0,2.2355439721621906e-09,0,0.28302879089934707,model::modernbert_base,ModernBERT,42
15219,0,2.414932032124284e-09,0,0.28302879089934707,model::modernbert_base,ModernBERT,42
3972,1,6.4257088538965945e-09,0,0.28302879089934707,model::modernbert_base,ModernBERT,42
17228,0,2.0792776389555456e-09,0,0.28302879089934707,model::modernbert_base,ModernBERT,42
11729,1,2.1242922088049454e-08,0,0.28302879089934707,model::modernbert_base,ModernBERT,42
10278,0,3.0858655630794374e-09,0,0.28302879089934707,model::modernbert_base,ModernBERT,42
6727,1,6.871226254645535e-09,0,0.28302879089934707,model::modernbert_base,ModernBERT,42
13215,0,1.7045451272679202e-08,0,0.28302879089934707,model::modernbert_base,ModernBERT,42
15369,1,3.926631020334526e-09,0,0.28302879089934707,model::modernbert_base,ModernBERT,42
6047,0,0.000109947839519009,0,0.28302879089934707,model::modernbert_base,ModernBERT,42
3678,1,1.955391848440513e-09,0,0.28302879089934707,model::modernbert_base,ModernBERT,42
7108,1,4.197885594692252e-09,0,0.28302879089934707,model::modernbert_base,ModernBERT,42
12819,1,3.0201192657841602e-09,0,0.28302879089934707,model::modernbert_base,ModernBERT,42
1116,1,1.5576880230128154e-08,0,0.28302879089934707,model::modernbert_base,ModernBERT,42
11919,1,4.860149616092713e-09,0,0.28302879089934707,model::modernbert_base,ModernBERT,42
20150,1,1.864827758879528e-08,0,0.28302879089934707,model::modernbert_base,ModernBERT,42
15363,1,1.1846062797360446e-08,0,0.28302879089934707,model::modernbert_base,ModernBERT,42
9926,0,8.984466148831416e-08,0,0.28302879089934707,model::modernbert_base,ModernBERT,42
1315,1,2.8024029319340116e-08,0,0.28302879089934707,model::modernbert_base,ModernBERT,42
12578,1,9.088306107685185e-09,0,0.28302879089934707,model::modernbert_base,ModernBERT,42
9256,1,8.637801585109628e-09,0,0.28302879089934707,model::modernbert_base,ModernBERT,42
2825,1,1.6176738171225225e-08,0,0.28302879089934707,model::modernbert_base,ModernBERT,42
12249,1,2.6053237345280422e-09,0,0.28302879089934707,model::modernbert_base,ModernBERT,42
2998,1,1.948843397769906e-08,0,0.28302879089934707,model::modernbert_base,ModernBERT,42
12377,0,1.305613839264197e-09,0,0.28302879089934707,model::modernbert_base,ModernBERT,42
14586,0,2.7344519981653548e-09,0,0.28302879089934707,model::modernbert_base,ModernBERT,42
232,0,5.272765335462282e-09,0,0.28302879089934707,model::modernbert_base,ModernBERT,42
11854,0,1.726833076531875e-08,0,0.28302879089934707,model::modernbert_base,ModernBERT,42
20165,0,1.1526319809718188e-07,0,0.28302879089934707,model::modernbert_base,ModernBERT,42
14236,0,1.5655476914844257e-09,0,0.28302879089934707,model::modernbert_base,ModernBERT,42
19570,0,2.2982693526074627e-09,0,0.28302879089934707,model::modernbert_base,ModernBERT,42
12489,0,1.7246762906708568e-09,0,0.28302879089934707,model::modernbert_base,ModernBERT,42
10124,1,5.088227172933557e-09,0,0.28302879089934707,model::modernbert_base,ModernBERT,42
1189,1,3.794355052377796e-09,0,0.28302879089934707,model::modernbert_base,ModernBERT,42
12081,1,1.4410656667962485e-08,0,0.28302879089934707,model::modernbert_base,ModernBERT,42
3134,0,2.3785260427899857e-09,0,0.28302879089934707,model::modernbert_base,ModernBERT,42
14002,1,2.362457340865376e-09,0,0.28302879089934707,model::modernbert_base,ModernBERT,42
15576,0,4.978803147537292e-09,0,0.28302879089934707,model::modernbert_base,ModernBERT,42
1697,1,8.712525811915839e-09,0,0.28302879089934707,model::modernbert_base,ModernBERT,42
4042,1,1.126633364378904e-08,0,0.28302879089934707,model::modernbert_base,ModernBERT,42
15141,1,5.564265936897073e-09,0,0.28302879089934707,model::modernbert_base,ModernBERT,42
9519,1,6.451288836473168e-09,0,0.28302879089934707,model::modernbert_base,ModernBERT,42
5313,1,6.735138224911452e-09,0,0.28302879089934707,model::modernbert_base,ModernBERT,42
6119,0,4.971098199746393e-09,0,0.28302879089934707,model::modernbert_base,ModernBERT,42
1040,1,3.5394134290100965e-09,0,0.28302879089934707,model::modernbert_base,ModernBERT,42
19078,0,1.313376518652376e-09,0,0.28302879089934707,model::modernbert_base,ModernBERT,42
17454,0,1.0196704813836277e-08,0,0.28302879089934707,model::modernbert_base,ModernBERT,42
7896,1,8.279954499812447e-09,0,0.28302879089934707,model::modernbert_base,ModernBERT,42
2774,1,4.777558793023218e-09,0,0.28302879089934707,model::modernbert_base,ModernBERT,42
4384,1,7.012190383903771e-09,0,0.28302879089934707,model::modernbert_base,ModernBERT,42
10964,1,1.0297496189082267e-08,0,0.28302879089934707,model::modernbert_base,ModernBERT,42
14351,0,1.6520189660695905e-09,0,0.28302879089934707,model::modernbert_base,ModernBERT,42
2623,0,4.272997067289452e-09,0,0.28302879089934707,model::modernbert_base,ModernBERT,42
16957,0,2.1069037625665032e-09,0,0.28302879089934707,model::modernbert_base,ModernBERT,42
3957,0,1.507644342702008e-09,0,0.28302879089934707,model::modernbert_base,ModernBERT,42
10091,1,8.046173505249499e-09,0,0.28302879089934707,model::modernbert_base,ModernBERT,42
5191,0,8.880129520605351e-09,0,0.28302879089934707,model::modernbert_base,ModernBERT,42
18187,1,2.47517295548505e-09,0,0.28302879089934707,model::modernbert_base,ModernBERT,42
18204,0,2.1033019770300143e-09,0,0.28302879089934707,model::modernbert_base,ModernBERT,42
20699,0,3.407302218150221e-09,0,0.28302879089934707,model::modernbert_base,ModernBERT,42
10673,1,1.3498420159407942e-08,0,0.28302879089934707,model::modernbert_base,ModernBERT,42
11601,1,3.7197236402164435e-09,0,0.28302879089934707,model::modernbert_base,ModernBERT,42
18930,1,8.893265679432716e-09,0,0.28302879089934707,model::modernbert_base,ModernBERT,42
20037,1,6.040207001234421e-09,0,0.28302879089934707,model::modernbert_base,ModernBERT,42
14499,1,2.440175617124396e-09,0,0.28302879089934707,model::modernbert_base,ModernBERT,42
19267,0,8.916875238185185e-09,0,0.28302879089934707,model::modernbert_base,ModernBERT,42
15555,1,1.1006272337965584e-08,0,0.28302879089934707,model::modernbert_base,ModernBERT,42
4094,0,2.2387611764429494e-09,0,0.28302879089934707,model::modernbert_base,ModernBERT,42
6491,0,1.8892862829744672e-09,0,0.28302879089934707,model::modernbert_base,ModernBERT,42
2925,1,1.0461095101277351e-08,0,0.28302879089934707,model::modernbert_base,ModernBERT,42
15798,0,3.1827649404903013e-09,0,0.28302879089934707,model::modernbert_base,ModernBERT,42
20639,1,6.5789182990272366e-09,0,0.28302879089934707,model::modernbert_base,ModernBERT,42
11212,1,2.142926547321622e-08,0,0.28302879089934707,model::modernbert_base,ModernBERT,42
2422,0,2.208443135032212e-07,0,0.28302879089934707,model::modernbert_base,ModernBERT,42
5012,1,8.602567547200124e-09,0,0.28302879089934707,model::modernbert_base,ModernBERT,42
6603,1,9.291645675091331e-09,0,0.28302879089934707,model::modernbert_base,ModernBERT,42
4997,0,1.311298958306395e-09,0,0.28302879089934707,model::modernbert_base,ModernBERT,42
5034,1,1.0680939688256785e-08,0,0.28302879089934707,model::modernbert_base,ModernBERT,42
2639,0,1.2532183069069447e-09,0,0.28302879089934707,model::modernbert_base,ModernBERT,42
10947,1,4.440350753753819e-09,0,0.28302879089934707,model::modernbert_base,ModernBERT,42
4724,0,8.91929019530835e-09,0,0.28302879089934707,model::modernbert_base,ModernBERT,42
11645,1,1.956179929152313e-08,0,0.28302879089934707,model::modernbert_base,ModernBERT,42
825,0,2.0677097811727663e-09,0,0.28302879089934707,model::modernbert_base,ModernBERT,42
3923,1,1.925583958950483e-08,0,0.28302879089934707,model::modernbert_base,ModernBERT,42
8746,0,2.3898676371203464e-09,0,0.28302879089934707,model::modernbert_base,ModernBERT,42
14833,1,7.865812889917834e-09,0,0.28302879089934707,model::modernbert_base,ModernBERT,42
16281,0,2.4908395346301404e-09,0,0.28302879089934707,model::modernbert_base,ModernBERT,42
5044,0,1.0018706753101014e-08,0,0.28302879089934707,model::modernbert_base,ModernBERT,42
6285,0,1.0558994789633402e-09,0,0.28302879089934707,model::modernbert_base,ModernBERT,42
8873,0,1.580915522936266e-07,0,0.28302879089934707,model::modernbert_base,ModernBERT,42
14231,0,5.6571316520148685e-09,0,0.28302879089934707,model::modernbert_base,ModernBERT,42
2040,1,6.324145207514675e-09,0,0.28302879089934707,model::modernbert_base,ModernBERT,42
13075,1,2.725340175757651e-09,0,0.28302879089934707,model::modernbert_base,ModernBERT,42
11080,0,2.1375452519123428e-09,0,0.28302879089934707,model::modernbert_base,ModernBERT,42
15958,1,1.2846816055400723e-08,0,0.28302879089934707,model::modernbert_base,ModernBERT,42
546,0,6.869679936016837e-09,0,0.28302879089934707,model::modernbert_base,ModernBERT,42
798,0,4.176314849502205e-09,0,0.28302879089934707,model::modernbert_base,ModernBERT,42
15907,1,1.175598374203446e-08,0,0.28302879089934707,model::modernbert_base,ModernBERT,42
271,1,6.711056155239703e-09,0,0.28302879089934707,model::modernbert_base,ModernBERT,42
4130,0,1.865385401700337e-09,0,0.28302879089934707,model::modernbert_base,ModernBERT,42
10142,0,3.917213220461235e-09,0,0.28302879089934707,model::modernbert_base,ModernBERT,42
16117,0,3.283075784565881e-05,0,0.28302879089934707,model::modernbert_base,ModernBERT,42
7121,0,1.5685843735013805e-09,0,0.28302879089934707,model::modernbert_base,ModernBERT,42
4788,0,2.7964266458013753e-09,0,0.28302879089934707,model::modernbert_base,ModernBERT,42
1574,0,1.2847127806026037e-09,0,0.28302879089934707,model::modernbert_base,ModernBERT,42
9657,1,1.3661364484107708e-08,0,0.28302879089934707,model::modernbert_base,ModernBERT,42
15674,1,2.2680703537503177e-08,0,0.28302879089934707,model::modernbert_base,ModernBERT,42
14017,0,6.562963505984953e-09,0,0.28302879089934707,model::modernbert_base,ModernBERT,42
18691,0,8.63042757259791e-08,0,0.28302879089934707,model::modernbert_base,ModernBERT,42
19684,0,2.3452912500943057e-06,0,0.28302879089934707,model::modernbert_base,ModernBERT,42
19741,1,6.355779014199925e-09,0,0.28302879089934707,model::modernbert_base,ModernBERT,42
3141,1,1.0955399254442e-08,0,0.28302879089934707,model::modernbert_base,ModernBERT,42
2968,1,1.4627934419308986e-08,0,0.28302879089934707,model::modernbert_base,ModernBERT,42
10633,1,6.016396980612626e-08,0,0.28302879089934707,model::modernbert_base,ModernBERT,42
11195,0,2.0629116193049413e-09,0,0.28302879089934707,model::modernbert_base,ModernBERT,42
17044,0,1.8085466990669374e-07,0,0.28302879089934707,model::modernbert_base,ModernBERT,42
17321,0,1.1256081622335046e-09,0,0.28302879089934707,model::modernbert_base,ModernBERT,42
12886,1,3.915033985890659e-08,0,0.28302879089934707,model::modernbert_base,ModernBERT,42
18709,0,1.6346481945817004e-09,0,0.28302879089934707,model::modernbert_base,ModernBERT,42
8346,1,1.0555456064764712e-08,0,0.28302879089934707,model::modernbert_base,ModernBERT,42
18967,0,8.95047680415928e-09,0,0.28302879089934707,model::modernbert_base,ModernBERT,42
8952,0,3.4889224842515887e-09,0,0.28302879089934707,model::modernbert_base,ModernBERT,42
20168,0,5.683000736667054e-09,0,0.28302879089934707,model::modernbert_base,ModernBERT,42
10331,0,2.258085274320365e-09,0,0.28302879089934707,model::modernbert_base,ModernBERT,42
18336,1,2.8441952792945813e-08,0,0.28302879089934707,model::modernbert_base,ModernBERT,42
19721,0,1.0004824524401101e-08,0,0.28302879089934707,model::modernbert_base,ModernBERT,42
2895,0,1.8039804094982514e-09,0,0.28302879089934707,model::modernbert_base,ModernBERT,42
9311,1,1.4096582567901805e-08,0,0.28302879089934707,model::modernbert_base,ModernBERT,42
19159,0,2.4691562128253963e-09,0,0.28302879089934707,model::modernbert_base,ModernBERT,42
1740,0,4.130077169151036e-09,0,0.28302879089934707,model::modernbert_base,ModernBERT,42
7063,0,2.4086068695083895e-09,0,0.28302879089934707,model::modernbert_base,ModernBERT,42
1117,0,1.6179723116849232e-09,0,0.28302879089934707,model::modernbert_base,ModernBERT,42
17864,0,9.432836122869048e-06,0,0.28302879089934707,model::modernbert_base,ModernBERT,42
4091,1,1.54429304899395e-08,0,0.28302879089934707,model::modernbert_base,ModernBERT,42
14084,0,9.990841487450552e-10,0,0.28302879089934707,model::modernbert_base,ModernBERT,42
18286,0,1.752183509395877e-09,0,0.28302879089934707,model::modernbert_base,ModernBERT,42
20021,1,3.039733575960213e-09,0,0.28302879089934707,model::modernbert_base,ModernBERT,42
11050,0,4.06718614343049e-09,0,0.28302879089934707,model::modernbert_base,ModernBERT,42
4650,1,1.082543121810886e-08,0,0.28302879089934707,model::modernbert_base,ModernBERT,42
14381,1,1.583824449369331e-08,0,0.28302879089934707,model::modernbert_base,ModernBERT,42
2274,0,3.946199100823833e-08,0,0.28302879089934707,model::modernbert_base,ModernBERT,42
2975,1,9.29464150090098e-09,0,0.28302879089934707,model::modernbert_base,ModernBERT,42
18110,1,3.007611937277943e-08,0,0.28302879089934707,model::modernbert_base,ModernBERT,42
13568,1,7.54289608551062e-09,0,0.28302879089934707,model::modernbert_base,ModernBERT,42
20984,0,1.665649285165216e-09,0,0.28302879089934707,model::modernbert_base,ModernBERT,42
10928,1,8.99629526429635e-09,0,0.28302879089934707,model::modernbert_base,ModernBERT,42
4169,1,9.598834616042495e-09,0,0.28302879089934707,model::modernbert_base,ModernBERT,42
9177,1,5.902109023736557e-09,0,0.28302879089934707,model::modernbert_base,ModernBERT,42
13388,0,5.181581386182188e-09,0,0.28302879089934707,model::modernbert_base,ModernBERT,42
12785,0,4.5793804304139485e-09,0,0.28302879089934707,model::modernbert_base,ModernBERT,42
15272,1,3.89400867106815e-09,0,0.28302879089934707,model::modernbert_base,ModernBERT,42
10296,0,2.778520302726406e-09,0,0.28302879089934707,model::modernbert_base,ModernBERT,42
1854,1,1.312876296566401e-08,0,0.28302879089934707,model::modernbert_base,ModernBERT,42
16449,0,3.617637300834531e-09,0,0.28302879089934707,model::modernbert_base,ModernBERT,42
4113,1,6.3974350261730706e-09,0,0.28302879089934707,model::modernbert_base,ModernBERT,42
14894,0,7.0580274957876554e-09,0,0.28302879089934707,model::modernbert_base,ModernBERT,42
19635,1,1.121870774056788e-08,0,0.28302879089934707,model::modernbert_base,ModernBERT,42
816,1,1.3680478083699654e-08,0,0.28302879089934707,model::modernbert_base,ModernBERT,42
20057,0,1.5080239279541274e-09,0,0.28302879089934707,model::modernbert_base,ModernBERT,42
13410,0,1.424580342579418e-09,0,0.28302879089934707,model::modernbert_base,ModernBERT,42
10307,0,1.3211148841563158e-09,0,0.28302879089934707,model::modernbert_base,ModernBERT,42
2188,1,2.290703804419536e-08,0,0.28302879089934707,model::modernbert_base,ModernBERT,42
6244,0,1.4853814178650282e-08,0,0.28302879089934707,model::modernbert_base,ModernBERT,42
19435,1,1.909119085041766e-09,0,0.28302879089934707,model::modernbert_base,ModernBERT,42
2773,1,2.9089219921729637e-09,0,0.28302879089934707,model::modernbert_base,ModernBERT,42
17667,0,3.2371623159832552e-09,0,0.28302879089934707,model::modernbert_base,ModernBERT,42
18611,0,2.4524564601335896e-09,0,0.28302879089934707,model::modernbert_base,ModernBERT,42
14694,0,2.0191950333980913e-09,0,0.28302879089934707,model::modernbert_base,ModernBERT,42
17911,1,1.3703825629818311e-08,0,0.28302879089934707,model::modernbert_base,ModernBERT,42
14524,1,3.3384623954191284e-09,0,0.28302879089934707,model::modernbert_base,ModernBERT,42
16528,0,1.9032981857236564e-09,0,0.28302879089934707,model::modernbert_base,ModernBERT,42
3412,0,9.870946726664442e-09,0,0.28302879089934707,model::modernbert_base,ModernBERT,42
16238,0,4.12440925856572e-09,0,0.28302879089934707,model::modernbert_base,ModernBERT,42
14091,1,4.118167584721277e-09,0,0.28302879089934707,model::modernbert_base,ModernBERT,42
10747,0,1.3275237797927275e-08,0,0.28302879089934707,model::modernbert_base,ModernBERT,42
13544,0,1.2751041333913804e-09,0,0.28302879089934707,model::modernbert_base,ModernBERT,42
1956,0,4.252086682754452e-09,0,0.28302879089934707,model::modernbert_base,ModernBERT,42
5540,0,1.7367193905215572e-08,0,0.28302879089934707,model::modernbert_base,ModernBERT,42
4946,1,5.922542900549388e-09,0,0.28302879089934707,model::modernbert_base,ModernBERT,42
9335,0,1.641528135643e-09,0,0.28302879089934707,model::modernbert_base,ModernBERT,42
6785,1,6.342240066459226e-09,0,0.28302879089934707,model::modernbert_base,ModernBERT,42
3545,0,3.925255143144568e-08,0,0.28302879089934707,model::modernbert_base,ModernBERT,42
10811,0,1.8589007666491852e-08,0,0.28302879089934707,model::modernbert_base,ModernBERT,42
7712,0,1.4967279637900788e-09,0,0.28302879089934707,model::modernbert_base,ModernBERT,42
11797,0,9.238069509365232e-08,0,0.28302879089934707,model::modernbert_base,ModernBERT,42
16705,1,1.054953902013267e-08,0,0.28302879089934707,model::modernbert_base,ModernBERT,42
17307,1,6.18113515926666e-09,0,0.28302879089934707,model::modernbert_base,ModernBERT,42
9386,1,1.1573701996780983e-08,0,0.28302879089934707,model::modernbert_base,ModernBERT,42
2510,0,1.8425174719283177e-09,0,0.28302879089934707,model::modernbert_base,ModernBERT,42
9672,0,6.347891989832988e-09,0,0.28302879089934707,model::modernbert_base,ModernBERT,42
2290,1,8.06293432020766e-09,0,0.28302879089934707,model::modernbert_base,ModernBERT,42
13123,1,1.869774735041574e-08,0,0.28302879089934707,model::modernbert_base,ModernBERT,42
1322,0,2.177871323283398e-07,0,0.28302879089934707,model::modernbert_base,ModernBERT,42
5841,1,1.1058774340710897e-08,0,0.28302879089934707,model::modernbert_base,ModernBERT,42
9513,0,1.5895585958602965e-09,0,0.28302879089934707,model::modernbert_base,ModernBERT,42
12211,1,1.6198559160685022e-09,0,0.28302879089934707,model::modernbert_base,ModernBERT,42
21058,1,2.0531228273057422e-08,0,0.28302879089934707,model::modernbert_base,ModernBERT,42
10357,1,4.375947604273733e-09,0,0.28302879089934707,model::modernbert_base,ModernBERT,42
6183,1,2.5391966307353186e-09,0,0.28302879089934707,model::modernbert_base,ModernBERT,42
18633,0,1.5156366162116797e-09,0,0.28302879089934707,model::modernbert_base,ModernBERT,42
19725,0,1.481888722842939e-09,0,0.28302879089934707,model::modernbert_base,ModernBERT,42
16923,0,2.919215758012683e-09,0,0.28302879089934707,model::modernbert_base,ModernBERT,42
13020,1,4.4772088259037446e-09,0,0.28302879089934707,model::modernbert_base,ModernBERT,42
540,0,3.3868017279559126e-09,0,0.28302879089934707,model::modernbert_base,ModernBERT,42
4871,1,4.366742523131961e-09,0,0.28302879089934707,model::modernbert_base,ModernBERT,42
8695,0,3.977883356043321e-09,0,0.28302879089934707,model::modernbert_base,ModernBERT,42
17258,0,1.8203047957854324e-09,0,0.28302879089934707,model::modernbert_base,ModernBERT,42
6848,1,4.888486504484035e-09,0,0.28302879089934707,model::modernbert_base,ModernBERT,42
15205,1,1.1388249454569177e-08,0,0.28302879089934707,model::modernbert_base,ModernBERT,42
11072,0,1.1823528822674234e-09,0,0.28302879089934707,model::modernbert_base,ModernBERT,42
13487,1,8.036327159288703e-09,0,0.28302879089934707,model::modernbert_base,ModernBERT,42
6640,1,1.4355453492598258e-09,0,0.28302879089934707,model::modernbert_base,ModernBERT,42
6326,1,1.8747314811662363e-08,0,0.28302879089934707,model::modernbert_base,ModernBERT,42
10867,1,4.605904990739873e-09,0,0.28302879089934707,model::modernbert_base,ModernBERT,42
8939,1,5.151289617089105e-09,0,0.28302879089934707,model::modernbert_base,ModernBERT,42
9486,0,2.030216661452755e-09,0,0.28302879089934707,model::modernbert_base,ModernBERT,42
6563,1,1.1687212975175498e-08,0,0.28302879089934707,model::modernbert_base,ModernBERT,42
20362,1,1.496020907154616e-08,0,0.28302879089934707,model::modernbert_base,ModernBERT,42
17141,0,2.2077044636859e-09,0,0.28302879089934707,model::modernbert_base,ModernBERT,42
5695,0,1.7612034053371417e-09,0,0.28302879089934707,model::modernbert_base,ModernBERT,42
19571,0,1.5089187677119753e-09,0,0.28302879089934707,model::modernbert_base,ModernBERT,42
18271,1,6.0630149789631105e-09,0,0.28302879089934707,model::modernbert_base,ModernBERT,42
9009,0,2.2528110488195807e-09,0,0.28302879089934707,model::modernbert_base,ModernBERT,42
687,0,5.1025819125527505e-09,0,0.28302879089934707,model::modernbert_base,ModernBERT,42
7481,1,1.2484521860756104e-08,0,0.28302879089934707,model::modernbert_base,ModernBERT,42
437,1,4.026762479014678e-09,0,0.28302879089934707,model::modernbert_base,ModernBERT,42
2543,1,1.472130772839364e-08,0,0.28302879089934707,model::modernbert_base,ModernBERT,42
1100,0,2.7698265903097763e-09,0,0.28302879089934707,model::modernbert_base,ModernBERT,42
8900,0,1.3073058191537257e-09,0,0.28302879089934707,model::modernbert_base,ModernBERT,42
18697,0,1.7106216443352196e-09,0,0.28302879089934707,model::modernbert_base,ModernBERT,42
13305,1,6.684165221315652e-09,0,0.28302879089934707,model::modernbert_base,ModernBERT,42
17723,0,2.417734235038438e-09,0,0.28302879089934707,model::modernbert_base,ModernBERT,42
5755,0,8.188064448688692e-09,0,0.28302879089934707,model::modernbert_base,ModernBERT,42
1390,0,1.40078326715809e-09,0,0.28302879089934707,model::modernbert_base,ModernBERT,42
3759,0,3.788244384850259e-09,0,0.28302879089934707,model::modernbert_base,ModernBERT,42
3392,0,1.8150143610284886e-09,0,0.28302879089934707,model::modernbert_base,ModernBERT,42
11785,0,4.021458721581439e-09,0,0.28302879089934707,model::modernbert_base,ModernBERT,42
12707,0,1.5639189498983797e-08,0,0.28302879089934707,model::modernbert_base,ModernBERT,42
5593,0,2.316895786336204e-09,0,0.28302879089934707,model::modernbert_base,ModernBERT,42
19115,0,1.2123925197116137e-09,0,0.28302879089934707,model::modernbert_base,ModernBERT,42
6726,1,3.919178759304032e-09,0,0.28302879089934707,model::modernbert_base,ModernBERT,42
3046,1,8.968727982505698e-09,0,0.28302879089934707,model::modernbert_base,ModernBERT,42
301,0,2.3601018916963312e-09,0,0.28302879089934707,model::modernbert_base,ModernBERT,42
8395,1,1.2060527687651756e-08,0,0.28302879089934707,model::modernbert_base,ModernBERT,42
19689,0,3.3764688822657263e-09,0,0.28302879089934707,model::modernbert_base,ModernBERT,42
7687,1,1.2433050144977642e-08,0,0.28302879089934707,model::modernbert_base,ModernBERT,42
7664,0,1.951814709855171e-09,0,0.28302879089934707,model::modernbert_base,ModernBERT,42
4550,1,1.7154017095677432e-09,0,0.28302879089934707,model::modernbert_base,ModernBERT,42
14612,1,5.846959361122117e-09,0,0.28302879089934707,model::modernbert_base,ModernBERT,42
17535,0,2.378462538032977e-09,0,0.28302879089934707,model::modernbert_base,ModernBERT,42
14500,0,8.464191125767684e-09,0,0.28302879089934707,model::modernbert_base,ModernBERT,42
11181,1,8.109064530970045e-09,0,0.28302879089934707,model::modernbert_base,ModernBERT,42
12882,1,2.186491654398992e-09,0,0.28302879089934707,model::modernbert_base,ModernBERT,42
14542,0,2.612080773900516e-09,0,0.28302879089934707,model::modernbert_base,ModernBERT,42
12856,1,6.5163381357535854e-09,0,0.28302879089934707,model::modernbert_base,ModernBERT,42
16543,1,8.853526800578493e-09,0,0.28302879089934707,model::modernbert_base,ModernBERT,42
12935,0,2.089837858321175e-09,0,0.28302879089934707,model::modernbert_base,ModernBERT,42
20507,1,2.4467843307007797e-09,0,0.28302879089934707,model::modernbert_base,ModernBERT,42
20281,1,6.511144956533599e-09,0,0.28302879089934707,model::modernbert_base,ModernBERT,42
11670,1,2.7098277399772996e-08,0,0.28302879089934707,model::modernbert_base,ModernBERT,42
13377,0,3.220836930495352e-08,0,0.28302879089934707,model::modernbert_base,ModernBERT,42
16106,1,1.215289469058689e-08,0,0.28302879089934707,model::modernbert_base,ModernBERT,42
16093,0,3.3718543512861743e-09,0,0.28302879089934707,model::modernbert_base,ModernBERT,42
17762,1,3.5519924779237044e-09,0,0.28302879089934707,model::modernbert_base,ModernBERT,42
3947,0,1.987477071807575e-09,0,0.28302879089934707,model::modernbert_base,ModernBERT,42
4666,1,6.251217765651518e-09,0,0.28302879089934707,model::modernbert_base,ModernBERT,42
13764,0,1.8570818216545604e-09,0,0.28302879089934707,model::modernbert_base,ModernBERT,42
1338,0,4.6831512001688225e-09,0,0.28302879089934707,model::modernbert_base,ModernBERT,42
15915,0,2.328822690245147e-09,0,0.28302879089934707,model::modernbert_base,ModernBERT,42
19418,1,3.814389248901762e-09,0,0.28302879089934707,model::modernbert_base,ModernBERT,42
5541,0,5.945473446899996e-09,0,0.28302879089934707,model::modernbert_base,ModernBERT,42
11345,1,7.86422305054657e-09,0,0.28302879089934707,model::modernbert_base,ModernBERT,42
13047,1,2.3730081011308357e-08,0,0.28302879089934707,model::modernbert_base,ModernBERT,42
10206,1,6.550657349890798e-09,0,0.28302879089934707,model::modernbert_base,ModernBERT,42
6940,1,5.188672602685074e-09,0,0.28302879089934707,model::modernbert_base,ModernBERT,42
11720,1,7.551461678190208e-09,0,0.28302879089934707,model::modernbert_base,ModernBERT,42
2120,0,1.1682131706436394e-08,0,0.28302879089934707,model::modernbert_base,ModernBERT,42
21003,0,2.072242155648496e-09,0,0.28302879089934707,model::modernbert_base,ModernBERT,42
6534,1,5.967969229914161e-09,0,0.28302879089934707,model::modernbert_base,ModernBERT,42
20927,1,8.930150841024442e-09,0,0.28302879089934707,model::modernbert_base,ModernBERT,42
13107,0,2.7855564521672704e-09,0,0.28302879089934707,model::modernbert_base,ModernBERT,42
20603,0,4.0715093518883805e-09,0,0.28302879089934707,model::modernbert_base,ModernBERT,42
9452,1,4.90322227264528e-09,0,0.28302879089934707,model::modernbert_base,ModernBERT,42
4005,0,7.937400958724083e-09,0,0.28302879089934707,model::modernbert_base,ModernBERT,42
2041,1,2.9900166786944737e-09,0,0.28302879089934707,model::modernbert_base,ModernBERT,42
12589,1,9.61727053550021e-09,0,0.28302879089934707,model::modernbert_base,ModernBERT,42
99,1,7.827186010445075e-09,0,0.28302879089934707,model::modernbert_base,ModernBERT,42
4646,0,1.0372442460493403e-08,0,0.28302879089934707,model::modernbert_base,ModernBERT,42
1275,0,7.280393177211408e-09,0,0.28302879089934707,model::modernbert_base,ModernBERT,42
9606,0,2.675296855159104e-07,0,0.28302879089934707,model::modernbert_base,ModernBERT,42
15552,0,7.440486893273146e-09,0,0.28302879089934707,model::modernbert_base,ModernBERT,42
15416,1,3.904524703557399e-09,0,0.28302879089934707,model::modernbert_base,ModernBERT,42
3899,1,8.776103399554813e-09,0,0.28302879089934707,model::modernbert_base,ModernBERT,42
9168,1,5.176602702050559e-09,0,0.28302879089934707,model::modernbert_base,ModernBERT,42
20325,1,6.152317766350279e-09,0,0.28302879089934707,model::modernbert_base,ModernBERT,42
19870,0,1.8494747955344337e-09,0,0.28302879089934707,model::modernbert_base,ModernBERT,42
1973,0,3.250142155408753e-09,0,0.28302879089934707,model::modernbert_base,ModernBERT,42
16233,1,6.72622890718344e-09,0,0.28302879089934707,model::modernbert_base,ModernBERT,42
8004,1,8.449947408450953e-09,0,0.28302879089934707,model::modernbert_base,ModernBERT,42
7704,1,7.0036896282488215e-09,0,0.28302879089934707,model::modernbert_base,ModernBERT,42
14453,0,1.7064438750935551e-09,0,0.28302879089934707,model::modernbert_base,ModernBERT,42
19283,1,3.3124837983677935e-08,0,0.28302879089934707,model::modernbert_base,ModernBERT,42
13121,0,2.889722017229701e-09,0,0.28302879089934707,model::modernbert_base,ModernBERT,42
933,1,4.299829825527013e-09,0,0.28302879089934707,model::modernbert_base,ModernBERT,42
16534,1,7.523182965485375e-09,0,0.28302879089934707,model::modernbert_base,ModernBERT,42
13551,0,3.604640363974454e-09,0,0.28302879089934707,model::modernbert_base,ModernBERT,42
20584,0,2.424152656388401e-09,0,0.28302879089934707,model::modernbert_base,ModernBERT,42
8329,1,5.782699652456813e-09,0,0.28302879089934707,model::modernbert_base,ModernBERT,42
442,1,5.662097457559412e-09,0,0.28302879089934707,model::modernbert_base,ModernBERT,42
9517,0,2.029872980813252e-08,0,0.28302879089934707,model::modernbert_base,ModernBERT,42
15277,0,3.715433738449292e-09,0,0.28302879089934707,model::modernbert_base,ModernBERT,42
8177,0,2.45106290819308e-09,0,0.28302879089934707,model::modernbert_base,ModernBERT,42
9740,0,4.804626474452789e-09,0,0.28302879089934707,model::modernbert_base,ModernBERT,42
18612,0,1.0836188613083664e-09,0,0.28302879089934707,model::modernbert_base,ModernBERT,42
7065,1,1.1920375797558336e-09,0,0.28302879089934707,model::modernbert_base,ModernBERT,42
17108,1,8.272566631717382e-09,0,0.28302879089934707,model::modernbert_base,ModernBERT,42
623,1,9.935793521265168e-09,0,0.28302879089934707,model::modernbert_base,ModernBERT,42
450,1,9.090386221544122e-09,0,0.28302879089934707,model::modernbert_base,ModernBERT,42
14789,1,6.5398340076683326e-09,0,0.28302879089934707,model::modernbert_base,ModernBERT,42
20505,1,1.0487945623083306e-08,0,0.28302879089934707,model::modernbert_base,ModernBERT,42
6836,1,1.5140598108587255e-08,0,0.28302879089934707,model::modernbert_base,ModernBERT,42
1568,0,2.5222516342182644e-06,0,0.28302879089934707,model::modernbert_base,ModernBERT,42
4933,0,1.5561646193873457e-08,0,0.28302879089934707,model::modernbert_base,ModernBERT,42
1934,1,4.9296287052413845e-09,0,0.28302879089934707,model::modernbert_base,ModernBERT,42
3849,0,2.063667237095501e-09,0,0.28302879089934707,model::modernbert_base,ModernBERT,42
8418,1,3.2771019231603304e-09,0,0.28302879089934707,model::modernbert_base,ModernBERT,42
11146,0,6.1482356983333375e-09,0,0.28302879089934707,model::modernbert_base,ModernBERT,42
2858,0,1.3950985922051018e-09,0,0.28302879089934707,model::modernbert_base,ModernBERT,42
11360,0,2.960586664713105e-09,0,0.28302879089934707,model::modernbert_base,ModernBERT,42
6587,1,1.5996784341609782e-08,0,0.28302879089934707,model::modernbert_base,ModernBERT,42
16519,0,2.2655917142344606e-09,0,0.28302879089934707,model::modernbert_base,ModernBERT,42
4196,0,1.7769136162471e-09,0,0.28302879089934707,model::modernbert_base,ModernBERT,42
7775,1,3.413898497228729e-09,0,0.28302879089934707,model::modernbert_base,ModernBERT,42
16531,1,5.3029820534789e-09,0,0.28302879089934707,model::modernbert_base,ModernBERT,42
4179,0,2.4692093703038154e-08,0,0.28302879089934707,model::modernbert_base,ModernBERT,42
12064,1,1.055726883691932e-08,0,0.28302879089934707,model::modernbert_base,ModernBERT,42
6925,0,1.936385496392745e-09,0,0.28302879089934707,model::modernbert_base,ModernBERT,42
14658,1,6.286862141990923e-09,0,0.28302879089934707,model::modernbert_base,ModernBERT,42
8300,1,8.528526329598662e-09,0,0.28302879089934707,model::modernbert_base,ModernBERT,42
7488,1,7.39272998373508e-09,0,0.28302879089934707,model::modernbert_base,ModernBERT,42
6391,1,1.0632502878138439e-08,0,0.28302879089934707,model::modernbert_base,ModernBERT,42
2972,1,4.141546661173834e-09,0,0.28302879089934707,model::modernbert_base,ModernBERT,42
4309,1,7.7710158308264e-09,0,0.28302879089934707,model::modernbert_base,ModernBERT,42
14302,0,9.968760261713783e-10,0,0.28302879089934707,model::modernbert_base,ModernBERT,42
2721,0,1.4848481333373797e-09,0,0.28302879089934707,model::modernbert_base,ModernBERT,42
9113,0,2.2119361897665613e-09,0,0.28302879089934707,model::modernbert_base,ModernBERT,42
5905,1,1.1300271829384201e-08,0,0.28302879089934707,model::modernbert_base,ModernBERT,42
13630,1,5.734831720616285e-09,0,0.28302879089934707,model::modernbert_base,ModernBERT,42
11675,1,3.046059848799132e-09,0,0.28302879089934707,model::modernbert_base,ModernBERT,42
2821,1,7.975734739318341e-09,0,0.28302879089934707,model::modernbert_base,ModernBERT,42
13740,0,2.412956723318871e-09,0,0.28302879089934707,model::modernbert_base,ModernBERT,42
10802,1,4.1992471722096525e-09,0,0.28302879089934707,model::modernbert_base,ModernBERT,42
16566,1,8.383821636925859e-09,0,0.28302879089934707,model::modernbert_base,ModernBERT,42
13407,1,1.1070719452277444e-08,0,0.28302879089934707,model::modernbert_base,ModernBERT,42
21118,0,2.691514122687977e-09,0,0.28302879089934707,model::modernbert_base,ModernBERT,42
10513,1,6.52440945714261e-09,0,0.28302879089934707,model::modernbert_base,ModernBERT,42
9566,0,2.6796762586656087e-09,0,0.28302879089934707,model::modernbert_base,ModernBERT,42
13783,1,1.871898014371709e-08,0,0.28302879089934707,model::modernbert_base,ModernBERT,42
560,1,7.452744199554218e-09,0,0.28302879089934707,model::modernbert_base,ModernBERT,42
17002,1,2.8065256785225756e-09,0,0.28302879089934707,model::modernbert_base,ModernBERT,42
5175,1,1.0702291497466376e-08,0,0.28302879089934707,model::modernbert_base,ModernBERT,42
5690,1,3.3724671055779254e-08,0,0.28302879089934707,model::modernbert_base,ModernBERT,42
15444,1,4.012348675530575e-09,0,0.28302879089934707,model::modernbert_base,ModernBERT,42
10214,1,5.944407632796356e-09,0,0.28302879089934707,model::modernbert_base,ModernBERT,42
3049,1,6.563364074452238e-09,0,0.28302879089934707,model::modernbert_base,ModernBERT,42
2883,0,1.260167081795771e-09,0,0.28302879089934707,model::modernbert_base,ModernBERT,42
975,1,6.562863585912737e-09,0,0.28302879089934707,model::modernbert_base,ModernBERT,42
71,0,1.307966734920285e-09,0,0.28302879089934707,model::modernbert_base,ModernBERT,42
4599,1,2.1388430582192086e-08,0,0.28302879089934707,model::modernbert_base,ModernBERT,42
18275,0,3.357357281075224e-09,0,0.28302879089934707,model::modernbert_base,ModernBERT,42
17571,1,9.116483568050171e-09,0,0.28302879089934707,model::modernbert_base,ModernBERT,42
8416,0,6.923071005360271e-09,0,0.28302879089934707,model::modernbert_base,ModernBERT,42
3943,0,2.003026855490475e-09,0,0.28302879089934707,model::modernbert_base,ModernBERT,42
5303,0,2.4240787155349608e-09,0,0.28302879089934707,model::modernbert_base,ModernBERT,42
16788,1,3.5707132806095387e-09,0,0.28302879089934707,model::modernbert_base,ModernBERT,42
18501,0,1.8386346889442962e-09,0,0.28302879089934707,model::modernbert_base,ModernBERT,42
2130,1,3.9248040373252024e-09,0,0.28302879089934707,model::modernbert_base,ModernBERT,42
17344,1,2.1545824679947145e-08,0,0.28302879089934707,model::modernbert_base,ModernBERT,42
19397,1,2.6040072320654417e-09,0,0.28302879089934707,model::modernbert_base,ModernBERT,42
19239,1,9.45614875291767e-09,0,0.28302879089934707,model::modernbert_base,ModernBERT,42
17745,0,5.398772984221978e-09,0,0.28302879089934707,model::modernbert_base,ModernBERT,42
18320,0,8.472672448078811e-07,0,0.28302879089934707,model::modernbert_base,ModernBERT,42
1295,1,2.8219808712037775e-08,0,0.28302879089934707,model::modernbert_base,ModernBERT,42
16517,0,1.926813819608242e-09,0,0.28302879089934707,model::modernbert_base,ModernBERT,42
14688,1,8.006111329450505e-09,0,0.28302879089934707,model::modernbert_base,ModernBERT,42
14603,1,6.8103589434542755e-09,0,0.28302879089934707,model::modernbert_base,ModernBERT,42
6744,1,3.553525829147475e-08,0,0.28302879089934707,model::modernbert_base,ModernBERT,42
6995,1,1.0012727535979593e-08,0,0.28302879089934707,model::modernbert_base,ModernBERT,42
17663,1,4.65096272606047e-09,0,0.28302879089934707,model::modernbert_base,ModernBERT,42
4851,1,3.7094998184272754e-09,0,0.28302879089934707,model::modernbert_base,ModernBERT,42
958,1,8.724581945784848e-09,0,0.28302879089934707,model::modernbert_base,ModernBERT,42
19857,0,1.9185626420892277e-09,0,0.28302879089934707,model::modernbert_base,ModernBERT,42
349,1,5.381295853368329e-09,0,0.28302879089934707,model::modernbert_base,ModernBERT,42
16537,1,1.1639229136051199e-08,0,0.28302879089934707,model::modernbert_base,ModernBERT,42
2859,0,1.3487867711603485e-08,0,0.28302879089934707,model::modernbert_base,ModernBERT,42
1002,1,2.4027761114098212e-08,0,0.28302879089934707,model::modernbert_base,ModernBERT,42
19216,1,2.093987427898014e-09,0,0.28302879089934707,model::modernbert_base,ModernBERT,42
8488,0,2.549363387061021e-09,0,0.28302879089934707,model::modernbert_base,ModernBERT,42
10341,1,1.0865251809377696e-08,0,0.28302879089934707,model::modernbert_base,ModernBERT,42
5760,1,8.023431696813077e-09,0,0.28302879089934707,model::modernbert_base,ModernBERT,42
20532,0,4.5834527284682736e-09,0,0.28302879089934707,model::modernbert_base,ModernBERT,42
3037,1,3.4138465387911765e-09,0,0.28302879089934707,model::modernbert_base,ModernBERT,42
13980,0,3.775340040590436e-09,0,0.28302879089934707,model::modernbert_base,ModernBERT,42
3036,1,4.227551197999446e-09,0,0.28302879089934707,model::modernbert_base,ModernBERT,42
21108,0,1.4608186882369978e-09,0,0.28302879089934707,model::modernbert_base,ModernBERT,42
12034,0,2.963309597703301e-09,0,0.28302879089934707,model::modernbert_base,ModernBERT,42
240,1,1.1898734442183923e-08,0,0.28302879089934707,model::modernbert_base,ModernBERT,42
15026,0,1.9871511103275452e-09,0,0.28302879089934707,model::modernbert_base,ModernBERT,42
5678,1,9.906103493051432e-09,0,0.28302879089934707,model::modernbert_base,ModernBERT,42
4760,1,1.3168060419843641e-08,0,0.28302879089934707,model::modernbert_base,ModernBERT,42
19464,0,6.69343052095428e-08,0,0.28302879089934707,model::modernbert_base,ModernBERT,42
5420,1,4.2494354701716475e-09,0,0.28302879089934707,model::modernbert_base,ModernBERT,42
12307,0,1.4790959568244944e-09,0,0.28302879089934707,model::modernbert_base,ModernBERT,42
14776,1,6.424973442165083e-09,0,0.28302879089934707,model::modernbert_base,ModernBERT,42
7210,1,8.013918417759669e-09,0,0.28302879089934707,model::modernbert_base,ModernBERT,42
19302,0,1.8629995324204174e-09,0,0.28302879089934707,model::modernbert_base,ModernBERT,42
7499,0,2.7880653341583184e-09,0,0.28302879089934707,model::modernbert_base,ModernBERT,42
11150,1,1.9337548451403563e-08,0,0.28302879089934707,model::modernbert_base,ModernBERT,42
4167,1,5.669770430927201e-09,0,0.28302879089934707,model::modernbert_base,ModernBERT,42
1192,0,1.4168303197337195e-09,0,0.28302879089934707,model::modernbert_base,ModernBERT,42
15361,1,2.5748430054761684e-09,0,0.28302879089934707,model::modernbert_base,ModernBERT,42
7651,0,1.890814838034771e-09,0,0.28302879089934707,model::modernbert_base,ModernBERT,42
15504,0,6.813993813636898e-10,0,0.28302879089934707,model::modernbert_base,ModernBERT,42
14752,0,3.5482006222053997e-09,0,0.28302879089934707,model::modernbert_base,ModernBERT,42
2178,1,9.922914934179516e-09,0,0.28302879089934707,model::modernbert_base,ModernBERT,42
18332,0,1.0464806798893278e-08,0,0.28302879089934707,model::modernbert_base,ModernBERT,42
13009,0,2.2104937880129683e-09,0,0.28302879089934707,model::modernbert_base,ModernBERT,42
8134,0,1.598690069215536e-08,0,0.28302879089934707,model::modernbert_base,ModernBERT,42
20680,0,1.9238832749124413e-09,0,0.28302879089934707,model::modernbert_base,ModernBERT,42
5438,0,1.0585047283129256e-09,0,0.28302879089934707,model::modernbert_base,ModernBERT,42
1743,1,3.5382254903737476e-09,0,0.28302879089934707,model::modernbert_base,ModernBERT,42
6833,1,9.49924494619836e-09,0,0.28302879089934707,model::modernbert_base,ModernBERT,42
5762,0,1.8006871549403058e-09,0,0.28302879089934707,model::modernbert_base,ModernBERT,42
2603,1,1.1203418637251161e-08,0,0.28302879089934707,model::modernbert_base,ModernBERT,42
16252,0,2.871415105687447e-09,0,0.28302879089934707,model::modernbert_base,ModernBERT,42
11280,1,2.616573402391964e-09,0,0.28302879089934707,model::modernbert_base,ModernBERT,42
20734,1,3.3976068625207745e-09,0,0.28302879089934707,model::modernbert_base,ModernBERT,42
18310,0,8.115965677291115e-09,0,0.28302879089934707,model::modernbert_base,ModernBERT,42
2826,1,1.0992950549848501e-08,0,0.28302879089934707,model::modernbert_base,ModernBERT,42
9081,0,3.782872237678703e-09,0,0.28302879089934707,model::modernbert_base,ModernBERT,42
11562,0,5.218357745917501e-09,0,0.28302879089934707,model::modernbert_base,ModernBERT,42
19919,0,1.7733822188503723e-09,0,0.28302879089934707,model::modernbert_base,ModernBERT,42
2044,0,2.6305346789712303e-09,0,0.28302879089934707,model::modernbert_base,ModernBERT,42
11372,1,5.097367861139901e-09,0,0.28302879089934707,model::modernbert_base,ModernBERT,42
3645,0,4.507592521463266e-09,0,0.28302879089934707,model::modernbert_base,ModernBERT,42
18497,0,4.696353972377665e-09,0,0.28302879089934707,model::modernbert_base,ModernBERT,42
9128,1,9.115179722130051e-09,0,0.28302879089934707,model::modernbert_base,ModernBERT,42
16396,0,5.484387610721342e-09,0,0.28302879089934707,model::modernbert_base,ModernBERT,42
10989,0,3.033300544075246e-08,0,0.28302879089934707,model::modernbert_base,ModernBERT,42
10863,1,9.42706535056459e-09,0,0.28302879089934707,model::modernbert_base,ModernBERT,42
15927,1,1.4197364173185179e-08,0,0.28302879089934707,model::modernbert_base,ModernBERT,42
8657,0,7.014745673217249e-09,0,0.28302879089934707,model::modernbert_base,ModernBERT,42
15322,0,3.728496178467822e-09,0,0.28302879089934707,model::modernbert_base,ModernBERT,42
356,1,4.488854621342853e-09,0,0.28302879089934707,model::modernbert_base,ModernBERT,42
1379,0,3.162270001411116e-09,0,0.28302879089934707,model::modernbert_base,ModernBERT,42
18572,1,3.961355243831122e-09,0,0.28302879089934707,model::modernbert_base,ModernBERT,42
4491,1,1.4658126268329852e-08,0,0.28302879089934707,model::modernbert_base,ModernBERT,42
11479,1,2.4769013506897863e-09,0,0.28302879089934707,model::modernbert_base,ModernBERT,42
1809,1,1.3914691621152997e-08,0,0.28302879089934707,model::modernbert_base,ModernBERT,42
7043,0,3.721902341879968e-09,0,0.28302879089934707,model::modernbert_base,ModernBERT,42
1571,1,3.315012264692996e-08,0,0.28302879089934707,model::modernbert_base,ModernBERT,42
12700,0,7.077250785414435e-09,0,0.28302879089934707,model::modernbert_base,ModernBERT,42
4120,1,5.257360324861793e-09,0,0.28302879089934707,model::modernbert_base,ModernBERT,42
8406,0,3.5493918915108225e-09,0,0.28302879089934707,model::modernbert_base,ModernBERT,42
7007,0,1.8374146648625356e-09,0,0.28302879089934707,model::modernbert_base,ModernBERT,42
17529,1,3.9427288101023805e-09,0,0.28302879089934707,model::modernbert_base,ModernBERT,42
16354,1,1.9645780113819455e-08,0,0.28302879089934707,model::modernbert_base,ModernBERT,42
2532,1,3.753555688490451e-09,0,0.28302879089934707,model::modernbert_base,ModernBERT,42
5685,0,8.009303442690907e-09,0,0.28302879089934707,model::modernbert_base,ModernBERT,42
2546,0,1.0334747457818594e-07,0,0.28302879089934707,model::modernbert_base,ModernBERT,42
10159,1,2.4113845142892387e-08,0,0.28302879089934707,model::modernbert_base,ModernBERT,42
12958,1,9.37724653482519e-09,0,0.28302879089934707,model::modernbert_base,ModernBERT,42
18460,1,6.555457066070858e-09,0,0.28302879089934707,model::modernbert_base,ModernBERT,42
2067,0,1.1112459397111252e-08,0,0.28302879089934707,model::modernbert_base,ModernBERT,42
12297,0,5.0960360375995606e-09,0,0.28302879089934707,model::modernbert_base,ModernBERT,42
19561,0,9.914572274283273e-09,0,0.28302879089934707,model::modernbert_base,ModernBERT,42
8142,1,9.292230096491494e-09,0,0.28302879089934707,model::modernbert_base,ModernBERT,42
922,0,5.403728575714695e-09,0,0.28302879089934707,model::modernbert_base,ModernBERT,42
3496,0,3.2557385676312833e-09,0,0.28302879089934707,model::modernbert_base,ModernBERT,42
5346,0,8.679042906578616e-08,0,0.28302879089934707,model::modernbert_base,ModernBERT,42
19890,1,1.623714140919219e-08,0,0.28302879089934707,model::modernbert_base,ModernBERT,42
16429,0,2.9610778273791993e-09,0,0.28302879089934707,model::modernbert_base,ModernBERT,42
10869,0,3.6428342564676086e-09,0,0.28302879089934707,model::modernbert_base,ModernBERT,42
8273,1,2.5314896845429757e-08,0,0.28302879089934707,model::modernbert_base,ModernBERT,42
10339,1,3.5685481236669148e-09,0,0.28302879089934707,model::modernbert_base,ModernBERT,42
9749,0,2.5232211875447774e-09,0,0.28302879089934707,model::modernbert_base,ModernBERT,42
17167,0,5.878268982684176e-09,0,0.28302879089934707,model::modernbert_base,ModernBERT,42
5026,1,1.2227133083797526e-08,0,0.28302879089934707,model::modernbert_base,ModernBERT,42
10248,0,4.547627607820459e-09,0,0.28302879089934707,model::modernbert_base,ModernBERT,42
14065,0,2.0490581675858266e-08,0,0.28302879089934707,model::modernbert_base,ModernBERT,42
6297,1,5.89291904162792e-09,0,0.28302879089934707,model::modernbert_base,ModernBERT,42
16078,1,4.336513814706677e-09,0,0.28302879089934707,model::modernbert_base,ModernBERT,42
16743,0,1.6588233009429132e-09,0,0.28302879089934707,model::modernbert_base,ModernBERT,42
8902,0,2.1797792459921084e-09,0,0.28302879089934707,model::modernbert_base,ModernBERT,42
14127,1,3.3367117957538994e-09,0,0.28302879089934707,model::modernbert_base,ModernBERT,42
5936,0,5.4888168676825444e-08,0,0.28302879089934707,model::modernbert_base,ModernBERT,42
20673,0,4.962022792653897e-09,0,0.28302879089934707,model::modernbert_base,ModernBERT,42
13323,0,4.218103644149096e-09,0,0.28302879089934707,model::modernbert_base,ModernBERT,42
7763,1,1.8970933712836313e-09,0,0.28302879089934707,model::modernbert_base,ModernBERT,42
18230,1,1.077804512306102e-08,0,0.28302879089934707,model::modernbert_base,ModernBERT,42
11361,1,6.161313237385002e-09,0,0.28302879089934707,model::modernbert_base,ModernBERT,42
9224,1,1.1105911745801222e-08,0,0.28302879089934707,model::modernbert_base,ModernBERT,42
17556,1,3.4386664626850916e-09,0,0.28302879089934707,model::modernbert_base,ModernBERT,42
3794,1,4.240100270891389e-09,0,0.28302879089934707,model::modernbert_base,ModernBERT,42
3683,0,1.863632137499849e-09,0,0.28302879089934707,model::modernbert_base,ModernBERT,42
8623,1,1.350645462139255e-08,0,0.28302879089934707,model::modernbert_base,ModernBERT,42
7348,1,5.043000239624007e-09,0,0.28302879089934707,model::modernbert_base,ModernBERT,42
17574,0,3.7180709622219865e-09,0,0.28302879089934707,model::modernbert_base,ModernBERT,42
19168,0,1.60158407425115e-07,0,0.28302879089934707,model::modernbert_base,ModernBERT,42
6346,0,1.7502862492690952e-09,0,0.28302879089934707,model::modernbert_base,ModernBERT,42
2109,0,3.112911040048516e-09,0,0.28302879089934707,model::modernbert_base,ModernBERT,42
5736,1,8.481418234396187e-09,0,0.28302879089934707,model::modernbert_base,ModernBERT,42
3677,0,1.8980859550765672e-08,0,0.28302879089934707,model::modernbert_base,ModernBERT,42
14181,0,6.824246057135497e-09,0,0.28302879089934707,model::modernbert_base,ModernBERT,42
16696,0,1.3077272598138734e-09,0,0.28302879089934707,model::modernbert_base,ModernBERT,42
18115,0,2.3258674985981997e-08,0,0.28302879089934707,model::modernbert_base,ModernBERT,42
1098,1,4.106746942511563e-09,0,0.28302879089934707,model::modernbert_base,ModernBERT,42
5422,0,2.6000863684316755e-09,0,0.28302879089934707,model::modernbert_base,ModernBERT,42
703,0,3.016515481846227e-09,0,0.28302879089934707,model::modernbert_base,ModernBERT,42
12024,1,6.550520126324955e-09,0,0.28302879089934707,model::modernbert_base,ModernBERT,42
19715,1,2.7176472183754186e-09,0,0.28302879089934707,model::modernbert_base,ModernBERT,42
16386,1,2.2235106200696464e-08,0,0.28302879089934707,model::modernbert_base,ModernBERT,42
18231,1,5.389780621811724e-09,0,0.28302879089934707,model::modernbert_base,ModernBERT,42
8966,1,2.177914382173185e-08,0,0.28302879089934707,model::modernbert_base,ModernBERT,42
19704,1,1.0051762977525414e-08,0,0.28302879089934707,model::modernbert_base,ModernBERT,42
11636,0,1.6425366622385695e-09,0,0.28302879089934707,model::modernbert_base,ModernBERT,42
10984,1,7.963878445593764e-09,0,0.28302879089934707,model::modernbert_base,ModernBERT,42
9195,1,1.1920677778221034e-08,0,0.28302879089934707,model::modernbert_base,ModernBERT,42
1893,1,2.644393815032231e-09,0,0.28302879089934707,model::modernbert_base,ModernBERT,42
11198,1,5.391734170245854e-09,0,0.28302879089934707,model::modernbert_base,ModernBERT,42
433,0,1.2312053598861894e-09,0,0.28302879089934707,model::modernbert_base,ModernBERT,42
18411,1,2.3758341072266376e-08,0,0.28302879089934707,model::modernbert_base,ModernBERT,42
11101,0,1.6525609769502125e-09,0,0.28302879089934707,model::modernbert_base,ModernBERT,42
11375,0,9.060992844922566e-09,0,0.28302879089934707,model::modernbert_base,ModernBERT,42
1442,1,1.671091531818547e-08,0,0.28302879089934707,model::modernbert_base,ModernBERT,42
10872,0,4.157185262698704e-09,0,0.28302879089934707,model::modernbert_base,ModernBERT,42
17480,0,4.029935496419057e-09,0,0.28302879089934707,model::modernbert_base,ModernBERT,42
9183,0,1.5587437474096077e-07,0,0.28302879089934707,model::modernbert_base,ModernBERT,42
13866,1,8.154384723013663e-09,0,0.28302879089934707,model::modernbert_base,ModernBERT,42
5929,0,5.224791710389809e-09,0,0.28302879089934707,model::modernbert_base,ModernBERT,42
10569,1,1.0444706433077044e-08,0,0.28302879089934707,model::modernbert_base,ModernBERT,42
6481,1,1.065794386079233e-08,0,0.28302879089934707,model::modernbert_base,ModernBERT,42
5854,0,6.6896879147293475e-09,0,0.28302879089934707,model::modernbert_base,ModernBERT,42
5637,0,9.254480515252794e-10,0,0.28302879089934707,model::modernbert_base,ModernBERT,42
21022,0,1.6483678866308082e-09,0,0.28302879089934707,model::modernbert_base,ModernBERT,42
20695,0,4.5844865326216677e-07,0,0.28302879089934707,model::modernbert_base,ModernBERT,42
6808,1,1.0094030500340523e-08,0,0.28302879089934707,model::modernbert_base,ModernBERT,42
1191,1,5.700348637560637e-09,0,0.28302879089934707,model::modernbert_base,ModernBERT,42
17878,0,2.881900496021217e-09,0,0.28302879089934707,model::modernbert_base,ModernBERT,42
11825,1,3.4480847066475917e-09,0,0.28302879089934707,model::modernbert_base,ModernBERT,42
19889,1,7.253710965215987e-09,0,0.28302879089934707,model::modernbert_base,ModernBERT,42
10247,0,2.483922179052911e-09,0,0.28302879089934707,model::modernbert_base,ModernBERT,42
3557,1,2.8810156482705906e-09,0,0.28302879089934707,model::modernbert_base,ModernBERT,42
7942,0,1.5238224015945434e-09,0,0.28302879089934707,model::modernbert_base,ModernBERT,42
6347,0,5.44959144477275e-09,0,0.28302879089934707,model::modernbert_base,ModernBERT,42
10139,1,2.565822443401089e-09,0,0.28302879089934707,model::modernbert_base,ModernBERT,42
13933,0,2.757234218719873e-09,0,0.28302879089934707,model::modernbert_base,ModernBERT,42
15745,1,8.04086575101337e-09,0,0.28302879089934707,model::modernbert_base,ModernBERT,42
5715,1,5.003077507836906e-09,0,0.28302879089934707,model::modernbert_base,ModernBERT,42
17278,0,6.575618716198051e-09,0,0.28302879089934707,model::modernbert_base,ModernBERT,42
11436,0,7.3914465659186135e-09,0,0.28302879089934707,model::modernbert_base,ModernBERT,42
4647,0,2.274899060239477e-07,0,0.28302879089934707,model::modernbert_base,ModernBERT,42
15980,0,2.194580517311806e-09,0,0.28302879089934707,model::modernbert_base,ModernBERT,42
18355,0,4.741817605236065e-09,0,0.28302879089934707,model::modernbert_base,ModernBERT,42
16337,0,4.2749128681407456e-09,0,0.28302879089934707,model::modernbert_base,ModernBERT,42
2361,0,4.920704288480238e-09,0,0.28302879089934707,model::modernbert_base,ModernBERT,42
4623,1,6.798678064967589e-09,0,0.28302879089934707,model::modernbert_base,ModernBERT,42
20871,0,1.0959285923206608e-08,0,0.28302879089934707,model::modernbert_base,ModernBERT,42
16550,1,2.68107349654656e-08,0,0.28302879089934707,model::modernbert_base,ModernBERT,42
15950,1,5.204183750606717e-09,0,0.28302879089934707,model::modernbert_base,ModernBERT,42
2200,0,1.1418221035341958e-08,0,0.28302879089934707,model::modernbert_base,ModernBERT,42
19326,1,6.871056168478162e-09,0,0.28302879089934707,model::modernbert_base,ModernBERT,42
4522,0,3.7712325706706906e-08,0,0.28302879089934707,model::modernbert_base,ModernBERT,42
18987,1,7.3559487390184586e-09,0,0.28302879089934707,model::modernbert_base,ModernBERT,42
10913,0,1.4927309388568233e-09,0,0.28302879089934707,model::modernbert_base,ModernBERT,42
18340,0,3.0348152879611234e-09,0,0.28302879089934707,model::modernbert_base,ModernBERT,42
14800,0,4.725574598296589e-09,0,0.28302879089934707,model::modernbert_base,ModernBERT,42
2248,1,1.0936629379898477e-08,0,0.28302879089934707,model::modernbert_base,ModernBERT,42
14467,0,2.0621051532998536e-09,0,0.28302879089934707,model::modernbert_base,ModernBERT,42
78,1,2.497185125349688e-09,0,0.28302879089934707,model::modernbert_base,ModernBERT,42
4625,0,4.2719867643370435e-09,0,0.28302879089934707,model::modernbert_base,ModernBERT,42
4323,1,5.000740266325465e-09,0,0.28302879089934707,model::modernbert_base,ModernBERT,42
4510,0,1.5680065189371817e-05,0,0.28302879089934707,model::modernbert_base,ModernBERT,42
293,1,2.3573001328713872e-08,0,0.28302879089934707,model::modernbert_base,ModernBERT,42
1271,0,1.686691897262449e-09,0,0.28302879089934707,model::modernbert_base,ModernBERT,42
5374,0,1.8310404303889527e-09,0,0.28302879089934707,model::modernbert_base,ModernBERT,42
14898,1,1.0800682126443917e-08,0,0.28302879089934707,model::modernbert_base,ModernBERT,42
5107,1,6.25461682446371e-09,0,0.28302879089934707,model::modernbert_base,ModernBERT,42
573,1,1.545551242543297e-08,0,0.28302879089934707,model::modernbert_base,ModernBERT,42
19652,0,2.8552781472512834e-08,0,0.28302879089934707,model::modernbert_base,ModernBERT,42
8391,1,2.5425552774294147e-09,0,0.28302879089934707,model::modernbert_base,ModernBERT,42
6472,0,2.1645989445318037e-09,0,0.28302879089934707,model::modernbert_base,ModernBERT,42
5633,1,4.279979481935925e-09,0,0.28302879089934707,model::modernbert_base,ModernBERT,42
4581,1,5.072345654610899e-09,0,0.28302879089934707,model::modernbert_base,ModernBERT,42
18214,1,6.5225931322743236e-09,0,0.28302879089934707,model::modernbert_base,ModernBERT,42
17119,0,7.85936471459081e-09,0,0.28302879089934707,model::modernbert_base,ModernBERT,42
20170,1,5.265601998871716e-08,0,0.28302879089934707,model::modernbert_base,ModernBERT,42
18229,0,1.0612459799830276e-09,0,0.28302879089934707,model::modernbert_base,ModernBERT,42
19907,0,3.009637694617595e-08,0,0.28302879089934707,model::modernbert_base,ModernBERT,42
18168,0,6.2458545002641586e-09,0,0.28302879089934707,model::modernbert_base,ModernBERT,42
10285,1,1.614372635572181e-08,0,0.28302879089934707,model::modernbert_base,ModernBERT,42
9229,0,6.18282136599646e-09,0,0.28302879089934707,model::modernbert_base,ModernBERT,42
4426,0,9.492869601501752e-09,0,0.28302879089934707,model::modernbert_base,ModernBERT,42
19485,1,2.9537730039663757e-09,0,0.28302879089934707,model::modernbert_base,ModernBERT,42
20520,0,4.1870027445156666e-09,0,0.28302879089934707,model::modernbert_base,ModernBERT,42
16322,1,1.2413903682784166e-08,0,0.28302879089934707,model::modernbert_base,ModernBERT,42
11621,1,4.77062034320852e-09,0,0.28302879089934707,model::modernbert_base,ModernBERT,42
3376,1,1.4390002078812358e-08,0,0.28302879089934707,model::modernbert_base,ModernBERT,42
20041,0,3.668017445335181e-09,0,0.28302879089934707,model::modernbert_base,ModernBERT,42
7166,1,1.366748936248996e-08,0,0.28302879089934707,model::modernbert_base,ModernBERT,42
6506,1,4.966927757976691e-09,0,0.28302879089934707,model::modernbert_base,ModernBERT,42
20862,1,1.0205012834774152e-08,0,0.28302879089934707,model::modernbert_base,ModernBERT,42
18690,0,5.34983657374255e-09,0,0.28302879089934707,model::modernbert_base,ModernBERT,42
7607,1,5.480978337857323e-09,0,0.28302879089934707,model::modernbert_base,ModernBERT,42
10060,1,5.466789687602613e-09,0,0.28302879089934707,model::modernbert_base,ModernBERT,42
20271,1,8.058798961485536e-09,0,0.28302879089934707,model::modernbert_base,ModernBERT,42
5211,1,5.2602818101377125e-08,0,0.28302879089934707,model::modernbert_base,ModernBERT,42
12121,1,5.8948863568275556e-09,0,0.28302879089934707,model::modernbert_base,ModernBERT,42
7567,1,4.256468510988043e-09,0,0.28302879089934707,model::modernbert_base,ModernBERT,42
9710,1,6.377856465178411e-09,0,0.28302879089934707,model::modernbert_base,ModernBERT,42
6786,0,4.620916538300435e-09,0,0.28302879089934707,model::modernbert_base,ModernBERT,42
17521,0,4.989126889398676e-09,0,0.28302879089934707,model::modernbert_base,ModernBERT,42
21034,1,7.767681609038846e-09,0,0.28302879089934707,model::modernbert_base,ModernBERT,42
3187,0,3.253423086491125e-09,0,0.28302879089934707,model::modernbert_base,ModernBERT,42
3973,1,4.018514410120133e-09,0,0.28302879089934707,model::modernbert_base,ModernBERT,42
8214,1,1.12579776612165e-08,0,0.28302879089934707,model::modernbert_base,ModernBERT,42
18871,0,2.3143473804054793e-09,0,0.28302879089934707,model::modernbert_base,ModernBERT,42
18245,0,8.549536190116669e-09,0,0.28302879089934707,model::modernbert_base,ModernBERT,42
10798,0,4.724295177283011e-09,0,0.28302879089934707,model::modernbert_base,ModernBERT,42
5409,0,2.204275206807438e-09,0,0.28302879089934707,model::modernbert_base,ModernBERT,42
16226,0,7.715398169239052e-07,0,0.28302879089934707,model::modernbert_base,ModernBERT,42
4468,1,8.753851865606066e-09,0,0.28302879089934707,model::modernbert_base,ModernBERT,42
15849,0,7.497746992157772e-06,0,0.28302879089934707,model::modernbert_base,ModernBERT,42
14462,0,1.6351705198758282e-05,0,0.28302879089934707,model::modernbert_base,ModernBERT,42
19720,0,1.342728372932811e-09,0,0.28302879089934707,model::modernbert_base,ModernBERT,42
4146,0,2.7617181785899447e-07,0,0.28302879089934707,model::modernbert_base,ModernBERT,42
4386,0,5.830588900579414e-09,0,0.28302879089934707,model::modernbert_base,ModernBERT,42
13526,1,1.1767109953098043e-08,0,0.28302879089934707,model::modernbert_base,ModernBERT,42
18523,1,5.956938053941485e-09,0,0.28302879089934707,model::modernbert_base,ModernBERT,42
19751,0,9.138454437618293e-09,0,0.28302879089934707,model::modernbert_base,ModernBERT,42
1179,0,1.926256310014196e-08,0,0.28302879089934707,model::modernbert_base,ModernBERT,42
16424,1,5.132244407235476e-09,0,0.28302879089934707,model::modernbert_base,ModernBERT,42
8875,0,1.3790923958367785e-09,0,0.28302879089934707,model::modernbert_base,ModernBERT,42
2267,0,8.277396545963711e-09,0,0.28302879089934707,model::modernbert_base,ModernBERT,42
12942,0,2.1562258645246857e-09,0,0.28302879089934707,model::modernbert_base,ModernBERT,42
2832,0,3.391352532133851e-09,0,0.28302879089934707,model::modernbert_base,ModernBERT,42
1021,0,1.6630493648861489e-09,0,0.28302879089934707,model::modernbert_base,ModernBERT,42
7945,0,4.283442045505126e-09,0,0.28302879089934707,model::modernbert_base,ModernBERT,42
4843,1,8.070642820712237e-09,0,0.28302879089934707,model::modernbert_base,ModernBERT,42
3236,0,1.887737521855115e-09,0,0.28302879089934707,model::modernbert_base,ModernBERT,42
9186,1,2.817015731793049e-09,0,0.28302879089934707,model::modernbert_base,ModernBERT,42
13491,0,1.8143151425675796e-09,0,0.28302879089934707,model::modernbert_base,ModernBERT,42
10371,0,3.472749643407269e-09,0,0.28302879089934707,model::modernbert_base,ModernBERT,42
551,0,1.831005458363677e-09,0,0.28302879089934707,model::modernbert_base,ModernBERT,42
444,1,1.0504682457224135e-08,0,0.28302879089934707,model::modernbert_base,ModernBERT,42
1591,1,7.807787305580405e-09,0,0.28302879089934707,model::modernbert_base,ModernBERT,42
6736,1,2.3921569169971235e-09,0,0.28302879089934707,model::modernbert_base,ModernBERT,42
4134,0,4.396578212606528e-09,0,0.28302879089934707,model::modernbert_base,ModernBERT,42
12473,0,6.8092158578281214e-09,0,0.28302879089934707,model::modernbert_base,ModernBERT,42
2556,1,5.2509165904268684e-09,0,0.28302879089934707,model::modernbert_base,ModernBERT,42
10416,1,4.169971035139497e-09,0,0.28302879089934707,model::modernbert_base,ModernBERT,42
16237,1,7.852352545967278e-09,0,0.28302879089934707,model::modernbert_base,ModernBERT,42
96,1,1.0597880795160108e-08,0,0.28302879089934707,model::modernbert_base,ModernBERT,42
4673,1,9.528969613370464e-09,0,0.28302879089934707,model::modernbert_base,ModernBERT,42
3115,0,6.889585790759156e-09,0,0.28302879089934707,model::modernbert_base,ModernBERT,42
7640,0,2.203119464638803e-09,0,0.28302879089934707,model::modernbert_base,ModernBERT,42
18818,1,1.4269197379235266e-08,0,0.28302879089934707,model::modernbert_base,ModernBERT,42
3550,1,1.983221764589871e-08,0,0.28302879089934707,model::modernbert_base,ModernBERT,42
15293,1,1.1052195603156179e-08,0,0.28302879089934707,model::modernbert_base,ModernBERT,42
10902,1,6.115861150846058e-09,0,0.28302879089934707,model::modernbert_base,ModernBERT,42
16425,0,3.6058711572195534e-09,0,0.28302879089934707,model::modernbert_base,ModernBERT,42
1649,0,3.4713389940321804e-09,0,0.28302879089934707,model::modernbert_base,ModernBERT,42
9946,0,2.4176696200584047e-09,0,0.28302879089934707,model::modernbert_base,ModernBERT,42
18354,0,2.0049302218438925e-09,0,0.28302879089934707,model::modernbert_base,ModernBERT,42
15802,0,2.421601585922417e-09,0,0.28302879089934707,model::modernbert_base,ModernBERT,42
8471,1,9.741926376705123e-09,0,0.28302879089934707,model::modernbert_base,ModernBERT,42
4029,1,6.280174602579791e-09,0,0.28302879089934707,model::modernbert_base,ModernBERT,42
3806,0,8.961456576805915e-10,0,0.28302879089934707,model::modernbert_base,ModernBERT,42
9240,1,1.2851374187050624e-08,0,0.28302879089934707,model::modernbert_base,ModernBERT,42
20407,1,1.4053843422345835e-08,0,0.28302879089934707,model::modernbert_base,ModernBERT,42
20442,1,2.204402527183902e-08,0,0.28302879089934707,model::modernbert_base,ModernBERT,42
12406,0,1.2429961504523135e-09,0,0.28302879089934707,model::modernbert_base,ModernBERT,42
20870,0,2.7997997253947915e-09,0,0.28302879089934707,model::modernbert_base,ModernBERT,42
17718,1,1.2429422824311587e-08,0,0.28302879089934707,model::modernbert_base,ModernBERT,42
17043,1,7.118148293017157e-09,0,0.28302879089934707,model::modernbert_base,ModernBERT,42
14805,1,1.7631629489756051e-09,0,0.28302879089934707,model::modernbert_base,ModernBERT,42
12105,1,3.7321248314015065e-09,0,0.28302879089934707,model::modernbert_base,ModernBERT,42
13440,1,8.076371571519303e-09,0,0.28302879089934707,model::modernbert_base,ModernBERT,42
8420,0,4.078870574630855e-09,0,0.28302879089934707,model::modernbert_base,ModernBERT,42
6543,1,3.87807252977268e-09,0,0.28302879089934707,model::modernbert_base,ModernBERT,42
14425,0,3.2708198371977915e-09,0,0.28302879089934707,model::modernbert_base,ModernBERT,42
11002,1,1.2317909359182977e-08,0,0.28302879089934707,model::modernbert_base,ModernBERT,42
1148,1,1.0841465503119707e-08,0,0.28302879089934707,model::modernbert_base,ModernBERT,42
12116,1,9.086138952341116e-09,0,0.28302879089934707,model::modernbert_base,ModernBERT,42
1173,0,5.697804894566616e-09,0,0.28302879089934707,model::modernbert_base,ModernBERT,42
19460,0,3.6730933850037673e-09,0,0.28302879089934707,model::modernbert_base,ModernBERT,42
5391,1,4.9828501325066554e-09,0,0.28302879089934707,model::modernbert_base,ModernBERT,42
12339,0,3.5553271438004685e-09,0,0.28302879089934707,model::modernbert_base,ModernBERT,42
8041,1,1.217934819663924e-08,0,0.28302879089934707,model::modernbert_base,ModernBERT,42
14605,1,4.585778423660258e-09,0,0.28302879089934707,model::modernbert_base,ModernBERT,42
2291,1,1.7646609506982713e-08,0,0.28302879089934707,model::modernbert_base,ModernBERT,42
7120,0,6.754254933127868e-09,0,0.28302879089934707,model::modernbert_base,ModernBERT,42
587,0,2.2899468987702676e-09,0,0.28302879089934707,model::modernbert_base,ModernBERT,42
16321,1,3.5108314033749366e-09,0,0.28302879089934707,model::modernbert_base,ModernBERT,42
18541,1,6.389094142633667e-09,0,0.28302879089934707,model::modernbert_base,ModernBERT,42
12598,0,2.2489295758987282e-07,0,0.28302879089934707,model::modernbert_base,ModernBERT,42
13419,1,7.032603388523739e-09,0,0.28302879089934707,model::modernbert_base,ModernBERT,42
8543,0,4.060675351524878e-09,0,0.28302879089934707,model::modernbert_base,ModernBERT,42
20439,0,1.9152874841665835e-08,0,0.28302879089934707,model::modernbert_base,ModernBERT,42
15320,0,1.4694874206355735e-09,0,0.28302879089934707,model::modernbert_base,ModernBERT,42
9800,0,5.088324428470514e-09,0,0.28302879089934707,model::modernbert_base,ModernBERT,42
16021,1,5.608805420109775e-09,0,0.28302879089934707,model::modernbert_base,ModernBERT,42
8382,1,9.781286891552554e-09,0,0.28302879089934707,model::modernbert_base,ModernBERT,42
2867,1,1.7146076558560708e-08,0,0.28302879089934707,model::modernbert_base,ModernBERT,42
20212,0,1.8730363926522386e-09,0,0.28302879089934707,model::modernbert_base,ModernBERT,42
9481,1,6.244079475692388e-09,0,0.28302879089934707,model::modernbert_base,ModernBERT,42
12286,1,9.973139647456719e-09,0,0.28302879089934707,model::modernbert_base,ModernBERT,42
19149,0,5.769523081511352e-09,0,0.28302879089934707,model::modernbert_base,ModernBERT,42
16239,1,3.459797781601992e-09,0,0.28302879089934707,model::modernbert_base,ModernBERT,42
17829,1,8.471297441303705e-09,0,0.28302879089934707,model::modernbert_base,ModernBERT,42
20947,0,4.041635914830977e-09,0,0.28302879089934707,model::modernbert_base,ModernBERT,42
9400,0,5.8042695094684404e-09,0,0.28302879089934707,model::modernbert_base,ModernBERT,42
18451,1,3.77707598531174e-09,0,0.28302879089934707,model::modernbert_base,ModernBERT,42
19994,1,3.044243257477319e-08,0,0.28302879089934707,model::modernbert_base,ModernBERT,42
10829,0,2.5907449519024794e-09,0,0.28302879089934707,model::modernbert_base,ModernBERT,42
1980,0,2.95960989049604e-09,0,0.28302879089934707,model::modernbert_base,ModernBERT,42
829,0,3.045974139581631e-08,0,0.28302879089934707,model::modernbert_base,ModernBERT,42
7876,1,6.542965280686985e-09,0,0.28302879089934707,model::modernbert_base,ModernBERT,42
965,0,1.6416846770894722e-09,0,0.28302879089934707,model::modernbert_base,ModernBERT,42
18189,1,1.4540589177158836e-08,0,0.28302879089934707,model::modernbert_base,ModernBERT,42
12645,1,3.072230470024806e-08,0,0.28302879089934707,model::modernbert_base,ModernBERT,42
12073,0,3.0428892738854074e-09,0,0.28302879089934707,model::modernbert_base,ModernBERT,42
241,1,2.771459506334395e-09,0,0.28302879089934707,model::modernbert_base,ModernBERT,42
8318,0,2.0832353619937294e-09,0,0.28302879089934707,model::modernbert_base,ModernBERT,42
2294,0,2.341070004518997e-09,0,0.28302879089934707,model::modernbert_base,ModernBERT,42
15189,1,6.815582764829742e-09,0,0.28302879089934707,model::modernbert_base,ModernBERT,42
15462,0,6.11369221914515e-09,0,0.28302879089934707,model::modernbert_base,ModernBERT,42
6769,0,6.248285000509668e-09,0,0.28302879089934707,model::modernbert_base,ModernBERT,42
21078,0,2.401757681624872e-09,0,0.28302879089934707,model::modernbert_base,ModernBERT,42
2498,0,6.961736520594286e-09,0,0.28302879089934707,model::modernbert_base,ModernBERT,42
20875,0,6.416339459747178e-09,0,0.28302879089934707,model::modernbert_base,ModernBERT,42
2694,0,7.864808360125153e-09,0,0.28302879089934707,model::modernbert_base,ModernBERT,42
8380,0,3.817635541025766e-09,0,0.28302879089934707,model::modernbert_base,ModernBERT,42
2683,1,2.8779454375182922e-09,0,0.28302879089934707,model::modernbert_base,ModernBERT,42
12903,1,8.100422554946363e-09,0,0.28302879089934707,model::modernbert_base,ModernBERT,42
3395,1,9.392838506983026e-09,0,0.28302879089934707,model::modernbert_base,ModernBERT,42
14670,0,5.968583849380593e-09,0,0.28302879089934707,model::modernbert_base,ModernBERT,42
3815,1,3.1904232589141657e-09,0,0.28302879089934707,model::modernbert_base,ModernBERT,42
9823,0,2.6647986040018168e-09,0,0.28302879089934707,model::modernbert_base,ModernBERT,42
3971,0,1.383566150536808e-09,0,0.28302879089934707,model::modernbert_base,ModernBERT,42
19954,0,7.222978659626733e-09,0,0.28302879089934707,model::modernbert_base,ModernBERT,42
19163,1,9.205649575960706e-09,0,0.28302879089934707,model::modernbert_base,ModernBERT,42
11315,0,9.186880589595603e-09,0,0.28302879089934707,model::modernbert_base,ModernBERT,42
16475,1,4.3494030599333655e-09,0,0.28302879089934707,model::modernbert_base,ModernBERT,42
8298,1,7.708703009257079e-09,0,0.28302879089934707,model::modernbert_base,ModernBERT,42
6704,0,7.671856927515819e-09,0,0.28302879089934707,model::modernbert_base,ModernBERT,42
1867,0,1.181712616649122e-09,0,0.28302879089934707,model::modernbert_base,ModernBERT,42
3479,1,7.610862162721332e-09,0,0.28302879089934707,model::modernbert_base,ModernBERT,42
14387,0,2.1813597594899647e-09,0,0.28302879089934707,model::modernbert_base,ModernBERT,42
21099,0,1.7031109855736304e-09,0,0.28302879089934707,model::modernbert_base,ModernBERT,42
10173,0,1.2253414949370267e-09,0,0.28302879089934707,model::modernbert_base,ModernBERT,42
14584,1,3.926436509260611e-09,0,0.28302879089934707,model::modernbert_base,ModernBERT,42
18579,0,3.059518007830775e-07,0,0.28302879089934707,model::modernbert_base,ModernBERT,42
6719,0,2.0584359106123884e-08,0,0.28302879089934707,model::modernbert_base,ModernBERT,42
13994,1,1.1634855745512596e-08,0,0.28302879089934707,model::modernbert_base,ModernBERT,42
15409,0,1.0688637752664931e-09,0,0.28302879089934707,model::modernbert_base,ModernBERT,42
10287,0,1.936762084042698e-09,0,0.28302879089934707,model::modernbert_base,ModernBERT,42
14182,0,2.24688911920623e-09,0,0.28302879089934707,model::modernbert_base,ModernBERT,42
1866,0,3.467672815560263e-09,0,0.28302879089934707,model::modernbert_base,ModernBERT,42
5840,1,9.729188121809784e-09,0,0.28302879089934707,model::modernbert_base,ModernBERT,42
8508,0,6.792728601823228e-09,0,0.28302879089934707,model::modernbert_base,ModernBERT,42
16600,0,2.3456021569501218e-09,0,0.28302879089934707,model::modernbert_base,ModernBERT,42
12136,1,4.777440665293398e-09,0,0.28302879089934707,model::modernbert_base,ModernBERT,42
15175,1,1.5767110284059527e-08,0,0.28302879089934707,model::modernbert_base,ModernBERT,42
1171,0,3.5893408245613045e-09,0,0.28302879089934707,model::modernbert_base,ModernBERT,42
10626,0,2.673697929722607e-09,0,0.28302879089934707,model::modernbert_base,ModernBERT,42
17816,0,2.2015482770143535e-09,0,0.28302879089934707,model::modernbert_base,ModernBERT,42
7438,1,1.610595923295932e-08,0,0.28302879089934707,model::modernbert_base,ModernBERT,42
4132,1,1.5401278474769242e-08,0,0.28302879089934707,model::modernbert_base,ModernBERT,42
12929,0,5.942525582725011e-09,0,0.28302879089934707,model::modernbert_base,ModernBERT,42
17018,1,4.274260945180686e-09,0,0.28302879089934707,model::modernbert_base,ModernBERT,42
14608,0,2.906714646755404e-09,0,0.28302879089934707,model::modernbert_base,ModernBERT,42
16274,0,2.379052510548263e-09,0,0.28302879089934707,model::modernbert_base,ModernBERT,42
2408,0,1.505869029472251e-08,0,0.28302879089934707,model::modernbert_base,ModernBERT,42
7731,0,2.90776269729065e-09,0,0.28302879089934707,model::modernbert_base,ModernBERT,42
1204,1,4.575879231083491e-09,0,0.28302879089934707,model::modernbert_base,ModernBERT,42
15159,1,9.016857482890828e-09,0,0.28302879089934707,model::modernbert_base,ModernBERT,42
13621,0,4.105047413105467e-09,0,0.28302879089934707,model::modernbert_base,ModernBERT,42
1729,0,3.6843830208965755e-09,0,0.28302879089934707,model::modernbert_base,ModernBERT,42
16466,0,1.3916436891747708e-09,0,0.28302879089934707,model::modernbert_base,ModernBERT,42
1197,1,8.91905216349187e-09,0,0.28302879089934707,model::modernbert_base,ModernBERT,42
14491,0,3.8139456037811215e-09,0,0.28302879089934707,model::modernbert_base,ModernBERT,42
3338,1,1.5389759466799546e-09,0,0.28302879089934707,model::modernbert_base,ModernBERT,42
3165,1,1.1667167676421286e-08,0,0.28302879089934707,model::modernbert_base,ModernBERT,42
3852,0,0.9999974966049194,1,0.28302879089934707,model::modernbert_base,ModernBERT,42
16232,1,5.807857306194819e-09,0,0.28302879089934707,model::modernbert_base,ModernBERT,42
3551,1,1.762387036308155e-08,0,0.28302879089934707,model::modernbert_base,ModernBERT,42
18200,1,4.302143086221122e-09,0,0.28302879089934707,model::modernbert_base,ModernBERT,42
1750,1,3.1342175077497814e-08,0,0.28302879089934707,model::modernbert_base,ModernBERT,42
13356,1,7.337479956959214e-09,0,0.28302879089934707,model::modernbert_base,ModernBERT,42
14029,0,2.3065693799395603e-09,0,0.28302879089934707,model::modernbert_base,ModernBERT,42
15702,1,5.4198414645156845e-09,0,0.28302879089934707,model::modernbert_base,ModernBERT,42
6671,0,8.61342019931044e-09,0,0.28302879089934707,model::modernbert_base,ModernBERT,42
1598,1,6.293340515384216e-09,0,0.28302879089934707,model::modernbert_base,ModernBERT,42
14361,0,8.960208686126236e-10,0,0.28302879089934707,model::modernbert_base,ModernBERT,42
8832,0,1.6400322211396201e-09,0,0.28302879089934707,model::modernbert_base,ModernBERT,42
9975,1,6.032423893742589e-09,0,0.28302879089934707,model::modernbert_base,ModernBERT,42
13954,0,3.945798354720864e-09,0,0.28302879089934707,model::modernbert_base,ModernBERT,42
9267,0,2.2654016440526448e-09,0,0.28302879089934707,model::modernbert_base,ModernBERT,42
13091,1,9.887490826088197e-09,0,0.28302879089934707,model::modernbert_base,ModernBERT,42
17553,1,5.250255341593402e-09,0,0.28302879089934707,model::modernbert_base,ModernBERT,42
11555,0,6.516611694706853e-09,0,0.28302879089934707,model::modernbert_base,ModernBERT,42
11748,1,7.710321270337772e-09,0,0.28302879089934707,model::modernbert_base,ModernBERT,42
10804,0,1.1896867935234923e-09,0,0.28302879089934707,model::modernbert_base,ModernBERT,42
12854,0,1.967227936106042e-09,0,0.28302879089934707,model::modernbert_base,ModernBERT,42
16115,0,5.4265649751528144e-09,0,0.28302879089934707,model::modernbert_base,ModernBERT,42
7308,1,8.33035951330885e-09,0,0.28302879089934707,model::modernbert_base,ModernBERT,42
6556,1,9.717449067636608e-09,0,0.28302879089934707,model::modernbert_base,ModernBERT,42
14549,1,3.9970875498340774e-09,0,0.28302879089934707,model::modernbert_base,ModernBERT,42
6787,0,2.077188643312411e-09,0,0.28302879089934707,model::modernbert_base,ModernBERT,42
11776,0,1.538952520974135e-09,0,0.28302879089934707,model::modernbert_base,ModernBERT,42
9577,0,2.44234077406702e-09,0,0.28302879089934707,model::modernbert_base,ModernBERT,42
19107,0,1.7596454293666852e-09,0,0.28302879089934707,model::modernbert_base,ModernBERT,42
3818,0,1.8529492384899982e-09,0,0.28302879089934707,model::modernbert_base,ModernBERT,42
6319,0,1.798240001349427e-09,0,0.28302879089934707,model::modernbert_base,ModernBERT,42
7931,1,2.4126174835714664e-08,0,0.28302879089934707,model::modernbert_base,ModernBERT,42
18516,1,1.9639774251345443e-09,0,0.28302879089934707,model::modernbert_base,ModernBERT,42
19974,1,5.964509774969429e-09,0,0.28302879089934707,model::modernbert_base,ModernBERT,42
8003,1,6.437276489634769e-09,0,0.28302879089934707,model::modernbert_base,ModernBERT,42
14855,1,7.676877800122384e-09,0,0.28302879089934707,model::modernbert_base,ModernBERT,42
935,0,1.2383751801792187e-08,0,0.28302879089934707,model::modernbert_base,ModernBERT,42
3623,1,3.4264169279651924e-09,0,0.28302879089934707,model::modernbert_base,ModernBERT,42
2857,0,2.6786135531864375e-09,0,0.28302879089934707,model::modernbert_base,ModernBERT,42
15100,1,2.1643307146490542e-09,0,0.28302879089934707,model::modernbert_base,ModernBERT,42
12647,1,5.029657579314062e-09,0,0.28302879089934707,model::modernbert_base,ModernBERT,42
16571,0,4.449710377940619e-09,0,0.28302879089934707,model::modernbert_base,ModernBERT,42
18098,1,8.154322550524284e-09,0,0.28302879089934707,model::modernbert_base,ModernBERT,42
18736,1,8.600598455643649e-09,0,0.28302879089934707,model::modernbert_base,ModernBERT,42
8920,1,5.3970947710979544e-09,0,0.28302879089934707,model::modernbert_base,ModernBERT,42
11186,1,1.7690892306632122e-08,0,0.28302879089934707,model::modernbert_base,ModernBERT,42
15711,1,1.4060144160055188e-08,0,0.28302879089934707,model::modernbert_base,ModernBERT,42
5958,1,1.0256685278875466e-08,0,0.28302879089934707,model::modernbert_base,ModernBERT,42
7558,0,1.3891033177060308e-06,0,0.28302879089934707,model::modernbert_base,ModernBERT,42
20149,1,1.0421285168149552e-08,0,0.28302879089934707,model::modernbert_base,ModernBERT,42
9778,0,6.30402086088111e-09,0,0.28302879089934707,model::modernbert_base,ModernBERT,42
8502,1,1.5709055389834248e-08,0,0.28302879089934707,model::modernbert_base,ModernBERT,42
1642,1,3.540169712934471e-09,0,0.28302879089934707,model::modernbert_base,ModernBERT,42
21039,0,7.515610356279012e-09,0,0.28302879089934707,model::modernbert_base,ModernBERT,42
11515,0,9.825343738611991e-08,0,0.28302879089934707,model::modernbert_base,ModernBERT,42
5310,0,4.1292973484985396e-09,0,0.28302879089934707,model::modernbert_base,ModernBERT,42
20759,0,4.9533235291221445e-09,0,0.28302879089934707,model::modernbert_base,ModernBERT,42
12683,0,5.064505259610996e-09,0,0.28302879089934707,model::modernbert_base,ModernBERT,42
5142,0,1.5417876975121203e-09,0,0.28302879089934707,model::modernbert_base,ModernBERT,42
11672,1,8.745674406895887e-09,0,0.28302879089934707,model::modernbert_base,ModernBERT,42
6976,1,2.0807970901870476e-09,0,0.28302879089934707,model::modernbert_base,ModernBERT,42
10148,0,2.443696800469297e-09,0,0.28302879089934707,model::modernbert_base,ModernBERT,42
18578,0,4.0407033274902915e-09,0,0.28302879089934707,model::modernbert_base,ModernBERT,42
19362,1,6.742953306826394e-09,0,0.28302879089934707,model::modernbert_base,ModernBERT,42
5241,1,3.7100305050330462e-09,0,0.28302879089934707,model::modernbert_base,ModernBERT,42
664,0,7.78022624103869e-09,0,0.28302879089934707,model::modernbert_base,ModernBERT,42
12453,0,2.4044162216796394e-09,0,0.28302879089934707,model::modernbert_base,ModernBERT,42
2205,1,9.349475860176426e-09,0,0.28302879089934707,model::modernbert_base,ModernBERT,42
9896,0,2.9377376087325047e-09,0,0.28302879089934707,model::modernbert_base,ModernBERT,42
15733,0,6.369847227460923e-08,0,0.28302879089934707,model::modernbert_base,ModernBERT,42
6070,0,3.471180010095054e-09,0,0.28302879089934707,model::modernbert_base,ModernBERT,42
3994,0,4.781707030332427e-09,0,0.28302879089934707,model::modernbert_base,ModernBERT,42
11962,0,2.666883380797458e-09,0,0.28302879089934707,model::modernbert_base,ModernBERT,42
13923,0,2.2361932749959124e-08,0,0.28302879089934707,model::modernbert_base,ModernBERT,42
3512,0,1.5245259499252484e-09,0,0.28302879089934707,model::modernbert_base,ModernBERT,42
8737,0,8.561383602057049e-09,0,0.28302879089934707,model::modernbert_base,ModernBERT,42
17758,1,1.2551015338146954e-08,0,0.28302879089934707,model::modernbert_base,ModernBERT,42
11250,1,1.0510334824687106e-08,0,0.28302879089934707,model::modernbert_base,ModernBERT,42
8102,0,5.189444429731793e-09,0,0.28302879089934707,model::modernbert_base,ModernBERT,42
3614,0,4.531972130905615e-09,0,0.28302879089934707,model::modernbert_base,ModernBERT,42
6659,1,9.736910833169077e-09,0,0.28302879089934707,model::modernbert_base,ModernBERT,42
12125,0,1.9208876711473977e-09,0,0.28302879089934707,model::modernbert_base,ModernBERT,42
13471,1,6.100273175491111e-09,0,0.28302879089934707,model::modernbert_base,ModernBERT,42
5246,0,1.3813405974616444e-09,0,0.28302879089934707,model::modernbert_base,ModernBERT,42
2612,1,7.249147060406358e-09,0,0.28302879089934707,model::modernbert_base,ModernBERT,42
16686,1,4.128998032371101e-09,0,0.28302879089934707,model::modernbert_base,ModernBERT,42
4569,0,3.033235440597082e-09,0,0.28302879089934707,model::modernbert_base,ModernBERT,42
16586,1,1.8132990220465217e-08,0,0.28302879089934707,model::modernbert_base,ModernBERT,42
9777,0,2.3334556509269078e-09,0,0.28302879089934707,model::modernbert_base,ModernBERT,42
10194,1,4.557561439355595e-09,0,0.28302879089934707,model::modernbert_base,ModernBERT,42
13439,0,9.293329661375083e-09,0,0.28302879089934707,model::modernbert_base,ModernBERT,42
12371,1,6.983094102963605e-09,0,0.28302879089934707,model::modernbert_base,ModernBERT,42
20902,0,3.1317060056323953e-09,0,0.28302879089934707,model::modernbert_base,ModernBERT,42
7768,1,2.3391251602333796e-08,0,0.28302879089934707,model::modernbert_base,ModernBERT,42
2321,1,1.0932312832778734e-08,0,0.28302879089934707,model::modernbert_base,ModernBERT,42
11714,0,1.0692558838343302e-08,0,0.28302879089934707,model::modernbert_base,ModernBERT,42
3655,0,1.46812029200305e-09,0,0.28302879089934707,model::modernbert_base,ModernBERT,42
19633,0,2.328023329667417e-09,0,0.28302879089934707,model::modernbert_base,ModernBERT,42
2593,0,2.3541537608195995e-09,0,0.28302879089934707,model::modernbert_base,ModernBERT,42
5964,0,5.164374261568128e-09,0,0.28302879089934707,model::modernbert_base,ModernBERT,42
11822,0,3.793833691645432e-09,0,0.28302879089934707,model::modernbert_base,ModernBERT,42
12791,1,3.8574903271637595e-09,0,0.28302879089934707,model::modernbert_base,ModernBERT,42
3841,0,1.8370467369521748e-09,0,0.28302879089934707,model::modernbert_base,ModernBERT,42
15763,0,5.4861480691670295e-08,0,0.28302879089934707,model::modernbert_base,ModernBERT,42
9129,1,1.4441363660466777e-08,0,0.28302879089934707,model::modernbert_base,ModernBERT,42
13046,1,2.932262654908868e-09,0,0.28302879089934707,model::modernbert_base,ModernBERT,42
1847,0,4.240261919363775e-09,0,0.28302879089934707,model::modernbert_base,ModernBERT,42
8591,1,4.7519397305961775e-09,0,0.28302879089934707,model::modernbert_base,ModernBERT,42
3209,0,4.553330157364144e-09,0,0.28302879089934707,model::modernbert_base,ModernBERT,42
11566,0,8.088920644411246e-09,0,0.28302879089934707,model::modernbert_base,ModernBERT,42
18276,1,7.497770404540915e-09,0,0.28302879089934707,model::modernbert_base,ModernBERT,42
21121,0,2.020833456128912e-08,0,0.28302879089934707,model::modernbert_base,ModernBERT,42
19671,0,3.881891252888181e-09,0,0.28302879089934707,model::modernbert_base,ModernBERT,42
729,1,5.749705156432583e-09,0,0.28302879089934707,model::modernbert_base,ModernBERT,42
17129,0,5.5708180290992004e-09,0,0.28302879089934707,model::modernbert_base,ModernBERT,42
12185,1,1.086065193334207e-08,0,0.28302879089934707,model::modernbert_base,ModernBERT,42
1996,0,4.963470967567218e-09,0,0.28302879089934707,model::modernbert_base,ModernBERT,42
18477,0,4.409831166896083e-09,0,0.28302879089934707,model::modernbert_base,ModernBERT,42
13495,0,2.3203375221214628e-08,0,0.28302879089934707,model::modernbert_base,ModernBERT,42
3467,1,1.5817564147369012e-08,0,0.28302879089934707,model::modernbert_base,ModernBERT,42
3100,1,7.784708877522917e-09,0,0.28302879089934707,model::modernbert_base,ModernBERT,42
19006,0,6.514672801216648e-09,0,0.28302879089934707,model::modernbert_base,ModernBERT,42
2734,0,4.379370643903258e-09,0,0.28302879089934707,model::modernbert_base,ModernBERT,42
7923,1,5.331155072951788e-09,0,0.28302879089934707,model::modernbert_base,ModernBERT,42
14593,1,1.4100615786105664e-08,0,0.28302879089934707,model::modernbert_base,ModernBERT,42
315,1,9.36202049217627e-09,0,0.28302879089934707,model::modernbert_base,ModernBERT,42
18937,0,3.8328478169091795e-09,0,0.28302879089934707,model::modernbert_base,ModernBERT,42
7718,1,3.43496942001309e-09,0,0.28302879089934707,model::modernbert_base,ModernBERT,42
9619,1,6.091692483778388e-09,0,0.28302879089934707,model::modernbert_base,ModernBERT,42
6986,1,1.5654768148465337e-08,0,0.28302879089934707,model::modernbert_base,ModernBERT,42
17354,1,1.9488424207736443e-09,0,0.28302879089934707,model::modernbert_base,ModernBERT,42
16941,0,1.679901440176934e-09,0,0.28302879089934707,model::modernbert_base,ModernBERT,42
13328,1,7.286852898857887e-09,0,0.28302879089934707,model::modernbert_base,ModernBERT,42
10753,1,7.2690844454825765e-09,0,0.28302879089934707,model::modernbert_base,ModernBERT,42
730,1,6.648842365564178e-09,0,0.28302879089934707,model::modernbert_base,ModernBERT,42
15496,1,7.946944435843761e-09,0,0.28302879089934707,model::modernbert_base,ModernBERT,42
9203,1,1.1611578365489095e-08,0,0.28302879089934707,model::modernbert_base,ModernBERT,42
9971,1,2.3780375002502296e-08,0,0.28302879089934707,model::modernbert_base,ModernBERT,42
14137,1,3.1180451554035926e-09,0,0.28302879089934707,model::modernbert_base,ModernBERT,42
20659,1,1.3989443381490219e-08,0,0.28302879089934707,model::modernbert_base,ModernBERT,42
1737,1,1.9616836155478268e-08,0,0.28302879089934707,model::modernbert_base,ModernBERT,42
18365,1,1.2128649196085917e-08,0,0.28302879089934707,model::modernbert_base,ModernBERT,42
16948,1,5.9670131058453535e-09,0,0.28302879089934707,model::modernbert_base,ModernBERT,42
4209,1,3.5306971568616063e-08,0,0.28302879089934707,model::modernbert_base,ModernBERT,42
11255,0,2.592949854829385e-09,0,0.28302879089934707,model::modernbert_base,ModernBERT,42
4818,0,8.763240799680716e-09,0,0.28302879089934707,model::modernbert_base,ModernBERT,42
16989,0,3.891535982347705e-09,0,0.28302879089934707,model::modernbert_base,ModernBERT,42
13822,1,5.587684981378516e-09,0,0.28302879089934707,model::modernbert_base,ModernBERT,42
18218,0,3.1164755220913776e-09,0,0.28302879089934707,model::modernbert_base,ModernBERT,42
11069,0,6.239567529320311e-09,0,0.28302879089934707,model::modernbert_base,ModernBERT,42
16576,1,4.855868596109758e-09,0,0.28302879089934707,model::modernbert_base,ModernBERT,42
14690,1,1.1212888395562004e-08,0,0.28302879089934707,model::modernbert_base,ModernBERT,42
7545,0,1.5476331327590742e-09,0,0.28302879089934707,model::modernbert_base,ModernBERT,42
11793,0,1.3221180816813671e-09,0,0.28302879089934707,model::modernbert_base,ModernBERT,42
11185,1,9.354077512568892e-09,0,0.28302879089934707,model::modernbert_base,ModernBERT,42
14124,0,3.532810488593441e-09,0,0.28302879089934707,model::modernbert_base,ModernBERT,42
20861,0,6.159856180687484e-09,0,0.28302879089934707,model::modernbert_base,ModernBERT,42
11618,0,2.688374189929732e-09,0,0.28302879089934707,model::modernbert_base,ModernBERT,42
744,1,7.929078726931493e-09,0,0.28302879089934707,model::modernbert_base,ModernBERT,42
261,0,1.7912532568331585e-09,0,0.28302879089934707,model::modernbert_base,ModernBERT,42
11958,0,2.592771775056235e-09,0,0.28302879089934707,model::modernbert_base,ModernBERT,42
12663,1,4.493240446379332e-09,0,0.28302879089934707,model::modernbert_base,ModernBERT,42
5696,1,5.090071475422064e-09,0,0.28302879089934707,model::modernbert_base,ModernBERT,42
7908,1,6.304826438707778e-09,0,0.28302879089934707,model::modernbert_base,ModernBERT,42
16295,0,3.870416875884075e-09,0,0.28302879089934707,model::modernbert_base,ModernBERT,42
254,1,7.760307063620075e-09,0,0.28302879089934707,model::modernbert_base,ModernBERT,42
5340,1,5.292311922033832e-09,0,0.28302879089934707,model::modernbert_base,ModernBERT,42
8001,0,1.3552233113500733e-08,0,0.28302879089934707,model::modernbert_base,ModernBERT,42
7354,1,5.712996742346377e-09,0,0.28302879089934707,model::modernbert_base,ModernBERT,42
7138,1,4.492452188031848e-09,0,0.28302879089934707,model::modernbert_base,ModernBERT,42
8105,1,2.986950020655854e-09,0,0.28302879089934707,model::modernbert_base,ModernBERT,42
6579,0,1.0718567144962776e-09,0,0.28302879089934707,model::modernbert_base,ModernBERT,42
7934,1,1.234627600155136e-08,0,0.28302879089934707,model::modernbert_base,ModernBERT,42
8606,1,1.0165130071015938e-08,0,0.28302879089934707,model::modernbert_base,ModernBERT,42
7600,0,3.838275919321177e-09,0,0.28302879089934707,model::modernbert_base,ModernBERT,42
16101,1,1.0982806664117106e-08,0,0.28302879089934707,model::modernbert_base,ModernBERT,42
1203,0,1.7666200724519854e-09,0,0.28302879089934707,model::modernbert_base,ModernBERT,42
5057,0,2.564163992246904e-09,0,0.28302879089934707,model::modernbert_base,ModernBERT,42
12089,0,4.491972127596e-09,0,0.28302879089934707,model::modernbert_base,ModernBERT,42
4527,1,2.343783123137655e-08,0,0.28302879089934707,model::modernbert_base,ModernBERT,42
9382,1,1.7061909218796245e-08,0,0.28302879089934707,model::modernbert_base,ModernBERT,42
13521,1,6.867269419785771e-09,0,0.28302879089934707,model::modernbert_base,ModernBERT,42
3108,1,1.2051445175131903e-08,0,0.28302879089934707,model::modernbert_base,ModernBERT,42
8712,0,0.0003068536170758307,0,0.28302879089934707,model::modernbert_base,ModernBERT,42
19949,1,5.24244025967846e-09,0,0.28302879089934707,model::modernbert_base,ModernBERT,42
577,1,6.17669204672211e-09,0,0.28302879089934707,model::modernbert_base,ModernBERT,42
2039,0,2.002912058429729e-09,0,0.28302879089934707,model::modernbert_base,ModernBERT,42
17193,0,8.340821366914497e-09,0,0.28302879089934707,model::modernbert_base,ModernBERT,42
14350,1,9.613822626874935e-09,0,0.28302879089934707,model::modernbert_base,ModernBERT,42
19730,1,1.3672625698291085e-08,0,0.28302879089934707,model::modernbert_base,ModernBERT,42
20960,1,4.218819515955374e-09,0,0.28302879089934707,model::modernbert_base,ModernBERT,42
2547,1,5.915847811621688e-09,0,0.28302879089934707,model::modernbert_base,ModernBERT,42
13601,0,3.627692635177482e-08,0,0.28302879089934707,model::modernbert_base,ModernBERT,42
5423,0,4.498008188136282e-09,0,0.28302879089934707,model::modernbert_base,ModernBERT,42
13210,0,1.2434656637694275e-09,0,0.28302879089934707,model::modernbert_base,ModernBERT,42
18396,1,9.175463056010358e-09,0,0.28302879089934707,model::modernbert_base,ModernBERT,42
6019,0,4.5383647950814066e-09,0,0.28302879089934707,model::modernbert_base,ModernBERT,42
2872,0,2.664142906283473e-09,0,0.28302879089934707,model::modernbert_base,ModernBERT,42
6204,0,4.274244513879921e-09,0,0.28302879089934707,model::modernbert_base,ModernBERT,42
9717,1,3.2989577736231013e-09,0,0.28302879089934707,model::modernbert_base,ModernBERT,42
3733,0,4.168857703490403e-09,0,0.28302879089934707,model::modernbert_base,ModernBERT,42
3150,1,2.2121133813612914e-09,0,0.28302879089934707,model::modernbert_base,ModernBERT,42
12007,0,8.842206966619415e-08,0,0.28302879089934707,model::modernbert_base,ModernBERT,42
20412,0,1.3740748538992875e-09,0,0.28302879089934707,model::modernbert_base,ModernBERT,42
10966,1,3.3115219455481792e-09,0,0.28302879089934707,model::modernbert_base,ModernBERT,42
15297,1,7.196630846806329e-09,0,0.28302879089934707,model::modernbert_base,ModernBERT,42
8581,0,2.399953569209856e-09,0,0.28302879089934707,model::modernbert_base,ModernBERT,42
9247,1,3.28342730782083e-09,0,0.28302879089934707,model::modernbert_base,ModernBERT,42
20802,1,4.392822994248036e-09,0,0.28302879089934707,model::modernbert_base,ModernBERT,42
11856,0,1.035435559515463e-08,0,0.28302879089934707,model::modernbert_base,ModernBERT,42
16750,0,1.9764914149789092e-09,0,0.28302879089934707,model::modernbert_base,ModernBERT,42
14447,1,8.367479154003377e-09,0,0.28302879089934707,model::modernbert_base,ModernBERT,42
599,1,6.0374425459031045e-09,0,0.28302879089934707,model::modernbert_base,ModernBERT,42
19339,1,2.3543602623021798e-09,0,0.28302879089934707,model::modernbert_base,ModernBERT,42
20904,0,2.8900857262925683e-09,0,0.28302879089934707,model::modernbert_base,ModernBERT,42
18860,1,1.14979465948295e-08,0,0.28302879089934707,model::modernbert_base,ModernBERT,42
7349,0,1.3567019729876506e-09,0,0.28302879089934707,model::modernbert_base,ModernBERT,42
12739,0,6.44067865707143e-09,0,0.28302879089934707,model::modernbert_base,ModernBERT,42
1732,0,1.064488053259538e-08,0,0.28302879089934707,model::modernbert_base,ModernBERT,42
9070,1,9.835090075682729e-09,0,0.28302879089934707,model::modernbert_base,ModernBERT,42
20274,0,3.1943931944056203e-09,0,0.28302879089934707,model::modernbert_base,ModernBERT,42
16439,1,6.315092448971882e-09,0,0.28302879089934707,model::modernbert_base,ModernBERT,42
9723,0,2.2671144961350365e-08,0,0.28302879089934707,model::modernbert_base,ModernBERT,42
15367,0,6.157412801854889e-09,0,0.28302879089934707,model::modernbert_base,ModernBERT,42
21113,0,4.3817502159981814e-07,0,0.28302879089934707,model::modernbert_base,ModernBERT,42
12151,1,1.919174685838243e-08,0,0.28302879089934707,model::modernbert_base,ModernBERT,42
4476,1,5.102795963551898e-09,0,0.28302879089934707,model::modernbert_base,ModernBERT,42
8093,1,1.1807038013955662e-08,0,0.28302879089934707,model::modernbert_base,ModernBERT,42
6237,0,2.5848418960805475e-09,0,0.28302879089934707,model::modernbert_base,ModernBERT,42
19531,1,7.262030976562528e-09,0,0.28302879089934707,model::modernbert_base,ModernBERT,42
5192,0,1.6143348879893438e-09,0,0.28302879089934707,model::modernbert_base,ModernBERT,42
16725,1,6.558283693891553e-09,0,0.28302879089934707,model::modernbert_base,ModernBERT,42
7744,1,1.1768412022661323e-08,0,0.28302879089934707,model::modernbert_base,ModernBERT,42
9746,0,2.437649637698769e-09,0,0.28302879089934707,model::modernbert_base,ModernBERT,42
2397,1,8.25204793386547e-09,0,0.28302879089934707,model::modernbert_base,ModernBERT,42
3746,0,3.6082585808117074e-09,0,0.28302879089934707,model::modernbert_base,ModernBERT,42
5190,0,2.896398898499797e-09,0,0.28302879089934707,model::modernbert_base,ModernBERT,42
19360,0,2.0091210899408907e-06,0,0.28302879089934707,model::modernbert_base,ModernBERT,42
5879,1,5.070323716438452e-09,0,0.28302879089934707,model::modernbert_base,ModernBERT,42
11527,1,1.087848122693913e-08,0,0.28302879089934707,model::modernbert_base,ModernBERT,42
2187,0,8.452796240732141e-10,0,0.28302879089934707,model::modernbert_base,ModernBERT,42
12869,0,4.476738979519723e-09,0,0.28302879089934707,model::modernbert_base,ModernBERT,42
5091,1,7.745711627649143e-09,0,0.28302879089934707,model::modernbert_base,ModernBERT,42
14152,1,5.875836706081827e-09,0,0.28302879089934707,model::modernbert_base,ModernBERT,42
20776,0,2.112505059770342e-09,0,0.28302879089934707,model::modernbert_base,ModernBERT,42
20518,1,1.5348435411510764e-08,0,0.28302879089934707,model::modernbert_base,ModernBERT,42
8641,1,8.610463453351258e-09,0,0.28302879089934707,model::modernbert_base,ModernBERT,42
11128,1,9.678954526748385e-09,0,0.28302879089934707,model::modernbert_base,ModernBERT,42
12306,0,3.884320420866061e-09,0,0.28302879089934707,model::modernbert_base,ModernBERT,42
8675,1,5.256517887630707e-09,0,0.28302879089934707,model::modernbert_base,ModernBERT,42
16643,1,6.557620668701247e-09,0,0.28302879089934707,model::modernbert_base,ModernBERT,42
16124,0,1.0709928055518958e-08,0,0.28302879089934707,model::modernbert_base,ModernBERT,42
5838,0,6.5236505086829766e-09,0,0.28302879089934707,model::modernbert_base,ModernBERT,42
8821,1,4.95680119172448e-09,0,0.28302879089934707,model::modernbert_base,ModernBERT,42
13942,1,1.6095762944701164e-08,0,0.28302879089934707,model::modernbert_base,ModernBERT,42
7149,1,3.85751963705161e-09,0,0.28302879089934707,model::modernbert_base,ModernBERT,42
6690,1,2.4967519163254792e-09,0,0.28302879089934707,model::modernbert_base,ModernBERT,42
18207,0,2.8777437321991783e-08,0,0.28302879089934707,model::modernbert_base,ModernBERT,42
20961,0,2.3012345362616315e-09,0,0.28302879089934707,model::modernbert_base,ModernBERT,42
7895,1,2.2868784643748086e-09,0,0.28302879089934707,model::modernbert_base,ModernBERT,42
18853,1,1.6910671973846547e-08,0,0.28302879089934707,model::modernbert_base,ModernBERT,42
17705,0,9.115492360933786e-09,0,0.28302879089934707,model::modernbert_base,ModernBERT,42
19169,0,4.171498257932171e-09,0,0.28302879089934707,model::modernbert_base,ModernBERT,42
17658,1,8.740771662019142e-09,0,0.28302879089934707,model::modernbert_base,ModernBERT,42
13277,0,1.4255568281384967e-08,0,0.28302879089934707,model::modernbert_base,ModernBERT,42
20062,1,1.6755439702365038e-08,0,0.28302879089934707,model::modernbert_base,ModernBERT,42
16652,1,6.991303536096893e-09,0,0.28302879089934707,model::modernbert_base,ModernBERT,42
11093,0,2.2608002137047833e-09,0,0.28302879089934707,model::modernbert_base,ModernBERT,42
12262,0,1.6294621207890714e-09,0,0.28302879089934707,model::modernbert_base,ModernBERT,42
3119,1,5.441572969999697e-09,0,0.28302879089934707,model::modernbert_base,ModernBERT,42
17297,0,3.170773865690535e-09,0,0.28302879089934707,model::modernbert_base,ModernBERT,42
10638,1,4.22641432962223e-09,0,0.28302879089934707,model::modernbert_base,ModernBERT,42
2783,1,7.177302308036815e-09,0,0.28302879089934707,model::modernbert_base,ModernBERT,42
14032,0,2.8750102298857882e-09,0,0.28302879089934707,model::modernbert_base,ModernBERT,42
14851,0,2.3403512461328546e-09,0,0.28302879089934707,model::modernbert_base,ModernBERT,42
12174,0,1.914921332613062e-09,0,0.28302879089934707,model::modernbert_base,ModernBERT,42
2004,1,3.747291188460622e-08,0,0.28302879089934707,model::modernbert_base,ModernBERT,42
18219,1,5.3753668183276204e-09,0,0.28302879089934707,model::modernbert_base,ModernBERT,42
8168,0,4.563015298941764e-09,0,0.28302879089934707,model::modernbert_base,ModernBERT,42
20316,0,2.2409059052819202e-09,0,0.28302879089934707,model::modernbert_base,ModernBERT,42
4844,0,2.0610750883776063e-09,0,0.28302879089934707,model::modernbert_base,ModernBERT,42
11474,1,5.770909972113714e-09,0,0.28302879089934707,model::modernbert_base,ModernBERT,42
10047,0,9.890528396283571e-09,0,0.28302879089934707,model::modernbert_base,ModernBERT,42
5861,1,2.271473142911873e-08,0,0.28302879089934707,model::modernbert_base,ModernBERT,42
9226,1,9.368076092641786e-09,0,0.28302879089934707,model::modernbert_base,ModernBERT,42
20898,0,3.370356216336745e-09,0,0.28302879089934707,model::modernbert_base,ModernBERT,42
569,0,5.204958242188695e-09,0,0.28302879089934707,model::modernbert_base,ModernBERT,42
4565,0,6.295789667376539e-09,0,0.28302879089934707,model::modernbert_base,ModernBERT,42
7145,1,5.874234432212688e-09,0,0.28302879089934707,model::modernbert_base,ModernBERT,42
11649,1,4.739999948100149e-09,0,0.28302879089934707,model::modernbert_base,ModernBERT,42
13929,1,7.2119656913116614e-09,0,0.28302879089934707,model::modernbert_base,ModernBERT,42
3753,1,8.810200569087101e-09,0,0.28302879089934707,model::modernbert_base,ModernBERT,42
15158,1,7.79068010103856e-09,0,0.28302879089934707,model::modernbert_base,ModernBERT,42
16218,1,3.72481401278435e-09,0,0.28302879089934707,model::modernbert_base,ModernBERT,42
20386,1,4.51889548003237e-09,0,0.28302879089934707,model::modernbert_base,ModernBERT,42
17498,0,6.272273811447349e-09,0,0.28302879089934707,model::modernbert_base,ModernBERT,42
2167,0,3.53358132088033e-07,0,0.28302879089934707,model::modernbert_base,ModernBERT,42
2243,0,8.983074728519114e-09,0,0.28302879089934707,model::modernbert_base,ModernBERT,42
10786,0,1.6027071891855371e-09,0,0.28302879089934707,model::modernbert_base,ModernBERT,42
3657,0,1.0416658113854282e-07,0,0.28302879089934707,model::modernbert_base,ModernBERT,42
3062,1,3.3785947373132785e-09,0,0.28302879089934707,model::modernbert_base,ModernBERT,42
4628,0,3.283464833359062e-09,0,0.28302879089934707,model::modernbert_base,ModernBERT,42
9579,1,7.428178516732942e-09,0,0.28302879089934707,model::modernbert_base,ModernBERT,42
2333,1,1.1631749785578904e-08,0,0.28302879089934707,model::modernbert_base,ModernBERT,42
20319,0,3.078411303647499e-09,0,0.28302879089934707,model::modernbert_base,ModernBERT,42
16926,1,1.3004102683566998e-08,0,0.28302879089934707,model::modernbert_base,ModernBERT,42
6800,1,7.924663592007164e-09,0,0.28302879089934707,model::modernbert_base,ModernBERT,42
5003,0,1.2789501679932869e-09,0,0.28302879089934707,model::modernbert_base,ModernBERT,42
12074,1,6.2203295847496065e-09,0,0.28302879089934707,model::modernbert_base,ModernBERT,42
6804,0,1.6002024150196803e-09,0,0.28302879089934707,model::modernbert_base,ModernBERT,42
10891,1,7.84787523855357e-09,0,0.28302879089934707,model::modernbert_base,ModernBERT,42
12606,1,1.4172635509623888e-08,0,0.28302879089934707,model::modernbert_base,ModernBERT,42
4490,0,3.50399442794469e-09,0,0.28302879089934707,model::modernbert_base,ModernBERT,42
9963,1,5.418001602919276e-09,0,0.28302879089934707,model::modernbert_base,ModernBERT,42
3158,0,1.9114727578539714e-09,0,0.28302879089934707,model::modernbert_base,ModernBERT,42
16831,1,5.291968641074618e-09,0,0.28302879089934707,model::modernbert_base,ModernBERT,42
2875,1,1.0731623589776973e-08,0,0.28302879089934707,model::modernbert_base,ModernBERT,42
7424,1,5.705036443259814e-09,0,0.28302879089934707,model::modernbert_base,ModernBERT,42
3520,0,2.4604682735684946e-09,0,0.28302879089934707,model::modernbert_base,ModernBERT,42
13077,0,3.243726176549444e-09,0,0.28302879089934707,model::modernbert_base,ModernBERT,42
10020,1,1.0348887080624536e-08,0,0.28302879089934707,model::modernbert_base,ModernBERT,42
18236,1,3.1101632380625688e-09,0,0.28302879089934707,model::modernbert_base,ModernBERT,42
12740,1,2.6423569998712537e-09,0,0.28302879089934707,model::modernbert_base,ModernBERT,42
626,1,7.809723534535351e-09,0,0.28302879089934707,model::modernbert_base,ModernBERT,42
5714,1,6.784610206977959e-09,0,0.28302879089934707,model::modernbert_base,ModernBERT,42
13642,1,2.5538406944747294e-09,0,0.28302879089934707,model::modernbert_base,ModernBERT,42
18508,1,1.1606839933619995e-08,0,0.28302879089934707,model::modernbert_base,ModernBERT,42
3639,1,1.4240458590109029e-08,0,0.28302879089934707,model::modernbert_base,ModernBERT,42
15024,0,1.9171322307443006e-09,0,0.28302879089934707,model::modernbert_base,ModernBERT,42
15804,1,6.0249494282516025e-09,0,0.28302879089934707,model::modernbert_base,ModernBERT,42
614,1,1.0177837239666587e-08,0,0.28302879089934707,model::modernbert_base,ModernBERT,42
21007,0,1.310129005283045e-09,0,0.28302879089934707,model::modernbert_base,ModernBERT,42
48,0,2.9557343239616785e-09,0,0.28302879089934707,model::modernbert_base,ModernBERT,42
4659,0,3.849398133581872e-09,0,0.28302879089934707,model::modernbert_base,ModernBERT,42
2451,0,3.3120841624878494e-09,0,0.28302879089934707,model::modernbert_base,ModernBERT,42
20014,1,5.616020537502209e-09,0,0.28302879089934707,model::modernbert_base,ModernBERT,42
16523,1,1.075988809162709e-08,0,0.28302879089934707,model::modernbert_base,ModernBERT,42
7588,0,3.7411616027327455e-09,0,0.28302879089934707,model::modernbert_base,ModernBERT,42
10690,0,2.2163366697469655e-09,0,0.28302879089934707,model::modernbert_base,ModernBERT,42
11707,1,3.3463931625732357e-09,0,0.28302879089934707,model::modernbert_base,ModernBERT,42
7072,0,2.4580197877099863e-09,0,0.28302879089934707,model::modernbert_base,ModernBERT,42
2583,1,6.410296737868748e-09,0,0.28302879089934707,model::modernbert_base,ModernBERT,42
14906,1,2.744915050811869e-08,0,0.28302879089934707,model::modernbert_base,ModernBERT,42
7454,1,5.472454489563461e-09,0,0.28302879089934707,model::modernbert_base,ModernBERT,42
8783,1,3.5301364054163287e-09,0,0.28302879089934707,model::modernbert_base,ModernBERT,42
6422,0,1.243905671799439e-07,0,0.28302879089934707,model::modernbert_base,ModernBERT,42
7361,1,2.4789585495454958e-08,0,0.28302879089934707,model::modernbert_base,ModernBERT,42
10470,0,6.266127616783024e-09,0,0.28302879089934707,model::modernbert_base,ModernBERT,42
13196,1,3.2166176389125667e-09,0,0.28302879089934707,model::modernbert_base,ModernBERT,42
8823,0,1.4180306928679443e-09,0,0.28302879089934707,model::modernbert_base,ModernBERT,42
13026,0,2.9459861217162597e-09,0,0.28302879089934707,model::modernbert_base,ModernBERT,42
6243,1,8.009791940821742e-09,0,0.28302879089934707,model::modernbert_base,ModernBERT,42
11626,0,3.2566329632999214e-09,0,0.28302879089934707,model::modernbert_base,ModernBERT,42
4722,0,2.834072976298785e-09,0,0.28302879089934707,model::modernbert_base,ModernBERT,42
9105,0,1.6228679511343103e-09,0,0.28302879089934707,model::modernbert_base,ModernBERT,42
7276,1,2.6729534141622935e-09,0,0.28302879089934707,model::modernbert_base,ModernBERT,42
13624,0,3.3369662588711435e-09,0,0.28302879089934707,model::modernbert_base,ModernBERT,42
1294,0,2.4919704078030236e-09,0,0.28302879089934707,model::modernbert_base,ModernBERT,42
2762,1,4.719431512256733e-09,0,0.28302879089934707,model::modernbert_base,ModernBERT,42
11880,1,8.04270605669899e-09,0,0.28302879089934707,model::modernbert_base,ModernBERT,42
9542,1,5.233159239281804e-09,0,0.28302879089934707,model::modernbert_base,ModernBERT,42
354,1,1.343472000314705e-08,0,0.28302879089934707,model::modernbert_base,ModernBERT,42
11301,0,9.490627661534745e-08,0,0.28302879089934707,model::modernbert_base,ModernBERT,42
20095,0,4.744857395877489e-09,0,0.28302879089934707,model::modernbert_base,ModernBERT,42
17999,1,2.4258686170952615e-09,0,0.28302879089934707,model::modernbert_base,ModernBERT,42
2645,1,4.057330471596288e-09,0,0.28302879089934707,model::modernbert_base,ModernBERT,42
2234,1,6.851177403177644e-09,0,0.28302879089934707,model::modernbert_base,ModernBERT,42
11688,1,8.637653259313538e-09,0,0.28302879089934707,model::modernbert_base,ModernBERT,42
10725,0,8.124957275867928e-06,0,0.28302879089934707,model::modernbert_base,ModernBERT,42
6916,0,1.968545548791667e-09,0,0.28302879089934707,model::modernbert_base,ModernBERT,42
9011,1,9.533059674993183e-09,0,0.28302879089934707,model::modernbert_base,ModernBERT,42
18464,0,2.140384758320124e-09,0,0.28302879089934707,model::modernbert_base,ModernBERT,42
19953,0,5.738453268122612e-09,0,0.28302879089934707,model::modernbert_base,ModernBERT,42
8233,0,1.5448637924464492e-09,0,0.28302879089934707,model::modernbert_base,ModernBERT,42
3981,0,2.9006351098814775e-08,0,0.28302879089934707,model::modernbert_base,ModernBERT,42
9752,1,2.0171124770484994e-09,0,0.28302879089934707,model::modernbert_base,ModernBERT,42
4575,0,1.2118029912855377e-09,0,0.28302879089934707,model::modernbert_base,ModernBERT,42
14558,0,4.464673075688097e-09,0,0.28302879089934707,model::modernbert_base,ModernBERT,42
11928,0,1.7605014113186712e-09,0,0.28302879089934707,model::modernbert_base,ModernBERT,42
4444,0,2.496729223366856e-08,0,0.28302879089934707,model::modernbert_base,ModernBERT,42
18467,1,6.085932202637423e-09,0,0.28302879089934707,model::modernbert_base,ModernBERT,42
7606,0,1.255136772293497e-09,0,0.28302879089934707,model::modernbert_base,ModernBERT,42
18410,1,4.255429342236994e-09,0,0.28302879089934707,model::modernbert_base,ModernBERT,42
17983,1,3.0635276537793743e-09,0,0.28302879089934707,model::modernbert_base,ModernBERT,42
15930,1,5.234896516270737e-09,0,0.28302879089934707,model::modernbert_base,ModernBERT,42
7429,0,6.4964820190027694e-09,0,0.28302879089934707,model::modernbert_base,ModernBERT,42
7104,0,2.758149264536769e-09,0,0.28302879089934707,model::modernbert_base,ModernBERT,42
18949,1,6.465294521973419e-09,0,0.28302879089934707,model::modernbert_base,ModernBERT,42
10732,1,1.1105212749384918e-08,0,0.28302879089934707,model::modernbert_base,ModernBERT,42
10381,1,9.160582514766702e-09,0,0.28302879089934707,model::modernbert_base,ModernBERT,42
17604,0,1.1877911987312473e-09,0,0.28302879089934707,model::modernbert_base,ModernBERT,42
16909,1,2.5220663335545623e-09,0,0.28302879089934707,model::modernbert_base,ModernBERT,42
18975,1,5.429318772343095e-09,0,0.28302879089934707,model::modernbert_base,ModernBERT,42
7951,1,9.830607439198502e-09,0,0.28302879089934707,model::modernbert_base,ModernBERT,42
10647,0,5.692094262599312e-08,0,0.28302879089934707,model::modernbert_base,ModernBERT,42
11217,0,4.0166395365304197e-07,0,0.28302879089934707,model::modernbert_base,ModernBERT,42
4794,0,2.2528466203652897e-08,0,0.28302879089934707,model::modernbert_base,ModernBERT,42
17644,1,3.651608082577695e-08,0,0.28302879089934707,model::modernbert_base,ModernBERT,42
10081,1,8.423846509231225e-09,0,0.28302879089934707,model::modernbert_base,ModernBERT,42
16527,0,7.62628289407985e-08,0,0.28302879089934707,model::modernbert_base,ModernBERT,42
18750,1,2.4363169259800088e-08,0,0.28302879089934707,model::modernbert_base,ModernBERT,42
15382,1,4.908714767992706e-09,0,0.28302879089934707,model::modernbert_base,ModernBERT,42
4640,1,7.604811003147915e-09,0,0.28302879089934707,model::modernbert_base,ModernBERT,42
4407,0,6.5223564327254735e-09,0,0.28302879089934707,model::modernbert_base,ModernBERT,42
19782,0,2.6034361333415745e-09,0,0.28302879089934707,model::modernbert_base,ModernBERT,42
14288,1,1.0730518695822866e-08,0,0.28302879089934707,model::modernbert_base,ModernBERT,42
1967,0,3.022345040903929e-08,0,0.28302879089934707,model::modernbert_base,ModernBERT,42
9658,0,5.171549855020885e-09,0,0.28302879089934707,model::modernbert_base,ModernBERT,42
4808,0,7.014839376040527e-09,0,0.28302879089934707,model::modernbert_base,ModernBERT,42
5494,0,3.318521457629231e-09,0,0.28302879089934707,model::modernbert_base,ModernBERT,42
20622,0,5.368256061899501e-09,0,0.28302879089934707,model::modernbert_base,ModernBERT,42
7209,0,2.3302044738215955e-09,0,0.28302879089934707,model::modernbert_base,ModernBERT,42
10074,1,1.605985211483585e-08,0,0.28302879089934707,model::modernbert_base,ModernBERT,42
8835,0,2.4888069383166567e-09,0,0.28302879089934707,model::modernbert_base,ModernBERT,42
8186,0,1.25951105101052e-09,0,0.28302879089934707,model::modernbert_base,ModernBERT,42
6294,1,1.0182769294431182e-08,0,0.28302879089934707,model::modernbert_base,ModernBERT,42
5954,1,1.1155568913068237e-08,0,0.28302879089934707,model::modernbert_base,ModernBERT,42
20302,0,4.483446947034508e-09,0,0.28302879089934707,model::modernbert_base,ModernBERT,42
10236,1,4.717595647463213e-09,0,0.28302879089934707,model::modernbert_base,ModernBERT,42
11945,0,3.6784445711646185e-08,0,0.28302879089934707,model::modernbert_base,ModernBERT,42
12336,0,6.678380071178935e-09,0,0.28302879089934707,model::modernbert_base,ModernBERT,42
9515,1,8.703274545496242e-09,0,0.28302879089934707,model::modernbert_base,ModernBERT,42
8018,0,1.6159337201671065e-09,0,0.28302879089934707,model::modernbert_base,ModernBERT,42
12779,0,5.6193742992149964e-09,0,0.28302879089934707,model::modernbert_base,ModernBERT,42
17947,0,4.720277946290707e-09,0,0.28302879089934707,model::modernbert_base,ModernBERT,42
18792,1,5.9132645446879906e-09,0,0.28302879089934707,model::modernbert_base,ModernBERT,42
18321,1,1.3647899699265054e-08,0,0.28302879089934707,model::modernbert_base,ModernBERT,42
10611,1,8.336113133111667e-09,0,0.28302879089934707,model::modernbert_base,ModernBERT,42
16529,0,9.904554509887475e-09,0,0.28302879089934707,model::modernbert_base,ModernBERT,42
20670,0,2.4021884481584266e-09,0,0.28302879089934707,model::modernbert_base,ModernBERT,42
2198,1,5.318632201323226e-09,0,0.28302879089934707,model::modernbert_base,ModernBERT,42
14419,1,2.81557621661932e-09,0,0.28302879089934707,model::modernbert_base,ModernBERT,42
17089,0,4.615904547478067e-09,0,0.28302879089934707,model::modernbert_base,ModernBERT,42
5803,1,4.746622650486643e-09,0,0.28302879089934707,model::modernbert_base,ModernBERT,42
11159,1,9.297726144552598e-09,0,0.28302879089934707,model::modernbert_base,ModernBERT,42
4982,1,3.814731197593346e-09,0,0.28302879089934707,model::modernbert_base,ModernBERT,42
18079,0,1.3809349219684464e-09,0,0.28302879089934707,model::modernbert_base,ModernBERT,42
3152,1,2.1782675219128578e-08,0,0.28302879089934707,model::modernbert_base,ModernBERT,42
2813,0,1.1820152856500954e-08,0,0.28302879089934707,model::modernbert_base,ModernBERT,42
2818,1,5.012438020202126e-09,0,0.28302879089934707,model::modernbert_base,ModernBERT,42
9507,1,6.067734759085397e-09,0,0.28302879089934707,model::modernbert_base,ModernBERT,42
5872,1,1.2700561491385542e-08,0,0.28302879089934707,model::modernbert_base,ModernBERT,42
4366,1,1.3590958580778079e-08,0,0.28302879089934707,model::modernbert_base,ModernBERT,42
2432,1,7.746376873285499e-09,0,0.28302879089934707,model::modernbert_base,ModernBERT,42
6574,1,5.327668528565255e-09,0,0.28302879089934707,model::modernbert_base,ModernBERT,42
13861,0,2.4533546305605114e-09,0,0.28302879089934707,model::modernbert_base,ModernBERT,42
18835,0,4.742333192808701e-09,0,0.28302879089934707,model::modernbert_base,ModernBERT,42
1627,1,1.3707484924907476e-08,0,0.28302879089934707,model::modernbert_base,ModernBERT,42
5263,1,4.427529898265448e-09,0,0.28302879089934707,model::modernbert_base,ModernBERT,42
14743,1,2.573553103957238e-08,0,0.28302879089934707,model::modernbert_base,ModernBERT,42
7814,0,5.886493070761389e-09,0,0.28302879089934707,model::modernbert_base,ModernBERT,42
14849,1,1.130122040393644e-08,0,0.28302879089934707,model::modernbert_base,ModernBERT,42
8244,0,2.1678547845738194e-09,0,0.28302879089934707,model::modernbert_base,ModernBERT,42
12521,1,1.8315793326451058e-08,0,0.28302879089934707,model::modernbert_base,ModernBERT,42
19236,1,4.145988441450754e-09,0,0.28302879089934707,model::modernbert_base,ModernBERT,42
559,0,5.680042214351033e-09,0,0.28302879089934707,model::modernbert_base,ModernBERT,42
9711,1,7.980451854905368e-09,0,0.28302879089934707,model::modernbert_base,ModernBERT,42
14318,0,1.2049651942902528e-08,0,0.28302879089934707,model::modernbert_base,ModernBERT,42
9456,1,3.852835828155321e-09,0,0.28302879089934707,model::modernbert_base,ModernBERT,42
221,0,8.460123268605457e-09,0,0.28302879089934707,model::modernbert_base,ModernBERT,42
5404,0,2.7244513312041363e-09,0,0.28302879089934707,model::modernbert_base,ModernBERT,42
12978,0,5.0400577045195405e-09,0,0.28302879089934707,model::modernbert_base,ModernBERT,42
13785,0,1.6918608736204988e-08,0,0.28302879089934707,model::modernbert_base,ModernBERT,42
7045,0,7.0402143137471285e-06,0,0.28302879089934707,model::modernbert_base,ModernBERT,42
11761,1,7.426492754092351e-09,0,0.28302879089934707,model::modernbert_base,ModernBERT,42
10347,0,3.990949437593372e-08,0,0.28302879089934707,model::modernbert_base,ModernBERT,42
16541,1,1.543745220544679e-08,0,0.28302879089934707,model::modernbert_base,ModernBERT,42
12217,1,4.534696174118835e-09,0,0.28302879089934707,model::modernbert_base,ModernBERT,42
3789,0,2.152745093297881e-09,0,0.28302879089934707,model::modernbert_base,ModernBERT,42
8363,1,1.2248397851521986e-08,0,0.28302879089934707,model::modernbert_base,ModernBERT,42
17717,0,2.046385727538791e-09,0,0.28302879089934707,model::modernbert_base,ModernBERT,42
14020,0,2.460707637652604e-09,0,0.28302879089934707,model::modernbert_base,ModernBERT,42
7490,1,3.931629688480598e-09,0,0.28302879089934707,model::modernbert_base,ModernBERT,42
13316,1,1.3083067074148858e-08,0,0.28302879089934707,model::modernbert_base,ModernBERT,42
227,0,1.5114247631231592e-09,0,0.28302879089934707,model::modernbert_base,ModernBERT,42
17201,1,4.770110972884822e-09,0,0.28302879089934707,model::modernbert_base,ModernBERT,42
6356,0,2.14639439555242e-09,0,0.28302879089934707,model::modernbert_base,ModernBERT,42
1016,0,2.2323098924914575e-09,0,0.28302879089934707,model::modernbert_base,ModernBERT,42
10615,0,3.406931847749206e-09,0,0.28302879089934707,model::modernbert_base,ModernBERT,42
6432,1,2.8065256785225756e-09,0,0.28302879089934707,model::modernbert_base,ModernBERT,42
556,1,7.071718322038123e-09,0,0.28302879089934707,model::modernbert_base,ModernBERT,42
16230,0,2.0369927966612522e-09,0,0.28302879089934707,model::modernbert_base,ModernBERT,42
6959,0,1.0022758623051686e-08,0,0.28302879089934707,model::modernbert_base,ModernBERT,42
12216,1,1.6295367277763262e-09,0,0.28302879089934707,model::modernbert_base,ModernBERT,42
12314,1,2.3453839759213224e-08,0,0.28302879089934707,model::modernbert_base,ModernBERT,42
4822,0,1.4439711648606135e-08,0,0.28302879089934707,model::modernbert_base,ModernBERT,42
3986,1,9.282753232753294e-09,0,0.28302879089934707,model::modernbert_base,ModernBERT,42
10498,1,6.009547526275583e-09,0,0.28302879089934707,model::modernbert_base,ModernBERT,42
11207,1,4.3296952689786394e-09,0,0.28302879089934707,model::modernbert_base,ModernBERT,42
8885,1,5.5212381333547e-09,0,0.28302879089934707,model::modernbert_base,ModernBERT,42
11347,1,4.8548129960579445e-09,0,0.28302879089934707,model::modernbert_base,ModernBERT,42
16177,0,2.361132844796998e-09,0,0.28302879089934707,model::modernbert_base,ModernBERT,42
6396,0,5.313157025454984e-09,0,0.28302879089934707,model::modernbert_base,ModernBERT,42
14011,1,2.6582296364097147e-09,0,0.28302879089934707,model::modernbert_base,ModernBERT,42
8713,0,2.1466071142839382e-09,0,0.28302879089934707,model::modernbert_base,ModernBERT,42
6917,0,2.845724100808411e-09,0,0.28302879089934707,model::modernbert_base,ModernBERT,42
20398,0,1.2120895398481935e-09,0,0.28302879089934707,model::modernbert_base,ModernBERT,42
19976,0,2.5053574770339537e-09,0,0.28302879089934707,model::modernbert_base,ModernBERT,42
19008,1,3.5144627208438806e-09,0,0.28302879089934707,model::modernbert_base,ModernBERT,42
16593,1,1.9747401935887865e-08,0,0.28302879089934707,model::modernbert_base,ModernBERT,42
11248,0,4.200560788092389e-09,0,0.28302879089934707,model::modernbert_base,ModernBERT,42
20722,1,2.7573445748885206e-09,0,0.28302879089934707,model::modernbert_base,ModernBERT,42
1924,1,3.654553548670947e-09,0,0.28302879089934707,model::modernbert_base,ModernBERT,42
9501,0,7.1901959941556015e-09,0,0.28302879089934707,model::modernbert_base,ModernBERT,42
14798,1,1.379300940129724e-08,0,0.28302879089934707,model::modernbert_base,ModernBERT,42
16378,0,3.004353876789878e-09,0,0.28302879089934707,model::modernbert_base,ModernBERT,42
9953,0,2.3559640904835533e-09,0,0.28302879089934707,model::modernbert_base,ModernBERT,42
2778,0,2.8933397899777447e-09,0,0.28302879089934707,model::modernbert_base,ModernBERT,42
7289,1,5.5796971487609426e-09,0,0.28302879089934707,model::modernbert_base,ModernBERT,42
4511,1,9.284293334133054e-09,0,0.28302879089934707,model::modernbert_base,ModernBERT,42
14006,0,8.266730411321532e-09,0,0.28302879089934707,model::modernbert_base,ModernBERT,42
10111,0,3.0834357289677428e-09,0,0.28302879089934707,model::modernbert_base,ModernBERT,42
2281,0,4.337663561670979e-09,0,0.28302879089934707,model::modernbert_base,ModernBERT,42
12607,1,6.619511161432001e-09,0,0.28302879089934707,model::modernbert_base,ModernBERT,42
18157,0,4.327278801952161e-08,0,0.28302879089934707,model::modernbert_base,ModernBERT,42
17548,1,6.325242551952215e-09,0,0.28302879089934707,model::modernbert_base,ModernBERT,42
15779,1,1.8140392299414998e-08,0,0.28302879089934707,model::modernbert_base,ModernBERT,42
20594,0,3.139618565128899e-09,0,0.28302879089934707,model::modernbert_base,ModernBERT,42
15437,0,1.5754755722241498e-08,0,0.28302879089934707,model::modernbert_base,ModernBERT,42
11322,1,1.2108147373623979e-08,0,0.28302879089934707,model::modernbert_base,ModernBERT,42
18605,1,1.1118840959056797e-08,0,0.28302879089934707,model::modernbert_base,ModernBERT,42
21053,1,9.847478388280706e-09,0,0.28302879089934707,model::modernbert_base,ModernBERT,42
5662,1,6.723702039579393e-09,0,0.28302879089934707,model::modernbert_base,ModernBERT,42
11892,0,8.95249527843589e-08,0,0.28302879089934707,model::modernbert_base,ModernBERT,42
5775,1,6.1403602202858565e-09,0,0.28302879089934707,model::modernbert_base,ModernBERT,42
14139,1,7.715793337581545e-09,0,0.28302879089934707,model::modernbert_base,ModernBERT,42
19692,1,1.9872268275378246e-09,0,0.28302879089934707,model::modernbert_base,ModernBERT,42
4473,0,8.710697940728096e-09,0,0.28302879089934707,model::modernbert_base,ModernBERT,42
20647,1,1.0831751495743447e-08,0,0.28302879089934707,model::modernbert_base,ModernBERT,42
19921,1,6.170486344103665e-09,0,0.28302879089934707,model::modernbert_base,ModernBERT,42
16487,0,3.188630159911554e-08,0,0.28302879089934707,model::modernbert_base,ModernBERT,42
670,1,5.299069183450911e-09,0,0.28302879089934707,model::modernbert_base,ModernBERT,42
16860,0,5.318967044587453e-09,0,0.28302879089934707,model::modernbert_base,ModernBERT,42
6128,1,6.162864885084218e-09,0,0.28302879089934707,model::modernbert_base,ModernBERT,42
12790,0,2.6020063881304623e-09,0,0.28302879089934707,model::modernbert_base,ModernBERT,42
4849,0,2.964372303182472e-09,0,0.28302879089934707,model::modernbert_base,ModernBERT,42
18421,0,7.866428397562686e-09,0,0.28302879089934707,model::modernbert_base,ModernBERT,42
1477,0,3.4288489825229362e-09,0,0.28302879089934707,model::modernbert_base,ModernBERT,42
1422,0,4.400261044423814e-09,0,0.28302879089934707,model::modernbert_base,ModernBERT,42
11260,0,3.267694808073429e-07,0,0.28302879089934707,model::modernbert_base,ModernBERT,42
17332,0,1.807356575511676e-08,0,0.28302879089934707,model::modernbert_base,ModernBERT,42
3713,0,1.066593657839121e-08,0,0.28302879089934707,model::modernbert_base,ModernBERT,42
4360,0,2.150508437992471e-09,0,0.28302879089934707,model::modernbert_base,ModernBERT,42
14527,0,4.748433646284411e-09,0,0.28302879089934707,model::modernbert_base,ModernBERT,42
8526,1,2.4857767400021658e-08,0,0.28302879089934707,model::modernbert_base,ModernBERT,42
3101,0,2.0040289427925018e-08,0,0.28302879089934707,model::modernbert_base,ModernBERT,42
8673,1,1.1493056284450631e-08,0,0.28302879089934707,model::modernbert_base,ModernBERT,42
20321,0,3.537491721772312e-08,0,0.28302879089934707,model::modernbert_base,ModernBERT,42
2411,0,2.3760413636608746e-09,0,0.28302879089934707,model::modernbert_base,ModernBERT,42
15912,1,3.5164406941845527e-09,0,0.28302879089934707,model::modernbert_base,ModernBERT,42
16662,1,1.4318980667837877e-08,0,0.28302879089934707,model::modernbert_base,ModernBERT,42
12940,0,0.0859927162528038,0,0.28302879089934707,model::modernbert_base,ModernBERT,42
8926,1,1.5950625709137967e-08,0,0.28302879089934707,model::modernbert_base,ModernBERT,42
20423,0,4.206325510125453e-09,0,0.28302879089934707,model::modernbert_base,ModernBERT,42
6242,1,3.972462359058682e-09,0,0.28302879089934707,model::modernbert_base,ModernBERT,42
5924,0,3.309627683023564e-09,0,0.28302879089934707,model::modernbert_base,ModernBERT,42
14214,0,3.357780054003001e-09,0,0.28302879089934707,model::modernbert_base,ModernBERT,42
15557,1,1.2806107285712187e-08,0,0.28302879089934707,model::modernbert_base,ModernBERT,42
2667,0,2.5013706661525248e-09,0,0.28302879089934707,model::modernbert_base,ModernBERT,42
14287,0,3.5398051156931842e-09,0,0.28302879089934707,model::modernbert_base,ModernBERT,42
7373,0,2.267122045651604e-09,0,0.28302879089934707,model::modernbert_base,ModernBERT,42
8547,1,4.0276533219696375e-09,0,0.28302879089934707,model::modernbert_base,ModernBERT,42
3638,1,2.0725673621768692e-08,0,0.28302879089934707,model::modernbert_base,ModernBERT,42
6776,0,2.9476103780012863e-09,0,0.28302879089934707,model::modernbert_base,ModernBERT,42
17287,1,1.0000722028280506e-08,0,0.28302879089934707,model::modernbert_base,ModernBERT,42
2915,0,1.6946698488951029e-09,0,0.28302879089934707,model::modernbert_base,ModernBERT,42
18262,1,2.966431100759337e-09,0,0.28302879089934707,model::modernbert_base,ModernBERT,42
16617,1,1.6180965900502997e-08,0,0.28302879089934707,model::modernbert_base,ModernBERT,42
11524,1,9.702021408486416e-09,0,0.28302879089934707,model::modernbert_base,ModernBERT,42
11482,1,1.5585856161237643e-08,0,0.28302879089934707,model::modernbert_base,ModernBERT,42
7515,1,1.3413366417580619e-08,0,0.28302879089934707,model::modernbert_base,ModernBERT,42
16592,1,3.5332416992162052e-09,0,0.28302879089934707,model::modernbert_base,ModernBERT,42
1011,1,1.7922076267495868e-08,0,0.28302879089934707,model::modernbert_base,ModernBERT,42
18744,0,2.501728380011059e-09,0,0.28302879089934707,model::modernbert_base,ModernBERT,42
9419,0,1.2558982742660874e-09,0,0.28302879089934707,model::modernbert_base,ModernBERT,42
19969,0,8.644101257004877e-08,0,0.28302879089934707,model::modernbert_base,ModernBERT,42
11031,1,5.47064926692542e-09,0,0.28302879089934707,model::modernbert_base,ModernBERT,42
1336,1,1.7597594492713142e-09,0,0.28302879089934707,model::modernbert_base,ModernBERT,42
2976,1,7.56191109729798e-09,0,0.28302879089934707,model::modernbert_base,ModernBERT,42
9188,1,3.4907796653271816e-09,0,0.28302879089934707,model::modernbert_base,ModernBERT,42
4049,1,2.9301270298986992e-09,0,0.28302879089934707,model::modernbert_base,ModernBERT,42
19567,0,3.11910408612448e-09,0,0.28302879089934707,model::modernbert_base,ModernBERT,42
14807,1,1.2801955051600089e-08,0,0.28302879089934707,model::modernbert_base,ModernBERT,42
1257,1,6.149537323807408e-09,0,0.28302879089934707,model::modernbert_base,ModernBERT,42
20326,0,3.880210819318108e-09,0,0.28302879089934707,model::modernbert_base,ModernBERT,42
11605,0,2.3405655191766073e-09,0,0.28302879089934707,model::modernbert_base,ModernBERT,42
3365,0,2.4062192238716307e-09,0,0.28302879089934707,model::modernbert_base,ModernBERT,42
11378,0,3.1822611212817264e-09,0,0.28302879089934707,model::modernbert_base,ModernBERT,42
11665,1,8.21567613940033e-09,0,0.28302879089934707,model::modernbert_base,ModernBERT,42
5858,0,1.5591378188517524e-09,0,0.28302879089934707,model::modernbert_base,ModernBERT,42
10405,1,4.940189590740829e-09,0,0.28302879089934707,model::modernbert_base,ModernBERT,42
8205,1,8.412141205837997e-09,0,0.28302879089934707,model::modernbert_base,ModernBERT,42
14304,1,6.319623047090772e-09,0,0.28302879089934707,model::modernbert_base,ModernBERT,42
1405,1,1.5164644651122217e-08,0,0.28302879089934707,model::modernbert_base,ModernBERT,42
4561,0,8.19559531350933e-09,0,0.28302879089934707,model::modernbert_base,ModernBERT,42
15932,0,1.6160909277473934e-09,0,0.28302879089934707,model::modernbert_base,ModernBERT,42
18624,1,3.4355263078822418e-09,0,0.28302879089934707,model::modernbert_base,ModernBERT,42
265,1,9.866091055243942e-09,0,0.28302879089934707,model::modernbert_base,ModernBERT,42
19066,0,4.213409710018823e-08,0,0.28302879089934707,model::modernbert_base,ModernBERT,42
11126,0,4.3260161675107156e-08,0,0.28302879089934707,model::modernbert_base,ModernBERT,42
11701,1,9.607223461216563e-09,0,0.28302879089934707,model::modernbert_base,ModernBERT,42
5097,1,9.226743813428584e-09,0,0.28302879089934707,model::modernbert_base,ModernBERT,42
19427,1,3.809154769385259e-09,0,0.28302879089934707,model::modernbert_base,ModernBERT,42
7818,1,4.8705430799600435e-09,0,0.28302879089934707,model::modernbert_base,ModernBERT,42
1595,1,5.4129194460017516e-09,0,0.28302879089934707,model::modernbert_base,ModernBERT,42
15046,0,2.343063520982014e-08,0,0.28302879089934707,model::modernbert_base,ModernBERT,42
18178,1,1.7158050980015105e-08,0,0.28302879089934707,model::modernbert_base,ModernBERT,42
8753,0,1.0023479823928483e-09,0,0.28302879089934707,model::modernbert_base,ModernBERT,42
12835,1,4.936459685467298e-09,0,0.28302879089934707,model::modernbert_base,ModernBERT,42
15736,0,1.6526996438059882e-09,0,0.28302879089934707,model::modernbert_base,ModernBERT,42
18109,1,2.6034125966134525e-08,0,0.28302879089934707,model::modernbert_base,ModernBERT,42
13159,0,2.6842905676005557e-09,0,0.28302879089934707,model::modernbert_base,ModernBERT,42
7253,0,4.094891536965406e-08,0,0.28302879089934707,model::modernbert_base,ModernBERT,42
7729,0,3.547593152575246e-08,0,0.28302879089934707,model::modernbert_base,ModernBERT,42
19005,0,1.9963255493138377e-09,0,0.28302879089934707,model::modernbert_base,ModernBERT,42
2460,0,3.7132870112088767e-09,0,0.28302879089934707,model::modernbert_base,ModernBERT,42
18090,0,1.6761887433602851e-09,0,0.28302879089934707,model::modernbert_base,ModernBERT,42
2077,0,1.8650401223396784e-09,0,0.28302879089934707,model::modernbert_base,ModernBERT,42
4663,1,2.1892510915222374e-08,0,0.28302879089934707,model::modernbert_base,ModernBERT,42
16139,0,1.4039903684093247e-09,0,0.28302879089934707,model::modernbert_base,ModernBERT,42
10338,0,9.54244128159587e-10,0,0.28302879089934707,model::modernbert_base,ModernBERT,42
14067,1,8.375415028183397e-09,0,0.28302879089934707,model::modernbert_base,ModernBERT,42
1836,0,2.8739575164138387e-09,0,0.28302879089934707,model::modernbert_base,ModernBERT,42
2134,0,4.520145591158098e-09,0,0.28302879089934707,model::modernbert_base,ModernBERT,42
17561,0,1.8886450181554437e-09,0,0.28302879089934707,model::modernbert_base,ModernBERT,42
10345,0,5.418104631615961e-09,0,0.28302879089934707,model::modernbert_base,ModernBERT,42
3795,0,2.6379356476979865e-09,0,0.28302879089934707,model::modernbert_base,ModernBERT,42
12517,1,3.7098111249633803e-09,0,0.28302879089934707,model::modernbert_base,ModernBERT,42
16677,0,3.035376616722374e-09,0,0.28302879089934707,model::modernbert_base,ModernBERT,42
15460,0,3.0113014304333774e-09,0,0.28302879089934707,model::modernbert_base,ModernBERT,42
13065,1,7.426577575131432e-09,0,0.28302879089934707,model::modernbert_base,ModernBERT,42
1321,1,1.6005817116138132e-08,0,0.28302879089934707,model::modernbert_base,ModernBERT,42
20250,1,4.807055642430669e-09,0,0.28302879089934707,model::modernbert_base,ModernBERT,42
11640,1,2.3625474909749755e-09,0,0.28302879089934707,model::modernbert_base,ModernBERT,42
6580,1,6.991570433712013e-09,0,0.28302879089934707,model::modernbert_base,ModernBERT,42
6313,0,5.2800013250475786e-09,0,0.28302879089934707,model::modernbert_base,ModernBERT,42
11111,1,9.000431511196894e-09,0,0.28302879089934707,model::modernbert_base,ModernBERT,42
2475,0,3.660301839403246e-09,0,0.28302879089934707,model::modernbert_base,ModernBERT,42
10652,0,3.2304146024841884e-09,0,0.28302879089934707,model::modernbert_base,ModernBERT,42
13222,1,1.830933094026932e-08,0,0.28302879089934707,model::modernbert_base,ModernBERT,42
5277,1,1.501773105871962e-08,0,0.28302879089934707,model::modernbert_base,ModernBERT,42
21013,1,9.325734851017842e-09,0,0.28302879089934707,model::modernbert_base,ModernBERT,42
9,0,2.9310884830380246e-09,0,0.28302879089934707,model::modernbert_base,ModernBERT,42
20707,0,1.2915781333333598e-08,0,0.28302879089934707,model::modernbert_base,ModernBERT,42
10325,1,1.916453307160282e-08,0,0.28302879089934707,model::modernbert_base,ModernBERT,42
10768,0,2.7319653206347994e-09,0,0.28302879089934707,model::modernbert_base,ModernBERT,42
2987,0,3.2545093286984184e-09,0,0.28302879089934707,model::modernbert_base,ModernBERT,42
11122,1,7.0339045699086e-09,0,0.28302879089934707,model::modernbert_base,ModernBERT,42
15045,0,1.981900865644093e-09,0,0.28302879089934707,model::modernbert_base,ModernBERT,42
14538,0,3.152315519727722e-09,0,0.28302879089934707,model::modernbert_base,ModernBERT,42
413,0,1.5161252253648172e-09,0,0.28302879089934707,model::modernbert_base,ModernBERT,42
1205,0,1.7495586090987558e-09,0,0.28302879089934707,model::modernbert_base,ModernBERT,42
16379,0,1.5323855517834772e-09,0,0.28302879089934707,model::modernbert_base,ModernBERT,42
12654,0,2.4490953709488394e-09,0,0.28302879089934707,model::modernbert_base,ModernBERT,42
2629,0,4.318767121702649e-09,0,0.28302879089934707,model::modernbert_base,ModernBERT,42
4403,1,6.9531904678399314e-09,0,0.28302879089934707,model::modernbert_base,ModernBERT,42
19138,1,8.141703311537185e-09,0,0.28302879089934707,model::modernbert_base,ModernBERT,42
628,0,3.244914337230398e-09,0,0.28302879089934707,model::modernbert_base,ModernBERT,42
20890,1,8.74240591031139e-09,0,0.28302879089934707,model::modernbert_base,ModernBERT,42
20004,1,6.848734468434259e-09,0,0.28302879089934707,model::modernbert_base,ModernBERT,42
9947,0,3.44874422353314e-08,0,0.28302879089934707,model::modernbert_base,ModernBERT,42
16144,0,7.1727863648618495e-09,0,0.28302879089934707,model::modernbert_base,ModernBERT,42
17524,1,1.577225461346643e-08,0,0.28302879089934707,model::modernbert_base,ModernBERT,42
10217,0,2.8742863644737326e-09,0,0.28302879089934707,model::modernbert_base,ModernBERT,42
10363,0,2.3976122420776846e-08,0,0.28302879089934707,model::modernbert_base,ModernBERT,42
16001,1,6.43866426841555e-09,0,0.28302879089934707,model::modernbert_base,ModernBERT,42
3976,0,1.3004517462888998e-09,0,0.28302879089934707,model::modernbert_base,ModernBERT,42
1978,0,7.619199493547058e-09,0,0.28302879089934707,model::modernbert_base,ModernBERT,42
3445,0,3.2808669114814393e-09,0,0.28302879089934707,model::modernbert_base,ModernBERT,42
20953,0,4.369042017060565e-09,0,0.28302879089934707,model::modernbert_base,ModernBERT,42
17904,0,2.256509423759212e-09,0,0.28302879089934707,model::modernbert_base,ModernBERT,42
6409,0,1.6220758070062402e-09,0,0.28302879089934707,model::modernbert_base,ModernBERT,42
6020,0,1.5094670402504562e-07,0,0.28302879089934707,model::modernbert_base,ModernBERT,42
19041,1,7.625785336529134e-09,0,0.28302879089934707,model::modernbert_base,ModernBERT,42
2889,1,1.496243484666593e-08,0,0.28302879089934707,model::modernbert_base,ModernBERT,42
6607,0,2.755278449839693e-09,0,0.28302879089934707,model::modernbert_base,ModernBERT,42
19231,1,1.067523758280231e-08,0,0.28302879089934707,model::modernbert_base,ModernBERT,42
14736,0,2.6200042135826607e-09,0,0.28302879089934707,model::modernbert_base,ModernBERT,42
18719,1,1.1542595323987825e-08,0,0.28302879089934707,model::modernbert_base,ModernBERT,42
19248,1,1.3378515184570006e-08,0,0.28302879089934707,model::modernbert_base,ModernBERT,42
10087,1,3.40115979824418e-09,0,0.28302879089934707,model::modernbert_base,ModernBERT,42
7423,1,2.209049299040089e-08,0,0.28302879089934707,model::modernbert_base,ModernBERT,42
5009,1,8.882433455426053e-09,0,0.28302879089934707,model::modernbert_base,ModernBERT,42
18142,0,6.117447881592852e-09,0,0.28302879089934707,model::modernbert_base,ModernBERT,42
12644,0,5.2605628297897056e-08,0,0.28302879089934707,model::modernbert_base,ModernBERT,42
18889,1,7.384091116335867e-09,0,0.28302879089934707,model::modernbert_base,ModernBERT,42
9810,1,2.295961465392793e-08,0,0.28302879089934707,model::modernbert_base,ModernBERT,42
17310,0,4.730787317441809e-09,0,0.28302879089934707,model::modernbert_base,ModernBERT,42
5329,1,1.8281554048371618e-08,0,0.28302879089934707,model::modernbert_base,ModernBERT,42
15990,0,1.1814623723793716e-09,0,0.28302879089934707,model::modernbert_base,ModernBERT,42
18161,0,1.1869810911946388e-08,0,0.28302879089934707,model::modernbert_base,ModernBERT,42
20800,0,5.515743861650435e-09,0,0.28302879089934707,model::modernbert_base,ModernBERT,42
4388,0,1.1504960317765267e-09,0,0.28302879089934707,model::modernbert_base,ModernBERT,42
12997,0,2.68454613205904e-07,0,0.28302879089934707,model::modernbert_base,ModernBERT,42
15529,1,4.998156111213348e-09,0,0.28302879089934707,model::modernbert_base,ModernBERT,42
4515,0,2.236707814518013e-07,0,0.28302879089934707,model::modernbert_base,ModernBERT,42
8682,1,1.0079485690539514e-08,0,0.28302879089934707,model::modernbert_base,ModernBERT,42
1964,1,4.103155148982296e-08,0,0.28302879089934707,model::modernbert_base,ModernBERT,42
4004,1,1.0560651908519958e-08,0,0.28302879089934707,model::modernbert_base,ModernBERT,42
16870,0,2.434086043834327e-09,0,0.28302879089934707,model::modernbert_base,ModernBERT,42
9469,1,1.8660374578871597e-08,0,0.28302879089934707,model::modernbert_base,ModernBERT,42
16215,1,1.0042449538616438e-08,0,0.28302879089934707,model::modernbert_base,ModernBERT,42
2736,0,7.290245296331932e-09,0,0.28302879089934707,model::modernbert_base,ModernBERT,42
5536,0,3.0610103340933392e-09,0,0.28302879089934707,model::modernbert_base,ModernBERT,42
12685,0,2.8800650753169066e-09,0,0.28302879089934707,model::modernbert_base,ModernBERT,42
2266,0,2.996022097079276e-09,0,0.28302879089934707,model::modernbert_base,ModernBERT,42
13911,1,3.0193130218236774e-09,0,0.28302879089934707,model::modernbert_base,ModernBERT,42
6424,1,3.283364691242241e-09,0,0.28302879089934707,model::modernbert_base,ModernBERT,42
9668,0,3.4121410141807473e-09,0,0.28302879089934707,model::modernbert_base,ModernBERT,42
5980,1,4.387323926380304e-08,0,0.28302879089934707,model::modernbert_base,ModernBERT,42
13606,0,1.264510607335012e-09,0,0.28302879089934707,model::modernbert_base,ModernBERT,42
9254,0,2.064253878941713e-09,0,0.28302879089934707,model::modernbert_base,ModernBERT,42
14812,1,6.777212124831067e-09,0,0.28302879089934707,model::modernbert_base,ModernBERT,42
2368,0,9.628466024480531e-09,0,0.28302879089934707,model::modernbert_base,ModernBERT,42
1894,1,5.9650671069277905e-09,0,0.28302879089934707,model::modernbert_base,ModernBERT,42
14639,1,7.653120803752245e-09,0,0.28302879089934707,model::modernbert_base,ModernBERT,42
2984,0,1.8160581305437518e-07,0,0.28302879089934707,model::modernbert_base,ModernBERT,42
11783,0,2.944738897170396e-09,0,0.28302879089934707,model::modernbert_base,ModernBERT,42
12490,1,7.420319469986225e-09,0,0.28302879089934707,model::modernbert_base,ModernBERT,42
14023,1,4.343757353808542e-09,0,0.28302879089934707,model::modernbert_base,ModernBERT,42
2269,1,7.904314536233414e-09,0,0.28302879089934707,model::modernbert_base,ModernBERT,42
8015,0,3.0350988389216127e-09,0,0.28302879089934707,model::modernbert_base,ModernBERT,42
18677,0,2.815839339476156e-09,0,0.28302879089934707,model::modernbert_base,ModernBERT,42
5578,1,6.892083348475353e-09,0,0.28302879089934707,model::modernbert_base,ModernBERT,42
4643,1,1.0358484736627815e-08,0,0.28302879089934707,model::modernbert_base,ModernBERT,42
19156,1,1.6966339444479672e-08,0,0.28302879089934707,model::modernbert_base,ModernBERT,42
3206,0,2.3798122583684744e-07,0,0.28302879089934707,model::modernbert_base,ModernBERT,42
15428,1,1.1961446944042109e-08,0,0.28302879089934707,model::modernbert_base,ModernBERT,42
16131,0,1.3148628852377442e-09,0,0.28302879089934707,model::modernbert_base,ModernBERT,42
1989,0,1.0780820680622583e-08,0,0.28302879089934707,model::modernbert_base,ModernBERT,42
7293,1,5.351755483218312e-09,0,0.28302879089934707,model::modernbert_base,ModernBERT,42
18244,1,4.382362028820808e-09,0,0.28302879089934707,model::modernbert_base,ModernBERT,42
14079,1,7.796938206183768e-09,0,0.28302879089934707,model::modernbert_base,ModernBERT,42
7188,0,1.4709974038851215e-07,0,0.28302879089934707,model::modernbert_base,ModernBERT,42
20049,1,9.085480812132118e-09,0,0.28302879089934707,model::modernbert_base,ModernBERT,42
16956,1,3.4054701281149846e-09,0,0.28302879089934707,model::modernbert_base,ModernBERT,42
9372,1,2.4508864271410857e-08,0,0.28302879089934707,model::modernbert_base,ModernBERT,42
14968,1,6.900106708229714e-09,0,0.28302879089934707,model::modernbert_base,ModernBERT,42
11974,0,2.7593596296782152e-09,0,0.28302879089934707,model::modernbert_base,ModernBERT,42
11821,1,7.778816701886626e-09,0,0.28302879089934707,model::modernbert_base,ModernBERT,42
6134,1,9.74240954576544e-09,0,0.28302879089934707,model::modernbert_base,ModernBERT,42
375,1,6.895699122821952e-09,0,0.28302879089934707,model::modernbert_base,ModernBERT,42
18947,1,5.959347237904922e-09,0,0.28302879089934707,model::modernbert_base,ModernBERT,42
19941,1,5.675504954893995e-09,0,0.28302879089934707,model::modernbert_base,ModernBERT,42
7048,0,3.65781738231874e-09,0,0.28302879089934707,model::modernbert_base,ModernBERT,42
4931,0,3.620681532368053e-09,0,0.28302879089934707,model::modernbert_base,ModernBERT,42
19979,0,1.533098870076799e-09,0,0.28302879089934707,model::modernbert_base,ModernBERT,42
16265,0,2.9396489686916993e-09,0,0.28302879089934707,model::modernbert_base,ModernBERT,42
4125,0,9.8656203206815e-09,0,0.28302879089934707,model::modernbert_base,ModernBERT,42
3608,1,1.0373669034891009e-08,0,0.28302879089934707,model::modernbert_base,ModernBERT,42
3270,0,5.796580104799887e-09,0,0.28302879089934707,model::modernbert_base,ModernBERT,42
9878,0,3.7803911112632704e-09,0,0.28302879089934707,model::modernbert_base,ModernBERT,42
13799,0,5.29566435147899e-09,0,0.28302879089934707,model::modernbert_base,ModernBERT,42
2917,1,6.204972091694572e-09,0,0.28302879089934707,model::modernbert_base,ModernBERT,42
4199,0,1.698618667944629e-08,0,0.28302879089934707,model::modernbert_base,ModernBERT,42
8159,1,1.9864282663206723e-08,0,0.28302879089934707,model::modernbert_base,ModernBERT,42
10995,1,3.1979594528053212e-09,0,0.28302879089934707,model::modernbert_base,ModernBERT,42
20100,1,9.292265623628282e-09,0,0.28302879089934707,model::modernbert_base,ModernBERT,42
3459,1,7.909336297018399e-09,0,0.28302879089934707,model::modernbert_base,ModernBERT,42
10628,1,3.745260102050452e-09,0,0.28302879089934707,model::modernbert_base,ModernBERT,42
7777,0,8.849474930627821e-09,0,0.28302879089934707,model::modernbert_base,ModernBERT,42
16485,0,2.943458587978398e-09,0,0.28302879089934707,model::modernbert_base,ModernBERT,42
2338,1,4.792152008548101e-09,0,0.28302879089934707,model::modernbert_base,ModernBERT,42
239,0,2.842816426706918e-09,0,0.28302879089934707,model::modernbert_base,ModernBERT,42
9970,1,5.51854295594012e-09,0,0.28302879089934707,model::modernbert_base,ModernBERT,42
13792,1,3.031754625126837e-09,0,0.28302879089934707,model::modernbert_base,ModernBERT,42
20033,0,1.758994394585045e-09,0,0.28302879089934707,model::modernbert_base,ModernBERT,42
19476,0,3.924736535765305e-09,0,0.28302879089934707,model::modernbert_base,ModernBERT,42
8937,1,4.6319379443104935e-09,0,0.28302879089934707,model::modernbert_base,ModernBERT,42
7496,1,1.0304235686930951e-08,0,0.28302879089934707,model::modernbert_base,ModernBERT,42
16479,0,3.6322398422328206e-09,0,0.28302879089934707,model::modernbert_base,ModernBERT,42
3878,1,1.0680166084853226e-08,0,0.28302879089934707,model::modernbert_base,ModernBERT,42
8152,0,1.4079902257435606e-06,0,0.28302879089934707,model::modernbert_base,ModernBERT,42
4784,1,2.5643547285625345e-09,0,0.28302879089934707,model::modernbert_base,ModernBERT,42
11310,1,2.463719184220281e-08,0,0.28302879089934707,model::modernbert_base,ModernBERT,42
3739,0,5.510906397887538e-09,0,0.28302879089934707,model::modernbert_base,ModernBERT,42
3404,0,1.008023531312574e-08,0,0.28302879089934707,model::modernbert_base,ModernBERT,42
7311,1,6.70300970284643e-09,0,0.28302879089934707,model::modernbert_base,ModernBERT,42
7672,1,9.150628699217123e-09,0,0.28302879089934707,model::modernbert_base,ModernBERT,42
13190,0,3.3658980047590603e-09,0,0.28302879089934707,model::modernbert_base,ModernBERT,42
5887,0,5.9205773617065915e-09,0,0.28302879089934707,model::modernbert_base,ModernBERT,42
4656,0,1.4158416661302908e-09,0,0.28302879089934707,model::modernbert_base,ModernBERT,42
1535,1,6.442804068029773e-09,0,0.28302879089934707,model::modernbert_base,ModernBERT,42
6036,0,2.3912856139673977e-09,0,0.28302879089934707,model::modernbert_base,ModernBERT,42
8774,1,8.842658161256622e-09,0,0.28302879089934707,model::modernbert_base,ModernBERT,42
7379,0,1.6498210575477401e-09,0,0.28302879089934707,model::modernbert_base,ModernBERT,42
17063,1,7.726279172004524e-09,0,0.28302879089934707,model::modernbert_base,ModernBERT,42
9635,0,1.7453357648022916e-09,0,0.28302879089934707,model::modernbert_base,ModernBERT,42
5991,1,5.446058271019183e-09,0,0.28302879089934707,model::modernbert_base,ModernBERT,42
10222,1,2.020173361927391e-09,0,0.28302879089934707,model::modernbert_base,ModernBERT,42
242,0,1.1331562355110236e-09,0,0.28302879089934707,model::modernbert_base,ModernBERT,42
1440,0,1.6571251038044466e-09,0,0.28302879089934707,model::modernbert_base,ModernBERT,42
17866,1,9.82039338737195e-09,0,0.28302879089934707,model::modernbert_base,ModernBERT,42
6262,1,1.5907513528645723e-08,0,0.28302879089934707,model::modernbert_base,ModernBERT,42
525,0,1.575796271247043e-09,0,0.28302879089934707,model::modernbert_base,ModernBERT,42
6760,1,3.684959226646356e-09,0,0.28302879089934707,model::modernbert_base,ModernBERT,42
10757,0,1.6345087061608865e-08,0,0.28302879089934707,model::modernbert_base,ModernBERT,42
3745,1,1.1471309235844274e-08,0,0.28302879089934707,model::modernbert_base,ModernBERT,42
13302,1,8.659229777663313e-09,0,0.28302879089934707,model::modernbert_base,ModernBERT,42
2359,1,1.9278697749314233e-08,0,0.28302879089934707,model::modernbert_base,ModernBERT,42
2230,0,1.3824423827912824e-09,0,0.28302879089934707,model::modernbert_base,ModernBERT,42
8897,1,1.9583376698051325e-08,0,0.28302879089934707,model::modernbert_base,ModernBERT,42
11327,0,6.958419817237882e-06,0,0.28302879089934707,model::modernbert_base,ModernBERT,42
14905,0,1.2546892413922706e-09,0,0.28302879089934707,model::modernbert_base,ModernBERT,42
3485,0,2.909210650159366e-09,0,0.28302879089934707,model::modernbert_base,ModernBERT,42
1823,0,3.0593352295937848e-09,0,0.28302879089934707,model::modernbert_base,ModernBERT,42
151,0,4.658224916909148e-09,0,0.28302879089934707,model::modernbert_base,ModernBERT,42
8191,0,3.6028531269494124e-09,0,0.28302879089934707,model::modernbert_base,ModernBERT,42
17469,0,4.1486147850378075e-09,0,0.28302879089934707,model::modernbert_base,ModernBERT,42
3680,1,9.679878232304873e-09,0,0.28302879089934707,model::modernbert_base,ModernBERT,42
6676,1,5.0844435328656346e-09,0,0.28302879089934707,model::modernbert_base,ModernBERT,42
8994,0,8.218779434798762e-09,0,0.28302879089934707,model::modernbert_base,ModernBERT,42
12011,1,6.171287036949025e-09,0,0.28302879089934707,model::modernbert_base,ModernBERT,42
12375,1,5.007908754350865e-09,0,0.28302879089934707,model::modernbert_base,ModernBERT,42
18281,1,6.0260987311266945e-09,0,0.28302879089934707,model::modernbert_base,ModernBERT,42
2644,1,4.341222936687927e-09,0,0.28302879089934707,model::modernbert_base,ModernBERT,42
13136,1,2.9760369724129987e-09,0,0.28302879089934707,model::modernbert_base,ModernBERT,42
1455,1,9.263756872712747e-09,0,0.28302879089934707,model::modernbert_base,ModernBERT,42
12137,0,1.0530239791251006e-08,0,0.28302879089934707,model::modernbert_base,ModernBERT,42
17338,0,2.0241190945569087e-09,0,0.28302879089934707,model::modernbert_base,ModernBERT,42
16904,1,3.363446410276083e-09,0,0.28302879089934707,model::modernbert_base,ModernBERT,42
2775,1,4.371525808011256e-09,0,0.28302879089934707,model::modernbert_base,ModernBERT,42
19643,0,3.0600180167539293e-09,0,0.28302879089934707,model::modernbert_base,ModernBERT,42
9795,1,1.0148489160144436e-08,0,0.28302879089934707,model::modernbert_base,ModernBERT,42
11340,0,2.7112170286613946e-09,0,0.28302879089934707,model::modernbert_base,ModernBERT,42
5544,0,4.743952342067814e-09,0,0.28302879089934707,model::modernbert_base,ModernBERT,42
11826,0,4.305590994846398e-09,0,0.28302879089934707,model::modernbert_base,ModernBERT,42
10637,1,1.6233270727639137e-08,0,0.28302879089934707,model::modernbert_base,ModernBERT,42
13922,0,2.166428814120991e-09,0,0.28302879089934707,model::modernbert_base,ModernBERT,42
20767,0,7.609657792784219e-09,0,0.28302879089934707,model::modernbert_base,ModernBERT,42
6729,1,1.503730828744665e-08,0,0.28302879089934707,model::modernbert_base,ModernBERT,42
18053,1,4.998823577295752e-09,0,0.28302879089934707,model::modernbert_base,ModernBERT,42
7363,1,2.2279893485688262e-08,0,0.28302879089934707,model::modernbert_base,ModernBERT,42
17615,0,1.831882312508526e-09,0,0.28302879089934707,model::modernbert_base,ModernBERT,42
7070,0,3.9097787229991354e-09,0,0.28302879089934707,model::modernbert_base,ModernBERT,42
3221,1,4.740831727190198e-09,0,0.28302879089934707,model::modernbert_base,ModernBERT,42
20612,1,1.0780409454014261e-08,0,0.28302879089934707,model::modernbert_base,ModernBERT,42
13292,0,1.7533068330521928e-09,0,0.28302879089934707,model::modernbert_base,ModernBERT,42
11406,1,1.4151080307556185e-08,0,0.28302879089934707,model::modernbert_base,ModernBERT,42
8781,1,1.3827173184211006e-08,0,0.28302879089934707,model::modernbert_base,ModernBERT,42
2577,1,1.0470037281606892e-08,0,0.28302879089934707,model::modernbert_base,ModernBERT,42
18682,0,2.3014057326520287e-09,0,0.28302879089934707,model::modernbert_base,ModernBERT,42
17753,0,2.99102054235334e-09,0,0.28302879089934707,model::modernbert_base,ModernBERT,42
15451,0,1.6845153050226713e-09,0,0.28302879089934707,model::modernbert_base,ModernBERT,42
15590,1,6.725497492254817e-09,0,0.28302879089934707,model::modernbert_base,ModernBERT,42
3707,1,1.8196496753830615e-08,0,0.28302879089934707,model::modernbert_base,ModernBERT,42
11516,0,9.150855184714146e-09,0,0.28302879089934707,model::modernbert_base,ModernBERT,42
7453,1,4.670199338363545e-09,0,0.28302879089934707,model::modernbert_base,ModernBERT,42
7190,1,3.2715747888545366e-09,0,0.28302879089934707,model::modernbert_base,ModernBERT,42
5207,1,3.3905374063891713e-09,0,0.28302879089934707,model::modernbert_base,ModernBERT,42
19706,0,1.8358733422374485e-09,0,0.28302879089934707,model::modernbert_base,ModernBERT,42
8327,0,1.5418288867863339e-09,0,0.28302879089934707,model::modernbert_base,ModernBERT,42
19780,0,1.5390464458420183e-09,0,0.28302879089934707,model::modernbert_base,ModernBERT,42
10129,0,2.102479745857977e-09,0,0.28302879089934707,model::modernbert_base,ModernBERT,42
18764,0,8.934529560633564e-09,0,0.28302879089934707,model::modernbert_base,ModernBERT,42
15732,1,1.0743072209606908e-08,0,0.28302879089934707,model::modernbert_base,ModernBERT,42
8398,1,1.812610861406938e-08,0,0.28302879089934707,model::modernbert_base,ModernBERT,42
19062,1,1.5510648765371116e-08,0,0.28302879089934707,model::modernbert_base,ModernBERT,42
17138,0,6.389569318088206e-09,0,0.28302879089934707,model::modernbert_base,ModernBERT,42
17158,1,8.19304801780163e-09,0,0.28302879089934707,model::modernbert_base,ModernBERT,42
17888,0,1.7195259660596207e-09,0,0.28302879089934707,model::modernbert_base,ModernBERT,42
3309,1,1.038388397489598e-08,0,0.28302879089934707,model::modernbert_base,ModernBERT,42
19842,0,9.696545788528965e-09,0,0.28302879089934707,model::modernbert_base,ModernBERT,42
17826,0,1.5783110374201215e-09,0,0.28302879089934707,model::modernbert_base,ModernBERT,42
6246,0,2.0081143414785174e-09,0,0.28302879089934707,model::modernbert_base,ModernBERT,42
5116,0,2.205255089648972e-09,0,0.28302879089934707,model::modernbert_base,ModernBERT,42
16300,0,3.4755922584395194e-09,0,0.28302879089934707,model::modernbert_base,ModernBERT,42
10259,1,4.472633818863869e-09,0,0.28302879089934707,model::modernbert_base,ModernBERT,42
2526,0,2.7250541823065078e-09,0,0.28302879089934707,model::modernbert_base,ModernBERT,42
20569,1,1.2289513406926744e-08,0,0.28302879089934707,model::modernbert_base,ModernBERT,42
2697,1,6.151625875361333e-09,0,0.28302879089934707,model::modernbert_base,ModernBERT,42
18743,0,3.2427116547495416e-09,0,0.28302879089934707,model::modernbert_base,ModernBERT,42
2507,1,6.697514098874535e-09,0,0.28302879089934707,model::modernbert_base,ModernBERT,42
8194,0,1.4425719507826784e-09,0,0.28302879089934707,model::modernbert_base,ModernBERT,42
4381,1,3.842436591128262e-09,0,0.28302879089934707,model::modernbert_base,ModernBERT,42
7795,1,3.483702659679011e-09,0,0.28302879089934707,model::modernbert_base,ModernBERT,42
10061,0,3.807564041835576e-09,0,0.28302879089934707,model::modernbert_base,ModernBERT,42
4693,0,5.6325837327619865e-09,0,0.28302879089934707,model::modernbert_base,ModernBERT,42
3826,0,9.77132117441215e-07,0,0.28302879089934707,model::modernbert_base,ModernBERT,42
10152,0,5.181601370196631e-09,0,0.28302879089934707,model::modernbert_base,ModernBERT,42
16583,1,1.4492632871565547e-08,0,0.28302879089934707,model::modernbert_base,ModernBERT,42
18831,1,7.51283035782535e-09,0,0.28302879089934707,model::modernbert_base,ModernBERT,42
10597,0,3.5771141604357126e-09,0,0.28302879089934707,model::modernbert_base,ModernBERT,42
20401,1,5.36275024387578e-09,0,0.28302879089934707,model::modernbert_base,ModernBERT,42
13777,1,8.746008361981694e-09,0,0.28302879089934707,model::modernbert_base,ModernBERT,42
13654,1,5.006418835051818e-09,0,0.28302879089934707,model::modernbert_base,ModernBERT,42
8000,1,5.877394571029981e-09,0,0.28302879089934707,model::modernbert_base,ModernBERT,42
18174,1,8.332059486804155e-09,0,0.28302879089934707,model::modernbert_base,ModernBERT,42
19937,1,7.2332637657268606e-09,0,0.28302879089934707,model::modernbert_base,ModernBERT,42
10938,0,1.5916337137156233e-09,0,0.28302879089934707,model::modernbert_base,ModernBERT,42
2177,1,6.022720544507365e-09,0,0.28302879089934707,model::modernbert_base,ModernBERT,42
3002,0,7.2444747978295254e-09,0,0.28302879089934707,model::modernbert_base,ModernBERT,42
15913,0,3.834558892634732e-09,0,0.28302879089934707,model::modernbert_base,ModernBERT,42
12837,1,5.996632079785513e-09,0,0.28302879089934707,model::modernbert_base,ModernBERT,42
18327,1,7.549488145741634e-09,0,0.28302879089934707,model::modernbert_base,ModernBERT,42
9442,0,2.1362815960657144e-09,0,0.28302879089934707,model::modernbert_base,ModernBERT,42
124,0,1.5510345230396183e-09,0,0.28302879089934707,model::modernbert_base,ModernBERT,42
20857,0,2.5242128387503726e-09,0,0.28302879089934707,model::modernbert_base,ModernBERT,42
10349,1,5.008233383563265e-09,0,0.28302879089934707,model::modernbert_base,ModernBERT,42
610,0,1.5553872856344242e-08,0,0.28302879089934707,model::modernbert_base,ModernBERT,42
4769,0,2.629892525973787e-09,0,0.28302879089934707,model::modernbert_base,ModernBERT,42
13141,1,4.65122917958638e-09,0,0.28302879089934707,model::modernbert_base,ModernBERT,42
10987,1,4.090985772364775e-09,0,0.28302879089934707,model::modernbert_base,ModernBERT,42
19307,0,5.439663386397342e-09,0,0.28302879089934707,model::modernbert_base,ModernBERT,42
3091,0,2.8087856485115026e-09,0,0.28302879089934707,model::modernbert_base,ModernBERT,42
5725,0,1.6567774929754364e-09,0,0.28302879089934707,model::modernbert_base,ModernBERT,42
14337,1,1.4891429422903002e-08,0,0.28302879089934707,model::modernbert_base,ModernBERT,42
5596,0,3.1329665528545547e-09,0,0.28302879089934707,model::modernbert_base,ModernBERT,42
3771,1,4.230656713843928e-09,0,0.28302879089934707,model::modernbert_base,ModernBERT,42
9317,0,1.1361795948516829e-09,0,0.28302879089934707,model::modernbert_base,ModernBERT,42
15823,1,8.860047806535931e-09,0,0.28302879089934707,model::modernbert_base,ModernBERT,42
3948,0,1.1213059813997006e-08,0,0.28302879089934707,model::modernbert_base,ModernBERT,42
6310,1,2.9571680215667584e-08,0,0.28302879089934707,model::modernbert_base,ModernBERT,42
6088,0,1.8318613292933605e-09,0,0.28302879089934707,model::modernbert_base,ModernBERT,42
6962,0,4.231173189594983e-09,0,0.28302879089934707,model::modernbert_base,ModernBERT,42
19675,1,4.226229144421723e-09,0,0.28302879089934707,model::modernbert_base,ModernBERT,42
1569,1,1.9876296164511587e-08,0,0.28302879089934707,model::modernbert_base,ModernBERT,42
12189,0,2.676100896437106e-09,0,0.28302879089934707,model::modernbert_base,ModernBERT,42
17551,1,1.4081453336700633e-08,0,0.28302879089934707,model::modernbert_base,ModernBERT,42
9669,1,3.152874850087528e-09,0,0.28302879089934707,model::modernbert_base,ModernBERT,42
16953,1,5.275320180686549e-09,0,0.28302879089934707,model::modernbert_base,ModernBERT,42
11277,1,1.268093097195333e-08,0,0.28302879089934707,model::modernbert_base,ModernBERT,42
3740,0,1.0962380336820843e-08,0,0.28302879089934707,model::modernbert_base,ModernBERT,42
4848,0,7.034162052832471e-08,0,0.28302879089934707,model::modernbert_base,ModernBERT,42
9860,0,6.439277999703563e-09,0,0.28302879089934707,model::modernbert_base,ModernBERT,42
4686,0,1.3167225088039913e-09,0,0.28302879089934707,model::modernbert_base,ModernBERT,42
10203,1,3.004223714242471e-08,0,0.28302879089934707,model::modernbert_base,ModernBERT,42
10607,0,2.5550197513268813e-09,0,0.28302879089934707,model::modernbert_base,ModernBERT,42
7476,1,3.6472418418753705e-09,0,0.28302879089934707,model::modernbert_base,ModernBERT,42
2478,1,3.3656153419769907e-09,0,0.28302879089934707,model::modernbert_base,ModernBERT,42
5047,0,1.0344579637333595e-09,0,0.28302879089934707,model::modernbert_base,ModernBERT,42
13934,0,1.7328437573738142e-09,0,0.28302879089934707,model::modernbert_base,ModernBERT,42
13460,0,0.00019471917767077684,0,0.28302879089934707,model::modernbert_base,ModernBERT,42
8026,1,4.614099768929236e-09,0,0.28302879089934707,model::modernbert_base,ModernBERT,42
6166,0,2.8943776264611643e-09,0,0.28302879089934707,model::modernbert_base,ModernBERT,42
14031,0,8.002450613275869e-08,0,0.28302879089934707,model::modernbert_base,ModernBERT,42
2565,1,5.633808530802753e-09,0,0.28302879089934707,model::modernbert_base,ModernBERT,42
12486,1,3.9657095385337016e-09,0,0.28302879089934707,model::modernbert_base,ModernBERT,42
4621,0,1.3704655188462311e-09,0,0.28302879089934707,model::modernbert_base,ModernBERT,42
870,1,3.974076623336487e-09,0,0.28302879089934707,model::modernbert_base,ModernBERT,42
1840,1,3.001279935688217e-08,0,0.28302879089934707,model::modernbert_base,ModernBERT,42
2839,0,1.6521607415498352e-09,0,0.28302879089934707,model::modernbert_base,ModernBERT,42
7767,0,4.7130539471140764e-09,0,0.28302879089934707,model::modernbert_base,ModernBERT,42
14793,0,2.4489226202462078e-09,0,0.28302879089934707,model::modernbert_base,ModernBERT,42
5370,1,2.4995439051878066e-09,0,0.28302879089934707,model::modernbert_base,ModernBERT,42
13179,0,3.1800100330769965e-09,0,0.28302879089934707,model::modernbert_base,ModernBERT,42
13151,1,2.5286170934890606e-09,0,0.28302879089934707,model::modernbert_base,ModernBERT,42
18916,0,1.345427880217187e-09,0,0.28302879089934707,model::modernbert_base,ModernBERT,42
18199,0,1.4646855950317672e-09,0,0.28302879089934707,model::modernbert_base,ModernBERT,42
10364,0,1.5194407509966368e-08,0,0.28302879089934707,model::modernbert_base,ModernBERT,42
393,0,7.495925657963198e-09,0,0.28302879089934707,model::modernbert_base,ModernBERT,42
9570,0,5.038558459347087e-09,0,0.28302879089934707,model::modernbert_base,ModernBERT,42
229,1,4.857183988349334e-09,0,0.28302879089934707,model::modernbert_base,ModernBERT,42
12846,1,3.790925795499334e-09,0,0.28302879089934707,model::modernbert_base,ModernBERT,42
14257,0,3.823662275692641e-09,0,0.28302879089934707,model::modernbert_base,ModernBERT,42
2316,1,5.137160918877726e-09,0,0.28302879089934707,model::modernbert_base,ModernBERT,42
8820,1,3.362978118204296e-09,0,0.28302879089934707,model::modernbert_base,ModernBERT,42
1716,0,6.26039309281623e-09,0,0.28302879089934707,model::modernbert_base,ModernBERT,42
15157,0,2.8748237124176512e-09,0,0.28302879089934707,model::modernbert_base,ModernBERT,42
3297,1,7.853834915749758e-09,0,0.28302879089934707,model::modernbert_base,ModernBERT,42
2229,0,1.5539957098908985e-09,0,0.28302879089934707,model::modernbert_base,ModernBERT,42
18563,1,3.3349047967590195e-09,0,0.28302879089934707,model::modernbert_base,ModernBERT,42
6354,1,8.011916463601665e-09,0,0.28302879089934707,model::modernbert_base,ModernBERT,42
19632,0,1.7110263206276954e-09,0,0.28302879089934707,model::modernbert_base,ModernBERT,42
3157,0,8.352961913260515e-07,0,0.28302879089934707,model::modernbert_base,ModernBERT,42
8808,1,1.4592933972323863e-08,0,0.28302879089934707,model::modernbert_base,ModernBERT,42
15058,0,1.7401801111205373e-09,0,0.28302879089934707,model::modernbert_base,ModernBERT,42
6171,0,1.60517075187272e-08,0,0.28302879089934707,model::modernbert_base,ModernBERT,42
9116,0,1.8293857539930514e-09,0,0.28302879089934707,model::modernbert_base,ModernBERT,42
8213,1,5.617756038134303e-09,0,0.28302879089934707,model::modernbert_base,ModernBERT,42
8860,1,8.854371458255628e-09,0,0.28302879089934707,model::modernbert_base,ModernBERT,42
1673,1,4.559813415738745e-09,0,0.28302879089934707,model::modernbert_base,ModernBERT,42
5464,1,1.5486703475176e-08,0,0.28302879089934707,model::modernbert_base,ModernBERT,42
9624,0,2.359836326348841e-09,0,0.28302879089934707,model::modernbert_base,ModernBERT,42
5868,0,2.9093161213467056e-09,0,0.28302879089934707,model::modernbert_base,ModernBERT,42
4242,0,7.16247816612281e-09,0,0.28302879089934707,model::modernbert_base,ModernBERT,42
12906,0,2.232305673643964e-09,0,0.28302879089934707,model::modernbert_base,ModernBERT,42
10084,0,2.4053610214735954e-09,0,0.28302879089934707,model::modernbert_base,ModernBERT,42
3000,0,1.245236891378454e-08,0,0.28302879089934707,model::modernbert_base,ModernBERT,42
14235,0,2.3424902018120974e-09,0,0.28302879089934707,model::modernbert_base,ModernBERT,42
20644,0,5.724798857187352e-09,0,0.28302879089934707,model::modernbert_base,ModernBERT,42
4578,1,6.004162500516941e-09,0,0.28302879089934707,model::modernbert_base,ModernBERT,42
19505,0,2.64723998277816e-09,0,0.28302879089934707,model::modernbert_base,ModernBERT,42
3260,1,3.926099445550335e-09,0,0.28302879089934707,model::modernbert_base,ModernBERT,42
10054,0,1.3210946780972677e-09,0,0.28302879089934707,model::modernbert_base,ModernBERT,42
19294,1,2.682749800086981e-09,0,0.28302879089934707,model::modernbert_base,ModernBERT,42
2766,1,2.048127223375218e-09,0,0.28302879089934707,model::modernbert_base,ModernBERT,42
6407,0,5.841163108755154e-09,0,0.28302879089934707,model::modernbert_base,ModernBERT,42
13693,1,9.773733822271424e-09,0,0.28302879089934707,model::modernbert_base,ModernBERT,42
6757,0,1.8812389424027742e-09,0,0.28302879089934707,model::modernbert_base,ModernBERT,42
14999,1,7.732500861834524e-09,0,0.28302879089934707,model::modernbert_base,ModernBERT,42
20137,0,3.0586466692739123e-09,0,0.28302879089934707,model::modernbert_base,ModernBERT,42
17303,0,3.5916487561848953e-09,0,0.28302879089934707,model::modernbert_base,ModernBERT,42
15307,1,1.2002629112828345e-08,0,0.28302879089934707,model::modernbert_base,ModernBERT,42
13326,1,3.373469059653189e-09,0,0.28302879089934707,model::modernbert_base,ModernBERT,42
4557,1,1.0952431850341782e-08,0,0.28302879089934707,model::modernbert_base,ModernBERT,42
6699,1,1.5938278252747295e-08,0,0.28302879089934707,model::modernbert_base,ModernBERT,42
9280,0,3.6041470252712315e-08,0,0.28302879089934707,model::modernbert_base,ModernBERT,42
209,0,2.7368314281517314e-09,0,0.28302879089934707,model::modernbert_base,ModernBERT,42
11350,1,1.193555743128627e-08,0,0.28302879089934707,model::modernbert_base,ModernBERT,42
1969,1,5.616374032513249e-09,0,0.28302879089934707,model::modernbert_base,ModernBERT,42
20058,1,4.908743189702136e-09,0,0.28302879089934707,model::modernbert_base,ModernBERT,42
20625,1,1.1688104706308877e-08,0,0.28302879089934707,model::modernbert_base,ModernBERT,42
8212,0,2.6788352442963514e-06,0,0.28302879089934707,model::modernbert_base,ModernBERT,42
5525,0,2.950822253211527e-09,0,0.28302879089934707,model::modernbert_base,ModernBERT,42
11018,1,9.673086331929426e-09,0,0.28302879089934707,model::modernbert_base,ModernBERT,42
11943,1,1.2167251206562923e-08,0,0.28302879089934707,model::modernbert_base,ModernBERT,42
6611,1,4.908855544272228e-09,0,0.28302879089934707,model::modernbert_base,ModernBERT,42
5821,0,1.5433676558984644e-09,0,0.28302879089934707,model::modernbert_base,ModernBERT,42
8492,0,2.9767750486797695e-09,0,0.28302879089934707,model::modernbert_base,ModernBERT,42
9461,1,5.282287496299887e-09,0,0.28302879089934707,model::modernbert_base,ModernBERT,42
338,1,9.200418205068672e-09,0,0.28302879089934707,model::modernbert_base,ModernBERT,42
6973,0,4.915648332826095e-09,0,0.28302879089934707,model::modernbert_base,ModernBERT,42
20872,1,5.875825603851581e-09,0,0.28302879089934707,model::modernbert_base,ModernBERT,42
12986,1,2.806450849490716e-09,0,0.28302879089934707,model::modernbert_base,ModernBERT,42
13669,0,1.2881313793400295e-08,0,0.28302879089934707,model::modernbert_base,ModernBERT,42
10890,0,1.262270110657937e-08,0,0.28302879089934707,model::modernbert_base,ModernBERT,42
9089,0,2.602979165544639e-09,0,0.28302879089934707,model::modernbert_base,ModernBERT,42
2840,1,8.193235423448186e-09,0,0.28302879089934707,model::modernbert_base,ModernBERT,42
10318,0,1.4899042888316671e-08,0,0.28302879089934707,model::modernbert_base,ModernBERT,42
16787,1,4.4147290267915196e-09,0,0.28302879089934707,model::modernbert_base,ModernBERT,42
4404,1,1.7295954890528265e-08,0,0.28302879089934707,model::modernbert_base,ModernBERT,42
15737,0,1.7189094592140464e-09,0,0.28302879089934707,model::modernbert_base,ModernBERT,42
3736,1,2.2768289476005066e-09,0,0.28302879089934707,model::modernbert_base,ModernBERT,42
1264,1,7.177124672352875e-09,0,0.28302879089934707,model::modernbert_base,ModernBERT,42
13451,0,3.5158171929339233e-09,0,0.28302879089934707,model::modernbert_base,ModernBERT,42
1855,0,4.997812830254134e-09,0,0.28302879089934707,model::modernbert_base,ModernBERT,42
1945,0,5.758726828730687e-09,0,0.28302879089934707,model::modernbert_base,ModernBERT,42
12976,0,5.660153679087898e-09,0,0.28302879089934707,model::modernbert_base,ModernBERT,42
12920,1,5.156076898771289e-09,0,0.28302879089934707,model::modernbert_base,ModernBERT,42
6410,1,6.551619691208543e-09,0,0.28302879089934707,model::modernbert_base,ModernBERT,42
6746,1,3.342724985699874e-09,0,0.28302879089934707,model::modernbert_base,ModernBERT,42
8067,1,1.244579106440824e-08,0,0.28302879089934707,model::modernbert_base,ModernBERT,42
4846,1,9.473064110920859e-09,0,0.28302879089934707,model::modernbert_base,ModernBERT,42
4533,1,6.1568963261038334e-09,0,0.28302879089934707,model::modernbert_base,ModernBERT,42
11794,1,1.0818371976029084e-08,0,0.28302879089934707,model::modernbert_base,ModernBERT,42
17267,0,8.027441822378023e-09,0,0.28302879089934707,model::modernbert_base,ModernBERT,42
18522,0,3.250807267818345e-08,0,0.28302879089934707,model::modernbert_base,ModernBERT,42
2937,1,1.4618228405538503e-08,0,0.28302879089934707,model::modernbert_base,ModernBERT,42
7387,1,3.9301677468017715e-09,0,0.28302879089934707,model::modernbert_base,ModernBERT,42
16334,1,1.590417575414449e-08,0,0.28302879089934707,model::modernbert_base,ModernBERT,42
4259,1,5.02285057990548e-09,0,0.28302879089934707,model::modernbert_base,ModernBERT,42
