sample_id,y_true,y_prob_machine_generated,y_pred,threshold,system_key,system,seed
10379,1,3.559723609214416e-06,0,0.9790508217963078,model::roberta_sentiment_profile,RoBERTa + Sentiment Profile,42
1092,1,4.922978405375034e-06,0,0.9790508217963078,model::roberta_sentiment_profile,RoBERTa + Sentiment Profile,42
8924,0,5.013792815589113e-06,0,0.9790508217963078,model::roberta_sentiment_profile,RoBERTa + Sentiment Profile,42
1291,0,4.645854914997472e-06,0,0.9790508217963078,model::roberta_sentiment_profile,RoBERTa + Sentiment Profile,42
13927,1,5.4448996706923936e-06,0,0.9790508217963078,model::roberta_sentiment_profile,RoBERTa + Sentiment Profile,42
8035,0,2.25001826947846e-06,0,0.9790508217963078,model::roberta_sentiment_profile,RoBERTa + Sentiment Profile,42
1632,1,3.976478637923719e-06,0,0.9790508217963078,model::roberta_sentiment_profile,RoBERTa + Sentiment Profile,42
17416,1,4.4079429244447965e-06,0,0.9790508217963078,model::roberta_sentiment_profile,RoBERTa + Sentiment Profile,42
14654,1,4.588551291817566e-06,0,0.9790508217963078,model::roberta_sentiment_profile,RoBERTa + Sentiment Profile,42
5189,1,4.932927822665079e-06,0,0.9790508217963078,model::roberta_sentiment_profile,RoBERTa + Sentiment Profile,42
3026,1,3.910678969987202e-06,0,0.9790508217963078,model::roberta_sentiment_profile,RoBERTa + Sentiment Profile,42
1353,1,8.636126040073577e-06,0,0.9790508217963078,model::roberta_sentiment_profile,RoBERTa + Sentiment Profile,42
13373,0,8.402718776778784e-06,0,0.9790508217963078,model::roberta_sentiment_profile,RoBERTa + Sentiment Profile,42
20409,1,3.5738059978029924e-06,0,0.9790508217963078,model::roberta_sentiment_profile,RoBERTa + Sentiment Profile,42
19701,0,3.141997922284645e-06,0,0.9790508217963078,model::roberta_sentiment_profile,RoBERTa + Sentiment Profile,42
15296,0,3.489248683763435e-06,0,0.9790508217963078,model::roberta_sentiment_profile,RoBERTa + Sentiment Profile,42
18991,0,2.9278269266797e-06,0,0.9790508217963078,model::roberta_sentiment_profile,RoBERTa + Sentiment Profile,42
512,1,6.2147742028173525e-06,0,0.9790508217963078,model::roberta_sentiment_profile,RoBERTa + Sentiment Profile,42
18295,0,0.0006654898752458,0,0.9790508217963078,model::roberta_sentiment_profile,RoBERTa + Sentiment Profile,42
18450,1,6.030774329701671e-06,0,0.9790508217963078,model::roberta_sentiment_profile,RoBERTa + Sentiment Profile,42
15675,1,4.589911895891419e-06,0,0.9790508217963078,model::roberta_sentiment_profile,RoBERTa + Sentiment Profile,42
20025,0,3.909977749572136e-06,0,0.9790508217963078,model::roberta_sentiment_profile,RoBERTa + Sentiment Profile,42
7229,0,4.608650215232046e-06,0,0.9790508217963078,model::roberta_sentiment_profile,RoBERTa + Sentiment Profile,42
10752,1,4.0715963223192375e-06,0,0.9790508217963078,model::roberta_sentiment_profile,RoBERTa + Sentiment Profile,42
20566,0,2.9986247227498097e-06,0,0.9790508217963078,model::roberta_sentiment_profile,RoBERTa + Sentiment Profile,42
18854,0,4.881510449195048e-06,0,0.9790508217963078,model::roberta_sentiment_profile,RoBERTa + Sentiment Profile,42
9483,1,4.604498371918453e-06,0,0.9790508217963078,model::roberta_sentiment_profile,RoBERTa + Sentiment Profile,42
5666,0,0.0002267595264129,0,0.9790508217963078,model::roberta_sentiment_profile,RoBERTa + Sentiment Profile,42
7486,1,5.429955308500212e-06,0,0.9790508217963078,model::roberta_sentiment_profile,RoBERTa + Sentiment Profile,42
16331,1,4.296083716326393e-06,0,0.9790508217963078,model::roberta_sentiment_profile,RoBERTa + Sentiment Profile,42
2999,1,3.932273102691397e-06,0,0.9790508217963078,model::roberta_sentiment_profile,RoBERTa + Sentiment Profile,42
3958,1,4.31730950367637e-06,0,0.9790508217963078,model::roberta_sentiment_profile,RoBERTa + Sentiment Profile,42
13982,0,3.086908691329881e-06,0,0.9790508217963078,model::roberta_sentiment_profile,RoBERTa + Sentiment Profile,42
17720,1,1.760578015819192e-05,0,0.9790508217963078,model::roberta_sentiment_profile,RoBERTa + Sentiment Profile,42
18694,1,4.582048859447241e-06,0,0.9790508217963078,model::roberta_sentiment_profile,RoBERTa + Sentiment Profile,42
4466,0,3.720247605087934e-06,0,0.9790508217963078,model::roberta_sentiment_profile,RoBERTa + Sentiment Profile,42
19676,1,4.146958417550195e-06,0,0.9790508217963078,model::roberta_sentiment_profile,RoBERTa + Sentiment Profile,42
20003,1,7.61187584430445e-06,0,0.9790508217963078,model::roberta_sentiment_profile,RoBERTa + Sentiment Profile,42
8936,1,4.228225407132413e-06,0,0.9790508217963078,model::roberta_sentiment_profile,RoBERTa + Sentiment Profile,42
12592,0,5.066863650426967e-06,0,0.9790508217963078,model::roberta_sentiment_profile,RoBERTa + Sentiment Profile,42
2861,0,4.042851742269704e-06,0,0.9790508217963078,model::roberta_sentiment_profile,RoBERTa + Sentiment Profile,42
16760,0,2.716338258323958e-06,0,0.9790508217963078,model::roberta_sentiment_profile,RoBERTa + Sentiment Profile,42
4976,1,3.9365691009152215e-06,0,0.9790508217963078,model::roberta_sentiment_profile,RoBERTa + Sentiment Profile,42
11506,0,0.999983549118042,1,0.9790508217963078,model::roberta_sentiment_profile,RoBERTa + Sentiment Profile,42
4974,1,8.683049600222148e-06,0,0.9790508217963078,model::roberta_sentiment_profile,RoBERTa + Sentiment Profile,42
12865,1,3.245153266107081e-06,0,0.9790508217963078,model::roberta_sentiment_profile,RoBERTa + Sentiment Profile,42
10717,1,7.657104106328916e-06,0,0.9790508217963078,model::roberta_sentiment_profile,RoBERTa + Sentiment Profile,42
8625,1,6.996361207711743e-06,0,0.9790508217963078,model::roberta_sentiment_profile,RoBERTa + Sentiment Profile,42
15748,0,6.3991546994657256e-06,0,0.9790508217963078,model::roberta_sentiment_profile,RoBERTa + Sentiment Profile,42
3681,0,4.266706582711777e-06,0,0.9790508217963078,model::roberta_sentiment_profile,RoBERTa + Sentiment Profile,42
1600,0,3.164026338708936e-06,0,0.9790508217963078,model::roberta_sentiment_profile,RoBERTa + Sentiment Profile,42
11251,1,5.415769919636659e-06,0,0.9790508217963078,model::roberta_sentiment_profile,RoBERTa + Sentiment Profile,42
11286,1,6.309800937742693e-06,0,0.9790508217963078,model::roberta_sentiment_profile,RoBERTa + Sentiment Profile,42
2808,0,3.039265493498533e-06,0,0.9790508217963078,model::roberta_sentiment_profile,RoBERTa + Sentiment Profile,42
159,0,3.137823796350858e-06,0,0.9790508217963078,model::roberta_sentiment_profile,RoBERTa + Sentiment Profile,42
12797,0,4.111984253540868e-06,0,0.9790508217963078,model::roberta_sentiment_profile,RoBERTa + Sentiment Profile,42
3074,0,2.917230403909344e-06,0,0.9790508217963078,model::roberta_sentiment_profile,RoBERTa + Sentiment Profile,42
14840,0,3.3117307793872897e-06,0,0.9790508217963078,model::roberta_sentiment_profile,RoBERTa + Sentiment Profile,42
12328,0,6.223563104867935e-05,0,0.9790508217963078,model::roberta_sentiment_profile,RoBERTa + Sentiment Profile,42
95,1,3.9698775253782514e-06,0,0.9790508217963078,model::roberta_sentiment_profile,RoBERTa + Sentiment Profile,42
1308,0,3.610970452427864e-06,0,0.9790508217963078,model::roberta_sentiment_profile,RoBERTa + Sentiment Profile,42
3386,1,6.491316071333131e-06,0,0.9790508217963078,model::roberta_sentiment_profile,RoBERTa + Sentiment Profile,42
15472,0,3.989696779171936e-06,0,0.9790508217963078,model::roberta_sentiment_profile,RoBERTa + Sentiment Profile,42
16039,0,3.70906718671904e-06,0,0.9790508217963078,model::roberta_sentiment_profile,RoBERTa + Sentiment Profile,42
15903,1,3.8015830341464607e-06,0,0.9790508217963078,model::roberta_sentiment_profile,RoBERTa + Sentiment Profile,42
13242,1,5.191761829337338e-06,0,0.9790508217963078,model::roberta_sentiment_profile,RoBERTa + Sentiment Profile,42
5334,1,4.310919848649064e-06,0,0.9790508217963078,model::roberta_sentiment_profile,RoBERTa + Sentiment Profile,42
20678,1,4.670852831623051e-06,0,0.9790508217963078,model::roberta_sentiment_profile,RoBERTa + Sentiment Profile,42
7102,0,3.843490958388429e-06,0,0.9790508217963078,model::roberta_sentiment_profile,RoBERTa + Sentiment Profile,42
17456,1,4.4081912164983805e-06,0,0.9790508217963078,model::roberta_sentiment_profile,RoBERTa + Sentiment Profile,42
17207,1,4.133829406782752e-06,0,0.9790508217963078,model::roberta_sentiment_profile,RoBERTa + Sentiment Profile,42
20060,0,0.1574229449033737,0,0.9790508217963078,model::roberta_sentiment_profile,RoBERTa + Sentiment Profile,42
8328,1,1.5046773114590906e-05,0,0.9790508217963078,model::roberta_sentiment_profile,RoBERTa + Sentiment Profile,42
5697,1,4.416805040818872e-06,0,0.9790508217963078,model::roberta_sentiment_profile,RoBERTa + Sentiment Profile,42
3917,1,5.223790594754973e-06,0,0.9790508217963078,model::roberta_sentiment_profile,RoBERTa + Sentiment Profile,42
7890,0,0.9999785423278807,1,0.9790508217963078,model::roberta_sentiment_profile,RoBERTa + Sentiment Profile,42
20874,0,0.0009946584468707,0,0.9790508217963078,model::roberta_sentiment_profile,RoBERTa + Sentiment Profile,42
9228,0,2.893131750170141e-06,0,0.9790508217963078,model::roberta_sentiment_profile,RoBERTa + Sentiment Profile,42
7626,1,3.775468485400779e-06,0,0.9790508217963078,model::roberta_sentiment_profile,RoBERTa + Sentiment Profile,42
17701,1,6.759232292097295e-06,0,0.9790508217963078,model::roberta_sentiment_profile,RoBERTa + Sentiment Profile,42
2326,1,4.379826350486837e-06,0,0.9790508217963078,model::roberta_sentiment_profile,RoBERTa + Sentiment Profile,42
10548,1,3.2060861485661007e-06,0,0.9790508217963078,model::roberta_sentiment_profile,RoBERTa + Sentiment Profile,42
5550,0,3.7732438613602426e-06,0,0.9790508217963078,model::roberta_sentiment_profile,RoBERTa + Sentiment Profile,42
20860,0,3.726262548298109e-06,0,0.9790508217963078,model::roberta_sentiment_profile,RoBERTa + Sentiment Profile,42
14054,1,0.0001915927132358,0,0.9790508217963078,model::roberta_sentiment_profile,RoBERTa + Sentiment Profile,42
14852,0,6.355748610076262e-06,0,0.9790508217963078,model::roberta_sentiment_profile,RoBERTa + Sentiment Profile,42
11175,1,5.115967724123038e-06,0,0.9790508217963078,model::roberta_sentiment_profile,RoBERTa + Sentiment Profile,42
2207,0,0.99998140335083,1,0.9790508217963078,model::roberta_sentiment_profile,RoBERTa + Sentiment Profile,42
6783,1,3.535432142598438e-06,0,0.9790508217963078,model::roberta_sentiment_profile,RoBERTa + Sentiment Profile,42
2699,0,3.613347416830948e-06,0,0.9790508217963078,model::roberta_sentiment_profile,RoBERTa + Sentiment Profile,42
4090,0,3.4514932849560864e-06,0,0.9790508217963078,model::roberta_sentiment_profile,RoBERTa + Sentiment Profile,42
7244,0,1.687497024249751e-05,0,0.9790508217963078,model::roberta_sentiment_profile,RoBERTa + Sentiment Profile,42
11424,0,2.8147001103207003e-06,0,0.9790508217963078,model::roberta_sentiment_profile,RoBERTa + Sentiment Profile,42
16052,0,3.891682354151271e-06,0,0.9790508217963078,model::roberta_sentiment_profile,RoBERTa + Sentiment Profile,42
12196,0,3.204432459824602e-06,0,0.9790508217963078,model::roberta_sentiment_profile,RoBERTa + Sentiment Profile,42
5583,1,3.524894736983697e-06,0,0.9790508217963078,model::roberta_sentiment_profile,RoBERTa + Sentiment Profile,42
7455,1,3.884540547005599e-06,0,0.9790508217963078,model::roberta_sentiment_profile,RoBERTa + Sentiment Profile,42
846,0,3.958584784413688e-06,0,0.9790508217963078,model::roberta_sentiment_profile,RoBERTa + Sentiment Profile,42
3005,1,7.013275535427965e-06,0,0.9790508217963078,model::roberta_sentiment_profile,RoBERTa + Sentiment Profile,42
4180,0,3.2027094221120933e-06,0,0.9790508217963078,model::roberta_sentiment_profile,RoBERTa + Sentiment Profile,42
6266,0,3.5369835131859872e-06,0,0.9790508217963078,model::roberta_sentiment_profile,RoBERTa + Sentiment Profile,42
7721,1,3.099047171417624e-05,0,0.9790508217963078,model::roberta_sentiment_profile,RoBERTa + Sentiment Profile,42
8374,1,9.624551239539867e-06,0,0.9790508217963078,model::roberta_sentiment_profile,RoBERTa + Sentiment Profile,42
14457,1,3.850600933219539e-06,0,0.9790508217963078,model::roberta_sentiment_profile,RoBERTa + Sentiment Profile,42
17052,1,0.000148787832586,0,0.9790508217963078,model::roberta_sentiment_profile,RoBERTa + Sentiment Profile,42
15630,1,3.612134605646133e-06,0,0.9790508217963078,model::roberta_sentiment_profile,RoBERTa + Sentiment Profile,42
8013,1,4.668955625675153e-06,0,0.9790508217963078,model::roberta_sentiment_profile,RoBERTa + Sentiment Profile,42
10556,0,4.354213160695508e-06,0,0.9790508217963078,model::roberta_sentiment_profile,RoBERTa + Sentiment Profile,42
6752,0,4.418077423906652e-06,0,0.9790508217963078,model::roberta_sentiment_profile,RoBERTa + Sentiment Profile,42
4344,0,0.000119615906442,0,0.9790508217963078,model::roberta_sentiment_profile,RoBERTa + Sentiment Profile,42
3687,1,4.991888999938965e-06,0,0.9790508217963078,model::roberta_sentiment_profile,RoBERTa + Sentiment Profile,42
4189,1,3.676670530694537e-06,0,0.9790508217963078,model::roberta_sentiment_profile,RoBERTa + Sentiment Profile,42
10831,1,6.360357019730145e-06,0,0.9790508217963078,model::roberta_sentiment_profile,RoBERTa + Sentiment Profile,42
3743,0,3.3658020583970938e-06,0,0.9790508217963078,model::roberta_sentiment_profile,RoBERTa + Sentiment Profile,42
20504,0,3.209182068530936e-06,0,0.9790508217963078,model::roberta_sentiment_profile,RoBERTa + Sentiment Profile,42
2869,1,4.303354216972366e-06,0,0.9790508217963078,model::roberta_sentiment_profile,RoBERTa + Sentiment Profile,42
14846,1,3.673638730106177e-06,0,0.9790508217963078,model::roberta_sentiment_profile,RoBERTa + Sentiment Profile,42
8988,0,5.255436008155812e-06,0,0.9790508217963078,model::roberta_sentiment_profile,RoBERTa + Sentiment Profile,42
12023,1,8.36036997498013e-06,0,0.9790508217963078,model::roberta_sentiment_profile,RoBERTa + Sentiment Profile,42
14099,1,4.762722255691188e-06,0,0.9790508217963078,model::roberta_sentiment_profile,RoBERTa + Sentiment Profile,42
14724,0,2.946304903161945e-06,0,0.9790508217963078,model::roberta_sentiment_profile,RoBERTa + Sentiment Profile,42
4785,0,3.639871010818752e-06,0,0.9790508217963078,model::roberta_sentiment_profile,RoBERTa + Sentiment Profile,42
20713,0,5.3123917496122885e-06,0,0.9790508217963078,model::roberta_sentiment_profile,RoBERTa + Sentiment Profile,42
8986,0,3.7575082387775183e-06,0,0.9790508217963078,model::roberta_sentiment_profile,RoBERTa + Sentiment Profile,42
39,0,4.719128810393158e-06,0,0.9790508217963078,model::roberta_sentiment_profile,RoBERTa + Sentiment Profile,42
15187,0,3.1421921448782086e-05,0,0.9790508217963078,model::roberta_sentiment_profile,RoBERTa + Sentiment Profile,42
1492,1,3.617402398958802e-06,0,0.9790508217963078,model::roberta_sentiment_profile,RoBERTa + Sentiment Profile,42
20588,0,6.076926638343139e-06,0,0.9790508217963078,model::roberta_sentiment_profile,RoBERTa + Sentiment Profile,42
8231,1,4.035317033412866e-06,0,0.9790508217963078,model::roberta_sentiment_profile,RoBERTa + Sentiment Profile,42
5094,1,4.559539320325712e-06,0,0.9790508217963078,model::roberta_sentiment_profile,RoBERTa + Sentiment Profile,42
7483,0,3.284505055489717e-06,0,0.9790508217963078,model::roberta_sentiment_profile,RoBERTa + Sentiment Profile,42
753,0,4.753175289806677e-06,0,0.9790508217963078,model::roberta_sentiment_profile,RoBERTa + Sentiment Profile,42
1416,0,0.0273331515491008,0,0.9790508217963078,model::roberta_sentiment_profile,RoBERTa + Sentiment Profile,42
6055,1,3.777384335990064e-06,0,0.9790508217963078,model::roberta_sentiment_profile,RoBERTa + Sentiment Profile,42
11306,1,3.6433198147278745e-06,0,0.9790508217963078,model::roberta_sentiment_profile,RoBERTa + Sentiment Profile,42
15807,1,5.32103649675264e-06,0,0.9790508217963078,model::roberta_sentiment_profile,RoBERTa + Sentiment Profile,42
11393,0,9.035468792717438e-06,0,0.9790508217963078,model::roberta_sentiment_profile,RoBERTa + Sentiment Profile,42
1532,1,8.32947716844501e-06,0,0.9790508217963078,model::roberta_sentiment_profile,RoBERTa + Sentiment Profile,42
17823,1,1.470680126658408e-05,0,0.9790508217963078,model::roberta_sentiment_profile,RoBERTa + Sentiment Profile,42
912,1,4.667846951633692e-06,0,0.9790508217963078,model::roberta_sentiment_profile,RoBERTa + Sentiment Profile,42
9162,1,3.898639988619834e-06,0,0.9790508217963078,model::roberta_sentiment_profile,RoBERTa + Sentiment Profile,42
12703,0,4.580912445817376e-06,0,0.9790508217963078,model::roberta_sentiment_profile,RoBERTa + Sentiment Profile,42
14284,0,2.9989107588335173e-06,0,0.9790508217963078,model::roberta_sentiment_profile,RoBERTa + Sentiment Profile,42
11887,1,5.733402304031188e-06,0,0.9790508217963078,model::roberta_sentiment_profile,RoBERTa + Sentiment Profile,42
4680,1,4.36613072452019e-06,0,0.9790508217963078,model::roberta_sentiment_profile,RoBERTa + Sentiment Profile,42
9114,1,4.109941528440686e-06,0,0.9790508217963078,model::roberta_sentiment_profile,RoBERTa + Sentiment Profile,42
15087,1,7.107695637387224e-06,0,0.9790508217963078,model::roberta_sentiment_profile,RoBERTa + Sentiment Profile,42
11501,0,0.9999135732650756,1,0.9790508217963078,model::roberta_sentiment_profile,RoBERTa + Sentiment Profile,42
9261,1,4.563332367979456e-06,0,0.9790508217963078,model::roberta_sentiment_profile,RoBERTa + Sentiment Profile,42
17032,1,4.450640062714228e-06,0,0.9790508217963078,model::roberta_sentiment_profile,RoBERTa + Sentiment Profile,42
13742,0,3.6386666124599287e-06,0,0.9790508217963078,model::roberta_sentiment_profile,RoBERTa + Sentiment Profile,42
607,1,3.869707143167034e-06,0,0.9790508217963078,model::roberta_sentiment_profile,RoBERTa + Sentiment Profile,42
16065,1,5.572867394221248e-06,0,0.9790508217963078,model::roberta_sentiment_profile,RoBERTa + Sentiment Profile,42
1061,0,3.724230509760673e-06,0,0.9790508217963078,model::roberta_sentiment_profile,RoBERTa + Sentiment Profile,42
9683,0,3.499272679619025e-06,0,0.9790508217963078,model::roberta_sentiment_profile,RoBERTa + Sentiment Profile,42
9767,1,4.1929456529032905e-06,0,0.9790508217963078,model::roberta_sentiment_profile,RoBERTa + Sentiment Profile,42
1792,0,2.042324013018515e-05,0,0.9790508217963078,model::roberta_sentiment_profile,RoBERTa + Sentiment Profile,42
3351,0,3.293727104392019e-06,0,0.9790508217963078,model::roberta_sentiment_profile,RoBERTa + Sentiment Profile,42
4098,0,6.545079486386385e-06,0,0.9790508217963078,model::roberta_sentiment_profile,RoBERTa + Sentiment Profile,42
1194,0,4.539182555163279e-06,0,0.9790508217963078,model::roberta_sentiment_profile,RoBERTa + Sentiment Profile,42
12026,0,0.0082598431035876,0,0.9790508217963078,model::roberta_sentiment_profile,RoBERTa + Sentiment Profile,42
4868,1,4.098782028449932e-06,0,0.9790508217963078,model::roberta_sentiment_profile,RoBERTa + Sentiment Profile,42
19019,1,4.411660938785644e-06,0,0.9790508217963078,model::roberta_sentiment_profile,RoBERTa + Sentiment Profile,42
19855,1,4.54126075055683e-06,0,0.9790508217963078,model::roberta_sentiment_profile,RoBERTa + Sentiment Profile,42
9565,1,4.874778824159876e-06,0,0.9790508217963078,model::roberta_sentiment_profile,RoBERTa + Sentiment Profile,42
1647,1,4.277037987776566e-06,0,0.9790508217963078,model::roberta_sentiment_profile,RoBERTa + Sentiment Profile,42
15961,1,4.046601134177763e-06,0,0.9790508217963078,model::roberta_sentiment_profile,RoBERTa + Sentiment Profile,42
285,0,3.996738087153062e-06,0,0.9790508217963078,model::roberta_sentiment_profile,RoBERTa + Sentiment Profile,42
18138,0,7.284004368557362e-06,0,0.9790508217963078,model::roberta_sentiment_profile,RoBERTa + Sentiment Profile,42
3347,0,2.6626032649801346e-06,0,0.9790508217963078,model::roberta_sentiment_profile,RoBERTa + Sentiment Profile,42
19656,1,4.1378762034582905e-06,0,0.9790508217963078,model::roberta_sentiment_profile,RoBERTa + Sentiment Profile,42
12678,1,8.763929145061411e-06,0,0.9790508217963078,model::roberta_sentiment_profile,RoBERTa + Sentiment Profile,42
4231,0,4.549340701487381e-06,0,0.9790508217963078,model::roberta_sentiment_profile,RoBERTa + Sentiment Profile,42
13425,1,6.754875812475802e-06,0,0.9790508217963078,model::roberta_sentiment_profile,RoBERTa + Sentiment Profile,42
6282,0,3.5963232676294865e-06,0,0.9790508217963078,model::roberta_sentiment_profile,RoBERTa + Sentiment Profile,42
12418,1,4.11429391533602e-06,0,0.9790508217963078,model::roberta_sentiment_profile,RoBERTa + Sentiment Profile,42
10239,1,4.4763496589439455e-06,0,0.9790508217963078,model::roberta_sentiment_profile,RoBERTa + Sentiment Profile,42
6212,1,7.089330210874323e-06,0,0.9790508217963078,model::roberta_sentiment_profile,RoBERTa + Sentiment Profile,42
24,1,7.122182523744414e-06,0,0.9790508217963078,model::roberta_sentiment_profile,RoBERTa + Sentiment Profile,42
6691,0,3.1061094887263607e-06,0,0.9790508217963078,model::roberta_sentiment_profile,RoBERTa + Sentiment Profile,42
3507,1,3.897261194651946e-06,0,0.9790508217963078,model::roberta_sentiment_profile,RoBERTa + Sentiment Profile,42
6583,1,5.919455816183472e-06,0,0.9790508217963078,model::roberta_sentiment_profile,RoBERTa + Sentiment Profile,42
15156,1,3.992505753558362e-06,0,0.9790508217963078,model::roberta_sentiment_profile,RoBERTa + Sentiment Profile,42
14876,0,1.612868618394714e-05,0,0.9790508217963078,model::roberta_sentiment_profile,RoBERTa + Sentiment Profile,42
15809,0,4.94723053634516e-06,0,0.9790508217963078,model::roberta_sentiment_profile,RoBERTa + Sentiment Profile,42
19948,0,4.975443971488858e-06,0,0.9790508217963078,model::roberta_sentiment_profile,RoBERTa + Sentiment Profile,42
20661,0,8.62231809151126e-06,0,0.9790508217963078,model::roberta_sentiment_profile,RoBERTa + Sentiment Profile,42
15457,1,5.523470463231206e-06,0,0.9790508217963078,model::roberta_sentiment_profile,RoBERTa + Sentiment Profile,42
16560,1,4.8418592086818535e-06,0,0.9790508217963078,model::roberta_sentiment_profile,RoBERTa + Sentiment Profile,42
3353,0,6.68167103867745e-06,0,0.9790508217963078,model::roberta_sentiment_profile,RoBERTa + Sentiment Profile,42
15343,1,1.598606104380451e-05,0,0.9790508217963078,model::roberta_sentiment_profile,RoBERTa + Sentiment Profile,42
139,1,3.129097649434698e-06,0,0.9790508217963078,model::roberta_sentiment_profile,RoBERTa + Sentiment Profile,42
14673,1,3.940438091376564e-06,0,0.9790508217963078,model::roberta_sentiment_profile,RoBERTa + Sentiment Profile,42
18413,1,3.561122639439418e-06,0,0.9790508217963078,model::roberta_sentiment_profile,RoBERTa + Sentiment Profile,42
11800,0,5.021975994168315e-06,0,0.9790508217963078,model::roberta_sentiment_profile,RoBERTa + Sentiment Profile,42
1827,0,6.131297595857177e-06,0,0.9790508217963078,model::roberta_sentiment_profile,RoBERTa + Sentiment Profile,42
18537,0,4.711735527962446e-06,0,0.9790508217963078,model::roberta_sentiment_profile,RoBERTa + Sentiment Profile,42
1799,0,4.83453686683788e-06,0,0.9790508217963078,model::roberta_sentiment_profile,RoBERTa + Sentiment Profile,42
326,1,3.8335119825205766e-06,0,0.9790508217963078,model::roberta_sentiment_profile,RoBERTa + Sentiment Profile,42
11382,0,3.2564412322244607e-06,0,0.9790508217963078,model::roberta_sentiment_profile,RoBERTa + Sentiment Profile,42
19498,1,3.908285179932136e-06,0,0.9790508217963078,model::roberta_sentiment_profile,RoBERTa + Sentiment Profile,42
14625,0,6.224964636203367e-06,0,0.9790508217963078,model::roberta_sentiment_profile,RoBERTa + Sentiment Profile,42
14044,1,5.15310921400669e-06,0,0.9790508217963078,model::roberta_sentiment_profile,RoBERTa + Sentiment Profile,42
17779,0,4.947678917233134e-06,0,0.9790508217963078,model::roberta_sentiment_profile,RoBERTa + Sentiment Profile,42
19114,0,9.279238292947412e-05,0,0.9790508217963078,model::roberta_sentiment_profile,RoBERTa + Sentiment Profile,42
1387,1,4.429037289810367e-06,0,0.9790508217963078,model::roberta_sentiment_profile,RoBERTa + Sentiment Profile,42
10624,1,3.918339643860236e-06,0,0.9790508217963078,model::roberta_sentiment_profile,RoBERTa + Sentiment Profile,42
20310,0,1.368087214359548e-05,0,0.9790508217963078,model::roberta_sentiment_profile,RoBERTa + Sentiment Profile,42
4592,0,1.255419283552328e-05,0,0.9790508217963078,model::roberta_sentiment_profile,RoBERTa + Sentiment Profile,42
10484,0,4.080922280991217e-06,0,0.9790508217963078,model::roberta_sentiment_profile,RoBERTa + Sentiment Profile,42
819,0,3.359529273438966e-06,0,0.9790508217963078,model::roberta_sentiment_profile,RoBERTa + Sentiment Profile,42
12702,1,4.232570063322783e-06,0,0.9790508217963078,model::roberta_sentiment_profile,RoBERTa + Sentiment Profile,42
11791,1,3.696361090987921e-05,0,0.9790508217963078,model::roberta_sentiment_profile,RoBERTa + Sentiment Profile,42
10008,0,3.338424448884325e-06,0,0.9790508217963078,model::roberta_sentiment_profile,RoBERTa + Sentiment Profile,42
10395,0,3.044001914531691e-06,0,0.9790508217963078,model::roberta_sentiment_profile,RoBERTa + Sentiment Profile,42
2941,1,7.978452231327537e-06,0,0.9790508217963078,model::roberta_sentiment_profile,RoBERTa + Sentiment Profile,42
6203,0,3.081173417740501e-06,0,0.9790508217963078,model::roberta_sentiment_profile,RoBERTa + Sentiment Profile,42
3563,1,4.1207654248864856e-06,0,0.9790508217963078,model::roberta_sentiment_profile,RoBERTa + Sentiment Profile,42
14100,0,6.749891781510087e-06,0,0.9790508217963078,model::roberta_sentiment_profile,RoBERTa + Sentiment Profile,42
4129,0,9.937331014953088e-06,0,0.9790508217963078,model::roberta_sentiment_profile,RoBERTa + Sentiment Profile,42
7813,1,3.841068519250257e-06,0,0.9790508217963078,model::roberta_sentiment_profile,RoBERTa + Sentiment Profile,42
16228,1,5.480936124513391e-06,0,0.9790508217963078,model::roberta_sentiment_profile,RoBERTa + Sentiment Profile,42
21120,1,4.595111022354104e-06,0,0.9790508217963078,model::roberta_sentiment_profile,RoBERTa + Sentiment Profile,42
13948,0,3.0869439342495752e-06,0,0.9790508217963078,model::roberta_sentiment_profile,RoBERTa + Sentiment Profile,42
9284,1,6.348527676891536e-06,0,0.9790508217963078,model::roberta_sentiment_profile,RoBERTa + Sentiment Profile,42
8347,0,6.815105734858662e-05,0,0.9790508217963078,model::roberta_sentiment_profile,RoBERTa + Sentiment Profile,42
5542,0,3.2061564070318127e-06,0,0.9790508217963078,model::roberta_sentiment_profile,RoBERTa + Sentiment Profile,42
13005,1,3.634650965977926e-06,0,0.9790508217963078,model::roberta_sentiment_profile,RoBERTa + Sentiment Profile,42
111,1,1.51078675116878e-05,0,0.9790508217963078,model::roberta_sentiment_profile,RoBERTa + Sentiment Profile,42
18715,0,3.5397167721384903e-06,0,0.9790508217963078,model::roberta_sentiment_profile,RoBERTa + Sentiment Profile,42
9630,1,5.332965429261094e-06,0,0.9790508217963078,model::roberta_sentiment_profile,RoBERTa + Sentiment Profile,42
14498,1,3.886919785145437e-06,0,0.9790508217963078,model::roberta_sentiment_profile,RoBERTa + Sentiment Profile,42
16013,1,1.0749696230050176e-05,0,0.9790508217963078,model::roberta_sentiment_profile,RoBERTa + Sentiment Profile,42
3862,1,3.510664100758732e-06,0,0.9790508217963078,model::roberta_sentiment_profile,RoBERTa + Sentiment Profile,42
8953,1,4.210696715745144e-06,0,0.9790508217963078,model::roberta_sentiment_profile,RoBERTa + Sentiment Profile,42
4930,1,5.123882601765217e-06,0,0.9790508217963078,model::roberta_sentiment_profile,RoBERTa + Sentiment Profile,42
6229,0,4.275052106095245e-06,0,0.9790508217963078,model::roberta_sentiment_profile,RoBERTa + Sentiment Profile,42
11757,1,3.172940523654688e-06,0,0.9790508217963078,model::roberta_sentiment_profile,RoBERTa + Sentiment Profile,42
2247,0,1.7795768144424073e-05,0,0.9790508217963078,model::roberta_sentiment_profile,RoBERTa + Sentiment Profile,42
10885,1,6.829066933278227e-06,0,0.9790508217963078,model::roberta_sentiment_profile,RoBERTa + Sentiment Profile,42
20406,0,4.24808649768238e-06,0,0.9790508217963078,model::roberta_sentiment_profile,RoBERTa + Sentiment Profile,42
15691,0,4.047241873195162e-06,0,0.9790508217963078,model::roberta_sentiment_profile,RoBERTa + Sentiment Profile,42
8914,0,2.9524112505896483e-06,0,0.9790508217963078,model::roberta_sentiment_profile,RoBERTa + Sentiment Profile,42
15641,1,3.6189619549986674e-06,0,0.9790508217963078,model::roberta_sentiment_profile,RoBERTa + Sentiment Profile,42
18481,1,4.282250301912427e-06,0,0.9790508217963078,model::roberta_sentiment_profile,RoBERTa + Sentiment Profile,42
10771,0,4.405832896736683e-06,0,0.9790508217963078,model::roberta_sentiment_profile,RoBERTa + Sentiment Profile,42
632,0,4.91131095259334e-06,0,0.9790508217963078,model::roberta_sentiment_profile,RoBERTa + Sentiment Profile,42
4261,1,1.610141043784097e-05,0,0.9790508217963078,model::roberta_sentiment_profile,RoBERTa + Sentiment Profile,42
13653,0,0.9999303817749025,1,0.9790508217963078,model::roberta_sentiment_profile,RoBERTa + Sentiment Profile,42
6990,0,4.261858521203976e-06,0,0.9790508217963078,model::roberta_sentiment_profile,RoBERTa + Sentiment Profile,42
17412,1,7.060277766868239e-06,0,0.9790508217963078,model::roberta_sentiment_profile,RoBERTa + Sentiment Profile,42
8163,0,0.0004565980634652,0,0.9790508217963078,model::roberta_sentiment_profile,RoBERTa + Sentiment Profile,42
12223,1,4.600622560246848e-06,0,0.9790508217963078,model::roberta_sentiment_profile,RoBERTa + Sentiment Profile,42
7679,1,3.796094233621261e-06,0,0.9790508217963078,model::roberta_sentiment_profile,RoBERTa + Sentiment Profile,42
1839,1,3.4132638120354386e-06,0,0.9790508217963078,model::roberta_sentiment_profile,RoBERTa + Sentiment Profile,42
1912,0,5.380059519666247e-06,0,0.9790508217963078,model::roberta_sentiment_profile,RoBERTa + Sentiment Profile,42
8034,0,4.576328137773089e-06,0,0.9790508217963078,model::roberta_sentiment_profile,RoBERTa + Sentiment Profile,42
6558,0,4.1291209527116735e-06,0,0.9790508217963078,model::roberta_sentiment_profile,RoBERTa + Sentiment Profile,42
5357,0,3.8028956623747945e-06,0,0.9790508217963078,model::roberta_sentiment_profile,RoBERTa + Sentiment Profile,42
18423,0,2.608393515401985e-06,0,0.9790508217963078,model::roberta_sentiment_profile,RoBERTa + Sentiment Profile,42
14058,0,5.125144525663927e-05,0,0.9790508217963078,model::roberta_sentiment_profile,RoBERTa + Sentiment Profile,42
16942,0,3.6098620057600783e-06,0,0.9790508217963078,model::roberta_sentiment_profile,RoBERTa + Sentiment Profile,42
5449,0,7.64354808779899e-06,0,0.9790508217963078,model::roberta_sentiment_profile,RoBERTa + Sentiment Profile,42
6530,0,0.0007469723350368,0,0.9790508217963078,model::roberta_sentiment_profile,RoBERTa + Sentiment Profile,42
13569,1,3.9282658690353855e-06,0,0.9790508217963078,model::roberta_sentiment_profile,RoBERTa + Sentiment Profile,42
13881,1,3.403457185413572e-06,0,0.9790508217963078,model::roberta_sentiment_profile,RoBERTa + Sentiment Profile,42
12804,0,3.134904318358167e-06,0,0.9790508217963078,model::roberta_sentiment_profile,RoBERTa + Sentiment Profile,42
2770,0,5.487886937771691e-06,0,0.9790508217963078,model::roberta_sentiment_profile,RoBERTa + Sentiment Profile,42
3909,1,4.062311290908838e-06,0,0.9790508217963078,model::roberta_sentiment_profile,RoBERTa + Sentiment Profile,42
5847,0,0.9925938248634338,1,0.9790508217963078,model::roberta_sentiment_profile,RoBERTa + Sentiment Profile,42
16422,1,5.093306754133664e-06,0,0.9790508217963078,model::roberta_sentiment_profile,RoBERTa + Sentiment Profile,42
6021,1,3.924098564311862e-06,0,0.9790508217963078,model::roberta_sentiment_profile,RoBERTa + Sentiment Profile,42
10868,1,7.907310646260157e-06,0,0.9790508217963078,model::roberta_sentiment_profile,RoBERTa + Sentiment Profile,42
15790,0,4.3571953938226216e-06,0,0.9790508217963078,model::roberta_sentiment_profile,RoBERTa + Sentiment Profile,42
215,0,4.6595610001531895e-06,0,0.9790508217963078,model::roberta_sentiment_profile,RoBERTa + Sentiment Profile,42
21127,0,1.0216161172138529e-05,0,0.9790508217963078,model::roberta_sentiment_profile,RoBERTa + Sentiment Profile,42
11090,1,5.257129942037864e-06,0,0.9790508217963078,model::roberta_sentiment_profile,RoBERTa + Sentiment Profile,42
14313,1,1.4175619071465915e-05,0,0.9790508217963078,model::roberta_sentiment_profile,RoBERTa + Sentiment Profile,42
10978,0,4.506994173425483e-06,0,0.9790508217963078,model::roberta_sentiment_profile,RoBERTa + Sentiment Profile,42
20359,1,5.146665444044629e-06,0,0.9790508217963078,model::roberta_sentiment_profile,RoBERTa + Sentiment Profile,42
4636,1,3.935893346351804e-06,0,0.9790508217963078,model::roberta_sentiment_profile,RoBERTa + Sentiment Profile,42
11619,1,4.860577973886393e-06,0,0.9790508217963078,model::roberta_sentiment_profile,RoBERTa + Sentiment Profile,42
193,0,3.664855739771156e-06,0,0.9790508217963078,model::roberta_sentiment_profile,RoBERTa + Sentiment Profile,42
12479,0,4.628541319107171e-06,0,0.9790508217963078,model::roberta_sentiment_profile,RoBERTa + Sentiment Profile,42
5040,1,6.335651050903834e-06,0,0.9790508217963078,model::roberta_sentiment_profile,RoBERTa + Sentiment Profile,42
9303,1,4.836095286009368e-06,0,0.9790508217963078,model::roberta_sentiment_profile,RoBERTa + Sentiment Profile,42
11257,0,1.6069914636318572e-05,0,0.9790508217963078,model::roberta_sentiment_profile,RoBERTa + Sentiment Profile,42
6146,0,3.881378233927535e-06,0,0.9790508217963078,model::roberta_sentiment_profile,RoBERTa + Sentiment Profile,42
18985,0,4.107410404685652e-06,0,0.9790508217963078,model::roberta_sentiment_profile,RoBERTa + Sentiment Profile,42
20553,1,4.991451078240061e-06,0,0.9790508217963078,model::roberta_sentiment_profile,RoBERTa + Sentiment Profile,42
461,1,8.721300218894612e-06,0,0.9790508217963078,model::roberta_sentiment_profile,RoBERTa + Sentiment Profile,42
18330,1,4.541767339105718e-06,0,0.9790508217963078,model::roberta_sentiment_profile,RoBERTa + Sentiment Profile,42
3672,1,3.917263256880688e-06,0,0.9790508217963078,model::roberta_sentiment_profile,RoBERTa + Sentiment Profile,42
1926,0,4.379091024020454e-06,0,0.9790508217963078,model::roberta_sentiment_profile,RoBERTa + Sentiment Profile,42
10818,0,0.0005547056207433,0,0.9790508217963078,model::roberta_sentiment_profile,RoBERTa + Sentiment Profile,42
2357,1,9.661704098107292e-06,0,0.9790508217963078,model::roberta_sentiment_profile,RoBERTa + Sentiment Profile,42
20238,1,1.6746653273003176e-05,0,0.9790508217963078,model::roberta_sentiment_profile,RoBERTa + Sentiment Profile,42
12538,0,2.9328321033972315e-06,0,0.9790508217963078,model::roberta_sentiment_profile,RoBERTa + Sentiment Profile,42
11460,1,4.573147634800989e-06,0,0.9790508217963078,model::roberta_sentiment_profile,RoBERTa + Sentiment Profile,42
8845,0,3.849360382446321e-06,0,0.9790508217963078,model::roberta_sentiment_profile,RoBERTa + Sentiment Profile,42
6862,0,2.8747158467012923e-06,0,0.9790508217963078,model::roberta_sentiment_profile,RoBERTa + Sentiment Profile,42
6486,0,2.8954505069123115e-06,0,0.9790508217963078,model::roberta_sentiment_profile,RoBERTa + Sentiment Profile,42
15654,1,3.107347765762825e-06,0,0.9790508217963078,model::roberta_sentiment_profile,RoBERTa + Sentiment Profile,42
19794,0,3.0549570055882214e-06,0,0.9790508217963078,model::roberta_sentiment_profile,RoBERTa + Sentiment Profile,42
19378,1,4.7890252972138114e-06,0,0.9790508217963078,model::roberta_sentiment_profile,RoBERTa + Sentiment Profile,42
8941,0,2.9536897727666656e-06,0,0.9790508217963078,model::roberta_sentiment_profile,RoBERTa + Sentiment Profile,42
17423,0,6.939234481251333e-06,0,0.9790508217963078,model::roberta_sentiment_profile,RoBERTa + Sentiment Profile,42
13739,1,3.76797925127903e-06,0,0.9790508217963078,model::roberta_sentiment_profile,RoBERTa + Sentiment Profile,42
11920,0,3.207630470569711e-06,0,0.9790508217963078,model::roberta_sentiment_profile,RoBERTa + Sentiment Profile,42
5298,0,8.575181709602475e-06,0,0.9790508217963078,model::roberta_sentiment_profile,RoBERTa + Sentiment Profile,42
17987,1,5.0990776799153537e-05,0,0.9790508217963078,model::roberta_sentiment_profile,RoBERTa + Sentiment Profile,42
17579,0,1.5607649402227253e-05,0,0.9790508217963078,model::roberta_sentiment_profile,RoBERTa + Sentiment Profile,42
12541,0,1.0355370250181297e-05,0,0.9790508217963078,model::roberta_sentiment_profile,RoBERTa + Sentiment Profile,42
8477,0,6.16779834672343e-06,0,0.9790508217963078,model::roberta_sentiment_profile,RoBERTa + Sentiment Profile,42
4734,0,2.461248550389428e-05,0,0.9790508217963078,model::roberta_sentiment_profile,RoBERTa + Sentiment Profile,42
7493,0,3.5371519970794907e-06,0,0.9790508217963078,model::roberta_sentiment_profile,RoBERTa + Sentiment Profile,42
15109,1,6.807623867643997e-05,0,0.9790508217963078,model::roberta_sentiment_profile,RoBERTa + Sentiment Profile,42
2100,0,3.799966179940384e-06,0,0.9790508217963078,model::roberta_sentiment_profile,RoBERTa + Sentiment Profile,42
1075,1,4.3136096792295575e-06,0,0.9790508217963078,model::roberta_sentiment_profile,RoBERTa + Sentiment Profile,42
1209,1,4.844187060371041e-06,0,0.9790508217963078,model::roberta_sentiment_profile,RoBERTa + Sentiment Profile,42
4692,1,4.471255579119315e-06,0,0.9790508217963078,model::roberta_sentiment_profile,RoBERTa + Sentiment Profile,42
5307,1,1.18775687951711e-05,0,0.9790508217963078,model::roberta_sentiment_profile,RoBERTa + Sentiment Profile,42
19342,0,3.0089834126556525e-06,0,0.9790508217963078,model::roberta_sentiment_profile,RoBERTa + Sentiment Profile,42
4314,0,0.0010118396021425,0,0.9790508217963078,model::roberta_sentiment_profile,RoBERTa + Sentiment Profile,42
2980,1,3.3639023513387656e-06,0,0.9790508217963078,model::roberta_sentiment_profile,RoBERTa + Sentiment Profile,42
13846,0,0.9997060894966124,1,0.9790508217963078,model::roberta_sentiment_profile,RoBERTa + Sentiment Profile,42
18405,0,3.284473677922506e-06,0,0.9790508217963078,model::roberta_sentiment_profile,RoBERTa + Sentiment Profile,42
9552,1,3.992680831288453e-06,0,0.9790508217963078,model::roberta_sentiment_profile,RoBERTa + Sentiment Profile,42
18882,1,3.454518810031004e-05,0,0.9790508217963078,model::roberta_sentiment_profile,RoBERTa + Sentiment Profile,42
15253,0,3.193504653609125e-06,0,0.9790508217963078,model::roberta_sentiment_profile,RoBERTa + Sentiment Profile,42
4815,0,8.218834409490228e-06,0,0.9790508217963078,model::roberta_sentiment_profile,RoBERTa + Sentiment Profile,42
8531,1,4.136755251238355e-06,0,0.9790508217963078,model::roberta_sentiment_profile,RoBERTa + Sentiment Profile,42
14005,1,4.050137704325607e-06,0,0.9790508217963078,model::roberta_sentiment_profile,RoBERTa + Sentiment Profile,42
3579,1,6.479379408119712e-06,0,0.9790508217963078,model::roberta_sentiment_profile,RoBERTa + Sentiment Profile,42
8311,1,5.724878519686172e-06,0,0.9790508217963078,model::roberta_sentiment_profile,RoBERTa + Sentiment Profile,42
6421,0,3.7423346839204896e-06,0,0.9790508217963078,model::roberta_sentiment_profile,RoBERTa + Sentiment Profile,42
15194,1,0.4933931231498718,0,0.9790508217963078,model::roberta_sentiment_profile,RoBERTa + Sentiment Profile,42
12840,1,3.844290404231288e-06,0,0.9790508217963078,model::roberta_sentiment_profile,RoBERTa + Sentiment Profile,42
15793,0,3.625418230512878e-06,0,0.9790508217963078,model::roberta_sentiment_profile,RoBERTa + Sentiment Profile,42
12661,0,3.3262149372603744e-06,0,0.9790508217963078,model::roberta_sentiment_profile,RoBERTa + Sentiment Profile,42
17329,0,3.818435288849287e-06,0,0.9790508217963078,model::roberta_sentiment_profile,RoBERTa + Sentiment Profile,42
20832,1,1.115678151109023e-05,0,0.9790508217963078,model::roberta_sentiment_profile,RoBERTa + Sentiment Profile,42
6802,0,5.69779194847797e-06,0,0.9790508217963078,model::roberta_sentiment_profile,RoBERTa + Sentiment Profile,42
16815,1,4.542239366855938e-06,0,0.9790508217963078,model::roberta_sentiment_profile,RoBERTa + Sentiment Profile,42
4850,0,0.9996204376220704,1,0.9790508217963078,model::roberta_sentiment_profile,RoBERTa + Sentiment Profile,42
15309,0,3.4403065001242794e-06,0,0.9790508217963078,model::roberta_sentiment_profile,RoBERTa + Sentiment Profile,42
8342,0,0.999462902545929,1,0.9790508217963078,model::roberta_sentiment_profile,RoBERTa + Sentiment Profile,42
8878,1,4.27393115387531e-06,0,0.9790508217963078,model::roberta_sentiment_profile,RoBERTa + Sentiment Profile,42
19332,1,3.086855713263504e-06,0,0.9790508217963078,model::roberta_sentiment_profile,RoBERTa + Sentiment Profile,42
6987,1,9.32592956814915e-06,0,0.9790508217963078,model::roberta_sentiment_profile,RoBERTa + Sentiment Profile,42
17374,1,4.246980552125024e-06,0,0.9790508217963078,model::roberta_sentiment_profile,RoBERTa + Sentiment Profile,42
3848,1,3.749586767298752e-06,0,0.9790508217963078,model::roberta_sentiment_profile,RoBERTa + Sentiment Profile,42
12077,1,3.4017307370959315e-06,0,0.9790508217963078,model::roberta_sentiment_profile,RoBERTa + Sentiment Profile,42
6620,1,4.777115464094095e-06,0,0.9790508217963078,model::roberta_sentiment_profile,RoBERTa + Sentiment Profile,42
14377,0,3.458204082562588e-05,0,0.9790508217963078,model::roberta_sentiment_profile,RoBERTa + Sentiment Profile,42
2816,1,4.707819243776612e-06,0,0.9790508217963078,model::roberta_sentiment_profile,RoBERTa + Sentiment Profile,42
6392,1,4.092029485036619e-06,0,0.9790508217963078,model::roberta_sentiment_profile,RoBERTa + Sentiment Profile,42
16552,1,4.983573944628006e-06,0,0.9790508217963078,model::roberta_sentiment_profile,RoBERTa + Sentiment Profile,42
13603,0,0.9999945163726808,1,0.9790508217963078,model::roberta_sentiment_profile,RoBERTa + Sentiment Profile,42
14546,0,5.583858637692174e-06,0,0.9790508217963078,model::roberta_sentiment_profile,RoBERTa + Sentiment Profile,42
4627,1,4.22020048063132e-06,0,0.9790508217963078,model::roberta_sentiment_profile,RoBERTa + Sentiment Profile,42
12923,1,4.476498816075036e-06,0,0.9790508217963078,model::roberta_sentiment_profile,RoBERTa + Sentiment Profile,42
18722,1,3.5859807212546e-06,0,0.9790508217963078,model::roberta_sentiment_profile,RoBERTa + Sentiment Profile,42
7617,1,4.2355541154393e-06,0,0.9790508217963078,model::roberta_sentiment_profile,RoBERTa + Sentiment Profile,42
4668,0,3.546417246980127e-06,0,0.9790508217963078,model::roberta_sentiment_profile,RoBERTa + Sentiment Profile,42
6499,0,7.888676009315532e-06,0,0.9790508217963078,model::roberta_sentiment_profile,RoBERTa + Sentiment Profile,42
8288,0,3.4699157822615234e-06,0,0.9790508217963078,model::roberta_sentiment_profile,RoBERTa + Sentiment Profile,42
2725,0,7.434243798343232e-06,0,0.9790508217963078,model::roberta_sentiment_profile,RoBERTa + Sentiment Profile,42
18557,0,7.462385838152841e-06,0,0.9790508217963078,model::roberta_sentiment_profile,RoBERTa + Sentiment Profile,42
2093,0,3.13437226395763e-06,0,0.9790508217963078,model::roberta_sentiment_profile,RoBERTa + Sentiment Profile,42
8843,0,7.140177785913693e-06,0,0.9790508217963078,model::roberta_sentiment_profile,RoBERTa + Sentiment Profile,42
16318,0,6.6824550231103785e-06,0,0.9790508217963078,model::roberta_sentiment_profile,RoBERTa + Sentiment Profile,42
4469,1,4.14591431763256e-06,0,0.9790508217963078,model::roberta_sentiment_profile,RoBERTa + Sentiment Profile,42
20318,0,1.0875091902562415e-05,0,0.9790508217963078,model::roberta_sentiment_profile,RoBERTa + Sentiment Profile,42
18224,1,3.3244514270336367e-06,0,0.9790508217963078,model::roberta_sentiment_profile,RoBERTa + Sentiment Profile,42
20399,1,4.275382252671989e-06,0,0.9790508217963078,model::roberta_sentiment_profile,RoBERTa + Sentiment Profile,42
6939,0,1.1424184776842594e-05,0,0.9790508217963078,model::roberta_sentiment_profile,RoBERTa + Sentiment Profile,42
9990,0,9.86683699011337e-06,0,0.9790508217963078,model::roberta_sentiment_profile,RoBERTa + Sentiment Profile,42
10238,1,3.799372279900126e-06,0,0.9790508217963078,model::roberta_sentiment_profile,RoBERTa + Sentiment Profile,42
20987,0,4.468537736102007e-05,0,0.9790508217963078,model::roberta_sentiment_profile,RoBERTa + Sentiment Profile,42
15757,1,3.7184104257903527e-06,0,0.9790508217963078,model::roberta_sentiment_profile,RoBERTa + Sentiment Profile,42
18082,0,3.616553840402048e-06,0,0.9790508217963078,model::roberta_sentiment_profile,RoBERTa + Sentiment Profile,42
1506,1,4.488464583118912e-06,0,0.9790508217963078,model::roberta_sentiment_profile,RoBERTa + Sentiment Profile,42
19964,0,4.020846517960308e-06,0,0.9790508217963078,model::roberta_sentiment_profile,RoBERTa + Sentiment Profile,42
12627,1,4.191234438621905e-06,0,0.9790508217963078,model::roberta_sentiment_profile,RoBERTa + Sentiment Profile,42
12100,0,5.723170033888891e-06,0,0.9790508217963078,model::roberta_sentiment_profile,RoBERTa + Sentiment Profile,42
8388,1,4.994869868824026e-06,0,0.9790508217963078,model::roberta_sentiment_profile,RoBERTa + Sentiment Profile,42
21083,0,6.614530320803169e-06,0,0.9790508217963078,model::roberta_sentiment_profile,RoBERTa + Sentiment Profile,42
18678,1,5.205857178225415e-06,0,0.9790508217963078,model::roberta_sentiment_profile,RoBERTa + Sentiment Profile,42
832,0,9.7406564236735e-06,0,0.9790508217963078,model::roberta_sentiment_profile,RoBERTa + Sentiment Profile,42
6428,1,1.2189002518425696e-05,0,0.9790508217963078,model::roberta_sentiment_profile,RoBERTa + Sentiment Profile,42
14122,1,4.019209427497117e-06,0,0.9790508217963078,model::roberta_sentiment_profile,RoBERTa + Sentiment Profile,42
10830,0,5.090130798635073e-06,0,0.9790508217963078,model::roberta_sentiment_profile,RoBERTa + Sentiment Profile,42
6650,1,5.201385647524148e-06,0,0.9790508217963078,model::roberta_sentiment_profile,RoBERTa + Sentiment Profile,42
2349,1,4.243239800416632e-06,0,0.9790508217963078,model::roberta_sentiment_profile,RoBERTa + Sentiment Profile,42
17693,0,2.8476397346821614e-06,0,0.9790508217963078,model::roberta_sentiment_profile,RoBERTa + Sentiment Profile,42
1505,1,1.7253096302738413e-05,0,0.9790508217963078,model::roberta_sentiment_profile,RoBERTa + Sentiment Profile,42
20743,0,1.039990547724301e-05,0,0.9790508217963078,model::roberta_sentiment_profile,RoBERTa + Sentiment Profile,42
208,1,3.515039452395285e-06,0,0.9790508217963078,model::roberta_sentiment_profile,RoBERTa + Sentiment Profile,42
5140,1,5.475685156852705e-06,0,0.9790508217963078,model::roberta_sentiment_profile,RoBERTa + Sentiment Profile,42
3077,1,2.040388972091023e-05,0,0.9790508217963078,model::roberta_sentiment_profile,RoBERTa + Sentiment Profile,42
10906,1,5.077094556327211e-06,0,0.9790508217963078,model::roberta_sentiment_profile,RoBERTa + Sentiment Profile,42
16467,1,4.409650046000024e-06,0,0.9790508217963078,model::roberta_sentiment_profile,RoBERTa + Sentiment Profile,42
18995,1,3.606723566917936e-06,0,0.9790508217963078,model::roberta_sentiment_profile,RoBERTa + Sentiment Profile,42
13964,0,3.313013166916789e-06,0,0.9790508217963078,model::roberta_sentiment_profile,RoBERTa + Sentiment Profile,42
19122,1,5.089028945803875e-06,0,0.9790508217963078,model::roberta_sentiment_profile,RoBERTa + Sentiment Profile,42
12284,1,3.944178388337605e-06,0,0.9790508217963078,model::roberta_sentiment_profile,RoBERTa + Sentiment Profile,42
15030,0,3.966033091273857e-06,0,0.9790508217963078,model::roberta_sentiment_profile,RoBERTa + Sentiment Profile,42
8464,0,2.5921558517438825e-06,0,0.9790508217963078,model::roberta_sentiment_profile,RoBERTa + Sentiment Profile,42
8716,1,3.2535417631152086e-06,0,0.9790508217963078,model::roberta_sentiment_profile,RoBERTa + Sentiment Profile,42
1028,0,3.236897555325413e-06,0,0.9790508217963078,model::roberta_sentiment_profile,RoBERTa + Sentiment Profile,42
5908,1,3.862428911816096e-06,0,0.9790508217963078,model::roberta_sentiment_profile,RoBERTa + Sentiment Profile,42
12457,1,3.6577118862624047e-06,0,0.9790508217963078,model::roberta_sentiment_profile,RoBERTa + Sentiment Profile,42
17102,1,4.246377102390397e-06,0,0.9790508217963078,model::roberta_sentiment_profile,RoBERTa + Sentiment Profile,42
10844,0,5.910660183872096e-05,0,0.9790508217963078,model::roberta_sentiment_profile,RoBERTa + Sentiment Profile,42
20782,1,4.266160885890713e-06,0,0.9790508217963078,model::roberta_sentiment_profile,RoBERTa + Sentiment Profile,42
16211,0,5.681189122697106e-06,0,0.9790508217963078,model::roberta_sentiment_profile,RoBERTa + Sentiment Profile,42
18610,1,3.4296929243282648e-06,0,0.9790508217963078,model::roberta_sentiment_profile,RoBERTa + Sentiment Profile,42
6018,1,3.79855327992118e-06,0,0.9790508217963078,model::roberta_sentiment_profile,RoBERTa + Sentiment Profile,42
15466,1,5.82450547881308e-06,0,0.9790508217963078,model::roberta_sentiment_profile,RoBERTa + Sentiment Profile,42
716,0,5.316086571838241e-06,0,0.9790508217963078,model::roberta_sentiment_profile,RoBERTa + Sentiment Profile,42
9034,0,3.4806009807653027e-06,0,0.9790508217963078,model::roberta_sentiment_profile,RoBERTa + Sentiment Profile,42
13710,0,5.376253739086678e-06,0,0.9790508217963078,model::roberta_sentiment_profile,RoBERTa + Sentiment Profile,42
2365,1,5.513660653377883e-06,0,0.9790508217963078,model::roberta_sentiment_profile,RoBERTa + Sentiment Profile,42
19049,0,4.167531369603239e-05,0,0.9790508217963078,model::roberta_sentiment_profile,RoBERTa + Sentiment Profile,42
6730,1,4.142535090068122e-06,0,0.9790508217963078,model::roberta_sentiment_profile,RoBERTa + Sentiment Profile,42
3653,0,0.997244119644165,1,0.9790508217963078,model::roberta_sentiment_profile,RoBERTa + Sentiment Profile,42
18153,1,1.0878670764213894e-05,0,0.9790508217963078,model::roberta_sentiment_profile,RoBERTa + Sentiment Profile,42
2392,1,5.228700047155144e-06,0,0.9790508217963078,model::roberta_sentiment_profile,RoBERTa + Sentiment Profile,42
12733,0,5.063452772446908e-05,0,0.9790508217963078,model::roberta_sentiment_profile,RoBERTa + Sentiment Profile,42
9310,0,3.0833309665467823e-06,0,0.9790508217963078,model::roberta_sentiment_profile,RoBERTa + Sentiment Profile,42
7591,1,5.181439064472215e-06,0,0.9790508217963078,model::roberta_sentiment_profile,RoBERTa + Sentiment Profile,42
20265,0,0.8879346251487732,0,0.9790508217963078,model::roberta_sentiment_profile,RoBERTa + Sentiment Profile,42
12991,1,6.003563612466678e-06,0,0.9790508217963078,model::roberta_sentiment_profile,RoBERTa + Sentiment Profile,42
4602,1,0.9998812675476074,1,0.9790508217963078,model::roberta_sentiment_profile,RoBERTa + Sentiment Profile,42
5286,1,3.956505224778084e-06,0,0.9790508217963078,model::roberta_sentiment_profile,RoBERTa + Sentiment Profile,42
1544,0,3.7998863717803033e-06,0,0.9790508217963078,model::roberta_sentiment_profile,RoBERTa + Sentiment Profile,42
12179,0,2.559226686571492e-06,0,0.9790508217963078,model::roberta_sentiment_profile,RoBERTa + Sentiment Profile,42
18950,0,7.673873915337026e-05,0,0.9790508217963078,model::roberta_sentiment_profile,RoBERTa + Sentiment Profile,42
299,1,6.696330274280626e-06,0,0.9790508217963078,model::roberta_sentiment_profile,RoBERTa + Sentiment Profile,42
9220,1,4.056276338815224e-06,0,0.9790508217963078,model::roberta_sentiment_profile,RoBERTa + Sentiment Profile,42
5996,0,2.8418664896889823e-06,0,0.9790508217963078,model::roberta_sentiment_profile,RoBERTa + Sentiment Profile,42
18391,1,4.355558758106781e-06,0,0.9790508217963078,model::roberta_sentiment_profile,RoBERTa + Sentiment Profile,42
1344,0,2.483574007783318e-06,0,0.9790508217963078,model::roberta_sentiment_profile,RoBERTa + Sentiment Profile,42
18727,1,5.106769094709307e-06,0,0.9790508217963078,model::roberta_sentiment_profile,RoBERTa + Sentiment Profile,42
2307,1,3.3940189041459234e-06,0,0.9790508217963078,model::roberta_sentiment_profile,RoBERTa + Sentiment Profile,42
6844,1,3.018355528183747e-06,0,0.9790508217963078,model::roberta_sentiment_profile,RoBERTa + Sentiment Profile,42
18049,1,4.361502760730218e-06,0,0.9790508217963078,model::roberta_sentiment_profile,RoBERTa + Sentiment Profile,42
16513,0,3.0579360554838786e-06,0,0.9790508217963078,model::roberta_sentiment_profile,RoBERTa + Sentiment Profile,42
1636,1,4.88129626319278e-06,0,0.9790508217963078,model::roberta_sentiment_profile,RoBERTa + Sentiment Profile,42
5741,1,1.4727277630299795e-05,0,0.9790508217963078,model::roberta_sentiment_profile,RoBERTa + Sentiment Profile,42
7792,0,8.981569408206269e-06,0,0.9790508217963078,model::roberta_sentiment_profile,RoBERTa + Sentiment Profile,42
17869,1,4.856556188315153e-06,0,0.9790508217963078,model::roberta_sentiment_profile,RoBERTa + Sentiment Profile,42
5132,1,7.493036264349939e-06,0,0.9790508217963078,model::roberta_sentiment_profile,RoBERTa + Sentiment Profile,42
4576,1,3.3599267226236407e-06,0,0.9790508217963078,model::roberta_sentiment_profile,RoBERTa + Sentiment Profile,42
5222,0,3.3893352338054683e-06,0,0.9790508217963078,model::roberta_sentiment_profile,RoBERTa + Sentiment Profile,42
7317,1,3.6025228382641217e-06,0,0.9790508217963078,model::roberta_sentiment_profile,RoBERTa + Sentiment Profile,42
20554,0,2.4474855308653787e-05,0,0.9790508217963078,model::roberta_sentiment_profile,RoBERTa + Sentiment Profile,42
3513,0,2.528214508856763e-06,0,0.9790508217963078,model::roberta_sentiment_profile,RoBERTa + Sentiment Profile,42
905,1,3.635929942902294e-06,0,0.9790508217963078,model::roberta_sentiment_profile,RoBERTa + Sentiment Profile,42
20667,0,4.418662138050422e-05,0,0.9790508217963078,model::roberta_sentiment_profile,RoBERTa + Sentiment Profile,42
9661,0,0.0040277880616486,0,0.9790508217963078,model::roberta_sentiment_profile,RoBERTa + Sentiment Profile,42
10254,1,6.394213414750993e-06,0,0.9790508217963078,model::roberta_sentiment_profile,RoBERTa + Sentiment Profile,42
8912,0,4.178742074145703e-06,0,0.9790508217963078,model::roberta_sentiment_profile,RoBERTa + Sentiment Profile,42
4089,0,4.2076221689058e-06,0,0.9790508217963078,model::roberta_sentiment_profile,RoBERTa + Sentiment Profile,42
17783,1,6.043821031198604e-06,0,0.9790508217963078,model::roberta_sentiment_profile,RoBERTa + Sentiment Profile,42
16845,1,5.462036369863199e-06,0,0.9790508217963078,model::roberta_sentiment_profile,RoBERTa + Sentiment Profile,42
17988,1,4.110129793843953e-06,0,0.9790508217963078,model::roberta_sentiment_profile,RoBERTa + Sentiment Profile,42
20016,0,3.550105702743167e-06,0,0.9790508217963078,model::roberta_sentiment_profile,RoBERTa + Sentiment Profile,42
20641,1,4.639881808543578e-06,0,0.9790508217963078,model::roberta_sentiment_profile,RoBERTa + Sentiment Profile,42
16492,1,4.703385457105469e-06,0,0.9790508217963078,model::roberta_sentiment_profile,RoBERTa + Sentiment Profile,42
5336,0,4.604063633451005e-06,0,0.9790508217963078,model::roberta_sentiment_profile,RoBERTa + Sentiment Profile,42
17733,1,4.267491476639407e-06,0,0.9790508217963078,model::roberta_sentiment_profile,RoBERTa + Sentiment Profile,42
14810,1,5.710673576686531e-06,0,0.9790508217963078,model::roberta_sentiment_profile,RoBERTa + Sentiment Profile,42
9299,1,4.5024403334537055e-06,0,0.9790508217963078,model::roberta_sentiment_profile,RoBERTa + Sentiment Profile,42
16433,0,0.9998725652694702,1,0.9790508217963078,model::roberta_sentiment_profile,RoBERTa + Sentiment Profile,42
1734,1,8.29594318929594e-06,0,0.9790508217963078,model::roberta_sentiment_profile,RoBERTa + Sentiment Profile,42
6052,0,5.583145139098633e-06,0,0.9790508217963078,model::roberta_sentiment_profile,RoBERTa + Sentiment Profile,42
5806,1,4.504601292865118e-06,0,0.9790508217963078,model::roberta_sentiment_profile,RoBERTa + Sentiment Profile,42
15588,0,2.659849769770517e-06,0,0.9790508217963078,model::roberta_sentiment_profile,RoBERTa + Sentiment Profile,42
15626,1,6.162917998153716e-06,0,0.9790508217963078,model::roberta_sentiment_profile,RoBERTa + Sentiment Profile,42
9918,1,3.942396233469481e-06,0,0.9790508217963078,model::roberta_sentiment_profile,RoBERTa + Sentiment Profile,42
14579,0,1.329791484749876e-05,0,0.9790508217963078,model::roberta_sentiment_profile,RoBERTa + Sentiment Profile,42
16056,1,6.878073236293858e-06,0,0.9790508217963078,model::roberta_sentiment_profile,RoBERTa + Sentiment Profile,42
13238,0,4.063992946612416e-06,0,0.9790508217963078,model::roberta_sentiment_profile,RoBERTa + Sentiment Profile,42
11787,1,7.649936378584243e-06,0,0.9790508217963078,model::roberta_sentiment_profile,RoBERTa + Sentiment Profile,42
10176,1,4.35904121331987e-06,0,0.9790508217963078,model::roberta_sentiment_profile,RoBERTa + Sentiment Profile,42
1360,0,1.6781377780716866e-05,0,0.9790508217963078,model::roberta_sentiment_profile,RoBERTa + Sentiment Profile,42
3883,0,6.091740488045616e-06,0,0.9790508217963078,model::roberta_sentiment_profile,RoBERTa + Sentiment Profile,42
5387,0,2.769692218862474e-05,0,0.9790508217963078,model::roberta_sentiment_profile,RoBERTa + Sentiment Profile,42
20307,1,3.889782419719268e-06,0,0.9790508217963078,model::roberta_sentiment_profile,RoBERTa + Sentiment Profile,42
1963,0,5.084857093606843e-06,0,0.9790508217963078,model::roberta_sentiment_profile,RoBERTa + Sentiment Profile,42
16002,0,3.587537094063009e-06,0,0.9790508217963078,model::roberta_sentiment_profile,RoBERTa + Sentiment Profile,42
19416,0,4.271747002349002e-06,0,0.9790508217963078,model::roberta_sentiment_profile,RoBERTa + Sentiment Profile,42
5518,0,7.066461876092944e-06,0,0.9790508217963078,model::roberta_sentiment_profile,RoBERTa + Sentiment Profile,42
17651,0,4.0278582673636265e-06,0,0.9790508217963078,model::roberta_sentiment_profile,RoBERTa + Sentiment Profile,42
8179,0,3.521467533573741e-06,0,0.9790508217963078,model::roberta_sentiment_profile,RoBERTa + Sentiment Profile,42
10276,0,6.304363068920793e-06,0,0.9790508217963078,model::roberta_sentiment_profile,RoBERTa + Sentiment Profile,42
13812,0,4.878755589743378e-06,0,0.9790508217963078,model::roberta_sentiment_profile,RoBERTa + Sentiment Profile,42
12745,0,3.4052882256219164e-06,0,0.9790508217963078,model::roberta_sentiment_profile,RoBERTa + Sentiment Profile,42
11182,0,0.0011177548440173,0,0.9790508217963078,model::roberta_sentiment_profile,RoBERTa + Sentiment Profile,42
13950,0,4.426352006703382e-06,0,0.9790508217963078,model::roberta_sentiment_profile,RoBERTa + Sentiment Profile,42
16749,1,3.8053769912949065e-06,0,0.9790508217963078,model::roberta_sentiment_profile,RoBERTa + Sentiment Profile,42
6368,0,0.9999728202819824,1,0.9790508217963078,model::roberta_sentiment_profile,RoBERTa + Sentiment Profile,42
9739,1,4.408581844472792e-06,0,0.9790508217963078,model::roberta_sentiment_profile,RoBERTa + Sentiment Profile,42
7749,0,3.286101491539739e-05,0,0.9790508217963078,model::roberta_sentiment_profile,RoBERTa + Sentiment Profile,42
20739,0,2.882160515582654e-06,0,0.9790508217963078,model::roberta_sentiment_profile,RoBERTa + Sentiment Profile,42
19228,1,4.5697861423832364e-06,0,0.9790508217963078,model::roberta_sentiment_profile,RoBERTa + Sentiment Profile,42
2161,0,6.943544576643035e-06,0,0.9790508217963078,model::roberta_sentiment_profile,RoBERTa + Sentiment Profile,42
6302,0,8.450547466054559e-05,0,0.9790508217963078,model::roberta_sentiment_profile,RoBERTa + Sentiment Profile,42
6784,1,5.0275734793103766e-06,0,0.9790508217963078,model::roberta_sentiment_profile,RoBERTa + Sentiment Profile,42
20887,1,5.043799774284707e-06,0,0.9790508217963078,model::roberta_sentiment_profile,RoBERTa + Sentiment Profile,42
5202,0,1.0832394764292984e-05,0,0.9790508217963078,model::roberta_sentiment_profile,RoBERTa + Sentiment Profile,42
6877,1,3.8939247133384924e-06,0,0.9790508217963078,model::roberta_sentiment_profile,RoBERTa + Sentiment Profile,42
11013,0,0.002941319020465,0,0.9790508217963078,model::roberta_sentiment_profile,RoBERTa + Sentiment Profile,42
17333,1,3.006063707289286e-06,0,0.9790508217963078,model::roberta_sentiment_profile,RoBERTa + Sentiment Profile,42
16463,0,0.0001431936252629,0,0.9790508217963078,model::roberta_sentiment_profile,RoBERTa + Sentiment Profile,42
12128,1,6.847379154351074e-06,0,0.9790508217963078,model::roberta_sentiment_profile,RoBERTa + Sentiment Profile,42
20941,0,1.809504828997888e-05,0,0.9790508217963078,model::roberta_sentiment_profile,RoBERTa + Sentiment Profile,42
5545,1,4.794367214344675e-06,0,0.9790508217963078,model::roberta_sentiment_profile,RoBERTa + Sentiment Profile,42
16670,1,5.350652827473823e-06,0,0.9790508217963078,model::roberta_sentiment_profile,RoBERTa + Sentiment Profile,42
17613,1,6.012954600009834e-06,0,0.9790508217963078,model::roberta_sentiment_profile,RoBERTa + Sentiment Profile,42
3261,1,6.518026566482149e-06,0,0.9790508217963078,model::roberta_sentiment_profile,RoBERTa + Sentiment Profile,42
9418,0,0.000107671272417,0,0.9790508217963078,model::roberta_sentiment_profile,RoBERTa + Sentiment Profile,42
7179,1,4.126880867261207e-06,0,0.9790508217963078,model::roberta_sentiment_profile,RoBERTa + Sentiment Profile,42
8831,0,3.0012454317329684e-06,0,0.9790508217963078,model::roberta_sentiment_profile,RoBERTa + Sentiment Profile,42
16949,1,5.762965429312317e-06,0,0.9790508217963078,model::roberta_sentiment_profile,RoBERTa + Sentiment Profile,42
1284,0,4.188812908978434e-06,0,0.9790508217963078,model::roberta_sentiment_profile,RoBERTa + Sentiment Profile,42
12243,1,4.593818175635533e-06,0,0.9790508217963078,model::roberta_sentiment_profile,RoBERTa + Sentiment Profile,42
11706,1,4.463915047381306e-06,0,0.9790508217963078,model::roberta_sentiment_profile,RoBERTa + Sentiment Profile,42
20237,0,0.0020289013627916,0,0.9790508217963078,model::roberta_sentiment_profile,RoBERTa + Sentiment Profile,42
835,0,4.440071279532276e-06,0,0.9790508217963078,model::roberta_sentiment_profile,RoBERTa + Sentiment Profile,42
16194,1,4.372288913145894e-06,0,0.9790508217963078,model::roberta_sentiment_profile,RoBERTa + Sentiment Profile,42
2330,1,4.22042603531736e-06,0,0.9790508217963078,model::roberta_sentiment_profile,RoBERTa + Sentiment Profile,42
13622,1,5.49726883036783e-06,0,0.9790508217963078,model::roberta_sentiment_profile,RoBERTa + Sentiment Profile,42
18058,1,4.343662567407591e-06,0,0.9790508217963078,model::roberta_sentiment_profile,RoBERTa + Sentiment Profile,42
5015,0,1.002338103717193e-05,0,0.9790508217963078,model::roberta_sentiment_profile,RoBERTa + Sentiment Profile,42
10920,0,0.0027582556940615,0,0.9790508217963078,model::roberta_sentiment_profile,RoBERTa + Sentiment Profile,42
13464,0,8.441592399321962e-06,0,0.9790508217963078,model::roberta_sentiment_profile,RoBERTa + Sentiment Profile,42
20656,1,0.99943608045578,1,0.9790508217963078,model::roberta_sentiment_profile,RoBERTa + Sentiment Profile,42
12789,0,4.213709416944766e-06,0,0.9790508217963078,model::roberta_sentiment_profile,RoBERTa + Sentiment Profile,42
19212,1,7.432953225361416e-06,0,0.9790508217963078,model::roberta_sentiment_profile,RoBERTa + Sentiment Profile,42
19282,1,2.317646976734977e-05,0,0.9790508217963078,model::roberta_sentiment_profile,RoBERTa + Sentiment Profile,42
288,0,3.916994501196314e-06,0,0.9790508217963078,model::roberta_sentiment_profile,RoBERTa + Sentiment Profile,42
15250,0,5.4827864914841484e-06,0,0.9790508217963078,model::roberta_sentiment_profile,RoBERTa + Sentiment Profile,42
10506,0,3.134297458018409e-06,0,0.9790508217963078,model::roberta_sentiment_profile,RoBERTa + Sentiment Profile,42
3269,1,3.811297119682422e-06,0,0.9790508217963078,model::roberta_sentiment_profile,RoBERTa + Sentiment Profile,42
2241,1,5.929535745963221e-06,0,0.9790508217963078,model::roberta_sentiment_profile,RoBERTa + Sentiment Profile,42
12807,1,5.104899173602462e-06,0,0.9790508217963078,model::roberta_sentiment_profile,RoBERTa + Sentiment Profile,42
21086,0,6.331549684546189e-06,0,0.9790508217963078,model::roberta_sentiment_profile,RoBERTa + Sentiment Profile,42
20188,0,1.970280027308036e-05,0,0.9790508217963078,model::roberta_sentiment_profile,RoBERTa + Sentiment Profile,42
11548,0,4.696832547779195e-06,0,0.9790508217963078,model::roberta_sentiment_profile,RoBERTa + Sentiment Profile,42
12955,1,4.282483132556081e-06,0,0.9790508217963078,model::roberta_sentiment_profile,RoBERTa + Sentiment Profile,42
10288,1,3.218720166842104e-06,0,0.9790508217963078,model::roberta_sentiment_profile,RoBERTa + Sentiment Profile,42
6633,1,4.240371708874591e-06,0,0.9790508217963078,model::roberta_sentiment_profile,RoBERTa + Sentiment Profile,42
13995,0,3.220347480237251e-06,0,0.9790508217963078,model::roberta_sentiment_profile,RoBERTa + Sentiment Profile,42
14659,1,3.7461306874320144e-06,0,0.9790508217963078,model::roberta_sentiment_profile,RoBERTa + Sentiment Profile,42
3708,1,4.4470507418736815e-06,0,0.9790508217963078,model::roberta_sentiment_profile,RoBERTa + Sentiment Profile,42
14245,0,1.599855204403866e-05,0,0.9790508217963078,model::roberta_sentiment_profile,RoBERTa + Sentiment Profile,42
10751,0,3.5999332794744987e-06,0,0.9790508217963078,model::roberta_sentiment_profile,RoBERTa + Sentiment Profile,42
20867,1,5.814183168695308e-06,0,0.9790508217963078,model::roberta_sentiment_profile,RoBERTa + Sentiment Profile,42
16297,1,4.333591277827509e-06,0,0.9790508217963078,model::roberta_sentiment_profile,RoBERTa + Sentiment Profile,42
19176,0,3.085754769927007e-06,0,0.9790508217963078,model::roberta_sentiment_profile,RoBERTa + Sentiment Profile,42
10463,1,3.995590759586776e-06,0,0.9790508217963078,model::roberta_sentiment_profile,RoBERTa + Sentiment Profile,42
5943,0,3.378040673851501e-06,0,0.9790508217963078,model::roberta_sentiment_profile,RoBERTa + Sentiment Profile,42
6274,0,1.601978874532506e-05,0,0.9790508217963078,model::roberta_sentiment_profile,RoBERTa + Sentiment Profile,42
7012,1,3.8097855394880753e-06,0,0.9790508217963078,model::roberta_sentiment_profile,RoBERTa + Sentiment Profile,42
2528,0,3.8138350646477193e-06,0,0.9790508217963078,model::roberta_sentiment_profile,RoBERTa + Sentiment Profile,42
5244,1,4.371117483970011e-06,0,0.9790508217963078,model::roberta_sentiment_profile,RoBERTa + Sentiment Profile,42
3228,1,4.88407158627524e-06,0,0.9790508217963078,model::roberta_sentiment_profile,RoBERTa + Sentiment Profile,42
13679,1,4.500783234107075e-06,0,0.9790508217963078,model::roberta_sentiment_profile,RoBERTa + Sentiment Profile,42
2353,0,4.184284989605658e-06,0,0.9790508217963078,model::roberta_sentiment_profile,RoBERTa + Sentiment Profile,42
17868,0,4.20885817220551e-06,0,0.9790508217963078,model::roberta_sentiment_profile,RoBERTa + Sentiment Profile,42
10911,0,0.0001296048867516,0,0.9790508217963078,model::roberta_sentiment_profile,RoBERTa + Sentiment Profile,42
17795,0,9.371146916237194e-06,0,0.9790508217963078,model::roberta_sentiment_profile,RoBERTa + Sentiment Profile,42
4064,0,4.455328053154517e-06,0,0.9790508217963078,model::roberta_sentiment_profile,RoBERTa + Sentiment Profile,42
11220,1,3.954226940550143e-06,0,0.9790508217963078,model::roberta_sentiment_profile,RoBERTa + Sentiment Profile,42
6330,0,3.824711257038871e-06,0,0.9790508217963078,model::roberta_sentiment_profile,RoBERTa + Sentiment Profile,42
3160,1,4.566127245198004e-06,0,0.9790508217963078,model::roberta_sentiment_profile,RoBERTa + Sentiment Profile,42
9211,0,3.811322585534072e-06,0,0.9790508217963078,model::roberta_sentiment_profile,RoBERTa + Sentiment Profile,42
13829,1,4.905885816697264e-06,0,0.9790508217963078,model::roberta_sentiment_profile,RoBERTa + Sentiment Profile,42
20040,0,4.398838427732699e-06,0,0.9790508217963078,model::roberta_sentiment_profile,RoBERTa + Sentiment Profile,42
8151,0,1.5741090464871377e-05,0,0.9790508217963078,model::roberta_sentiment_profile,RoBERTa + Sentiment Profile,42
19258,1,4.663468644139357e-06,0,0.9790508217963078,model::roberta_sentiment_profile,RoBERTa + Sentiment Profile,42
18899,0,3.06306151287572e-06,0,0.9790508217963078,model::roberta_sentiment_profile,RoBERTa + Sentiment Profile,42
21008,0,3.86169222110766e-06,0,0.9790508217963078,model::roberta_sentiment_profile,RoBERTa + Sentiment Profile,42
17324,1,3.4016593417618424e-06,0,0.9790508217963078,model::roberta_sentiment_profile,RoBERTa + Sentiment Profile,42
944,1,7.700969945290126e-06,0,0.9790508217963078,model::roberta_sentiment_profile,RoBERTa + Sentiment Profile,42
8278,0,4.100255864614155e-06,0,0.9790508217963078,model::roberta_sentiment_profile,RoBERTa + Sentiment Profile,42
17555,1,4.569925749819959e-06,0,0.9790508217963078,model::roberta_sentiment_profile,RoBERTa + Sentiment Profile,42
3857,1,3.852690952044213e-06,0,0.9790508217963078,model::roberta_sentiment_profile,RoBERTa + Sentiment Profile,42
12737,1,4.6743284656258766e-06,0,0.9790508217963078,model::roberta_sentiment_profile,RoBERTa + Sentiment Profile,42
15545,0,2.085645428451244e-05,0,0.9790508217963078,model::roberta_sentiment_profile,RoBERTa + Sentiment Profile,42
8693,1,4.187566446489655e-06,0,0.9790508217963078,model::roberta_sentiment_profile,RoBERTa + Sentiment Profile,42
2521,1,5.193920969759347e-06,0,0.9790508217963078,model::roberta_sentiment_profile,RoBERTa + Sentiment Profile,42
5398,1,5.089892965770559e-06,0,0.9790508217963078,model::roberta_sentiment_profile,RoBERTa + Sentiment Profile,42
14372,1,3.403197524676216e-06,0,0.9790508217963078,model::roberta_sentiment_profile,RoBERTa + Sentiment Profile,42
14629,0,3.888395440299064e-06,0,0.9790508217963078,model::roberta_sentiment_profile,RoBERTa + Sentiment Profile,42
5149,0,3.821598875219934e-05,0,0.9790508217963078,model::roberta_sentiment_profile,RoBERTa + Sentiment Profile,42
1411,1,5.046908427175367e-06,0,0.9790508217963078,model::roberta_sentiment_profile,RoBERTa + Sentiment Profile,42
20931,1,6.42385748506058e-06,0,0.9790508217963078,model::roberta_sentiment_profile,RoBERTa + Sentiment Profile,42
7180,0,1.3888614375900945e-05,0,0.9790508217963078,model::roberta_sentiment_profile,RoBERTa + Sentiment Profile,42
2091,0,7.766581802570727e-06,0,0.9790508217963078,model::roberta_sentiment_profile,RoBERTa + Sentiment Profile,42
2141,1,7.384181571978843e-06,0,0.9790508217963078,model::roberta_sentiment_profile,RoBERTa + Sentiment Profile,42
6695,0,4.119657205592375e-06,0,0.9790508217963078,model::roberta_sentiment_profile,RoBERTa + Sentiment Profile,42
7950,0,2.7405685614212416e-06,0,0.9790508217963078,model::roberta_sentiment_profile,RoBERTa + Sentiment Profile,42
17601,1,3.80348319595214e-06,0,0.9790508217963078,model::roberta_sentiment_profile,RoBERTa + Sentiment Profile,42
14362,0,0.9944137334823608,1,0.9790508217963078,model::roberta_sentiment_profile,RoBERTa + Sentiment Profile,42
9196,1,3.764085931834416e-06,0,0.9790508217963078,model::roberta_sentiment_profile,RoBERTa + Sentiment Profile,42
18311,1,4.234059815644287e-06,0,0.9790508217963078,model::roberta_sentiment_profile,RoBERTa + Sentiment Profile,42
18325,0,8.907271876523737e-06,0,0.9790508217963078,model::roberta_sentiment_profile,RoBERTa + Sentiment Profile,42
2602,0,7.035757789708441e-06,0,0.9790508217963078,model::roberta_sentiment_profile,RoBERTa + Sentiment Profile,42
17256,0,3.2328377983503742e-06,0,0.9790508217963078,model::roberta_sentiment_profile,RoBERTa + Sentiment Profile,42
2691,1,4.4502921809908e-06,0,0.9790508217963078,model::roberta_sentiment_profile,RoBERTa + Sentiment Profile,42
19058,0,7.094995089573786e-05,0,0.9790508217963078,model::roberta_sentiment_profile,RoBERTa + Sentiment Profile,42
9185,1,4.451132099347888e-06,0,0.9790508217963078,model::roberta_sentiment_profile,RoBERTa + Sentiment Profile,42
20745,0,8.02354043116793e-06,0,0.9790508217963078,model::roberta_sentiment_profile,RoBERTa + Sentiment Profile,42
9544,0,4.170353804511251e-06,0,0.9790508217963078,model::roberta_sentiment_profile,RoBERTa + Sentiment Profile,42
11431,1,3.71325063497352e-06,0,0.9790508217963078,model::roberta_sentiment_profile,RoBERTa + Sentiment Profile,42
11528,0,0.0030422110576182,0,0.9790508217963078,model::roberta_sentiment_profile,RoBERTa + Sentiment Profile,42
12441,0,0.9829819798469543,1,0.9790508217963078,model::roberta_sentiment_profile,RoBERTa + Sentiment Profile,42
11925,0,8.49073057906935e-06,0,0.9790508217963078,model::roberta_sentiment_profile,RoBERTa + Sentiment Profile,42
2900,0,7.268668559845537e-05,0,0.9790508217963078,model::roberta_sentiment_profile,RoBERTa + Sentiment Profile,42
16701,1,3.7084378163854126e-06,0,0.9790508217963078,model::roberta_sentiment_profile,RoBERTa + Sentiment Profile,42
5660,0,0.0001327178324572,0,0.9790508217963078,model::roberta_sentiment_profile,RoBERTa + Sentiment Profile,42
346,1,4.261777121428168e-06,0,0.9790508217963078,model::roberta_sentiment_profile,RoBERTa + Sentiment Profile,42
13438,1,4.473059561860282e-06,0,0.9790508217963078,model::roberta_sentiment_profile,RoBERTa + Sentiment Profile,42
1650,0,6.976812073844485e-06,0,0.9790508217963078,model::roberta_sentiment_profile,RoBERTa + Sentiment Profile,42
7861,0,9.24503638088936e-06,0,0.9790508217963078,model::roberta_sentiment_profile,RoBERTa + Sentiment Profile,42
21098,0,3.576506514946232e-06,0,0.9790508217963078,model::roberta_sentiment_profile,RoBERTa + Sentiment Profile,42
3888,1,3.072868821618613e-06,0,0.9790508217963078,model::roberta_sentiment_profile,RoBERTa + Sentiment Profile,42
19944,0,2.8777960778825218e-06,0,0.9790508217963078,model::roberta_sentiment_profile,RoBERTa + Sentiment Profile,42
6096,1,3.911865405825665e-06,0,0.9790508217963078,model::roberta_sentiment_profile,RoBERTa + Sentiment Profile,42
12443,1,3.9362685129162855e-06,0,0.9790508217963078,model::roberta_sentiment_profile,RoBERTa + Sentiment Profile,42
18921,0,5.5458499446103815e-06,0,0.9790508217963078,model::roberta_sentiment_profile,RoBERTa + Sentiment Profile,42
19057,1,5.681503353116568e-06,0,0.9790508217963078,model::roberta_sentiment_profile,RoBERTa + Sentiment Profile,42
10696,0,0.9999558925628662,1,0.9790508217963078,model::roberta_sentiment_profile,RoBERTa + Sentiment Profile,42
1091,0,4.179252300673397e-06,0,0.9790508217963078,model::roberta_sentiment_profile,RoBERTa + Sentiment Profile,42
10496,1,8.124539817799814e-06,0,0.9790508217963078,model::roberta_sentiment_profile,RoBERTa + Sentiment Profile,42
5579,1,4.725410690298304e-06,0,0.9790508217963078,model::roberta_sentiment_profile,RoBERTa + Sentiment Profile,42
348,0,0.9999716281890868,1,0.9790508217963078,model::roberta_sentiment_profile,RoBERTa + Sentiment Profile,42
7791,0,0.0001237973920069,0,0.9790508217963078,model::roberta_sentiment_profile,RoBERTa + Sentiment Profile,42
6921,0,3.117576625299989e-06,0,0.9790508217963078,model::roberta_sentiment_profile,RoBERTa + Sentiment Profile,42
5961,0,0.9999732971191406,1,0.9790508217963078,model::roberta_sentiment_profile,RoBERTa + Sentiment Profile,42
423,0,3.347759729876998e-06,0,0.9790508217963078,model::roberta_sentiment_profile,RoBERTa + Sentiment Profile,42
5252,1,4.022173015982844e-06,0,0.9790508217963078,model::roberta_sentiment_profile,RoBERTa + Sentiment Profile,42
6483,1,3.1131198738876265e-06,0,0.9790508217963078,model::roberta_sentiment_profile,RoBERTa + Sentiment Profile,42
9998,0,3.848875621770276e-06,0,0.9790508217963078,model::roberta_sentiment_profile,RoBERTa + Sentiment Profile,42
11973,1,3.91392495657783e-06,0,0.9790508217963078,model::roberta_sentiment_profile,RoBERTa + Sentiment Profile,42
10073,0,5.859405064256862e-06,0,0.9790508217963078,model::roberta_sentiment_profile,RoBERTa + Sentiment Profile,42
16291,1,4.969914243702078e-06,0,0.9790508217963078,model::roberta_sentiment_profile,RoBERTa + Sentiment Profile,42
15117,0,2.7753471840696875e-06,0,0.9790508217963078,model::roberta_sentiment_profile,RoBERTa + Sentiment Profile,42
6412,1,4.87579700347851e-06,0,0.9790508217963078,model::roberta_sentiment_profile,RoBERTa + Sentiment Profile,42
14392,0,5.013582267565653e-06,0,0.9790508217963078,model::roberta_sentiment_profile,RoBERTa + Sentiment Profile,42
13991,1,9.960090210370254e-06,0,0.9790508217963078,model::roberta_sentiment_profile,RoBERTa + Sentiment Profile,42
5799,0,1.1541598723852076e-05,0,0.9790508217963078,model::roberta_sentiment_profile,RoBERTa + Sentiment Profile,42
14778,1,4.067056124767987e-06,0,0.9790508217963078,model::roberta_sentiment_profile,RoBERTa + Sentiment Profile,42
15503,0,0.0002021172986133,0,0.9790508217963078,model::roberta_sentiment_profile,RoBERTa + Sentiment Profile,42
13030,1,3.45269813806226e-06,0,0.9790508217963078,model::roberta_sentiment_profile,RoBERTa + Sentiment Profile,42
5198,1,1.1378974704712164e-05,0,0.9790508217963078,model::roberta_sentiment_profile,RoBERTa + Sentiment Profile,42
6892,1,5.911039352213265e-06,0,0.9790508217963078,model::roberta_sentiment_profile,RoBERTa + Sentiment Profile,42
3729,0,4.9707665311871096e-05,0,0.9790508217963078,model::roberta_sentiment_profile,RoBERTa + Sentiment Profile,42
8235,1,4.845036983169848e-06,0,0.9790508217963078,model::roberta_sentiment_profile,RoBERTa + Sentiment Profile,42
21073,0,4.834647370444145e-06,0,0.9790508217963078,model::roberta_sentiment_profile,RoBERTa + Sentiment Profile,42
19901,0,3.2569007544225315e-06,0,0.9790508217963078,model::roberta_sentiment_profile,RoBERTa + Sentiment Profile,42
16269,0,0.0336669944226741,0,0.9790508217963078,model::roberta_sentiment_profile,RoBERTa + Sentiment Profile,42
415,0,8.306948075187393e-06,0,0.9790508217963078,model::roberta_sentiment_profile,RoBERTa + Sentiment Profile,42
619,1,3.8577686609642114e-06,0,0.9790508217963078,model::roberta_sentiment_profile,RoBERTa + Sentiment Profile,42
9421,1,1.2056399100401904e-05,0,0.9790508217963078,model::roberta_sentiment_profile,RoBERTa + Sentiment Profile,42
1992,1,3.803722393058706e-06,0,0.9790508217963078,model::roberta_sentiment_profile,RoBERTa + Sentiment Profile,42
9633,0,4.688384433393367e-05,0,0.9790508217963078,model::roberta_sentiment_profile,RoBERTa + Sentiment Profile,42
790,0,8.116888238873798e-06,0,0.9790508217963078,model::roberta_sentiment_profile,RoBERTa + Sentiment Profile,42
7410,1,1.5031254406494554e-05,0,0.9790508217963078,model::roberta_sentiment_profile,RoBERTa + Sentiment Profile,42
5427,0,1.2015215361316224e-05,0,0.9790508217963078,model::roberta_sentiment_profile,RoBERTa + Sentiment Profile,42
12704,0,3.897491296811495e-06,0,0.9790508217963078,model::roberta_sentiment_profile,RoBERTa + Sentiment Profile,42
7225,1,3.863416350213811e-05,0,0.9790508217963078,model::roberta_sentiment_profile,RoBERTa + Sentiment Profile,42
3310,0,7.224728051369311e-06,0,0.9790508217963078,model::roberta_sentiment_profile,RoBERTa + Sentiment Profile,42
11385,0,2.655426897035796e-06,0,0.9790508217963078,model::roberta_sentiment_profile,RoBERTa + Sentiment Profile,42
490,1,5.255866653897101e-06,0,0.9790508217963078,model::roberta_sentiment_profile,RoBERTa + Sentiment Profile,42
1730,1,6.937812486285111e-06,0,0.9790508217963078,model::roberta_sentiment_profile,RoBERTa + Sentiment Profile,42
20113,1,3.727872581293923e-06,0,0.9790508217963078,model::roberta_sentiment_profile,RoBERTa + Sentiment Profile,42
13770,0,8.285876901936717e-06,0,0.9790508217963078,model::roberta_sentiment_profile,RoBERTa + Sentiment Profile,42
12039,1,3.397263753868174e-06,0,0.9790508217963078,model::roberta_sentiment_profile,RoBERTa + Sentiment Profile,42
8972,0,3.371334059920628e-06,0,0.9790508217963078,model::roberta_sentiment_profile,RoBERTa + Sentiment Profile,42
5955,0,3.025990508831456e-06,0,0.9790508217963078,model::roberta_sentiment_profile,RoBERTa + Sentiment Profile,42
18914,1,2.291869714099448e-05,0,0.9790508217963078,model::roberta_sentiment_profile,RoBERTa + Sentiment Profile,42
13109,1,4.114772764296504e-06,0,0.9790508217963078,model::roberta_sentiment_profile,RoBERTa + Sentiment Profile,42
14314,0,3.071901801376953e-06,0,0.9790508217963078,model::roberta_sentiment_profile,RoBERTa + Sentiment Profile,42
487,1,5.099980171507923e-06,0,0.9790508217963078,model::roberta_sentiment_profile,RoBERTa + Sentiment Profile,42
613,0,4.014991191070294e-06,0,0.9790508217963078,model::roberta_sentiment_profile,RoBERTa + Sentiment Profile,42
18712,0,3.153026227664668e-06,0,0.9790508217963078,model::roberta_sentiment_profile,RoBERTa + Sentiment Profile,42
20055,0,2.5846913558780216e-05,0,0.9790508217963078,model::roberta_sentiment_profile,RoBERTa + Sentiment Profile,42
18631,0,2.6453062673681416e-06,0,0.9790508217963078,model::roberta_sentiment_profile,RoBERTa + Sentiment Profile,42
4749,1,4.082043687958503e-06,0,0.9790508217963078,model::roberta_sentiment_profile,RoBERTa + Sentiment Profile,42
13940,0,5.720135959563777e-06,0,0.9790508217963078,model::roberta_sentiment_profile,RoBERTa + Sentiment Profile,42
18683,0,5.275491730571957e-06,0,0.9790508217963078,model::roberta_sentiment_profile,RoBERTa + Sentiment Profile,42
7674,1,4.0522704694012646e-06,0,0.9790508217963078,model::roberta_sentiment_profile,RoBERTa + Sentiment Profile,42
13468,0,7.10726817487739e-06,0,0.9790508217963078,model::roberta_sentiment_profile,RoBERTa + Sentiment Profile,42
1488,1,4.267186795914313e-06,0,0.9790508217963078,model::roberta_sentiment_profile,RoBERTa + Sentiment Profile,42
17143,0,3.4573172342788894e-06,0,0.9790508217963078,model::roberta_sentiment_profile,RoBERTa + Sentiment Profile,42
8932,1,3.949756774090929e-06,0,0.9790508217963078,model::roberta_sentiment_profile,RoBERTa + Sentiment Profile,42
10240,1,7.8176617535064e-06,0,0.9790508217963078,model::roberta_sentiment_profile,RoBERTa + Sentiment Profile,42
5794,0,1.4882044524711093e-05,0,0.9790508217963078,model::roberta_sentiment_profile,RoBERTa + Sentiment Profile,42
429,1,3.734171696123667e-05,0,0.9790508217963078,model::roberta_sentiment_profile,RoBERTa + Sentiment Profile,42
14203,1,8.074316610873211e-06,0,0.9790508217963078,model::roberta_sentiment_profile,RoBERTa + Sentiment Profile,42
1602,0,0.0002034785866271,0,0.9790508217963078,model::roberta_sentiment_profile,RoBERTa + Sentiment Profile,42
10137,1,3.484543412923813e-06,0,0.9790508217963078,model::roberta_sentiment_profile,RoBERTa + Sentiment Profile,42
21093,1,0.0001172717311419,0,0.9790508217963078,model::roberta_sentiment_profile,RoBERTa + Sentiment Profile,42
20550,0,5.747652267018566e-06,0,0.9790508217963078,model::roberta_sentiment_profile,RoBERTa + Sentiment Profile,42
16419,1,2.9698207981709857e-06,0,0.9790508217963078,model::roberta_sentiment_profile,RoBERTa + Sentiment Profile,42
3435,0,3.62896389560774e-06,0,0.9790508217963078,model::roberta_sentiment_profile,RoBERTa + Sentiment Profile,42
19747,0,8.801533113000914e-05,0,0.9790508217963078,model::roberta_sentiment_profile,RoBERTa + Sentiment Profile,42
896,0,4.256140073266579e-06,0,0.9790508217963078,model::roberta_sentiment_profile,RoBERTa + Sentiment Profile,42
1158,0,4.1139487620966975e-06,0,0.9790508217963078,model::roberta_sentiment_profile,RoBERTa + Sentiment Profile,42
3961,0,3.0986566343926825e-06,0,0.9790508217963078,model::roberta_sentiment_profile,RoBERTa + Sentiment Profile,42
5649,1,4.023217115900479e-06,0,0.9790508217963078,model::roberta_sentiment_profile,RoBERTa + Sentiment Profile,42
19197,0,4.906255526293535e-06,0,0.9790508217963078,model::roberta_sentiment_profile,RoBERTa + Sentiment Profile,42
634,0,5.543047791434219e-06,0,0.9790508217963078,model::roberta_sentiment_profile,RoBERTa + Sentiment Profile,42
15856,1,6.087443125579739e-06,0,0.9790508217963078,model::roberta_sentiment_profile,RoBERTa + Sentiment Profile,42
11681,1,4.890036507276818e-06,0,0.9790508217963078,model::roberta_sentiment_profile,RoBERTa + Sentiment Profile,42
18629,1,3.787765763263451e-06,0,0.9790508217963078,model::roberta_sentiment_profile,RoBERTa + Sentiment Profile,42
908,1,3.5146772461303044e-06,0,0.9790508217963078,model::roberta_sentiment_profile,RoBERTa + Sentiment Profile,42
10067,0,0.9998345375061036,1,0.9790508217963078,model::roberta_sentiment_profile,RoBERTa + Sentiment Profile,42
18318,1,3.4249860618729144e-06,0,0.9790508217963078,model::roberta_sentiment_profile,RoBERTa + Sentiment Profile,42
8724,1,4.58990734841791e-06,0,0.9790508217963078,model::roberta_sentiment_profile,RoBERTa + Sentiment Profile,42
17763,0,3.585638523873058e-06,0,0.9790508217963078,model::roberta_sentiment_profile,RoBERTa + Sentiment Profile,42
10931,0,2.582197566880496e-06,0,0.9790508217963078,model::roberta_sentiment_profile,RoBERTa + Sentiment Profile,42
5300,1,4.309974883653922e-06,0,0.9790508217963078,model::roberta_sentiment_profile,RoBERTa + Sentiment Profile,42
14296,0,5.1771125981758814e-06,0,0.9790508217963078,model::roberta_sentiment_profile,RoBERTa + Sentiment Profile,42
6517,0,7.117863788153045e-06,0,0.9790508217963078,model::roberta_sentiment_profile,RoBERTa + Sentiment Profile,42
9698,0,3.206508154107724e-06,0,0.9790508217963078,model::roberta_sentiment_profile,RoBERTa + Sentiment Profile,42
3299,1,1.2495996998040935e-05,0,0.9790508217963078,model::roberta_sentiment_profile,RoBERTa + Sentiment Profile,42
15057,0,3.816905973508256e-06,0,0.9790508217963078,model::roberta_sentiment_profile,RoBERTa + Sentiment Profile,42
18724,1,4.459086085262243e-06,0,0.9790508217963078,model::roberta_sentiment_profile,RoBERTa + Sentiment Profile,42
4523,0,0.9999585151672364,1,0.9790508217963078,model::roberta_sentiment_profile,RoBERTa + Sentiment Profile,42
15341,1,3.56963664671639e-06,0,0.9790508217963078,model::roberta_sentiment_profile,RoBERTa + Sentiment Profile,42
20812,0,7.928270861157216e-06,0,0.9790508217963078,model::roberta_sentiment_profile,RoBERTa + Sentiment Profile,42
10438,1,3.8598955143243074e-06,0,0.9790508217963078,model::roberta_sentiment_profile,RoBERTa + Sentiment Profile,42
4214,0,3.7921683997410574e-06,0,0.9790508217963078,model::roberta_sentiment_profile,RoBERTa + Sentiment Profile,42
17013,0,1.0569322512310464e-05,0,0.9790508217963078,model::roberta_sentiment_profile,RoBERTa + Sentiment Profile,42
6937,1,4.528031695372192e-06,0,0.9790508217963078,model::roberta_sentiment_profile,RoBERTa + Sentiment Profile,42
1126,0,0.3965227007865906,0,0.9790508217963078,model::roberta_sentiment_profile,RoBERTa + Sentiment Profile,42
10572,0,2.933774567281944e-06,0,0.9790508217963078,model::roberta_sentiment_profile,RoBERTa + Sentiment Profile,42
10926,1,4.727389296022011e-06,0,0.9790508217963078,model::roberta_sentiment_profile,RoBERTa + Sentiment Profile,42
6536,1,8.406838787777815e-06,0,0.9790508217963078,model::roberta_sentiment_profile,RoBERTa + Sentiment Profile,42
18459,0,1.2202493962831795e-05,0,0.9790508217963078,model::roberta_sentiment_profile,RoBERTa + Sentiment Profile,42
11808,0,4.252447979524732e-06,0,0.9790508217963078,model::roberta_sentiment_profile,RoBERTa + Sentiment Profile,42
11380,0,3.506488155835541e-06,0,0.9790508217963078,model::roberta_sentiment_profile,RoBERTa + Sentiment Profile,42
808,1,9.138097084360195e-06,0,0.9790508217963078,model::roberta_sentiment_profile,RoBERTa + Sentiment Profile,42
128,0,1.5955994967953302e-05,0,0.9790508217963078,model::roberta_sentiment_profile,RoBERTa + Sentiment Profile,42
2751,0,4.211452051094966e-06,0,0.9790508217963078,model::roberta_sentiment_profile,RoBERTa + Sentiment Profile,42
12590,1,4.055498720845208e-06,0,0.9790508217963078,model::roberta_sentiment_profile,RoBERTa + Sentiment Profile,42
14014,0,3.442807792453095e-05,0,0.9790508217963078,model::roberta_sentiment_profile,RoBERTa + Sentiment Profile,42
18569,0,3.976838343078271e-06,0,0.9790508217963078,model::roberta_sentiment_profile,RoBERTa + Sentiment Profile,42
3436,1,3.743037950698636e-06,0,0.9790508217963078,model::roberta_sentiment_profile,RoBERTa + Sentiment Profile,42
3401,0,6.606555416510673e-06,0,0.9790508217963078,model::roberta_sentiment_profile,RoBERTa + Sentiment Profile,42
15971,0,2.5465906219324097e-06,0,0.9790508217963078,model::roberta_sentiment_profile,RoBERTa + Sentiment Profile,42
9490,0,4.329365310695721e-06,0,0.9790508217963078,model::roberta_sentiment_profile,RoBERTa + Sentiment Profile,42
20368,0,4.88104478790774e-06,0,0.9790508217963078,model::roberta_sentiment_profile,RoBERTa + Sentiment Profile,42
6327,1,3.893672328558751e-06,0,0.9790508217963078,model::roberta_sentiment_profile,RoBERTa + Sentiment Profile,42
14955,0,5.493935532285832e-06,0,0.9790508217963078,model::roberta_sentiment_profile,RoBERTa + Sentiment Profile,42
4579,1,4.035267011204269e-06,0,0.9790508217963078,model::roberta_sentiment_profile,RoBERTa + Sentiment Profile,42
982,1,3.970453235524474e-06,0,0.9790508217963078,model::roberta_sentiment_profile,RoBERTa + Sentiment Profile,42
8426,1,5.6105159274011385e-06,0,0.9790508217963078,model::roberta_sentiment_profile,RoBERTa + Sentiment Profile,42
6009,1,3.8283092180790845e-06,0,0.9790508217963078,model::roberta_sentiment_profile,RoBERTa + Sentiment Profile,42
334,0,4.92717254019226e-06,0,0.9790508217963078,model::roberta_sentiment_profile,RoBERTa + Sentiment Profile,42
19831,1,4.564794835459907e-06,0,0.9790508217963078,model::roberta_sentiment_profile,RoBERTa + Sentiment Profile,42
6688,1,3.107362772425404e-06,0,0.9790508217963078,model::roberta_sentiment_profile,RoBERTa + Sentiment Profile,42
2448,0,3.852268946502591e-06,0,0.9790508217963078,model::roberta_sentiment_profile,RoBERTa + Sentiment Profile,42
17841,1,5.638241418637335e-06,0,0.9790508217963078,model::roberta_sentiment_profile,RoBERTa + Sentiment Profile,42
16629,0,1.3979947652842384e-05,0,0.9790508217963078,model::roberta_sentiment_profile,RoBERTa + Sentiment Profile,42
5068,1,4.633523076336132e-06,0,0.9790508217963078,model::roberta_sentiment_profile,RoBERTa + Sentiment Profile,42
5234,1,5.969081030343659e-06,0,0.9790508217963078,model::roberta_sentiment_profile,RoBERTa + Sentiment Profile,42
13878,1,4.121016900171526e-06,0,0.9790508217963078,model::roberta_sentiment_profile,RoBERTa + Sentiment Profile,42
14440,1,3.7295687889127298e-06,0,0.9790508217963078,model::roberta_sentiment_profile,RoBERTa + Sentiment Profile,42
10785,1,9.022811354952864e-06,0,0.9790508217963078,model::roberta_sentiment_profile,RoBERTa + Sentiment Profile,42
5471,0,5.846767180628376e-06,0,0.9790508217963078,model::roberta_sentiment_profile,RoBERTa + Sentiment Profile,42
13068,0,3.776292942347936e-06,0,0.9790508217963078,model::roberta_sentiment_profile,RoBERTa + Sentiment Profile,42
11483,1,5.43517171536223e-06,0,0.9790508217963078,model::roberta_sentiment_profile,RoBERTa + Sentiment Profile,42
8732,0,4.236540007696021e-06,0,0.9790508217963078,model::roberta_sentiment_profile,RoBERTa + Sentiment Profile,42
19263,1,4.418987373355776e-06,0,0.9790508217963078,model::roberta_sentiment_profile,RoBERTa + Sentiment Profile,42
9360,0,1.068623078026576e-05,0,0.9790508217963078,model::roberta_sentiment_profile,RoBERTa + Sentiment Profile,42
14206,1,4.506332516029943e-06,0,0.9790508217963078,model::roberta_sentiment_profile,RoBERTa + Sentiment Profile,42
688,0,0.9998774528503418,1,0.9790508217963078,model::roberta_sentiment_profile,RoBERTa + Sentiment Profile,42
4075,0,9.265018888982011e-06,0,0.9790508217963078,model::roberta_sentiment_profile,RoBERTa + Sentiment Profile,42
11274,0,3.298498995718546e-06,0,0.9790508217963078,model::roberta_sentiment_profile,RoBERTa + Sentiment Profile,42
13925,1,3.864588052238105e-06,0,0.9790508217963078,model::roberta_sentiment_profile,RoBERTa + Sentiment Profile,42
7279,0,0.9999336004257202,1,0.9790508217963078,model::roberta_sentiment_profile,RoBERTa + Sentiment Profile,42
15247,0,3.7535476167249726e-06,0,0.9790508217963078,model::roberta_sentiment_profile,RoBERTa + Sentiment Profile,42
7024,0,0.999908447265625,1,0.9790508217963078,model::roberta_sentiment_profile,RoBERTa + Sentiment Profile,42
7278,1,3.5372499951336067e-06,0,0.9790508217963078,model::roberta_sentiment_profile,RoBERTa + Sentiment Profile,42
17680,1,9.988608326239046e-06,0,0.9790508217963078,model::roberta_sentiment_profile,RoBERTa + Sentiment Profile,42
6777,1,5.130728368385462e-06,0,0.9790508217963078,model::roberta_sentiment_profile,RoBERTa + Sentiment Profile,42
13849,0,0.9999221563339232,1,0.9790508217963078,model::roberta_sentiment_profile,RoBERTa + Sentiment Profile,42
3985,1,4.244741376169259e-06,0,0.9790508217963078,model::roberta_sentiment_profile,RoBERTa + Sentiment Profile,42
6058,1,6.168986601551296e-06,0,0.9790508217963078,model::roberta_sentiment_profile,RoBERTa + Sentiment Profile,42
1079,0,3.232560175092658e-06,0,0.9790508217963078,model::roberta_sentiment_profile,RoBERTa + Sentiment Profile,42
19594,0,0.4458975791931152,0,0.9790508217963078,model::roberta_sentiment_profile,RoBERTa + Sentiment Profile,42
850,0,5.423264155979268e-06,0,0.9790508217963078,model::roberta_sentiment_profile,RoBERTa + Sentiment Profile,42
4983,0,3.3804740269260947e-06,0,0.9790508217963078,model::roberta_sentiment_profile,RoBERTa + Sentiment Profile,42
174,1,6.240894890652271e-06,0,0.9790508217963078,model::roberta_sentiment_profile,RoBERTa + Sentiment Profile,42
20094,0,4.937799076287774e-06,0,0.9790508217963078,model::roberta_sentiment_profile,RoBERTa + Sentiment Profile,42
20213,1,4.394084044179181e-06,0,0.9790508217963078,model::roberta_sentiment_profile,RoBERTa + Sentiment Profile,42
8534,0,3.35891054419335e-05,0,0.9790508217963078,model::roberta_sentiment_profile,RoBERTa + Sentiment Profile,42
11858,0,4.110740974283544e-06,0,0.9790508217963078,model::roberta_sentiment_profile,RoBERTa + Sentiment Profile,42
367,1,1.3930291970609687e-05,0,0.9790508217963078,model::roberta_sentiment_profile,RoBERTa + Sentiment Profile,42
7143,0,1.4106477465247735e-05,0,0.9790508217963078,model::roberta_sentiment_profile,RoBERTa + Sentiment Profile,42
10376,0,3.822286544163944e-06,0,0.9790508217963078,model::roberta_sentiment_profile,RoBERTa + Sentiment Profile,42
8199,0,3.623858901846688e-06,0,0.9790508217963078,model::roberta_sentiment_profile,RoBERTa + Sentiment Profile,42
20114,0,0.999914050102234,1,0.9790508217963078,model::roberta_sentiment_profile,RoBERTa + Sentiment Profile,42
11262,0,3.0319120014610235e-06,0,0.9790508217963078,model::roberta_sentiment_profile,RoBERTa + Sentiment Profile,42
9563,1,4.197409907646943e-06,0,0.9790508217963078,model::roberta_sentiment_profile,RoBERTa + Sentiment Profile,42
12761,1,3.792327561313869e-06,0,0.9790508217963078,model::roberta_sentiment_profile,RoBERTa + Sentiment Profile,42
17570,1,3.9146789276856e-06,0,0.9790508217963078,model::roberta_sentiment_profile,RoBERTa + Sentiment Profile,42
16713,0,4.473336957744323e-06,0,0.9790508217963078,model::roberta_sentiment_profile,RoBERTa + Sentiment Profile,42
5713,1,5.845685336680617e-06,0,0.9790508217963078,model::roberta_sentiment_profile,RoBERTa + Sentiment Profile,42
5414,0,3.8273237805697136e-06,0,0.9790508217963078,model::roberta_sentiment_profile,RoBERTa + Sentiment Profile,42
18494,1,3.7560751025012e-06,0,0.9790508217963078,model::roberta_sentiment_profile,RoBERTa + Sentiment Profile,42
1935,1,3.814791853073984e-06,0,0.9790508217963078,model::roberta_sentiment_profile,RoBERTa + Sentiment Profile,42
16113,1,3.459540266703698e-06,0,0.9790508217963078,model::roberta_sentiment_profile,RoBERTa + Sentiment Profile,42
1441,0,0.9999938011169434,1,0.9790508217963078,model::roberta_sentiment_profile,RoBERTa + Sentiment Profile,42
1228,0,3.562966958270408e-05,0,0.9790508217963078,model::roberta_sentiment_profile,RoBERTa + Sentiment Profile,42
19144,1,4.270475983503275e-06,0,0.9790508217963078,model::roberta_sentiment_profile,RoBERTa + Sentiment Profile,42
4712,1,4.883386736764805e-06,0,0.9790508217963078,model::roberta_sentiment_profile,RoBERTa + Sentiment Profile,42
11466,0,3.250297231716104e-05,0,0.9790508217963078,model::roberta_sentiment_profile,RoBERTa + Sentiment Profile,42
17459,0,4.71871908303001e-06,0,0.9790508217963078,model::roberta_sentiment_profile,RoBERTa + Sentiment Profile,42
8967,0,5.902646080357954e-06,0,0.9790508217963078,model::roberta_sentiment_profile,RoBERTa + Sentiment Profile,42
14341,0,4.376519427751191e-06,0,0.9790508217963078,model::roberta_sentiment_profile,RoBERTa + Sentiment Profile,42
3632,0,2.688407403184101e-05,0,0.9790508217963078,model::roberta_sentiment_profile,RoBERTa + Sentiment Profile,42
3480,1,3.4570007301226724e-06,0,0.9790508217963078,model::roberta_sentiment_profile,RoBERTa + Sentiment Profile,42
6585,1,8.676013749209233e-06,0,0.9790508217963078,model::roberta_sentiment_profile,RoBERTa + Sentiment Profile,42
6008,0,4.02595696868957e-06,0,0.9790508217963078,model::roberta_sentiment_profile,RoBERTa + Sentiment Profile,42
1254,0,3.895640929840738e-06,0,0.9790508217963078,model::roberta_sentiment_profile,RoBERTa + Sentiment Profile,42
17474,0,3.5331402159499703e-06,0,0.9790508217963078,model::roberta_sentiment_profile,RoBERTa + Sentiment Profile,42
1177,1,4.10807615480735e-06,0,0.9790508217963078,model::roberta_sentiment_profile,RoBERTa + Sentiment Profile,42
11781,1,5.649678769259481e-06,0,0.9790508217963078,model::roberta_sentiment_profile,RoBERTa + Sentiment Profile,42
2146,1,3.7162194530537818e-06,0,0.9790508217963078,model::roberta_sentiment_profile,RoBERTa + Sentiment Profile,42
18172,1,5.016055183659773e-06,0,0.9790508217963078,model::roberta_sentiment_profile,RoBERTa + Sentiment Profile,42
7548,0,2.619092128952616e-06,0,0.9790508217963078,model::roberta_sentiment_profile,RoBERTa + Sentiment Profile,42
764,0,2.7278201741864905e-06,0,0.9790508217963078,model::roberta_sentiment_profile,RoBERTa + Sentiment Profile,42
14320,1,7.289062978088623e-06,0,0.9790508217963078,model::roberta_sentiment_profile,RoBERTa + Sentiment Profile,42
15706,1,3.722632527569658e-06,0,0.9790508217963078,model::roberta_sentiment_profile,RoBERTa + Sentiment Profile,42
780,0,4.56890575151192e-06,0,0.9790508217963078,model::roberta_sentiment_profile,RoBERTa + Sentiment Profile,42
3599,1,4.506040113483323e-06,0,0.9790508217963078,model::roberta_sentiment_profile,RoBERTa + Sentiment Profile,42
6337,0,3.1075344395503635e-06,0,0.9790508217963078,model::roberta_sentiment_profile,RoBERTa + Sentiment Profile,42
8245,0,3.040378487639828e-06,0,0.9790508217963078,model::roberta_sentiment_profile,RoBERTa + Sentiment Profile,42
4228,1,3.997000931121875e-06,0,0.9790508217963078,model::roberta_sentiment_profile,RoBERTa + Sentiment Profile,42
11837,0,3.452757482591551e-06,0,0.9790508217963078,model::roberta_sentiment_profile,RoBERTa + Sentiment Profile,42
3082,1,4.361228093330283e-06,0,0.9790508217963078,model::roberta_sentiment_profile,RoBERTa + Sentiment Profile,42
13788,1,3.645669266916229e-06,0,0.9790508217963078,model::roberta_sentiment_profile,RoBERTa + Sentiment Profile,42
18100,0,2.68045550910756e-06,0,0.9790508217963078,model::roberta_sentiment_profile,RoBERTa + Sentiment Profile,42
3378,0,6.520482656924287e-06,0,0.9790508217963078,model::roberta_sentiment_profile,RoBERTa + Sentiment Profile,42
15236,1,4.7499488573521376e-06,0,0.9790508217963078,model::roberta_sentiment_profile,RoBERTa + Sentiment Profile,42
6983,1,9.184742339130024e-06,0,0.9790508217963078,model::roberta_sentiment_profile,RoBERTa + Sentiment Profile,42
2555,1,4.540213012660388e-06,0,0.9790508217963078,model::roberta_sentiment_profile,RoBERTa + Sentiment Profile,42
12868,0,3.495410055620596e-06,0,0.9790508217963078,model::roberta_sentiment_profile,RoBERTa + Sentiment Profile,42
13479,1,3.5626885619421955e-06,0,0.9790508217963078,model::roberta_sentiment_profile,RoBERTa + Sentiment Profile,42
14049,0,7.1273739195021335e-06,0,0.9790508217963078,model::roberta_sentiment_profile,RoBERTa + Sentiment Profile,42
6635,0,4.980171979696024e-06,0,0.9790508217963078,model::roberta_sentiment_profile,RoBERTa + Sentiment Profile,42
7378,1,1.4981909771449864e-05,0,0.9790508217963078,model::roberta_sentiment_profile,RoBERTa + Sentiment Profile,42
20958,1,4.972886927134823e-06,0,0.9790508217963078,model::roberta_sentiment_profile,RoBERTa + Sentiment Profile,42
14303,1,3.728352567122784e-06,0,0.9790508217963078,model::roberta_sentiment_profile,RoBERTa + Sentiment Profile,42
20001,0,5.040526048105676e-06,0,0.9790508217963078,model::roberta_sentiment_profile,RoBERTa + Sentiment Profile,42
2340,0,9.689081707620062e-06,0,0.9790508217963078,model::roberta_sentiment_profile,RoBERTa + Sentiment Profile,42
6722,0,4.52178755949717e-06,0,0.9790508217963078,model::roberta_sentiment_profile,RoBERTa + Sentiment Profile,42
10561,0,6.528135600092355e-06,0,0.9790508217963078,model::roberta_sentiment_profile,RoBERTa + Sentiment Profile,42
8073,0,3.283593741798541e-06,0,0.9790508217963078,model::roberta_sentiment_profile,RoBERTa + Sentiment Profile,42
8739,1,5.654853794112569e-06,0,0.9790508217963078,model::roberta_sentiment_profile,RoBERTa + Sentiment Profile,42
7683,0,3.155751755912206e-06,0,0.9790508217963078,model::roberta_sentiment_profile,RoBERTa + Sentiment Profile,42
562,1,3.54461826646002e-06,0,0.9790508217963078,model::roberta_sentiment_profile,RoBERTa + Sentiment Profile,42
481,0,3.290916993137216e-06,0,0.9790508217963078,model::roberta_sentiment_profile,RoBERTa + Sentiment Profile,42
11690,0,5.902696557313902e-06,0,0.9790508217963078,model::roberta_sentiment_profile,RoBERTa + Sentiment Profile,42
8968,0,1.446214082534425e-05,0,0.9790508217963078,model::roberta_sentiment_profile,RoBERTa + Sentiment Profile,42
10874,0,3.280967348473496e-06,0,0.9790508217963078,model::roberta_sentiment_profile,RoBERTa + Sentiment Profile,42
210,1,1.2220147254993208e-05,0,0.9790508217963078,model::roberta_sentiment_profile,RoBERTa + Sentiment Profile,42
4549,1,3.5236484109191224e-05,0,0.9790508217963078,model::roberta_sentiment_profile,RoBERTa + Sentiment Profile,42
1413,0,3.5746991216001334e-06,0,0.9790508217963078,model::roberta_sentiment_profile,RoBERTa + Sentiment Profile,42
15997,1,4.365555923868669e-06,0,0.9790508217963078,model::roberta_sentiment_profile,RoBERTa + Sentiment Profile,42
75,0,4.706221261585597e-06,0,0.9790508217963078,model::roberta_sentiment_profile,RoBERTa + Sentiment Profile,42
2717,0,4.601855835062452e-06,0,0.9790508217963078,model::roberta_sentiment_profile,RoBERTa + Sentiment Profile,42
19926,1,6.053177003195742e-06,0,0.9790508217963078,model::roberta_sentiment_profile,RoBERTa + Sentiment Profile,42
15315,1,5.59484487894224e-06,0,0.9790508217963078,model::roberta_sentiment_profile,RoBERTa + Sentiment Profile,42
9835,0,6.245563326956472e-06,0,0.9790508217963078,model::roberta_sentiment_profile,RoBERTa + Sentiment Profile,42
5659,0,3.036200268979883e-06,0,0.9790508217963078,model::roberta_sentiment_profile,RoBERTa + Sentiment Profile,42
18648,0,5.362688625609735e-06,0,0.9790508217963078,model::roberta_sentiment_profile,RoBERTa + Sentiment Profile,42
9603,0,0.9999898672103882,1,0.9790508217963078,model::roberta_sentiment_profile,RoBERTa + Sentiment Profile,42
18453,0,3.881422344420571e-06,0,0.9790508217963078,model::roberta_sentiment_profile,RoBERTa + Sentiment Profile,42
16468,1,5.596504252025625e-06,0,0.9790508217963078,model::roberta_sentiment_profile,RoBERTa + Sentiment Profile,42
16588,1,3.691018264362356e-06,0,0.9790508217963078,model::roberta_sentiment_profile,RoBERTa + Sentiment Profile,42
16650,1,3.752126531253453e-06,0,0.9790508217963078,model::roberta_sentiment_profile,RoBERTa + Sentiment Profile,42
15928,0,2.6139368856092915e-06,0,0.9790508217963078,model::roberta_sentiment_profile,RoBERTa + Sentiment Profile,42
13095,0,5.851592504768632e-06,0,0.9790508217963078,model::roberta_sentiment_profile,RoBERTa + Sentiment Profile,42
14860,0,6.86951261741342e-06,0,0.9790508217963078,model::roberta_sentiment_profile,RoBERTa + Sentiment Profile,42
4139,0,7.92648734204704e-06,0,0.9790508217963078,model::roberta_sentiment_profile,RoBERTa + Sentiment Profile,42
20110,0,5.595719358097995e-06,0,0.9790508217963078,model::roberta_sentiment_profile,RoBERTa + Sentiment Profile,42
4560,1,1.0190239663643297e-05,0,0.9790508217963078,model::roberta_sentiment_profile,RoBERTa + Sentiment Profile,42
19539,1,8.206951861211564e-06,0,0.9790508217963078,model::roberta_sentiment_profile,RoBERTa + Sentiment Profile,42
9745,0,3.6777928471565247e-06,0,0.9790508217963078,model::roberta_sentiment_profile,RoBERTa + Sentiment Profile,42
5156,1,4.432772584550548e-06,0,0.9790508217963078,model::roberta_sentiment_profile,RoBERTa + Sentiment Profile,42
20760,0,4.022752364107873e-06,0,0.9790508217963078,model::roberta_sentiment_profile,RoBERTa + Sentiment Profile,42
16958,1,3.374830384927918e-06,0,0.9790508217963078,model::roberta_sentiment_profile,RoBERTa + Sentiment Profile,42
11575,0,0.000335138553055,0,0.9790508217963078,model::roberta_sentiment_profile,RoBERTa + Sentiment Profile,42
3619,1,3.9511205613962375e-06,0,0.9790508217963078,model::roberta_sentiment_profile,RoBERTa + Sentiment Profile,42
10185,0,1.3957606824988034e-05,0,0.9790508217963078,model::roberta_sentiment_profile,RoBERTa + Sentiment Profile,42
2926,0,0.9999806880950928,1,0.9790508217963078,model::roberta_sentiment_profile,RoBERTa + Sentiment Profile,42
2115,1,4.229015758028254e-06,0,0.9790508217963078,model::roberta_sentiment_profile,RoBERTa + Sentiment Profile,42
1055,1,4.351502411736874e-06,0,0.9790508217963078,model::roberta_sentiment_profile,RoBERTa + Sentiment Profile,42
8123,1,5.361691819416592e-06,0,0.9790508217963078,model::roberta_sentiment_profile,RoBERTa + Sentiment Profile,42
12769,0,4.2068277252838016e-06,0,0.9790508217963078,model::roberta_sentiment_profile,RoBERTa + Sentiment Profile,42
15160,0,0.9999921321868896,1,0.9790508217963078,model::roberta_sentiment_profile,RoBERTa + Sentiment Profile,42
5461,0,2.9031259600742487e-06,0,0.9790508217963078,model::roberta_sentiment_profile,RoBERTa + Sentiment Profile,42
17879,0,9.921175660565495e-06,0,0.9790508217963078,model::roberta_sentiment_profile,RoBERTa + Sentiment Profile,42
10608,0,3.559648803275195e-06,0,0.9790508217963078,model::roberta_sentiment_profile,RoBERTa + Sentiment Profile,42
7532,0,4.030417130707065e-06,0,0.9790508217963078,model::roberta_sentiment_profile,RoBERTa + Sentiment Profile,42
17132,0,3.0210629120119847e-05,0,0.9790508217963078,model::roberta_sentiment_profile,RoBERTa + Sentiment Profile,42
8408,1,4.468647148314631e-06,0,0.9790508217963078,model::roberta_sentiment_profile,RoBERTa + Sentiment Profile,42
10165,1,5.082612460682867e-06,0,0.9790508217963078,model::roberta_sentiment_profile,RoBERTa + Sentiment Profile,42
21091,1,3.9719679989502765e-06,0,0.9790508217963078,model::roberta_sentiment_profile,RoBERTa + Sentiment Profile,42
12766,0,3.80779488295957e-06,0,0.9790508217963078,model::roberta_sentiment_profile,RoBERTa + Sentiment Profile,42
2251,0,2.3594657250214368e-05,0,0.9790508217963078,model::roberta_sentiment_profile,RoBERTa + Sentiment Profile,42
8615,0,3.5590110201155767e-06,0,0.9790508217963078,model::roberta_sentiment_profile,RoBERTa + Sentiment Profile,42
8378,0,4.989784883946413e-06,0,0.9790508217963078,model::roberta_sentiment_profile,RoBERTa + Sentiment Profile,42
14277,0,3.306170583528001e-06,0,0.9790508217963078,model::roberta_sentiment_profile,RoBERTa + Sentiment Profile,42
19458,0,4.64475624539773e-06,0,0.9790508217963078,model::roberta_sentiment_profile,RoBERTa + Sentiment Profile,42
20796,0,2.0098290406167507e-05,0,0.9790508217963078,model::roberta_sentiment_profile,RoBERTa + Sentiment Profile,42
5845,1,4.529858870228054e-06,0,0.9790508217963078,model::roberta_sentiment_profile,RoBERTa + Sentiment Profile,42
1310,0,2.5931644813681487e-06,0,0.9790508217963078,model::roberta_sentiment_profile,RoBERTa + Sentiment Profile,42
4280,1,3.600496484068572e-06,0,0.9790508217963078,model::roberta_sentiment_profile,RoBERTa + Sentiment Profile,42
15389,1,1.4805107639404014e-05,0,0.9790508217963078,model::roberta_sentiment_profile,RoBERTa + Sentiment Profile,42
496,1,3.884370471496368e-06,0,0.9790508217963078,model::roberta_sentiment_profile,RoBERTa + Sentiment Profile,42
18252,1,4.58069416708895e-06,0,0.9790508217963078,model::roberta_sentiment_profile,RoBERTa + Sentiment Profile,42
6519,0,3.378585461177863e-06,0,0.9790508217963078,model::roberta_sentiment_profile,RoBERTa + Sentiment Profile,42
11741,0,4.305620223021833e-06,0,0.9790508217963078,model::roberta_sentiment_profile,RoBERTa + Sentiment Profile,42
484,1,3.934880169254029e-06,0,0.9790508217963078,model::roberta_sentiment_profile,RoBERTa + Sentiment Profile,42
9895,0,3.3189269288413925e-06,0,0.9790508217963078,model::roberta_sentiment_profile,RoBERTa + Sentiment Profile,42
923,0,3.48246680914599e-06,0,0.9790508217963078,model::roberta_sentiment_profile,RoBERTa + Sentiment Profile,42
3798,0,3.780231054406613e-06,0,0.9790508217963078,model::roberta_sentiment_profile,RoBERTa + Sentiment Profile,42
18139,0,6.9698944571428e-05,0,0.9790508217963078,model::roberta_sentiment_profile,RoBERTa + Sentiment Profile,42
17468,1,4.61192985312664e-06,0,0.9790508217963078,model::roberta_sentiment_profile,RoBERTa + Sentiment Profile,42
15063,1,3.9216815821419004e-06,0,0.9790508217963078,model::roberta_sentiment_profile,RoBERTa + Sentiment Profile,42
126,1,3.949383881263202e-06,0,0.9790508217963078,model::roberta_sentiment_profile,RoBERTa + Sentiment Profile,42
21095,1,4.274518232705304e-06,0,0.9790508217963078,model::roberta_sentiment_profile,RoBERTa + Sentiment Profile,42
15130,0,4.170015927229542e-06,0,0.9790508217963078,model::roberta_sentiment_profile,RoBERTa + Sentiment Profile,42
19359,1,3.816967819147976e-06,0,0.9790508217963078,model::roberta_sentiment_profile,RoBERTa + Sentiment Profile,42
9491,1,4.6050649871176574e-06,0,0.9790508217963078,model::roberta_sentiment_profile,RoBERTa + Sentiment Profile,42
19796,1,4.229806108924095e-06,0,0.9790508217963078,model::roberta_sentiment_profile,RoBERTa + Sentiment Profile,42
13646,1,4.908492428512545e-06,0,0.9790508217963078,model::roberta_sentiment_profile,RoBERTa + Sentiment Profile,42
466,1,3.641193643488805e-06,0,0.9790508217963078,model::roberta_sentiment_profile,RoBERTa + Sentiment Profile,42
6094,0,3.1917629712552298e-06,0,0.9790508217963078,model::roberta_sentiment_profile,RoBERTa + Sentiment Profile,42
15145,0,3.197002797605819e-06,0,0.9790508217963078,model::roberta_sentiment_profile,RoBERTa + Sentiment Profile,42
16604,1,2.185041557822842e-05,0,0.9790508217963078,model::roberta_sentiment_profile,RoBERTa + Sentiment Profile,42
17821,1,3.813627699855715e-06,0,0.9790508217963078,model::roberta_sentiment_profile,RoBERTa + Sentiment Profile,42
17419,1,4.600455667969072e-06,0,0.9790508217963078,model::roberta_sentiment_profile,RoBERTa + Sentiment Profile,42
14877,1,8.071036063483916e-06,0,0.9790508217963078,model::roberta_sentiment_profile,RoBERTa + Sentiment Profile,42
8393,1,3.57631552105886e-06,0,0.9790508217963078,model::roberta_sentiment_profile,RoBERTa + Sentiment Profile,42
18878,1,4.186600108369021e-06,0,0.9790508217963078,model::roberta_sentiment_profile,RoBERTa + Sentiment Profile,42
6177,1,0.0001448547991458,0,0.9790508217963078,model::roberta_sentiment_profile,RoBERTa + Sentiment Profile,42
7263,1,3.991378889622865e-06,0,0.9790508217963078,model::roberta_sentiment_profile,RoBERTa + Sentiment Profile,42
15386,0,9.499512816546483e-05,0,0.9790508217963078,model::roberta_sentiment_profile,RoBERTa + Sentiment Profile,42
14349,1,9.793508070288226e-06,0,0.9790508217963078,model::roberta_sentiment_profile,RoBERTa + Sentiment Profile,42
21131,1,6.635759291384602e-06,0,0.9790508217963078,model::roberta_sentiment_profile,RoBERTa + Sentiment Profile,42
9817,0,0.9999933242797852,1,0.9790508217963078,model::roberta_sentiment_profile,RoBERTa + Sentiment Profile,42
10877,0,4.903163699054858e-06,0,0.9790508217963078,model::roberta_sentiment_profile,RoBERTa + Sentiment Profile,42
18463,1,1.8425029338686727e-05,0,0.9790508217963078,model::roberta_sentiment_profile,RoBERTa + Sentiment Profile,42
6629,1,4.020315827801824e-05,0,0.9790508217963078,model::roberta_sentiment_profile,RoBERTa + Sentiment Profile,42
14541,1,4.8779829739942215e-06,0,0.9790508217963078,model::roberta_sentiment_profile,RoBERTa + Sentiment Profile,42
14884,1,5.261072146822698e-06,0,0.9790508217963078,model::roberta_sentiment_profile,RoBERTa + Sentiment Profile,42
2215,0,5.842859536642209e-06,0,0.9790508217963078,model::roberta_sentiment_profile,RoBERTa + Sentiment Profile,42
9773,1,4.937784979119897e-06,0,0.9790508217963078,model::roberta_sentiment_profile,RoBERTa + Sentiment Profile,42
18562,0,0.0005069576436653,0,0.9790508217963078,model::roberta_sentiment_profile,RoBERTa + Sentiment Profile,42
6143,1,4.6765317165409215e-06,0,0.9790508217963078,model::roberta_sentiment_profile,RoBERTa + Sentiment Profile,42
11551,0,9.96946073428262e-06,0,0.9790508217963078,model::roberta_sentiment_profile,RoBERTa + Sentiment Profile,42
13996,1,4.654009444493568e-06,0,0.9790508217963078,model::roberta_sentiment_profile,RoBERTa + Sentiment Profile,42
9568,1,3.148518999296357e-06,0,0.9790508217963078,model::roberta_sentiment_profile,RoBERTa + Sentiment Profile,42
19372,1,5.594092272076523e-06,0,0.9790508217963078,model::roberta_sentiment_profile,RoBERTa + Sentiment Profile,42
8080,1,6.9233510657795705e-06,0,0.9790508217963078,model::roberta_sentiment_profile,RoBERTa + Sentiment Profile,42
7987,1,4.45122577730217e-06,0,0.9790508217963078,model::roberta_sentiment_profile,RoBERTa + Sentiment Profile,42
20784,1,1.0397763617220336e-05,0,0.9790508217963078,model::roberta_sentiment_profile,RoBERTa + Sentiment Profile,42
16157,0,9.572559065418318e-06,0,0.9790508217963078,model::roberta_sentiment_profile,RoBERTa + Sentiment Profile,42
13696,1,6.944444521650439e-06,0,0.9790508217963078,model::roberta_sentiment_profile,RoBERTa + Sentiment Profile,42
10440,1,3.609600298659643e-06,0,0.9790508217963078,model::roberta_sentiment_profile,RoBERTa + Sentiment Profile,42
15548,1,1.1000239283021074e-05,0,0.9790508217963078,model::roberta_sentiment_profile,RoBERTa + Sentiment Profile,42
19883,0,1.2525933925644496e-05,0,0.9790508217963078,model::roberta_sentiment_profile,RoBERTa + Sentiment Profile,42
12834,1,4.268407792551443e-06,0,0.9790508217963078,model::roberta_sentiment_profile,RoBERTa + Sentiment Profile,42
20620,0,3.929445938410936e-06,0,0.9790508217963078,model::roberta_sentiment_profile,RoBERTa + Sentiment Profile,42
5767,0,5.440295353764668e-06,0,0.9790508217963078,model::roberta_sentiment_profile,RoBERTa + Sentiment Profile,42
17817,0,3.641999683168251e-06,0,0.9790508217963078,model::roberta_sentiment_profile,RoBERTa + Sentiment Profile,42
20158,0,3.418319465708919e-06,0,0.9790508217963078,model::roberta_sentiment_profile,RoBERTa + Sentiment Profile,42
880,0,0.9999277591705322,1,0.9790508217963078,model::roberta_sentiment_profile,RoBERTa + Sentiment Profile,42
12576,0,2.861821030819556e-06,0,0.9790508217963078,model::roberta_sentiment_profile,RoBERTa + Sentiment Profile,42
644,1,3.961519723816309e-06,0,0.9790508217963078,model::roberta_sentiment_profile,RoBERTa + Sentiment Profile,42
19510,0,6.650063824054087e-06,0,0.9790508217963078,model::roberta_sentiment_profile,RoBERTa + Sentiment Profile,42
15492,0,0.9999802112579346,1,0.9790508217963078,model::roberta_sentiment_profile,RoBERTa + Sentiment Profile,42
7563,0,3.279985094195581e-06,0,0.9790508217963078,model::roberta_sentiment_profile,RoBERTa + Sentiment Profile,42
11597,0,3.421773499212577e-06,0,0.9790508217963078,model::roberta_sentiment_profile,RoBERTa + Sentiment Profile,42
16398,0,1.018017701426288e-05,0,0.9790508217963078,model::roberta_sentiment_profile,RoBERTa + Sentiment Profile,42
11855,1,3.3685955713735893e-06,0,0.9790508217963078,model::roberta_sentiment_profile,RoBERTa + Sentiment Profile,42
2772,1,1.2608545148395932e-05,0,0.9790508217963078,model::roberta_sentiment_profile,RoBERTa + Sentiment Profile,42
21125,1,3.925655619241297e-06,0,0.9790508217963078,model::roberta_sentiment_profile,RoBERTa + Sentiment Profile,42
10189,1,4.584929229167756e-06,0,0.9790508217963078,model::roberta_sentiment_profile,RoBERTa + Sentiment Profile,42
5790,0,5.964815136394464e-05,0,0.9790508217963078,model::roberta_sentiment_profile,RoBERTa + Sentiment Profile,42
9368,0,3.975583695137175e-06,0,0.9790508217963078,model::roberta_sentiment_profile,RoBERTa + Sentiment Profile,42
6941,0,7.310825367312645e-06,0,0.9790508217963078,model::roberta_sentiment_profile,RoBERTa + Sentiment Profile,42
3266,0,5.330626208888134e-06,0,0.9790508217963078,model::roberta_sentiment_profile,RoBERTa + Sentiment Profile,42
11833,0,3.9977021515369415e-06,0,0.9790508217963078,model::roberta_sentiment_profile,RoBERTa + Sentiment Profile,42
6764,1,4.062098014401272e-06,0,0.9790508217963078,model::roberta_sentiment_profile,RoBERTa + Sentiment Profile,42
13066,1,1.0789174666570034e-05,0,0.9790508217963078,model::roberta_sentiment_profile,RoBERTa + Sentiment Profile,42
20392,0,2.590603799035307e-06,0,0.9790508217963078,model::roberta_sentiment_profile,RoBERTa + Sentiment Profile,42
394,0,2.922808016592171e-05,0,0.9790508217963078,model::roberta_sentiment_profile,RoBERTa + Sentiment Profile,42
1023,0,0.9999594688415528,1,0.9790508217963078,model::roberta_sentiment_profile,RoBERTa + Sentiment Profile,42
13531,1,3.7428521864057984e-06,0,0.9790508217963078,model::roberta_sentiment_profile,RoBERTa + Sentiment Profile,42
12092,0,8.36957260617055e-05,0,0.9790508217963078,model::roberta_sentiment_profile,RoBERTa + Sentiment Profile,42
13760,1,3.7296329082892048e-06,0,0.9790508217963078,model::roberta_sentiment_profile,RoBERTa + Sentiment Profile,42
2190,1,3.182689852110343e-06,0,0.9790508217963078,model::roberta_sentiment_profile,RoBERTa + Sentiment Profile,42
18934,0,5.6494704040233046e-05,0,0.9790508217963078,model::roberta_sentiment_profile,RoBERTa + Sentiment Profile,42
19211,1,3.3571432140888646e-06,0,0.9790508217963078,model::roberta_sentiment_profile,RoBERTa + Sentiment Profile,42
11587,0,5.222520485403948e-06,0,0.9790508217963078,model::roberta_sentiment_profile,RoBERTa + Sentiment Profile,42
17062,0,3.62893592864566e-06,0,0.9790508217963078,model::roberta_sentiment_profile,RoBERTa + Sentiment Profile,42
2259,1,4.337022801337298e-06,0,0.9790508217963078,model::roberta_sentiment_profile,RoBERTa + Sentiment Profile,42
13809,1,4.502363481151406e-06,0,0.9790508217963078,model::roberta_sentiment_profile,RoBERTa + Sentiment Profile,42
1803,1,4.734707999887178e-06,0,0.9790508217963078,model::roberta_sentiment_profile,RoBERTa + Sentiment Profile,42
12667,1,3.945543994632317e-06,0,0.9790508217963078,model::roberta_sentiment_profile,RoBERTa + Sentiment Profile,42
17411,0,3.286447508799029e-06,0,0.9790508217963078,model::roberta_sentiment_profile,RoBERTa + Sentiment Profile,42
8698,1,3.609875648180605e-06,0,0.9790508217963078,model::roberta_sentiment_profile,RoBERTa + Sentiment Profile,42
6460,1,4.4577932385436725e-06,0,0.9790508217963078,model::roberta_sentiment_profile,RoBERTa + Sentiment Profile,42
13965,1,3.865671715175267e-06,0,0.9790508217963078,model::roberta_sentiment_profile,RoBERTa + Sentiment Profile,42
11339,0,3.605678102758248e-06,0,0.9790508217963078,model::roberta_sentiment_profile,RoBERTa + Sentiment Profile,42
7569,1,6.768688763258979e-06,0,0.9790508217963078,model::roberta_sentiment_profile,RoBERTa + Sentiment Profile,42
7963,1,4.61495665149414e-06,0,0.9790508217963078,model::roberta_sentiment_profile,RoBERTa + Sentiment Profile,42
3414,1,5.925640834902879e-06,0,0.9790508217963078,model::roberta_sentiment_profile,RoBERTa + Sentiment Profile,42
2590,1,3.5160117022314807e-06,0,0.9790508217963078,model::roberta_sentiment_profile,RoBERTa + Sentiment Profile,42
14210,1,3.5673397178470623e-06,0,0.9790508217963078,model::roberta_sentiment_profile,RoBERTa + Sentiment Profile,42
10156,1,1.922771662066225e-05,0,0.9790508217963078,model::roberta_sentiment_profile,RoBERTa + Sentiment Profile,42
8969,0,3.376471431693062e-05,0,0.9790508217963078,model::roberta_sentiment_profile,RoBERTa + Sentiment Profile,42
4717,1,5.679271453118417e-06,0,0.9790508217963078,model::roberta_sentiment_profile,RoBERTa + Sentiment Profile,42
16809,0,6.168671097839251e-05,0,0.9790508217963078,model::roberta_sentiment_profile,RoBERTa + Sentiment Profile,42
4177,1,3.854657279589446e-06,0,0.9790508217963078,model::roberta_sentiment_profile,RoBERTa + Sentiment Profile,42
4534,1,5.186328053241596e-06,0,0.9790508217963078,model::roberta_sentiment_profile,RoBERTa + Sentiment Profile,42
14469,0,1.4730298062204383e-05,0,0.9790508217963078,model::roberta_sentiment_profile,RoBERTa + Sentiment Profile,42
11927,1,4.050253664900083e-06,0,0.9790508217963078,model::roberta_sentiment_profile,RoBERTa + Sentiment Profile,42
19264,0,3.3834410260169534e-06,0,0.9790508217963078,model::roberta_sentiment_profile,RoBERTa + Sentiment Profile,42
16944,0,2.0539044271572493e-05,0,0.9790508217963078,model::roberta_sentiment_profile,RoBERTa + Sentiment Profile,42
20919,1,4.554358838504413e-06,0,0.9790508217963078,model::roberta_sentiment_profile,RoBERTa + Sentiment Profile,42
5177,0,1.1630832887021825e-05,0,0.9790508217963078,model::roberta_sentiment_profile,RoBERTa + Sentiment Profile,42
18181,1,3.7377444641606417e-06,0,0.9790508217963078,model::roberta_sentiment_profile,RoBERTa + Sentiment Profile,42
19414,1,6.409342404367635e-06,0,0.9790508217963078,model::roberta_sentiment_profile,RoBERTa + Sentiment Profile,42
191,1,6.299224423855776e-06,0,0.9790508217963078,model::roberta_sentiment_profile,RoBERTa + Sentiment Profile,42
13914,1,3.524810608723783e-06,0,0.9790508217963078,model::roberta_sentiment_profile,RoBERTa + Sentiment Profile,42
20969,1,5.230116130405804e-06,0,0.9790508217963078,model::roberta_sentiment_profile,RoBERTa + Sentiment Profile,42
8565,1,3.939404450647999e-06,0,0.9790508217963078,model::roberta_sentiment_profile,RoBERTa + Sentiment Profile,42
15773,1,3.87346563002211e-06,0,0.9790508217963078,model::roberta_sentiment_profile,RoBERTa + Sentiment Profile,42
9829,1,4.310237727622734e-06,0,0.9790508217963078,model::roberta_sentiment_profile,RoBERTa + Sentiment Profile,42
14330,0,5.695531854144065e-06,0,0.9790508217963078,model::roberta_sentiment_profile,RoBERTa + Sentiment Profile,42
19291,0,3.999887667305302e-06,0,0.9790508217963078,model::roberta_sentiment_profile,RoBERTa + Sentiment Profile,42
10709,1,1.0645230759109836e-05,0,0.9790508217963078,model::roberta_sentiment_profile,RoBERTa + Sentiment Profile,42
1170,0,1.9479130060062744e-05,0,0.9790508217963078,model::roberta_sentiment_profile,RoBERTa + Sentiment Profile,42
15340,1,4.519912181422114e-06,0,0.9790508217963078,model::roberta_sentiment_profile,RoBERTa + Sentiment Profile,42
14324,1,4.691603407991352e-06,0,0.9790508217963078,model::roberta_sentiment_profile,RoBERTa + Sentiment Profile,42
18346,0,3.11808216792997e-05,0,0.9790508217963078,model::roberta_sentiment_profile,RoBERTa + Sentiment Profile,42
14941,1,4.057978458149592e-06,0,0.9790508217963078,model::roberta_sentiment_profile,RoBERTa + Sentiment Profile,42
19736,0,5.24125607626047e-06,0,0.9790508217963078,model::roberta_sentiment_profile,RoBERTa + Sentiment Profile,42
17760,1,4.751593223772943e-06,0,0.9790508217963078,model::roberta_sentiment_profile,RoBERTa + Sentiment Profile,42
10372,1,3.6117764921073103e-06,0,0.9790508217963078,model::roberta_sentiment_profile,RoBERTa + Sentiment Profile,42
7236,1,1.763448199199047e-05,0,0.9790508217963078,model::roberta_sentiment_profile,RoBERTa + Sentiment Profile,42
4339,1,2.344397762499284e-05,0,0.9790508217963078,model::roberta_sentiment_profile,RoBERTa + Sentiment Profile,42
6041,0,9.733252954902127e-05,0,0.9790508217963078,model::roberta_sentiment_profile,RoBERTa + Sentiment Profile,42
5369,0,0.0011136035900563,0,0.9790508217963078,model::roberta_sentiment_profile,RoBERTa + Sentiment Profile,42
16730,0,3.580884367693216e-05,0,0.9790508217963078,model::roberta_sentiment_profile,RoBERTa + Sentiment Profile,42
20508,1,1.6219784811255522e-05,0,0.9790508217963078,model::roberta_sentiment_profile,RoBERTa + Sentiment Profile,42
13592,1,7.36831862013787e-06,0,0.9790508217963078,model::roberta_sentiment_profile,RoBERTa + Sentiment Profile,42
8155,1,5.602773853752296e-06,0,0.9790508217963078,model::roberta_sentiment_profile,RoBERTa + Sentiment Profile,42
18328,0,3.878699499182403e-05,0,0.9790508217963078,model::roberta_sentiment_profile,RoBERTa + Sentiment Profile,42
19562,1,4.037111011712113e-06,0,0.9790508217963078,model::roberta_sentiment_profile,RoBERTa + Sentiment Profile,42
17565,0,4.316510967328213e-06,0,0.9790508217963078,model::roberta_sentiment_profile,RoBERTa + Sentiment Profile,42
1493,0,3.387137894605985e-06,0,0.9790508217963078,model::roberta_sentiment_profile,RoBERTa + Sentiment Profile,42
15789,1,4.695900770457229e-06,0,0.9790508217963078,model::roberta_sentiment_profile,RoBERTa + Sentiment Profile,42
4254,1,1.4329726582218427e-05,0,0.9790508217963078,model::roberta_sentiment_profile,RoBERTa + Sentiment Profile,42
19938,1,1.711251934466418e-05,0,0.9790508217963078,model::roberta_sentiment_profile,RoBERTa + Sentiment Profile,42
2511,0,3.797053750531632e-06,0,0.9790508217963078,model::roberta_sentiment_profile,RoBERTa + Sentiment Profile,42
3060,1,3.5370271689316723e-06,0,0.9790508217963078,model::roberta_sentiment_profile,RoBERTa + Sentiment Profile,42
5849,1,4.334678123996127e-06,0,0.9790508217963078,model::roberta_sentiment_profile,RoBERTa + Sentiment Profile,42
18804,1,4.007305960840313e-06,0,0.9790508217963078,model::roberta_sentiment_profile,RoBERTa + Sentiment Profile,42
2992,1,3.947324330511037e-06,0,0.9790508217963078,model::roberta_sentiment_profile,RoBERTa + Sentiment Profile,42
1449,1,6.144619419501396e-06,0,0.9790508217963078,model::roberta_sentiment_profile,RoBERTa + Sentiment Profile,42
20007,0,6.383532763720723e-06,0,0.9790508217963078,model::roberta_sentiment_profile,RoBERTa + Sentiment Profile,42
19349,1,3.824131454166491e-06,0,0.9790508217963078,model::roberta_sentiment_profile,RoBERTa + Sentiment Profile,42
17116,1,4.529254056251375e-06,0,0.9790508217963078,model::roberta_sentiment_profile,RoBERTa + Sentiment Profile,42
1129,0,1.6475110896863043e-05,0,0.9790508217963078,model::roberta_sentiment_profile,RoBERTa + Sentiment Profile,42
17084,1,4.517132310866145e-06,0,0.9790508217963078,model::roberta_sentiment_profile,RoBERTa + Sentiment Profile,42
11028,0,4.918567356071435e-06,0,0.9790508217963078,model::roberta_sentiment_profile,RoBERTa + Sentiment Profile,42
9985,1,1.3020693586440755e-05,0,0.9790508217963078,model::roberta_sentiment_profile,RoBERTa + Sentiment Profile,42
9096,0,3.397432237761677e-06,0,0.9790508217963078,model::roberta_sentiment_profile,RoBERTa + Sentiment Profile,42
20664,0,4.9979837058344856e-05,0,0.9790508217963078,model::roberta_sentiment_profile,RoBERTa + Sentiment Profile,42
6968,1,6.423630566132488e-06,0,0.9790508217963078,model::roberta_sentiment_profile,RoBERTa + Sentiment Profile,42
15681,0,1.5446144971065223e-05,0,0.9790508217963078,model::roberta_sentiment_profile,RoBERTa + Sentiment Profile,42
7172,0,3.0381002034118865e-06,0,0.9790508217963078,model::roberta_sentiment_profile,RoBERTa + Sentiment Profile,42
10656,0,3.1782947189640254e-06,0,0.9790508217963078,model::roberta_sentiment_profile,RoBERTa + Sentiment Profile,42
3398,0,0.9999579191207886,1,0.9790508217963078,model::roberta_sentiment_profile,RoBERTa + Sentiment Profile,42
1970,1,4.238588644511765e-06,0,0.9790508217963078,model::roberta_sentiment_profile,RoBERTa + Sentiment Profile,42
3690,1,4.899680789094418e-06,0,0.9790508217963078,model::roberta_sentiment_profile,RoBERTa + Sentiment Profile,42
5829,0,4.469491159397876e-06,0,0.9790508217963078,model::roberta_sentiment_profile,RoBERTa + Sentiment Profile,42
8905,0,2.782114961519256e-06,0,0.9790508217963078,model::roberta_sentiment_profile,RoBERTa + Sentiment Profile,42
15440,0,8.252134648500942e-06,0,0.9790508217963078,model::roberta_sentiment_profile,RoBERTa + Sentiment Profile,42
49,1,3.831662525044521e-06,0,0.9790508217963078,model::roberta_sentiment_profile,RoBERTa + Sentiment Profile,42
2412,1,4.865048595092958e-06,0,0.9790508217963078,model::roberta_sentiment_profile,RoBERTa + Sentiment Profile,42
13478,0,3.7777335819555447e-06,0,0.9790508217963078,model::roberta_sentiment_profile,RoBERTa + Sentiment Profile,42
17514,0,0.9792856574058532,1,0.9790508217963078,model::roberta_sentiment_profile,RoBERTa + Sentiment Profile,42
3723,0,8.86207908479264e-06,0,0.9790508217963078,model::roberta_sentiment_profile,RoBERTa + Sentiment Profile,42
7471,0,0.9999556541442872,1,0.9790508217963078,model::roberta_sentiment_profile,RoBERTa + Sentiment Profile,42
25,1,6.237622528715292e-06,0,0.9790508217963078,model::roberta_sentiment_profile,RoBERTa + Sentiment Profile,42
17971,1,4.086374701728346e-06,0,0.9790508217963078,model::roberta_sentiment_profile,RoBERTa + Sentiment Profile,42
5061,1,4.349838945927331e-06,0,0.9790508217963078,model::roberta_sentiment_profile,RoBERTa + Sentiment Profile,42
11342,0,3.775864342969726e-06,0,0.9790508217963078,model::roberta_sentiment_profile,RoBERTa + Sentiment Profile,42
4069,1,5.4215370255406015e-06,0,0.9790508217963078,model::roberta_sentiment_profile,RoBERTa + Sentiment Profile,42
1796,0,0.9999806880950928,1,0.9790508217963078,model::roberta_sentiment_profile,RoBERTa + Sentiment Profile,42
13682,0,3.961081347370055e-06,0,0.9790508217963078,model::roberta_sentiment_profile,RoBERTa + Sentiment Profile,42
8867,1,7.374083452305058e-06,0,0.9790508217963078,model::roberta_sentiment_profile,RoBERTa + Sentiment Profile,42
15767,1,5.433824753708905e-06,0,0.9790508217963078,model::roberta_sentiment_profile,RoBERTa + Sentiment Profile,42
20628,1,3.786306706388132e-06,0,0.9790508217963078,model::roberta_sentiment_profile,RoBERTa + Sentiment Profile,42
6935,1,4.38740971731022e-06,0,0.9790508217963078,model::roberta_sentiment_profile,RoBERTa + Sentiment Profile,42
20056,1,3.7048746435175417e-06,0,0.9790508217963078,model::roberta_sentiment_profile,RoBERTa + Sentiment Profile,42
5592,1,6.130519977887161e-06,0,0.9790508217963078,model::roberta_sentiment_profile,RoBERTa + Sentiment Profile,42
19316,1,3.644369144240045e-06,0,0.9790508217963078,model::roberta_sentiment_profile,RoBERTa + Sentiment Profile,42
7887,1,7.374497727141716e-06,0,0.9790508217963078,model::roberta_sentiment_profile,RoBERTa + Sentiment Profile,42
10219,1,9.246358786185738e-06,0,0.9790508217963078,model::roberta_sentiment_profile,RoBERTa + Sentiment Profile,42
15212,0,4.491830168262823e-06,0,0.9790508217963078,model::roberta_sentiment_profile,RoBERTa + Sentiment Profile,42
8530,0,4.55575764135574e-06,0,0.9790508217963078,model::roberta_sentiment_profile,RoBERTa + Sentiment Profile,42
11428,1,1.0195478353125507e-05,0,0.9790508217963078,model::roberta_sentiment_profile,RoBERTa + Sentiment Profile,42
4217,0,0.0001967453717952,0,0.9790508217963078,model::roberta_sentiment_profile,RoBERTa + Sentiment Profile,42
15424,0,4.539883320830995e-06,0,0.9790508217963078,model::roberta_sentiment_profile,RoBERTa + Sentiment Profile,42
21114,1,5.848607543157414e-06,0,0.9790508217963078,model::roberta_sentiment_profile,RoBERTa + Sentiment Profile,42
5793,1,1.1927285413548816e-05,0,0.9790508217963078,model::roberta_sentiment_profile,RoBERTa + Sentiment Profile,42
14533,1,3.635229859355604e-06,0,0.9790508217963078,model::roberta_sentiment_profile,RoBERTa + Sentiment Profile,42
7866,1,5.638483798975358e-06,0,0.9790508217963078,model::roberta_sentiment_profile,RoBERTa + Sentiment Profile,42
19695,1,7.074485893099336e-06,0,0.9790508217963078,model::roberta_sentiment_profile,RoBERTa + Sentiment Profile,42
16004,1,5.1855863603123e-06,0,0.9790508217963078,model::roberta_sentiment_profile,RoBERTa + Sentiment Profile,42
3239,0,1.8557691873866133e-05,0,0.9790508217963078,model::roberta_sentiment_profile,RoBERTa + Sentiment Profile,42
3527,0,0.9975034594535828,1,0.9790508217963078,model::roberta_sentiment_profile,RoBERTa + Sentiment Profile,42
16501,1,4.538004759524483e-06,0,0.9790508217963078,model::roberta_sentiment_profile,RoBERTa + Sentiment Profile,42
18416,0,3.713073510880349e-06,0,0.9790508217963078,model::roberta_sentiment_profile,RoBERTa + Sentiment Profile,42
19251,0,3.579867779990309e-06,0,0.9790508217963078,model::roberta_sentiment_profile,RoBERTa + Sentiment Profile,42
2961,1,3.310916099508177e-06,0,0.9790508217963078,model::roberta_sentiment_profile,RoBERTa + Sentiment Profile,42
11149,0,0.9999674558639526,1,0.9790508217963078,model::roberta_sentiment_profile,RoBERTa + Sentiment Profile,42
12669,1,4.742114015243715e-06,0,0.9790508217963078,model::roberta_sentiment_profile,RoBERTa + Sentiment Profile,42
20575,0,3.7690429053327534e-06,0,0.9790508217963078,model::roberta_sentiment_profile,RoBERTa + Sentiment Profile,42
19971,0,3.461421556494315e-06,0,0.9790508217963078,model::roberta_sentiment_profile,RoBERTa + Sentiment Profile,42
10848,0,3.187139554938767e-06,0,0.9790508217963078,model::roberta_sentiment_profile,RoBERTa + Sentiment Profile,42
9864,1,3.830003606708488e-06,0,0.9790508217963078,model::roberta_sentiment_profile,RoBERTa + Sentiment Profile,42
20475,0,1.0120199476659764e-05,0,0.9790508217963078,model::roberta_sentiment_profile,RoBERTa + Sentiment Profile,42
13271,1,4.732179604616249e-06,0,0.9790508217963078,model::roberta_sentiment_profile,RoBERTa + Sentiment Profile,42
15921,1,1.1957899914705196e-05,0,0.9790508217963078,model::roberta_sentiment_profile,RoBERTa + Sentiment Profile,42
10018,1,4.175558842689497e-06,0,0.9790508217963078,model::roberta_sentiment_profile,RoBERTa + Sentiment Profile,42
16642,0,5.94378070672974e-06,0,0.9790508217963078,model::roberta_sentiment_profile,RoBERTa + Sentiment Profile,42
10634,0,1.939155117725022e-05,0,0.9790508217963078,model::roberta_sentiment_profile,RoBERTa + Sentiment Profile,42
16120,1,3.889460003847489e-06,0,0.9790508217963078,model::roberta_sentiment_profile,RoBERTa + Sentiment Profile,42
14174,1,5.0715439101622906e-06,0,0.9790508217963078,model::roberta_sentiment_profile,RoBERTa + Sentiment Profile,42
11296,0,8.067973794823047e-06,0,0.9790508217963078,model::roberta_sentiment_profile,RoBERTa + Sentiment Profile,42
2168,1,4.70969598609372e-06,0,0.9790508217963078,model::roberta_sentiment_profile,RoBERTa + Sentiment Profile,42
5118,1,4.128967248107074e-06,0,0.9790508217963078,model::roberta_sentiment_profile,RoBERTa + Sentiment Profile,42
2608,0,0.999994158744812,1,0.9790508217963078,model::roberta_sentiment_profile,RoBERTa + Sentiment Profile,42
13813,1,4.522300969256321e-06,0,0.9790508217963078,model::roberta_sentiment_profile,RoBERTa + Sentiment Profile,42
8051,1,3.457416141827707e-06,0,0.9790508217963078,model::roberta_sentiment_profile,RoBERTa + Sentiment Profile,42
17462,0,3.826039119303459e-06,0,0.9790508217963078,model::roberta_sentiment_profile,RoBERTa + Sentiment Profile,42
6082,1,4.163713128946256e-06,0,0.9790508217963078,model::roberta_sentiment_profile,RoBERTa + Sentiment Profile,42
14585,1,3.995643965026829e-06,0,0.9790508217963078,model::roberta_sentiment_profile,RoBERTa + Sentiment Profile,42
17465,0,2.9817883842042647e-06,0,0.9790508217963078,model::roberta_sentiment_profile,RoBERTa + Sentiment Profile,42
4921,0,3.033930852325284e-06,0,0.9790508217963078,model::roberta_sentiment_profile,RoBERTa + Sentiment Profile,42
4263,0,4.143993464822415e-06,0,0.9790508217963078,model::roberta_sentiment_profile,RoBERTa + Sentiment Profile,42
6430,1,8.185760634660255e-06,0,0.9790508217963078,model::roberta_sentiment_profile,RoBERTa + Sentiment Profile,42
7255,1,3.855499471683288e-06,0,0.9790508217963078,model::roberta_sentiment_profile,RoBERTa + Sentiment Profile,42
13883,1,1.0017934982897714e-05,0,0.9790508217963078,model::roberta_sentiment_profile,RoBERTa + Sentiment Profile,42
7334,0,3.302212917333236e-06,0,0.9790508217963078,model::roberta_sentiment_profile,RoBERTa + Sentiment Profile,42
14839,0,3.7427953429869376e-06,0,0.9790508217963078,model::roberta_sentiment_profile,RoBERTa + Sentiment Profile,42
947,0,3.957629814976826e-06,0,0.9790508217963078,model::roberta_sentiment_profile,RoBERTa + Sentiment Profile,42
9665,1,5.826294909638818e-06,0,0.9790508217963078,model::roberta_sentiment_profile,RoBERTa + Sentiment Profile,42
9765,1,4.012774752482073e-06,0,0.9790508217963078,model::roberta_sentiment_profile,RoBERTa + Sentiment Profile,42
12532,0,3.010978616657667e-06,0,0.9790508217963078,model::roberta_sentiment_profile,RoBERTa + Sentiment Profile,42
6202,1,5.138577762409113e-06,0,0.9790508217963078,model::roberta_sentiment_profile,RoBERTa + Sentiment Profile,42
3441,0,4.6286559154395945e-06,0,0.9790508217963078,model::roberta_sentiment_profile,RoBERTa + Sentiment Profile,42
11841,1,4.249679022905184e-06,0,0.9790508217963078,model::roberta_sentiment_profile,RoBERTa + Sentiment Profile,42
12968,0,8.78853643371258e-06,0,0.9790508217963078,model::roberta_sentiment_profile,RoBERTa + Sentiment Profile,42
913,0,3.5841617318510544e-06,0,0.9790508217963078,model::roberta_sentiment_profile,RoBERTa + Sentiment Profile,42
1365,1,4.731385615741601e-06,0,0.9790508217963078,model::roberta_sentiment_profile,RoBERTa + Sentiment Profile,42
849,0,3.807627763308119e-06,0,0.9790508217963078,model::roberta_sentiment_profile,RoBERTa + Sentiment Profile,42
18962,0,5.5466748563048895e-06,0,0.9790508217963078,model::roberta_sentiment_profile,RoBERTa + Sentiment Profile,42
20352,1,4.06816570830415e-06,0,0.9790508217963078,model::roberta_sentiment_profile,RoBERTa + Sentiment Profile,42
9798,1,4.160260232310975e-06,0,0.9790508217963078,model::roberta_sentiment_profile,RoBERTa + Sentiment Profile,42
14501,0,6.926890819158871e-06,0,0.9790508217963078,model::roberta_sentiment_profile,RoBERTa + Sentiment Profile,42
3732,1,8.551286555302795e-06,0,0.9790508217963078,model::roberta_sentiment_profile,RoBERTa + Sentiment Profile,42
12595,1,3.876683877024334e-06,0,0.9790508217963078,model::roberta_sentiment_profile,RoBERTa + Sentiment Profile,42
6974,1,4.496960627875524e-06,0,0.9790508217963078,model::roberta_sentiment_profile,RoBERTa + Sentiment Profile,42
8882,1,3.632211701187771e-06,0,0.9790508217963078,model::roberta_sentiment_profile,RoBERTa + Sentiment Profile,42
16266,0,3.1696438327344367e-06,0,0.9790508217963078,model::roberta_sentiment_profile,RoBERTa + Sentiment Profile,42
15334,1,1.71237643371569e-05,0,0.9790508217963078,model::roberta_sentiment_profile,RoBERTa + Sentiment Profile,42
6697,1,3.379703684913693e-06,0,0.9790508217963078,model::roberta_sentiment_profile,RoBERTa + Sentiment Profile,42
4665,1,5.925584446231369e-06,0,0.9790508217963078,model::roberta_sentiment_profile,RoBERTa + Sentiment Profile,42
20143,0,7.322506462514866e-06,0,0.9790508217963078,model::roberta_sentiment_profile,RoBERTa + Sentiment Profile,42
6868,0,3.2590476166660665e-06,0,0.9790508217963078,model::roberta_sentiment_profile,RoBERTa + Sentiment Profile,42
5364,1,3.5012719763471978e-06,0,0.9790508217963078,model::roberta_sentiment_profile,RoBERTa + Sentiment Profile,42
6120,1,4.5975348257343285e-06,0,0.9790508217963078,model::roberta_sentiment_profile,RoBERTa + Sentiment Profile,42
11173,0,2.9977068152220454e-06,0,0.9790508217963078,model::roberta_sentiment_profile,RoBERTa + Sentiment Profile,42
15071,0,1.5146688383538276e-05,0,0.9790508217963078,model::roberta_sentiment_profile,RoBERTa + Sentiment Profile,42
10881,0,4.025354428449646e-06,0,0.9790508217963078,model::roberta_sentiment_profile,RoBERTa + Sentiment Profile,42
12164,1,4.775452453031903e-06,0,0.9790508217963078,model::roberta_sentiment_profile,RoBERTa + Sentiment Profile,42
3926,1,5.097699613543227e-06,0,0.9790508217963078,model::roberta_sentiment_profile,RoBERTa + Sentiment Profile,42
5021,1,4.2906672206299845e-06,0,0.9790508217963078,model::roberta_sentiment_profile,RoBERTa + Sentiment Profile,42
11604,1,4.317363163863774e-06,0,0.9790508217963078,model::roberta_sentiment_profile,RoBERTa + Sentiment Profile,42
18608,1,4.527189503278351e-06,0,0.9790508217963078,model::roberta_sentiment_profile,RoBERTa + Sentiment Profile,42
8138,0,3.5216892229072982e-06,0,0.9790508217963078,model::roberta_sentiment_profile,RoBERTa + Sentiment Profile,42
20209,0,2.312251308467239e-05,0,0.9790508217963078,model::roberta_sentiment_profile,RoBERTa + Sentiment Profile,42
12932,0,3.3420242289139424e-06,0,0.9790508217963078,model::roberta_sentiment_profile,RoBERTa + Sentiment Profile,42
17276,1,4.384322437545052e-06,0,0.9790508217963078,model::roberta_sentiment_profile,RoBERTa + Sentiment Profile,42
2885,1,5.042164957558271e-06,0,0.9790508217963078,model::roberta_sentiment_profile,RoBERTa + Sentiment Profile,42
8594,0,4.843798706133384e-06,0,0.9790508217963078,model::roberta_sentiment_profile,RoBERTa + Sentiment Profile,42
12423,1,7.759429536235984e-06,0,0.9790508217963078,model::roberta_sentiment_profile,RoBERTa + Sentiment Profile,42
15119,0,3.940302576665999e-06,0,0.9790508217963078,model::roberta_sentiment_profile,RoBERTa + Sentiment Profile,42
10228,0,2.932742518169107e-06,0,0.9790508217963078,model::roberta_sentiment_profile,RoBERTa + Sentiment Profile,42
5378,1,3.646674031188013e-06,0,0.9790508217963078,model::roberta_sentiment_profile,RoBERTa + Sentiment Profile,42
18305,1,4.09553877034341e-06,0,0.9790508217963078,model::roberta_sentiment_profile,RoBERTa + Sentiment Profile,42
1619,0,4.734066806122428e-06,0,0.9790508217963078,model::roberta_sentiment_profile,RoBERTa + Sentiment Profile,42
10250,1,6.084662800276419e-06,0,0.9790508217963078,model::roberta_sentiment_profile,RoBERTa + Sentiment Profile,42
13321,0,1.3733540072280448e-05,0,0.9790508217963078,model::roberta_sentiment_profile,RoBERTa + Sentiment Profile,42
14508,1,5.515227712749038e-06,0,0.9790508217963078,model::roberta_sentiment_profile,RoBERTa + Sentiment Profile,42
18074,1,4.106184405827662e-06,0,0.9790508217963078,model::roberta_sentiment_profile,RoBERTa + Sentiment Profile,42
18548,1,6.521079740196001e-06,0,0.9790508217963078,model::roberta_sentiment_profile,RoBERTa + Sentiment Profile,42
16401,1,9.129412319452967e-06,0,0.9790508217963078,model::roberta_sentiment_profile,RoBERTa + Sentiment Profile,42
18906,0,3.6927224300598014e-06,0,0.9790508217963078,model::roberta_sentiment_profile,RoBERTa + Sentiment Profile,42
11862,0,5.001781573810149e-06,0,0.9790508217963078,model::roberta_sentiment_profile,RoBERTa + Sentiment Profile,42
21074,0,0.0005162961315363,0,0.9790508217963078,model::roberta_sentiment_profile,RoBERTa + Sentiment Profile,42
19687,1,4.197666385152843e-06,0,0.9790508217963078,model::roberta_sentiment_profile,RoBERTa + Sentiment Profile,42
18495,1,9.408650839759504e-06,0,0.9790508217963078,model::roberta_sentiment_profile,RoBERTa + Sentiment Profile,42
9398,1,4.513894054980483e-06,0,0.9790508217963078,model::roberta_sentiment_profile,RoBERTa + Sentiment Profile,42
11589,0,6.062166448828066e-06,0,0.9790508217963078,model::roberta_sentiment_profile,RoBERTa + Sentiment Profile,42
702,0,5.657605015585432e-06,0,0.9790508217963078,model::roberta_sentiment_profile,RoBERTa + Sentiment Profile,42
6624,1,2.7413266252551693e-06,0,0.9790508217963078,model::roberta_sentiment_profile,RoBERTa + Sentiment Profile,42
2681,1,4.216813067614567e-06,0,0.9790508217963078,model::roberta_sentiment_profile,RoBERTa + Sentiment Profile,42
4359,1,3.909925453626784e-06,0,0.9790508217963078,model::roberta_sentiment_profile,RoBERTa + Sentiment Profile,42
8981,1,8.023923328437377e-06,0,0.9790508217963078,model::roberta_sentiment_profile,RoBERTa + Sentiment Profile,42
201,0,4.034193807456177e-06,0,0.9790508217963078,model::roberta_sentiment_profile,RoBERTa + Sentiment Profile,42
4761,0,0.9999232292175292,1,0.9790508217963078,model::roberta_sentiment_profile,RoBERTa + Sentiment Profile,42
19171,0,0.0005780553910881,0,0.9790508217963078,model::roberta_sentiment_profile,RoBERTa + Sentiment Profile,42
18927,0,3.5703449157153955e-06,0,0.9790508217963078,model::roberta_sentiment_profile,RoBERTa + Sentiment Profile,42
2522,1,3.577468532967032e-06,0,0.9790508217963078,model::roberta_sentiment_profile,RoBERTa + Sentiment Profile,42
20437,0,3.722540213857428e-06,0,0.9790508217963078,model::roberta_sentiment_profile,RoBERTa + Sentiment Profile,42
16968,1,1.0756229130493011e-05,0,0.9790508217963078,model::roberta_sentiment_profile,RoBERTa + Sentiment Profile,42
2417,0,4.3361915231798775e-06,0,0.9790508217963078,model::roberta_sentiment_profile,RoBERTa + Sentiment Profile,42
20291,0,3.903279321093578e-06,0,0.9790508217963078,model::roberta_sentiment_profile,RoBERTa + Sentiment Profile,42
10430,0,8.714141586096957e-06,0,0.9790508217963078,model::roberta_sentiment_profile,RoBERTa + Sentiment Profile,42
14417,0,3.250775307606091e-06,0,0.9790508217963078,model::roberta_sentiment_profile,RoBERTa + Sentiment Profile,42
20335,1,4.034266567032319e-06,0,0.9790508217963078,model::roberta_sentiment_profile,RoBERTa + Sentiment Profile,42
12330,0,4.465703568712343e-06,0,0.9790508217963078,model::roberta_sentiment_profile,RoBERTa + Sentiment Profile,42
12502,0,3.3211306345037883e-06,0,0.9790508217963078,model::roberta_sentiment_profile,RoBERTa + Sentiment Profile,42
9690,1,4.115553565497976e-06,0,0.9790508217963078,model::roberta_sentiment_profile,RoBERTa + Sentiment Profile,42
11811,1,3.77519450012187e-06,0,0.9790508217963078,model::roberta_sentiment_profile,RoBERTa + Sentiment Profile,42
13900,0,5.0090817239834e-05,0,0.9790508217963078,model::roberta_sentiment_profile,RoBERTa + Sentiment Profile,42
10589,0,4.437767984200036e-06,0,0.9790508217963078,model::roberta_sentiment_profile,RoBERTa + Sentiment Profile,42
11457,0,4.00494491259451e-06,0,0.9790508217963078,model::roberta_sentiment_profile,RoBERTa + Sentiment Profile,42
11593,0,3.59323439624859e-06,0,0.9790508217963078,model::roberta_sentiment_profile,RoBERTa + Sentiment Profile,42
19874,1,4.308215920900693e-06,0,0.9790508217963078,model::roberta_sentiment_profile,RoBERTa + Sentiment Profile,42
8546,1,4.099348643649137e-06,0,0.9790508217963078,model::roberta_sentiment_profile,RoBERTa + Sentiment Profile,42
13087,1,3.2412715427199146e-06,0,0.9790508217963078,model::roberta_sentiment_profile,RoBERTa + Sentiment Profile,42
4053,1,4.292188805266051e-06,0,0.9790508217963078,model::roberta_sentiment_profile,RoBERTa + Sentiment Profile,42
11035,0,1.3298815247253517e-05,0,0.9790508217963078,model::roberta_sentiment_profile,RoBERTa + Sentiment Profile,42
7106,0,1.0724424100772012e-05,0,0.9790508217963078,model::roberta_sentiment_profile,RoBERTa + Sentiment Profile,42
16967,1,1.0053096048068255e-05,0,0.9790508217963078,model::roberta_sentiment_profile,RoBERTa + Sentiment Profile,42
14055,0,5.967646757198963e-06,0,0.9790508217963078,model::roberta_sentiment_profile,RoBERTa + Sentiment Profile,42
18254,1,3.168005832776544e-06,0,0.9790508217963078,model::roberta_sentiment_profile,RoBERTa + Sentiment Profile,42
4141,1,4.0494346649211366e-06,0,0.9790508217963078,model::roberta_sentiment_profile,RoBERTa + Sentiment Profile,42
14685,1,3.619800509113702e-06,0,0.9790508217963078,model::roberta_sentiment_profile,RoBERTa + Sentiment Profile,42
3870,1,3.675306970762904e-06,0,0.9790508217963078,model::roberta_sentiment_profile,RoBERTa + Sentiment Profile,42
12585,1,3.8424245758506e-06,0,0.9790508217963078,model::roberta_sentiment_profile,RoBERTa + Sentiment Profile,42
20856,0,3.806857876043068e-06,0,0.9790508217963078,model::roberta_sentiment_profile,RoBERTa + Sentiment Profile,42
15655,1,3.778508471441455e-06,0,0.9790508217963078,model::roberta_sentiment_profile,RoBERTa + Sentiment Profile,42
12360,1,3.661351911432576e-06,0,0.9790508217963078,model::roberta_sentiment_profile,RoBERTa + Sentiment Profile,42
4962,0,4.137785708735464e-06,0,0.9790508217963078,model::roberta_sentiment_profile,RoBERTa + Sentiment Profile,42
13155,1,3.31300066136464e-06,0,0.9790508217963078,model::roberta_sentiment_profile,RoBERTa + Sentiment Profile,42
12601,0,2.5010745957843028e-05,0,0.9790508217963078,model::roberta_sentiment_profile,RoBERTa + Sentiment Profile,42
1625,1,4.188006187177962e-06,0,0.9790508217963078,model::roberta_sentiment_profile,RoBERTa + Sentiment Profile,42
6045,1,4.4521175368572585e-06,0,0.9790508217963078,model::roberta_sentiment_profile,RoBERTa + Sentiment Profile,42
9783,0,3.21123616231489e-06,0,0.9790508217963078,model::roberta_sentiment_profile,RoBERTa + Sentiment Profile,42
4525,0,3.1004449283500435e-06,0,0.9790508217963078,model::roberta_sentiment_profile,RoBERTa + Sentiment Profile,42
18524,0,4.41141264673206e-06,0,0.9790508217963078,model::roberta_sentiment_profile,RoBERTa + Sentiment Profile,42
1911,1,5.219931153988e-06,0,0.9790508217963078,model::roberta_sentiment_profile,RoBERTa + Sentiment Profile,42
6497,1,4.731119588541333e-06,0,0.9790508217963078,model::roberta_sentiment_profile,RoBERTa + Sentiment Profile,42
2439,0,0.9999151229858398,1,0.9790508217963078,model::roberta_sentiment_profile,RoBERTa + Sentiment Profile,42
19139,1,4.053166776429862e-06,0,0.9790508217963078,model::roberta_sentiment_profile,RoBERTa + Sentiment Profile,42
9705,0,5.1210499805165455e-05,0,0.9790508217963078,model::roberta_sentiment_profile,RoBERTa + Sentiment Profile,42
13888,0,7.21611422704882e-06,0,0.9790508217963078,model::roberta_sentiment_profile,RoBERTa + Sentiment Profile,42
1130,1,3.35688400809886e-06,0,0.9790508217963078,model::roberta_sentiment_profile,RoBERTa + Sentiment Profile,42
2383,1,4.035667188873049e-06,0,0.9790508217963078,model::roberta_sentiment_profile,RoBERTa + Sentiment Profile,42
19105,0,3.114610763077508e-06,0,0.9790508217963078,model::roberta_sentiment_profile,RoBERTa + Sentiment Profile,42
9378,1,3.568806050679996e-06,0,0.9790508217963078,model::roberta_sentiment_profile,RoBERTa + Sentiment Profile,42
12134,0,6.856108484498691e-06,0,0.9790508217963078,model::roberta_sentiment_profile,RoBERTa + Sentiment Profile,42
1229,1,4.814233761862852e-06,0,0.9790508217963078,model::roberta_sentiment_profile,RoBERTa + Sentiment Profile,42
3541,0,4.539719157037325e-06,0,0.9790508217963078,model::roberta_sentiment_profile,RoBERTa + Sentiment Profile,42
18869,0,3.620629286160693e-06,0,0.9790508217963078,model::roberta_sentiment_profile,RoBERTa + Sentiment Profile,42
14407,1,5.396693268266972e-06,0,0.9790508217963078,model::roberta_sentiment_profile,RoBERTa + Sentiment Profile,42
10759,1,4.895874099020148e-06,0,0.9790508217963078,model::roberta_sentiment_profile,RoBERTa + Sentiment Profile,42
16389,0,5.491211595654022e-06,0,0.9790508217963078,model::roberta_sentiment_profile,RoBERTa + Sentiment Profile,42
14450,1,3.619293238443788e-06,0,0.9790508217963078,model::roberta_sentiment_profile,RoBERTa + Sentiment Profile,42
12180,1,4.270777480996912e-06,0,0.9790508217963078,model::roberta_sentiment_profile,RoBERTa + Sentiment Profile,42
2887,1,6.649048827966908e-06,0,0.9790508217963078,model::roberta_sentiment_profile,RoBERTa + Sentiment Profile,42
8839,0,3.344861852383474e-06,0,0.9790508217963078,model::roberta_sentiment_profile,RoBERTa + Sentiment Profile,42
14721,1,2.0463086912059225e-05,0,0.9790508217963078,model::roberta_sentiment_profile,RoBERTa + Sentiment Profile,42
7710,1,8.806171535979956e-06,0,0.9790508217963078,model::roberta_sentiment_profile,RoBERTa + Sentiment Profile,42
20750,0,3.2125105917657493e-06,0,0.9790508217963078,model::roberta_sentiment_profile,RoBERTa + Sentiment Profile,42
658,1,4.030824584333459e-06,0,0.9790508217963078,model::roberta_sentiment_profile,RoBERTa + Sentiment Profile,42
16111,0,0.9997090697288512,1,0.9790508217963078,model::roberta_sentiment_profile,RoBERTa + Sentiment Profile,42
19833,1,4.64781351183774e-06,0,0.9790508217963078,model::roberta_sentiment_profile,RoBERTa + Sentiment Profile,42
6161,0,0.9999599456787108,1,0.9790508217963078,model::roberta_sentiment_profile,RoBERTa + Sentiment Profile,42
16884,1,4.468161478143884e-06,0,0.9790508217963078,model::roberta_sentiment_profile,RoBERTa + Sentiment Profile,42
5903,1,3.191689756931737e-06,0,0.9790508217963078,model::roberta_sentiment_profile,RoBERTa + Sentiment Profile,42
4020,0,1.3285190107126256e-05,0,0.9790508217963078,model::roberta_sentiment_profile,RoBERTa + Sentiment Profile,42
2822,0,2.9293908028193982e-06,0,0.9790508217963078,model::roberta_sentiment_profile,RoBERTa + Sentiment Profile,42
17899,1,3.587968194551649e-06,0,0.9790508217963078,model::roberta_sentiment_profile,RoBERTa + Sentiment Profile,42
11967,0,0.1676741987466812,0,0.9790508217963078,model::roberta_sentiment_profile,RoBERTa + Sentiment Profile,42
16633,1,3.7147738112253137e-06,0,0.9790508217963078,model::roberta_sentiment_profile,RoBERTa + Sentiment Profile,42
15481,1,6.197468337632017e-06,0,0.9790508217963078,model::roberta_sentiment_profile,RoBERTa + Sentiment Profile,42
10860,1,4.00551425627782e-06,0,0.9790508217963078,model::roberta_sentiment_profile,RoBERTa + Sentiment Profile,42
8770,1,4.596438884618692e-06,0,0.9790508217963078,model::roberta_sentiment_profile,RoBERTa + Sentiment Profile,42
647,1,4.343140517448774e-06,0,0.9790508217963078,model::roberta_sentiment_profile,RoBERTa + Sentiment Profile,42
9453,1,4.2383580876048654e-06,0,0.9790508217963078,model::roberta_sentiment_profile,RoBERTa + Sentiment Profile,42
11535,1,4.657224053516984e-06,0,0.9790508217963078,model::roberta_sentiment_profile,RoBERTa + Sentiment Profile,42
17005,1,4.051968971907627e-06,0,0.9790508217963078,model::roberta_sentiment_profile,RoBERTa + Sentiment Profile,42
3022,1,4.395819360070163e-06,0,0.9790508217963078,model::roberta_sentiment_profile,RoBERTa + Sentiment Profile,42
14896,0,0.000423690828029,0,0.9790508217963078,model::roberta_sentiment_profile,RoBERTa + Sentiment Profile,42
3587,1,5.641586540150456e-06,0,0.9790508217963078,model::roberta_sentiment_profile,RoBERTa + Sentiment Profile,42
12652,1,4.384757176012499e-06,0,0.9790508217963078,model::roberta_sentiment_profile,RoBERTa + Sentiment Profile,42
17345,0,3.310360170871718e-06,0,0.9790508217963078,model::roberta_sentiment_profile,RoBERTa + Sentiment Profile,42
15517,1,3.950435257138452e-06,0,0.9790508217963078,model::roberta_sentiment_profile,RoBERTa + Sentiment Profile,42
17189,1,4.01232682634145e-06,0,0.9790508217963078,model::roberta_sentiment_profile,RoBERTa + Sentiment Profile,42
9134,1,3.619873041316168e-06,0,0.9790508217963078,model::roberta_sentiment_profile,RoBERTa + Sentiment Profile,42
12200,1,4.384556632430758e-06,0,0.9790508217963078,model::roberta_sentiment_profile,RoBERTa + Sentiment Profile,42
4839,1,3.99397185901762e-06,0,0.9790508217963078,model::roberta_sentiment_profile,RoBERTa + Sentiment Profile,42
8432,0,4.334959612606326e-06,0,0.9790508217963078,model::roberta_sentiment_profile,RoBERTa + Sentiment Profile,42
6609,0,4.12112694903044e-06,0,0.9790508217963078,model::roberta_sentiment_profile,RoBERTa + Sentiment Profile,42
11117,1,4.499259830481606e-06,0,0.9790508217963078,model::roberta_sentiment_profile,RoBERTa + Sentiment Profile,42
18588,0,4.479774815990822e-06,0,0.9790508217963078,model::roberta_sentiment_profile,RoBERTa + Sentiment Profile,42
11898,1,4.35582478530705e-06,0,0.9790508217963078,model::roberta_sentiment_profile,RoBERTa + Sentiment Profile,42
4684,1,7.714847015449777e-06,0,0.9790508217963078,model::roberta_sentiment_profile,RoBERTa + Sentiment Profile,42
8985,1,4.181835720373783e-06,0,0.9790508217963078,model::roberta_sentiment_profile,RoBERTa + Sentiment Profile,42
3148,0,3.733718585863244e-06,0,0.9790508217963078,model::roberta_sentiment_profile,RoBERTa + Sentiment Profile,42
16635,1,4.818050001631491e-06,0,0.9790508217963078,model::roberta_sentiment_profile,RoBERTa + Sentiment Profile,42
20623,1,3.28693045048567e-06,0,0.9790508217963078,model::roberta_sentiment_profile,RoBERTa + Sentiment Profile,42
3382,1,5.788992439192953e-06,0,0.9790508217963078,model::roberta_sentiment_profile,RoBERTa + Sentiment Profile,42
16006,0,3.687770686156e-06,0,0.9790508217963078,model::roberta_sentiment_profile,RoBERTa + Sentiment Profile,42
15846,1,3.4875636629294604e-05,0,0.9790508217963078,model::roberta_sentiment_profile,RoBERTa + Sentiment Profile,42
2724,0,3.715060756803723e-06,0,0.9790508217963078,model::roberta_sentiment_profile,RoBERTa + Sentiment Profile,42
14423,0,3.659247113318997e-06,0,0.9790508217963078,model::roberta_sentiment_profile,RoBERTa + Sentiment Profile,42
19181,0,2.7082342057838105e-06,0,0.9790508217963078,model::roberta_sentiment_profile,RoBERTa + Sentiment Profile,42
13906,1,3.8949056033743545e-06,0,0.9790508217963078,model::roberta_sentiment_profile,RoBERTa + Sentiment Profile,42
6906,0,4.091003120265668e-06,0,0.9790508217963078,model::roberta_sentiment_profile,RoBERTa + Sentiment Profile,42
14746,0,3.177706730639329e-06,0,0.9790508217963078,model::roberta_sentiment_profile,RoBERTa + Sentiment Profile,42
18165,0,5.369453901948873e-06,0,0.9790508217963078,model::roberta_sentiment_profile,RoBERTa + Sentiment Profile,42
10178,1,6.407929959095782e-06,0,0.9790508217963078,model::roberta_sentiment_profile,RoBERTa + Sentiment Profile,42
11965,0,3.1736183245811844e-06,0,0.9790508217963078,model::roberta_sentiment_profile,RoBERTa + Sentiment Profile,42
6514,0,4.514397915045265e-06,0,0.9790508217963078,model::roberta_sentiment_profile,RoBERTa + Sentiment Profile,42
12259,1,3.831249614449916e-06,0,0.9790508217963078,model::roberta_sentiment_profile,RoBERTa + Sentiment Profile,42
4443,0,1.6034797226893716e-05,0,0.9790508217963078,model::roberta_sentiment_profile,RoBERTa + Sentiment Profile,42
17788,1,4.4657758735411335e-06,0,0.9790508217963078,model::roberta_sentiment_profile,RoBERTa + Sentiment Profile,42
20738,1,4.781874395121122e-06,0,0.9790508217963078,model::roberta_sentiment_profile,RoBERTa + Sentiment Profile,42
694,1,4.056716988998232e-06,0,0.9790508217963078,model::roberta_sentiment_profile,RoBERTa + Sentiment Profile,42
16476,1,6.485648100351682e-06,0,0.9790508217963078,model::roberta_sentiment_profile,RoBERTa + Sentiment Profile,42
9628,1,5.231074283074122e-06,0,0.9790508217963078,model::roberta_sentiment_profile,RoBERTa + Sentiment Profile,42
13808,0,0.0012617566389963,0,0.9790508217963078,model::roberta_sentiment_profile,RoBERTa + Sentiment Profile,42
13474,1,4.488969807425747e-06,0,0.9790508217963078,model::roberta_sentiment_profile,RoBERTa + Sentiment Profile,42
16807,0,5.1099750635330565e-06,0,0.9790508217963078,model::roberta_sentiment_profile,RoBERTa + Sentiment Profile,42
9251,1,7.594893304485595e-06,0,0.9790508217963078,model::roberta_sentiment_profile,RoBERTa + Sentiment Profile,42
4372,0,5.670568498317152e-06,0,0.9790508217963078,model::roberta_sentiment_profile,RoBERTa + Sentiment Profile,42
5210,0,1.021160187519854e-05,0,0.9790508217963078,model::roberta_sentiment_profile,RoBERTa + Sentiment Profile,42
16415,1,0.0001350210950477,0,0.9790508217963078,model::roberta_sentiment_profile,RoBERTa + Sentiment Profile,42
18154,1,4.137864380027168e-06,0,0.9790508217963078,model::roberta_sentiment_profile,RoBERTa + Sentiment Profile,42
7981,0,7.330234438995831e-06,0,0.9790508217963078,model::roberta_sentiment_profile,RoBERTa + Sentiment Profile,42
7735,0,5.773516477347584e-06,0,0.9790508217963078,model::roberta_sentiment_profile,RoBERTa + Sentiment Profile,42
1586,0,1.1800972970377188e-05,0,0.9790508217963078,model::roberta_sentiment_profile,RoBERTa + Sentiment Profile,42
3996,0,0.000850205484312,0,0.9790508217963078,model::roberta_sentiment_profile,RoBERTa + Sentiment Profile,42
8136,0,2.789284963000682e-06,0,0.9790508217963078,model::roberta_sentiment_profile,RoBERTa + Sentiment Profile,42
10160,0,2.3207949197967537e-06,0,0.9790508217963078,model::roberta_sentiment_profile,RoBERTa + Sentiment Profile,42
17517,0,9.990628313971683e-06,0,0.9790508217963078,model::roberta_sentiment_profile,RoBERTa + Sentiment Profile,42
11299,1,5.650595085171517e-06,0,0.9790508217963078,model::roberta_sentiment_profile,RoBERTa + Sentiment Profile,42
18883,0,7.12648989065201e-06,0,0.9790508217963078,model::roberta_sentiment_profile,RoBERTa + Sentiment Profile,42
13217,1,4.525817075773375e-06,0,0.9790508217963078,model::roberta_sentiment_profile,RoBERTa + Sentiment Profile,42
17518,1,4.859688033320708e-06,0,0.9790508217963078,model::roberta_sentiment_profile,RoBERTa + Sentiment Profile,42
17572,1,3.369633532201988e-06,0,0.9790508217963078,model::roberta_sentiment_profile,RoBERTa + Sentiment Profile,42
992,1,3.9425090108125005e-06,0,0.9790508217963078,model::roberta_sentiment_profile,RoBERTa + Sentiment Profile,42
18566,1,3.4141198739234824e-06,0,0.9790508217963078,model::roberta_sentiment_profile,RoBERTa + Sentiment Profile,42
1408,0,5.17529088028823e-06,0,0.9790508217963078,model::roberta_sentiment_profile,RoBERTa + Sentiment Profile,42
18302,1,5.2798409342358354e-06,0,0.9790508217963078,model::roberta_sentiment_profile,RoBERTa + Sentiment Profile,42
18924,1,3.3476860608061543e-06,0,0.9790508217963078,model::roberta_sentiment_profile,RoBERTa + Sentiment Profile,42
17217,1,9.958304872270674e-06,0,0.9790508217963078,model::roberta_sentiment_profile,RoBERTa + Sentiment Profile,42
15180,0,1.9426108337938786e-05,0,0.9790508217963078,model::roberta_sentiment_profile,RoBERTa + Sentiment Profile,42
5612,1,4.570003966364311e-06,0,0.9790508217963078,model::roberta_sentiment_profile,RoBERTa + Sentiment Profile,42
20230,0,5.718238298868528e-06,0,0.9790508217963078,model::roberta_sentiment_profile,RoBERTa + Sentiment Profile,42
19044,1,4.89758849653299e-06,0,0.9790508217963078,model::roberta_sentiment_profile,RoBERTa + Sentiment Profile,42
11003,1,3.428822992646019e-06,0,0.9790508217963078,model::roberta_sentiment_profile,RoBERTa + Sentiment Profile,42
1719,0,4.041340616822708e-06,0,0.9790508217963078,model::roberta_sentiment_profile,RoBERTa + Sentiment Profile,42
12564,1,3.5711620967049384e-06,0,0.9790508217963078,model::roberta_sentiment_profile,RoBERTa + Sentiment Profile,42
3399,1,4.007612005807459e-06,0,0.9790508217963078,model::roberta_sentiment_profile,RoBERTa + Sentiment Profile,42
13910,1,4.0200984585681e-06,0,0.9790508217963078,model::roberta_sentiment_profile,RoBERTa + Sentiment Profile,42
6487,1,4.882367193204118e-06,0,0.9790508217963078,model::roberta_sentiment_profile,RoBERTa + Sentiment Profile,42
2142,0,0.9998931884765624,1,0.9790508217963078,model::roberta_sentiment_profile,RoBERTa + Sentiment Profile,42
13431,1,3.5045222830376588e-06,0,0.9790508217963078,model::roberta_sentiment_profile,RoBERTa + Sentiment Profile,42
1180,1,3.520816107993596e-06,0,0.9790508217963078,model::roberta_sentiment_profile,RoBERTa + Sentiment Profile,42
4332,1,6.783565368095879e-06,0,0.9790508217963078,model::roberta_sentiment_profile,RoBERTa + Sentiment Profile,42
7629,0,4.156175236857962e-06,0,0.9790508217963078,model::roberta_sentiment_profile,RoBERTa + Sentiment Profile,42
1938,0,3.2103116609505378e-06,0,0.9790508217963078,model::roberta_sentiment_profile,RoBERTa + Sentiment Profile,42
9064,0,0.9580852389335632,0,0.9790508217963078,model::roberta_sentiment_profile,RoBERTa + Sentiment Profile,42
11771,1,5.6474486882507335e-06,0,0.9790508217963078,model::roberta_sentiment_profile,RoBERTa + Sentiment Profile,42
10164,0,2.995249360537855e-06,0,0.9790508217963078,model::roberta_sentiment_profile,RoBERTa + Sentiment Profile,42
20501,1,4.552812697511399e-06,0,0.9790508217963078,model::roberta_sentiment_profile,RoBERTa + Sentiment Profile,42
13574,1,4.074490334460279e-06,0,0.9790508217963078,model::roberta_sentiment_profile,RoBERTa + Sentiment Profile,42
14784,1,3.772718400796293e-06,0,0.9790508217963078,model::roberta_sentiment_profile,RoBERTa + Sentiment Profile,42
12696,0,4.736681148642674e-06,0,0.9790508217963078,model::roberta_sentiment_profile,RoBERTa + Sentiment Profile,42
16175,0,7.471543358406052e-05,0,0.9790508217963078,model::roberta_sentiment_profile,RoBERTa + Sentiment Profile,42
1047,1,1.003432316792896e-05,0,0.9790508217963078,model::roberta_sentiment_profile,RoBERTa + Sentiment Profile,42
1896,1,8.009175871848129e-06,0,0.9790508217963078,model::roberta_sentiment_profile,RoBERTa + Sentiment Profile,42
15528,0,2.4904334168240894e-06,0,0.9790508217963078,model::roberta_sentiment_profile,RoBERTa + Sentiment Profile,42
20703,0,6.027035124134272e-05,0,0.9790508217963078,model::roberta_sentiment_profile,RoBERTa + Sentiment Profile,42
4700,0,0.0003168268885929,0,0.9790508217963078,model::roberta_sentiment_profile,RoBERTa + Sentiment Profile,42
7086,0,3.308066197860171e-06,0,0.9790508217963078,model::roberta_sentiment_profile,RoBERTa + Sentiment Profile,42
17127,1,4.808103767572902e-06,0,0.9790508217963078,model::roberta_sentiment_profile,RoBERTa + Sentiment Profile,42
11904,1,6.482587195932865e-06,0,0.9790508217963078,model::roberta_sentiment_profile,RoBERTa + Sentiment Profile,42
17366,0,2.5612953322706744e-05,0,0.9790508217963078,model::roberta_sentiment_profile,RoBERTa + Sentiment Profile,42
6440,0,3.5309842587594176e-06,0,0.9790508217963078,model::roberta_sentiment_profile,RoBERTa + Sentiment Profile,42
11789,0,3.328010734549025e-06,0,0.9790508217963078,model::roberta_sentiment_profile,RoBERTa + Sentiment Profile,42
13514,0,5.0399539759382606e-06,0,0.9790508217963078,model::roberta_sentiment_profile,RoBERTa + Sentiment Profile,42
19817,0,7.665244083909784e-06,0,0.9790508217963078,model::roberta_sentiment_profile,RoBERTa + Sentiment Profile,42
9850,0,0.0002639933663886,0,0.9790508217963078,model::roberta_sentiment_profile,RoBERTa + Sentiment Profile,42
19653,1,3.2089649266708875e-06,0,0.9790508217963078,model::roberta_sentiment_profile,RoBERTa + Sentiment Profile,42
8248,1,3.906843176082475e-06,0,0.9790508217963078,model::roberta_sentiment_profile,RoBERTa + Sentiment Profile,42
6993,0,4.5683309508604e-06,0,0.9790508217963078,model::roberta_sentiment_profile,RoBERTa + Sentiment Profile,42
869,1,4.33042669101269e-06,0,0.9790508217963078,model::roberta_sentiment_profile,RoBERTa + Sentiment Profile,42
4531,0,3.3487110613350524e-06,0,0.9790508217963078,model::roberta_sentiment_profile,RoBERTa + Sentiment Profile,42
4600,0,3.9494102566095535e-06,0,0.9790508217963078,model::roberta_sentiment_profile,RoBERTa + Sentiment Profile,42
20600,1,5.658489953930257e-06,0,0.9790508217963078,model::roberta_sentiment_profile,RoBERTa + Sentiment Profile,42
11615,1,4.09768335885019e-06,0,0.9790508217963078,model::roberta_sentiment_profile,RoBERTa + Sentiment Profile,42
11622,1,6.205546924320515e-06,0,0.9790508217963078,model::roberta_sentiment_profile,RoBERTa + Sentiment Profile,42
13650,0,5.497121946973493e-06,0,0.9790508217963078,model::roberta_sentiment_profile,RoBERTa + Sentiment Profile,42
16735,1,3.812293471128214e-06,0,0.9790508217963078,model::roberta_sentiment_profile,RoBERTa + Sentiment Profile,42
8640,1,4.518701189226704e-06,0,0.9790508217963078,model::roberta_sentiment_profile,RoBERTa + Sentiment Profile,42
6830,0,3.05817252410634e-06,0,0.9790508217963078,model::roberta_sentiment_profile,RoBERTa + Sentiment Profile,42
5077,0,3.070290858886437e-06,0,0.9790508217963078,model::roberta_sentiment_profile,RoBERTa + Sentiment Profile,42
14749,1,5.413487087935209e-06,0,0.9790508217963078,model::roberta_sentiment_profile,RoBERTa + Sentiment Profile,42
771,1,5.246792170510162e-06,0,0.9790508217963078,model::roberta_sentiment_profile,RoBERTa + Sentiment Profile,42
9405,0,3.01650516121299e-06,0,0.9790508217963078,model::roberta_sentiment_profile,RoBERTa + Sentiment Profile,42
10887,1,4.637541678675916e-06,0,0.9790508217963078,model::roberta_sentiment_profile,RoBERTa + Sentiment Profile,42
1780,1,4.538891971606063e-06,0,0.9790508217963078,model::roberta_sentiment_profile,RoBERTa + Sentiment Profile,42
6717,0,3.650157168522128e-06,0,0.9790508217963078,model::roberta_sentiment_profile,RoBERTa + Sentiment Profile,42
19911,0,3.1767644941282924e-06,0,0.9790508217963078,model::roberta_sentiment_profile,RoBERTa + Sentiment Profile,42
14298,1,3.0475134735752363e-06,0,0.9790508217963078,model::roberta_sentiment_profile,RoBERTa + Sentiment Profile,42
15411,0,4.373944648250472e-06,0,0.9790508217963078,model::roberta_sentiment_profile,RoBERTa + Sentiment Profile,42
15019,1,4.037095550302183e-06,0,0.9790508217963078,model::roberta_sentiment_profile,RoBERTa + Sentiment Profile,42
9610,0,1.5249362149916124e-05,0,0.9790508217963078,model::roberta_sentiment_profile,RoBERTa + Sentiment Profile,42
1303,1,3.4820286600734107e-06,0,0.9790508217963078,model::roberta_sentiment_profile,RoBERTa + Sentiment Profile,42
19490,1,3.640152272055275e-06,0,0.9790508217963078,model::roberta_sentiment_profile,RoBERTa + Sentiment Profile,42
6822,1,2.724382648011669e-05,0,0.9790508217963078,model::roberta_sentiment_profile,RoBERTa + Sentiment Profile,42
4488,0,5.799220616609091e-06,0,0.9790508217963078,model::roberta_sentiment_profile,RoBERTa + Sentiment Profile,42
7461,1,6.436508101614891e-06,0,0.9790508217963078,model::roberta_sentiment_profile,RoBERTa + Sentiment Profile,42
13029,0,3.5874172681360506e-06,0,0.9790508217963078,model::roberta_sentiment_profile,RoBERTa + Sentiment Profile,42
14146,0,2.7982587198494e-06,0,0.9790508217963078,model::roberta_sentiment_profile,RoBERTa + Sentiment Profile,42
18257,0,0.0017572564538568,0,0.9790508217963078,model::roberta_sentiment_profile,RoBERTa + Sentiment Profile,42
9122,0,1.85959434020333e-05,0,0.9790508217963078,model::roberta_sentiment_profile,RoBERTa + Sentiment Profile,42
15865,0,3.178694896632805e-06,0,0.9790508217963078,model::roberta_sentiment_profile,RoBERTa + Sentiment Profile,42
6557,0,3.189419885529788e-06,0,0.9790508217963078,model::roberta_sentiment_profile,RoBERTa + Sentiment Profile,42
11588,1,6.01690726398374e-06,0,0.9790508217963078,model::roberta_sentiment_profile,RoBERTa + Sentiment Profile,42
6186,0,5.130601039127214e-06,0,0.9790508217963078,model::roberta_sentiment_profile,RoBERTa + Sentiment Profile,42
1900,0,2.9318671295186505e-06,0,0.9790508217963078,model::roberta_sentiment_profile,RoBERTa + Sentiment Profile,42
73,1,4.147599156567594e-06,0,0.9790508217963078,model::roberta_sentiment_profile,RoBERTa + Sentiment Profile,42
1997,1,1.017060913000023e-05,0,0.9790508217963078,model::roberta_sentiment_profile,RoBERTa + Sentiment Profile,42
17534,0,2.878034820241737e-06,0,0.9790508217963078,model::roberta_sentiment_profile,RoBERTa + Sentiment Profile,42
9958,1,3.71921191799629e-06,0,0.9790508217963078,model::roberta_sentiment_profile,RoBERTa + Sentiment Profile,42
17511,0,0.0001027895559673,0,0.9790508217963078,model::roberta_sentiment_profile,RoBERTa + Sentiment Profile,42
16955,0,1.0076611943077296e-05,0,0.9790508217963078,model::roberta_sentiment_profile,RoBERTa + Sentiment Profile,42
15570,1,3.814744559349492e-06,0,0.9790508217963078,model::roberta_sentiment_profile,RoBERTa + Sentiment Profile,42
14801,0,0.999553382396698,1,0.9790508217963078,model::roberta_sentiment_profile,RoBERTa + Sentiment Profile,42
21136,1,5.436955689219758e-06,0,0.9790508217963078,model::roberta_sentiment_profile,RoBERTa + Sentiment Profile,42
13584,0,3.0379089821508387e-06,0,0.9790508217963078,model::roberta_sentiment_profile,RoBERTa + Sentiment Profile,42
140,0,3.367002818777109e-06,0,0.9790508217963078,model::roberta_sentiment_profile,RoBERTa + Sentiment Profile,42
12883,0,4.132355115871178e-06,0,0.9790508217963078,model::roberta_sentiment_profile,RoBERTa + Sentiment Profile,42
2537,1,4.273262675269507e-06,0,0.9790508217963078,model::roberta_sentiment_profile,RoBERTa + Sentiment Profile,42
14346,1,2.6355481168138795e-05,0,0.9790508217963078,model::roberta_sentiment_profile,RoBERTa + Sentiment Profile,42
12273,0,4.841775989916641e-06,0,0.9790508217963078,model::roberta_sentiment_profile,RoBERTa + Sentiment Profile,42
17739,0,6.638474587816745e-06,0,0.9790508217963078,model::roberta_sentiment_profile,RoBERTa + Sentiment Profile,42
2964,0,0.0072808288969099,0,0.9790508217963078,model::roberta_sentiment_profile,RoBERTa + Sentiment Profile,42
1868,0,0.9999942779541016,1,0.9790508217963078,model::roberta_sentiment_profile,RoBERTa + Sentiment Profile,42
4967,0,4.37381550000282e-06,0,0.9790508217963078,model::roberta_sentiment_profile,RoBERTa + Sentiment Profile,42
983,0,5.431685167422984e-06,0,0.9790508217963078,model::roberta_sentiment_profile,RoBERTa + Sentiment Profile,42
8412,0,6.410809874068946e-05,0,0.9790508217963078,model::roberta_sentiment_profile,RoBERTa + Sentiment Profile,42
11817,0,4.254123268765397e-06,0,0.9790508217963078,model::roberta_sentiment_profile,RoBERTa + Sentiment Profile,42
9858,0,0.999980092048645,1,0.9790508217963078,model::roberta_sentiment_profile,RoBERTa + Sentiment Profile,42
5689,0,4.8472743401362095e-06,0,0.9790508217963078,model::roberta_sentiment_profile,RoBERTa + Sentiment Profile,42
15542,1,5.535883701668354e-06,0,0.9790508217963078,model::roberta_sentiment_profile,RoBERTa + Sentiment Profile,42
6656,0,4.112755959795322e-06,0,0.9790508217963078,model::roberta_sentiment_profile,RoBERTa + Sentiment Profile,42
13243,0,8.802847332844976e-06,0,0.9790508217963078,model::roberta_sentiment_profile,RoBERTa + Sentiment Profile,42
4093,0,0.9998394250869752,1,0.9790508217963078,model::roberta_sentiment_profile,RoBERTa + Sentiment Profile,42
2931,1,4.5008264351054095e-06,0,0.9790508217963078,model::roberta_sentiment_profile,RoBERTa + Sentiment Profile,42
16447,0,7.730829565844033e-06,0,0.9790508217963078,model::roberta_sentiment_profile,RoBERTa + Sentiment Profile,42
12140,0,4.089989033673192e-06,0,0.9790508217963078,model::roberta_sentiment_profile,RoBERTa + Sentiment Profile,42
2519,1,4.098625595361227e-06,0,0.9790508217963078,model::roberta_sentiment_profile,RoBERTa + Sentiment Profile,42
5451,1,3.709973043442005e-06,0,0.9790508217963078,model::roberta_sentiment_profile,RoBERTa + Sentiment Profile,42
19200,0,3.2633863611408742e-06,0,0.9790508217963078,model::roberta_sentiment_profile,RoBERTa + Sentiment Profile,42
10442,1,5.853478796780109e-06,0,0.9790508217963078,model::roberta_sentiment_profile,RoBERTa + Sentiment Profile,42
12549,0,3.926486897398718e-06,0,0.9790508217963078,model::roberta_sentiment_profile,RoBERTa + Sentiment Profile,42
9431,0,3.0658729883725755e-06,0,0.9790508217963078,model::roberta_sentiment_profile,RoBERTa + Sentiment Profile,42
990,0,0.999992609024048,1,0.9790508217963078,model::roberta_sentiment_profile,RoBERTa + Sentiment Profile,42
15110,1,3.783632337217568e-06,0,0.9790508217963078,model::roberta_sentiment_profile,RoBERTa + Sentiment Profile,42
3788,1,4.022652774438029e-06,0,0.9790508217963078,model::roberta_sentiment_profile,RoBERTa + Sentiment Profile,42
9914,1,4.336882284405874e-06,0,0.9790508217963078,model::roberta_sentiment_profile,RoBERTa + Sentiment Profile,42
12594,1,4.508357051236089e-06,0,0.9790508217963078,model::roberta_sentiment_profile,RoBERTa + Sentiment Profile,42
11580,1,4.740400527225575e-06,0,0.9790508217963078,model::roberta_sentiment_profile,RoBERTa + Sentiment Profile,42
20231,1,5.870865606993903e-06,0,0.9790508217963078,model::roberta_sentiment_profile,RoBERTa + Sentiment Profile,42
21023,1,3.412180149098276e-06,0,0.9790508217963078,model::roberta_sentiment_profile,RoBERTa + Sentiment Profile,42
2728,1,4.136427833145717e-06,0,0.9790508217963078,model::roberta_sentiment_profile,RoBERTa + Sentiment Profile,42
11422,0,3.817204287770437e-06,0,0.9790508217963078,model::roberta_sentiment_profile,RoBERTa + Sentiment Profile,42
58,1,2.7278226752969204e-06,0,0.9790508217963078,model::roberta_sentiment_profile,RoBERTa + Sentiment Profile,42
17977,0,3.140685748803662e-06,0,0.9790508217963078,model::roberta_sentiment_profile,RoBERTa + Sentiment Profile,42
14416,0,3.245085281378124e-06,0,0.9790508217963078,model::roberta_sentiment_profile,RoBERTa + Sentiment Profile,42
10629,0,5.7304991969431285e-06,0,0.9790508217963078,model::roberta_sentiment_profile,RoBERTa + Sentiment Profile,42
4138,0,0.0002229142119176,0,0.9790508217963078,model::roberta_sentiment_profile,RoBERTa + Sentiment Profile,42
2877,1,4.095526946912287e-06,0,0.9790508217963078,model::roberta_sentiment_profile,RoBERTa + Sentiment Profile,42
17097,1,3.783895863307407e-06,0,0.9790508217963078,model::roberta_sentiment_profile,RoBERTa + Sentiment Profile,42
4870,0,5.05582056575804e-06,0,0.9790508217963078,model::roberta_sentiment_profile,RoBERTa + Sentiment Profile,42
15207,0,4.9850855248223525e-06,0,0.9790508217963078,model::roberta_sentiment_profile,RoBERTa + Sentiment Profile,42
4160,1,4.144681042816956e-06,0,0.9790508217963078,model::roberta_sentiment_profile,RoBERTa + Sentiment Profile,42
16079,1,5.2300865718279965e-06,0,0.9790508217963078,model::roberta_sentiment_profile,RoBERTa + Sentiment Profile,42
16506,0,6.2163680922822095e-06,0,0.9790508217963078,model::roberta_sentiment_profile,RoBERTa + Sentiment Profile,42
7357,0,4.2890307668130845e-05,0,0.9790508217963078,model::roberta_sentiment_profile,RoBERTa + Sentiment Profile,42
2804,1,5.949473688815488e-06,0,0.9790508217963078,model::roberta_sentiment_profile,RoBERTa + Sentiment Profile,42
4393,0,7.17221246304689e-06,0,0.9790508217963078,model::roberta_sentiment_profile,RoBERTa + Sentiment Profile,42
16123,0,5.025137852499029e-06,0,0.9790508217963078,model::roberta_sentiment_profile,RoBERTa + Sentiment Profile,42
14689,0,3.5479733924148604e-06,0,0.9790508217963078,model::roberta_sentiment_profile,RoBERTa + Sentiment Profile,42
2098,1,4.0028448893281166e-06,0,0.9790508217963078,model::roberta_sentiment_profile,RoBERTa + Sentiment Profile,42
4123,0,2.951172518805833e-06,0,0.9790508217963078,model::roberta_sentiment_profile,RoBERTa + Sentiment Profile,42
2710,1,3.615139803514466e-06,0,0.9790508217963078,model::roberta_sentiment_profile,RoBERTa + Sentiment Profile,42
13111,0,4.543669547274476e-06,0,0.9790508217963078,model::roberta_sentiment_profile,RoBERTa + Sentiment Profile,42
12692,0,3.4799770673998864e-06,0,0.9790508217963078,model::roberta_sentiment_profile,RoBERTa + Sentiment Profile,42
13520,1,4.130727575102355e-06,0,0.9790508217963078,model::roberta_sentiment_profile,RoBERTa + Sentiment Profile,42
5758,1,3.8076966575317775e-06,0,0.9790508217963078,model::roberta_sentiment_profile,RoBERTa + Sentiment Profile,42
1923,0,3.0846751997160027e-06,0,0.9790508217963078,model::roberta_sentiment_profile,RoBERTa + Sentiment Profile,42
16691,1,3.943768206227105e-06,0,0.9790508217963078,model::roberta_sentiment_profile,RoBERTa + Sentiment Profile,42
2843,1,5.36031620868016e-06,0,0.9790508217963078,model::roberta_sentiment_profile,RoBERTa + Sentiment Profile,42
6914,0,1.9955323296017013e-05,0,0.9790508217963078,model::roberta_sentiment_profile,RoBERTa + Sentiment Profile,42
262,1,3.1694473818788538e-06,0,0.9790508217963078,model::roberta_sentiment_profile,RoBERTa + Sentiment Profile,42
19118,1,3.754091494556633e-06,0,0.9790508217963078,model::roberta_sentiment_profile,RoBERTa + Sentiment Profile,42
13201,0,4.948504738422344e-06,0,0.9790508217963078,model::roberta_sentiment_profile,RoBERTa + Sentiment Profile,42
15079,1,3.1879117159405723e-06,0,0.9790508217963078,model::roberta_sentiment_profile,RoBERTa + Sentiment Profile,42
19957,1,7.437853128067218e-06,0,0.9790508217963078,model::roberta_sentiment_profile,RoBERTa + Sentiment Profile,42
18151,0,3.516827564453706e-05,0,0.9790508217963078,model::roberta_sentiment_profile,RoBERTa + Sentiment Profile,42
10389,1,4.585493570630206e-06,0,0.9790508217963078,model::roberta_sentiment_profile,RoBERTa + Sentiment Profile,42
15721,0,3.433770643823664e-06,0,0.9790508217963078,model::roberta_sentiment_profile,RoBERTa + Sentiment Profile,42
8334,0,0.0029261100571602,0,0.9790508217963078,model::roberta_sentiment_profile,RoBERTa + Sentiment Profile,42
9060,1,3.920417839253787e-06,0,0.9790508217963078,model::roberta_sentiment_profile,RoBERTa + Sentiment Profile,42
15608,0,0.999993085861206,1,0.9790508217963078,model::roberta_sentiment_profile,RoBERTa + Sentiment Profile,42
6900,1,5.030723968957318e-06,0,0.9790508217963078,model::roberta_sentiment_profile,RoBERTa + Sentiment Profile,42
8360,0,6.131712780188536e-06,0,0.9790508217963078,model::roberta_sentiment_profile,RoBERTa + Sentiment Profile,42
20748,0,5.362325737223728e-06,0,0.9790508217963078,model::roberta_sentiment_profile,RoBERTa + Sentiment Profile,42
9035,0,3.928973910660716e-06,0,0.9790508217963078,model::roberta_sentiment_profile,RoBERTa + Sentiment Profile,42
21063,1,8.632981007394847e-06,0,0.9790508217963078,model::roberta_sentiment_profile,RoBERTa + Sentiment Profile,42
9584,0,3.5641874092107173e-06,0,0.9790508217963078,model::roberta_sentiment_profile,RoBERTa + Sentiment Profile,42
6997,0,4.684432042267872e-06,0,0.9790508217963078,model::roberta_sentiment_profile,RoBERTa + Sentiment Profile,42
6627,1,3.6441538213694e-06,0,0.9790508217963078,model::roberta_sentiment_profile,RoBERTa + Sentiment Profile,42
11010,0,1.0376209502283018e-05,0,0.9790508217963078,model::roberta_sentiment_profile,RoBERTa + Sentiment Profile,42
1758,1,5.394521394919138e-06,0,0.9790508217963078,model::roberta_sentiment_profile,RoBERTa + Sentiment Profile,42
13549,1,4.563001766655361e-06,0,0.9790508217963078,model::roberta_sentiment_profile,RoBERTa + Sentiment Profile,42
10221,0,5.460031388793141e-06,0,0.9790508217963078,model::roberta_sentiment_profile,RoBERTa + Sentiment Profile,42
10909,0,3.042533307962003e-06,0,0.9790508217963078,model::roberta_sentiment_profile,RoBERTa + Sentiment Profile,42
18920,1,5.098497240396682e-06,0,0.9790508217963078,model::roberta_sentiment_profile,RoBERTa + Sentiment Profile,42
2552,1,4.3342733988538384e-06,0,0.9790508217963078,model::roberta_sentiment_profile,RoBERTa + Sentiment Profile,42
8331,0,3.2046646083472297e-06,0,0.9790508217963078,model::roberta_sentiment_profile,RoBERTa + Sentiment Profile,42
10710,0,3.864643440465443e-05,0,0.9790508217963078,model::roberta_sentiment_profile,RoBERTa + Sentiment Profile,42
7649,0,4.080890903424006e-06,0,0.9790508217963078,model::roberta_sentiment_profile,RoBERTa + Sentiment Profile,42
5626,1,7.532355994044337e-06,0,0.9790508217963078,model::roberta_sentiment_profile,RoBERTa + Sentiment Profile,42
1752,1,2.606786802061833e-05,0,0.9790508217963078,model::roberta_sentiment_profile,RoBERTa + Sentiment Profile,42
8963,0,2.804189307425986e-06,0,0.9790508217963078,model::roberta_sentiment_profile,RoBERTa + Sentiment Profile,42
3156,0,1.065569267666433e-05,0,0.9790508217963078,model::roberta_sentiment_profile,RoBERTa + Sentiment Profile,42
10116,1,4.881184395344462e-06,0,0.9790508217963078,model::roberta_sentiment_profile,RoBERTa + Sentiment Profile,42
15902,1,3.832235961453989e-06,0,0.9790508217963078,model::roberta_sentiment_profile,RoBERTa + Sentiment Profile,42
5167,0,3.430402557569323e-06,0,0.9790508217963078,model::roberta_sentiment_profile,RoBERTa + Sentiment Profile,42
14813,0,3.945916887460044e-06,0,0.9790508217963078,model::roberta_sentiment_profile,RoBERTa + Sentiment Profile,42
19699,1,5.148197033122415e-06,0,0.9790508217963078,model::roberta_sentiment_profile,RoBERTa + Sentiment Profile,42
2287,1,4.113783688808326e-06,0,0.9790508217963078,model::roberta_sentiment_profile,RoBERTa + Sentiment Profile,42
3792,1,4.941859970131191e-06,0,0.9790508217963078,model::roberta_sentiment_profile,RoBERTa + Sentiment Profile,42
11717,1,1.395630170009099e-05,0,0.9790508217963078,model::roberta_sentiment_profile,RoBERTa + Sentiment Profile,42
12060,1,5.468306426337222e-06,0,0.9790508217963078,model::roberta_sentiment_profile,RoBERTa + Sentiment Profile,42
4459,0,2.593696535768686e-06,0,0.9790508217963078,model::roberta_sentiment_profile,RoBERTa + Sentiment Profile,42
18589,1,4.903107310383348e-06,0,0.9790508217963078,model::roberta_sentiment_profile,RoBERTa + Sentiment Profile,42
12309,1,4.235012966091745e-06,0,0.9790508217963078,model::roberta_sentiment_profile,RoBERTa + Sentiment Profile,42
3518,1,4.793325388163794e-06,0,0.9790508217963078,model::roberta_sentiment_profile,RoBERTa + Sentiment Profile,42
2605,0,3.733561925400864e-06,0,0.9790508217963078,model::roberta_sentiment_profile,RoBERTa + Sentiment Profile,42
2708,1,4.987548891222104e-06,0,0.9790508217963078,model::roberta_sentiment_profile,RoBERTa + Sentiment Profile,42
18702,0,1.3790183402306866e-05,0,0.9790508217963078,model::roberta_sentiment_profile,RoBERTa + Sentiment Profile,42
13381,1,4.19960406361497e-06,0,0.9790508217963078,model::roberta_sentiment_profile,RoBERTa + Sentiment Profile,42
15131,1,7.403806193906348e-06,0,0.9790508217963078,model::roberta_sentiment_profile,RoBERTa + Sentiment Profile,42
11910,0,5.301030796545092e-06,0,0.9790508217963078,model::roberta_sentiment_profile,RoBERTa + Sentiment Profile,42
8854,0,1.2513039109762758e-05,0,0.9790508217963078,model::roberta_sentiment_profile,RoBERTa + Sentiment Profile,42
18940,1,3.644563776106224e-06,0,0.9790508217963078,model::roberta_sentiment_profile,RoBERTa + Sentiment Profile,42
4387,1,5.004530066798907e-06,0,0.9790508217963078,model::roberta_sentiment_profile,RoBERTa + Sentiment Profile,42
20660,1,4.330121100792894e-06,0,0.9790508217963078,model::roberta_sentiment_profile,RoBERTa + Sentiment Profile,42
20305,1,3.864713107759599e-06,0,0.9790508217963078,model::roberta_sentiment_profile,RoBERTa + Sentiment Profile,42
14420,1,3.863629899569787e-06,0,0.9790508217963078,model::roberta_sentiment_profile,RoBERTa + Sentiment Profile,42
1708,0,5.4325668315868825e-05,0,0.9790508217963078,model::roberta_sentiment_profile,RoBERTa + Sentiment Profile,42
6131,0,0.0127429086714982,0,0.9790508217963078,model::roberta_sentiment_profile,RoBERTa + Sentiment Profile,42
2669,0,2.949782583527849e-06,0,0.9790508217963078,model::roberta_sentiment_profile,RoBERTa + Sentiment Profile,42
4759,0,3.901299351127818e-06,0,0.9790508217963078,model::roberta_sentiment_profile,RoBERTa + Sentiment Profile,42
5305,1,3.342986929055769e-06,0,0.9790508217963078,model::roberta_sentiment_profile,RoBERTa + Sentiment Profile,42
1262,0,6.932547876203898e-06,0,0.9790508217963078,model::roberta_sentiment_profile,RoBERTa + Sentiment Profile,42
18111,0,3.900815954693826e-06,0,0.9790508217963078,model::roberta_sentiment_profile,RoBERTa + Sentiment Profile,42
19422,0,2.990514076373074e-06,0,0.9790508217963078,model::roberta_sentiment_profile,RoBERTa + Sentiment Profile,42
15033,0,0.9997530579566956,1,0.9790508217963078,model::roberta_sentiment_profile,RoBERTa + Sentiment Profile,42
11051,0,4.35754873251426e-06,0,0.9790508217963078,model::roberta_sentiment_profile,RoBERTa + Sentiment Profile,42
16591,0,1.4000132978253532e-05,0,0.9790508217963078,model::roberta_sentiment_profile,RoBERTa + Sentiment Profile,42
2053,1,3.2516370538360206e-06,0,0.9790508217963078,model::roberta_sentiment_profile,RoBERTa + Sentiment Profile,42
7319,0,2.6649836399883498e-06,0,0.9790508217963078,model::roberta_sentiment_profile,RoBERTa + Sentiment Profile,42
7997,0,0.9999489784240724,1,0.9790508217963078,model::roberta_sentiment_profile,RoBERTa + Sentiment Profile,42
2440,1,7.440457011398394e-06,0,0.9790508217963078,model::roberta_sentiment_profile,RoBERTa + Sentiment Profile,42
7873,1,3.926374574803049e-06,0,0.9790508217963078,model::roberta_sentiment_profile,RoBERTa + Sentiment Profile,42
1101,1,6.058057351765456e-06,0,0.9790508217963078,model::roberta_sentiment_profile,RoBERTa + Sentiment Profile,42
3293,1,3.526071395754116e-06,0,0.9790508217963078,model::roberta_sentiment_profile,RoBERTa + Sentiment Profile,42
8649,0,3.5348389246792067e-06,0,0.9790508217963078,model::roberta_sentiment_profile,RoBERTa + Sentiment Profile,42
9112,0,4.275945229892386e-06,0,0.9790508217963078,model::roberta_sentiment_profile,RoBERTa + Sentiment Profile,42
18634,1,3.7737183447461575e-05,0,0.9790508217963078,model::roberta_sentiment_profile,RoBERTa + Sentiment Profile,42
6069,0,3.22727737511741e-06,0,0.9790508217963078,model::roberta_sentiment_profile,RoBERTa + Sentiment Profile,42
11843,0,2.8089802981412504e-06,0,0.9790508217963078,model::roberta_sentiment_profile,RoBERTa + Sentiment Profile,42
1064,1,5.9339254221413285e-06,0,0.9790508217963078,model::roberta_sentiment_profile,RoBERTa + Sentiment Profile,42
19432,1,4.825265023100656e-06,0,0.9790508217963078,model::roberta_sentiment_profile,RoBERTa + Sentiment Profile,42
20396,1,4.9038694669434335e-06,0,0.9790508217963078,model::roberta_sentiment_profile,RoBERTa + Sentiment Profile,42
175,1,3.688882316055242e-06,0,0.9790508217963078,model::roberta_sentiment_profile,RoBERTa + Sentiment Profile,42
973,1,3.1445281365449773e-06,0,0.9790508217963078,model::roberta_sentiment_profile,RoBERTa + Sentiment Profile,42
13368,1,0.0001596349611645,0,0.9790508217963078,model::roberta_sentiment_profile,RoBERTa + Sentiment Profile,42
43,0,3.29433032675297e-06,0,0.9790508217963078,model::roberta_sentiment_profile,RoBERTa + Sentiment Profile,42
13811,0,3.921169536624802e-06,0,0.9790508217963078,model::roberta_sentiment_profile,RoBERTa + Sentiment Profile,42
14588,1,5.449533546197927e-06,0,0.9790508217963078,model::roberta_sentiment_profile,RoBERTa + Sentiment Profile,42
10266,1,3.325460056657903e-06,0,0.9790508217963078,model::roberta_sentiment_profile,RoBERTa + Sentiment Profile,42
18433,1,1.77855727088172e-05,0,0.9790508217963078,model::roberta_sentiment_profile,RoBERTa + Sentiment Profile,42
4570,1,4.020083451905521e-06,0,0.9790508217963078,model::roberta_sentiment_profile,RoBERTa + Sentiment Profile,42
6306,0,3.15718762067263e-06,0,0.9790508217963078,model::roberta_sentiment_profile,RoBERTa + Sentiment Profile,42
14540,0,1.423566118319286e-05,0,0.9790508217963078,model::roberta_sentiment_profile,RoBERTa + Sentiment Profile,42
17165,0,3.1097461032914e-06,0,0.9790508217963078,model::roberta_sentiment_profile,RoBERTa + Sentiment Profile,42
641,1,7.000238838372752e-06,0,0.9790508217963078,model::roberta_sentiment_profile,RoBERTa + Sentiment Profile,42
5502,0,3.305376139906002e-06,0,0.9790508217963078,model::roberta_sentiment_profile,RoBERTa + Sentiment Profile,42
20592,0,5.998138021823252e-06,0,0.9790508217963078,model::roberta_sentiment_profile,RoBERTa + Sentiment Profile,42
18238,1,4.3002482925658114e-06,0,0.9790508217963078,model::roberta_sentiment_profile,RoBERTa + Sentiment Profile,42
8128,1,3.44463364854164e-06,0,0.9790508217963078,model::roberta_sentiment_profile,RoBERTa + Sentiment Profile,42
19729,0,4.5724973460892215e-06,0,0.9790508217963078,model::roberta_sentiment_profile,RoBERTa + Sentiment Profile,42
15926,1,2.529260382289067e-05,0,0.9790508217963078,model::roberta_sentiment_profile,RoBERTa + Sentiment Profile,42
19177,1,2.822261012624949e-05,0,0.9790508217963078,model::roberta_sentiment_profile,RoBERTa + Sentiment Profile,42
17990,1,4.387355147628114e-06,0,0.9790508217963078,model::roberta_sentiment_profile,RoBERTa + Sentiment Profile,42
4899,1,6.8325261963764206e-06,0,0.9790508217963078,model::roberta_sentiment_profile,RoBERTa + Sentiment Profile,42
19461,1,5.3216203923511785e-06,0,0.9790508217963078,model::roberta_sentiment_profile,RoBERTa + Sentiment Profile,42
616,1,4.063376763951965e-06,0,0.9790508217963078,model::roberta_sentiment_profile,RoBERTa + Sentiment Profile,42
5886,0,4.408468612382421e-06,0,0.9790508217963078,model::roberta_sentiment_profile,RoBERTa + Sentiment Profile,42
11169,1,4.968592293153051e-06,0,0.9790508217963078,model::roberta_sentiment_profile,RoBERTa + Sentiment Profile,42
16365,1,5.883644462301163e-06,0,0.9790508217963078,model::roberta_sentiment_profile,RoBERTa + Sentiment Profile,42
5788,1,4.066090241394704e-06,0,0.9790508217963078,model::roberta_sentiment_profile,RoBERTa + Sentiment Profile,42
10187,1,3.427103365538642e-06,0,0.9790508217963078,model::roberta_sentiment_profile,RoBERTa + Sentiment Profile,42
9084,1,4.657038061850471e-06,0,0.9790508217963078,model::roberta_sentiment_profile,RoBERTa + Sentiment Profile,42
243,0,5.930723091296386e-06,0,0.9790508217963078,model::roberta_sentiment_profile,RoBERTa + Sentiment Profile,42
12047,1,1.1254991477471776e-05,0,0.9790508217963078,model::roberta_sentiment_profile,RoBERTa + Sentiment Profile,42
13921,0,4.2833735278691165e-06,0,0.9790508217963078,model::roberta_sentiment_profile,RoBERTa + Sentiment Profile,42
10155,0,3.0007990972080734e-06,0,0.9790508217963078,model::roberta_sentiment_profile,RoBERTa + Sentiment Profile,42
9309,1,4.024141617264832e-06,0,0.9790508217963078,model::roberta_sentiment_profile,RoBERTa + Sentiment Profile,42
15515,1,4.495208122534677e-05,0,0.9790508217963078,model::roberta_sentiment_profile,RoBERTa + Sentiment Profile,42
10662,0,3.015348966073361e-06,0,0.9790508217963078,model::roberta_sentiment_profile,RoBERTa + Sentiment Profile,42
12693,0,3.3688720577629283e-06,0,0.9790508217963078,model::roberta_sentiment_profile,RoBERTa + Sentiment Profile,42
16574,0,3.0251046609919285e-06,0,0.9790508217963078,model::roberta_sentiment_profile,RoBERTa + Sentiment Profile,42
20044,0,7.844510946597438e-06,0,0.9790508217963078,model::roberta_sentiment_profile,RoBERTa + Sentiment Profile,42
15500,1,4.772816737386165e-06,0,0.9790508217963078,model::roberta_sentiment_profile,RoBERTa + Sentiment Profile,42
1029,0,0.999944806098938,1,0.9790508217963078,model::roberta_sentiment_profile,RoBERTa + Sentiment Profile,42
11614,1,4.121889560337877e-06,0,0.9790508217963078,model::roberta_sentiment_profile,RoBERTa + Sentiment Profile,42
9822,1,3.81691324946587e-06,0,0.9790508217963078,model::roberta_sentiment_profile,RoBERTa + Sentiment Profile,42
20524,0,5.742973371525295e-06,0,0.9790508217963078,model::roberta_sentiment_profile,RoBERTa + Sentiment Profile,42
7741,1,4.864547918259632e-06,0,0.9790508217963078,model::roberta_sentiment_profile,RoBERTa + Sentiment Profile,42
14573,0,4.138185613555834e-05,0,0.9790508217963078,model::roberta_sentiment_profile,RoBERTa + Sentiment Profile,42
19611,0,3.866077349812258e-06,0,0.9790508217963078,model::roberta_sentiment_profile,RoBERTa + Sentiment Profile,42
3277,0,0.9999897480010986,1,0.9790508217963078,model::roberta_sentiment_profile,RoBERTa + Sentiment Profile,42
12554,1,3.97960820919252e-06,0,0.9790508217963078,model::roberta_sentiment_profile,RoBERTa + Sentiment Profile,42
12526,1,4.717148840427399e-06,0,0.9790508217963078,model::roberta_sentiment_profile,RoBERTa + Sentiment Profile,42
20390,1,6.843788469268475e-06,0,0.9790508217963078,model::roberta_sentiment_profile,RoBERTa + Sentiment Profile,42
5242,0,3.5045959521085024e-06,0,0.9790508217963078,model::roberta_sentiment_profile,RoBERTa + Sentiment Profile,42
7776,0,4.552534846880008e-06,0,0.9790508217963078,model::roberta_sentiment_profile,RoBERTa + Sentiment Profile,42
13747,1,5.2371838137332816e-06,0,0.9790508217963078,model::roberta_sentiment_profile,RoBERTa + Sentiment Profile,42
14769,1,1.6309375496348366e-05,0,0.9790508217963078,model::roberta_sentiment_profile,RoBERTa + Sentiment Profile,42
15408,0,3.914511125913123e-06,0,0.9790508217963078,model::roberta_sentiment_profile,RoBERTa + Sentiment Profile,42
8850,0,7.380654096778016e-06,0,0.9790508217963078,model::roberta_sentiment_profile,RoBERTa + Sentiment Profile,42
6341,0,3.127480795228621e-06,0,0.9790508217963078,model::roberta_sentiment_profile,RoBERTa + Sentiment Profile,42
7677,1,9.02196825336432e-06,0,0.9790508217963078,model::roberta_sentiment_profile,RoBERTa + Sentiment Profile,42
12610,0,3.686504896904808e-06,0,0.9790508217963078,model::roberta_sentiment_profile,RoBERTa + Sentiment Profile,42
15436,1,4.202881427772809e-06,0,0.9790508217963078,model::roberta_sentiment_profile,RoBERTa + Sentiment Profile,42
248,1,4.645833087124629e-06,0,0.9790508217963078,model::roberta_sentiment_profile,RoBERTa + Sentiment Profile,42
8795,0,3.06594192807097e-05,0,0.9790508217963078,model::roberta_sentiment_profile,RoBERTa + Sentiment Profile,42
683,1,3.622718850238016e-06,0,0.9790508217963078,model::roberta_sentiment_profile,RoBERTa + Sentiment Profile,42
10619,0,2.657058075783425e-06,0,0.9790508217963078,model::roberta_sentiment_profile,RoBERTa + Sentiment Profile,42
901,1,8.77515321917599e-06,0,0.9790508217963078,model::roberta_sentiment_profile,RoBERTa + Sentiment Profile,42
6945,0,2.620916120577021e-06,0,0.9790508217963078,model::roberta_sentiment_profile,RoBERTa + Sentiment Profile,42
112,1,6.09368680670741e-06,0,0.9790508217963078,model::roberta_sentiment_profile,RoBERTa + Sentiment Profile,42
14601,0,1.801427970349323e-05,0,0.9790508217963078,model::roberta_sentiment_profile,RoBERTa + Sentiment Profile,42
9124,1,1.6457428500871174e-05,0,0.9790508217963078,model::roberta_sentiment_profile,RoBERTa + Sentiment Profile,42
12747,0,3.736995722647407e-06,0,0.9790508217963078,model::roberta_sentiment_profile,RoBERTa + Sentiment Profile,42
20252,1,7.2433276727679186e-06,0,0.9790508217963078,model::roberta_sentiment_profile,RoBERTa + Sentiment Profile,42
18768,0,2.7701851195161e-06,0,0.9790508217963078,model::roberta_sentiment_profile,RoBERTa + Sentiment Profile,42
16844,1,8.124740816128906e-06,0,0.9790508217963078,model::roberta_sentiment_profile,RoBERTa + Sentiment Profile,42
5992,0,3.525284910210757e-06,0,0.9790508217963078,model::roberta_sentiment_profile,RoBERTa + Sentiment Profile,42
16312,1,8.633293873572256e-06,0,0.9790508217963078,model::roberta_sentiment_profile,RoBERTa + Sentiment Profile,42
8930,1,4.324170276959194e-06,0,0.9790508217963078,model::roberta_sentiment_profile,RoBERTa + Sentiment Profile,42
10000,1,6.158224095997866e-06,0,0.9790508217963078,model::roberta_sentiment_profile,RoBERTa + Sentiment Profile,42
8083,0,0.0018073940882459,0,0.9790508217963078,model::roberta_sentiment_profile,RoBERTa + Sentiment Profile,42
1356,0,7.893431757111102e-06,0,0.9790508217963078,model::roberta_sentiment_profile,RoBERTa + Sentiment Profile,42
14307,0,5.530680937226862e-06,0,0.9790508217963078,model::roberta_sentiment_profile,RoBERTa + Sentiment Profile,42
13423,0,4.0611025724501815e-06,0,0.9790508217963078,model::roberta_sentiment_profile,RoBERTa + Sentiment Profile,42
19674,0,4.746851118397899e-06,0,0.9790508217963078,model::roberta_sentiment_profile,RoBERTa + Sentiment Profile,42
16406,0,4.750256721308688e-06,0,0.9790508217963078,model::roberta_sentiment_profile,RoBERTa + Sentiment Profile,42
17846,1,2.17362121475162e-05,0,0.9790508217963078,model::roberta_sentiment_profile,RoBERTa + Sentiment Profile,42
12642,1,1.5055815310915932e-05,0,0.9790508217963078,model::roberta_sentiment_profile,RoBERTa + Sentiment Profile,42
13004,0,7.43624332244508e-06,0,0.9790508217963078,model::roberta_sentiment_profile,RoBERTa + Sentiment Profile,42
20367,1,4.180424184596632e-06,0,0.9790508217963078,model::roberta_sentiment_profile,RoBERTa + Sentiment Profile,42
16778,1,6.975162250455469e-06,0,0.9790508217963078,model::roberta_sentiment_profile,RoBERTa + Sentiment Profile,42
20433,0,4.486153557081707e-06,0,0.9790508217963078,model::roberta_sentiment_profile,RoBERTa + Sentiment Profile,42
20928,0,3.136947043458349e-06,0,0.9790508217963078,model::roberta_sentiment_profile,RoBERTa + Sentiment Profile,42
7440,1,4.149656433583004e-06,0,0.9790508217963078,model::roberta_sentiment_profile,RoBERTa + Sentiment Profile,42
10613,0,3.859081971313572e-06,0,0.9790508217963078,model::roberta_sentiment_profile,RoBERTa + Sentiment Profile,42
8465,0,3.6201045077177696e-06,0,0.9790508217963078,model::roberta_sentiment_profile,RoBERTa + Sentiment Profile,42
18203,0,3.169589490426006e-06,0,0.9790508217963078,model::roberta_sentiment_profile,RoBERTa + Sentiment Profile,42
6170,0,5.141975634614937e-06,0,0.9790508217963078,model::roberta_sentiment_profile,RoBERTa + Sentiment Profile,42
11685,1,4.0145969251170754e-06,0,0.9790508217963078,model::roberta_sentiment_profile,RoBERTa + Sentiment Profile,42
10932,1,4.153077043156372e-06,0,0.9790508217963078,model::roberta_sentiment_profile,RoBERTa + Sentiment Profile,42
12424,0,1.1910917237401009e-05,0,0.9790508217963078,model::roberta_sentiment_profile,RoBERTa + Sentiment Profile,42
9968,1,4.484467808651971e-06,0,0.9790508217963078,model::roberta_sentiment_profile,RoBERTa + Sentiment Profile,42
10475,1,5.703957413061289e-06,0,0.9790508217963078,model::roberta_sentiment_profile,RoBERTa + Sentiment Profile,42
11525,1,4.7881076170597225e-06,0,0.9790508217963078,model::roberta_sentiment_profile,RoBERTa + Sentiment Profile,42
7042,1,0.0001903256488731,0,0.9790508217963078,model::roberta_sentiment_profile,RoBERTa + Sentiment Profile,42
3558,0,4.4494940993899945e-06,0,0.9790508217963078,model::roberta_sentiment_profile,RoBERTa + Sentiment Profile,42
13588,0,3.415741730350419e-06,0,0.9790508217963078,model::roberta_sentiment_profile,RoBERTa + Sentiment Profile,42
11379,1,5.622643129754579e-06,0,0.9790508217963078,model::roberta_sentiment_profile,RoBERTa + Sentiment Profile,42
18014,0,3.7508636978600407e-06,0,0.9790508217963078,model::roberta_sentiment_profile,RoBERTa + Sentiment Profile,42
1072,1,3.876443770423066e-06,0,0.9790508217963078,model::roberta_sentiment_profile,RoBERTa + Sentiment Profile,42
12006,1,4.228918896842515e-06,0,0.9790508217963078,model::roberta_sentiment_profile,RoBERTa + Sentiment Profile,42
8759,0,9.713050530990586e-05,0,0.9790508217963078,model::roberta_sentiment_profile,RoBERTa + Sentiment Profile,42
10957,0,5.43039550393587e-06,0,0.9790508217963078,model::roberta_sentiment_profile,RoBERTa + Sentiment Profile,42
6046,0,0.9957783222198486,1,0.9790508217963078,model::roberta_sentiment_profile,RoBERTa + Sentiment Profile,42
16763,0,2.4999919332913123e-05,0,0.9790508217963078,model::roberta_sentiment_profile,RoBERTa + Sentiment Profile,42
18932,1,4.582538167596795e-06,0,0.9790508217963078,model::roberta_sentiment_profile,RoBERTa + Sentiment Profile,42
10362,0,1.270766369998455e-05,0,0.9790508217963078,model::roberta_sentiment_profile,RoBERTa + Sentiment Profile,42
11711,0,0.0006102720508351,0,0.9790508217963078,model::roberta_sentiment_profile,RoBERTa + Sentiment Profile,42
7514,0,6.765900707250694e-06,0,0.9790508217963078,model::roberta_sentiment_profile,RoBERTa + Sentiment Profile,42
8935,0,1.076762146112742e-05,0,0.9790508217963078,model::roberta_sentiment_profile,RoBERTa + Sentiment Profile,42
10058,1,4.547032858681632e-06,0,0.9790508217963078,model::roberta_sentiment_profile,RoBERTa + Sentiment Profile,42
16718,1,9.843734005698934e-06,0,0.9790508217963078,model::roberta_sentiment_profile,RoBERTa + Sentiment Profile,42
16317,0,3.37464916810859e-05,0,0.9790508217963078,model::roberta_sentiment_profile,RoBERTa + Sentiment Profile,42
19108,1,5.090121248940704e-06,0,0.9790508217963078,model::roberta_sentiment_profile,RoBERTa + Sentiment Profile,42
1682,1,3.953597115469165e-06,0,0.9790508217963078,model::roberta_sentiment_profile,RoBERTa + Sentiment Profile,42
10385,0,3.257491016483982e-06,0,0.9790508217963078,model::roberta_sentiment_profile,RoBERTa + Sentiment Profile,42
18795,1,4.153001555096125e-06,0,0.9790508217963078,model::roberta_sentiment_profile,RoBERTa + Sentiment Profile,42
19579,0,3.800270860665478e-06,0,0.9790508217963078,model::roberta_sentiment_profile,RoBERTa + Sentiment Profile,42
428,1,4.322203949413961e-06,0,0.9790508217963078,model::roberta_sentiment_profile,RoBERTa + Sentiment Profile,42
14232,1,3.3269066079810727e-06,0,0.9790508217963078,model::roberta_sentiment_profile,RoBERTa + Sentiment Profile,42
12476,1,6.242240488063544e-06,0,0.9790508217963078,model::roberta_sentiment_profile,RoBERTa + Sentiment Profile,42
15738,0,3.608557562984061e-06,0,0.9790508217963078,model::roberta_sentiment_profile,RoBERTa + Sentiment Profile,42
16924,0,6.968992238398641e-06,0,0.9790508217963078,model::roberta_sentiment_profile,RoBERTa + Sentiment Profile,42
1646,0,7.057934908516472e-06,0,0.9790508217963078,model::roberta_sentiment_profile,RoBERTa + Sentiment Profile,42
15008,1,3.849881522910437e-06,0,0.9790508217963078,model::roberta_sentiment_profile,RoBERTa + Sentiment Profile,42
6317,1,4.019523657916579e-06,0,0.9790508217963078,model::roberta_sentiment_profile,RoBERTa + Sentiment Profile,42
3032,0,3.2928289783740183e-06,0,0.9790508217963078,model::roberta_sentiment_profile,RoBERTa + Sentiment Profile,42
492,0,1.3617105651064776e-05,0,0.9790508217963078,model::roberta_sentiment_profile,RoBERTa + Sentiment Profile,42
15815,0,5.447210696729599e-06,0,0.9790508217963078,model::roberta_sentiment_profile,RoBERTa + Sentiment Profile,42
1378,0,3.7875095131312256e-06,0,0.9790508217963078,model::roberta_sentiment_profile,RoBERTa + Sentiment Profile,42
3999,1,4.632197942555649e-06,0,0.9790508217963078,model::roberta_sentiment_profile,RoBERTa + Sentiment Profile,42
16561,0,1.3760100955551025e-05,0,0.9790508217963078,model::roberta_sentiment_profile,RoBERTa + Sentiment Profile,42
17155,0,6.023675268806983e-06,0,0.9790508217963078,model::roberta_sentiment_profile,RoBERTa + Sentiment Profile,42
12823,0,4.234164862282341e-06,0,0.9790508217963078,model::roberta_sentiment_profile,RoBERTa + Sentiment Profile,42
10019,1,2.090240923280362e-05,0,0.9790508217963078,model::roberta_sentiment_profile,RoBERTa + Sentiment Profile,42
12458,1,9.895246876112653e-06,0,0.9790508217963078,model::roberta_sentiment_profile,RoBERTa + Sentiment Profile,42
4243,0,0.9999938011169434,1,0.9790508217963078,model::roberta_sentiment_profile,RoBERTa + Sentiment Profile,42
16512,1,3.676912683658884e-06,0,0.9790508217963078,model::roberta_sentiment_profile,RoBERTa + Sentiment Profile,42
16146,0,4.078510301042115e-06,0,0.9790508217963078,model::roberta_sentiment_profile,RoBERTa + Sentiment Profile,42
17428,0,4.392768460093066e-06,0,0.9790508217963078,model::roberta_sentiment_profile,RoBERTa + Sentiment Profile,42
14070,1,6.093187494116137e-06,0,0.9790508217963078,model::roberta_sentiment_profile,RoBERTa + Sentiment Profile,42
1741,1,4.566240477288375e-06,0,0.9790508217963078,model::roberta_sentiment_profile,RoBERTa + Sentiment Profile,42
20962,0,2.9587786229967605e-06,0,0.9790508217963078,model::roberta_sentiment_profile,RoBERTa + Sentiment Profile,42
15911,1,3.8033563214412425e-06,0,0.9790508217963078,model::roberta_sentiment_profile,RoBERTa + Sentiment Profile,42
13593,0,3.848659162031254e-06,0,0.9790508217963078,model::roberta_sentiment_profile,RoBERTa + Sentiment Profile,42
8964,0,2.9396665922831744e-05,0,0.9790508217963078,model::roberta_sentiment_profile,RoBERTa + Sentiment Profile,42
10530,0,6.034387297404464e-06,0,0.9790508217963078,model::roberta_sentiment_profile,RoBERTa + Sentiment Profile,42
3502,0,5.132994374434929e-06,0,0.9790508217963078,model::roberta_sentiment_profile,RoBERTa + Sentiment Profile,42
7557,0,3.771207502722973e-06,0,0.9790508217963078,model::roberta_sentiment_profile,RoBERTa + Sentiment Profile,42
19547,1,5.098633209854597e-06,0,0.9790508217963078,model::roberta_sentiment_profile,RoBERTa + Sentiment Profile,42
14635,0,4.753265784529504e-06,0,0.9790508217963078,model::roberta_sentiment_profile,RoBERTa + Sentiment Profile,42
12168,0,3.0516375773004256e-06,0,0.9790508217963078,model::roberta_sentiment_profile,RoBERTa + Sentiment Profile,42
3189,0,6.61960939396522e-06,0,0.9790508217963078,model::roberta_sentiment_profile,RoBERTa + Sentiment Profile,42
2560,0,2.945410960819572e-05,0,0.9790508217963078,model::roberta_sentiment_profile,RoBERTa + Sentiment Profile,42
18150,1,3.412720161577454e-06,0,0.9790508217963078,model::roberta_sentiment_profile,RoBERTa + Sentiment Profile,42
2062,0,0.9999736547470092,1,0.9790508217963078,model::roberta_sentiment_profile,RoBERTa + Sentiment Profile,42
17970,0,4.600753982231254e-06,0,0.9790508217963078,model::roberta_sentiment_profile,RoBERTa + Sentiment Profile,42
14679,0,0.0002422141405986,0,0.9790508217963078,model::roberta_sentiment_profile,RoBERTa + Sentiment Profile,42
8099,0,3.361599738127552e-06,0,0.9790508217963078,model::roberta_sentiment_profile,RoBERTa + Sentiment Profile,42
3192,0,0.9999290704727172,1,0.9790508217963078,model::roberta_sentiment_profile,RoBERTa + Sentiment Profile,42
19761,0,3.951821781811304e-06,0,0.9790508217963078,model::roberta_sentiment_profile,RoBERTa + Sentiment Profile,42
65,1,5.738845629821299e-06,0,0.9790508217963078,model::roberta_sentiment_profile,RoBERTa + Sentiment Profile,42
1424,0,3.945434855268104e-06,0,0.9790508217963078,model::roberta_sentiment_profile,RoBERTa + Sentiment Profile,42
18050,0,3.654249667306431e-06,0,0.9790508217963078,model::roberta_sentiment_profile,RoBERTa + Sentiment Profile,42
14331,0,4.542976057564374e-06,0,0.9790508217963078,model::roberta_sentiment_profile,RoBERTa + Sentiment Profile,42
4106,1,4.132295998715563e-06,0,0.9790508217963078,model::roberta_sentiment_profile,RoBERTa + Sentiment Profile,42
5060,1,3.368229727129801e-06,0,0.9790508217963078,model::roberta_sentiment_profile,RoBERTa + Sentiment Profile,42
8701,0,3.2017810553952586e-06,0,0.9790508217963078,model::roberta_sentiment_profile,RoBERTa + Sentiment Profile,42
17019,0,4.887504928774433e-06,0,0.9790508217963078,model::roberta_sentiment_profile,RoBERTa + Sentiment Profile,42
4095,1,4.281404926587129e-06,0,0.9790508217963078,model::roberta_sentiment_profile,RoBERTa + Sentiment Profile,42
14548,1,3.826768988801632e-06,0,0.9790508217963078,model::roberta_sentiment_profile,RoBERTa + Sentiment Profile,42
15632,0,4.247191554895835e-06,0,0.9790508217963078,model::roberta_sentiment_profile,RoBERTa + Sentiment Profile,42
13320,0,3.4466183933545835e-06,0,0.9790508217963078,model::roberta_sentiment_profile,RoBERTa + Sentiment Profile,42
13035,1,3.731020342456759e-06,0,0.9790508217963078,model::roberta_sentiment_profile,RoBERTa + Sentiment Profile,42
8147,0,3.445418769842945e-06,0,0.9790508217963078,model::roberta_sentiment_profile,RoBERTa + Sentiment Profile,42
6933,1,4.019102107122308e-06,0,0.9790508217963078,model::roberta_sentiment_profile,RoBERTa + Sentiment Profile,42
1687,1,8.299203727801796e-06,0,0.9790508217963078,model::roberta_sentiment_profile,RoBERTa + Sentiment Profile,42
14159,1,5.478903403854929e-06,0,0.9790508217963078,model::roberta_sentiment_profile,RoBERTa + Sentiment Profile,42
12864,0,0.9999361038208008,1,0.9790508217963078,model::roberta_sentiment_profile,RoBERTa + Sentiment Profile,42
7414,0,4.349000846559648e-06,0,0.9790508217963078,model::roberta_sentiment_profile,RoBERTa + Sentiment Profile,42
10319,0,3.1241004307958065e-06,0,0.9790508217963078,model::roberta_sentiment_profile,RoBERTa + Sentiment Profile,42
5750,0,2.9020879992458504e-06,0,0.9790508217963078,model::roberta_sentiment_profile,RoBERTa + Sentiment Profile,42
19293,0,1.202200110128615e-05,0,0.9790508217963078,model::roberta_sentiment_profile,RoBERTa + Sentiment Profile,42
2232,0,4.863105004915269e-06,0,0.9790508217963078,model::roberta_sentiment_profile,RoBERTa + Sentiment Profile,42
13229,1,7.42129486752674e-06,0,0.9790508217963078,model::roberta_sentiment_profile,RoBERTa + Sentiment Profile,42
10707,0,4.0661288949195296e-06,0,0.9790508217963078,model::roberta_sentiment_profile,RoBERTa + Sentiment Profile,42
8561,1,7.880645171098877e-06,0,0.9790508217963078,model::roberta_sentiment_profile,RoBERTa + Sentiment Profile,42
13985,1,4.970549525751267e-06,0,0.9790508217963078,model::roberta_sentiment_profile,RoBERTa + Sentiment Profile,42
2854,1,8.787313163338695e-06,0,0.9790508217963078,model::roberta_sentiment_profile,RoBERTa + Sentiment Profile,42
2236,1,4.282801455701701e-06,0,0.9790508217963078,model::roberta_sentiment_profile,RoBERTa + Sentiment Profile,42
3868,0,1.0619252861943096e-05,0,0.9790508217963078,model::roberta_sentiment_profile,RoBERTa + Sentiment Profile,42
10796,0,9.884353858069517e-06,0,0.9790508217963078,model::roberta_sentiment_profile,RoBERTa + Sentiment Profile,42
17402,1,6.909775493113557e-06,0,0.9790508217963078,model::roberta_sentiment_profile,RoBERTa + Sentiment Profile,42
7141,1,6.730274617439136e-05,0,0.9790508217963078,model::roberta_sentiment_profile,RoBERTa + Sentiment Profile,42
14597,1,5.852284175489331e-06,0,0.9790508217963078,model::roberta_sentiment_profile,RoBERTa + Sentiment Profile,42
9934,0,3.764710527320858e-06,0,0.9790508217963078,model::roberta_sentiment_profile,RoBERTa + Sentiment Profile,42
18619,0,3.4825466173060704e-06,0,0.9790508217963078,model::roberta_sentiment_profile,RoBERTa + Sentiment Profile,42
3695,1,3.1004833545011934e-06,0,0.9790508217963078,model::roberta_sentiment_profile,RoBERTa + Sentiment Profile,42
8344,0,3.60948320121679e-06,0,0.9790508217963078,model::roberta_sentiment_profile,RoBERTa + Sentiment Profile,42
15114,0,0.000598260667175,0,0.9790508217963078,model::roberta_sentiment_profile,RoBERTa + Sentiment Profile,42
12391,1,4.259591605659807e-06,0,0.9790508217963078,model::roberta_sentiment_profile,RoBERTa + Sentiment Profile,42
4632,1,5.7742213357414585e-06,0,0.9790508217963078,model::roberta_sentiment_profile,RoBERTa + Sentiment Profile,42
15102,0,1.1953715329582336e-05,0,0.9790508217963078,model::roberta_sentiment_profile,RoBERTa + Sentiment Profile,42
5842,0,1.105596857087221e-05,0,0.9790508217963078,model::roberta_sentiment_profile,RoBERTa + Sentiment Profile,42
5498,0,1.1766944226110354e-05,0,0.9790508217963078,model::roberta_sentiment_profile,RoBERTa + Sentiment Profile,42
3589,0,4.051833457197063e-06,0,0.9790508217963078,model::roberta_sentiment_profile,RoBERTa + Sentiment Profile,42
3086,1,3.815930540440604e-06,0,0.9790508217963078,model::roberta_sentiment_profile,RoBERTa + Sentiment Profile,42
13493,1,3.580100155886612e-06,0,0.9790508217963078,model::roberta_sentiment_profile,RoBERTa + Sentiment Profile,42
10682,0,1.3785487681161612e-05,0,0.9790508217963078,model::roberta_sentiment_profile,RoBERTa + Sentiment Profile,42
10036,0,3.797857743847999e-06,0,0.9790508217963078,model::roberta_sentiment_profile,RoBERTa + Sentiment Profile,42
19345,0,5.189405328565044e-06,0,0.9790508217963078,model::roberta_sentiment_profile,RoBERTa + Sentiment Profile,42
2750,0,4.562409685604507e-06,0,0.9790508217963078,model::roberta_sentiment_profile,RoBERTa + Sentiment Profile,42
15614,1,4.700201770901913e-06,0,0.9790508217963078,model::roberta_sentiment_profile,RoBERTa + Sentiment Profile,42
5002,1,4.3506438487384e-06,0,0.9790508217963078,model::roberta_sentiment_profile,RoBERTa + Sentiment Profile,42
13930,1,5.168494226381881e-06,0,0.9790508217963078,model::roberta_sentiment_profile,RoBERTa + Sentiment Profile,42
10120,0,3.679789188026916e-06,0,0.9790508217963078,model::roberta_sentiment_profile,RoBERTa + Sentiment Profile,42
18713,1,3.875305083056446e-06,0,0.9790508217963078,model::roberta_sentiment_profile,RoBERTa + Sentiment Profile,42
8232,1,4.237218945490895e-06,0,0.9790508217963078,model::roberta_sentiment_profile,RoBERTa + Sentiment Profile,42
7129,0,4.9726927500159945e-06,0,0.9790508217963078,model::roberta_sentiment_profile,RoBERTa + Sentiment Profile,42
18752,1,3.714054628289887e-06,0,0.9790508217963078,model::roberta_sentiment_profile,RoBERTa + Sentiment Profile,42
6196,1,4.08615642299992e-06,0,0.9790508217963078,model::roberta_sentiment_profile,RoBERTa + Sentiment Profile,42
7708,0,6.017601208441192e-06,0,0.9790508217963078,model::roberta_sentiment_profile,RoBERTa + Sentiment Profile,42
11980,1,3.819753601419507e-06,0,0.9790508217963078,model::roberta_sentiment_profile,RoBERTa + Sentiment Profile,42
6870,1,3.899209332303144e-06,0,0.9790508217963078,model::roberta_sentiment_profile,RoBERTa + Sentiment Profile,42
14038,1,8.124121450236998e-06,0,0.9790508217963078,model::roberta_sentiment_profile,RoBERTa + Sentiment Profile,42
9212,0,5.046475507697323e-06,0,0.9790508217963078,model::roberta_sentiment_profile,RoBERTa + Sentiment Profile,42
20144,1,8.147676453518216e-06,0,0.9790508217963078,model::roberta_sentiment_profile,RoBERTa + Sentiment Profile,42
12670,1,4.196409463474993e-06,0,0.9790508217963078,model::roberta_sentiment_profile,RoBERTa + Sentiment Profile,42
197,0,3.317173877803725e-06,0,0.9790508217963078,model::roberta_sentiment_profile,RoBERTa + Sentiment Profile,42
5786,0,4.233098934491864e-06,0,0.9790508217963078,model::roberta_sentiment_profile,RoBERTa + Sentiment Profile,42
19596,1,1.2391366908559576e-05,0,0.9790508217963078,model::roberta_sentiment_profile,RoBERTa + Sentiment Profile,42
14263,1,5.088155830890173e-06,0,0.9790508217963078,model::roberta_sentiment_profile,RoBERTa + Sentiment Profile,42
5527,0,3.4333088478888385e-06,0,0.9790508217963078,model::roberta_sentiment_profile,RoBERTa + Sentiment Profile,42
3613,1,6.385688266163925e-06,0,0.9790508217963078,model::roberta_sentiment_profile,RoBERTa + Sentiment Profile,42
19069,0,9.476034756517038e-05,0,0.9790508217963078,model::roberta_sentiment_profile,RoBERTa + Sentiment Profile,42
11053,1,4.592013738147216e-06,0,0.9790508217963078,model::roberta_sentiment_profile,RoBERTa + Sentiment Profile,42
10188,0,0.9999492168426514,1,0.9790508217963078,model::roberta_sentiment_profile,RoBERTa + Sentiment Profile,42
5807,1,4.964220352121629e-06,0,0.9790508217963078,model::roberta_sentiment_profile,RoBERTa + Sentiment Profile,42
16841,0,2.841462674041395e-06,0,0.9790508217963078,model::roberta_sentiment_profile,RoBERTa + Sentiment Profile,42
19452,1,4.3264308260404505e-06,0,0.9790508217963078,model::roberta_sentiment_profile,RoBERTa + Sentiment Profile,42
14754,1,6.060859959688969e-06,0,0.9790508217963078,model::roberta_sentiment_profile,RoBERTa + Sentiment Profile,42
15299,0,1.005240574158961e-05,0,0.9790508217963078,model::roberta_sentiment_profile,RoBERTa + Sentiment Profile,42
8336,1,7.065564568620175e-05,0,0.9790508217963078,model::roberta_sentiment_profile,RoBERTa + Sentiment Profile,42
9523,1,4.859572072746232e-06,0,0.9790508217963078,model::roberta_sentiment_profile,RoBERTa + Sentiment Profile,42
12154,1,4.436084054759704e-06,0,0.9790508217963078,model::roberta_sentiment_profile,RoBERTa + Sentiment Profile,42
19454,0,3.306511189293815e-06,0,0.9790508217963078,model::roberta_sentiment_profile,RoBERTa + Sentiment Profile,42
20356,0,4.170508873357903e-06,0,0.9790508217963078,model::roberta_sentiment_profile,RoBERTa + Sentiment Profile,42
20645,0,3.463640723566641e-06,0,0.9790508217963078,model::roberta_sentiment_profile,RoBERTa + Sentiment Profile,42
4937,0,3.584913883969421e-06,0,0.9790508217963078,model::roberta_sentiment_profile,RoBERTa + Sentiment Profile,42
14311,0,8.78209357324522e-06,0,0.9790508217963078,model::roberta_sentiment_profile,RoBERTa + Sentiment Profile,42
15899,1,3.688945525937015e-06,0,0.9790508217963078,model::roberta_sentiment_profile,RoBERTa + Sentiment Profile,42
12221,1,3.6829067084909184e-06,0,0.9790508217963078,model::roberta_sentiment_profile,RoBERTa + Sentiment Profile,42
6235,1,5.653160769725218e-06,0,0.9790508217963078,model::roberta_sentiment_profile,RoBERTa + Sentiment Profile,42
4530,0,4.186564183328301e-06,0,0.9790508217963078,model::roberta_sentiment_profile,RoBERTa + Sentiment Profile,42
11047,0,4.543781869870145e-06,0,0.9790508217963078,model::roberta_sentiment_profile,RoBERTa + Sentiment Profile,42
6030,1,5.3954581744619645e-06,0,0.9790508217963078,model::roberta_sentiment_profile,RoBERTa + Sentiment Profile,42
11784,0,0.0008414115291088,0,0.9790508217963078,model::roberta_sentiment_profile,RoBERTa + Sentiment Profile,42
16240,1,3.93888194594183e-06,0,0.9790508217963078,model::roberta_sentiment_profile,RoBERTa + Sentiment Profile,42
6814,0,3.178411498083733e-05,0,0.9790508217963078,model::roberta_sentiment_profile,RoBERTa + Sentiment Profile,42
9480,0,3.455478008618229e-06,0,0.9790508217963078,model::roberta_sentiment_profile,RoBERTa + Sentiment Profile,42
18776,0,3.27386965182086e-06,0,0.9790508217963078,model::roberta_sentiment_profile,RoBERTa + Sentiment Profile,42
19473,1,4.955342319590272e-06,0,0.9790508217963078,model::roberta_sentiment_profile,RoBERTa + Sentiment Profile,42
21029,0,5.4105662457004655e-06,0,0.9790508217963078,model::roberta_sentiment_profile,RoBERTa + Sentiment Profile,42
9437,0,8.185652404790744e-06,0,0.9790508217963078,model::roberta_sentiment_profile,RoBERTa + Sentiment Profile,42
9842,1,3.930495495296782e-06,0,0.9790508217963078,model::roberta_sentiment_profile,RoBERTa + Sentiment Profile,42
3009,1,2.0139545085839927e-05,0,0.9790508217963078,model::roberta_sentiment_profile,RoBERTa + Sentiment Profile,42
11712,0,2.6907693609246053e-05,0,0.9790508217963078,model::roberta_sentiment_profile,RoBERTa + Sentiment Profile,42
16729,1,3.50564891959948e-06,0,0.9790508217963078,model::roberta_sentiment_profile,RoBERTa + Sentiment Profile,42
5237,1,4.813306532014394e-06,0,0.9790508217963078,model::roberta_sentiment_profile,RoBERTa + Sentiment Profile,42
7020,1,0.0005568350898101,0,0.9790508217963078,model::roberta_sentiment_profile,RoBERTa + Sentiment Profile,42
11806,0,2.4929070150392363e-06,0,0.9790508217963078,model::roberta_sentiment_profile,RoBERTa + Sentiment Profile,42
12464,0,3.679101382658701e-06,0,0.9790508217963078,model::roberta_sentiment_profile,RoBERTa + Sentiment Profile,42
792,0,8.017780601221602e-06,0,0.9790508217963078,model::roberta_sentiment_profile,RoBERTa + Sentiment Profile,42
1233,1,4.296202405384975e-06,0,0.9790508217963078,model::roberta_sentiment_profile,RoBERTa + Sentiment Profile,42
16456,1,8.669098860991653e-06,0,0.9790508217963078,model::roberta_sentiment_profile,RoBERTa + Sentiment Profile,42
20327,1,8.554809937777463e-06,0,0.9790508217963078,model::roberta_sentiment_profile,RoBERTa + Sentiment Profile,42
14791,1,3.815253876382485e-06,0,0.9790508217963078,model::roberta_sentiment_profile,RoBERTa + Sentiment Profile,42
2125,0,3.440195087023312e-06,0,0.9790508217963078,model::roberta_sentiment_profile,RoBERTa + Sentiment Profile,42
20580,0,3.027375896635931e-06,0,0.9790508217963078,model::roberta_sentiment_profile,RoBERTa + Sentiment Profile,42
1352,0,6.640962237725034e-05,0,0.9790508217963078,model::roberta_sentiment_profile,RoBERTa + Sentiment Profile,42
9413,0,3.6319274840934655e-06,0,0.9790508217963078,model::roberta_sentiment_profile,RoBERTa + Sentiment Profile,42
16103,0,3.792854840867221e-05,0,0.9790508217963078,model::roberta_sentiment_profile,RoBERTa + Sentiment Profile,42
5733,1,8.80655807122821e-06,0,0.9790508217963078,model::roberta_sentiment_profile,RoBERTa + Sentiment Profile,42
6147,0,0.9999027252197266,1,0.9790508217963078,model::roberta_sentiment_profile,RoBERTa + Sentiment Profile,42
10220,1,3.504636197249056e-06,0,0.9790508217963078,model::roberta_sentiment_profile,RoBERTa + Sentiment Profile,42
13001,1,5.538947334571276e-06,0,0.9790508217963078,model::roberta_sentiment_profile,RoBERTa + Sentiment Profile,42
7442,1,3.482912006802508e-06,0,0.9790508217963078,model::roberta_sentiment_profile,RoBERTa + Sentiment Profile,42
6884,0,3.2144409942702623e-06,0,0.9790508217963078,model::roberta_sentiment_profile,RoBERTa + Sentiment Profile,42
4949,1,4.722243829746731e-06,0,0.9790508217963078,model::roberta_sentiment_profile,RoBERTa + Sentiment Profile,42
9301,1,4.652314601116814e-06,0,0.9790508217963078,model::roberta_sentiment_profile,RoBERTa + Sentiment Profile,42
16483,0,9.257361853087788e-06,0,0.9790508217963078,model::roberta_sentiment_profile,RoBERTa + Sentiment Profile,42
12858,0,6.697002390865237e-05,0,0.9790508217963078,model::roberta_sentiment_profile,RoBERTa + Sentiment Profile,42
2490,0,3.279021711932728e-06,0,0.9790508217963078,model::roberta_sentiment_profile,RoBERTa + Sentiment Profile,42
2298,0,0.9997267127037048,1,0.9790508217963078,model::roberta_sentiment_profile,RoBERTa + Sentiment Profile,42
20372,0,0.9999828338623048,1,0.9790508217963078,model::roberta_sentiment_profile,RoBERTa + Sentiment Profile,42
16026,1,3.2531538636249024e-06,0,0.9790508217963078,model::roberta_sentiment_profile,RoBERTa + Sentiment Profile,42
1654,1,5.33381989953341e-06,0,0.9790508217963078,model::roberta_sentiment_profile,RoBERTa + Sentiment Profile,42
5270,1,4.937045559927356e-06,0,0.9790508217963078,model::roberta_sentiment_profile,RoBERTa + Sentiment Profile,42
20611,1,3.670354089990724e-06,0,0.9790508217963078,model::roberta_sentiment_profile,RoBERTa + Sentiment Profile,42
19998,0,3.016510845554876e-06,0,0.9790508217963078,model::roberta_sentiment_profile,RoBERTa + Sentiment Profile,42
9193,0,2.8624215246964013e-06,0,0.9790508217963078,model::roberta_sentiment_profile,RoBERTa + Sentiment Profile,42
11269,0,7.432331767631695e-05,0,0.9790508217963078,model::roberta_sentiment_profile,RoBERTa + Sentiment Profile,42
2088,0,4.725181042886106e-06,0,0.9790508217963078,model::roberta_sentiment_profile,RoBERTa + Sentiment Profile,42
6637,0,5.837763183080824e-06,0,0.9790508217963078,model::roberta_sentiment_profile,RoBERTa + Sentiment Profile,42
6554,1,4.895570782537106e-06,0,0.9790508217963078,model::roberta_sentiment_profile,RoBERTa + Sentiment Profile,42
2779,1,4.465247911866754e-06,0,0.9790508217963078,model::roberta_sentiment_profile,RoBERTa + Sentiment Profile,42
14704,1,3.751943950192072e-06,0,0.9790508217963078,model::roberta_sentiment_profile,RoBERTa + Sentiment Profile,42
9470,0,3.014954927493818e-06,0,0.9790508217963078,model::roberta_sentiment_profile,RoBERTa + Sentiment Profile,42
13502,1,4.382516635814682e-06,0,0.9790508217963078,model::roberta_sentiment_profile,RoBERTa + Sentiment Profile,42
11886,1,5.729931217501871e-06,0,0.9790508217963078,model::roberta_sentiment_profile,RoBERTa + Sentiment Profile,42
9976,1,4.274950242688647e-06,0,0.9790508217963078,model::roberta_sentiment_profile,RoBERTa + Sentiment Profile,42
9870,0,3.4792733458743896e-06,0,0.9790508217963078,model::roberta_sentiment_profile,RoBERTa + Sentiment Profile,42
3216,0,2.955938498416799e-06,0,0.9790508217963078,model::roberta_sentiment_profile,RoBERTa + Sentiment Profile,42
11857,1,9.284009138355032e-06,0,0.9790508217963078,model::roberta_sentiment_profile,RoBERTa + Sentiment Profile,42
2564,1,3.653374960777001e-06,0,0.9790508217963078,model::roberta_sentiment_profile,RoBERTa + Sentiment Profile,42
11284,1,6.64348408463411e-06,0,0.9790508217963078,model::roberta_sentiment_profile,RoBERTa + Sentiment Profile,42
1669,0,2.995812792505604e-05,0,0.9790508217963078,model::roberta_sentiment_profile,RoBERTa + Sentiment Profile,42
1031,0,6.813194431742886e-06,0,0.9790508217963078,model::roberta_sentiment_profile,RoBERTa + Sentiment Profile,42
20648,1,4.232089850120246e-06,0,0.9790508217963078,model::roberta_sentiment_profile,RoBERTa + Sentiment Profile,42
17870,0,3.18136972055072e-06,0,0.9790508217963078,model::roberta_sentiment_profile,RoBERTa + Sentiment Profile,42
15836,0,3.276234110671794e-06,0,0.9790508217963078,model::roberta_sentiment_profile,RoBERTa + Sentiment Profile,42
7602,1,4.457623163034441e-06,0,0.9790508217963078,model::roberta_sentiment_profile,RoBERTa + Sentiment Profile,42
6097,0,4.1906187107088044e-06,0,0.9790508217963078,model::roberta_sentiment_profile,RoBERTa + Sentiment Profile,42
11780,1,4.660032118408708e-06,0,0.9790508217963078,model::roberta_sentiment_profile,RoBERTa + Sentiment Profile,42
12327,1,5.079162292531692e-06,0,0.9790508217963078,model::roberta_sentiment_profile,RoBERTa + Sentiment Profile,42
7422,0,3.077708015553071e-06,0,0.9790508217963078,model::roberta_sentiment_profile,RoBERTa + Sentiment Profile,42
1605,0,4.597368388203904e-06,0,0.9790508217963078,model::roberta_sentiment_profile,RoBERTa + Sentiment Profile,42
9219,0,5.2153832257317845e-06,0,0.9790508217963078,model::roberta_sentiment_profile,RoBERTa + Sentiment Profile,42
1998,0,4.099012585356832e-06,0,0.9790508217963078,model::roberta_sentiment_profile,RoBERTa + Sentiment Profile,42
7787,1,3.152319777655066e-06,0,0.9790508217963078,model::roberta_sentiment_profile,RoBERTa + Sentiment Profile,42
6209,1,3.472524213066208e-06,0,0.9790508217963078,model::roberta_sentiment_profile,RoBERTa + Sentiment Profile,42
14715,0,6.067668437026441e-05,0,0.9790508217963078,model::roberta_sentiment_profile,RoBERTa + Sentiment Profile,42
274,0,3.4961235542141367e-06,0,0.9790508217963078,model::roberta_sentiment_profile,RoBERTa + Sentiment Profile,42
1200,0,7.596566138090566e-05,0,0.9790508217963078,model::roberta_sentiment_profile,RoBERTa + Sentiment Profile,42
1804,1,6.482463504653424e-06,0,0.9790508217963078,model::roberta_sentiment_profile,RoBERTa + Sentiment Profile,42
18547,1,1.4238770745578222e-05,0,0.9790508217963078,model::roberta_sentiment_profile,RoBERTa + Sentiment Profile,42
4952,0,4.646966772270389e-06,0,0.9790508217963078,model::roberta_sentiment_profile,RoBERTa + Sentiment Profile,42
10413,1,4.273270860721823e-06,0,0.9790508217963078,model::roberta_sentiment_profile,RoBERTa + Sentiment Profile,42
20278,0,3.912999545718776e-06,0,0.9790508217963078,model::roberta_sentiment_profile,RoBERTa + Sentiment Profile,42
15260,0,4.309535142965615e-06,0,0.9790508217963078,model::roberta_sentiment_profile,RoBERTa + Sentiment Profile,42
9825,0,4.311133579903981e-06,0,0.9790508217963078,model::roberta_sentiment_profile,RoBERTa + Sentiment Profile,42
13644,1,4.707406333182007e-06,0,0.9790508217963078,model::roberta_sentiment_profile,RoBERTa + Sentiment Profile,42
2384,1,3.805094138442655e-06,0,0.9790508217963078,model::roberta_sentiment_profile,RoBERTa + Sentiment Profile,42
9493,1,5.058313945482951e-06,0,0.9790508217963078,model::roberta_sentiment_profile,RoBERTa + Sentiment Profile,42
15687,1,4.541161160886986e-06,0,0.9790508217963078,model::roberta_sentiment_profile,RoBERTa + Sentiment Profile,42
15144,0,3.2058942451840267e-05,0,0.9790508217963078,model::roberta_sentiment_profile,RoBERTa + Sentiment Profile,42
20175,1,3.367693125255755e-06,0,0.9790508217963078,model::roberta_sentiment_profile,RoBERTa + Sentiment Profile,42
20844,1,4.199708200758323e-06,0,0.9790508217963078,model::roberta_sentiment_profile,RoBERTa + Sentiment Profile,42
5744,1,7.749032192805316e-06,0,0.9790508217963078,model::roberta_sentiment_profile,RoBERTa + Sentiment Profile,42
20183,0,6.092501735111e-06,0,0.9790508217963078,model::roberta_sentiment_profile,RoBERTa + Sentiment Profile,42
1277,0,2.703406153159449e-06,0,0.9790508217963078,model::roberta_sentiment_profile,RoBERTa + Sentiment Profile,42
1051,0,5.064497145212954e-06,0,0.9790508217963078,model::roberta_sentiment_profile,RoBERTa + Sentiment Profile,42
980,0,0.9999544620513916,1,0.9790508217963078,model::roberta_sentiment_profile,RoBERTa + Sentiment Profile,42
3443,0,3.325412535559736e-06,0,0.9790508217963078,model::roberta_sentiment_profile,RoBERTa + Sentiment Profile,42
13908,1,1.4901117538101973e-05,0,0.9790508217963078,model::roberta_sentiment_profile,RoBERTa + Sentiment Profile,42
21046,1,4.26522547058994e-06,0,0.9790508217963078,model::roberta_sentiment_profile,RoBERTa + Sentiment Profile,42
6179,1,3.7686873838538304e-05,0,0.9790508217963078,model::roberta_sentiment_profile,RoBERTa + Sentiment Profile,42
19724,1,4.033962795801926e-06,0,0.9790508217963078,model::roberta_sentiment_profile,RoBERTa + Sentiment Profile,42
20341,1,3.683777777041541e-06,0,0.9790508217963078,model::roberta_sentiment_profile,RoBERTa + Sentiment Profile,42
3028,1,6.214062977960566e-06,0,0.9790508217963078,model::roberta_sentiment_profile,RoBERTa + Sentiment Profile,42
6737,0,2.7884772862307727e-05,0,0.9790508217963078,model::roberta_sentiment_profile,RoBERTa + Sentiment Profile,42
12004,0,5.987194163026288e-05,0,0.9790508217963078,model::roberta_sentiment_profile,RoBERTa + Sentiment Profile,42
21054,0,1.337995217909338e-05,0,0.9790508217963078,model::roberta_sentiment_profile,RoBERTa + Sentiment Profile,42
735,1,4.026878741569817e-06,0,0.9790508217963078,model::roberta_sentiment_profile,RoBERTa + Sentiment Profile,42
845,1,4.592162440530956e-06,0,0.9790508217963078,model::roberta_sentiment_profile,RoBERTa + Sentiment Profile,42
2659,0,3.7938107197987847e-06,0,0.9790508217963078,model::roberta_sentiment_profile,RoBERTa + Sentiment Profile,42
11691,1,9.613597285351716e-06,0,0.9790508217963078,model::roberta_sentiment_profile,RoBERTa + Sentiment Profile,42
220,0,6.210673745954409e-06,0,0.9790508217963078,model::roberta_sentiment_profile,RoBERTa + Sentiment Profile,42
14073,1,6.320111424429342e-06,0,0.9790508217963078,model::roberta_sentiment_profile,RoBERTa + Sentiment Profile,42
14089,0,4.005731625511544e-06,0,0.9790508217963078,model::roberta_sentiment_profile,RoBERTa + Sentiment Profile,42
15991,0,3.480149644019548e-06,0,0.9790508217963078,model::roberta_sentiment_profile,RoBERTa + Sentiment Profile,42
17752,1,3.986350748164114e-06,0,0.9790508217963078,model::roberta_sentiment_profile,RoBERTa + Sentiment Profile,42
1093,1,5.0247499530087225e-06,0,0.9790508217963078,model::roberta_sentiment_profile,RoBERTa + Sentiment Profile,42
9141,1,7.364651537500322e-06,0,0.9790508217963078,model::roberta_sentiment_profile,RoBERTa + Sentiment Profile,42
715,1,9.786216651264112e-06,0,0.9790508217963078,model::roberta_sentiment_profile,RoBERTa + Sentiment Profile,42
14951,1,4.928319867758546e-06,0,0.9790508217963078,model::roberta_sentiment_profile,RoBERTa + Sentiment Profile,42
3193,1,3.577086317818612e-06,0,0.9790508217963078,model::roberta_sentiment_profile,RoBERTa + Sentiment Profile,42
15844,1,4.717418505606474e-06,0,0.9790508217963078,model::roberta_sentiment_profile,RoBERTa + Sentiment Profile,42
10910,1,5.012086148781236e-06,0,0.9790508217963078,model::roberta_sentiment_profile,RoBERTa + Sentiment Profile,42
9172,1,5.809660251543392e-06,0,0.9790508217963078,model::roberta_sentiment_profile,RoBERTa + Sentiment Profile,42
5017,1,4.359639660833636e-06,0,0.9790508217963078,model::roberta_sentiment_profile,RoBERTa + Sentiment Profile,42
8474,1,4.386367891129339e-06,0,0.9790508217963078,model::roberta_sentiment_profile,RoBERTa + Sentiment Profile,42
7041,0,4.397484008222818e-05,0,0.9790508217963078,model::roberta_sentiment_profile,RoBERTa + Sentiment Profile,42
19785,0,1.4564991943188945e-05,0,0.9790508217963078,model::roberta_sentiment_profile,RoBERTa + Sentiment Profile,42
1706,0,4.870345492236083e-06,0,0.9790508217963078,model::roberta_sentiment_profile,RoBERTa + Sentiment Profile,42
18644,1,4.064857421326451e-06,0,0.9790508217963078,model::roberta_sentiment_profile,RoBERTa + Sentiment Profile,42
20618,1,5.702483122149715e-06,0,0.9790508217963078,model::roberta_sentiment_profile,RoBERTa + Sentiment Profile,42
10680,0,3.933731932193041e-06,0,0.9790508217963078,model::roberta_sentiment_profile,RoBERTa + Sentiment Profile,42
1137,1,4.110537247470347e-06,0,0.9790508217963078,model::roberta_sentiment_profile,RoBERTa + Sentiment Profile,42
5984,1,6.001840120006818e-06,0,0.9790508217963078,model::roberta_sentiment_profile,RoBERTa + Sentiment Profile,42
8627,0,7.241161074489355e-05,0,0.9790508217963078,model::roberta_sentiment_profile,RoBERTa + Sentiment Profile,42
3083,0,3.690416633617133e-06,0,0.9790508217963078,model::roberta_sentiment_profile,RoBERTa + Sentiment Profile,42
1335,0,3.5262128221802413e-06,0,0.9790508217963078,model::roberta_sentiment_profile,RoBERTa + Sentiment Profile,42
7661,1,4.7795033424336e-06,0,0.9790508217963078,model::roberta_sentiment_profile,RoBERTa + Sentiment Profile,42
20122,1,0.0001130954988184,0,0.9790508217963078,model::roberta_sentiment_profile,RoBERTa + Sentiment Profile,42
16125,1,4.483039901970187e-06,0,0.9790508217963078,model::roberta_sentiment_profile,RoBERTa + Sentiment Profile,42
8998,1,3.890710104315076e-06,0,0.9790508217963078,model::roberta_sentiment_profile,RoBERTa + Sentiment Profile,42
19137,1,4.892284778179601e-06,0,0.9790508217963078,model::roberta_sentiment_profile,RoBERTa + Sentiment Profile,42
9285,0,3.231801883885055e-06,0,0.9790508217963078,model::roberta_sentiment_profile,RoBERTa + Sentiment Profile,42
10260,1,4.783922122442164e-06,0,0.9790508217963078,model::roberta_sentiment_profile,RoBERTa + Sentiment Profile,42
5406,0,1.772241921571549e-05,0,0.9790508217963078,model::roberta_sentiment_profile,RoBERTa + Sentiment Profile,42
445,0,2.5636818463681266e-06,0,0.9790508217963078,model::roberta_sentiment_profile,RoBERTa + Sentiment Profile,42
11938,1,4.473891294765053e-06,0,0.9790508217963078,model::roberta_sentiment_profile,RoBERTa + Sentiment Profile,42
10326,0,7.763530447846279e-06,0,0.9790508217963078,model::roberta_sentiment_profile,RoBERTa + Sentiment Profile,42
20045,0,1.8206832464784384e-05,0,0.9790508217963078,model::roberta_sentiment_profile,RoBERTa + Sentiment Profile,42
4939,1,4.09959147873451e-06,0,0.9790508217963078,model::roberta_sentiment_profile,RoBERTa + Sentiment Profile,42
12602,1,4.22885477746604e-06,0,0.9790508217963078,model::roberta_sentiment_profile,RoBERTa + Sentiment Profile,42
12820,0,9.501324711891355e-06,0,0.9790508217963078,model::roberta_sentiment_profile,RoBERTa + Sentiment Profile,42
4707,1,5.159747615834931e-06,0,0.9790508217963078,model::roberta_sentiment_profile,RoBERTa + Sentiment Profile,42
2740,1,3.694335646287072e-06,0,0.9790508217963078,model::roberta_sentiment_profile,RoBERTa + Sentiment Profile,42
15206,0,3.634630274973461e-06,0,0.9790508217963078,model::roberta_sentiment_profile,RoBERTa + Sentiment Profile,42
20765,1,4.912407348456327e-06,0,0.9790508217963078,model::roberta_sentiment_profile,RoBERTa + Sentiment Profile,42
13867,1,6.441666300815996e-06,0,0.9790508217963078,model::roberta_sentiment_profile,RoBERTa + Sentiment Profile,42
10393,0,0.2971325814723968,0,0.9790508217963078,model::roberta_sentiment_profile,RoBERTa + Sentiment Profile,42
18360,0,6.651643161603715e-06,0,0.9790508217963078,model::roberta_sentiment_profile,RoBERTa + Sentiment Profile,42
16306,0,3.486986770440126e-06,0,0.9790508217963078,model::roberta_sentiment_profile,RoBERTa + Sentiment Profile,42
16392,0,6.574080543941818e-06,0,0.9790508217963078,model::roberta_sentiment_profile,RoBERTa + Sentiment Profile,42
223,1,9.620182936487254e-06,0,0.9790508217963078,model::roberta_sentiment_profile,RoBERTa + Sentiment Profile,42
13724,1,6.752538411092246e-06,0,0.9790508217963078,model::roberta_sentiment_profile,RoBERTa + Sentiment Profile,42
10533,1,4.400483248900855e-06,0,0.9790508217963078,model::roberta_sentiment_profile,RoBERTa + Sentiment Profile,42
14919,1,4.092489689355716e-06,0,0.9790508217963078,model::roberta_sentiment_profile,RoBERTa + Sentiment Profile,42
4826,0,5.949508249614155e-06,0,0.9790508217963078,model::roberta_sentiment_profile,RoBERTa + Sentiment Profile,42
12828,1,3.5023174405068858e-06,0,0.9790508217963078,model::roberta_sentiment_profile,RoBERTa + Sentiment Profile,42
1508,1,3.806582071774756e-06,0,0.9790508217963078,model::roberta_sentiment_profile,RoBERTa + Sentiment Profile,42
14590,0,2.930424898295314e-06,0,0.9790508217963078,model::roberta_sentiment_profile,RoBERTa + Sentiment Profile,42
8866,1,4.039884061057819e-06,0,0.9790508217963078,model::roberta_sentiment_profile,RoBERTa + Sentiment Profile,42
4409,0,3.625304088927805e-06,0,0.9790508217963078,model::roberta_sentiment_profile,RoBERTa + Sentiment Profile,42
18033,1,7.907521649030969e-06,0,0.9790508217963078,model::roberta_sentiment_profile,RoBERTa + Sentiment Profile,42
12087,1,4.544561761576915e-06,0,0.9790508217963078,model::roberta_sentiment_profile,RoBERTa + Sentiment Profile,42
10834,0,4.202296622679569e-06,0,0.9790508217963078,model::roberta_sentiment_profile,RoBERTa + Sentiment Profile,42
3238,1,4.211130544717889e-06,0,0.9790508217963078,model::roberta_sentiment_profile,RoBERTa + Sentiment Profile,42
15827,0,4.074707703694003e-06,0,0.9790508217963078,model::roberta_sentiment_profile,RoBERTa + Sentiment Profile,42
3656,1,3.942801868106471e-06,0,0.9790508217963078,model::roberta_sentiment_profile,RoBERTa + Sentiment Profile,42
8955,0,3.1070692330104066e-06,0,0.9790508217963078,model::roberta_sentiment_profile,RoBERTa + Sentiment Profile,42
890,1,6.733696864102967e-06,0,0.9790508217963078,model::roberta_sentiment_profile,RoBERTa + Sentiment Profile,42
2516,1,4.490494120545918e-06,0,0.9790508217963078,model::roberta_sentiment_profile,RoBERTa + Sentiment Profile,42
18073,1,0.0007779385196045,0,0.9790508217963078,model::roberta_sentiment_profile,RoBERTa + Sentiment Profile,42
8460,1,3.1813153782422887e-06,0,0.9790508217963078,model::roberta_sentiment_profile,RoBERTa + Sentiment Profile,42
13913,1,4.099817942915252e-06,0,0.9790508217963078,model::roberta_sentiment_profile,RoBERTa + Sentiment Profile,42
14989,0,8.867151336744428e-06,0,0.9790508217963078,model::roberta_sentiment_profile,RoBERTa + Sentiment Profile,42
12550,0,3.3540488857397577e-06,0,0.9790508217963078,model::roberta_sentiment_profile,RoBERTa + Sentiment Profile,42
8601,0,4.201871888653841e-06,0,0.9790508217963078,model::roberta_sentiment_profile,RoBERTa + Sentiment Profile,42
11106,1,3.579051735869143e-06,0,0.9790508217963078,model::roberta_sentiment_profile,RoBERTa + Sentiment Profile,42
18688,0,5.990574663883308e-06,0,0.9790508217963078,model::roberta_sentiment_profile,RoBERTa + Sentiment Profile,42
8130,0,0.9996843338012696,1,0.9790508217963078,model::roberta_sentiment_profile,RoBERTa + Sentiment Profile,42
4465,1,4.009496478829533e-06,0,0.9790508217963078,model::roberta_sentiment_profile,RoBERTa + Sentiment Profile,42
17215,1,3.819258381554391e-06,0,0.9790508217963078,model::roberta_sentiment_profile,RoBERTa + Sentiment Profile,42
8438,1,5.439330834633438e-06,0,0.9790508217963078,model::roberta_sentiment_profile,RoBERTa + Sentiment Profile,42
10332,1,7.582517810078571e-06,0,0.9790508217963078,model::roberta_sentiment_profile,RoBERTa + Sentiment Profile,42
7194,1,4.300555701775011e-06,0,0.9790508217963078,model::roberta_sentiment_profile,RoBERTa + Sentiment Profile,42
7211,1,3.5044022297370248e-06,0,0.9790508217963078,model::roberta_sentiment_profile,RoBERTa + Sentiment Profile,42
7652,0,3.500330649330863e-06,0,0.9790508217963078,model::roberta_sentiment_profile,RoBERTa + Sentiment Profile,42
20393,1,6.01249075771193e-06,0,0.9790508217963078,model::roberta_sentiment_profile,RoBERTa + Sentiment Profile,42
7624,0,4.57436908618547e-06,0,0.9790508217963078,model::roberta_sentiment_profile,RoBERTa + Sentiment Profile,42
19363,1,4.766175607073819e-06,0,0.9790508217963078,model::roberta_sentiment_profile,RoBERTa + Sentiment Profile,42
7628,1,6.709191893605748e-06,0,0.9790508217963078,model::roberta_sentiment_profile,RoBERTa + Sentiment Profile,42
13143,0,3.320823225294589e-06,0,0.9790508217963078,model::roberta_sentiment_profile,RoBERTa + Sentiment Profile,42
18653,1,4.4472794797911774e-06,0,0.9790508217963078,model::roberta_sentiment_profile,RoBERTa + Sentiment Profile,42
910,0,0.7977879643440247,0,0.9790508217963078,model::roberta_sentiment_profile,RoBERTa + Sentiment Profile,42
257,1,1.0218041097687092e-05,0,0.9790508217963078,model::roberta_sentiment_profile,RoBERTa + Sentiment Profile,42
8122,1,4.486949364945758e-06,0,0.9790508217963078,model::roberta_sentiment_profile,RoBERTa + Sentiment Profile,42
9065,1,3.810548605542863e-06,0,0.9790508217963078,model::roberta_sentiment_profile,RoBERTa + Sentiment Profile,42
18774,0,6.662124633294297e-06,0,0.9790508217963078,model::roberta_sentiment_profile,RoBERTa + Sentiment Profile,42
8840,1,4.516994522418827e-06,0,0.9790508217963078,model::roberta_sentiment_profile,RoBERTa + Sentiment Profile,42
9083,1,6.879765805933857e-06,0,0.9790508217963078,model::roberta_sentiment_profile,RoBERTa + Sentiment Profile,42
1188,1,3.5533300888346275e-06,0,0.9790508217963078,model::roberta_sentiment_profile,RoBERTa + Sentiment Profile,42
10566,0,8.919772517401725e-05,0,0.9790508217963078,model::roberta_sentiment_profile,RoBERTa + Sentiment Profile,42
19405,1,4.538645953289233e-06,0,0.9790508217963078,model::roberta_sentiment_profile,RoBERTa + Sentiment Profile,42
8459,1,6.179497177072335e-06,0,0.9790508217963078,model::roberta_sentiment_profile,RoBERTa + Sentiment Profile,42
17679,1,4.700018052972155e-06,0,0.9790508217963078,model::roberta_sentiment_profile,RoBERTa + Sentiment Profile,42
12760,0,0.0001231013447977,0,0.9790508217963078,model::roberta_sentiment_profile,RoBERTa + Sentiment Profile,42
11399,1,6.696215223200852e-06,0,0.9790508217963078,model::roberta_sentiment_profile,RoBERTa + Sentiment Profile,42
1972,1,4.358882961241761e-06,0,0.9790508217963078,model::roberta_sentiment_profile,RoBERTa + Sentiment Profile,42
11132,0,9.370870429847857e-06,0,0.9790508217963078,model::roberta_sentiment_profile,RoBERTa + Sentiment Profile,42
1578,1,3.791803010244621e-06,0,0.9790508217963078,model::roberta_sentiment_profile,RoBERTa + Sentiment Profile,42
407,1,4.1700473047967535e-06,0,0.9790508217963078,model::roberta_sentiment_profile,RoBERTa + Sentiment Profile,42
10444,1,4.8005163080233615e-06,0,0.9790508217963078,model::roberta_sentiment_profile,RoBERTa + Sentiment Profile,42
6758,0,8.160460311046336e-06,0,0.9790508217963078,model::roberta_sentiment_profile,RoBERTa + Sentiment Profile,42
12226,0,2.6286536467523547e-06,0,0.9790508217963078,model::roberta_sentiment_profile,RoBERTa + Sentiment Profile,42
15551,1,6.622622095164843e-06,0,0.9790508217963078,model::roberta_sentiment_profile,RoBERTa + Sentiment Profile,42
2313,1,3.519708343446837e-06,0,0.9790508217963078,model::roberta_sentiment_profile,RoBERTa + Sentiment Profile,42
11015,1,3.734202891791938e-06,0,0.9790508217963078,model::roberta_sentiment_profile,RoBERTa + Sentiment Profile,42
35,1,3.693258122439147e-06,0,0.9790508217963078,model::roberta_sentiment_profile,RoBERTa + Sentiment Profile,42
20481,0,9.485137525189202e-06,0,0.9790508217963078,model::roberta_sentiment_profile,RoBERTa + Sentiment Profile,42
10167,0,1.0035691957455128e-05,0,0.9790508217963078,model::roberta_sentiment_profile,RoBERTa + Sentiment Profile,42
19682,1,4.519485173659632e-06,0,0.9790508217963078,model::roberta_sentiment_profile,RoBERTa + Sentiment Profile,42
4811,0,6.808491889387369e-06,0,0.9790508217963078,model::roberta_sentiment_profile,RoBERTa + Sentiment Profile,42
19927,1,5.471023996506119e-06,0,0.9790508217963078,model::roberta_sentiment_profile,RoBERTa + Sentiment Profile,42
2122,1,3.866829501930624e-06,0,0.9790508217963078,model::roberta_sentiment_profile,RoBERTa + Sentiment Profile,42
19791,1,7.250826456584036e-06,0,0.9790508217963078,model::roberta_sentiment_profile,RoBERTa + Sentiment Profile,42
14532,1,3.7937563774903538e-06,0,0.9790508217963078,model::roberta_sentiment_profile,RoBERTa + Sentiment Profile,42
6234,1,3.339341674291063e-06,0,0.9790508217963078,model::roberta_sentiment_profile,RoBERTa + Sentiment Profile,42
13877,1,4.000978606200079e-06,0,0.9790508217963078,model::roberta_sentiment_profile,RoBERTa + Sentiment Profile,42
13949,1,4.2978049350494985e-06,0,0.9790508217963078,model::roberta_sentiment_profile,RoBERTa + Sentiment Profile,42
16838,0,5.855058589077089e-06,0,0.9790508217963078,model::roberta_sentiment_profile,RoBERTa + Sentiment Profile,42
4456,0,0.0213831905275583,0,0.9790508217963078,model::roberta_sentiment_profile,RoBERTa + Sentiment Profile,42
10744,1,6.0285947256488726e-06,0,0.9790508217963078,model::roberta_sentiment_profile,RoBERTa + Sentiment Profile,42
18984,1,3.836928044620436e-06,0,0.9790508217963078,model::roberta_sentiment_profile,RoBERTa + Sentiment Profile,42
20496,0,4.233268555253744e-06,0,0.9790508217963078,model::roberta_sentiment_profile,RoBERTa + Sentiment Profile,42
5594,1,4.660556896851631e-06,0,0.9790508217963078,model::roberta_sentiment_profile,RoBERTa + Sentiment Profile,42
130,1,5.2214350034773815e-06,0,0.9790508217963078,model::roberta_sentiment_profile,RoBERTa + Sentiment Profile,42
4873,0,7.75756507209735e-06,0,0.9790508217963078,model::roberta_sentiment_profile,RoBERTa + Sentiment Profile,42
19469,1,4.482860276766587e-06,0,0.9790508217963078,model::roberta_sentiment_profile,RoBERTa + Sentiment Profile,42
7641,0,6.941557785467012e-06,0,0.9790508217963078,model::roberta_sentiment_profile,RoBERTa + Sentiment Profile,42
9028,1,3.8340967876138166e-06,0,0.9790508217963078,model::roberta_sentiment_profile,RoBERTa + Sentiment Profile,42
1377,0,5.536459866561927e-06,0,0.9790508217963078,model::roberta_sentiment_profile,RoBERTa + Sentiment Profile,42
8451,0,4.4392627387424e-06,0,0.9790508217963078,model::roberta_sentiment_profile,RoBERTa + Sentiment Profile,42
13056,1,5.562693786487216e-06,0,0.9790508217963078,model::roberta_sentiment_profile,RoBERTa + Sentiment Profile,42
9516,0,4.285665909264935e-06,0,0.9790508217963078,model::roberta_sentiment_profile,RoBERTa + Sentiment Profile,42
11571,0,3.4100851280527422e-06,0,0.9790508217963078,model::roberta_sentiment_profile,RoBERTa + Sentiment Profile,42
15549,0,1.0984347682096995e-05,0,0.9790508217963078,model::roberta_sentiment_profile,RoBERTa + Sentiment Profile,42
6838,0,4.709161203209078e-06,0,0.9790508217963078,model::roberta_sentiment_profile,RoBERTa + Sentiment Profile,42
14624,0,4.023266683361726e-06,0,0.9790508217963078,model::roberta_sentiment_profile,RoBERTa + Sentiment Profile,42
20203,1,5.2390623750397936e-06,0,0.9790508217963078,model::roberta_sentiment_profile,RoBERTa + Sentiment Profile,42
17249,0,3.3518615509819938e-06,0,0.9790508217963078,model::roberta_sentiment_profile,RoBERTa + Sentiment Profile,42
7666,1,4.150922904955223e-06,0,0.9790508217963078,model::roberta_sentiment_profile,RoBERTa + Sentiment Profile,42
14003,0,2.80417862086324e-06,0,0.9790508217963078,model::roberta_sentiment_profile,RoBERTa + Sentiment Profile,42
8295,1,3.973801995016402e-06,0,0.9790508217963078,model::roberta_sentiment_profile,RoBERTa + Sentiment Profile,42
7750,0,3.0394683108170284e-06,0,0.9790508217963078,model::roberta_sentiment_profile,RoBERTa + Sentiment Profile,42
15845,0,5.461166438180953e-06,0,0.9790508217963078,model::roberta_sentiment_profile,RoBERTa + Sentiment Profile,42
18290,1,8.011596946744248e-06,0,0.9790508217963078,model::roberta_sentiment_profile,RoBERTa + Sentiment Profile,42
15259,0,4.526335033006035e-06,0,0.9790508217963078,model::roberta_sentiment_profile,RoBERTa + Sentiment Profile,42
12818,0,1.2972046533832328e-05,0,0.9790508217963078,model::roberta_sentiment_profile,RoBERTa + Sentiment Profile,42
1307,0,4.304461981519125e-06,0,0.9790508217963078,model::roberta_sentiment_profile,RoBERTa + Sentiment Profile,42
11666,0,1.592264379723929e-05,0,0.9790508217963078,model::roberta_sentiment_profile,RoBERTa + Sentiment Profile,42
10098,0,4.215406079310924e-06,0,0.9790508217963078,model::roberta_sentiment_profile,RoBERTa + Sentiment Profile,42
14991,0,1.1316456948406994e-05,0,0.9790508217963078,model::roberta_sentiment_profile,RoBERTa + Sentiment Profile,42
3536,1,4.375943717604969e-06,0,0.9790508217963078,model::roberta_sentiment_profile,RoBERTa + Sentiment Profile,42
793,0,1.8879705748986453e-05,0,0.9790508217963078,model::roberta_sentiment_profile,RoBERTa + Sentiment Profile,42
6444,1,1.268729738512775e-05,0,0.9790508217963078,model::roberta_sentiment_profile,RoBERTa + Sentiment Profile,42
21037,1,4.152665042056469e-06,0,0.9790508217963078,model::roberta_sentiment_profile,RoBERTa + Sentiment Profile,42
1046,1,3.6777541936316993e-06,0,0.9790508217963078,model::roberta_sentiment_profile,RoBERTa + Sentiment Profile,42
17091,1,8.469808562949765e-06,0,0.9790508217963078,model::roberta_sentiment_profile,RoBERTa + Sentiment Profile,42
10760,1,6.848555131000467e-06,0,0.9790508217963078,model::roberta_sentiment_profile,RoBERTa + Sentiment Profile,42
19789,1,5.22281925441348e-06,0,0.9790508217963078,model::roberta_sentiment_profile,RoBERTa + Sentiment Profile,42
14570,0,6.170522738102591e-06,0,0.9790508217963078,model::roberta_sentiment_profile,RoBERTa + Sentiment Profile,42
4501,0,5.578748641710263e-06,0,0.9790508217963078,model::roberta_sentiment_profile,RoBERTa + Sentiment Profile,42
17804,1,4.4414437070372514e-06,0,0.9790508217963078,model::roberta_sentiment_profile,RoBERTa + Sentiment Profile,42
20930,1,6.473968824138865e-06,0,0.9790508217963078,model::roberta_sentiment_profile,RoBERTa + Sentiment Profile,42
5681,0,4.105526386410929e-06,0,0.9790508217963078,model::roberta_sentiment_profile,RoBERTa + Sentiment Profile,42
19492,0,3.629185130193946e-06,0,0.9790508217963078,model::roberta_sentiment_profile,RoBERTa + Sentiment Profile,42
15199,0,4.560852175927721e-06,0,0.9790508217963078,model::roberta_sentiment_profile,RoBERTa + Sentiment Profile,42
19773,1,4.594694473780692e-06,0,0.9790508217963078,model::roberta_sentiment_profile,RoBERTa + Sentiment Profile,42
8648,1,3.312896296847612e-06,0,0.9790508217963078,model::roberta_sentiment_profile,RoBERTa + Sentiment Profile,42
19415,0,5.369350765249692e-05,0,0.9790508217963078,model::roberta_sentiment_profile,RoBERTa + Sentiment Profile,42
7801,0,4.799033376912121e-06,0,0.9790508217963078,model::roberta_sentiment_profile,RoBERTa + Sentiment Profile,42
8,1,7.766700036881957e-06,0,0.9790508217963078,model::roberta_sentiment_profile,RoBERTa + Sentiment Profile,42
20689,0,4.876810635323636e-06,0,0.9790508217963078,model::roberta_sentiment_profile,RoBERTa + Sentiment Profile,42
8222,0,3.588488425521064e-06,0,0.9790508217963078,model::roberta_sentiment_profile,RoBERTa + Sentiment Profile,42
2404,0,4.4596554289455526e-06,0,0.9790508217963078,model::roberta_sentiment_profile,RoBERTa + Sentiment Profile,42
16855,0,3.3443834581703413e-06,0,0.9790508217963078,model::roberta_sentiment_profile,RoBERTa + Sentiment Profile,42
16043,0,7.370441380771808e-06,0,0.9790508217963078,model::roberta_sentiment_profile,RoBERTa + Sentiment Profile,42
3970,1,5.209155006014044e-06,0,0.9790508217963078,model::roberta_sentiment_profile,RoBERTa + Sentiment Profile,42
15080,0,3.947937784687383e-06,0,0.9790508217963078,model::roberta_sentiment_profile,RoBERTa + Sentiment Profile,42
12208,1,4.3192371776967775e-06,0,0.9790508217963078,model::roberta_sentiment_profile,RoBERTa + Sentiment Profile,42
16329,0,4.494075255934149e-06,0,0.9790508217963078,model::roberta_sentiment_profile,RoBERTa + Sentiment Profile,42
16072,0,3.724507450897363e-06,0,0.9790508217963078,model::roberta_sentiment_profile,RoBERTa + Sentiment Profile,42
7193,0,7.690900019952096e-06,0,0.9790508217963078,model::roberta_sentiment_profile,RoBERTa + Sentiment Profile,42
9127,0,5.167794370208867e-06,0,0.9790508217963078,model::roberta_sentiment_profile,RoBERTa + Sentiment Profile,42
8752,0,3.3728194921422983e-06,0,0.9790508217963078,model::roberta_sentiment_profile,RoBERTa + Sentiment Profile,42
15219,0,9.70030487223994e-06,0,0.9790508217963078,model::roberta_sentiment_profile,RoBERTa + Sentiment Profile,42
3972,1,1.19447695396957e-05,0,0.9790508217963078,model::roberta_sentiment_profile,RoBERTa + Sentiment Profile,42
17228,0,5.5549539865751285e-06,0,0.9790508217963078,model::roberta_sentiment_profile,RoBERTa + Sentiment Profile,42
11729,1,4.842542693950236e-06,0,0.9790508217963078,model::roberta_sentiment_profile,RoBERTa + Sentiment Profile,42
10278,0,3.846101662929868e-06,0,0.9790508217963078,model::roberta_sentiment_profile,RoBERTa + Sentiment Profile,42
6727,1,4.3640325202432e-06,0,0.9790508217963078,model::roberta_sentiment_profile,RoBERTa + Sentiment Profile,42
13215,0,0.000528885575477,0,0.9790508217963078,model::roberta_sentiment_profile,RoBERTa + Sentiment Profile,42
15369,1,4.611613348970423e-06,0,0.9790508217963078,model::roberta_sentiment_profile,RoBERTa + Sentiment Profile,42
6047,0,1.6217463780776598e-05,0,0.9790508217963078,model::roberta_sentiment_profile,RoBERTa + Sentiment Profile,42
3678,1,3.883162571582943e-05,0,0.9790508217963078,model::roberta_sentiment_profile,RoBERTa + Sentiment Profile,42
7108,1,4.244303909217706e-06,0,0.9790508217963078,model::roberta_sentiment_profile,RoBERTa + Sentiment Profile,42
12819,1,6.810400918766391e-06,0,0.9790508217963078,model::roberta_sentiment_profile,RoBERTa + Sentiment Profile,42
1116,1,4.364997948869132e-06,0,0.9790508217963078,model::roberta_sentiment_profile,RoBERTa + Sentiment Profile,42
11919,1,4.940898361383006e-05,0,0.9790508217963078,model::roberta_sentiment_profile,RoBERTa + Sentiment Profile,42
20150,1,4.486807938519632e-06,0,0.9790508217963078,model::roberta_sentiment_profile,RoBERTa + Sentiment Profile,42
15363,1,9.188536751025822e-06,0,0.9790508217963078,model::roberta_sentiment_profile,RoBERTa + Sentiment Profile,42
9926,0,3.5150660551153123e-06,0,0.9790508217963078,model::roberta_sentiment_profile,RoBERTa + Sentiment Profile,42
1315,1,5.366791810956784e-06,0,0.9790508217963078,model::roberta_sentiment_profile,RoBERTa + Sentiment Profile,42
12578,1,3.633230107880081e-06,0,0.9790508217963078,model::roberta_sentiment_profile,RoBERTa + Sentiment Profile,42
9256,1,6.327565188257722e-06,0,0.9790508217963078,model::roberta_sentiment_profile,RoBERTa + Sentiment Profile,42
2825,1,4.265530606062384e-06,0,0.9790508217963078,model::roberta_sentiment_profile,RoBERTa + Sentiment Profile,42
12249,1,5.9160697674087714e-06,0,0.9790508217963078,model::roberta_sentiment_profile,RoBERTa + Sentiment Profile,42
2998,1,4.7604789870092645e-06,0,0.9790508217963078,model::roberta_sentiment_profile,RoBERTa + Sentiment Profile,42
12377,0,2.500714572306606e-06,0,0.9790508217963078,model::roberta_sentiment_profile,RoBERTa + Sentiment Profile,42
14586,0,4.56887983091292e-06,0,0.9790508217963078,model::roberta_sentiment_profile,RoBERTa + Sentiment Profile,42
232,0,4.015040758531541e-06,0,0.9790508217963078,model::roberta_sentiment_profile,RoBERTa + Sentiment Profile,42
11854,0,5.311231689120177e-06,0,0.9790508217963078,model::roberta_sentiment_profile,RoBERTa + Sentiment Profile,42
20165,0,6.71382003929466e-05,0,0.9790508217963078,model::roberta_sentiment_profile,RoBERTa + Sentiment Profile,42
14236,0,3.819240191660356e-06,0,0.9790508217963078,model::roberta_sentiment_profile,RoBERTa + Sentiment Profile,42
19570,0,4.182649263384519e-06,0,0.9790508217963078,model::roberta_sentiment_profile,RoBERTa + Sentiment Profile,42
12489,0,6.272363407333614e-06,0,0.9790508217963078,model::roberta_sentiment_profile,RoBERTa + Sentiment Profile,42
10124,1,6.041222150088288e-06,0,0.9790508217963078,model::roberta_sentiment_profile,RoBERTa + Sentiment Profile,42
1189,1,5.827745098940795e-06,0,0.9790508217963078,model::roberta_sentiment_profile,RoBERTa + Sentiment Profile,42
12081,1,3.824507075478323e-06,0,0.9790508217963078,model::roberta_sentiment_profile,RoBERTa + Sentiment Profile,42
3134,0,2.735108637352824e-06,0,0.9790508217963078,model::roberta_sentiment_profile,RoBERTa + Sentiment Profile,42
14002,1,3.650797680165852e-06,0,0.9790508217963078,model::roberta_sentiment_profile,RoBERTa + Sentiment Profile,42
15576,0,0.0001222903374582,0,0.9790508217963078,model::roberta_sentiment_profile,RoBERTa + Sentiment Profile,42
1697,1,4.182976226729807e-06,0,0.9790508217963078,model::roberta_sentiment_profile,RoBERTa + Sentiment Profile,42
4042,1,6.605843736906536e-06,0,0.9790508217963078,model::roberta_sentiment_profile,RoBERTa + Sentiment Profile,42
15141,1,5.560594581766054e-05,0,0.9790508217963078,model::roberta_sentiment_profile,RoBERTa + Sentiment Profile,42
9519,1,3.860212018480524e-06,0,0.9790508217963078,model::roberta_sentiment_profile,RoBERTa + Sentiment Profile,42
5313,1,4.43243470726884e-06,0,0.9790508217963078,model::roberta_sentiment_profile,RoBERTa + Sentiment Profile,42
6119,0,2.4310729713761248e-06,0,0.9790508217963078,model::roberta_sentiment_profile,RoBERTa + Sentiment Profile,42
1040,1,9.798796781979036e-06,0,0.9790508217963078,model::roberta_sentiment_profile,RoBERTa + Sentiment Profile,42
19078,0,2.105730709445197e-05,0,0.9790508217963078,model::roberta_sentiment_profile,RoBERTa + Sentiment Profile,42
17454,0,3.575452637960552e-06,0,0.9790508217963078,model::roberta_sentiment_profile,RoBERTa + Sentiment Profile,42
7896,1,6.98324220138602e-06,0,0.9790508217963078,model::roberta_sentiment_profile,RoBERTa + Sentiment Profile,42
2774,1,3.664174073492177e-06,0,0.9790508217963078,model::roberta_sentiment_profile,RoBERTa + Sentiment Profile,42
4384,1,5.697449978470104e-06,0,0.9790508217963078,model::roberta_sentiment_profile,RoBERTa + Sentiment Profile,42
10964,1,4.176722086413065e-06,0,0.9790508217963078,model::roberta_sentiment_profile,RoBERTa + Sentiment Profile,42
14351,0,2.8871893391624326e-06,0,0.9790508217963078,model::roberta_sentiment_profile,RoBERTa + Sentiment Profile,42
2623,0,3.247329686928424e-06,0,0.9790508217963078,model::roberta_sentiment_profile,RoBERTa + Sentiment Profile,42
16957,0,5.18820797879016e-06,0,0.9790508217963078,model::roberta_sentiment_profile,RoBERTa + Sentiment Profile,42
3957,0,1.5047289707581513e-05,0,0.9790508217963078,model::roberta_sentiment_profile,RoBERTa + Sentiment Profile,42
10091,1,4.068238922627643e-06,0,0.9790508217963078,model::roberta_sentiment_profile,RoBERTa + Sentiment Profile,42
5191,0,3.754206090889056e-06,0,0.9790508217963078,model::roberta_sentiment_profile,RoBERTa + Sentiment Profile,42
18187,1,6.673481493635336e-06,0,0.9790508217963078,model::roberta_sentiment_profile,RoBERTa + Sentiment Profile,42
18204,0,3.4260053780599264e-06,0,0.9790508217963078,model::roberta_sentiment_profile,RoBERTa + Sentiment Profile,42
20699,0,3.0377236726053525e-06,0,0.9790508217963078,model::roberta_sentiment_profile,RoBERTa + Sentiment Profile,42
10673,1,4.211271061649313e-06,0,0.9790508217963078,model::roberta_sentiment_profile,RoBERTa + Sentiment Profile,42
11601,1,4.554888619168196e-06,0,0.9790508217963078,model::roberta_sentiment_profile,RoBERTa + Sentiment Profile,42
18930,1,3.788004278248991e-06,0,0.9790508217963078,model::roberta_sentiment_profile,RoBERTa + Sentiment Profile,42
20037,1,3.8530583879037295e-06,0,0.9790508217963078,model::roberta_sentiment_profile,RoBERTa + Sentiment Profile,42
14499,1,5.465673439175589e-06,0,0.9790508217963078,model::roberta_sentiment_profile,RoBERTa + Sentiment Profile,42
19267,0,5.193306606088299e-06,0,0.9790508217963078,model::roberta_sentiment_profile,RoBERTa + Sentiment Profile,42
15555,1,4.356726094556507e-06,0,0.9790508217963078,model::roberta_sentiment_profile,RoBERTa + Sentiment Profile,42
4094,0,5.567141215578886e-06,0,0.9790508217963078,model::roberta_sentiment_profile,RoBERTa + Sentiment Profile,42
6491,0,3.760447953027324e-06,0,0.9790508217963078,model::roberta_sentiment_profile,RoBERTa + Sentiment Profile,42
2925,1,4.84053907712223e-06,0,0.9790508217963078,model::roberta_sentiment_profile,RoBERTa + Sentiment Profile,42
15798,0,4.480761617742246e-06,0,0.9790508217963078,model::roberta_sentiment_profile,RoBERTa + Sentiment Profile,42
20639,1,3.602838887672988e-06,0,0.9790508217963078,model::roberta_sentiment_profile,RoBERTa + Sentiment Profile,42
11212,1,3.753311148102512e-06,0,0.9790508217963078,model::roberta_sentiment_profile,RoBERTa + Sentiment Profile,42
2422,0,8.394270844291896e-05,0,0.9790508217963078,model::roberta_sentiment_profile,RoBERTa + Sentiment Profile,42
5012,1,3.407848225833732e-06,0,0.9790508217963078,model::roberta_sentiment_profile,RoBERTa + Sentiment Profile,42
6603,1,3.5737241432798328e-06,0,0.9790508217963078,model::roberta_sentiment_profile,RoBERTa + Sentiment Profile,42
4997,0,3.7489896840270376e-06,0,0.9790508217963078,model::roberta_sentiment_profile,RoBERTa + Sentiment Profile,42
5034,1,3.88783928428893e-06,0,0.9790508217963078,model::roberta_sentiment_profile,RoBERTa + Sentiment Profile,42
2639,0,3.2049215406004805e-06,0,0.9790508217963078,model::roberta_sentiment_profile,RoBERTa + Sentiment Profile,42
10947,1,4.050501047458965e-06,0,0.9790508217963078,model::roberta_sentiment_profile,RoBERTa + Sentiment Profile,42
4724,0,5.33438969796407e-06,0,0.9790508217963078,model::roberta_sentiment_profile,RoBERTa + Sentiment Profile,42
11645,1,3.495610144454986e-06,0,0.9790508217963078,model::roberta_sentiment_profile,RoBERTa + Sentiment Profile,42
825,0,4.341823569120606e-06,0,0.9790508217963078,model::roberta_sentiment_profile,RoBERTa + Sentiment Profile,42
3923,1,3.719584356076666e-06,0,0.9790508217963078,model::roberta_sentiment_profile,RoBERTa + Sentiment Profile,42
8746,0,0.9999347925186156,1,0.9790508217963078,model::roberta_sentiment_profile,RoBERTa + Sentiment Profile,42
14833,1,3.93679420085391e-06,0,0.9790508217963078,model::roberta_sentiment_profile,RoBERTa + Sentiment Profile,42
16281,0,0.9999006986618042,1,0.9790508217963078,model::roberta_sentiment_profile,RoBERTa + Sentiment Profile,42
5044,0,4.566993538901443e-06,0,0.9790508217963078,model::roberta_sentiment_profile,RoBERTa + Sentiment Profile,42
6285,0,6.110568847361719e-06,0,0.9790508217963078,model::roberta_sentiment_profile,RoBERTa + Sentiment Profile,42
8873,0,0.9999949932098388,1,0.9790508217963078,model::roberta_sentiment_profile,RoBERTa + Sentiment Profile,42
14231,0,0.9999902248382568,1,0.9790508217963078,model::roberta_sentiment_profile,RoBERTa + Sentiment Profile,42
2040,1,4.707720108854119e-06,0,0.9790508217963078,model::roberta_sentiment_profile,RoBERTa + Sentiment Profile,42
13075,1,2.713295907597057e-05,0,0.9790508217963078,model::roberta_sentiment_profile,RoBERTa + Sentiment Profile,42
11080,0,5.228077043284429e-06,0,0.9790508217963078,model::roberta_sentiment_profile,RoBERTa + Sentiment Profile,42
15958,1,4.2274032239220105e-06,0,0.9790508217963078,model::roberta_sentiment_profile,RoBERTa + Sentiment Profile,42
546,0,3.468648401394603e-06,0,0.9790508217963078,model::roberta_sentiment_profile,RoBERTa + Sentiment Profile,42
798,0,3.633881533460226e-06,0,0.9790508217963078,model::roberta_sentiment_profile,RoBERTa + Sentiment Profile,42
15907,1,6.371772178681567e-05,0,0.9790508217963078,model::roberta_sentiment_profile,RoBERTa + Sentiment Profile,42
271,1,1.3224526810518e-05,0,0.9790508217963078,model::roberta_sentiment_profile,RoBERTa + Sentiment Profile,42
4130,0,3.832791662716772e-06,0,0.9790508217963078,model::roberta_sentiment_profile,RoBERTa + Sentiment Profile,42
10142,0,2.9910424927948043e-05,0,0.9790508217963078,model::roberta_sentiment_profile,RoBERTa + Sentiment Profile,42
16117,0,0.9998220801353456,1,0.9790508217963078,model::roberta_sentiment_profile,RoBERTa + Sentiment Profile,42
7121,0,3.332892447360792e-06,0,0.9790508217963078,model::roberta_sentiment_profile,RoBERTa + Sentiment Profile,42
4788,0,4.284762326278724e-06,0,0.9790508217963078,model::roberta_sentiment_profile,RoBERTa + Sentiment Profile,42
1574,0,4.931549119646661e-05,0,0.9790508217963078,model::roberta_sentiment_profile,RoBERTa + Sentiment Profile,42
9657,1,5.351734671421582e-06,0,0.9790508217963078,model::roberta_sentiment_profile,RoBERTa + Sentiment Profile,42
15674,1,4.26447695645038e-06,0,0.9790508217963078,model::roberta_sentiment_profile,RoBERTa + Sentiment Profile,42
14017,0,9.341408258478625e-06,0,0.9790508217963078,model::roberta_sentiment_profile,RoBERTa + Sentiment Profile,42
18691,0,0.9998960494995116,1,0.9790508217963078,model::roberta_sentiment_profile,RoBERTa + Sentiment Profile,42
19684,0,0.9999817609786988,1,0.9790508217963078,model::roberta_sentiment_profile,RoBERTa + Sentiment Profile,42
19741,1,1.817403062887024e-05,0,0.9790508217963078,model::roberta_sentiment_profile,RoBERTa + Sentiment Profile,42
3141,1,5.066251105745323e-06,0,0.9790508217963078,model::roberta_sentiment_profile,RoBERTa + Sentiment Profile,42
2968,1,3.8655389289488085e-06,0,0.9790508217963078,model::roberta_sentiment_profile,RoBERTa + Sentiment Profile,42
10633,1,4.122891823499231e-06,0,0.9790508217963078,model::roberta_sentiment_profile,RoBERTa + Sentiment Profile,42
11195,0,3.029334038728848e-06,0,0.9790508217963078,model::roberta_sentiment_profile,RoBERTa + Sentiment Profile,42
17044,0,3.561268385965377e-05,0,0.9790508217963078,model::roberta_sentiment_profile,RoBERTa + Sentiment Profile,42
17321,0,4.022553184768185e-06,0,0.9790508217963078,model::roberta_sentiment_profile,RoBERTa + Sentiment Profile,42
12886,1,4.052645181218395e-06,0,0.9790508217963078,model::roberta_sentiment_profile,RoBERTa + Sentiment Profile,42
18709,0,3.721418806890142e-06,0,0.9790508217963078,model::roberta_sentiment_profile,RoBERTa + Sentiment Profile,42
8346,1,4.492297193792183e-06,0,0.9790508217963078,model::roberta_sentiment_profile,RoBERTa + Sentiment Profile,42
18967,0,0.9999592304229736,1,0.9790508217963078,model::roberta_sentiment_profile,RoBERTa + Sentiment Profile,42
8952,0,3.0765811516175745e-06,0,0.9790508217963078,model::roberta_sentiment_profile,RoBERTa + Sentiment Profile,42
20168,0,0.2575635910034179,0,0.9790508217963078,model::roberta_sentiment_profile,RoBERTa + Sentiment Profile,42
10331,0,3.4429192510287976e-06,0,0.9790508217963078,model::roberta_sentiment_profile,RoBERTa + Sentiment Profile,42
18336,1,3.748832341443631e-06,0,0.9790508217963078,model::roberta_sentiment_profile,RoBERTa + Sentiment Profile,42
19721,0,3.63593312613375e-06,0,0.9790508217963078,model::roberta_sentiment_profile,RoBERTa + Sentiment Profile,42
2895,0,4.902728505840059e-06,0,0.9790508217963078,model::roberta_sentiment_profile,RoBERTa + Sentiment Profile,42
9311,1,4.341078238212504e-06,0,0.9790508217963078,model::roberta_sentiment_profile,RoBERTa + Sentiment Profile,42
19159,0,3.1107576887734467e-06,0,0.9790508217963078,model::roberta_sentiment_profile,RoBERTa + Sentiment Profile,42
1740,0,2.8232836939423578e-06,0,0.9790508217963078,model::roberta_sentiment_profile,RoBERTa + Sentiment Profile,42
7063,0,3.240270416426938e-06,0,0.9790508217963078,model::roberta_sentiment_profile,RoBERTa + Sentiment Profile,42
1117,0,0.7545008659362793,0,0.9790508217963078,model::roberta_sentiment_profile,RoBERTa + Sentiment Profile,42
17864,0,0.000463129079435,0,0.9790508217963078,model::roberta_sentiment_profile,RoBERTa + Sentiment Profile,42
4091,1,3.8687107917212415e-06,0,0.9790508217963078,model::roberta_sentiment_profile,RoBERTa + Sentiment Profile,42
14084,0,3.396346755835112e-06,0,0.9790508217963078,model::roberta_sentiment_profile,RoBERTa + Sentiment Profile,42
18286,0,3.677326503748191e-06,0,0.9790508217963078,model::roberta_sentiment_profile,RoBERTa + Sentiment Profile,42
20021,1,4.89275134896161e-06,0,0.9790508217963078,model::roberta_sentiment_profile,RoBERTa + Sentiment Profile,42
11050,0,7.001447556831408e-06,0,0.9790508217963078,model::roberta_sentiment_profile,RoBERTa + Sentiment Profile,42
4650,1,3.837769781966927e-06,0,0.9790508217963078,model::roberta_sentiment_profile,RoBERTa + Sentiment Profile,42
14381,1,4.5376073103398085e-06,0,0.9790508217963078,model::roberta_sentiment_profile,RoBERTa + Sentiment Profile,42
2274,0,9.384365512232762e-06,0,0.9790508217963078,model::roberta_sentiment_profile,RoBERTa + Sentiment Profile,42
2975,1,3.639312353698188e-06,0,0.9790508217963078,model::roberta_sentiment_profile,RoBERTa + Sentiment Profile,42
18110,1,3.8238795241341e-06,0,0.9790508217963078,model::roberta_sentiment_profile,RoBERTa + Sentiment Profile,42
13568,1,4.444616934051737e-06,0,0.9790508217963078,model::roberta_sentiment_profile,RoBERTa + Sentiment Profile,42
20984,0,1.5263707609847188e-05,0,0.9790508217963078,model::roberta_sentiment_profile,RoBERTa + Sentiment Profile,42
10928,1,4.853852260566782e-06,0,0.9790508217963078,model::roberta_sentiment_profile,RoBERTa + Sentiment Profile,42
4169,1,3.755942543648416e-06,0,0.9790508217963078,model::roberta_sentiment_profile,RoBERTa + Sentiment Profile,42
9177,1,4.212552539684111e-06,0,0.9790508217963078,model::roberta_sentiment_profile,RoBERTa + Sentiment Profile,42
13388,0,5.09133496962022e-06,0,0.9790508217963078,model::roberta_sentiment_profile,RoBERTa + Sentiment Profile,42
12785,0,4.293081474315841e-06,0,0.9790508217963078,model::roberta_sentiment_profile,RoBERTa + Sentiment Profile,42
15272,1,4.626202553481562e-06,0,0.9790508217963078,model::roberta_sentiment_profile,RoBERTa + Sentiment Profile,42
10296,0,5.923990556766512e-06,0,0.9790508217963078,model::roberta_sentiment_profile,RoBERTa + Sentiment Profile,42
1854,1,4.388241904962342e-06,0,0.9790508217963078,model::roberta_sentiment_profile,RoBERTa + Sentiment Profile,42
16449,0,4.892359811492497e-06,0,0.9790508217963078,model::roberta_sentiment_profile,RoBERTa + Sentiment Profile,42
4113,1,5.114928626426263e-06,0,0.9790508217963078,model::roberta_sentiment_profile,RoBERTa + Sentiment Profile,42
14894,0,0.000360990059562,0,0.9790508217963078,model::roberta_sentiment_profile,RoBERTa + Sentiment Profile,42
19635,1,4.731177796202246e-06,0,0.9790508217963078,model::roberta_sentiment_profile,RoBERTa + Sentiment Profile,42
816,1,4.062927473569289e-06,0,0.9790508217963078,model::roberta_sentiment_profile,RoBERTa + Sentiment Profile,42
20057,0,5.122123639011988e-06,0,0.9790508217963078,model::roberta_sentiment_profile,RoBERTa + Sentiment Profile,42
13410,0,4.406173502502497e-06,0,0.9790508217963078,model::roberta_sentiment_profile,RoBERTa + Sentiment Profile,42
10307,0,4.784483280673157e-06,0,0.9790508217963078,model::roberta_sentiment_profile,RoBERTa + Sentiment Profile,42
2188,1,5.578982381848618e-06,0,0.9790508217963078,model::roberta_sentiment_profile,RoBERTa + Sentiment Profile,42
6244,0,3.4859692732425174e-06,0,0.9790508217963078,model::roberta_sentiment_profile,RoBERTa + Sentiment Profile,42
19435,1,8.154190254572313e-06,0,0.9790508217963078,model::roberta_sentiment_profile,RoBERTa + Sentiment Profile,42
2773,1,4.087325578439049e-06,0,0.9790508217963078,model::roberta_sentiment_profile,RoBERTa + Sentiment Profile,42
17667,0,3.730586286110338e-06,0,0.9790508217963078,model::roberta_sentiment_profile,RoBERTa + Sentiment Profile,42
18611,0,6.560402198374504e-06,0,0.9790508217963078,model::roberta_sentiment_profile,RoBERTa + Sentiment Profile,42
14694,0,4.777343292516889e-06,0,0.9790508217963078,model::roberta_sentiment_profile,RoBERTa + Sentiment Profile,42
17911,1,4.794586857315153e-06,0,0.9790508217963078,model::roberta_sentiment_profile,RoBERTa + Sentiment Profile,42
14524,1,4.470117801247397e-06,0,0.9790508217963078,model::roberta_sentiment_profile,RoBERTa + Sentiment Profile,42
16528,0,1.568725929246284e-05,0,0.9790508217963078,model::roberta_sentiment_profile,RoBERTa + Sentiment Profile,42
3412,0,3.270889465056825e-06,0,0.9790508217963078,model::roberta_sentiment_profile,RoBERTa + Sentiment Profile,42
16238,0,4.141227691434324e-06,0,0.9790508217963078,model::roberta_sentiment_profile,RoBERTa + Sentiment Profile,42
14091,1,5.344115379557479e-06,0,0.9790508217963078,model::roberta_sentiment_profile,RoBERTa + Sentiment Profile,42
10747,0,0.9999942779541016,1,0.9790508217963078,model::roberta_sentiment_profile,RoBERTa + Sentiment Profile,42
13544,0,4.996013558411505e-06,0,0.9790508217963078,model::roberta_sentiment_profile,RoBERTa + Sentiment Profile,42
1956,0,5.958422661933582e-06,0,0.9790508217963078,model::roberta_sentiment_profile,RoBERTa + Sentiment Profile,42
5540,0,3.3707958209561184e-05,0,0.9790508217963078,model::roberta_sentiment_profile,RoBERTa + Sentiment Profile,42
4946,1,3.6400099361344473e-06,0,0.9790508217963078,model::roberta_sentiment_profile,RoBERTa + Sentiment Profile,42
9335,0,4.493346750678029e-06,0,0.9790508217963078,model::roberta_sentiment_profile,RoBERTa + Sentiment Profile,42
6785,1,4.287194315111265e-06,0,0.9790508217963078,model::roberta_sentiment_profile,RoBERTa + Sentiment Profile,42
3545,0,1.3071554349153304e-05,0,0.9790508217963078,model::roberta_sentiment_profile,RoBERTa + Sentiment Profile,42
10811,0,0.9998100399971008,1,0.9790508217963078,model::roberta_sentiment_profile,RoBERTa + Sentiment Profile,42
7712,0,3.573107278498356e-06,0,0.9790508217963078,model::roberta_sentiment_profile,RoBERTa + Sentiment Profile,42
11797,0,8.926227565098088e-06,0,0.9790508217963078,model::roberta_sentiment_profile,RoBERTa + Sentiment Profile,42
16705,1,4.675478976423619e-06,0,0.9790508217963078,model::roberta_sentiment_profile,RoBERTa + Sentiment Profile,42
17307,1,4.734391950478312e-06,0,0.9790508217963078,model::roberta_sentiment_profile,RoBERTa + Sentiment Profile,42
9386,1,4.163514859101269e-06,0,0.9790508217963078,model::roberta_sentiment_profile,RoBERTa + Sentiment Profile,42
2510,0,3.7744530345662497e-06,0,0.9790508217963078,model::roberta_sentiment_profile,RoBERTa + Sentiment Profile,42
9672,0,3.220609141862951e-05,0,0.9790508217963078,model::roberta_sentiment_profile,RoBERTa + Sentiment Profile,42
2290,1,3.064785232709255e-06,0,0.9790508217963078,model::roberta_sentiment_profile,RoBERTa + Sentiment Profile,42
13123,1,4.583687768899836e-06,0,0.9790508217963078,model::roberta_sentiment_profile,RoBERTa + Sentiment Profile,42
1322,0,0.9998444318771362,1,0.9790508217963078,model::roberta_sentiment_profile,RoBERTa + Sentiment Profile,42
5841,1,4.569877546600765e-06,0,0.9790508217963078,model::roberta_sentiment_profile,RoBERTa + Sentiment Profile,42
9513,0,6.366413344949251e-06,0,0.9790508217963078,model::roberta_sentiment_profile,RoBERTa + Sentiment Profile,42
12211,1,6.477099304902367e-06,0,0.9790508217963078,model::roberta_sentiment_profile,RoBERTa + Sentiment Profile,42
21058,1,4.9135742301587015e-06,0,0.9790508217963078,model::roberta_sentiment_profile,RoBERTa + Sentiment Profile,42
10357,1,5.938896265433868e-06,0,0.9790508217963078,model::roberta_sentiment_profile,RoBERTa + Sentiment Profile,42
6183,1,6.284602477535373e-06,0,0.9790508217963078,model::roberta_sentiment_profile,RoBERTa + Sentiment Profile,42
18633,0,6.562898761330871e-06,0,0.9790508217963078,model::roberta_sentiment_profile,RoBERTa + Sentiment Profile,42
19725,0,4.8963552217173856e-06,0,0.9790508217963078,model::roberta_sentiment_profile,RoBERTa + Sentiment Profile,42
16923,0,3.817015112872468e-06,0,0.9790508217963078,model::roberta_sentiment_profile,RoBERTa + Sentiment Profile,42
13020,1,5.104626779939281e-06,0,0.9790508217963078,model::roberta_sentiment_profile,RoBERTa + Sentiment Profile,42
540,0,3.062068344661384e-06,0,0.9790508217963078,model::roberta_sentiment_profile,RoBERTa + Sentiment Profile,42
4871,1,4.924312179355184e-06,0,0.9790508217963078,model::roberta_sentiment_profile,RoBERTa + Sentiment Profile,42
8695,0,4.011118107882794e-06,0,0.9790508217963078,model::roberta_sentiment_profile,RoBERTa + Sentiment Profile,42
17258,0,3.719963842740981e-06,0,0.9790508217963078,model::roberta_sentiment_profile,RoBERTa + Sentiment Profile,42
6848,1,4.983403414371423e-06,0,0.9790508217963078,model::roberta_sentiment_profile,RoBERTa + Sentiment Profile,42
15205,1,3.719264896062669e-06,0,0.9790508217963078,model::roberta_sentiment_profile,RoBERTa + Sentiment Profile,42
11072,0,4.3080103750980925e-06,0,0.9790508217963078,model::roberta_sentiment_profile,RoBERTa + Sentiment Profile,42
13487,1,4.056349553138716e-06,0,0.9790508217963078,model::roberta_sentiment_profile,RoBERTa + Sentiment Profile,42
6640,1,2.010201023949776e-05,0,0.9790508217963078,model::roberta_sentiment_profile,RoBERTa + Sentiment Profile,42
6326,1,4.467859071155544e-06,0,0.9790508217963078,model::roberta_sentiment_profile,RoBERTa + Sentiment Profile,42
10867,1,1.133895966631826e-05,0,0.9790508217963078,model::roberta_sentiment_profile,RoBERTa + Sentiment Profile,42
8939,1,9.536711331747938e-06,0,0.9790508217963078,model::roberta_sentiment_profile,RoBERTa + Sentiment Profile,42
9486,0,3.4407560178806307e-06,0,0.9790508217963078,model::roberta_sentiment_profile,RoBERTa + Sentiment Profile,42
6563,1,3.877648850902915e-06,0,0.9790508217963078,model::roberta_sentiment_profile,RoBERTa + Sentiment Profile,42
20362,1,4.554454335448099e-06,0,0.9790508217963078,model::roberta_sentiment_profile,RoBERTa + Sentiment Profile,42
17141,0,3.7939844332868233e-06,0,0.9790508217963078,model::roberta_sentiment_profile,RoBERTa + Sentiment Profile,42
5695,0,2.522655677239527e-06,0,0.9790508217963078,model::roberta_sentiment_profile,RoBERTa + Sentiment Profile,42
19571,0,4.423224163474515e-05,0,0.9790508217963078,model::roberta_sentiment_profile,RoBERTa + Sentiment Profile,42
18271,1,4.608671588357538e-06,0,0.9790508217963078,model::roberta_sentiment_profile,RoBERTa + Sentiment Profile,42
9009,0,4.635564891941613e-06,0,0.9790508217963078,model::roberta_sentiment_profile,RoBERTa + Sentiment Profile,42
687,0,3.2856455618457403e-06,0,0.9790508217963078,model::roberta_sentiment_profile,RoBERTa + Sentiment Profile,42
7481,1,4.666930180974305e-06,0,0.9790508217963078,model::roberta_sentiment_profile,RoBERTa + Sentiment Profile,42
437,1,8.808658094494604e-06,0,0.9790508217963078,model::roberta_sentiment_profile,RoBERTa + Sentiment Profile,42
2543,1,4.282425834389869e-06,0,0.9790508217963078,model::roberta_sentiment_profile,RoBERTa + Sentiment Profile,42
1100,0,4.489697403187165e-06,0,0.9790508217963078,model::roberta_sentiment_profile,RoBERTa + Sentiment Profile,42
8900,0,0.9996397495269777,1,0.9790508217963078,model::roberta_sentiment_profile,RoBERTa + Sentiment Profile,42
18697,0,0.9999710321426392,1,0.9790508217963078,model::roberta_sentiment_profile,RoBERTa + Sentiment Profile,42
13305,1,7.307967734959675e-06,0,0.9790508217963078,model::roberta_sentiment_profile,RoBERTa + Sentiment Profile,42
17723,0,4.08224195780349e-06,0,0.9790508217963078,model::roberta_sentiment_profile,RoBERTa + Sentiment Profile,42
5755,0,5.528592737391591e-06,0,0.9790508217963078,model::roberta_sentiment_profile,RoBERTa + Sentiment Profile,42
1390,0,2.6900379452854395e-06,0,0.9790508217963078,model::roberta_sentiment_profile,RoBERTa + Sentiment Profile,42
3759,0,9.921923265210353e-06,0,0.9790508217963078,model::roberta_sentiment_profile,RoBERTa + Sentiment Profile,42
3392,0,3.870459750032751e-06,0,0.9790508217963078,model::roberta_sentiment_profile,RoBERTa + Sentiment Profile,42
11785,0,2.999737489517429e-06,0,0.9790508217963078,model::roberta_sentiment_profile,RoBERTa + Sentiment Profile,42
12707,0,2.6769557734951377e-06,0,0.9790508217963078,model::roberta_sentiment_profile,RoBERTa + Sentiment Profile,42
5593,0,2.164721627195832e-05,0,0.9790508217963078,model::roberta_sentiment_profile,RoBERTa + Sentiment Profile,42
19115,0,4.3831018956552725e-06,0,0.9790508217963078,model::roberta_sentiment_profile,RoBERTa + Sentiment Profile,42
6726,1,3.356605247972766e-06,0,0.9790508217963078,model::roberta_sentiment_profile,RoBERTa + Sentiment Profile,42
3046,1,3.923694293916924e-06,0,0.9790508217963078,model::roberta_sentiment_profile,RoBERTa + Sentiment Profile,42
301,0,3.442318529778277e-06,0,0.9790508217963078,model::roberta_sentiment_profile,RoBERTa + Sentiment Profile,42
8395,1,4.702909791376442e-06,0,0.9790508217963078,model::roberta_sentiment_profile,RoBERTa + Sentiment Profile,42
19689,0,3.171228172504925e-06,0,0.9790508217963078,model::roberta_sentiment_profile,RoBERTa + Sentiment Profile,42
7687,1,4.573430942400592e-06,0,0.9790508217963078,model::roberta_sentiment_profile,RoBERTa + Sentiment Profile,42
7664,0,3.3013027405104367e-06,0,0.9790508217963078,model::roberta_sentiment_profile,RoBERTa + Sentiment Profile,42
4550,1,3.7314155179046793e-06,0,0.9790508217963078,model::roberta_sentiment_profile,RoBERTa + Sentiment Profile,42
14612,1,5.373542080633342e-06,0,0.9790508217963078,model::roberta_sentiment_profile,RoBERTa + Sentiment Profile,42
17535,0,2.741357775448705e-06,0,0.9790508217963078,model::roberta_sentiment_profile,RoBERTa + Sentiment Profile,42
14500,0,4.341483872849494e-06,0,0.9790508217963078,model::roberta_sentiment_profile,RoBERTa + Sentiment Profile,42
11181,1,3.806335143963224e-06,0,0.9790508217963078,model::roberta_sentiment_profile,RoBERTa + Sentiment Profile,42
12882,1,3.918180664186366e-05,0,0.9790508217963078,model::roberta_sentiment_profile,RoBERTa + Sentiment Profile,42
14542,0,4.140319560974604e-06,0,0.9790508217963078,model::roberta_sentiment_profile,RoBERTa + Sentiment Profile,42
12856,1,7.581375484733144e-06,0,0.9790508217963078,model::roberta_sentiment_profile,RoBERTa + Sentiment Profile,42
16543,1,8.098370017251e-06,0,0.9790508217963078,model::roberta_sentiment_profile,RoBERTa + Sentiment Profile,42
12935,0,3.0697990496264538e-06,0,0.9790508217963078,model::roberta_sentiment_profile,RoBERTa + Sentiment Profile,42
20507,1,9.071802196558563e-06,0,0.9790508217963078,model::roberta_sentiment_profile,RoBERTa + Sentiment Profile,42
20281,1,7.566114163637394e-06,0,0.9790508217963078,model::roberta_sentiment_profile,RoBERTa + Sentiment Profile,42
11670,1,8.7376583906007e-06,0,0.9790508217963078,model::roberta_sentiment_profile,RoBERTa + Sentiment Profile,42
13377,0,6.812389619881287e-05,0,0.9790508217963078,model::roberta_sentiment_profile,RoBERTa + Sentiment Profile,42
16106,1,5.006085757486289e-06,0,0.9790508217963078,model::roberta_sentiment_profile,RoBERTa + Sentiment Profile,42
16093,0,2.908490841946332e-06,0,0.9790508217963078,model::roberta_sentiment_profile,RoBERTa + Sentiment Profile,42
17762,1,4.3807790461869445e-06,0,0.9790508217963078,model::roberta_sentiment_profile,RoBERTa + Sentiment Profile,42
3947,0,2.5005261704791337e-05,0,0.9790508217963078,model::roberta_sentiment_profile,RoBERTa + Sentiment Profile,42
4666,1,3.378872179382597e-06,0,0.9790508217963078,model::roberta_sentiment_profile,RoBERTa + Sentiment Profile,42
13764,0,3.3641654226812534e-06,0,0.9790508217963078,model::roberta_sentiment_profile,RoBERTa + Sentiment Profile,42
1338,0,2.714923994062701e-06,0,0.9790508217963078,model::roberta_sentiment_profile,RoBERTa + Sentiment Profile,42
15915,0,4.618902039510431e-06,0,0.9790508217963078,model::roberta_sentiment_profile,RoBERTa + Sentiment Profile,42
19418,1,9.75243019638583e-05,0,0.9790508217963078,model::roberta_sentiment_profile,RoBERTa + Sentiment Profile,42
5541,0,6.565008789038984e-06,0,0.9790508217963078,model::roberta_sentiment_profile,RoBERTa + Sentiment Profile,42
11345,1,4.6663340071972925e-06,0,0.9790508217963078,model::roberta_sentiment_profile,RoBERTa + Sentiment Profile,42
13047,1,5.83721748625976e-06,0,0.9790508217963078,model::roberta_sentiment_profile,RoBERTa + Sentiment Profile,42
10206,1,4.323617758927867e-06,0,0.9790508217963078,model::roberta_sentiment_profile,RoBERTa + Sentiment Profile,42
6940,1,5.319514457369223e-06,0,0.9790508217963078,model::roberta_sentiment_profile,RoBERTa + Sentiment Profile,42
11720,1,5.846147814736469e-06,0,0.9790508217963078,model::roberta_sentiment_profile,RoBERTa + Sentiment Profile,42
2120,0,4.76673494631541e-06,0,0.9790508217963078,model::roberta_sentiment_profile,RoBERTa + Sentiment Profile,42
21003,0,4.986845397070283e-06,0,0.9790508217963078,model::roberta_sentiment_profile,RoBERTa + Sentiment Profile,42
6534,1,3.783231932175113e-06,0,0.9790508217963078,model::roberta_sentiment_profile,RoBERTa + Sentiment Profile,42
20927,1,4.39287305198377e-06,0,0.9790508217963078,model::roberta_sentiment_profile,RoBERTa + Sentiment Profile,42
13107,0,0.99989116191864,1,0.9790508217963078,model::roberta_sentiment_profile,RoBERTa + Sentiment Profile,42
20603,0,0.9999001026153564,1,0.9790508217963078,model::roberta_sentiment_profile,RoBERTa + Sentiment Profile,42
9452,1,6.609334832319291e-06,0,0.9790508217963078,model::roberta_sentiment_profile,RoBERTa + Sentiment Profile,42
4005,0,0.0001315850968239,0,0.9790508217963078,model::roberta_sentiment_profile,RoBERTa + Sentiment Profile,42
2041,1,5.493474418472033e-06,0,0.9790508217963078,model::roberta_sentiment_profile,RoBERTa + Sentiment Profile,42
12589,1,4.112105216336204e-06,0,0.9790508217963078,model::roberta_sentiment_profile,RoBERTa + Sentiment Profile,42
99,1,1.1815657671832014e-05,0,0.9790508217963078,model::roberta_sentiment_profile,RoBERTa + Sentiment Profile,42
4646,0,8.404433174291626e-06,0,0.9790508217963078,model::roberta_sentiment_profile,RoBERTa + Sentiment Profile,42
1275,0,0.999975562095642,1,0.9790508217963078,model::roberta_sentiment_profile,RoBERTa + Sentiment Profile,42
9606,0,0.9998923540115356,1,0.9790508217963078,model::roberta_sentiment_profile,RoBERTa + Sentiment Profile,42
15552,0,0.9999885559082032,1,0.9790508217963078,model::roberta_sentiment_profile,RoBERTa + Sentiment Profile,42
15416,1,4.474992238101549e-06,0,0.9790508217963078,model::roberta_sentiment_profile,RoBERTa + Sentiment Profile,42
3899,1,4.197189809929114e-06,0,0.9790508217963078,model::roberta_sentiment_profile,RoBERTa + Sentiment Profile,42
9168,1,3.929899776267121e-06,0,0.9790508217963078,model::roberta_sentiment_profile,RoBERTa + Sentiment Profile,42
20325,1,6.668302830803441e-06,0,0.9790508217963078,model::roberta_sentiment_profile,RoBERTa + Sentiment Profile,42
19870,0,3.0667852115584537e-06,0,0.9790508217963078,model::roberta_sentiment_profile,RoBERTa + Sentiment Profile,42
1973,0,4.896653990726918e-06,0,0.9790508217963078,model::roberta_sentiment_profile,RoBERTa + Sentiment Profile,42
16233,1,4.109506335225888e-06,0,0.9790508217963078,model::roberta_sentiment_profile,RoBERTa + Sentiment Profile,42
8004,1,3.411874331504805e-06,0,0.9790508217963078,model::roberta_sentiment_profile,RoBERTa + Sentiment Profile,42
7704,1,4.03037893192959e-06,0,0.9790508217963078,model::roberta_sentiment_profile,RoBERTa + Sentiment Profile,42
14453,0,0.9999380111694336,1,0.9790508217963078,model::roberta_sentiment_profile,RoBERTa + Sentiment Profile,42
19283,1,4.954005362378666e-06,0,0.9790508217963078,model::roberta_sentiment_profile,RoBERTa + Sentiment Profile,42
13121,0,4.114042894798331e-06,0,0.9790508217963078,model::roberta_sentiment_profile,RoBERTa + Sentiment Profile,42
933,1,3.6269016163714696e-06,0,0.9790508217963078,model::roberta_sentiment_profile,RoBERTa + Sentiment Profile,42
16534,1,4.2404608393553644e-06,0,0.9790508217963078,model::roberta_sentiment_profile,RoBERTa + Sentiment Profile,42
13551,0,4.500015165831428e-06,0,0.9790508217963078,model::roberta_sentiment_profile,RoBERTa + Sentiment Profile,42
20584,0,3.201524350515683e-06,0,0.9790508217963078,model::roberta_sentiment_profile,RoBERTa + Sentiment Profile,42
8329,1,4.9689519983076025e-06,0,0.9790508217963078,model::roberta_sentiment_profile,RoBERTa + Sentiment Profile,42
442,1,4.758926479553338e-06,0,0.9790508217963078,model::roberta_sentiment_profile,RoBERTa + Sentiment Profile,42
9517,0,5.740136657550465e-06,0,0.9790508217963078,model::roberta_sentiment_profile,RoBERTa + Sentiment Profile,42
15277,0,4.14658643421717e-06,0,0.9790508217963078,model::roberta_sentiment_profile,RoBERTa + Sentiment Profile,42
8177,0,4.253376573615242e-06,0,0.9790508217963078,model::roberta_sentiment_profile,RoBERTa + Sentiment Profile,42
9740,0,4.134487880946836e-06,0,0.9790508217963078,model::roberta_sentiment_profile,RoBERTa + Sentiment Profile,42
18612,0,3.590983851609053e-06,0,0.9790508217963078,model::roberta_sentiment_profile,RoBERTa + Sentiment Profile,42
7065,1,3.939419457310578e-06,0,0.9790508217963078,model::roberta_sentiment_profile,RoBERTa + Sentiment Profile,42
17108,1,4.968383564118994e-06,0,0.9790508217963078,model::roberta_sentiment_profile,RoBERTa + Sentiment Profile,42
623,1,4.81367351312656e-06,0,0.9790508217963078,model::roberta_sentiment_profile,RoBERTa + Sentiment Profile,42
450,1,8.800563591648825e-06,0,0.9790508217963078,model::roberta_sentiment_profile,RoBERTa + Sentiment Profile,42
14789,1,8.047225492191501e-06,0,0.9790508217963078,model::roberta_sentiment_profile,RoBERTa + Sentiment Profile,42
20505,1,4.225383236189373e-06,0,0.9790508217963078,model::roberta_sentiment_profile,RoBERTa + Sentiment Profile,42
6836,1,6.288655185926473e-06,0,0.9790508217963078,model::roberta_sentiment_profile,RoBERTa + Sentiment Profile,42
1568,0,0.0149461030960083,0,0.9790508217963078,model::roberta_sentiment_profile,RoBERTa + Sentiment Profile,42
4933,0,0.0256880559027194,0,0.9790508217963078,model::roberta_sentiment_profile,RoBERTa + Sentiment Profile,42
1934,1,3.7239817629597374e-06,0,0.9790508217963078,model::roberta_sentiment_profile,RoBERTa + Sentiment Profile,42
3849,0,4.008479663752951e-06,0,0.9790508217963078,model::roberta_sentiment_profile,RoBERTa + Sentiment Profile,42
8418,1,3.807083203355433e-06,0,0.9790508217963078,model::roberta_sentiment_profile,RoBERTa + Sentiment Profile,42
11146,0,1.970405901374761e-05,0,0.9790508217963078,model::roberta_sentiment_profile,RoBERTa + Sentiment Profile,42
2858,0,3.1623460472474108e-06,0,0.9790508217963078,model::roberta_sentiment_profile,RoBERTa + Sentiment Profile,42
11360,0,5.797959602205083e-06,0,0.9790508217963078,model::roberta_sentiment_profile,RoBERTa + Sentiment Profile,42
6587,1,4.424110557010863e-06,0,0.9790508217963078,model::roberta_sentiment_profile,RoBERTa + Sentiment Profile,42
16519,0,4.991070454707369e-06,0,0.9790508217963078,model::roberta_sentiment_profile,RoBERTa + Sentiment Profile,42
4196,0,4.025300768262241e-06,0,0.9790508217963078,model::roberta_sentiment_profile,RoBERTa + Sentiment Profile,42
7775,1,5.276276624499587e-06,0,0.9790508217963078,model::roberta_sentiment_profile,RoBERTa + Sentiment Profile,42
16531,1,4.004685251857154e-06,0,0.9790508217963078,model::roberta_sentiment_profile,RoBERTa + Sentiment Profile,42
4179,0,0.9999918937683104,1,0.9790508217963078,model::roberta_sentiment_profile,RoBERTa + Sentiment Profile,42
12064,1,2.18516870518215e-05,0,0.9790508217963078,model::roberta_sentiment_profile,RoBERTa + Sentiment Profile,42
6925,0,5.057787802797975e-06,0,0.9790508217963078,model::roberta_sentiment_profile,RoBERTa + Sentiment Profile,42
14658,1,4.824151346838335e-06,0,0.9790508217963078,model::roberta_sentiment_profile,RoBERTa + Sentiment Profile,42
8300,1,7.465838734788122e-06,0,0.9790508217963078,model::roberta_sentiment_profile,RoBERTa + Sentiment Profile,42
7488,1,4.307012204662897e-06,0,0.9790508217963078,model::roberta_sentiment_profile,RoBERTa + Sentiment Profile,42
6391,1,3.744462674148963e-06,0,0.9790508217963078,model::roberta_sentiment_profile,RoBERTa + Sentiment Profile,42
2972,1,4.441998044057982e-06,0,0.9790508217963078,model::roberta_sentiment_profile,RoBERTa + Sentiment Profile,42
4309,1,4.92661365569802e-06,0,0.9790508217963078,model::roberta_sentiment_profile,RoBERTa + Sentiment Profile,42
14302,0,3.779240159929032e-06,0,0.9790508217963078,model::roberta_sentiment_profile,RoBERTa + Sentiment Profile,42
2721,0,3.619231165430392e-06,0,0.9790508217963078,model::roberta_sentiment_profile,RoBERTa + Sentiment Profile,42
9113,0,1.5120218449737877e-05,0,0.9790508217963078,model::roberta_sentiment_profile,RoBERTa + Sentiment Profile,42
5905,1,8.166719453583937e-06,0,0.9790508217963078,model::roberta_sentiment_profile,RoBERTa + Sentiment Profile,42
13630,1,3.922190444427542e-06,0,0.9790508217963078,model::roberta_sentiment_profile,RoBERTa + Sentiment Profile,42
11675,1,8.699560567038134e-06,0,0.9790508217963078,model::roberta_sentiment_profile,RoBERTa + Sentiment Profile,42
2821,1,3.4076792871928774e-06,0,0.9790508217963078,model::roberta_sentiment_profile,RoBERTa + Sentiment Profile,42
13740,0,4.699618784798076e-06,0,0.9790508217963078,model::roberta_sentiment_profile,RoBERTa + Sentiment Profile,42
10802,1,4.358708793006372e-06,0,0.9790508217963078,model::roberta_sentiment_profile,RoBERTa + Sentiment Profile,42
16566,1,5.698900622519432e-06,0,0.9790508217963078,model::roberta_sentiment_profile,RoBERTa + Sentiment Profile,42
13407,1,3.886356353177689e-06,0,0.9790508217963078,model::roberta_sentiment_profile,RoBERTa + Sentiment Profile,42
21118,0,4.402817012305604e-06,0,0.9790508217963078,model::roberta_sentiment_profile,RoBERTa + Sentiment Profile,42
10513,1,4.314103080105269e-06,0,0.9790508217963078,model::roberta_sentiment_profile,RoBERTa + Sentiment Profile,42
9566,0,9.997184861276764e-06,0,0.9790508217963078,model::roberta_sentiment_profile,RoBERTa + Sentiment Profile,42
13783,1,3.8128421238070574e-06,0,0.9790508217963078,model::roberta_sentiment_profile,RoBERTa + Sentiment Profile,42
560,1,4.4731573325407226e-06,0,0.9790508217963078,model::roberta_sentiment_profile,RoBERTa + Sentiment Profile,42
17002,1,5.904965291847475e-06,0,0.9790508217963078,model::roberta_sentiment_profile,RoBERTa + Sentiment Profile,42
5175,1,6.373149972205283e-06,0,0.9790508217963078,model::roberta_sentiment_profile,RoBERTa + Sentiment Profile,42
5690,1,4.0656523196958005e-06,0,0.9790508217963078,model::roberta_sentiment_profile,RoBERTa + Sentiment Profile,42
15444,1,3.614195293266675e-06,0,0.9790508217963078,model::roberta_sentiment_profile,RoBERTa + Sentiment Profile,42
10214,1,3.691986421472393e-06,0,0.9790508217963078,model::roberta_sentiment_profile,RoBERTa + Sentiment Profile,42
3049,1,4.168739451415604e-06,0,0.9790508217963078,model::roberta_sentiment_profile,RoBERTa + Sentiment Profile,42
2883,0,3.862451194436289e-06,0,0.9790508217963078,model::roberta_sentiment_profile,RoBERTa + Sentiment Profile,42
975,1,4.309201813157415e-06,0,0.9790508217963078,model::roberta_sentiment_profile,RoBERTa + Sentiment Profile,42
71,0,5.805628461530432e-06,0,0.9790508217963078,model::roberta_sentiment_profile,RoBERTa + Sentiment Profile,42
4599,1,4.419257493282203e-06,0,0.9790508217963078,model::roberta_sentiment_profile,RoBERTa + Sentiment Profile,42
18275,0,1.1738387001969386e-05,0,0.9790508217963078,model::roberta_sentiment_profile,RoBERTa + Sentiment Profile,42
17571,1,4.877690116700251e-06,0,0.9790508217963078,model::roberta_sentiment_profile,RoBERTa + Sentiment Profile,42
8416,0,3.1105025755095994e-06,0,0.9790508217963078,model::roberta_sentiment_profile,RoBERTa + Sentiment Profile,42
3943,0,5.291827619657852e-06,0,0.9790508217963078,model::roberta_sentiment_profile,RoBERTa + Sentiment Profile,42
5303,0,5.945112661720486e-06,0,0.9790508217963078,model::roberta_sentiment_profile,RoBERTa + Sentiment Profile,42
16788,1,0.0001331983221461,0,0.9790508217963078,model::roberta_sentiment_profile,RoBERTa + Sentiment Profile,42
18501,0,5.453302492242074e-06,0,0.9790508217963078,model::roberta_sentiment_profile,RoBERTa + Sentiment Profile,42
2130,1,4.262655238562729e-06,0,0.9790508217963078,model::roberta_sentiment_profile,RoBERTa + Sentiment Profile,42
17344,1,5.626569873129483e-06,0,0.9790508217963078,model::roberta_sentiment_profile,RoBERTa + Sentiment Profile,42
19397,1,4.268269094609423e-06,0,0.9790508217963078,model::roberta_sentiment_profile,RoBERTa + Sentiment Profile,42
19239,1,4.68316375190625e-06,0,0.9790508217963078,model::roberta_sentiment_profile,RoBERTa + Sentiment Profile,42
17745,0,5.624965524475556e-06,0,0.9790508217963078,model::roberta_sentiment_profile,RoBERTa + Sentiment Profile,42
18320,0,0.0041432897560298,0,0.9790508217963078,model::roberta_sentiment_profile,RoBERTa + Sentiment Profile,42
1295,1,3.350289262016304e-06,0,0.9790508217963078,model::roberta_sentiment_profile,RoBERTa + Sentiment Profile,42
16517,0,4.297563009458827e-06,0,0.9790508217963078,model::roberta_sentiment_profile,RoBERTa + Sentiment Profile,42
14688,1,4.682422513724305e-06,0,0.9790508217963078,model::roberta_sentiment_profile,RoBERTa + Sentiment Profile,42
14603,1,4.194521352474112e-06,0,0.9790508217963078,model::roberta_sentiment_profile,RoBERTa + Sentiment Profile,42
6744,1,3.5385287446842995e-06,0,0.9790508217963078,model::roberta_sentiment_profile,RoBERTa + Sentiment Profile,42
6995,1,4.596316102833953e-06,0,0.9790508217963078,model::roberta_sentiment_profile,RoBERTa + Sentiment Profile,42
17663,1,4.877875653619412e-06,0,0.9790508217963078,model::roberta_sentiment_profile,RoBERTa + Sentiment Profile,42
4851,1,4.139261363889091e-06,0,0.9790508217963078,model::roberta_sentiment_profile,RoBERTa + Sentiment Profile,42
958,1,3.6374244700709824e-06,0,0.9790508217963078,model::roberta_sentiment_profile,RoBERTa + Sentiment Profile,42
19857,0,4.60298360849265e-06,0,0.9790508217963078,model::roberta_sentiment_profile,RoBERTa + Sentiment Profile,42
349,1,5.341368705558125e-06,0,0.9790508217963078,model::roberta_sentiment_profile,RoBERTa + Sentiment Profile,42
16537,1,4.531483682512771e-06,0,0.9790508217963078,model::roberta_sentiment_profile,RoBERTa + Sentiment Profile,42
2859,0,2.897621698139119e-06,0,0.9790508217963078,model::roberta_sentiment_profile,RoBERTa + Sentiment Profile,42
1002,1,3.687728622026043e-06,0,0.9790508217963078,model::roberta_sentiment_profile,RoBERTa + Sentiment Profile,42
19216,1,5.570741905103205e-06,0,0.9790508217963078,model::roberta_sentiment_profile,RoBERTa + Sentiment Profile,42
8488,0,3.994630333181704e-06,0,0.9790508217963078,model::roberta_sentiment_profile,RoBERTa + Sentiment Profile,42
10341,1,4.650273695006035e-06,0,0.9790508217963078,model::roberta_sentiment_profile,RoBERTa + Sentiment Profile,42
5760,1,4.555158284347272e-06,0,0.9790508217963078,model::roberta_sentiment_profile,RoBERTa + Sentiment Profile,42
20532,0,3.171403704982368e-06,0,0.9790508217963078,model::roberta_sentiment_profile,RoBERTa + Sentiment Profile,42
3037,1,4.107010681764223e-06,0,0.9790508217963078,model::roberta_sentiment_profile,RoBERTa + Sentiment Profile,42
13980,0,4.1360221985087264e-06,0,0.9790508217963078,model::roberta_sentiment_profile,RoBERTa + Sentiment Profile,42
3036,1,4.498372163652675e-06,0,0.9790508217963078,model::roberta_sentiment_profile,RoBERTa + Sentiment Profile,42
21108,0,4.0637178244651295e-06,0,0.9790508217963078,model::roberta_sentiment_profile,RoBERTa + Sentiment Profile,42
12034,0,5.381850769481389e-06,0,0.9790508217963078,model::roberta_sentiment_profile,RoBERTa + Sentiment Profile,42
240,1,3.575988102966221e-06,0,0.9790508217963078,model::roberta_sentiment_profile,RoBERTa + Sentiment Profile,42
15026,0,3.800060312642018e-06,0,0.9790508217963078,model::roberta_sentiment_profile,RoBERTa + Sentiment Profile,42
5678,1,3.913947239198024e-06,0,0.9790508217963078,model::roberta_sentiment_profile,RoBERTa + Sentiment Profile,42
4760,1,3.8802422750450205e-06,0,0.9790508217963078,model::roberta_sentiment_profile,RoBERTa + Sentiment Profile,42
19464,0,6.027668860042468e-06,0,0.9790508217963078,model::roberta_sentiment_profile,RoBERTa + Sentiment Profile,42
5420,1,1.0791006388899405e-05,0,0.9790508217963078,model::roberta_sentiment_profile,RoBERTa + Sentiment Profile,42
12307,0,3.350963424963993e-06,0,0.9790508217963078,model::roberta_sentiment_profile,RoBERTa + Sentiment Profile,42
14776,1,4.3899708543904126e-06,0,0.9790508217963078,model::roberta_sentiment_profile,RoBERTa + Sentiment Profile,42
7210,1,1.4421331798075698e-05,0,0.9790508217963078,model::roberta_sentiment_profile,RoBERTa + Sentiment Profile,42
19302,0,4.504493517742958e-06,0,0.9790508217963078,model::roberta_sentiment_profile,RoBERTa + Sentiment Profile,42
7499,0,3.5345960895938333e-06,0,0.9790508217963078,model::roberta_sentiment_profile,RoBERTa + Sentiment Profile,42
11150,1,7.217972779471893e-06,0,0.9790508217963078,model::roberta_sentiment_profile,RoBERTa + Sentiment Profile,42
4167,1,4.5139199755794834e-06,0,0.9790508217963078,model::roberta_sentiment_profile,RoBERTa + Sentiment Profile,42
1192,0,3.325697662148741e-06,0,0.9790508217963078,model::roberta_sentiment_profile,RoBERTa + Sentiment Profile,42
15361,1,1.3130113075021654e-05,0,0.9790508217963078,model::roberta_sentiment_profile,RoBERTa + Sentiment Profile,42
7651,0,3.446322580202832e-06,0,0.9790508217963078,model::roberta_sentiment_profile,RoBERTa + Sentiment Profile,42
15504,0,3.7876177430007374e-06,0,0.9790508217963078,model::roberta_sentiment_profile,RoBERTa + Sentiment Profile,42
14752,0,3.317439450256643e-06,0,0.9790508217963078,model::roberta_sentiment_profile,RoBERTa + Sentiment Profile,42
2178,1,3.365064003446605e-06,0,0.9790508217963078,model::roberta_sentiment_profile,RoBERTa + Sentiment Profile,42
18332,0,0.9999923706054688,1,0.9790508217963078,model::roberta_sentiment_profile,RoBERTa + Sentiment Profile,42
13009,0,1.066642926161876e-05,0,0.9790508217963078,model::roberta_sentiment_profile,RoBERTa + Sentiment Profile,42
8134,0,7.878841643105261e-06,0,0.9790508217963078,model::roberta_sentiment_profile,RoBERTa + Sentiment Profile,42
20680,0,3.605574875109596e-06,0,0.9790508217963078,model::roberta_sentiment_profile,RoBERTa + Sentiment Profile,42
5438,0,0.0173231177031993,0,0.9790508217963078,model::roberta_sentiment_profile,RoBERTa + Sentiment Profile,42
1743,1,7.656585694348905e-06,0,0.9790508217963078,model::roberta_sentiment_profile,RoBERTa + Sentiment Profile,42
6833,1,3.968673809140455e-06,0,0.9790508217963078,model::roberta_sentiment_profile,RoBERTa + Sentiment Profile,42
5762,0,6.117641987657407e-06,0,0.9790508217963078,model::roberta_sentiment_profile,RoBERTa + Sentiment Profile,42
2603,1,4.729788543045288e-06,0,0.9790508217963078,model::roberta_sentiment_profile,RoBERTa + Sentiment Profile,42
16252,0,0.0003231310693081,0,0.9790508217963078,model::roberta_sentiment_profile,RoBERTa + Sentiment Profile,42
11280,1,4.536577307590051e-06,0,0.9790508217963078,model::roberta_sentiment_profile,RoBERTa + Sentiment Profile,42
20734,1,3.747710024981643e-06,0,0.9790508217963078,model::roberta_sentiment_profile,RoBERTa + Sentiment Profile,42
18310,0,0.9999933242797852,1,0.9790508217963078,model::roberta_sentiment_profile,RoBERTa + Sentiment Profile,42
2826,1,4.6784139158262406e-06,0,0.9790508217963078,model::roberta_sentiment_profile,RoBERTa + Sentiment Profile,42
9081,0,5.463046818476869e-06,0,0.9790508217963078,model::roberta_sentiment_profile,RoBERTa + Sentiment Profile,42
11562,0,3.877656126860529e-06,0,0.9790508217963078,model::roberta_sentiment_profile,RoBERTa + Sentiment Profile,42
19919,0,3.488829406705918e-06,0,0.9790508217963078,model::roberta_sentiment_profile,RoBERTa + Sentiment Profile,42
2044,0,2.127409061358776e-05,0,0.9790508217963078,model::roberta_sentiment_profile,RoBERTa + Sentiment Profile,42
11372,1,5.322366178006632e-06,0,0.9790508217963078,model::roberta_sentiment_profile,RoBERTa + Sentiment Profile,42
3645,0,8.013026672415435e-06,0,0.9790508217963078,model::roberta_sentiment_profile,RoBERTa + Sentiment Profile,42
18497,0,2.877804490708513e-06,0,0.9790508217963078,model::roberta_sentiment_profile,RoBERTa + Sentiment Profile,42
9128,1,4.497303962125443e-06,0,0.9790508217963078,model::roberta_sentiment_profile,RoBERTa + Sentiment Profile,42
16396,0,2.476478812241112e-06,0,0.9790508217963078,model::roberta_sentiment_profile,RoBERTa + Sentiment Profile,42
10989,0,4.1892603803717066e-06,0,0.9790508217963078,model::roberta_sentiment_profile,RoBERTa + Sentiment Profile,42
10863,1,3.5228749766247347e-06,0,0.9790508217963078,model::roberta_sentiment_profile,RoBERTa + Sentiment Profile,42
15927,1,3.451401198617532e-06,0,0.9790508217963078,model::roberta_sentiment_profile,RoBERTa + Sentiment Profile,42
8657,0,4.025032012577867e-06,0,0.9790508217963078,model::roberta_sentiment_profile,RoBERTa + Sentiment Profile,42
15322,0,5.419836270448286e-06,0,0.9790508217963078,model::roberta_sentiment_profile,RoBERTa + Sentiment Profile,42
356,1,5.733648322348017e-06,0,0.9790508217963078,model::roberta_sentiment_profile,RoBERTa + Sentiment Profile,42
1379,0,3.504422238620464e-06,0,0.9790508217963078,model::roberta_sentiment_profile,RoBERTa + Sentiment Profile,42
18572,1,2.948606834252132e-06,0,0.9790508217963078,model::roberta_sentiment_profile,RoBERTa + Sentiment Profile,42
4491,1,3.878673396684462e-06,0,0.9790508217963078,model::roberta_sentiment_profile,RoBERTa + Sentiment Profile,42
11479,1,4.368937879917212e-06,0,0.9790508217963078,model::roberta_sentiment_profile,RoBERTa + Sentiment Profile,42
1809,1,4.253222414263291e-06,0,0.9790508217963078,model::roberta_sentiment_profile,RoBERTa + Sentiment Profile,42
7043,0,3.431862069191993e-06,0,0.9790508217963078,model::roberta_sentiment_profile,RoBERTa + Sentiment Profile,42
1571,1,4.666418135457207e-06,0,0.9790508217963078,model::roberta_sentiment_profile,RoBERTa + Sentiment Profile,42
12700,0,2.789346353893052e-06,0,0.9790508217963078,model::roberta_sentiment_profile,RoBERTa + Sentiment Profile,42
4120,1,5.181098458706401e-06,0,0.9790508217963078,model::roberta_sentiment_profile,RoBERTa + Sentiment Profile,42
8406,0,1.4171211660141124e-05,0,0.9790508217963078,model::roberta_sentiment_profile,RoBERTa + Sentiment Profile,42
7007,0,4.391825768834679e-06,0,0.9790508217963078,model::roberta_sentiment_profile,RoBERTa + Sentiment Profile,42
17529,1,8.121317478071433e-06,0,0.9790508217963078,model::roberta_sentiment_profile,RoBERTa + Sentiment Profile,42
16354,1,3.674917934404221e-06,0,0.9790508217963078,model::roberta_sentiment_profile,RoBERTa + Sentiment Profile,42
2532,1,4.720154720416758e-06,0,0.9790508217963078,model::roberta_sentiment_profile,RoBERTa + Sentiment Profile,42
5685,0,3.835215920844348e-06,0,0.9790508217963078,model::roberta_sentiment_profile,RoBERTa + Sentiment Profile,42
2546,0,7.038462172204163e-06,0,0.9790508217963078,model::roberta_sentiment_profile,RoBERTa + Sentiment Profile,42
10159,1,3.998480224254308e-06,0,0.9790508217963078,model::roberta_sentiment_profile,RoBERTa + Sentiment Profile,42
12958,1,4.490297214942984e-06,0,0.9790508217963078,model::roberta_sentiment_profile,RoBERTa + Sentiment Profile,42
18460,1,6.861052952444879e-06,0,0.9790508217963078,model::roberta_sentiment_profile,RoBERTa + Sentiment Profile,42
2067,0,2.8996785204071784e-06,0,0.9790508217963078,model::roberta_sentiment_profile,RoBERTa + Sentiment Profile,42
12297,0,3.808640940405894e-06,0,0.9790508217963078,model::roberta_sentiment_profile,RoBERTa + Sentiment Profile,42
19561,0,4.244142473908141e-06,0,0.9790508217963078,model::roberta_sentiment_profile,RoBERTa + Sentiment Profile,42
8142,1,5.725714345317101e-06,0,0.9790508217963078,model::roberta_sentiment_profile,RoBERTa + Sentiment Profile,42
922,0,2.9340769742702832e-06,0,0.9790508217963078,model::roberta_sentiment_profile,RoBERTa + Sentiment Profile,42
3496,0,4.224142230668804e-06,0,0.9790508217963078,model::roberta_sentiment_profile,RoBERTa + Sentiment Profile,42
5346,0,3.688230935949832e-05,0,0.9790508217963078,model::roberta_sentiment_profile,RoBERTa + Sentiment Profile,42
19890,1,4.164634901826503e-06,0,0.9790508217963078,model::roberta_sentiment_profile,RoBERTa + Sentiment Profile,42
16429,0,3.946586730307899e-06,0,0.9790508217963078,model::roberta_sentiment_profile,RoBERTa + Sentiment Profile,42
10869,0,0.003964350093156,0,0.9790508217963078,model::roberta_sentiment_profile,RoBERTa + Sentiment Profile,42
8273,1,3.80637175112497e-06,0,0.9790508217963078,model::roberta_sentiment_profile,RoBERTa + Sentiment Profile,42
10339,1,5.901047188672237e-06,0,0.9790508217963078,model::roberta_sentiment_profile,RoBERTa + Sentiment Profile,42
9749,0,3.443188688834198e-06,0,0.9790508217963078,model::roberta_sentiment_profile,RoBERTa + Sentiment Profile,42
17167,0,5.01892600368592e-06,0,0.9790508217963078,model::roberta_sentiment_profile,RoBERTa + Sentiment Profile,42
5026,1,4.3334839574527e-06,0,0.9790508217963078,model::roberta_sentiment_profile,RoBERTa + Sentiment Profile,42
10248,0,3.689487584779272e-06,0,0.9790508217963078,model::roberta_sentiment_profile,RoBERTa + Sentiment Profile,42
14065,0,0.4115119576454162,0,0.9790508217963078,model::roberta_sentiment_profile,RoBERTa + Sentiment Profile,42
6297,1,3.9443516470782924e-06,0,0.9790508217963078,model::roberta_sentiment_profile,RoBERTa + Sentiment Profile,42
16078,1,3.729099489646616e-06,0,0.9790508217963078,model::roberta_sentiment_profile,RoBERTa + Sentiment Profile,42
16743,0,6.22429934082902e-06,0,0.9790508217963078,model::roberta_sentiment_profile,RoBERTa + Sentiment Profile,42
8902,0,1.0080072570417542e-05,0,0.9790508217963078,model::roberta_sentiment_profile,RoBERTa + Sentiment Profile,42
14127,1,5.720223271055147e-06,0,0.9790508217963078,model::roberta_sentiment_profile,RoBERTa + Sentiment Profile,42
5936,0,9.012147529574577e-06,0,0.9790508217963078,model::roberta_sentiment_profile,RoBERTa + Sentiment Profile,42
20673,0,2.6678264930524165e-06,0,0.9790508217963078,model::roberta_sentiment_profile,RoBERTa + Sentiment Profile,42
13323,0,4.297440227674088e-06,0,0.9790508217963078,model::roberta_sentiment_profile,RoBERTa + Sentiment Profile,42
7763,1,7.585671482956968e-06,0,0.9790508217963078,model::roberta_sentiment_profile,RoBERTa + Sentiment Profile,42
18230,1,3.7169461393204975e-06,0,0.9790508217963078,model::roberta_sentiment_profile,RoBERTa + Sentiment Profile,42
11361,1,5.107714059704449e-06,0,0.9790508217963078,model::roberta_sentiment_profile,RoBERTa + Sentiment Profile,42
9224,1,4.452796474652132e-06,0,0.9790508217963078,model::roberta_sentiment_profile,RoBERTa + Sentiment Profile,42
17556,1,0.0002732325228862,0,0.9790508217963078,model::roberta_sentiment_profile,RoBERTa + Sentiment Profile,42
3794,1,3.324413683003513e-06,0,0.9790508217963078,model::roberta_sentiment_profile,RoBERTa + Sentiment Profile,42
3683,0,2.712041350605432e-06,0,0.9790508217963078,model::roberta_sentiment_profile,RoBERTa + Sentiment Profile,42
8623,1,4.11144674217212e-06,0,0.9790508217963078,model::roberta_sentiment_profile,RoBERTa + Sentiment Profile,42
7348,1,3.168169087075512e-06,0,0.9790508217963078,model::roberta_sentiment_profile,RoBERTa + Sentiment Profile,42
17574,0,5.838064225827111e-06,0,0.9790508217963078,model::roberta_sentiment_profile,RoBERTa + Sentiment Profile,42
19168,0,0.0004269440833013,0,0.9790508217963078,model::roberta_sentiment_profile,RoBERTa + Sentiment Profile,42
6346,0,4.362301297078375e-06,0,0.9790508217963078,model::roberta_sentiment_profile,RoBERTa + Sentiment Profile,42
2109,0,0.9999940395355223,1,0.9790508217963078,model::roberta_sentiment_profile,RoBERTa + Sentiment Profile,42
5736,1,5.297554253047565e-06,0,0.9790508217963078,model::roberta_sentiment_profile,RoBERTa + Sentiment Profile,42
3677,0,3.2378729883930646e-06,0,0.9790508217963078,model::roberta_sentiment_profile,RoBERTa + Sentiment Profile,42
14181,0,4.000791705038864e-06,0,0.9790508217963078,model::roberta_sentiment_profile,RoBERTa + Sentiment Profile,42
16696,0,5.68112955079414e-06,0,0.9790508217963078,model::roberta_sentiment_profile,RoBERTa + Sentiment Profile,42
18115,0,9.439837413083296e-06,0,0.9790508217963078,model::roberta_sentiment_profile,RoBERTa + Sentiment Profile,42
1098,1,3.074039705097675e-05,0,0.9790508217963078,model::roberta_sentiment_profile,RoBERTa + Sentiment Profile,42
5422,0,3.626759962571669e-06,0,0.9790508217963078,model::roberta_sentiment_profile,RoBERTa + Sentiment Profile,42
703,0,5.80875166633632e-06,0,0.9790508217963078,model::roberta_sentiment_profile,RoBERTa + Sentiment Profile,42
12024,1,7.175975497375475e-06,0,0.9790508217963078,model::roberta_sentiment_profile,RoBERTa + Sentiment Profile,42
19715,1,8.894133316061925e-06,0,0.9790508217963078,model::roberta_sentiment_profile,RoBERTa + Sentiment Profile,42
16386,1,3.856308012473164e-06,0,0.9790508217963078,model::roberta_sentiment_profile,RoBERTa + Sentiment Profile,42
18231,1,6.444733116950374e-06,0,0.9790508217963078,model::roberta_sentiment_profile,RoBERTa + Sentiment Profile,42
8966,1,4.20057358496706e-06,0,0.9790508217963078,model::roberta_sentiment_profile,RoBERTa + Sentiment Profile,42
19704,1,6.663655767624732e-06,0,0.9790508217963078,model::roberta_sentiment_profile,RoBERTa + Sentiment Profile,42
11636,0,4.487124442675849e-06,0,0.9790508217963078,model::roberta_sentiment_profile,RoBERTa + Sentiment Profile,42
10984,1,4.049303697684081e-06,0,0.9790508217963078,model::roberta_sentiment_profile,RoBERTa + Sentiment Profile,42
9195,1,3.443970172156696e-06,0,0.9790508217963078,model::roberta_sentiment_profile,RoBERTa + Sentiment Profile,42
1893,1,7.070513220241992e-06,0,0.9790508217963078,model::roberta_sentiment_profile,RoBERTa + Sentiment Profile,42
11198,1,7.975622793310322e-06,0,0.9790508217963078,model::roberta_sentiment_profile,RoBERTa + Sentiment Profile,42
433,0,1.591405271028634e-05,0,0.9790508217963078,model::roberta_sentiment_profile,RoBERTa + Sentiment Profile,42
18411,1,4.297648956708144e-06,0,0.9790508217963078,model::roberta_sentiment_profile,RoBERTa + Sentiment Profile,42
11101,0,3.007944769706228e-06,0,0.9790508217963078,model::roberta_sentiment_profile,RoBERTa + Sentiment Profile,42
11375,0,5.031251930631697e-06,0,0.9790508217963078,model::roberta_sentiment_profile,RoBERTa + Sentiment Profile,42
1442,1,3.494713610052713e-06,0,0.9790508217963078,model::roberta_sentiment_profile,RoBERTa + Sentiment Profile,42
10872,0,5.170500571693992e-06,0,0.9790508217963078,model::roberta_sentiment_profile,RoBERTa + Sentiment Profile,42
17480,0,4.990156412532087e-06,0,0.9790508217963078,model::roberta_sentiment_profile,RoBERTa + Sentiment Profile,42
9183,0,1.4542035387421492e-05,0,0.9790508217963078,model::roberta_sentiment_profile,RoBERTa + Sentiment Profile,42
13866,1,3.99367445425014e-06,0,0.9790508217963078,model::roberta_sentiment_profile,RoBERTa + Sentiment Profile,42
5929,0,2.1472820662893355e-05,0,0.9790508217963078,model::roberta_sentiment_profile,RoBERTa + Sentiment Profile,42
10569,1,1.5645817256881855e-05,0,0.9790508217963078,model::roberta_sentiment_profile,RoBERTa + Sentiment Profile,42
6481,1,3.160751248287852e-06,0,0.9790508217963078,model::roberta_sentiment_profile,RoBERTa + Sentiment Profile,42
5854,0,3.179283112331177e-06,0,0.9790508217963078,model::roberta_sentiment_profile,RoBERTa + Sentiment Profile,42
5637,0,4.967204404238146e-06,0,0.9790508217963078,model::roberta_sentiment_profile,RoBERTa + Sentiment Profile,42
21022,0,3.7410609365906566e-06,0,0.9790508217963078,model::roberta_sentiment_profile,RoBERTa + Sentiment Profile,42
20695,0,0.0002913275384344,0,0.9790508217963078,model::roberta_sentiment_profile,RoBERTa + Sentiment Profile,42
6808,1,4.112873739359202e-06,0,0.9790508217963078,model::roberta_sentiment_profile,RoBERTa + Sentiment Profile,42
1191,1,3.360901018822915e-06,0,0.9790508217963078,model::roberta_sentiment_profile,RoBERTa + Sentiment Profile,42
17878,0,5.069324288342614e-06,0,0.9790508217963078,model::roberta_sentiment_profile,RoBERTa + Sentiment Profile,42
11825,1,4.673588591685984e-06,0,0.9790508217963078,model::roberta_sentiment_profile,RoBERTa + Sentiment Profile,42
19889,1,4.093399184057489e-06,0,0.9790508217963078,model::roberta_sentiment_profile,RoBERTa + Sentiment Profile,42
10247,0,3.2323598588845925e-06,0,0.9790508217963078,model::roberta_sentiment_profile,RoBERTa + Sentiment Profile,42
3557,1,4.939834070682991e-06,0,0.9790508217963078,model::roberta_sentiment_profile,RoBERTa + Sentiment Profile,42
7942,0,0.0001106271010939,0,0.9790508217963078,model::roberta_sentiment_profile,RoBERTa + Sentiment Profile,42
6347,0,7.185172307799803e-06,0,0.9790508217963078,model::roberta_sentiment_profile,RoBERTa + Sentiment Profile,42
10139,1,1.4091190678300336e-05,0,0.9790508217963078,model::roberta_sentiment_profile,RoBERTa + Sentiment Profile,42
13933,0,3.329108949401416e-06,0,0.9790508217963078,model::roberta_sentiment_profile,RoBERTa + Sentiment Profile,42
15745,1,3.593032261051121e-06,0,0.9790508217963078,model::roberta_sentiment_profile,RoBERTa + Sentiment Profile,42
5715,1,5.159668944543228e-06,0,0.9790508217963078,model::roberta_sentiment_profile,RoBERTa + Sentiment Profile,42
17278,0,5.111563950777054e-06,0,0.9790508217963078,model::roberta_sentiment_profile,RoBERTa + Sentiment Profile,42
11436,0,5.345919817045797e-06,0,0.9790508217963078,model::roberta_sentiment_profile,RoBERTa + Sentiment Profile,42
4647,0,4.848009211855242e-06,0,0.9790508217963078,model::roberta_sentiment_profile,RoBERTa + Sentiment Profile,42
15980,0,4.887090199190425e-06,0,0.9790508217963078,model::roberta_sentiment_profile,RoBERTa + Sentiment Profile,42
18355,0,6.395402579073561e-06,0,0.9790508217963078,model::roberta_sentiment_profile,RoBERTa + Sentiment Profile,42
16337,0,4.874327714787796e-06,0,0.9790508217963078,model::roberta_sentiment_profile,RoBERTa + Sentiment Profile,42
2361,0,4.544449438981246e-06,0,0.9790508217963078,model::roberta_sentiment_profile,RoBERTa + Sentiment Profile,42
4623,1,3.5344586649443954e-05,0,0.9790508217963078,model::roberta_sentiment_profile,RoBERTa + Sentiment Profile,42
20871,0,6.364242290146649e-05,0,0.9790508217963078,model::roberta_sentiment_profile,RoBERTa + Sentiment Profile,42
16550,1,4.657379577110987e-06,0,0.9790508217963078,model::roberta_sentiment_profile,RoBERTa + Sentiment Profile,42
15950,1,5.062367563368753e-06,0,0.9790508217963078,model::roberta_sentiment_profile,RoBERTa + Sentiment Profile,42
2200,0,4.909854851575801e-06,0,0.9790508217963078,model::roberta_sentiment_profile,RoBERTa + Sentiment Profile,42
19326,1,4.781609277415555e-06,0,0.9790508217963078,model::roberta_sentiment_profile,RoBERTa + Sentiment Profile,42
4522,0,0.0031464546918869,0,0.9790508217963078,model::roberta_sentiment_profile,RoBERTa + Sentiment Profile,42
18987,1,3.740475904123741e-06,0,0.9790508217963078,model::roberta_sentiment_profile,RoBERTa + Sentiment Profile,42
10913,0,3.61967636308691e-06,0,0.9790508217963078,model::roberta_sentiment_profile,RoBERTa + Sentiment Profile,42
18340,0,5.346368197933771e-06,0,0.9790508217963078,model::roberta_sentiment_profile,RoBERTa + Sentiment Profile,42
14800,0,3.787119339904166e-06,0,0.9790508217963078,model::roberta_sentiment_profile,RoBERTa + Sentiment Profile,42
2248,1,3.275927838330972e-06,0,0.9790508217963078,model::roberta_sentiment_profile,RoBERTa + Sentiment Profile,42
14467,0,6.537144599860767e-06,0,0.9790508217963078,model::roberta_sentiment_profile,RoBERTa + Sentiment Profile,42
78,1,5.577003776124911e-06,0,0.9790508217963078,model::roberta_sentiment_profile,RoBERTa + Sentiment Profile,42
4625,0,0.0001973206090042,0,0.9790508217963078,model::roberta_sentiment_profile,RoBERTa + Sentiment Profile,42
4323,1,4.907144102617167e-06,0,0.9790508217963078,model::roberta_sentiment_profile,RoBERTa + Sentiment Profile,42
4510,0,0.0054589039646089,0,0.9790508217963078,model::roberta_sentiment_profile,RoBERTa + Sentiment Profile,42
293,1,3.856466264551273e-06,0,0.9790508217963078,model::roberta_sentiment_profile,RoBERTa + Sentiment Profile,42
1271,0,3.825816293101525e-06,0,0.9790508217963078,model::roberta_sentiment_profile,RoBERTa + Sentiment Profile,42
5374,0,3.5860148273059167e-06,0,0.9790508217963078,model::roberta_sentiment_profile,RoBERTa + Sentiment Profile,42
14898,1,3.8030768791941215e-06,0,0.9790508217963078,model::roberta_sentiment_profile,RoBERTa + Sentiment Profile,42
5107,1,4.695739335147664e-06,0,0.9790508217963078,model::roberta_sentiment_profile,RoBERTa + Sentiment Profile,42
573,1,3.690469384309836e-06,0,0.9790508217963078,model::roberta_sentiment_profile,RoBERTa + Sentiment Profile,42
19652,0,6.533050054713385e-06,0,0.9790508217963078,model::roberta_sentiment_profile,RoBERTa + Sentiment Profile,42
8391,1,9.4232691481011e-06,0,0.9790508217963078,model::roberta_sentiment_profile,RoBERTa + Sentiment Profile,42
6472,0,2.8279621346882777e-06,0,0.9790508217963078,model::roberta_sentiment_profile,RoBERTa + Sentiment Profile,42
5633,1,4.208368409308605e-06,0,0.9790508217963078,model::roberta_sentiment_profile,RoBERTa + Sentiment Profile,42
4581,1,4.3648815335473046e-06,0,0.9790508217963078,model::roberta_sentiment_profile,RoBERTa + Sentiment Profile,42
18214,1,3.244927256673691e-06,0,0.9790508217963078,model::roberta_sentiment_profile,RoBERTa + Sentiment Profile,42
17119,0,2.904809662140906e-06,0,0.9790508217963078,model::roberta_sentiment_profile,RoBERTa + Sentiment Profile,42
20170,1,4.348569746071007e-06,0,0.9790508217963078,model::roberta_sentiment_profile,RoBERTa + Sentiment Profile,42
18229,0,2.901398829635582e-06,0,0.9790508217963078,model::roberta_sentiment_profile,RoBERTa + Sentiment Profile,42
19907,0,0.9964679479599,1,0.9790508217963078,model::roberta_sentiment_profile,RoBERTa + Sentiment Profile,42
18168,0,3.120089559160988e-06,0,0.9790508217963078,model::roberta_sentiment_profile,RoBERTa + Sentiment Profile,42
10285,1,5.359743681765394e-06,0,0.9790508217963078,model::roberta_sentiment_profile,RoBERTa + Sentiment Profile,42
9229,0,4.275292667443864e-06,0,0.9790508217963078,model::roberta_sentiment_profile,RoBERTa + Sentiment Profile,42
4426,0,5.074217187939212e-05,0,0.9790508217963078,model::roberta_sentiment_profile,RoBERTa + Sentiment Profile,42
19485,1,3.5399732496443903e-06,0,0.9790508217963078,model::roberta_sentiment_profile,RoBERTa + Sentiment Profile,42
20520,0,1.261119086848339e-05,0,0.9790508217963078,model::roberta_sentiment_profile,RoBERTa + Sentiment Profile,42
16322,1,5.363517630030401e-06,0,0.9790508217963078,model::roberta_sentiment_profile,RoBERTa + Sentiment Profile,42
11621,1,5.108093773742439e-06,0,0.9790508217963078,model::roberta_sentiment_profile,RoBERTa + Sentiment Profile,42
3376,1,6.182120614539599e-06,0,0.9790508217963078,model::roberta_sentiment_profile,RoBERTa + Sentiment Profile,42
20041,0,2.614505092424224e-06,0,0.9790508217963078,model::roberta_sentiment_profile,RoBERTa + Sentiment Profile,42
7166,1,4.440947577677434e-06,0,0.9790508217963078,model::roberta_sentiment_profile,RoBERTa + Sentiment Profile,42
6506,1,4.882348548562732e-06,0,0.9790508217963078,model::roberta_sentiment_profile,RoBERTa + Sentiment Profile,42
20862,1,3.945958269468974e-06,0,0.9790508217963078,model::roberta_sentiment_profile,RoBERTa + Sentiment Profile,42
18690,0,5.687797056452837e-06,0,0.9790508217963078,model::roberta_sentiment_profile,RoBERTa + Sentiment Profile,42
7607,1,5.357857844501268e-06,0,0.9790508217963078,model::roberta_sentiment_profile,RoBERTa + Sentiment Profile,42
10060,1,4.09944277635077e-06,0,0.9790508217963078,model::roberta_sentiment_profile,RoBERTa + Sentiment Profile,42
20271,1,4.341798558016308e-06,0,0.9790508217963078,model::roberta_sentiment_profile,RoBERTa + Sentiment Profile,42
5211,1,3.651515044111875e-06,0,0.9790508217963078,model::roberta_sentiment_profile,RoBERTa + Sentiment Profile,42
12121,1,4.999501925340155e-06,0,0.9790508217963078,model::roberta_sentiment_profile,RoBERTa + Sentiment Profile,42
7567,1,4.1158791646012105e-06,0,0.9790508217963078,model::roberta_sentiment_profile,RoBERTa + Sentiment Profile,42
9710,1,3.8174266592250206e-06,0,0.9790508217963078,model::roberta_sentiment_profile,RoBERTa + Sentiment Profile,42
6786,0,3.087164941462106e-06,0,0.9790508217963078,model::roberta_sentiment_profile,RoBERTa + Sentiment Profile,42
17521,0,2.877261067624204e-06,0,0.9790508217963078,model::roberta_sentiment_profile,RoBERTa + Sentiment Profile,42
21034,1,4.412695943756262e-06,0,0.9790508217963078,model::roberta_sentiment_profile,RoBERTa + Sentiment Profile,42
3187,0,4.126459771214286e-06,0,0.9790508217963078,model::roberta_sentiment_profile,RoBERTa + Sentiment Profile,42
3973,1,4.845147941523464e-06,0,0.9790508217963078,model::roberta_sentiment_profile,RoBERTa + Sentiment Profile,42
8214,1,4.853639438806567e-06,0,0.9790508217963078,model::roberta_sentiment_profile,RoBERTa + Sentiment Profile,42
18871,0,8.331081517098937e-06,0,0.9790508217963078,model::roberta_sentiment_profile,RoBERTa + Sentiment Profile,42
18245,0,4.131366040383e-06,0,0.9790508217963078,model::roberta_sentiment_profile,RoBERTa + Sentiment Profile,42
10798,0,3.0699457056471147e-06,0,0.9790508217963078,model::roberta_sentiment_profile,RoBERTa + Sentiment Profile,42
5409,0,4.106826509087114e-06,0,0.9790508217963078,model::roberta_sentiment_profile,RoBERTa + Sentiment Profile,42
16226,0,0.9071328639984132,0,0.9790508217963078,model::roberta_sentiment_profile,RoBERTa + Sentiment Profile,42
4468,1,5.0635458137548994e-06,0,0.9790508217963078,model::roberta_sentiment_profile,RoBERTa + Sentiment Profile,42
15849,0,0.0001845211809268,0,0.9790508217963078,model::roberta_sentiment_profile,RoBERTa + Sentiment Profile,42
14462,0,2.7893334845430218e-05,0,0.9790508217963078,model::roberta_sentiment_profile,RoBERTa + Sentiment Profile,42
19720,0,0.9039365649223328,0,0.9790508217963078,model::roberta_sentiment_profile,RoBERTa + Sentiment Profile,42
4146,0,0.9999912977218628,1,0.9790508217963078,model::roberta_sentiment_profile,RoBERTa + Sentiment Profile,42
4386,0,8.180009899660945e-06,0,0.9790508217963078,model::roberta_sentiment_profile,RoBERTa + Sentiment Profile,42
13526,1,3.833205028058728e-06,0,0.9790508217963078,model::roberta_sentiment_profile,RoBERTa + Sentiment Profile,42
18523,1,4.3959953472949564e-06,0,0.9790508217963078,model::roberta_sentiment_profile,RoBERTa + Sentiment Profile,42
19751,0,5.054638677393086e-05,0,0.9790508217963078,model::roberta_sentiment_profile,RoBERTa + Sentiment Profile,42
1179,0,0.0003739005478564,0,0.9790508217963078,model::roberta_sentiment_profile,RoBERTa + Sentiment Profile,42
16424,1,4.2440897232154384e-06,0,0.9790508217963078,model::roberta_sentiment_profile,RoBERTa + Sentiment Profile,42
8875,0,2.922598923760233e-06,0,0.9790508217963078,model::roberta_sentiment_profile,RoBERTa + Sentiment Profile,42
2267,0,4.958542831445811e-06,0,0.9790508217963078,model::roberta_sentiment_profile,RoBERTa + Sentiment Profile,42
12942,0,6.590039265574887e-05,0,0.9790508217963078,model::roberta_sentiment_profile,RoBERTa + Sentiment Profile,42
2832,0,4.459213414520491e-06,0,0.9790508217963078,model::roberta_sentiment_profile,RoBERTa + Sentiment Profile,42
1021,0,4.787568741448922e-06,0,0.9790508217963078,model::roberta_sentiment_profile,RoBERTa + Sentiment Profile,42
7945,0,3.609152599892696e-06,0,0.9790508217963078,model::roberta_sentiment_profile,RoBERTa + Sentiment Profile,42
4843,1,4.427694420883199e-06,0,0.9790508217963078,model::roberta_sentiment_profile,RoBERTa + Sentiment Profile,42
3236,0,5.59789214094053e-06,0,0.9790508217963078,model::roberta_sentiment_profile,RoBERTa + Sentiment Profile,42
9186,1,4.326443104218924e-06,0,0.9790508217963078,model::roberta_sentiment_profile,RoBERTa + Sentiment Profile,42
13491,0,4.191574134893017e-06,0,0.9790508217963078,model::roberta_sentiment_profile,RoBERTa + Sentiment Profile,42
10371,0,3.525358806655277e-06,0,0.9790508217963078,model::roberta_sentiment_profile,RoBERTa + Sentiment Profile,42
551,0,6.457240488089155e-06,0,0.9790508217963078,model::roberta_sentiment_profile,RoBERTa + Sentiment Profile,42
444,1,4.344826720625861e-06,0,0.9790508217963078,model::roberta_sentiment_profile,RoBERTa + Sentiment Profile,42
1591,1,3.5572395518101985e-06,0,0.9790508217963078,model::roberta_sentiment_profile,RoBERTa + Sentiment Profile,42
6736,1,2.4181003027479164e-05,0,0.9790508217963078,model::roberta_sentiment_profile,RoBERTa + Sentiment Profile,42
4134,0,3.1898764518700773e-06,0,0.9790508217963078,model::roberta_sentiment_profile,RoBERTa + Sentiment Profile,42
12473,0,3.307646466055303e-06,0,0.9790508217963078,model::roberta_sentiment_profile,RoBERTa + Sentiment Profile,42
2556,1,4.133470611122903e-06,0,0.9790508217963078,model::roberta_sentiment_profile,RoBERTa + Sentiment Profile,42
10416,1,4.869546955887927e-06,0,0.9790508217963078,model::roberta_sentiment_profile,RoBERTa + Sentiment Profile,42
16237,1,1.3443414900393693e-05,0,0.9790508217963078,model::roberta_sentiment_profile,RoBERTa + Sentiment Profile,42
96,1,4.505803644860862e-06,0,0.9790508217963078,model::roberta_sentiment_profile,RoBERTa + Sentiment Profile,42
4673,1,5.670406608260237e-06,0,0.9790508217963078,model::roberta_sentiment_profile,RoBERTa + Sentiment Profile,42
3115,0,2.8912895686517004e-06,0,0.9790508217963078,model::roberta_sentiment_profile,RoBERTa + Sentiment Profile,42
7640,0,5.5607420108572114e-06,0,0.9790508217963078,model::roberta_sentiment_profile,RoBERTa + Sentiment Profile,42
18818,1,4.211740451864898e-05,0,0.9790508217963078,model::roberta_sentiment_profile,RoBERTa + Sentiment Profile,42
3550,1,4.506697678152705e-06,0,0.9790508217963078,model::roberta_sentiment_profile,RoBERTa + Sentiment Profile,42
15293,1,4.130381512368331e-06,0,0.9790508217963078,model::roberta_sentiment_profile,RoBERTa + Sentiment Profile,42
10902,1,3.5928337638324592e-06,0,0.9790508217963078,model::roberta_sentiment_profile,RoBERTa + Sentiment Profile,42
16425,0,5.371092811401468e-06,0,0.9790508217963078,model::roberta_sentiment_profile,RoBERTa + Sentiment Profile,42
1649,0,6.218129328772193e-06,0,0.9790508217963078,model::roberta_sentiment_profile,RoBERTa + Sentiment Profile,42
9946,0,4.2472761379031e-06,0,0.9790508217963078,model::roberta_sentiment_profile,RoBERTa + Sentiment Profile,42
18354,0,3.17690683004912e-06,0,0.9790508217963078,model::roberta_sentiment_profile,RoBERTa + Sentiment Profile,42
15802,0,3.932429990527453e-06,0,0.9790508217963078,model::roberta_sentiment_profile,RoBERTa + Sentiment Profile,42
8471,1,1.1204239854123443e-05,0,0.9790508217963078,model::roberta_sentiment_profile,RoBERTa + Sentiment Profile,42
4029,1,4.828422788705211e-06,0,0.9790508217963078,model::roberta_sentiment_profile,RoBERTa + Sentiment Profile,42
3806,0,1.0657603525032757e-05,0,0.9790508217963078,model::roberta_sentiment_profile,RoBERTa + Sentiment Profile,42
9240,1,4.163054200034821e-06,0,0.9790508217963078,model::roberta_sentiment_profile,RoBERTa + Sentiment Profile,42
20407,1,4.0626482586958446e-06,0,0.9790508217963078,model::roberta_sentiment_profile,RoBERTa + Sentiment Profile,42
20442,1,3.599411229515681e-06,0,0.9790508217963078,model::roberta_sentiment_profile,RoBERTa + Sentiment Profile,42
12406,0,3.054782382605481e-06,0,0.9790508217963078,model::roberta_sentiment_profile,RoBERTa + Sentiment Profile,42
20870,0,2.9079085379635217e-06,0,0.9790508217963078,model::roberta_sentiment_profile,RoBERTa + Sentiment Profile,42
17718,1,4.618831553671043e-06,0,0.9790508217963078,model::roberta_sentiment_profile,RoBERTa + Sentiment Profile,42
17043,1,2.4722648959141225e-05,0,0.9790508217963078,model::roberta_sentiment_profile,RoBERTa + Sentiment Profile,42
14805,1,5.021631659474224e-05,0,0.9790508217963078,model::roberta_sentiment_profile,RoBERTa + Sentiment Profile,42
12105,1,3.7660681755369296e-06,0,0.9790508217963078,model::roberta_sentiment_profile,RoBERTa + Sentiment Profile,42
13440,1,4.1087855606747326e-06,0,0.9790508217963078,model::roberta_sentiment_profile,RoBERTa + Sentiment Profile,42
8420,0,4.619307219400071e-06,0,0.9790508217963078,model::roberta_sentiment_profile,RoBERTa + Sentiment Profile,42
6543,1,1.4281130461313296e-05,0,0.9790508217963078,model::roberta_sentiment_profile,RoBERTa + Sentiment Profile,42
14425,0,4.515788532444276e-06,0,0.9790508217963078,model::roberta_sentiment_profile,RoBERTa + Sentiment Profile,42
11002,1,3.889233539666748e-06,0,0.9790508217963078,model::roberta_sentiment_profile,RoBERTa + Sentiment Profile,42
1148,1,3.876886694342829e-06,0,0.9790508217963078,model::roberta_sentiment_profile,RoBERTa + Sentiment Profile,42
12116,1,4.153465397394029e-06,0,0.9790508217963078,model::roberta_sentiment_profile,RoBERTa + Sentiment Profile,42
1173,0,3.767519501707284e-06,0,0.9790508217963078,model::roberta_sentiment_profile,RoBERTa + Sentiment Profile,42
19460,0,2.6542000341578387e-05,0,0.9790508217963078,model::roberta_sentiment_profile,RoBERTa + Sentiment Profile,42
5391,1,5.471890290209558e-06,0,0.9790508217963078,model::roberta_sentiment_profile,RoBERTa + Sentiment Profile,42
12339,0,3.847217158181593e-06,0,0.9790508217963078,model::roberta_sentiment_profile,RoBERTa + Sentiment Profile,42
8041,1,4.457325758266961e-06,0,0.9790508217963078,model::roberta_sentiment_profile,RoBERTa + Sentiment Profile,42
14605,1,4.799696853297064e-06,0,0.9790508217963078,model::roberta_sentiment_profile,RoBERTa + Sentiment Profile,42
2291,1,4.823489234695444e-06,0,0.9790508217963078,model::roberta_sentiment_profile,RoBERTa + Sentiment Profile,42
7120,0,4.0628965507494286e-06,0,0.9790508217963078,model::roberta_sentiment_profile,RoBERTa + Sentiment Profile,42
587,0,5.109663106850348e-06,0,0.9790508217963078,model::roberta_sentiment_profile,RoBERTa + Sentiment Profile,42
16321,1,5.591217359324219e-06,0,0.9790508217963078,model::roberta_sentiment_profile,RoBERTa + Sentiment Profile,42
18541,1,4.261143658368383e-06,0,0.9790508217963078,model::roberta_sentiment_profile,RoBERTa + Sentiment Profile,42
12598,0,0.9982842803001404,1,0.9790508217963078,model::roberta_sentiment_profile,RoBERTa + Sentiment Profile,42
13419,1,3.761911330002477e-06,0,0.9790508217963078,model::roberta_sentiment_profile,RoBERTa + Sentiment Profile,42
8543,0,7.087538961059181e-06,0,0.9790508217963078,model::roberta_sentiment_profile,RoBERTa + Sentiment Profile,42
20439,0,1.2405366760503966e-05,0,0.9790508217963078,model::roberta_sentiment_profile,RoBERTa + Sentiment Profile,42
15320,0,2.9040174922556616e-06,0,0.9790508217963078,model::roberta_sentiment_profile,RoBERTa + Sentiment Profile,42
9800,0,2.976251153086196e-06,0,0.9790508217963078,model::roberta_sentiment_profile,RoBERTa + Sentiment Profile,42
16021,1,4.8258862079819664e-06,0,0.9790508217963078,model::roberta_sentiment_profile,RoBERTa + Sentiment Profile,42
8382,1,4.581594566843705e-06,0,0.9790508217963078,model::roberta_sentiment_profile,RoBERTa + Sentiment Profile,42
2867,1,3.633618234744063e-06,0,0.9790508217963078,model::roberta_sentiment_profile,RoBERTa + Sentiment Profile,42
20212,0,5.754557605541777e-06,0,0.9790508217963078,model::roberta_sentiment_profile,RoBERTa + Sentiment Profile,42
9481,1,5.55769929633243e-06,0,0.9790508217963078,model::roberta_sentiment_profile,RoBERTa + Sentiment Profile,42
12286,1,4.192265805613715e-06,0,0.9790508217963078,model::roberta_sentiment_profile,RoBERTa + Sentiment Profile,42
19149,0,3.718977950484259e-06,0,0.9790508217963078,model::roberta_sentiment_profile,RoBERTa + Sentiment Profile,42
16239,1,4.074459411640419e-06,0,0.9790508217963078,model::roberta_sentiment_profile,RoBERTa + Sentiment Profile,42
17829,1,3.0226849503378617e-06,0,0.9790508217963078,model::roberta_sentiment_profile,RoBERTa + Sentiment Profile,42
20947,0,3.396340389372199e-06,0,0.9790508217963078,model::roberta_sentiment_profile,RoBERTa + Sentiment Profile,42
9400,0,3.084354602833628e-06,0,0.9790508217963078,model::roberta_sentiment_profile,RoBERTa + Sentiment Profile,42
18451,1,3.677431550386245e-06,0,0.9790508217963078,model::roberta_sentiment_profile,RoBERTa + Sentiment Profile,42
19994,1,3.651278120742063e-06,0,0.9790508217963078,model::roberta_sentiment_profile,RoBERTa + Sentiment Profile,42
10829,0,3.359984248163528e-06,0,0.9790508217963078,model::roberta_sentiment_profile,RoBERTa + Sentiment Profile,42
1980,0,3.998945430794265e-06,0,0.9790508217963078,model::roberta_sentiment_profile,RoBERTa + Sentiment Profile,42
829,0,3.0935425456846133e-06,0,0.9790508217963078,model::roberta_sentiment_profile,RoBERTa + Sentiment Profile,42
7876,1,5.402851911640028e-06,0,0.9790508217963078,model::roberta_sentiment_profile,RoBERTa + Sentiment Profile,42
965,0,3.106133135588607e-06,0,0.9790508217963078,model::roberta_sentiment_profile,RoBERTa + Sentiment Profile,42
18189,1,3.735285417860723e-06,0,0.9790508217963078,model::roberta_sentiment_profile,RoBERTa + Sentiment Profile,42
12645,1,3.680743702716427e-06,0,0.9790508217963078,model::roberta_sentiment_profile,RoBERTa + Sentiment Profile,42
12073,0,7.943581294966862e-06,0,0.9790508217963078,model::roberta_sentiment_profile,RoBERTa + Sentiment Profile,42
241,1,5.814099949930096e-06,0,0.9790508217963078,model::roberta_sentiment_profile,RoBERTa + Sentiment Profile,42
8318,0,3.435493454162497e-06,0,0.9790508217963078,model::roberta_sentiment_profile,RoBERTa + Sentiment Profile,42
2294,0,2.6682641873776447e-06,0,0.9790508217963078,model::roberta_sentiment_profile,RoBERTa + Sentiment Profile,42
15189,1,5.066573976364452e-06,0,0.9790508217963078,model::roberta_sentiment_profile,RoBERTa + Sentiment Profile,42
15462,0,1.098191842174856e-05,0,0.9790508217963078,model::roberta_sentiment_profile,RoBERTa + Sentiment Profile,42
6769,0,3.368030320416437e-06,0,0.9790508217963078,model::roberta_sentiment_profile,RoBERTa + Sentiment Profile,42
21078,0,6.847378244856372e-05,0,0.9790508217963078,model::roberta_sentiment_profile,RoBERTa + Sentiment Profile,42
2498,0,3.830339665000793e-06,0,0.9790508217963078,model::roberta_sentiment_profile,RoBERTa + Sentiment Profile,42
20875,0,3.456084641584312e-06,0,0.9790508217963078,model::roberta_sentiment_profile,RoBERTa + Sentiment Profile,42
2694,0,4.201238425594056e-06,0,0.9790508217963078,model::roberta_sentiment_profile,RoBERTa + Sentiment Profile,42
8380,0,1.1608626664383335e-05,0,0.9790508217963078,model::roberta_sentiment_profile,RoBERTa + Sentiment Profile,42
2683,1,4.127770807826892e-06,0,0.9790508217963078,model::roberta_sentiment_profile,RoBERTa + Sentiment Profile,42
12903,1,3.387732249393593e-06,0,0.9790508217963078,model::roberta_sentiment_profile,RoBERTa + Sentiment Profile,42
3395,1,8.645964953757357e-06,0,0.9790508217963078,model::roberta_sentiment_profile,RoBERTa + Sentiment Profile,42
14670,0,9.859405508905184e-06,0,0.9790508217963078,model::roberta_sentiment_profile,RoBERTa + Sentiment Profile,42
3815,1,3.886215381498914e-06,0,0.9790508217963078,model::roberta_sentiment_profile,RoBERTa + Sentiment Profile,42
9823,0,4.044895831611939e-06,0,0.9790508217963078,model::roberta_sentiment_profile,RoBERTa + Sentiment Profile,42
3971,0,3.682442866193014e-06,0,0.9790508217963078,model::roberta_sentiment_profile,RoBERTa + Sentiment Profile,42
19954,0,4.239490408508573e-06,0,0.9790508217963078,model::roberta_sentiment_profile,RoBERTa + Sentiment Profile,42
19163,1,4.091974915354513e-06,0,0.9790508217963078,model::roberta_sentiment_profile,RoBERTa + Sentiment Profile,42
11315,0,1.972931022464764e-05,0,0.9790508217963078,model::roberta_sentiment_profile,RoBERTa + Sentiment Profile,42
16475,1,7.16759041097248e-06,0,0.9790508217963078,model::roberta_sentiment_profile,RoBERTa + Sentiment Profile,42
8298,1,4.090663878741907e-06,0,0.9790508217963078,model::roberta_sentiment_profile,RoBERTa + Sentiment Profile,42
6704,0,0.0028308732435107,0,0.9790508217963078,model::roberta_sentiment_profile,RoBERTa + Sentiment Profile,42
1867,0,4.1426023926760536e-06,0,0.9790508217963078,model::roberta_sentiment_profile,RoBERTa + Sentiment Profile,42
3479,1,5.438215339381713e-06,0,0.9790508217963078,model::roberta_sentiment_profile,RoBERTa + Sentiment Profile,42
14387,0,7.886193088779692e-06,0,0.9790508217963078,model::roberta_sentiment_profile,RoBERTa + Sentiment Profile,42
21099,0,3.483270802462357e-06,0,0.9790508217963078,model::roberta_sentiment_profile,RoBERTa + Sentiment Profile,42
10173,0,3.791040171563509e-06,0,0.9790508217963078,model::roberta_sentiment_profile,RoBERTa + Sentiment Profile,42
14584,1,0.000214356885408,0,0.9790508217963078,model::roberta_sentiment_profile,RoBERTa + Sentiment Profile,42
18579,0,0.999941110610962,1,0.9790508217963078,model::roberta_sentiment_profile,RoBERTa + Sentiment Profile,42
6719,0,0.0002261275949422,0,0.9790508217963078,model::roberta_sentiment_profile,RoBERTa + Sentiment Profile,42
13994,1,6.7983569351781625e-06,0,0.9790508217963078,model::roberta_sentiment_profile,RoBERTa + Sentiment Profile,42
15409,0,3.611005013226531e-06,0,0.9790508217963078,model::roberta_sentiment_profile,RoBERTa + Sentiment Profile,42
10287,0,8.147513653966598e-06,0,0.9790508217963078,model::roberta_sentiment_profile,RoBERTa + Sentiment Profile,42
14182,0,7.112720140867168e-06,0,0.9790508217963078,model::roberta_sentiment_profile,RoBERTa + Sentiment Profile,42
1866,0,3.775821369345067e-06,0,0.9790508217963078,model::roberta_sentiment_profile,RoBERTa + Sentiment Profile,42
5840,1,4.453434030438075e-06,0,0.9790508217963078,model::roberta_sentiment_profile,RoBERTa + Sentiment Profile,42
8508,0,4.604937657859409e-06,0,0.9790508217963078,model::roberta_sentiment_profile,RoBERTa + Sentiment Profile,42
16600,0,2.7850217065861216e-06,0,0.9790508217963078,model::roberta_sentiment_profile,RoBERTa + Sentiment Profile,42
12136,1,7.190210453700274e-06,0,0.9790508217963078,model::roberta_sentiment_profile,RoBERTa + Sentiment Profile,42
15175,1,3.080474016314838e-06,0,0.9790508217963078,model::roberta_sentiment_profile,RoBERTa + Sentiment Profile,42
1171,0,9.361527190776542e-06,0,0.9790508217963078,model::roberta_sentiment_profile,RoBERTa + Sentiment Profile,42
10626,0,0.0003275964700151,0,0.9790508217963078,model::roberta_sentiment_profile,RoBERTa + Sentiment Profile,42
17816,0,3.7945630992908255e-06,0,0.9790508217963078,model::roberta_sentiment_profile,RoBERTa + Sentiment Profile,42
7438,1,3.474190634733532e-06,0,0.9790508217963078,model::roberta_sentiment_profile,RoBERTa + Sentiment Profile,42
4132,1,4.497806003200822e-06,0,0.9790508217963078,model::roberta_sentiment_profile,RoBERTa + Sentiment Profile,42
12929,0,3.320104497106513e-06,0,0.9790508217963078,model::roberta_sentiment_profile,RoBERTa + Sentiment Profile,42
17018,1,4.250785423209891e-06,0,0.9790508217963078,model::roberta_sentiment_profile,RoBERTa + Sentiment Profile,42
14608,0,4.14574014939717e-06,0,0.9790508217963078,model::roberta_sentiment_profile,RoBERTa + Sentiment Profile,42
16274,0,4.19055504607968e-06,0,0.9790508217963078,model::roberta_sentiment_profile,RoBERTa + Sentiment Profile,42
2408,0,2.8386405119817937e-06,0,0.9790508217963078,model::roberta_sentiment_profile,RoBERTa + Sentiment Profile,42
7731,0,3.39488142344635e-05,0,0.9790508217963078,model::roberta_sentiment_profile,RoBERTa + Sentiment Profile,42
1204,1,4.0956401790026575e-06,0,0.9790508217963078,model::roberta_sentiment_profile,RoBERTa + Sentiment Profile,42
15159,1,5.270955625746865e-06,0,0.9790508217963078,model::roberta_sentiment_profile,RoBERTa + Sentiment Profile,42
13621,0,4.297698524169391e-06,0,0.9790508217963078,model::roberta_sentiment_profile,RoBERTa + Sentiment Profile,42
1729,0,3.035279632968013e-06,0,0.9790508217963078,model::roberta_sentiment_profile,RoBERTa + Sentiment Profile,42
16466,0,3.16234309138963e-06,0,0.9790508217963078,model::roberta_sentiment_profile,RoBERTa + Sentiment Profile,42
1197,1,3.932801519113127e-06,0,0.9790508217963078,model::roberta_sentiment_profile,RoBERTa + Sentiment Profile,42
14491,0,2.287681490997784e-05,0,0.9790508217963078,model::roberta_sentiment_profile,RoBERTa + Sentiment Profile,42
3338,1,3.879217274516122e-06,0,0.9790508217963078,model::roberta_sentiment_profile,RoBERTa + Sentiment Profile,42
3165,1,3.0722007977601606e-06,0,0.9790508217963078,model::roberta_sentiment_profile,RoBERTa + Sentiment Profile,42
3852,0,0.9999866485595704,1,0.9790508217963078,model::roberta_sentiment_profile,RoBERTa + Sentiment Profile,42
16232,1,5.603548288490856e-06,0,0.9790508217963078,model::roberta_sentiment_profile,RoBERTa + Sentiment Profile,42
3551,1,3.889641902787844e-06,0,0.9790508217963078,model::roberta_sentiment_profile,RoBERTa + Sentiment Profile,42
18200,1,7.601610377605539e-06,0,0.9790508217963078,model::roberta_sentiment_profile,RoBERTa + Sentiment Profile,42
1750,1,3.977931100962451e-06,0,0.9790508217963078,model::roberta_sentiment_profile,RoBERTa + Sentiment Profile,42
13356,1,4.382650331535842e-06,0,0.9790508217963078,model::roberta_sentiment_profile,RoBERTa + Sentiment Profile,42
14029,0,5.576173862209544e-06,0,0.9790508217963078,model::roberta_sentiment_profile,RoBERTa + Sentiment Profile,42
15702,1,5.039531060901936e-06,0,0.9790508217963078,model::roberta_sentiment_profile,RoBERTa + Sentiment Profile,42
6671,0,2.558547976150294e-06,0,0.9790508217963078,model::roberta_sentiment_profile,RoBERTa + Sentiment Profile,42
1598,1,4.193989298073575e-06,0,0.9790508217963078,model::roberta_sentiment_profile,RoBERTa + Sentiment Profile,42
14361,0,5.572840564127546e-06,0,0.9790508217963078,model::roberta_sentiment_profile,RoBERTa + Sentiment Profile,42
8832,0,5.3193930398265366e-06,0,0.9790508217963078,model::roberta_sentiment_profile,RoBERTa + Sentiment Profile,42
9975,1,4.194413577351952e-06,0,0.9790508217963078,model::roberta_sentiment_profile,RoBERTa + Sentiment Profile,42
13954,0,4.544665898720268e-06,0,0.9790508217963078,model::roberta_sentiment_profile,RoBERTa + Sentiment Profile,42
9267,0,1.040472761815181e-05,0,0.9790508217963078,model::roberta_sentiment_profile,RoBERTa + Sentiment Profile,42
13091,1,1.858310679381248e-05,0,0.9790508217963078,model::roberta_sentiment_profile,RoBERTa + Sentiment Profile,42
17553,1,4.751960659632459e-06,0,0.9790508217963078,model::roberta_sentiment_profile,RoBERTa + Sentiment Profile,42
11555,0,4.303235073166434e-06,0,0.9790508217963078,model::roberta_sentiment_profile,RoBERTa + Sentiment Profile,42
11748,1,5.571283509198111e-06,0,0.9790508217963078,model::roberta_sentiment_profile,RoBERTa + Sentiment Profile,42
10804,0,4.06597018809407e-06,0,0.9790508217963078,model::roberta_sentiment_profile,RoBERTa + Sentiment Profile,42
12854,0,3.038720478798496e-06,0,0.9790508217963078,model::roberta_sentiment_profile,RoBERTa + Sentiment Profile,42
16115,0,4.7654939407948405e-06,0,0.9790508217963078,model::roberta_sentiment_profile,RoBERTa + Sentiment Profile,42
7308,1,4.886335318587953e-06,0,0.9790508217963078,model::roberta_sentiment_profile,RoBERTa + Sentiment Profile,42
6556,1,4.721117875305936e-06,0,0.9790508217963078,model::roberta_sentiment_profile,RoBERTa + Sentiment Profile,42
14549,1,1.0350887350796256e-05,0,0.9790508217963078,model::roberta_sentiment_profile,RoBERTa + Sentiment Profile,42
6787,0,3.1636975563742453e-06,0,0.9790508217963078,model::roberta_sentiment_profile,RoBERTa + Sentiment Profile,42
11776,0,2.8072743134544e-06,0,0.9790508217963078,model::roberta_sentiment_profile,RoBERTa + Sentiment Profile,42
9577,0,4.98342205901281e-06,0,0.9790508217963078,model::roberta_sentiment_profile,RoBERTa + Sentiment Profile,42
19107,0,3.020042868229212e-06,0,0.9790508217963078,model::roberta_sentiment_profile,RoBERTa + Sentiment Profile,42
3818,0,3.402567926968913e-06,0,0.9790508217963078,model::roberta_sentiment_profile,RoBERTa + Sentiment Profile,42
6319,0,5.2563277677109e-06,0,0.9790508217963078,model::roberta_sentiment_profile,RoBERTa + Sentiment Profile,42
7931,1,3.603574214139371e-06,0,0.9790508217963078,model::roberta_sentiment_profile,RoBERTa + Sentiment Profile,42
18516,1,4.313411864131922e-06,0,0.9790508217963078,model::roberta_sentiment_profile,RoBERTa + Sentiment Profile,42
19974,1,7.435435236402554e-06,0,0.9790508217963078,model::roberta_sentiment_profile,RoBERTa + Sentiment Profile,42
8003,1,3.698167574839317e-06,0,0.9790508217963078,model::roberta_sentiment_profile,RoBERTa + Sentiment Profile,42
14855,1,4.034678568132222e-06,0,0.9790508217963078,model::roberta_sentiment_profile,RoBERTa + Sentiment Profile,42
935,0,0.9999070167541504,1,0.9790508217963078,model::roberta_sentiment_profile,RoBERTa + Sentiment Profile,42
3623,1,1.0232601198367774e-05,0,0.9790508217963078,model::roberta_sentiment_profile,RoBERTa + Sentiment Profile,42
2857,0,6.155105893412838e-06,0,0.9790508217963078,model::roberta_sentiment_profile,RoBERTa + Sentiment Profile,42
15100,1,1.3365030099521393e-05,0,0.9790508217963078,model::roberta_sentiment_profile,RoBERTa + Sentiment Profile,42
12647,1,8.864800292940345e-06,0,0.9790508217963078,model::roberta_sentiment_profile,RoBERTa + Sentiment Profile,42
16571,0,3.583116040317691e-06,0,0.9790508217963078,model::roberta_sentiment_profile,RoBERTa + Sentiment Profile,42
18098,1,5.560688805417158e-06,0,0.9790508217963078,model::roberta_sentiment_profile,RoBERTa + Sentiment Profile,42
18736,1,4.2408569242979866e-06,0,0.9790508217963078,model::roberta_sentiment_profile,RoBERTa + Sentiment Profile,42
8920,1,6.180393029353581e-06,0,0.9790508217963078,model::roberta_sentiment_profile,RoBERTa + Sentiment Profile,42
11186,1,4.57026999356458e-06,0,0.9790508217963078,model::roberta_sentiment_profile,RoBERTa + Sentiment Profile,42
15711,1,5.202269221626921e-06,0,0.9790508217963078,model::roberta_sentiment_profile,RoBERTa + Sentiment Profile,42
5958,1,3.579362555683474e-06,0,0.9790508217963078,model::roberta_sentiment_profile,RoBERTa + Sentiment Profile,42
7558,0,2.5851499231066555e-05,0,0.9790508217963078,model::roberta_sentiment_profile,RoBERTa + Sentiment Profile,42
20149,1,5.035255526308902e-06,0,0.9790508217963078,model::roberta_sentiment_profile,RoBERTa + Sentiment Profile,42
9778,0,0.0001695068931439,0,0.9790508217963078,model::roberta_sentiment_profile,RoBERTa + Sentiment Profile,42
8502,1,3.4961635719810147e-06,0,0.9790508217963078,model::roberta_sentiment_profile,RoBERTa + Sentiment Profile,42
1642,1,5.778815648227464e-06,0,0.9790508217963078,model::roberta_sentiment_profile,RoBERTa + Sentiment Profile,42
21039,0,8.8645210780669e-06,0,0.9790508217963078,model::roberta_sentiment_profile,RoBERTa + Sentiment Profile,42
11515,0,7.790921699779574e-06,0,0.9790508217963078,model::roberta_sentiment_profile,RoBERTa + Sentiment Profile,42
5310,0,0.999976634979248,1,0.9790508217963078,model::roberta_sentiment_profile,RoBERTa + Sentiment Profile,42
20759,0,3.3541766697453568e-06,0,0.9790508217963078,model::roberta_sentiment_profile,RoBERTa + Sentiment Profile,42
12683,0,5.2084496928728186e-06,0,0.9790508217963078,model::roberta_sentiment_profile,RoBERTa + Sentiment Profile,42
5142,0,3.928479600290302e-06,0,0.9790508217963078,model::roberta_sentiment_profile,RoBERTa + Sentiment Profile,42
11672,1,4.840705059905304e-06,0,0.9790508217963078,model::roberta_sentiment_profile,RoBERTa + Sentiment Profile,42
6976,1,3.646712229965488e-06,0,0.9790508217963078,model::roberta_sentiment_profile,RoBERTa + Sentiment Profile,42
10148,0,0.0008462446858175,0,0.9790508217963078,model::roberta_sentiment_profile,RoBERTa + Sentiment Profile,42
18578,0,4.086125045432709e-06,0,0.9790508217963078,model::roberta_sentiment_profile,RoBERTa + Sentiment Profile,42
19362,1,4.326405814936152e-06,0,0.9790508217963078,model::roberta_sentiment_profile,RoBERTa + Sentiment Profile,42
5241,1,4.436900326254545e-06,0,0.9790508217963078,model::roberta_sentiment_profile,RoBERTa + Sentiment Profile,42
664,0,3.102149275946431e-05,0,0.9790508217963078,model::roberta_sentiment_profile,RoBERTa + Sentiment Profile,42
12453,0,7.200153504527407e-06,0,0.9790508217963078,model::roberta_sentiment_profile,RoBERTa + Sentiment Profile,42
2205,1,3.721596158356988e-06,0,0.9790508217963078,model::roberta_sentiment_profile,RoBERTa + Sentiment Profile,42
9896,0,4.386982709547738e-06,0,0.9790508217963078,model::roberta_sentiment_profile,RoBERTa + Sentiment Profile,42
15733,0,3.928554178855848e-06,0,0.9790508217963078,model::roberta_sentiment_profile,RoBERTa + Sentiment Profile,42
6070,0,3.316525408081361e-06,0,0.9790508217963078,model::roberta_sentiment_profile,RoBERTa + Sentiment Profile,42
3994,0,3.06281003759068e-06,0,0.9790508217963078,model::roberta_sentiment_profile,RoBERTa + Sentiment Profile,42
11962,0,5.421304194896948e-06,0,0.9790508217963078,model::roberta_sentiment_profile,RoBERTa + Sentiment Profile,42
13923,0,8.663330845593009e-06,0,0.9790508217963078,model::roberta_sentiment_profile,RoBERTa + Sentiment Profile,42
3512,0,4.254447503626579e-06,0,0.9790508217963078,model::roberta_sentiment_profile,RoBERTa + Sentiment Profile,42
8737,0,4.5983679228811525e-06,0,0.9790508217963078,model::roberta_sentiment_profile,RoBERTa + Sentiment Profile,42
17758,1,7.555493539257441e-06,0,0.9790508217963078,model::roberta_sentiment_profile,RoBERTa + Sentiment Profile,42
11250,1,4.25884400101495e-06,0,0.9790508217963078,model::roberta_sentiment_profile,RoBERTa + Sentiment Profile,42
8102,0,2.877008682844462e-06,0,0.9790508217963078,model::roberta_sentiment_profile,RoBERTa + Sentiment Profile,42
3614,0,3.029172376045608e-06,0,0.9790508217963078,model::roberta_sentiment_profile,RoBERTa + Sentiment Profile,42
6659,1,5.438137577584712e-06,0,0.9790508217963078,model::roberta_sentiment_profile,RoBERTa + Sentiment Profile,42
12125,0,4.1684529605845455e-06,0,0.9790508217963078,model::roberta_sentiment_profile,RoBERTa + Sentiment Profile,42
13471,1,6.048964678484481e-06,0,0.9790508217963078,model::roberta_sentiment_profile,RoBERTa + Sentiment Profile,42
5246,0,5.522343144548358e-06,0,0.9790508217963078,model::roberta_sentiment_profile,RoBERTa + Sentiment Profile,42
2612,1,4.466908649192192e-06,0,0.9790508217963078,model::roberta_sentiment_profile,RoBERTa + Sentiment Profile,42
16686,1,4.72926103611826e-06,0,0.9790508217963078,model::roberta_sentiment_profile,RoBERTa + Sentiment Profile,42
4569,0,5.405377578426851e-06,0,0.9790508217963078,model::roberta_sentiment_profile,RoBERTa + Sentiment Profile,42
16586,1,3.9387282413372304e-06,0,0.9790508217963078,model::roberta_sentiment_profile,RoBERTa + Sentiment Profile,42
9777,0,5.743313067796407e-06,0,0.9790508217963078,model::roberta_sentiment_profile,RoBERTa + Sentiment Profile,42
10194,1,5.2989180403528735e-06,0,0.9790508217963078,model::roberta_sentiment_profile,RoBERTa + Sentiment Profile,42
13439,0,6.165013473946601e-05,0,0.9790508217963078,model::roberta_sentiment_profile,RoBERTa + Sentiment Profile,42
12371,1,5.166400114831049e-06,0,0.9790508217963078,model::roberta_sentiment_profile,RoBERTa + Sentiment Profile,42
20902,0,3.6327587622508872e-06,0,0.9790508217963078,model::roberta_sentiment_profile,RoBERTa + Sentiment Profile,42
7768,1,3.966494205087656e-06,0,0.9790508217963078,model::roberta_sentiment_profile,RoBERTa + Sentiment Profile,42
2321,1,5.727625193685526e-06,0,0.9790508217963078,model::roberta_sentiment_profile,RoBERTa + Sentiment Profile,42
11714,0,5.36770312464796e-06,0,0.9790508217963078,model::roberta_sentiment_profile,RoBERTa + Sentiment Profile,42
3655,0,6.172035227791639e-06,0,0.9790508217963078,model::roberta_sentiment_profile,RoBERTa + Sentiment Profile,42
19633,0,4.15787235397147e-06,0,0.9790508217963078,model::roberta_sentiment_profile,RoBERTa + Sentiment Profile,42
2593,0,4.265192728780676e-06,0,0.9790508217963078,model::roberta_sentiment_profile,RoBERTa + Sentiment Profile,42
5964,0,3.341329374961788e-06,0,0.9790508217963078,model::roberta_sentiment_profile,RoBERTa + Sentiment Profile,42
11822,0,4.862391051574377e-06,0,0.9790508217963078,model::roberta_sentiment_profile,RoBERTa + Sentiment Profile,42
12791,1,1.877245085779577e-05,0,0.9790508217963078,model::roberta_sentiment_profile,RoBERTa + Sentiment Profile,42
3841,0,6.556336757057579e-06,0,0.9790508217963078,model::roberta_sentiment_profile,RoBERTa + Sentiment Profile,42
15763,0,3.4859426705224905e-06,0,0.9790508217963078,model::roberta_sentiment_profile,RoBERTa + Sentiment Profile,42
9129,1,4.170477041043341e-06,0,0.9790508217963078,model::roberta_sentiment_profile,RoBERTa + Sentiment Profile,42
13046,1,9.969384336727671e-06,0,0.9790508217963078,model::roberta_sentiment_profile,RoBERTa + Sentiment Profile,42
1847,0,8.331263961736113e-05,0,0.9790508217963078,model::roberta_sentiment_profile,RoBERTa + Sentiment Profile,42
8591,1,3.15193187816476e-06,0,0.9790508217963078,model::roberta_sentiment_profile,RoBERTa + Sentiment Profile,42
3209,0,3.7899555991316447e-06,0,0.9790508217963078,model::roberta_sentiment_profile,RoBERTa + Sentiment Profile,42
11566,0,4.235254891682416e-06,0,0.9790508217963078,model::roberta_sentiment_profile,RoBERTa + Sentiment Profile,42
18276,1,4.064206223119982e-06,0,0.9790508217963078,model::roberta_sentiment_profile,RoBERTa + Sentiment Profile,42
21121,0,9.931503882398827e-06,0,0.9790508217963078,model::roberta_sentiment_profile,RoBERTa + Sentiment Profile,42
19671,0,6.428815140679944e-06,0,0.9790508217963078,model::roberta_sentiment_profile,RoBERTa + Sentiment Profile,42
729,1,3.749282768694684e-06,0,0.9790508217963078,model::roberta_sentiment_profile,RoBERTa + Sentiment Profile,42
17129,0,9.950465027941393e-06,0,0.9790508217963078,model::roberta_sentiment_profile,RoBERTa + Sentiment Profile,42
12185,1,5.335813966667047e-06,0,0.9790508217963078,model::roberta_sentiment_profile,RoBERTa + Sentiment Profile,42
1996,0,3.0431690447585424e-06,0,0.9790508217963078,model::roberta_sentiment_profile,RoBERTa + Sentiment Profile,42
18477,0,3.333572749397717e-06,0,0.9790508217963078,model::roberta_sentiment_profile,RoBERTa + Sentiment Profile,42
13495,0,4.190259005554253e-06,0,0.9790508217963078,model::roberta_sentiment_profile,RoBERTa + Sentiment Profile,42
3467,1,3.610908379414468e-06,0,0.9790508217963078,model::roberta_sentiment_profile,RoBERTa + Sentiment Profile,42
3100,1,4.589142463373719e-06,0,0.9790508217963078,model::roberta_sentiment_profile,RoBERTa + Sentiment Profile,42
19006,0,5.4367892516893335e-06,0,0.9790508217963078,model::roberta_sentiment_profile,RoBERTa + Sentiment Profile,42
2734,0,3.932242634618888e-06,0,0.9790508217963078,model::roberta_sentiment_profile,RoBERTa + Sentiment Profile,42
7923,1,3.408495103940368e-06,0,0.9790508217963078,model::roberta_sentiment_profile,RoBERTa + Sentiment Profile,42
14593,1,3.881874363287352e-06,0,0.9790508217963078,model::roberta_sentiment_profile,RoBERTa + Sentiment Profile,42
315,1,3.7033944408904063e-06,0,0.9790508217963078,model::roberta_sentiment_profile,RoBERTa + Sentiment Profile,42
18937,0,2.651775048434501e-06,0,0.9790508217963078,model::roberta_sentiment_profile,RoBERTa + Sentiment Profile,42
7718,1,5.306958428263897e-06,0,0.9790508217963078,model::roberta_sentiment_profile,RoBERTa + Sentiment Profile,42
9619,1,5.187272563489387e-06,0,0.9790508217963078,model::roberta_sentiment_profile,RoBERTa + Sentiment Profile,42
6986,1,4.71834982818109e-06,0,0.9790508217963078,model::roberta_sentiment_profile,RoBERTa + Sentiment Profile,42
17354,1,3.1627372663933784e-05,0,0.9790508217963078,model::roberta_sentiment_profile,RoBERTa + Sentiment Profile,42
16941,0,5.6316798691113945e-06,0,0.9790508217963078,model::roberta_sentiment_profile,RoBERTa + Sentiment Profile,42
13328,1,3.793615405811579e-06,0,0.9790508217963078,model::roberta_sentiment_profile,RoBERTa + Sentiment Profile,42
10753,1,6.118458713899599e-06,0,0.9790508217963078,model::roberta_sentiment_profile,RoBERTa + Sentiment Profile,42
730,1,4.860754415858537e-06,0,0.9790508217963078,model::roberta_sentiment_profile,RoBERTa + Sentiment Profile,42
15496,1,4.28380644734716e-06,0,0.9790508217963078,model::roberta_sentiment_profile,RoBERTa + Sentiment Profile,42
9203,1,4.9428213060309645e-06,0,0.9790508217963078,model::roberta_sentiment_profile,RoBERTa + Sentiment Profile,42
9971,1,4.3986706259602215e-06,0,0.9790508217963078,model::roberta_sentiment_profile,RoBERTa + Sentiment Profile,42
14137,1,6.782336186006432e-06,0,0.9790508217963078,model::roberta_sentiment_profile,RoBERTa + Sentiment Profile,42
20659,1,8.581006113672629e-06,0,0.9790508217963078,model::roberta_sentiment_profile,RoBERTa + Sentiment Profile,42
1737,1,9.505149137112312e-06,0,0.9790508217963078,model::roberta_sentiment_profile,RoBERTa + Sentiment Profile,42
18365,1,4.254865871189395e-06,0,0.9790508217963078,model::roberta_sentiment_profile,RoBERTa + Sentiment Profile,42
16948,1,4.02441810365417e-06,0,0.9790508217963078,model::roberta_sentiment_profile,RoBERTa + Sentiment Profile,42
4209,1,3.5764996937359683e-06,0,0.9790508217963078,model::roberta_sentiment_profile,RoBERTa + Sentiment Profile,42
11255,0,6.922083230165299e-06,0,0.9790508217963078,model::roberta_sentiment_profile,RoBERTa + Sentiment Profile,42
4818,0,3.717956587934168e-06,0,0.9790508217963078,model::roberta_sentiment_profile,RoBERTa + Sentiment Profile,42
16989,0,3.866799943352817e-06,0,0.9790508217963078,model::roberta_sentiment_profile,RoBERTa + Sentiment Profile,42
13822,1,4.746475497086067e-06,0,0.9790508217963078,model::roberta_sentiment_profile,RoBERTa + Sentiment Profile,42
18218,0,4.770686700794613e-06,0,0.9790508217963078,model::roberta_sentiment_profile,RoBERTa + Sentiment Profile,42
11069,0,1.109054392145481e-05,0,0.9790508217963078,model::roberta_sentiment_profile,RoBERTa + Sentiment Profile,42
16576,1,4.737950348498998e-06,0,0.9790508217963078,model::roberta_sentiment_profile,RoBERTa + Sentiment Profile,42
14690,1,4.248868663125904e-06,0,0.9790508217963078,model::roberta_sentiment_profile,RoBERTa + Sentiment Profile,42
7545,0,8.783878001850098e-06,0,0.9790508217963078,model::roberta_sentiment_profile,RoBERTa + Sentiment Profile,42
11793,0,3.7038500977359945e-06,0,0.9790508217963078,model::roberta_sentiment_profile,RoBERTa + Sentiment Profile,42
11185,1,3.917121375707211e-06,0,0.9790508217963078,model::roberta_sentiment_profile,RoBERTa + Sentiment Profile,42
14124,0,2.3778306058375165e-05,0,0.9790508217963078,model::roberta_sentiment_profile,RoBERTa + Sentiment Profile,42
20861,0,4.58114027424017e-06,0,0.9790508217963078,model::roberta_sentiment_profile,RoBERTa + Sentiment Profile,42
11618,0,1.126611550716916e-05,0,0.9790508217963078,model::roberta_sentiment_profile,RoBERTa + Sentiment Profile,42
744,1,6.1815662775188684e-06,0,0.9790508217963078,model::roberta_sentiment_profile,RoBERTa + Sentiment Profile,42
261,0,5.811295068269828e-06,0,0.9790508217963078,model::roberta_sentiment_profile,RoBERTa + Sentiment Profile,42
11958,0,3.476043275441043e-06,0,0.9790508217963078,model::roberta_sentiment_profile,RoBERTa + Sentiment Profile,42
12663,1,6.0542047322087456e-06,0,0.9790508217963078,model::roberta_sentiment_profile,RoBERTa + Sentiment Profile,42
5696,1,4.178845756541705e-06,0,0.9790508217963078,model::roberta_sentiment_profile,RoBERTa + Sentiment Profile,42
7908,1,4.5283986764843576e-06,0,0.9790508217963078,model::roberta_sentiment_profile,RoBERTa + Sentiment Profile,42
16295,0,4.70563782073441e-06,0,0.9790508217963078,model::roberta_sentiment_profile,RoBERTa + Sentiment Profile,42
254,1,0.0002889585739467,0,0.9790508217963078,model::roberta_sentiment_profile,RoBERTa + Sentiment Profile,42
5340,1,7.2467687459720764e-06,0,0.9790508217963078,model::roberta_sentiment_profile,RoBERTa + Sentiment Profile,42
8001,0,0.0016235467046499,0,0.9790508217963078,model::roberta_sentiment_profile,RoBERTa + Sentiment Profile,42
7354,1,5.026322014600737e-06,0,0.9790508217963078,model::roberta_sentiment_profile,RoBERTa + Sentiment Profile,42
7138,1,8.840434929879848e-06,0,0.9790508217963078,model::roberta_sentiment_profile,RoBERTa + Sentiment Profile,42
8105,1,4.912988060823409e-06,0,0.9790508217963078,model::roberta_sentiment_profile,RoBERTa + Sentiment Profile,42
6579,0,3.64667766916682e-06,0,0.9790508217963078,model::roberta_sentiment_profile,RoBERTa + Sentiment Profile,42
7934,1,3.776300218305552e-06,0,0.9790508217963078,model::roberta_sentiment_profile,RoBERTa + Sentiment Profile,42
8606,1,5.156343831913546e-06,0,0.9790508217963078,model::roberta_sentiment_profile,RoBERTa + Sentiment Profile,42
7600,0,3.111695150437299e-06,0,0.9790508217963078,model::roberta_sentiment_profile,RoBERTa + Sentiment Profile,42
16101,1,3.44961745213368e-06,0,0.9790508217963078,model::roberta_sentiment_profile,RoBERTa + Sentiment Profile,42
1203,0,3.139886302960804e-06,0,0.9790508217963078,model::roberta_sentiment_profile,RoBERTa + Sentiment Profile,42
5057,0,4.10026359531912e-06,0,0.9790508217963078,model::roberta_sentiment_profile,RoBERTa + Sentiment Profile,42
12089,0,4.202480795356678e-06,0,0.9790508217963078,model::roberta_sentiment_profile,RoBERTa + Sentiment Profile,42
4527,1,4.494761014939286e-06,0,0.9790508217963078,model::roberta_sentiment_profile,RoBERTa + Sentiment Profile,42
9382,1,3.819265657512005e-06,0,0.9790508217963078,model::roberta_sentiment_profile,RoBERTa + Sentiment Profile,42
13521,1,1.1587412700464483e-05,0,0.9790508217963078,model::roberta_sentiment_profile,RoBERTa + Sentiment Profile,42
3108,1,1.0729253517638426e-05,0,0.9790508217963078,model::roberta_sentiment_profile,RoBERTa + Sentiment Profile,42
8712,0,5.322716788214166e-06,0,0.9790508217963078,model::roberta_sentiment_profile,RoBERTa + Sentiment Profile,42
19949,1,1.813064773159568e-05,0,0.9790508217963078,model::roberta_sentiment_profile,RoBERTa + Sentiment Profile,42
577,1,3.7153195080463775e-06,0,0.9790508217963078,model::roberta_sentiment_profile,RoBERTa + Sentiment Profile,42
2039,0,8.138481462083291e-06,0,0.9790508217963078,model::roberta_sentiment_profile,RoBERTa + Sentiment Profile,42
17193,0,2.422448960714973e-05,0,0.9790508217963078,model::roberta_sentiment_profile,RoBERTa + Sentiment Profile,42
14350,1,8.004119990800973e-06,0,0.9790508217963078,model::roberta_sentiment_profile,RoBERTa + Sentiment Profile,42
19730,1,4.296645329304738e-06,0,0.9790508217963078,model::roberta_sentiment_profile,RoBERTa + Sentiment Profile,42
20960,1,3.679543397083762e-06,0,0.9790508217963078,model::roberta_sentiment_profile,RoBERTa + Sentiment Profile,42
2547,1,8.498216629959643e-06,0,0.9790508217963078,model::roberta_sentiment_profile,RoBERTa + Sentiment Profile,42
13601,0,7.734812243143097e-06,0,0.9790508217963078,model::roberta_sentiment_profile,RoBERTa + Sentiment Profile,42
5423,0,0.9998502731323242,1,0.9790508217963078,model::roberta_sentiment_profile,RoBERTa + Sentiment Profile,42
13210,0,0.999925136566162,1,0.9790508217963078,model::roberta_sentiment_profile,RoBERTa + Sentiment Profile,42
18396,1,5.98284486841294e-06,0,0.9790508217963078,model::roberta_sentiment_profile,RoBERTa + Sentiment Profile,42
6019,0,4.738904408441158e-06,0,0.9790508217963078,model::roberta_sentiment_profile,RoBERTa + Sentiment Profile,42
2872,0,2.9338473268580856e-06,0,0.9790508217963078,model::roberta_sentiment_profile,RoBERTa + Sentiment Profile,42
6204,0,3.306618282294949e-06,0,0.9790508217963078,model::roberta_sentiment_profile,RoBERTa + Sentiment Profile,42
9717,1,4.753891516884323e-06,0,0.9790508217963078,model::roberta_sentiment_profile,RoBERTa + Sentiment Profile,42
3733,0,5.932477051828755e-06,0,0.9790508217963078,model::roberta_sentiment_profile,RoBERTa + Sentiment Profile,42
3150,1,5.281658559397329e-06,0,0.9790508217963078,model::roberta_sentiment_profile,RoBERTa + Sentiment Profile,42
12007,0,8.333433470397722e-06,0,0.9790508217963078,model::roberta_sentiment_profile,RoBERTa + Sentiment Profile,42
20412,0,4.035263373225462e-06,0,0.9790508217963078,model::roberta_sentiment_profile,RoBERTa + Sentiment Profile,42
10966,1,7.941286639834289e-06,0,0.9790508217963078,model::roberta_sentiment_profile,RoBERTa + Sentiment Profile,42
15297,1,4.808897301700199e-06,0,0.9790508217963078,model::roberta_sentiment_profile,RoBERTa + Sentiment Profile,42
8581,0,0.0026409593410789,0,0.9790508217963078,model::roberta_sentiment_profile,RoBERTa + Sentiment Profile,42
9247,1,4.325329427956604e-06,0,0.9790508217963078,model::roberta_sentiment_profile,RoBERTa + Sentiment Profile,42
20802,1,8.268697274615988e-05,0,0.9790508217963078,model::roberta_sentiment_profile,RoBERTa + Sentiment Profile,42
11856,0,3.2600019039819017e-06,0,0.9790508217963078,model::roberta_sentiment_profile,RoBERTa + Sentiment Profile,42
16750,0,3.98976544602192e-06,0,0.9790508217963078,model::roberta_sentiment_profile,RoBERTa + Sentiment Profile,42
14447,1,6.288918484642636e-06,0,0.9790508217963078,model::roberta_sentiment_profile,RoBERTa + Sentiment Profile,42
599,1,7.66547782404814e-06,0,0.9790508217963078,model::roberta_sentiment_profile,RoBERTa + Sentiment Profile,42
19339,1,0.9972521662712096,1,0.9790508217963078,model::roberta_sentiment_profile,RoBERTa + Sentiment Profile,42
20904,0,3.099750074397889e-06,0,0.9790508217963078,model::roberta_sentiment_profile,RoBERTa + Sentiment Profile,42
18860,1,4.014443675259827e-06,0,0.9790508217963078,model::roberta_sentiment_profile,RoBERTa + Sentiment Profile,42
7349,0,5.015716305933893e-05,0,0.9790508217963078,model::roberta_sentiment_profile,RoBERTa + Sentiment Profile,42
12739,0,3.4623624287632992e-06,0,0.9790508217963078,model::roberta_sentiment_profile,RoBERTa + Sentiment Profile,42
1732,0,4.269164946890669e-06,0,0.9790508217963078,model::roberta_sentiment_profile,RoBERTa + Sentiment Profile,42
9070,1,3.950962309318129e-06,0,0.9790508217963078,model::roberta_sentiment_profile,RoBERTa + Sentiment Profile,42
20274,0,3.3437459023843985e-06,0,0.9790508217963078,model::roberta_sentiment_profile,RoBERTa + Sentiment Profile,42
16439,1,4.852338861383032e-06,0,0.9790508217963078,model::roberta_sentiment_profile,RoBERTa + Sentiment Profile,42
9723,0,5.93983077123994e-06,0,0.9790508217963078,model::roberta_sentiment_profile,RoBERTa + Sentiment Profile,42
15367,0,1.1445330528658816e-05,0,0.9790508217963078,model::roberta_sentiment_profile,RoBERTa + Sentiment Profile,42
21113,0,0.9999785423278807,1,0.9790508217963078,model::roberta_sentiment_profile,RoBERTa + Sentiment Profile,42
12151,1,3.715868842846248e-06,0,0.9790508217963078,model::roberta_sentiment_profile,RoBERTa + Sentiment Profile,42
4476,1,3.597760724005638e-06,0,0.9790508217963078,model::roberta_sentiment_profile,RoBERTa + Sentiment Profile,42
8093,1,4.398519649839727e-06,0,0.9790508217963078,model::roberta_sentiment_profile,RoBERTa + Sentiment Profile,42
6237,0,3.229047706554411e-06,0,0.9790508217963078,model::roberta_sentiment_profile,RoBERTa + Sentiment Profile,42
19531,1,4.995632025384111e-06,0,0.9790508217963078,model::roberta_sentiment_profile,RoBERTa + Sentiment Profile,42
5192,0,7.425715011777356e-05,0,0.9790508217963078,model::roberta_sentiment_profile,RoBERTa + Sentiment Profile,42
16725,1,3.861986897391034e-06,0,0.9790508217963078,model::roberta_sentiment_profile,RoBERTa + Sentiment Profile,42
7744,1,3.944825493817916e-06,0,0.9790508217963078,model::roberta_sentiment_profile,RoBERTa + Sentiment Profile,42
9746,0,3.2608820674795425e-06,0,0.9790508217963078,model::roberta_sentiment_profile,RoBERTa + Sentiment Profile,42
2397,1,7.346938673435943e-06,0,0.9790508217963078,model::roberta_sentiment_profile,RoBERTa + Sentiment Profile,42
3746,0,3.5711282180272974e-06,0,0.9790508217963078,model::roberta_sentiment_profile,RoBERTa + Sentiment Profile,42
5190,0,4.407757842272986e-06,0,0.9790508217963078,model::roberta_sentiment_profile,RoBERTa + Sentiment Profile,42
19360,0,2.9462986276485022e-05,0,0.9790508217963078,model::roberta_sentiment_profile,RoBERTa + Sentiment Profile,42
5879,1,3.51152789335174e-06,0,0.9790508217963078,model::roberta_sentiment_profile,RoBERTa + Sentiment Profile,42
11527,1,4.464336598175578e-06,0,0.9790508217963078,model::roberta_sentiment_profile,RoBERTa + Sentiment Profile,42
2187,0,5.834468538523652e-06,0,0.9790508217963078,model::roberta_sentiment_profile,RoBERTa + Sentiment Profile,42
12869,0,3.410403678572038e-06,0,0.9790508217963078,model::roberta_sentiment_profile,RoBERTa + Sentiment Profile,42
5091,1,3.2827076665853383e-06,0,0.9790508217963078,model::roberta_sentiment_profile,RoBERTa + Sentiment Profile,42
14152,1,4.695273673860356e-06,0,0.9790508217963078,model::roberta_sentiment_profile,RoBERTa + Sentiment Profile,42
20776,0,3.330690560687799e-06,0,0.9790508217963078,model::roberta_sentiment_profile,RoBERTa + Sentiment Profile,42
20518,1,2.948761675725109e-06,0,0.9790508217963078,model::roberta_sentiment_profile,RoBERTa + Sentiment Profile,42
8641,1,4.536741471383721e-06,0,0.9790508217963078,model::roberta_sentiment_profile,RoBERTa + Sentiment Profile,42
11128,1,4.239931058691582e-06,0,0.9790508217963078,model::roberta_sentiment_profile,RoBERTa + Sentiment Profile,42
12306,0,8.33468948258087e-06,0,0.9790508217963078,model::roberta_sentiment_profile,RoBERTa + Sentiment Profile,42
8675,1,6.710631714668125e-05,0,0.9790508217963078,model::roberta_sentiment_profile,RoBERTa + Sentiment Profile,42
16643,1,5.083591531729326e-06,0,0.9790508217963078,model::roberta_sentiment_profile,RoBERTa + Sentiment Profile,42
16124,0,0.0006989946705289,0,0.9790508217963078,model::roberta_sentiment_profile,RoBERTa + Sentiment Profile,42
5838,0,0.0038505282718688,0,0.9790508217963078,model::roberta_sentiment_profile,RoBERTa + Sentiment Profile,42
8821,1,5.408677679952234e-06,0,0.9790508217963078,model::roberta_sentiment_profile,RoBERTa + Sentiment Profile,42
13942,1,4.989585249859374e-06,0,0.9790508217963078,model::roberta_sentiment_profile,RoBERTa + Sentiment Profile,42
7149,1,2.494911859685089e-05,0,0.9790508217963078,model::roberta_sentiment_profile,RoBERTa + Sentiment Profile,42
6690,1,5.725812570744893e-06,0,0.9790508217963078,model::roberta_sentiment_profile,RoBERTa + Sentiment Profile,42
18207,0,2.268740718136541e-05,0,0.9790508217963078,model::roberta_sentiment_profile,RoBERTa + Sentiment Profile,42
20961,0,2.8395013487170218e-06,0,0.9790508217963078,model::roberta_sentiment_profile,RoBERTa + Sentiment Profile,42
7895,1,9.50757930695545e-06,0,0.9790508217963078,model::roberta_sentiment_profile,RoBERTa + Sentiment Profile,42
18853,1,4.949622962158173e-06,0,0.9790508217963078,model::roberta_sentiment_profile,RoBERTa + Sentiment Profile,42
17705,0,9.995717846322805e-06,0,0.9790508217963078,model::roberta_sentiment_profile,RoBERTa + Sentiment Profile,42
19169,0,2.714230276978924e-06,0,0.9790508217963078,model::roberta_sentiment_profile,RoBERTa + Sentiment Profile,42
17658,1,4.499633178056683e-06,0,0.9790508217963078,model::roberta_sentiment_profile,RoBERTa + Sentiment Profile,42
13277,0,4.927487680106424e-06,0,0.9790508217963078,model::roberta_sentiment_profile,RoBERTa + Sentiment Profile,42
20062,1,4.923147571389563e-06,0,0.9790508217963078,model::roberta_sentiment_profile,RoBERTa + Sentiment Profile,42
16652,1,7.028098934824811e-06,0,0.9790508217963078,model::roberta_sentiment_profile,RoBERTa + Sentiment Profile,42
11093,0,3.611225338318036e-06,0,0.9790508217963078,model::roberta_sentiment_profile,RoBERTa + Sentiment Profile,42
12262,0,5.007337222195929e-06,0,0.9790508217963078,model::roberta_sentiment_profile,RoBERTa + Sentiment Profile,42
3119,1,4.149957476329291e-06,0,0.9790508217963078,model::roberta_sentiment_profile,RoBERTa + Sentiment Profile,42
17297,0,4.69748647446977e-06,0,0.9790508217963078,model::roberta_sentiment_profile,RoBERTa + Sentiment Profile,42
10638,1,4.433000867720693e-06,0,0.9790508217963078,model::roberta_sentiment_profile,RoBERTa + Sentiment Profile,42
2783,1,3.725459464476444e-06,0,0.9790508217963078,model::roberta_sentiment_profile,RoBERTa + Sentiment Profile,42
14032,0,2.755959940259345e-05,0,0.9790508217963078,model::roberta_sentiment_profile,RoBERTa + Sentiment Profile,42
14851,0,8.043858542805538e-06,0,0.9790508217963078,model::roberta_sentiment_profile,RoBERTa + Sentiment Profile,42
12174,0,3.2029752219386864e-06,0,0.9790508217963078,model::roberta_sentiment_profile,RoBERTa + Sentiment Profile,42
2004,1,4.080844519194216e-06,0,0.9790508217963078,model::roberta_sentiment_profile,RoBERTa + Sentiment Profile,42
18219,1,9.569618669047486e-06,0,0.9790508217963078,model::roberta_sentiment_profile,RoBERTa + Sentiment Profile,42
8168,0,0.999969244003296,1,0.9790508217963078,model::roberta_sentiment_profile,RoBERTa + Sentiment Profile,42
20316,0,2.819592282321537e-06,0,0.9790508217963078,model::roberta_sentiment_profile,RoBERTa + Sentiment Profile,42
4844,0,2.972600441353279e-06,0,0.9790508217963078,model::roberta_sentiment_profile,RoBERTa + Sentiment Profile,42
11474,1,4.862655259785242e-06,0,0.9790508217963078,model::roberta_sentiment_profile,RoBERTa + Sentiment Profile,42
10047,0,0.9999268054962158,1,0.9790508217963078,model::roberta_sentiment_profile,RoBERTa + Sentiment Profile,42
5861,1,3.730429853021633e-06,0,0.9790508217963078,model::roberta_sentiment_profile,RoBERTa + Sentiment Profile,42
9226,1,4.492691004998051e-06,0,0.9790508217963078,model::roberta_sentiment_profile,RoBERTa + Sentiment Profile,42
20898,0,5.502477051777532e-06,0,0.9790508217963078,model::roberta_sentiment_profile,RoBERTa + Sentiment Profile,42
569,0,6.6054403760063e-06,0,0.9790508217963078,model::roberta_sentiment_profile,RoBERTa + Sentiment Profile,42
4565,0,3.3063754472095752e-06,0,0.9790508217963078,model::roberta_sentiment_profile,RoBERTa + Sentiment Profile,42
7145,1,4.655252723750891e-06,0,0.9790508217963078,model::roberta_sentiment_profile,RoBERTa + Sentiment Profile,42
11649,1,7.76878914621193e-06,0,0.9790508217963078,model::roberta_sentiment_profile,RoBERTa + Sentiment Profile,42
13929,1,4.218852609483292e-06,0,0.9790508217963078,model::roberta_sentiment_profile,RoBERTa + Sentiment Profile,42
3753,1,1.2210432942083573e-05,0,0.9790508217963078,model::roberta_sentiment_profile,RoBERTa + Sentiment Profile,42
15158,1,4.212584826746024e-06,0,0.9790508217963078,model::roberta_sentiment_profile,RoBERTa + Sentiment Profile,42
16218,1,4.809580332221231e-06,0,0.9790508217963078,model::roberta_sentiment_profile,RoBERTa + Sentiment Profile,42
20386,1,4.94869800604647e-06,0,0.9790508217963078,model::roberta_sentiment_profile,RoBERTa + Sentiment Profile,42
17498,0,5.641677944367984e-06,0,0.9790508217963078,model::roberta_sentiment_profile,RoBERTa + Sentiment Profile,42
2167,0,6.345379915728699e-06,0,0.9790508217963078,model::roberta_sentiment_profile,RoBERTa + Sentiment Profile,42
2243,0,0.0132514154538512,0,0.9790508217963078,model::roberta_sentiment_profile,RoBERTa + Sentiment Profile,42
10786,0,3.818369805230759e-06,0,0.9790508217963078,model::roberta_sentiment_profile,RoBERTa + Sentiment Profile,42
3657,0,8.52144330565352e-06,0,0.9790508217963078,model::roberta_sentiment_profile,RoBERTa + Sentiment Profile,42
3062,1,4.190299023321131e-06,0,0.9790508217963078,model::roberta_sentiment_profile,RoBERTa + Sentiment Profile,42
4628,0,3.84150098398095e-06,0,0.9790508217963078,model::roberta_sentiment_profile,RoBERTa + Sentiment Profile,42
9579,1,4.67592053610133e-06,0,0.9790508217963078,model::roberta_sentiment_profile,RoBERTa + Sentiment Profile,42
2333,1,3.5204668620281154e-06,0,0.9790508217963078,model::roberta_sentiment_profile,RoBERTa + Sentiment Profile,42
20319,0,3.9049509723554365e-06,0,0.9790508217963078,model::roberta_sentiment_profile,RoBERTa + Sentiment Profile,42
16926,1,4.179295956419082e-06,0,0.9790508217963078,model::roberta_sentiment_profile,RoBERTa + Sentiment Profile,42
6800,1,4.473464741749922e-06,0,0.9790508217963078,model::roberta_sentiment_profile,RoBERTa + Sentiment Profile,42
5003,0,6.301454050117172e-06,0,0.9790508217963078,model::roberta_sentiment_profile,RoBERTa + Sentiment Profile,42
12074,1,5.362443062040256e-06,0,0.9790508217963078,model::roberta_sentiment_profile,RoBERTa + Sentiment Profile,42
6804,0,0.956122636795044,0,0.9790508217963078,model::roberta_sentiment_profile,RoBERTa + Sentiment Profile,42
10891,1,5.276639058138244e-06,0,0.9790508217963078,model::roberta_sentiment_profile,RoBERTa + Sentiment Profile,42
12606,1,3.987628133472754e-06,0,0.9790508217963078,model::roberta_sentiment_profile,RoBERTa + Sentiment Profile,42
4490,0,3.799531441472936e-06,0,0.9790508217963078,model::roberta_sentiment_profile,RoBERTa + Sentiment Profile,42
9963,1,7.751146767986938e-06,0,0.9790508217963078,model::roberta_sentiment_profile,RoBERTa + Sentiment Profile,42
3158,0,5.883874564460712e-06,0,0.9790508217963078,model::roberta_sentiment_profile,RoBERTa + Sentiment Profile,42
16831,1,4.497672762227012e-06,0,0.9790508217963078,model::roberta_sentiment_profile,RoBERTa + Sentiment Profile,42
2875,1,5.927952770434786e-06,0,0.9790508217963078,model::roberta_sentiment_profile,RoBERTa + Sentiment Profile,42
7424,1,4.809305664821295e-06,0,0.9790508217963078,model::roberta_sentiment_profile,RoBERTa + Sentiment Profile,42
3520,0,0.060557410120964,0,0.9790508217963078,model::roberta_sentiment_profile,RoBERTa + Sentiment Profile,42
13077,0,3.430556489547598e-06,0,0.9790508217963078,model::roberta_sentiment_profile,RoBERTa + Sentiment Profile,42
10020,1,4.316383183322614e-06,0,0.9790508217963078,model::roberta_sentiment_profile,RoBERTa + Sentiment Profile,42
18236,1,3.994204234913923e-06,0,0.9790508217963078,model::roberta_sentiment_profile,RoBERTa + Sentiment Profile,42
12740,1,3.671348395073437e-06,0,0.9790508217963078,model::roberta_sentiment_profile,RoBERTa + Sentiment Profile,42
626,1,3.686448735606973e-06,0,0.9790508217963078,model::roberta_sentiment_profile,RoBERTa + Sentiment Profile,42
5714,1,3.879372343362775e-06,0,0.9790508217963078,model::roberta_sentiment_profile,RoBERTa + Sentiment Profile,42
13642,1,4.275268111086916e-06,0,0.9790508217963078,model::roberta_sentiment_profile,RoBERTa + Sentiment Profile,42
18508,1,4.734762114821933e-06,0,0.9790508217963078,model::roberta_sentiment_profile,RoBERTa + Sentiment Profile,42
3639,1,3.707815494635725e-06,0,0.9790508217963078,model::roberta_sentiment_profile,RoBERTa + Sentiment Profile,42
15024,0,4.277531843399629e-06,0,0.9790508217963078,model::roberta_sentiment_profile,RoBERTa + Sentiment Profile,42
15804,1,0.0005080385599285,0,0.9790508217963078,model::roberta_sentiment_profile,RoBERTa + Sentiment Profile,42
614,1,3.982360794907436e-06,0,0.9790508217963078,model::roberta_sentiment_profile,RoBERTa + Sentiment Profile,42
21007,0,4.59029752164497e-06,0,0.9790508217963078,model::roberta_sentiment_profile,RoBERTa + Sentiment Profile,42
48,0,3.1828931241761893e-06,0,0.9790508217963078,model::roberta_sentiment_profile,RoBERTa + Sentiment Profile,42
4659,0,1.0799798474181443e-05,0,0.9790508217963078,model::roberta_sentiment_profile,RoBERTa + Sentiment Profile,42
2451,0,3.943870069633704e-06,0,0.9790508217963078,model::roberta_sentiment_profile,RoBERTa + Sentiment Profile,42
20014,1,4.373097908683121e-06,0,0.9790508217963078,model::roberta_sentiment_profile,RoBERTa + Sentiment Profile,42
16523,1,5.10311792822904e-06,0,0.9790508217963078,model::roberta_sentiment_profile,RoBERTa + Sentiment Profile,42
7588,0,4.057266323798103e-06,0,0.9790508217963078,model::roberta_sentiment_profile,RoBERTa + Sentiment Profile,42
10690,0,3.3836961392808007e-06,0,0.9790508217963078,model::roberta_sentiment_profile,RoBERTa + Sentiment Profile,42
11707,1,4.039244231535122e-06,0,0.9790508217963078,model::roberta_sentiment_profile,RoBERTa + Sentiment Profile,42
7072,0,3.873292371281423e-06,0,0.9790508217963078,model::roberta_sentiment_profile,RoBERTa + Sentiment Profile,42
2583,1,4.891081516689155e-06,0,0.9790508217963078,model::roberta_sentiment_profile,RoBERTa + Sentiment Profile,42
14906,1,5.843556664331118e-06,0,0.9790508217963078,model::roberta_sentiment_profile,RoBERTa + Sentiment Profile,42
7454,1,3.876572463923367e-06,0,0.9790508217963078,model::roberta_sentiment_profile,RoBERTa + Sentiment Profile,42
8783,1,4.725969574792544e-06,0,0.9790508217963078,model::roberta_sentiment_profile,RoBERTa + Sentiment Profile,42
6422,0,0.0001114108090405,0,0.9790508217963078,model::roberta_sentiment_profile,RoBERTa + Sentiment Profile,42
7361,1,4.141069894103566e-06,0,0.9790508217963078,model::roberta_sentiment_profile,RoBERTa + Sentiment Profile,42
10470,0,3.733640141945216e-06,0,0.9790508217963078,model::roberta_sentiment_profile,RoBERTa + Sentiment Profile,42
13196,1,3.695727627928136e-06,0,0.9790508217963078,model::roberta_sentiment_profile,RoBERTa + Sentiment Profile,42
8823,0,3.847789230349008e-06,0,0.9790508217963078,model::roberta_sentiment_profile,RoBERTa + Sentiment Profile,42
13026,0,3.6018254832015373e-06,0,0.9790508217963078,model::roberta_sentiment_profile,RoBERTa + Sentiment Profile,42
6243,1,1.1079379873990549e-05,0,0.9790508217963078,model::roberta_sentiment_profile,RoBERTa + Sentiment Profile,42
11626,0,5.717384919989854e-05,0,0.9790508217963078,model::roberta_sentiment_profile,RoBERTa + Sentiment Profile,42
4722,0,4.244170668243896e-06,0,0.9790508217963078,model::roberta_sentiment_profile,RoBERTa + Sentiment Profile,42
9105,0,4.013165380456485e-06,0,0.9790508217963078,model::roberta_sentiment_profile,RoBERTa + Sentiment Profile,42
7276,1,3.946198830817593e-06,0,0.9790508217963078,model::roberta_sentiment_profile,RoBERTa + Sentiment Profile,42
13624,0,3.3131079817394493e-06,0,0.9790508217963078,model::roberta_sentiment_profile,RoBERTa + Sentiment Profile,42
1294,0,3.517124696372776e-06,0,0.9790508217963078,model::roberta_sentiment_profile,RoBERTa + Sentiment Profile,42
2762,1,5.271418103802716e-06,0,0.9790508217963078,model::roberta_sentiment_profile,RoBERTa + Sentiment Profile,42
11880,1,3.890160769515205e-06,0,0.9790508217963078,model::roberta_sentiment_profile,RoBERTa + Sentiment Profile,42
9542,1,3.298240926596918e-06,0,0.9790508217963078,model::roberta_sentiment_profile,RoBERTa + Sentiment Profile,42
354,1,4.721829100162722e-06,0,0.9790508217963078,model::roberta_sentiment_profile,RoBERTa + Sentiment Profile,42
11301,0,0.0012236277107149,0,0.9790508217963078,model::roberta_sentiment_profile,RoBERTa + Sentiment Profile,42
20095,0,2.7805765512312064e-06,0,0.9790508217963078,model::roberta_sentiment_profile,RoBERTa + Sentiment Profile,42
17999,1,5.5826549214543775e-06,0,0.9790508217963078,model::roberta_sentiment_profile,RoBERTa + Sentiment Profile,42
2645,1,5.045868874731241e-06,0,0.9790508217963078,model::roberta_sentiment_profile,RoBERTa + Sentiment Profile,42
2234,1,5.020543994760374e-06,0,0.9790508217963078,model::roberta_sentiment_profile,RoBERTa + Sentiment Profile,42
11688,1,3.989856850239448e-06,0,0.9790508217963078,model::roberta_sentiment_profile,RoBERTa + Sentiment Profile,42
10725,0,0.9999916553497314,1,0.9790508217963078,model::roberta_sentiment_profile,RoBERTa + Sentiment Profile,42
6916,0,3.0568951387976995e-06,0,0.9790508217963078,model::roberta_sentiment_profile,RoBERTa + Sentiment Profile,42
9011,1,5.065694949735189e-06,0,0.9790508217963078,model::roberta_sentiment_profile,RoBERTa + Sentiment Profile,42
18464,0,3.815042873611674e-06,0,0.9790508217963078,model::roberta_sentiment_profile,RoBERTa + Sentiment Profile,42
19953,0,0.9999243021011353,1,0.9790508217963078,model::roberta_sentiment_profile,RoBERTa + Sentiment Profile,42
8233,0,5.185149348108098e-05,0,0.9790508217963078,model::roberta_sentiment_profile,RoBERTa + Sentiment Profile,42
3981,0,5.619040621240856e-06,0,0.9790508217963078,model::roberta_sentiment_profile,RoBERTa + Sentiment Profile,42
9752,1,7.919316885818262e-06,0,0.9790508217963078,model::roberta_sentiment_profile,RoBERTa + Sentiment Profile,42
4575,0,4.211383838992333e-06,0,0.9790508217963078,model::roberta_sentiment_profile,RoBERTa + Sentiment Profile,42
14558,0,5.473654709930997e-06,0,0.9790508217963078,model::roberta_sentiment_profile,RoBERTa + Sentiment Profile,42
11928,0,6.277485681494e-06,0,0.9790508217963078,model::roberta_sentiment_profile,RoBERTa + Sentiment Profile,42
4444,0,7.779858606227208e-06,0,0.9790508217963078,model::roberta_sentiment_profile,RoBERTa + Sentiment Profile,42
18467,1,4.9421805670135655e-06,0,0.9790508217963078,model::roberta_sentiment_profile,RoBERTa + Sentiment Profile,42
7606,0,3.152427780150901e-06,0,0.9790508217963078,model::roberta_sentiment_profile,RoBERTa + Sentiment Profile,42
18410,1,7.371186802629381e-05,0,0.9790508217963078,model::roberta_sentiment_profile,RoBERTa + Sentiment Profile,42
17983,1,7.720924622844905e-05,0,0.9790508217963078,model::roberta_sentiment_profile,RoBERTa + Sentiment Profile,42
15930,1,6.145111456135055e-06,0,0.9790508217963078,model::roberta_sentiment_profile,RoBERTa + Sentiment Profile,42
7429,0,5.4190295486478135e-06,0,0.9790508217963078,model::roberta_sentiment_profile,RoBERTa + Sentiment Profile,42
7104,0,4.369630005385261e-06,0,0.9790508217963078,model::roberta_sentiment_profile,RoBERTa + Sentiment Profile,42
18949,1,4.158030606049579e-06,0,0.9790508217963078,model::roberta_sentiment_profile,RoBERTa + Sentiment Profile,42
10732,1,3.820817710220581e-06,0,0.9790508217963078,model::roberta_sentiment_profile,RoBERTa + Sentiment Profile,42
10381,1,3.3869248454720946e-06,0,0.9790508217963078,model::roberta_sentiment_profile,RoBERTa + Sentiment Profile,42
17604,0,7.942679985717405e-06,0,0.9790508217963078,model::roberta_sentiment_profile,RoBERTa + Sentiment Profile,42
16909,1,4.9734417189029045e-06,0,0.9790508217963078,model::roberta_sentiment_profile,RoBERTa + Sentiment Profile,42
18975,1,5.05199341205298e-06,0,0.9790508217963078,model::roberta_sentiment_profile,RoBERTa + Sentiment Profile,42
7951,1,4.831379555980675e-06,0,0.9790508217963078,model::roberta_sentiment_profile,RoBERTa + Sentiment Profile,42
10647,0,0.000241433881456,0,0.9790508217963078,model::roberta_sentiment_profile,RoBERTa + Sentiment Profile,42
11217,0,1.1788027222792152e-05,0,0.9790508217963078,model::roberta_sentiment_profile,RoBERTa + Sentiment Profile,42
4794,0,5.057855560153257e-06,0,0.9790508217963078,model::roberta_sentiment_profile,RoBERTa + Sentiment Profile,42
17644,1,3.891619144269498e-06,0,0.9790508217963078,model::roberta_sentiment_profile,RoBERTa + Sentiment Profile,42
10081,1,6.461542943725362e-05,0,0.9790508217963078,model::roberta_sentiment_profile,RoBERTa + Sentiment Profile,42
16527,0,0.9999818801879884,1,0.9790508217963078,model::roberta_sentiment_profile,RoBERTa + Sentiment Profile,42
18750,1,3.2312163966707885e-06,0,0.9790508217963078,model::roberta_sentiment_profile,RoBERTa + Sentiment Profile,42
15382,1,4.508881829679012e-06,0,0.9790508217963078,model::roberta_sentiment_profile,RoBERTa + Sentiment Profile,42
4640,1,4.187087597529171e-06,0,0.9790508217963078,model::roberta_sentiment_profile,RoBERTa + Sentiment Profile,42
4407,0,3.351740133439307e-06,0,0.9790508217963078,model::roberta_sentiment_profile,RoBERTa + Sentiment Profile,42
19782,0,3.3424130378989503e-06,0,0.9790508217963078,model::roberta_sentiment_profile,RoBERTa + Sentiment Profile,42
14288,1,3.737038696272066e-06,0,0.9790508217963078,model::roberta_sentiment_profile,RoBERTa + Sentiment Profile,42
1967,0,7.411238129861886e-06,0,0.9790508217963078,model::roberta_sentiment_profile,RoBERTa + Sentiment Profile,42
9658,0,3.165122052450897e-06,0,0.9790508217963078,model::roberta_sentiment_profile,RoBERTa + Sentiment Profile,42
4808,0,0.0032122046686708,0,0.9790508217963078,model::roberta_sentiment_profile,RoBERTa + Sentiment Profile,42
5494,0,2.0339388356660493e-05,0,0.9790508217963078,model::roberta_sentiment_profile,RoBERTa + Sentiment Profile,42
20622,0,4.313230874686269e-06,0,0.9790508217963078,model::roberta_sentiment_profile,RoBERTa + Sentiment Profile,42
7209,0,0.9476288557052612,0,0.9790508217963078,model::roberta_sentiment_profile,RoBERTa + Sentiment Profile,42
10074,1,3.770891225940432e-06,0,0.9790508217963078,model::roberta_sentiment_profile,RoBERTa + Sentiment Profile,42
8835,0,4.535434982244624e-06,0,0.9790508217963078,model::roberta_sentiment_profile,RoBERTa + Sentiment Profile,42
8186,0,3.23788867717667e-06,0,0.9790508217963078,model::roberta_sentiment_profile,RoBERTa + Sentiment Profile,42
6294,1,5.854254595760722e-06,0,0.9790508217963078,model::roberta_sentiment_profile,RoBERTa + Sentiment Profile,42
5954,1,5.325686743162805e-06,0,0.9790508217963078,model::roberta_sentiment_profile,RoBERTa + Sentiment Profile,42
20302,0,4.812874976778403e-06,0,0.9790508217963078,model::roberta_sentiment_profile,RoBERTa + Sentiment Profile,42
10236,1,4.718750460597221e-06,0,0.9790508217963078,model::roberta_sentiment_profile,RoBERTa + Sentiment Profile,42
11945,0,0.0001102508249459,0,0.9790508217963078,model::roberta_sentiment_profile,RoBERTa + Sentiment Profile,42
12336,0,0.0001866189413703,0,0.9790508217963078,model::roberta_sentiment_profile,RoBERTa + Sentiment Profile,42
9515,1,4.109283054276602e-06,0,0.9790508217963078,model::roberta_sentiment_profile,RoBERTa + Sentiment Profile,42
8018,0,3.63455046681338e-06,0,0.9790508217963078,model::roberta_sentiment_profile,RoBERTa + Sentiment Profile,42
12779,0,3.4932506878249114e-06,0,0.9790508217963078,model::roberta_sentiment_profile,RoBERTa + Sentiment Profile,42
17947,0,3.5214170566177927e-06,0,0.9790508217963078,model::roberta_sentiment_profile,RoBERTa + Sentiment Profile,42
18792,1,4.773681666847551e-06,0,0.9790508217963078,model::roberta_sentiment_profile,RoBERTa + Sentiment Profile,42
18321,1,3.911686235369416e-06,0,0.9790508217963078,model::roberta_sentiment_profile,RoBERTa + Sentiment Profile,42
10611,1,4.4143034756416455e-06,0,0.9790508217963078,model::roberta_sentiment_profile,RoBERTa + Sentiment Profile,42
16529,0,0.0111318184062838,0,0.9790508217963078,model::roberta_sentiment_profile,RoBERTa + Sentiment Profile,42
20670,0,2.4603205019957386e-06,0,0.9790508217963078,model::roberta_sentiment_profile,RoBERTa + Sentiment Profile,42
2198,1,4.06339995606686e-06,0,0.9790508217963078,model::roberta_sentiment_profile,RoBERTa + Sentiment Profile,42
14419,1,5.057189810031559e-06,0,0.9790508217963078,model::roberta_sentiment_profile,RoBERTa + Sentiment Profile,42
17089,0,4.062144853378413e-06,0,0.9790508217963078,model::roberta_sentiment_profile,RoBERTa + Sentiment Profile,42
5803,1,0.0001259446871699,0,0.9790508217963078,model::roberta_sentiment_profile,RoBERTa + Sentiment Profile,42
11159,1,5.050423169450369e-06,0,0.9790508217963078,model::roberta_sentiment_profile,RoBERTa + Sentiment Profile,42
4982,1,3.7535223782469984e-06,0,0.9790508217963078,model::roberta_sentiment_profile,RoBERTa + Sentiment Profile,42
18079,0,3.379046120244311e-06,0,0.9790508217963078,model::roberta_sentiment_profile,RoBERTa + Sentiment Profile,42
3152,1,4.766711754200514e-06,0,0.9790508217963078,model::roberta_sentiment_profile,RoBERTa + Sentiment Profile,42
2813,0,9.84403413895052e-06,0,0.9790508217963078,model::roberta_sentiment_profile,RoBERTa + Sentiment Profile,42
2818,1,3.62200717063388e-06,0,0.9790508217963078,model::roberta_sentiment_profile,RoBERTa + Sentiment Profile,42
9507,1,4.295243797969306e-06,0,0.9790508217963078,model::roberta_sentiment_profile,RoBERTa + Sentiment Profile,42
5872,1,5.132059413881507e-06,0,0.9790508217963078,model::roberta_sentiment_profile,RoBERTa + Sentiment Profile,42
4366,1,4.792694198840763e-06,0,0.9790508217963078,model::roberta_sentiment_profile,RoBERTa + Sentiment Profile,42
2432,1,9.329559361503923e-06,0,0.9790508217963078,model::roberta_sentiment_profile,RoBERTa + Sentiment Profile,42
6574,1,4.29468673246447e-06,0,0.9790508217963078,model::roberta_sentiment_profile,RoBERTa + Sentiment Profile,42
13861,0,0.0001650221674935,0,0.9790508217963078,model::roberta_sentiment_profile,RoBERTa + Sentiment Profile,42
18835,0,0.1160948798060417,0,0.9790508217963078,model::roberta_sentiment_profile,RoBERTa + Sentiment Profile,42
1627,1,4.309991254558554e-06,0,0.9790508217963078,model::roberta_sentiment_profile,RoBERTa + Sentiment Profile,42
5263,1,2.383528772043064e-05,0,0.9790508217963078,model::roberta_sentiment_profile,RoBERTa + Sentiment Profile,42
14743,1,4.120883204450365e-06,0,0.9790508217963078,model::roberta_sentiment_profile,RoBERTa + Sentiment Profile,42
7814,0,3.5258497064205585e-06,0,0.9790508217963078,model::roberta_sentiment_profile,RoBERTa + Sentiment Profile,42
14849,1,3.805192136496771e-06,0,0.9790508217963078,model::roberta_sentiment_profile,RoBERTa + Sentiment Profile,42
8244,0,5.5806963246141095e-06,0,0.9790508217963078,model::roberta_sentiment_profile,RoBERTa + Sentiment Profile,42
12521,1,5.564571893046377e-06,0,0.9790508217963078,model::roberta_sentiment_profile,RoBERTa + Sentiment Profile,42
19236,1,4.95554104418261e-06,0,0.9790508217963078,model::roberta_sentiment_profile,RoBERTa + Sentiment Profile,42
559,0,2.850022383427131e-06,0,0.9790508217963078,model::roberta_sentiment_profile,RoBERTa + Sentiment Profile,42
9711,1,3.642437150119804e-06,0,0.9790508217963078,model::roberta_sentiment_profile,RoBERTa + Sentiment Profile,42
14318,0,3.6425553844310335e-06,0,0.9790508217963078,model::roberta_sentiment_profile,RoBERTa + Sentiment Profile,42
9456,1,4.769585757458117e-06,0,0.9790508217963078,model::roberta_sentiment_profile,RoBERTa + Sentiment Profile,42
221,0,2.793278099488816e-06,0,0.9790508217963078,model::roberta_sentiment_profile,RoBERTa + Sentiment Profile,42
5404,0,2.860762378986692e-06,0,0.9790508217963078,model::roberta_sentiment_profile,RoBERTa + Sentiment Profile,42
12978,0,2.9947495931992307e-06,0,0.9790508217963078,model::roberta_sentiment_profile,RoBERTa + Sentiment Profile,42
13785,0,5.673045961884782e-06,0,0.9790508217963078,model::roberta_sentiment_profile,RoBERTa + Sentiment Profile,42
7045,0,9.66389779932797e-06,0,0.9790508217963078,model::roberta_sentiment_profile,RoBERTa + Sentiment Profile,42
11761,1,4.561809419101337e-06,0,0.9790508217963078,model::roberta_sentiment_profile,RoBERTa + Sentiment Profile,42
10347,0,0.9767373204231262,0,0.9790508217963078,model::roberta_sentiment_profile,RoBERTa + Sentiment Profile,42
16541,1,3.620052666519769e-06,0,0.9790508217963078,model::roberta_sentiment_profile,RoBERTa + Sentiment Profile,42
12217,1,5.555891675612656e-06,0,0.9790508217963078,model::roberta_sentiment_profile,RoBERTa + Sentiment Profile,42
3789,0,1.4305393960967194e-05,0,0.9790508217963078,model::roberta_sentiment_profile,RoBERTa + Sentiment Profile,42
8363,1,4.928352154820459e-06,0,0.9790508217963078,model::roberta_sentiment_profile,RoBERTa + Sentiment Profile,42
17717,0,1.7181720977532677e-05,0,0.9790508217963078,model::roberta_sentiment_profile,RoBERTa + Sentiment Profile,42
14020,0,7.052828095766017e-06,0,0.9790508217963078,model::roberta_sentiment_profile,RoBERTa + Sentiment Profile,42
7490,1,3.938596819352824e-06,0,0.9790508217963078,model::roberta_sentiment_profile,RoBERTa + Sentiment Profile,42
13316,1,3.967796146753244e-06,0,0.9790508217963078,model::roberta_sentiment_profile,RoBERTa + Sentiment Profile,42
227,0,3.6196970540913753e-06,0,0.9790508217963078,model::roberta_sentiment_profile,RoBERTa + Sentiment Profile,42
17201,1,6.168810159579152e-06,0,0.9790508217963078,model::roberta_sentiment_profile,RoBERTa + Sentiment Profile,42
6356,0,3.0537337352143368e-06,0,0.9790508217963078,model::roberta_sentiment_profile,RoBERTa + Sentiment Profile,42
1016,0,3.744501782421139e-06,0,0.9790508217963078,model::roberta_sentiment_profile,RoBERTa + Sentiment Profile,42
10615,0,4.54499513580231e-06,0,0.9790508217963078,model::roberta_sentiment_profile,RoBERTa + Sentiment Profile,42
6432,1,4.059646471432643e-06,0,0.9790508217963078,model::roberta_sentiment_profile,RoBERTa + Sentiment Profile,42
556,1,4.801606337423436e-06,0,0.9790508217963078,model::roberta_sentiment_profile,RoBERTa + Sentiment Profile,42
16230,0,5.160505224921508e-06,0,0.9790508217963078,model::roberta_sentiment_profile,RoBERTa + Sentiment Profile,42
6959,0,1.3107517588650808e-05,0,0.9790508217963078,model::roberta_sentiment_profile,RoBERTa + Sentiment Profile,42
12216,1,9.0876210379065e-06,0,0.9790508217963078,model::roberta_sentiment_profile,RoBERTa + Sentiment Profile,42
12314,1,4.572550096781924e-06,0,0.9790508217963078,model::roberta_sentiment_profile,RoBERTa + Sentiment Profile,42
4822,0,0.9999747276306152,1,0.9790508217963078,model::roberta_sentiment_profile,RoBERTa + Sentiment Profile,42
3986,1,3.517734967317665e-06,0,0.9790508217963078,model::roberta_sentiment_profile,RoBERTa + Sentiment Profile,42
10498,1,4.048315076943254e-06,0,0.9790508217963078,model::roberta_sentiment_profile,RoBERTa + Sentiment Profile,42
11207,1,6.463413683377439e-06,0,0.9790508217963078,model::roberta_sentiment_profile,RoBERTa + Sentiment Profile,42
8885,1,4.639873168343911e-06,0,0.9790508217963078,model::roberta_sentiment_profile,RoBERTa + Sentiment Profile,42
11347,1,5.275662715575891e-06,0,0.9790508217963078,model::roberta_sentiment_profile,RoBERTa + Sentiment Profile,42
16177,0,4.1211660573026165e-06,0,0.9790508217963078,model::roberta_sentiment_profile,RoBERTa + Sentiment Profile,42
6396,0,5.261849764792714e-06,0,0.9790508217963078,model::roberta_sentiment_profile,RoBERTa + Sentiment Profile,42
14011,1,6.550899797730381e-06,0,0.9790508217963078,model::roberta_sentiment_profile,RoBERTa + Sentiment Profile,42
8713,0,3.1239394502335927e-06,0,0.9790508217963078,model::roberta_sentiment_profile,RoBERTa + Sentiment Profile,42
6917,0,3.0294841053546406e-06,0,0.9790508217963078,model::roberta_sentiment_profile,RoBERTa + Sentiment Profile,42
20398,0,2.773851974779973e-06,0,0.9790508217963078,model::roberta_sentiment_profile,RoBERTa + Sentiment Profile,42
19976,0,3.242669208702864e-06,0,0.9790508217963078,model::roberta_sentiment_profile,RoBERTa + Sentiment Profile,42
19008,1,7.44096814742079e-06,0,0.9790508217963078,model::roberta_sentiment_profile,RoBERTa + Sentiment Profile,42
16593,1,4.312301825848408e-06,0,0.9790508217963078,model::roberta_sentiment_profile,RoBERTa + Sentiment Profile,42
11248,0,6.04006390858558e-06,0,0.9790508217963078,model::roberta_sentiment_profile,RoBERTa + Sentiment Profile,42
20722,1,4.090624770469731e-06,0,0.9790508217963078,model::roberta_sentiment_profile,RoBERTa + Sentiment Profile,42
1924,1,4.54824748885585e-06,0,0.9790508217963078,model::roberta_sentiment_profile,RoBERTa + Sentiment Profile,42
9501,0,3.166393071296625e-06,0,0.9790508217963078,model::roberta_sentiment_profile,RoBERTa + Sentiment Profile,42
14798,1,3.5036737244809046e-06,0,0.9790508217963078,model::roberta_sentiment_profile,RoBERTa + Sentiment Profile,42
16378,0,4.546464879240375e-06,0,0.9790508217963078,model::roberta_sentiment_profile,RoBERTa + Sentiment Profile,42
9953,0,4.171041837253142e-06,0,0.9790508217963078,model::roberta_sentiment_profile,RoBERTa + Sentiment Profile,42
2778,0,3.2425514291389845e-06,0,0.9790508217963078,model::roberta_sentiment_profile,RoBERTa + Sentiment Profile,42
7289,1,4.291501682018861e-06,0,0.9790508217963078,model::roberta_sentiment_profile,RoBERTa + Sentiment Profile,42
4511,1,4.981250640412327e-06,0,0.9790508217963078,model::roberta_sentiment_profile,RoBERTa + Sentiment Profile,42
14006,0,3.621506493800553e-06,0,0.9790508217963078,model::roberta_sentiment_profile,RoBERTa + Sentiment Profile,42
10111,0,8.10044730314985e-06,0,0.9790508217963078,model::roberta_sentiment_profile,RoBERTa + Sentiment Profile,42
2281,0,3.77780565941066e-06,0,0.9790508217963078,model::roberta_sentiment_profile,RoBERTa + Sentiment Profile,42
12607,1,6.5095537138404325e-06,0,0.9790508217963078,model::roberta_sentiment_profile,RoBERTa + Sentiment Profile,42
18157,0,0.2334208488464355,0,0.9790508217963078,model::roberta_sentiment_profile,RoBERTa + Sentiment Profile,42
17548,1,4.770477517013205e-06,0,0.9790508217963078,model::roberta_sentiment_profile,RoBERTa + Sentiment Profile,42
15779,1,4.319459549151361e-06,0,0.9790508217963078,model::roberta_sentiment_profile,RoBERTa + Sentiment Profile,42
20594,0,6.409549769159639e-06,0,0.9790508217963078,model::roberta_sentiment_profile,RoBERTa + Sentiment Profile,42
15437,0,6.172288067318732e-06,0,0.9790508217963078,model::roberta_sentiment_profile,RoBERTa + Sentiment Profile,42
11322,1,5.458713985717623e-06,0,0.9790508217963078,model::roberta_sentiment_profile,RoBERTa + Sentiment Profile,42
18605,1,6.312208370218286e-06,0,0.9790508217963078,model::roberta_sentiment_profile,RoBERTa + Sentiment Profile,42
21053,1,1.242284088220913e-05,0,0.9790508217963078,model::roberta_sentiment_profile,RoBERTa + Sentiment Profile,42
5662,1,3.916624336852692e-06,0,0.9790508217963078,model::roberta_sentiment_profile,RoBERTa + Sentiment Profile,42
11892,0,1.250366312888218e-05,0,0.9790508217963078,model::roberta_sentiment_profile,RoBERTa + Sentiment Profile,42
5775,1,3.5672273952513933e-06,0,0.9790508217963078,model::roberta_sentiment_profile,RoBERTa + Sentiment Profile,42
14139,1,3.5270065836812137e-06,0,0.9790508217963078,model::roberta_sentiment_profile,RoBERTa + Sentiment Profile,42
19692,1,6.742448476870777e-06,0,0.9790508217963078,model::roberta_sentiment_profile,RoBERTa + Sentiment Profile,42
4473,0,4.093731149623636e-06,0,0.9790508217963078,model::roberta_sentiment_profile,RoBERTa + Sentiment Profile,42
20647,1,4.146871106058825e-06,0,0.9790508217963078,model::roberta_sentiment_profile,RoBERTa + Sentiment Profile,42
19921,1,9.038502867042553e-06,0,0.9790508217963078,model::roberta_sentiment_profile,RoBERTa + Sentiment Profile,42
16487,0,8.623115718364716e-06,0,0.9790508217963078,model::roberta_sentiment_profile,RoBERTa + Sentiment Profile,42
670,1,4.259245997673133e-06,0,0.9790508217963078,model::roberta_sentiment_profile,RoBERTa + Sentiment Profile,42
16860,0,3.1885988391877618e-06,0,0.9790508217963078,model::roberta_sentiment_profile,RoBERTa + Sentiment Profile,42
6128,1,3.4006473015324445e-06,0,0.9790508217963078,model::roberta_sentiment_profile,RoBERTa + Sentiment Profile,42
12790,0,3.85671637559426e-06,0,0.9790508217963078,model::roberta_sentiment_profile,RoBERTa + Sentiment Profile,42
4849,0,3.2319899219146464e-06,0,0.9790508217963078,model::roberta_sentiment_profile,RoBERTa + Sentiment Profile,42
18421,0,2.066600973194e-05,0,0.9790508217963078,model::roberta_sentiment_profile,RoBERTa + Sentiment Profile,42
1477,0,4.3758682295447215e-06,0,0.9790508217963078,model::roberta_sentiment_profile,RoBERTa + Sentiment Profile,42
1422,0,3.1160932394413976e-06,0,0.9790508217963078,model::roberta_sentiment_profile,RoBERTa + Sentiment Profile,42
11260,0,0.9999887943267822,1,0.9790508217963078,model::roberta_sentiment_profile,RoBERTa + Sentiment Profile,42
17332,0,5.964176125416998e-06,0,0.9790508217963078,model::roberta_sentiment_profile,RoBERTa + Sentiment Profile,42
3713,0,3.698442469612928e-06,0,0.9790508217963078,model::roberta_sentiment_profile,RoBERTa + Sentiment Profile,42
4360,0,6.571096946572652e-06,0,0.9790508217963078,model::roberta_sentiment_profile,RoBERTa + Sentiment Profile,42
14527,0,3.553469241523999e-06,0,0.9790508217963078,model::roberta_sentiment_profile,RoBERTa + Sentiment Profile,42
8526,1,4.443387751962291e-06,0,0.9790508217963078,model::roberta_sentiment_profile,RoBERTa + Sentiment Profile,42
3101,0,4.9915461204363964e-06,0,0.9790508217963078,model::roberta_sentiment_profile,RoBERTa + Sentiment Profile,42
8673,1,3.983576334576355e-06,0,0.9790508217963078,model::roberta_sentiment_profile,RoBERTa + Sentiment Profile,42
20321,0,3.1504112030233955e-06,0,0.9790508217963078,model::roberta_sentiment_profile,RoBERTa + Sentiment Profile,42
2411,0,3.350366114318604e-06,0,0.9790508217963078,model::roberta_sentiment_profile,RoBERTa + Sentiment Profile,42
15912,1,9.919879630615467e-06,0,0.9790508217963078,model::roberta_sentiment_profile,RoBERTa + Sentiment Profile,42
16662,1,6.405205567716621e-06,0,0.9790508217963078,model::roberta_sentiment_profile,RoBERTa + Sentiment Profile,42
12940,0,1.3821755601384211e-05,0,0.9790508217963078,model::roberta_sentiment_profile,RoBERTa + Sentiment Profile,42
8926,1,5.391636022977764e-06,0,0.9790508217963078,model::roberta_sentiment_profile,RoBERTa + Sentiment Profile,42
20423,0,3.9729493437334895e-06,0,0.9790508217963078,model::roberta_sentiment_profile,RoBERTa + Sentiment Profile,42
6242,1,3.6932649436494094e-06,0,0.9790508217963078,model::roberta_sentiment_profile,RoBERTa + Sentiment Profile,42
5924,0,5.86065061725094e-06,0,0.9790508217963078,model::roberta_sentiment_profile,RoBERTa + Sentiment Profile,42
14214,0,3.691176971187815e-06,0,0.9790508217963078,model::roberta_sentiment_profile,RoBERTa + Sentiment Profile,42
15557,1,3.248608891226468e-06,0,0.9790508217963078,model::roberta_sentiment_profile,RoBERTa + Sentiment Profile,42
2667,0,5.513881660590414e-06,0,0.9790508217963078,model::roberta_sentiment_profile,RoBERTa + Sentiment Profile,42
14287,0,4.772388820128981e-06,0,0.9790508217963078,model::roberta_sentiment_profile,RoBERTa + Sentiment Profile,42
7373,0,3.5734551602217834e-06,0,0.9790508217963078,model::roberta_sentiment_profile,RoBERTa + Sentiment Profile,42
8547,1,4.6050649871176574e-06,0,0.9790508217963078,model::roberta_sentiment_profile,RoBERTa + Sentiment Profile,42
3638,1,3.618879190980806e-06,0,0.9790508217963078,model::roberta_sentiment_profile,RoBERTa + Sentiment Profile,42
6776,0,2.97424503514776e-06,0,0.9790508217963078,model::roberta_sentiment_profile,RoBERTa + Sentiment Profile,42
17287,1,4.7879475459922105e-06,0,0.9790508217963078,model::roberta_sentiment_profile,RoBERTa + Sentiment Profile,42
2915,0,2.34760191233363e-05,0,0.9790508217963078,model::roberta_sentiment_profile,RoBERTa + Sentiment Profile,42
18262,1,4.2919969018839765e-06,0,0.9790508217963078,model::roberta_sentiment_profile,RoBERTa + Sentiment Profile,42
16617,1,4.082572559127584e-06,0,0.9790508217963078,model::roberta_sentiment_profile,RoBERTa + Sentiment Profile,42
11524,1,4.311869815865066e-06,0,0.9790508217963078,model::roberta_sentiment_profile,RoBERTa + Sentiment Profile,42
11482,1,6.344817393255653e-06,0,0.9790508217963078,model::roberta_sentiment_profile,RoBERTa + Sentiment Profile,42
7515,1,5.053482709627133e-06,0,0.9790508217963078,model::roberta_sentiment_profile,RoBERTa + Sentiment Profile,42
16592,1,3.860867309413152e-06,0,0.9790508217963078,model::roberta_sentiment_profile,RoBERTa + Sentiment Profile,42
1011,1,4.455583166418364e-06,0,0.9790508217963078,model::roberta_sentiment_profile,RoBERTa + Sentiment Profile,42
18744,0,1.3315021533344408e-05,0,0.9790508217963078,model::roberta_sentiment_profile,RoBERTa + Sentiment Profile,42
9419,0,1.5334308045567013e-05,0,0.9790508217963078,model::roberta_sentiment_profile,RoBERTa + Sentiment Profile,42
19969,0,1.117957344831666e-05,0,0.9790508217963078,model::roberta_sentiment_profile,RoBERTa + Sentiment Profile,42
11031,1,5.047115337220021e-06,0,0.9790508217963078,model::roberta_sentiment_profile,RoBERTa + Sentiment Profile,42
1336,1,2.3504220735048875e-05,0,0.9790508217963078,model::roberta_sentiment_profile,RoBERTa + Sentiment Profile,42
2976,1,8.203704965126235e-06,0,0.9790508217963078,model::roberta_sentiment_profile,RoBERTa + Sentiment Profile,42
9188,1,4.304609774408164e-06,0,0.9790508217963078,model::roberta_sentiment_profile,RoBERTa + Sentiment Profile,42
4049,1,3.896409907611087e-06,0,0.9790508217963078,model::roberta_sentiment_profile,RoBERTa + Sentiment Profile,42
19567,0,3.7652710034308257e-06,0,0.9790508217963078,model::roberta_sentiment_profile,RoBERTa + Sentiment Profile,42
14807,1,3.4815705021173926e-06,0,0.9790508217963078,model::roberta_sentiment_profile,RoBERTa + Sentiment Profile,42
1257,1,5.002745183446677e-06,0,0.9790508217963078,model::roberta_sentiment_profile,RoBERTa + Sentiment Profile,42
20326,0,6.848097655165475e-06,0,0.9790508217963078,model::roberta_sentiment_profile,RoBERTa + Sentiment Profile,42
11605,0,4.777197318617255e-06,0,0.9790508217963078,model::roberta_sentiment_profile,RoBERTa + Sentiment Profile,42
3365,0,5.886456165171694e-06,0,0.9790508217963078,model::roberta_sentiment_profile,RoBERTa + Sentiment Profile,42
11378,0,3.4824770409613848e-06,0,0.9790508217963078,model::roberta_sentiment_profile,RoBERTa + Sentiment Profile,42
11665,1,5.358169346436625e-06,0,0.9790508217963078,model::roberta_sentiment_profile,RoBERTa + Sentiment Profile,42
5858,0,6.088168902351754e-06,0,0.9790508217963078,model::roberta_sentiment_profile,RoBERTa + Sentiment Profile,42
10405,1,4.820297817786923e-06,0,0.9790508217963078,model::roberta_sentiment_profile,RoBERTa + Sentiment Profile,42
8205,1,3.574041329557076e-06,0,0.9790508217963078,model::roberta_sentiment_profile,RoBERTa + Sentiment Profile,42
14304,1,4.467974122235319e-06,0,0.9790508217963078,model::roberta_sentiment_profile,RoBERTa + Sentiment Profile,42
1405,1,5.548166882363148e-06,0,0.9790508217963078,model::roberta_sentiment_profile,RoBERTa + Sentiment Profile,42
4561,0,1.00837451100233e-05,0,0.9790508217963078,model::roberta_sentiment_profile,RoBERTa + Sentiment Profile,42
15932,0,3.023659701284487e-06,0,0.9790508217963078,model::roberta_sentiment_profile,RoBERTa + Sentiment Profile,42
18624,1,9.457265150558667e-06,0,0.9790508217963078,model::roberta_sentiment_profile,RoBERTa + Sentiment Profile,42
265,1,4.445231752470136e-06,0,0.9790508217963078,model::roberta_sentiment_profile,RoBERTa + Sentiment Profile,42
19066,0,0.0005789136048406,0,0.9790508217963078,model::roberta_sentiment_profile,RoBERTa + Sentiment Profile,42
11126,0,0.0001635206572245,0,0.9790508217963078,model::roberta_sentiment_profile,RoBERTa + Sentiment Profile,42
11701,1,3.623451448220294e-06,0,0.9790508217963078,model::roberta_sentiment_profile,RoBERTa + Sentiment Profile,42
5097,1,5.083416908746585e-06,0,0.9790508217963078,model::roberta_sentiment_profile,RoBERTa + Sentiment Profile,42
19427,1,1.1318496945023073e-05,0,0.9790508217963078,model::roberta_sentiment_profile,RoBERTa + Sentiment Profile,42
7818,1,4.079716291016666e-06,0,0.9790508217963078,model::roberta_sentiment_profile,RoBERTa + Sentiment Profile,42
1595,1,1.1993794942100068e-05,0,0.9790508217963078,model::roberta_sentiment_profile,RoBERTa + Sentiment Profile,42
15046,0,3.44206887348264e-06,0,0.9790508217963078,model::roberta_sentiment_profile,RoBERTa + Sentiment Profile,42
18178,1,5.4985430324450135e-06,0,0.9790508217963078,model::roberta_sentiment_profile,RoBERTa + Sentiment Profile,42
8753,0,5.157981831871439e-06,0,0.9790508217963078,model::roberta_sentiment_profile,RoBERTa + Sentiment Profile,42
12835,1,5.262592821964063e-06,0,0.9790508217963078,model::roberta_sentiment_profile,RoBERTa + Sentiment Profile,42
15736,0,8.733110735192895e-05,0,0.9790508217963078,model::roberta_sentiment_profile,RoBERTa + Sentiment Profile,42
18109,1,4.384594376460882e-06,0,0.9790508217963078,model::roberta_sentiment_profile,RoBERTa + Sentiment Profile,42
13159,0,3.831486992567079e-06,0,0.9790508217963078,model::roberta_sentiment_profile,RoBERTa + Sentiment Profile,42
7253,0,0.0090127820149064,0,0.9790508217963078,model::roberta_sentiment_profile,RoBERTa + Sentiment Profile,42
7729,0,9.298345503339078e-06,0,0.9790508217963078,model::roberta_sentiment_profile,RoBERTa + Sentiment Profile,42
19005,0,3.308700115667307e-06,0,0.9790508217963078,model::roberta_sentiment_profile,RoBERTa + Sentiment Profile,42
2460,0,3.896309408446541e-06,0,0.9790508217963078,model::roberta_sentiment_profile,RoBERTa + Sentiment Profile,42
18090,0,3.874835783790331e-06,0,0.9790508217963078,model::roberta_sentiment_profile,RoBERTa + Sentiment Profile,42
2077,0,4.183036071481183e-05,0,0.9790508217963078,model::roberta_sentiment_profile,RoBERTa + Sentiment Profile,42
4663,1,3.901057425537147e-06,0,0.9790508217963078,model::roberta_sentiment_profile,RoBERTa + Sentiment Profile,42
16139,0,3.894132532877848e-06,0,0.9790508217963078,model::roberta_sentiment_profile,RoBERTa + Sentiment Profile,42
10338,0,4.068743237439776e-06,0,0.9790508217963078,model::roberta_sentiment_profile,RoBERTa + Sentiment Profile,42
14067,1,5.774199507868616e-06,0,0.9790508217963078,model::roberta_sentiment_profile,RoBERTa + Sentiment Profile,42
1836,0,5.068439349997789e-06,0,0.9790508217963078,model::roberta_sentiment_profile,RoBERTa + Sentiment Profile,42
2134,0,3.909340193786193e-06,0,0.9790508217963078,model::roberta_sentiment_profile,RoBERTa + Sentiment Profile,42
17561,0,4.548420747596538e-06,0,0.9790508217963078,model::roberta_sentiment_profile,RoBERTa + Sentiment Profile,42
10345,0,1.5643563529010862e-05,0,0.9790508217963078,model::roberta_sentiment_profile,RoBERTa + Sentiment Profile,42
3795,0,3.320740916024078e-06,0,0.9790508217963078,model::roberta_sentiment_profile,RoBERTa + Sentiment Profile,42
12517,1,3.766236659430433e-06,0,0.9790508217963078,model::roberta_sentiment_profile,RoBERTa + Sentiment Profile,42
16677,0,3.4750355553114787e-06,0,0.9790508217963078,model::roberta_sentiment_profile,RoBERTa + Sentiment Profile,42
15460,0,6.695742740703281e-06,0,0.9790508217963078,model::roberta_sentiment_profile,RoBERTa + Sentiment Profile,42
13065,1,4.072563115187222e-06,0,0.9790508217963078,model::roberta_sentiment_profile,RoBERTa + Sentiment Profile,42
1321,1,4.803754563909024e-06,0,0.9790508217963078,model::roberta_sentiment_profile,RoBERTa + Sentiment Profile,42
20250,1,3.1502609090239275e-06,0,0.9790508217963078,model::roberta_sentiment_profile,RoBERTa + Sentiment Profile,42
11640,1,0.0008128269691951,0,0.9790508217963078,model::roberta_sentiment_profile,RoBERTa + Sentiment Profile,42
6580,1,4.177411028649658e-06,0,0.9790508217963078,model::roberta_sentiment_profile,RoBERTa + Sentiment Profile,42
6313,0,4.578309926728252e-06,0,0.9790508217963078,model::roberta_sentiment_profile,RoBERTa + Sentiment Profile,42
11111,1,7.149424163799267e-06,0,0.9790508217963078,model::roberta_sentiment_profile,RoBERTa + Sentiment Profile,42
2475,0,3.008360863532289e-06,0,0.9790508217963078,model::roberta_sentiment_profile,RoBERTa + Sentiment Profile,42
10652,0,3.025644218723756e-06,0,0.9790508217963078,model::roberta_sentiment_profile,RoBERTa + Sentiment Profile,42
13222,1,3.662766175693832e-06,0,0.9790508217963078,model::roberta_sentiment_profile,RoBERTa + Sentiment Profile,42
5277,1,4.0202444324677344e-06,0,0.9790508217963078,model::roberta_sentiment_profile,RoBERTa + Sentiment Profile,42
21013,1,3.689864115585806e-06,0,0.9790508217963078,model::roberta_sentiment_profile,RoBERTa + Sentiment Profile,42
9,0,1.3705723176826725e-05,0,0.9790508217963078,model::roberta_sentiment_profile,RoBERTa + Sentiment Profile,42
20707,0,0.999933123588562,1,0.9790508217963078,model::roberta_sentiment_profile,RoBERTa + Sentiment Profile,42
10325,1,3.687996013468364e-06,0,0.9790508217963078,model::roberta_sentiment_profile,RoBERTa + Sentiment Profile,42
10768,0,6.526044217025628e-06,0,0.9790508217963078,model::roberta_sentiment_profile,RoBERTa + Sentiment Profile,42
2987,0,7.057840775814839e-06,0,0.9790508217963078,model::roberta_sentiment_profile,RoBERTa + Sentiment Profile,42
11122,1,4.555914074444445e-06,0,0.9790508217963078,model::roberta_sentiment_profile,RoBERTa + Sentiment Profile,42
15045,0,2.386353662586771e-05,0,0.9790508217963078,model::roberta_sentiment_profile,RoBERTa + Sentiment Profile,42
14538,0,4.524565611063736e-06,0,0.9790508217963078,model::roberta_sentiment_profile,RoBERTa + Sentiment Profile,42
413,0,3.2944685699476395e-06,0,0.9790508217963078,model::roberta_sentiment_profile,RoBERTa + Sentiment Profile,42
1205,0,3.232177959944238e-06,0,0.9790508217963078,model::roberta_sentiment_profile,RoBERTa + Sentiment Profile,42
16379,0,5.129754754307214e-06,0,0.9790508217963078,model::roberta_sentiment_profile,RoBERTa + Sentiment Profile,42
12654,0,3.538461214702693e-06,0,0.9790508217963078,model::roberta_sentiment_profile,RoBERTa + Sentiment Profile,42
2629,0,3.8154284993652254e-06,0,0.9790508217963078,model::roberta_sentiment_profile,RoBERTa + Sentiment Profile,42
4403,1,3.984005616075592e-06,0,0.9790508217963078,model::roberta_sentiment_profile,RoBERTa + Sentiment Profile,42
19138,1,5.283799509925302e-06,0,0.9790508217963078,model::roberta_sentiment_profile,RoBERTa + Sentiment Profile,42
628,0,3.770754346987815e-06,0,0.9790508217963078,model::roberta_sentiment_profile,RoBERTa + Sentiment Profile,42
20890,1,4.611261374520836e-06,0,0.9790508217963078,model::roberta_sentiment_profile,RoBERTa + Sentiment Profile,42
20004,1,3.828652552329004e-06,0,0.9790508217963078,model::roberta_sentiment_profile,RoBERTa + Sentiment Profile,42
9947,0,3.6172573345538686e-06,0,0.9790508217963078,model::roberta_sentiment_profile,RoBERTa + Sentiment Profile,42
16144,0,5.868587322765961e-06,0,0.9790508217963078,model::roberta_sentiment_profile,RoBERTa + Sentiment Profile,42
17524,1,5.777261776529485e-06,0,0.9790508217963078,model::roberta_sentiment_profile,RoBERTa + Sentiment Profile,42
10217,0,0.000766698969528,0,0.9790508217963078,model::roberta_sentiment_profile,RoBERTa + Sentiment Profile,42
10363,0,0.999976634979248,1,0.9790508217963078,model::roberta_sentiment_profile,RoBERTa + Sentiment Profile,42
16001,1,4.6439722609648015e-06,0,0.9790508217963078,model::roberta_sentiment_profile,RoBERTa + Sentiment Profile,42
3976,0,4.108264420210617e-06,0,0.9790508217963078,model::roberta_sentiment_profile,RoBERTa + Sentiment Profile,42
1978,0,7.754858415864874e-06,0,0.9790508217963078,model::roberta_sentiment_profile,RoBERTa + Sentiment Profile,42
3445,0,4.719515345641412e-06,0,0.9790508217963078,model::roberta_sentiment_profile,RoBERTa + Sentiment Profile,42
20953,0,3.3546182294230675e-06,0,0.9790508217963078,model::roberta_sentiment_profile,RoBERTa + Sentiment Profile,42
17904,0,5.366592176869744e-06,0,0.9790508217963078,model::roberta_sentiment_profile,RoBERTa + Sentiment Profile,42
6409,0,3.96548057324253e-06,0,0.9790508217963078,model::roberta_sentiment_profile,RoBERTa + Sentiment Profile,42
6020,0,9.801730811886957e-06,0,0.9790508217963078,model::roberta_sentiment_profile,RoBERTa + Sentiment Profile,42
19041,1,9.024842256621923e-06,0,0.9790508217963078,model::roberta_sentiment_profile,RoBERTa + Sentiment Profile,42
2889,1,4.884844656771747e-06,0,0.9790508217963078,model::roberta_sentiment_profile,RoBERTa + Sentiment Profile,42
6607,0,3.393646693439223e-06,0,0.9790508217963078,model::roberta_sentiment_profile,RoBERTa + Sentiment Profile,42
19231,1,7.964434189489111e-06,0,0.9790508217963078,model::roberta_sentiment_profile,RoBERTa + Sentiment Profile,42
14736,0,3.47003469869378e-06,0,0.9790508217963078,model::roberta_sentiment_profile,RoBERTa + Sentiment Profile,42
18719,1,4.106384039914701e-06,0,0.9790508217963078,model::roberta_sentiment_profile,RoBERTa + Sentiment Profile,42
19248,1,3.879579708154779e-06,0,0.9790508217963078,model::roberta_sentiment_profile,RoBERTa + Sentiment Profile,42
10087,1,4.257739419699647e-06,0,0.9790508217963078,model::roberta_sentiment_profile,RoBERTa + Sentiment Profile,42
7423,1,3.635195298556937e-06,0,0.9790508217963078,model::roberta_sentiment_profile,RoBERTa + Sentiment Profile,42
5009,1,3.614670958995703e-06,0,0.9790508217963078,model::roberta_sentiment_profile,RoBERTa + Sentiment Profile,42
18142,0,3.4375354971416527e-06,0,0.9790508217963078,model::roberta_sentiment_profile,RoBERTa + Sentiment Profile,42
12644,0,1.3103893252264244e-05,0,0.9790508217963078,model::roberta_sentiment_profile,RoBERTa + Sentiment Profile,42
18889,1,7.028105756035075e-06,0,0.9790508217963078,model::roberta_sentiment_profile,RoBERTa + Sentiment Profile,42
9810,1,5.12948599862284e-06,0,0.9790508217963078,model::roberta_sentiment_profile,RoBERTa + Sentiment Profile,42
17310,0,2.829515688063111e-05,0,0.9790508217963078,model::roberta_sentiment_profile,RoBERTa + Sentiment Profile,42
5329,1,4.493569576879963e-06,0,0.9790508217963078,model::roberta_sentiment_profile,RoBERTa + Sentiment Profile,42
15990,0,3.051218527616584e-06,0,0.9790508217963078,model::roberta_sentiment_profile,RoBERTa + Sentiment Profile,42
18161,0,4.141606950724963e-06,0,0.9790508217963078,model::roberta_sentiment_profile,RoBERTa + Sentiment Profile,42
20800,0,6.6774923652701546e-06,0,0.9790508217963078,model::roberta_sentiment_profile,RoBERTa + Sentiment Profile,42
4388,0,9.155254701909143e-06,0,0.9790508217963078,model::roberta_sentiment_profile,RoBERTa + Sentiment Profile,42
12997,0,5.42762018085341e-06,0,0.9790508217963078,model::roberta_sentiment_profile,RoBERTa + Sentiment Profile,42
15529,1,4.688241460826248e-05,0,0.9790508217963078,model::roberta_sentiment_profile,RoBERTa + Sentiment Profile,42
4515,0,0.999983549118042,1,0.9790508217963078,model::roberta_sentiment_profile,RoBERTa + Sentiment Profile,42
8682,1,3.596103852032684e-06,0,0.9790508217963078,model::roberta_sentiment_profile,RoBERTa + Sentiment Profile,42
1964,1,4.499517672229558e-06,0,0.9790508217963078,model::roberta_sentiment_profile,RoBERTa + Sentiment Profile,42
4004,1,3.1805325306777377e-06,0,0.9790508217963078,model::roberta_sentiment_profile,RoBERTa + Sentiment Profile,42
16870,0,2.848305257430184e-06,0,0.9790508217963078,model::roberta_sentiment_profile,RoBERTa + Sentiment Profile,42
9469,1,3.470484898571158e-06,0,0.9790508217963078,model::roberta_sentiment_profile,RoBERTa + Sentiment Profile,42
16215,1,3.732707227754872e-06,0,0.9790508217963078,model::roberta_sentiment_profile,RoBERTa + Sentiment Profile,42
2736,0,3.7548506952589378e-06,0,0.9790508217963078,model::roberta_sentiment_profile,RoBERTa + Sentiment Profile,42
5536,0,6.237692286958918e-05,0,0.9790508217963078,model::roberta_sentiment_profile,RoBERTa + Sentiment Profile,42
12685,0,2.2417270884034224e-06,0,0.9790508217963078,model::roberta_sentiment_profile,RoBERTa + Sentiment Profile,42
2266,0,3.631345634858008e-06,0,0.9790508217963078,model::roberta_sentiment_profile,RoBERTa + Sentiment Profile,42
13911,1,5.80505775360507e-06,0,0.9790508217963078,model::roberta_sentiment_profile,RoBERTa + Sentiment Profile,42
6424,1,5.181058895686874e-06,0,0.9790508217963078,model::roberta_sentiment_profile,RoBERTa + Sentiment Profile,42
9668,0,4.227652880217647e-06,0,0.9790508217963078,model::roberta_sentiment_profile,RoBERTa + Sentiment Profile,42
5980,1,4.572362740873359e-06,0,0.9790508217963078,model::roberta_sentiment_profile,RoBERTa + Sentiment Profile,42
13606,0,4.557921783998609e-06,0,0.9790508217963078,model::roberta_sentiment_profile,RoBERTa + Sentiment Profile,42
9254,0,4.860374247073196e-06,0,0.9790508217963078,model::roberta_sentiment_profile,RoBERTa + Sentiment Profile,42
14812,1,5.067419806437101e-06,0,0.9790508217963078,model::roberta_sentiment_profile,RoBERTa + Sentiment Profile,42
2368,0,2.8580830985447392e-05,0,0.9790508217963078,model::roberta_sentiment_profile,RoBERTa + Sentiment Profile,42
1894,1,4.0237810026155785e-06,0,0.9790508217963078,model::roberta_sentiment_profile,RoBERTa + Sentiment Profile,42
14639,1,4.291207005735487e-06,0,0.9790508217963078,model::roberta_sentiment_profile,RoBERTa + Sentiment Profile,42
2984,0,0.0016000835457816,0,0.9790508217963078,model::roberta_sentiment_profile,RoBERTa + Sentiment Profile,42
11783,0,6.290622422966408e-06,0,0.9790508217963078,model::roberta_sentiment_profile,RoBERTa + Sentiment Profile,42
12490,1,3.3781952879508026e-06,0,0.9790508217963078,model::roberta_sentiment_profile,RoBERTa + Sentiment Profile,42
14023,1,3.7330100894905614e-06,0,0.9790508217963078,model::roberta_sentiment_profile,RoBERTa + Sentiment Profile,42
2269,1,3.9202832340379246e-06,0,0.9790508217963078,model::roberta_sentiment_profile,RoBERTa + Sentiment Profile,42
8015,0,3.66217250302725e-06,0,0.9790508217963078,model::roberta_sentiment_profile,RoBERTa + Sentiment Profile,42
18677,0,4.385000011097873e-06,0,0.9790508217963078,model::roberta_sentiment_profile,RoBERTa + Sentiment Profile,42
5578,1,9.918914656736888e-06,0,0.9790508217963078,model::roberta_sentiment_profile,RoBERTa + Sentiment Profile,42
4643,1,6.295831553870812e-06,0,0.9790508217963078,model::roberta_sentiment_profile,RoBERTa + Sentiment Profile,42
19156,1,4.853421614825493e-06,0,0.9790508217963078,model::roberta_sentiment_profile,RoBERTa + Sentiment Profile,42
3206,0,0.9995718598365784,1,0.9790508217963078,model::roberta_sentiment_profile,RoBERTa + Sentiment Profile,42
15428,1,4.881850600213511e-06,0,0.9790508217963078,model::roberta_sentiment_profile,RoBERTa + Sentiment Profile,42
16131,0,3.2051477774075465e-06,0,0.9790508217963078,model::roberta_sentiment_profile,RoBERTa + Sentiment Profile,42
1989,0,3.5395748909650138e-06,0,0.9790508217963078,model::roberta_sentiment_profile,RoBERTa + Sentiment Profile,42
7293,1,4.148651441937545e-06,0,0.9790508217963078,model::roberta_sentiment_profile,RoBERTa + Sentiment Profile,42
18244,1,6.916262918821303e-06,0,0.9790508217963078,model::roberta_sentiment_profile,RoBERTa + Sentiment Profile,42
14079,1,5.7566821851651184e-06,0,0.9790508217963078,model::roberta_sentiment_profile,RoBERTa + Sentiment Profile,42
7188,0,0.9999932050704956,1,0.9790508217963078,model::roberta_sentiment_profile,RoBERTa + Sentiment Profile,42
20049,1,3.857900992443319e-06,0,0.9790508217963078,model::roberta_sentiment_profile,RoBERTa + Sentiment Profile,42
16956,1,4.937507128488505e-06,0,0.9790508217963078,model::roberta_sentiment_profile,RoBERTa + Sentiment Profile,42
9372,1,4.1700473047967535e-06,0,0.9790508217963078,model::roberta_sentiment_profile,RoBERTa + Sentiment Profile,42
14968,1,3.308573923277436e-06,0,0.9790508217963078,model::roberta_sentiment_profile,RoBERTa + Sentiment Profile,42
11974,0,3.791893504967448e-06,0,0.9790508217963078,model::roberta_sentiment_profile,RoBERTa + Sentiment Profile,42
11821,1,3.5747741549130296e-06,0,0.9790508217963078,model::roberta_sentiment_profile,RoBERTa + Sentiment Profile,42
6134,1,4.34849926023162e-06,0,0.9790508217963078,model::roberta_sentiment_profile,RoBERTa + Sentiment Profile,42
375,1,4.608219114743406e-06,0,0.9790508217963078,model::roberta_sentiment_profile,RoBERTa + Sentiment Profile,42
18947,1,4.794833785126684e-06,0,0.9790508217963078,model::roberta_sentiment_profile,RoBERTa + Sentiment Profile,42
19941,1,3.919984010281041e-06,0,0.9790508217963078,model::roberta_sentiment_profile,RoBERTa + Sentiment Profile,42
7048,0,4.639067810785491e-06,0,0.9790508217963078,model::roberta_sentiment_profile,RoBERTa + Sentiment Profile,42
4931,0,2.0032102838740684e-05,0,0.9790508217963078,model::roberta_sentiment_profile,RoBERTa + Sentiment Profile,42
19979,0,3.1352901714853942e-06,0,0.9790508217963078,model::roberta_sentiment_profile,RoBERTa + Sentiment Profile,42
16265,0,8.25093866296811e-06,0,0.9790508217963078,model::roberta_sentiment_profile,RoBERTa + Sentiment Profile,42
4125,0,4.013976649730466e-06,0,0.9790508217963078,model::roberta_sentiment_profile,RoBERTa + Sentiment Profile,42
3608,1,4.5764586502627935e-06,0,0.9790508217963078,model::roberta_sentiment_profile,RoBERTa + Sentiment Profile,42
3270,0,6.4023470258689485e-06,0,0.9790508217963078,model::roberta_sentiment_profile,RoBERTa + Sentiment Profile,42
9878,0,7.235601970023708e-06,0,0.9790508217963078,model::roberta_sentiment_profile,RoBERTa + Sentiment Profile,42
13799,0,3.453554199950304e-06,0,0.9790508217963078,model::roberta_sentiment_profile,RoBERTa + Sentiment Profile,42
2917,1,3.863500751322135e-06,0,0.9790508217963078,model::roberta_sentiment_profile,RoBERTa + Sentiment Profile,42
4199,0,3.038384193132515e-06,0,0.9790508217963078,model::roberta_sentiment_profile,RoBERTa + Sentiment Profile,42
8159,1,3.2908196772041265e-06,0,0.9790508217963078,model::roberta_sentiment_profile,RoBERTa + Sentiment Profile,42
10995,1,3.848127107630717e-06,0,0.9790508217963078,model::roberta_sentiment_profile,RoBERTa + Sentiment Profile,42
20100,1,4.118745891901199e-06,0,0.9790508217963078,model::roberta_sentiment_profile,RoBERTa + Sentiment Profile,42
3459,1,3.94623293686891e-06,0,0.9790508217963078,model::roberta_sentiment_profile,RoBERTa + Sentiment Profile,42
10628,1,5.605820661003236e-06,0,0.9790508217963078,model::roberta_sentiment_profile,RoBERTa + Sentiment Profile,42
7777,0,2.892789780162275e-06,0,0.9790508217963078,model::roberta_sentiment_profile,RoBERTa + Sentiment Profile,42
16485,0,4.233664185449015e-06,0,0.9790508217963078,model::roberta_sentiment_profile,RoBERTa + Sentiment Profile,42
2338,1,4.132059530093102e-06,0,0.9790508217963078,model::roberta_sentiment_profile,RoBERTa + Sentiment Profile,42
239,0,2.708551619434729e-06,0,0.9790508217963078,model::roberta_sentiment_profile,RoBERTa + Sentiment Profile,42
9970,1,3.964104507758748e-06,0,0.9790508217963078,model::roberta_sentiment_profile,RoBERTa + Sentiment Profile,42
13792,1,4.237650955474237e-06,0,0.9790508217963078,model::roberta_sentiment_profile,RoBERTa + Sentiment Profile,42
20033,0,3.634131189755863e-06,0,0.9790508217963078,model::roberta_sentiment_profile,RoBERTa + Sentiment Profile,42
19476,0,2.384242543485016e-05,0,0.9790508217963078,model::roberta_sentiment_profile,RoBERTa + Sentiment Profile,42
8937,1,4.81770575788687e-06,0,0.9790508217963078,model::roberta_sentiment_profile,RoBERTa + Sentiment Profile,42
7496,1,3.4147712995036272e-06,0,0.9790508217963078,model::roberta_sentiment_profile,RoBERTa + Sentiment Profile,42
16479,0,3.423872385610593e-06,0,0.9790508217963078,model::roberta_sentiment_profile,RoBERTa + Sentiment Profile,42
3878,1,8.048238669289276e-06,0,0.9790508217963078,model::roberta_sentiment_profile,RoBERTa + Sentiment Profile,42
8152,0,9.707598110253455e-06,0,0.9790508217963078,model::roberta_sentiment_profile,RoBERTa + Sentiment Profile,42
4784,1,4.824529241886921e-06,0,0.9790508217963078,model::roberta_sentiment_profile,RoBERTa + Sentiment Profile,42
11310,1,4.436506969796028e-06,0,0.9790508217963078,model::roberta_sentiment_profile,RoBERTa + Sentiment Profile,42
3739,0,3.1831543765292736e-06,0,0.9790508217963078,model::roberta_sentiment_profile,RoBERTa + Sentiment Profile,42
3404,0,3.7945451367704655e-06,0,0.9790508217963078,model::roberta_sentiment_profile,RoBERTa + Sentiment Profile,42
7311,1,6.332902103167726e-06,0,0.9790508217963078,model::roberta_sentiment_profile,RoBERTa + Sentiment Profile,42
7672,1,3.855554496112745e-06,0,0.9790508217963078,model::roberta_sentiment_profile,RoBERTa + Sentiment Profile,42
13190,0,4.038362476421753e-06,0,0.9790508217963078,model::roberta_sentiment_profile,RoBERTa + Sentiment Profile,42
5887,0,3.338033138788888e-06,0,0.9790508217963078,model::roberta_sentiment_profile,RoBERTa + Sentiment Profile,42
4656,0,3.476590109130484e-06,0,0.9790508217963078,model::roberta_sentiment_profile,RoBERTa + Sentiment Profile,42
1535,1,4.0902814362198114e-06,0,0.9790508217963078,model::roberta_sentiment_profile,RoBERTa + Sentiment Profile,42
6036,0,3.32641775457887e-06,0,0.9790508217963078,model::roberta_sentiment_profile,RoBERTa + Sentiment Profile,42
8774,1,4.3393397390900645e-06,0,0.9790508217963078,model::roberta_sentiment_profile,RoBERTa + Sentiment Profile,42
7379,0,3.237851615267573e-06,0,0.9790508217963078,model::roberta_sentiment_profile,RoBERTa + Sentiment Profile,42
17063,1,4.061734216520563e-06,0,0.9790508217963078,model::roberta_sentiment_profile,RoBERTa + Sentiment Profile,42
9635,0,1.0346940143790562e-05,0,0.9790508217963078,model::roberta_sentiment_profile,RoBERTa + Sentiment Profile,42
5991,1,4.566406005324097e-06,0,0.9790508217963078,model::roberta_sentiment_profile,RoBERTa + Sentiment Profile,42
10222,1,4.654808890336426e-06,0,0.9790508217963078,model::roberta_sentiment_profile,RoBERTa + Sentiment Profile,42
242,0,3.22706182487309e-06,0,0.9790508217963078,model::roberta_sentiment_profile,RoBERTa + Sentiment Profile,42
1440,0,0.2754181325435638,0,0.9790508217963078,model::roberta_sentiment_profile,RoBERTa + Sentiment Profile,42
17866,1,3.0685755518788937e-06,0,0.9790508217963078,model::roberta_sentiment_profile,RoBERTa + Sentiment Profile,42
6262,1,4.0007344068726525e-06,0,0.9790508217963078,model::roberta_sentiment_profile,RoBERTa + Sentiment Profile,42
525,0,4.185969373793341e-06,0,0.9790508217963078,model::roberta_sentiment_profile,RoBERTa + Sentiment Profile,42
6760,1,7.583385468024062e-06,0,0.9790508217963078,model::roberta_sentiment_profile,RoBERTa + Sentiment Profile,42
10757,0,9.821979801927228e-06,0,0.9790508217963078,model::roberta_sentiment_profile,RoBERTa + Sentiment Profile,42
3745,1,5.163587047718465e-06,0,0.9790508217963078,model::roberta_sentiment_profile,RoBERTa + Sentiment Profile,42
13302,1,4.639607595890993e-06,0,0.9790508217963078,model::roberta_sentiment_profile,RoBERTa + Sentiment Profile,42
2359,1,3.898748218489345e-06,0,0.9790508217963078,model::roberta_sentiment_profile,RoBERTa + Sentiment Profile,42
2230,0,4.199996510578785e-06,0,0.9790508217963078,model::roberta_sentiment_profile,RoBERTa + Sentiment Profile,42
8897,1,1.0992825991706924e-05,0,0.9790508217963078,model::roberta_sentiment_profile,RoBERTa + Sentiment Profile,42
11327,0,0.0038884419482201,0,0.9790508217963078,model::roberta_sentiment_profile,RoBERTa + Sentiment Profile,42
14905,0,3.97944904761971e-06,0,0.9790508217963078,model::roberta_sentiment_profile,RoBERTa + Sentiment Profile,42
3485,0,3.138862439300283e-06,0,0.9790508217963078,model::roberta_sentiment_profile,RoBERTa + Sentiment Profile,42
1823,0,2.9533424822147936e-05,0,0.9790508217963078,model::roberta_sentiment_profile,RoBERTa + Sentiment Profile,42
151,0,5.023302946938202e-06,0,0.9790508217963078,model::roberta_sentiment_profile,RoBERTa + Sentiment Profile,42
8191,0,3.292605697424733e-06,0,0.9790508217963078,model::roberta_sentiment_profile,RoBERTa + Sentiment Profile,42
17469,0,3.382634758963832e-06,0,0.9790508217963078,model::roberta_sentiment_profile,RoBERTa + Sentiment Profile,42
3680,1,4.262680249667028e-06,0,0.9790508217963078,model::roberta_sentiment_profile,RoBERTa + Sentiment Profile,42
6676,1,6.759232292097295e-06,0,0.9790508217963078,model::roberta_sentiment_profile,RoBERTa + Sentiment Profile,42
8994,0,2.925133458120399e-06,0,0.9790508217963078,model::roberta_sentiment_profile,RoBERTa + Sentiment Profile,42
12011,1,1.8588352759252302e-05,0,0.9790508217963078,model::roberta_sentiment_profile,RoBERTa + Sentiment Profile,42
12375,1,3.6119761261943495e-06,0,0.9790508217963078,model::roberta_sentiment_profile,RoBERTa + Sentiment Profile,42
18281,1,4.9575687626202125e-06,0,0.9790508217963078,model::roberta_sentiment_profile,RoBERTa + Sentiment Profile,42
2644,1,3.8909847717150114e-06,0,0.9790508217963078,model::roberta_sentiment_profile,RoBERTa + Sentiment Profile,42
13136,1,3.725194255821407e-05,0,0.9790508217963078,model::roberta_sentiment_profile,RoBERTa + Sentiment Profile,42
1455,1,4.8288461584888864e-06,0,0.9790508217963078,model::roberta_sentiment_profile,RoBERTa + Sentiment Profile,42
12137,0,0.9999566078186036,1,0.9790508217963078,model::roberta_sentiment_profile,RoBERTa + Sentiment Profile,42
17338,0,4.457138857105747e-06,0,0.9790508217963078,model::roberta_sentiment_profile,RoBERTa + Sentiment Profile,42
16904,1,4.399350473249797e-06,0,0.9790508217963078,model::roberta_sentiment_profile,RoBERTa + Sentiment Profile,42
2775,1,5.6016729104158e-06,0,0.9790508217963078,model::roberta_sentiment_profile,RoBERTa + Sentiment Profile,42
19643,0,3.2127004487847444e-06,0,0.9790508217963078,model::roberta_sentiment_profile,RoBERTa + Sentiment Profile,42
9795,1,4.883274868916487e-06,0,0.9790508217963078,model::roberta_sentiment_profile,RoBERTa + Sentiment Profile,42
11340,0,5.688637884304626e-06,0,0.9790508217963078,model::roberta_sentiment_profile,RoBERTa + Sentiment Profile,42
5544,0,0.0005952737410552,0,0.9790508217963078,model::roberta_sentiment_profile,RoBERTa + Sentiment Profile,42
11826,0,4.137544692639494e-06,0,0.9790508217963078,model::roberta_sentiment_profile,RoBERTa + Sentiment Profile,42
10637,1,3.915463366865879e-06,0,0.9790508217963078,model::roberta_sentiment_profile,RoBERTa + Sentiment Profile,42
13922,0,3.0090063773968723e-06,0,0.9790508217963078,model::roberta_sentiment_profile,RoBERTa + Sentiment Profile,42
20767,0,0.9999723434448242,1,0.9790508217963078,model::roberta_sentiment_profile,RoBERTa + Sentiment Profile,42
6729,1,3.949297479266534e-06,0,0.9790508217963078,model::roberta_sentiment_profile,RoBERTa + Sentiment Profile,42
18053,1,1.1310748959658667e-05,0,0.9790508217963078,model::roberta_sentiment_profile,RoBERTa + Sentiment Profile,42
7363,1,4.956301836500643e-06,0,0.9790508217963078,model::roberta_sentiment_profile,RoBERTa + Sentiment Profile,42
17615,0,3.71311471099034e-05,0,0.9790508217963078,model::roberta_sentiment_profile,RoBERTa + Sentiment Profile,42
7070,0,5.375679393182509e-06,0,0.9790508217963078,model::roberta_sentiment_profile,RoBERTa + Sentiment Profile,42
3221,1,3.4485021842556307e-06,0,0.9790508217963078,model::roberta_sentiment_profile,RoBERTa + Sentiment Profile,42
20612,1,3.691085112222936e-06,0,0.9790508217963078,model::roberta_sentiment_profile,RoBERTa + Sentiment Profile,42
13292,0,3.729490799742052e-06,0,0.9790508217963078,model::roberta_sentiment_profile,RoBERTa + Sentiment Profile,42
11406,1,4.455366706679342e-06,0,0.9790508217963078,model::roberta_sentiment_profile,RoBERTa + Sentiment Profile,42
8781,1,6.1401788116199896e-06,0,0.9790508217963078,model::roberta_sentiment_profile,RoBERTa + Sentiment Profile,42
2577,1,1.3698353541258255e-05,0,0.9790508217963078,model::roberta_sentiment_profile,RoBERTa + Sentiment Profile,42
18682,0,6.116142685641535e-06,0,0.9790508217963078,model::roberta_sentiment_profile,RoBERTa + Sentiment Profile,42
17753,0,4.339480710768839e-06,0,0.9790508217963078,model::roberta_sentiment_profile,RoBERTa + Sentiment Profile,42
15451,0,2.082282662740909e-05,0,0.9790508217963078,model::roberta_sentiment_profile,RoBERTa + Sentiment Profile,42
15590,1,4.6302502596518025e-06,0,0.9790508217963078,model::roberta_sentiment_profile,RoBERTa + Sentiment Profile,42
3707,1,4.190023446426494e-06,0,0.9790508217963078,model::roberta_sentiment_profile,RoBERTa + Sentiment Profile,42
11516,0,3.3328417430311674e-06,0,0.9790508217963078,model::roberta_sentiment_profile,RoBERTa + Sentiment Profile,42
7453,1,4.041190550196916e-06,0,0.9790508217963078,model::roberta_sentiment_profile,RoBERTa + Sentiment Profile,42
7190,1,7.216318044811487e-05,0,0.9790508217963078,model::roberta_sentiment_profile,RoBERTa + Sentiment Profile,42
5207,1,0.0229647886008024,0,0.9790508217963078,model::roberta_sentiment_profile,RoBERTa + Sentiment Profile,42
19706,0,1.5752970284665935e-05,0,0.9790508217963078,model::roberta_sentiment_profile,RoBERTa + Sentiment Profile,42
8327,0,4.657064437196823e-06,0,0.9790508217963078,model::roberta_sentiment_profile,RoBERTa + Sentiment Profile,42
19780,0,4.195785550109576e-06,0,0.9790508217963078,model::roberta_sentiment_profile,RoBERTa + Sentiment Profile,42
10129,0,4.34800176662975e-06,0,0.9790508217963078,model::roberta_sentiment_profile,RoBERTa + Sentiment Profile,42
18764,0,6.052986918803072e-06,0,0.9790508217963078,model::roberta_sentiment_profile,RoBERTa + Sentiment Profile,42
15732,1,4.563619768305216e-06,0,0.9790508217963078,model::roberta_sentiment_profile,RoBERTa + Sentiment Profile,42
8398,1,4.5162882997829e-06,0,0.9790508217963078,model::roberta_sentiment_profile,RoBERTa + Sentiment Profile,42
19062,1,3.234971700294409e-06,0,0.9790508217963078,model::roberta_sentiment_profile,RoBERTa + Sentiment Profile,42
17138,0,0.0001928710262291,0,0.9790508217963078,model::roberta_sentiment_profile,RoBERTa + Sentiment Profile,42
17158,1,4.252476173860487e-06,0,0.9790508217963078,model::roberta_sentiment_profile,RoBERTa + Sentiment Profile,42
17888,0,4.236273071001051e-06,0,0.9790508217963078,model::roberta_sentiment_profile,RoBERTa + Sentiment Profile,42
3309,1,3.942629064113135e-06,0,0.9790508217963078,model::roberta_sentiment_profile,RoBERTa + Sentiment Profile,42
19842,0,8.805835932435002e-06,0,0.9790508217963078,model::roberta_sentiment_profile,RoBERTa + Sentiment Profile,42
17826,0,2.826489890139783e-06,0,0.9790508217963078,model::roberta_sentiment_profile,RoBERTa + Sentiment Profile,42
6246,0,3.578485120669938e-06,0,0.9790508217963078,model::roberta_sentiment_profile,RoBERTa + Sentiment Profile,42
5116,0,0.0004149967862758,0,0.9790508217963078,model::roberta_sentiment_profile,RoBERTa + Sentiment Profile,42
16300,0,3.671348395073437e-06,0,0.9790508217963078,model::roberta_sentiment_profile,RoBERTa + Sentiment Profile,42
10259,1,3.8269076867436524e-06,0,0.9790508217963078,model::roberta_sentiment_profile,RoBERTa + Sentiment Profile,42
2526,0,4.263867140252842e-06,0,0.9790508217963078,model::roberta_sentiment_profile,RoBERTa + Sentiment Profile,42
20569,1,4.255506610206794e-06,0,0.9790508217963078,model::roberta_sentiment_profile,RoBERTa + Sentiment Profile,42
2697,1,4.932781848765444e-06,0,0.9790508217963078,model::roberta_sentiment_profile,RoBERTa + Sentiment Profile,42
18743,0,3.6079552501178114e-06,0,0.9790508217963078,model::roberta_sentiment_profile,RoBERTa + Sentiment Profile,42
2507,1,5.659202543029096e-06,0,0.9790508217963078,model::roberta_sentiment_profile,RoBERTa + Sentiment Profile,42
8194,0,6.268998549785465e-05,0,0.9790508217963078,model::roberta_sentiment_profile,RoBERTa + Sentiment Profile,42
4381,1,2.8555250537465326e-05,0,0.9790508217963078,model::roberta_sentiment_profile,RoBERTa + Sentiment Profile,42
7795,1,6.231926363398088e-06,0,0.9790508217963078,model::roberta_sentiment_profile,RoBERTa + Sentiment Profile,42
10061,0,3.1830420539336046e-06,0,0.9790508217963078,model::roberta_sentiment_profile,RoBERTa + Sentiment Profile,42
4693,0,3.8144532936712494e-06,0,0.9790508217963078,model::roberta_sentiment_profile,RoBERTa + Sentiment Profile,42
3826,0,8.902907211449929e-06,0,0.9790508217963078,model::roberta_sentiment_profile,RoBERTa + Sentiment Profile,42
10152,0,1.027106281981105e-05,0,0.9790508217963078,model::roberta_sentiment_profile,RoBERTa + Sentiment Profile,42
16583,1,3.970480065618176e-06,0,0.9790508217963078,model::roberta_sentiment_profile,RoBERTa + Sentiment Profile,42
18831,1,3.530560206854716e-06,0,0.9790508217963078,model::roberta_sentiment_profile,RoBERTa + Sentiment Profile,42
10597,0,2.574027575974469e-06,0,0.9790508217963078,model::roberta_sentiment_profile,RoBERTa + Sentiment Profile,42
20401,1,6.089748239901383e-06,0,0.9790508217963078,model::roberta_sentiment_profile,RoBERTa + Sentiment Profile,42
13777,1,8.542059731553309e-06,0,0.9790508217963078,model::roberta_sentiment_profile,RoBERTa + Sentiment Profile,42
13654,1,3.6642370560002746e-06,0,0.9790508217963078,model::roberta_sentiment_profile,RoBERTa + Sentiment Profile,42
8000,1,4.3564227780734655e-06,0,0.9790508217963078,model::roberta_sentiment_profile,RoBERTa + Sentiment Profile,42
18174,1,4.7619773795304354e-06,0,0.9790508217963078,model::roberta_sentiment_profile,RoBERTa + Sentiment Profile,42
19937,1,4.960964361089282e-06,0,0.9790508217963078,model::roberta_sentiment_profile,RoBERTa + Sentiment Profile,42
10938,0,3.045015091629466e-06,0,0.9790508217963078,model::roberta_sentiment_profile,RoBERTa + Sentiment Profile,42
2177,1,3.3550661555636907e-06,0,0.9790508217963078,model::roberta_sentiment_profile,RoBERTa + Sentiment Profile,42
3002,0,3.1626748295821017e-06,0,0.9790508217963078,model::roberta_sentiment_profile,RoBERTa + Sentiment Profile,42
15913,0,3.4756319564621663e-06,0,0.9790508217963078,model::roberta_sentiment_profile,RoBERTa + Sentiment Profile,42
12837,1,3.2079672109830426e-06,0,0.9790508217963078,model::roberta_sentiment_profile,RoBERTa + Sentiment Profile,42
18327,1,3.163009751006029e-06,0,0.9790508217963078,model::roberta_sentiment_profile,RoBERTa + Sentiment Profile,42
9442,0,4.959304078511195e-06,0,0.9790508217963078,model::roberta_sentiment_profile,RoBERTa + Sentiment Profile,42
124,0,3.838893462670967e-06,0,0.9790508217963078,model::roberta_sentiment_profile,RoBERTa + Sentiment Profile,42
20857,0,3.710234750542441e-06,0,0.9790508217963078,model::roberta_sentiment_profile,RoBERTa + Sentiment Profile,42
10349,1,4.97165910928743e-06,0,0.9790508217963078,model::roberta_sentiment_profile,RoBERTa + Sentiment Profile,42
610,0,3.41585246133036e-06,0,0.9790508217963078,model::roberta_sentiment_profile,RoBERTa + Sentiment Profile,42
4769,0,2.93538096229895e-06,0,0.9790508217963078,model::roberta_sentiment_profile,RoBERTa + Sentiment Profile,42
13141,1,4.130200068175327e-06,0,0.9790508217963078,model::roberta_sentiment_profile,RoBERTa + Sentiment Profile,42
10987,1,5.631943622574909e-06,0,0.9790508217963078,model::roberta_sentiment_profile,RoBERTa + Sentiment Profile,42
19307,0,4.8689430514059495e-06,0,0.9790508217963078,model::roberta_sentiment_profile,RoBERTa + Sentiment Profile,42
3091,0,3.034602286788868e-06,0,0.9790508217963078,model::roberta_sentiment_profile,RoBERTa + Sentiment Profile,42
5725,0,4.4568068915396e-06,0,0.9790508217963078,model::roberta_sentiment_profile,RoBERTa + Sentiment Profile,42
14337,1,3.5141713397024432e-06,0,0.9790508217963078,model::roberta_sentiment_profile,RoBERTa + Sentiment Profile,42
5596,0,8.698897545400541e-06,0,0.9790508217963078,model::roberta_sentiment_profile,RoBERTa + Sentiment Profile,42
3771,1,4.030428954138188e-06,0,0.9790508217963078,model::roberta_sentiment_profile,RoBERTa + Sentiment Profile,42
9317,0,5.003513706469676e-06,0,0.9790508217963078,model::roberta_sentiment_profile,RoBERTa + Sentiment Profile,42
15823,1,4.670852831623051e-06,0,0.9790508217963078,model::roberta_sentiment_profile,RoBERTa + Sentiment Profile,42
3948,0,0.9999699592590332,1,0.9790508217963078,model::roberta_sentiment_profile,RoBERTa + Sentiment Profile,42
6310,1,4.2428878259670455e-06,0,0.9790508217963078,model::roberta_sentiment_profile,RoBERTa + Sentiment Profile,42
6088,0,5.438486914499663e-05,0,0.9790508217963078,model::roberta_sentiment_profile,RoBERTa + Sentiment Profile,42
6962,0,6.573441169166472e-06,0,0.9790508217963078,model::roberta_sentiment_profile,RoBERTa + Sentiment Profile,42
19675,1,5.213811618887121e-06,0,0.9790508217963078,model::roberta_sentiment_profile,RoBERTa + Sentiment Profile,42
1569,1,3.709145175889717e-06,0,0.9790508217963078,model::roberta_sentiment_profile,RoBERTa + Sentiment Profile,42
12189,0,2.303426117578056e-05,0,0.9790508217963078,model::roberta_sentiment_profile,RoBERTa + Sentiment Profile,42
17551,1,3.591271706682164e-06,0,0.9790508217963078,model::roberta_sentiment_profile,RoBERTa + Sentiment Profile,42
9669,1,5.428707027022028e-06,0,0.9790508217963078,model::roberta_sentiment_profile,RoBERTa + Sentiment Profile,42
16953,1,4.254131454217713e-06,0,0.9790508217963078,model::roberta_sentiment_profile,RoBERTa + Sentiment Profile,42
11277,1,1.0285148164257407e-05,0,0.9790508217963078,model::roberta_sentiment_profile,RoBERTa + Sentiment Profile,42
3740,0,0.0025997483171522,0,0.9790508217963078,model::roberta_sentiment_profile,RoBERTa + Sentiment Profile,42
4848,0,0.0001976213243324,0,0.9790508217963078,model::roberta_sentiment_profile,RoBERTa + Sentiment Profile,42
9860,0,1.0668749382602982e-05,0,0.9790508217963078,model::roberta_sentiment_profile,RoBERTa + Sentiment Profile,42
4686,0,2.729035259108059e-06,0,0.9790508217963078,model::roberta_sentiment_profile,RoBERTa + Sentiment Profile,42
10203,1,4.069554506713757e-06,0,0.9790508217963078,model::roberta_sentiment_profile,RoBERTa + Sentiment Profile,42
10607,0,4.577017534757033e-06,0,0.9790508217963078,model::roberta_sentiment_profile,RoBERTa + Sentiment Profile,42
7476,1,4.348341462900862e-06,0,0.9790508217963078,model::roberta_sentiment_profile,RoBERTa + Sentiment Profile,42
2478,1,3.5926168493460864e-05,0,0.9790508217963078,model::roberta_sentiment_profile,RoBERTa + Sentiment Profile,42
5047,0,3.5987318369734567e-06,0,0.9790508217963078,model::roberta_sentiment_profile,RoBERTa + Sentiment Profile,42
13934,0,0.0049208248965442,0,0.9790508217963078,model::roberta_sentiment_profile,RoBERTa + Sentiment Profile,42
13460,0,0.9999921321868896,1,0.9790508217963078,model::roberta_sentiment_profile,RoBERTa + Sentiment Profile,42
8026,1,3.3748081023077248e-06,0,0.9790508217963078,model::roberta_sentiment_profile,RoBERTa + Sentiment Profile,42
6166,0,5.296280960465083e-06,0,0.9790508217963078,model::roberta_sentiment_profile,RoBERTa + Sentiment Profile,42
14031,0,3.06870447275287e-06,0,0.9790508217963078,model::roberta_sentiment_profile,RoBERTa + Sentiment Profile,42
2565,1,4.196641384623945e-06,0,0.9790508217963078,model::roberta_sentiment_profile,RoBERTa + Sentiment Profile,42
12486,1,7.605693099321797e-06,0,0.9790508217963078,model::roberta_sentiment_profile,RoBERTa + Sentiment Profile,42
4621,0,4.9299883357889485e-06,0,0.9790508217963078,model::roberta_sentiment_profile,RoBERTa + Sentiment Profile,42
870,1,4.086811259185197e-06,0,0.9790508217963078,model::roberta_sentiment_profile,RoBERTa + Sentiment Profile,42
1840,1,4.022729626740329e-06,0,0.9790508217963078,model::roberta_sentiment_profile,RoBERTa + Sentiment Profile,42
2839,0,5.905038960918319e-06,0,0.9790508217963078,model::roberta_sentiment_profile,RoBERTa + Sentiment Profile,42
7767,0,5.591825356532354e-06,0,0.9790508217963078,model::roberta_sentiment_profile,RoBERTa + Sentiment Profile,42
14793,0,2.811403192026773e-06,0,0.9790508217963078,model::roberta_sentiment_profile,RoBERTa + Sentiment Profile,42
5370,1,7.621035365446005e-06,0,0.9790508217963078,model::roberta_sentiment_profile,RoBERTa + Sentiment Profile,42
13179,0,4.490896571951453e-06,0,0.9790508217963078,model::roberta_sentiment_profile,RoBERTa + Sentiment Profile,42
13151,1,5.168119969312102e-06,0,0.9790508217963078,model::roberta_sentiment_profile,RoBERTa + Sentiment Profile,42
18916,0,5.220095772529021e-06,0,0.9790508217963078,model::roberta_sentiment_profile,RoBERTa + Sentiment Profile,42
18199,0,3.054951321246336e-06,0,0.9790508217963078,model::roberta_sentiment_profile,RoBERTa + Sentiment Profile,42
10364,0,5.645671535603469e-06,0,0.9790508217963078,model::roberta_sentiment_profile,RoBERTa + Sentiment Profile,42
393,0,4.06894560001092e-06,0,0.9790508217963078,model::roberta_sentiment_profile,RoBERTa + Sentiment Profile,42
9570,0,7.405493306578137e-06,0,0.9790508217963078,model::roberta_sentiment_profile,RoBERTa + Sentiment Profile,42
229,1,5.348061222321121e-06,0,0.9790508217963078,model::roberta_sentiment_profile,RoBERTa + Sentiment Profile,42
12846,1,3.426407147344434e-06,0,0.9790508217963078,model::roberta_sentiment_profile,RoBERTa + Sentiment Profile,42
14257,0,2.7724317988031544e-06,0,0.9790508217963078,model::roberta_sentiment_profile,RoBERTa + Sentiment Profile,42
2316,1,5.272760972729884e-06,0,0.9790508217963078,model::roberta_sentiment_profile,RoBERTa + Sentiment Profile,42
8820,1,2.919100552389864e-06,0,0.9790508217963078,model::roberta_sentiment_profile,RoBERTa + Sentiment Profile,42
1716,0,2.961960490210913e-06,0,0.9790508217963078,model::roberta_sentiment_profile,RoBERTa + Sentiment Profile,42
15157,0,3.2860934879863635e-06,0,0.9790508217963078,model::roberta_sentiment_profile,RoBERTa + Sentiment Profile,42
3297,1,4.110740974283544e-06,0,0.9790508217963078,model::roberta_sentiment_profile,RoBERTa + Sentiment Profile,42
2229,0,9.592497917765286e-06,0,0.9790508217963078,model::roberta_sentiment_profile,RoBERTa + Sentiment Profile,42
18563,1,4.824961251870263e-06,0,0.9790508217963078,model::roberta_sentiment_profile,RoBERTa + Sentiment Profile,42
6354,1,6.122907052485971e-06,0,0.9790508217963078,model::roberta_sentiment_profile,RoBERTa + Sentiment Profile,42
19632,0,1.7167176338261925e-05,0,0.9790508217963078,model::roberta_sentiment_profile,RoBERTa + Sentiment Profile,42
3157,0,3.294158887001686e-05,0,0.9790508217963078,model::roberta_sentiment_profile,RoBERTa + Sentiment Profile,42
8808,1,4.1483981476631016e-06,0,0.9790508217963078,model::roberta_sentiment_profile,RoBERTa + Sentiment Profile,42
15058,0,2.779179339995608e-06,0,0.9790508217963078,model::roberta_sentiment_profile,RoBERTa + Sentiment Profile,42
6171,0,3.149996473439387e-06,0,0.9790508217963078,model::roberta_sentiment_profile,RoBERTa + Sentiment Profile,42
9116,0,4.729553893412231e-06,0,0.9790508217963078,model::roberta_sentiment_profile,RoBERTa + Sentiment Profile,42
8213,1,8.715870535525028e-06,0,0.9790508217963078,model::roberta_sentiment_profile,RoBERTa + Sentiment Profile,42
8860,1,1.0789359293994494e-05,0,0.9790508217963078,model::roberta_sentiment_profile,RoBERTa + Sentiment Profile,42
1673,1,3.635323537309887e-06,0,0.9790508217963078,model::roberta_sentiment_profile,RoBERTa + Sentiment Profile,42
5464,1,4.199268005322665e-06,0,0.9790508217963078,model::roberta_sentiment_profile,RoBERTa + Sentiment Profile,42
9624,0,3.505418135318905e-06,0,0.9790508217963078,model::roberta_sentiment_profile,RoBERTa + Sentiment Profile,42
5868,0,7.071814707160229e-06,0,0.9790508217963078,model::roberta_sentiment_profile,RoBERTa + Sentiment Profile,42
4242,0,3.062524001506972e-06,0,0.9790508217963078,model::roberta_sentiment_profile,RoBERTa + Sentiment Profile,42
12906,0,7.131616712285904e-06,0,0.9790508217963078,model::roberta_sentiment_profile,RoBERTa + Sentiment Profile,42
10084,0,3.616836465880624e-06,0,0.9790508217963078,model::roberta_sentiment_profile,RoBERTa + Sentiment Profile,42
3000,0,2.6297391286789207e-06,0,0.9790508217963078,model::roberta_sentiment_profile,RoBERTa + Sentiment Profile,42
14235,0,1.0996977835020516e-05,0,0.9790508217963078,model::roberta_sentiment_profile,RoBERTa + Sentiment Profile,42
20644,0,3.70329894394672e-06,0,0.9790508217963078,model::roberta_sentiment_profile,RoBERTa + Sentiment Profile,42
4578,1,4.301852186472388e-06,0,0.9790508217963078,model::roberta_sentiment_profile,RoBERTa + Sentiment Profile,42
19505,0,3.511996737870504e-06,0,0.9790508217963078,model::roberta_sentiment_profile,RoBERTa + Sentiment Profile,42
3260,1,4.256018200976541e-06,0,0.9790508217963078,model::roberta_sentiment_profile,RoBERTa + Sentiment Profile,42
10054,0,1.9109264030703343e-05,0,0.9790508217963078,model::roberta_sentiment_profile,RoBERTa + Sentiment Profile,42
19294,1,6.266145192057593e-06,0,0.9790508217963078,model::roberta_sentiment_profile,RoBERTa + Sentiment Profile,42
2766,1,0.0002878348459489,0,0.9790508217963078,model::roberta_sentiment_profile,RoBERTa + Sentiment Profile,42
6407,0,2.624845819809707e-06,0,0.9790508217963078,model::roberta_sentiment_profile,RoBERTa + Sentiment Profile,42
13693,1,4.244102001393912e-06,0,0.9790508217963078,model::roberta_sentiment_profile,RoBERTa + Sentiment Profile,42
6757,0,1.0093280252476688e-05,0,0.9790508217963078,model::roberta_sentiment_profile,RoBERTa + Sentiment Profile,42
14999,1,3.649864765975508e-06,0,0.9790508217963078,model::roberta_sentiment_profile,RoBERTa + Sentiment Profile,42
20137,0,6.652258434769465e-06,0,0.9790508217963078,model::roberta_sentiment_profile,RoBERTa + Sentiment Profile,42
17303,0,4.628744591173017e-06,0,0.9790508217963078,model::roberta_sentiment_profile,RoBERTa + Sentiment Profile,42
15307,1,1.2076215170964131e-05,0,0.9790508217963078,model::roberta_sentiment_profile,RoBERTa + Sentiment Profile,42
13326,1,3.981855570600601e-06,0,0.9790508217963078,model::roberta_sentiment_profile,RoBERTa + Sentiment Profile,42
4557,1,6.131496775196865e-06,0,0.9790508217963078,model::roberta_sentiment_profile,RoBERTa + Sentiment Profile,42
6699,1,3.688020569825312e-06,0,0.9790508217963078,model::roberta_sentiment_profile,RoBERTa + Sentiment Profile,42
9280,0,0.9999721050262452,1,0.9790508217963078,model::roberta_sentiment_profile,RoBERTa + Sentiment Profile,42
209,0,0.0787062272429466,0,0.9790508217963078,model::roberta_sentiment_profile,RoBERTa + Sentiment Profile,42
11350,1,3.354483624207205e-06,0,0.9790508217963078,model::roberta_sentiment_profile,RoBERTa + Sentiment Profile,42
1969,1,4.71258908874006e-06,0,0.9790508217963078,model::roberta_sentiment_profile,RoBERTa + Sentiment Profile,42
20058,1,4.328403520048596e-06,0,0.9790508217963078,model::roberta_sentiment_profile,RoBERTa + Sentiment Profile,42
20625,1,4.736903065349907e-06,0,0.9790508217963078,model::roberta_sentiment_profile,RoBERTa + Sentiment Profile,42
8212,0,2.1572037439909764e-05,0,0.9790508217963078,model::roberta_sentiment_profile,RoBERTa + Sentiment Profile,42
5525,0,4.337817244959297e-06,0,0.9790508217963078,model::roberta_sentiment_profile,RoBERTa + Sentiment Profile,42
11018,1,4.6977638703538105e-06,0,0.9790508217963078,model::roberta_sentiment_profile,RoBERTa + Sentiment Profile,42
11943,1,4.429928594618104e-06,0,0.9790508217963078,model::roberta_sentiment_profile,RoBERTa + Sentiment Profile,42
6611,1,4.383018222142709e-06,0,0.9790508217963078,model::roberta_sentiment_profile,RoBERTa + Sentiment Profile,42
5821,0,2.612695652715047e-06,0,0.9790508217963078,model::roberta_sentiment_profile,RoBERTa + Sentiment Profile,42
8492,0,4.523874849837739e-06,0,0.9790508217963078,model::roberta_sentiment_profile,RoBERTa + Sentiment Profile,42
9461,1,3.900272986356868e-06,0,0.9790508217963078,model::roberta_sentiment_profile,RoBERTa + Sentiment Profile,42
338,1,6.26801602265914e-06,0,0.9790508217963078,model::roberta_sentiment_profile,RoBERTa + Sentiment Profile,42
6973,0,5.904999397898791e-06,0,0.9790508217963078,model::roberta_sentiment_profile,RoBERTa + Sentiment Profile,42
20872,1,4.9699569899530616e-06,0,0.9790508217963078,model::roberta_sentiment_profile,RoBERTa + Sentiment Profile,42
12986,1,3.884481429849984e-06,0,0.9790508217963078,model::roberta_sentiment_profile,RoBERTa + Sentiment Profile,42
13669,0,3.751822532649385e-06,0,0.9790508217963078,model::roberta_sentiment_profile,RoBERTa + Sentiment Profile,42
10890,0,4.72505489597097e-05,0,0.9790508217963078,model::roberta_sentiment_profile,RoBERTa + Sentiment Profile,42
9089,0,3.802130549956928e-06,0,0.9790508217963078,model::roberta_sentiment_profile,RoBERTa + Sentiment Profile,42
2840,1,3.754689714696724e-06,0,0.9790508217963078,model::roberta_sentiment_profile,RoBERTa + Sentiment Profile,42
10318,0,4.52981566922972e-06,0,0.9790508217963078,model::roberta_sentiment_profile,RoBERTa + Sentiment Profile,42
16787,1,3.062047881030594e-06,0,0.9790508217963078,model::roberta_sentiment_profile,RoBERTa + Sentiment Profile,42
4404,1,6.4510236370551866e-06,0,0.9790508217963078,model::roberta_sentiment_profile,RoBERTa + Sentiment Profile,42
15737,0,4.396049916977063e-06,0,0.9790508217963078,model::roberta_sentiment_profile,RoBERTa + Sentiment Profile,42
3736,1,4.366605026007164e-06,0,0.9790508217963078,model::roberta_sentiment_profile,RoBERTa + Sentiment Profile,42
1264,1,6.653159289271571e-06,0,0.9790508217963078,model::roberta_sentiment_profile,RoBERTa + Sentiment Profile,42
13451,0,3.423203224883764e-06,0,0.9790508217963078,model::roberta_sentiment_profile,RoBERTa + Sentiment Profile,42
1855,0,6.573503924300894e-06,0,0.9790508217963078,model::roberta_sentiment_profile,RoBERTa + Sentiment Profile,42
1945,0,3.2866794299479807e-06,0,0.9790508217963078,model::roberta_sentiment_profile,RoBERTa + Sentiment Profile,42
12976,0,9.288144610763991e-06,0,0.9790508217963078,model::roberta_sentiment_profile,RoBERTa + Sentiment Profile,42
12920,1,4.611041276803007e-06,0,0.9790508217963078,model::roberta_sentiment_profile,RoBERTa + Sentiment Profile,42
6410,1,3.7226752738206415e-06,0,0.9790508217963078,model::roberta_sentiment_profile,RoBERTa + Sentiment Profile,42
6746,1,4.638129667000612e-06,0,0.9790508217963078,model::roberta_sentiment_profile,RoBERTa + Sentiment Profile,42
8067,1,6.537094577652169e-06,0,0.9790508217963078,model::roberta_sentiment_profile,RoBERTa + Sentiment Profile,42
4846,1,4.172275566816097e-06,0,0.9790508217963078,model::roberta_sentiment_profile,RoBERTa + Sentiment Profile,42
4533,1,9.936165042745417e-06,0,0.9790508217963078,model::roberta_sentiment_profile,RoBERTa + Sentiment Profile,42
11794,1,4.061369963892503e-06,0,0.9790508217963078,model::roberta_sentiment_profile,RoBERTa + Sentiment Profile,42
17267,0,4.586796876537846e-06,0,0.9790508217963078,model::roberta_sentiment_profile,RoBERTa + Sentiment Profile,42
18522,0,8.673727279528975e-05,0,0.9790508217963078,model::roberta_sentiment_profile,RoBERTa + Sentiment Profile,42
2937,1,4.0510412873118185e-06,0,0.9790508217963078,model::roberta_sentiment_profile,RoBERTa + Sentiment Profile,42
7387,1,3.077652081628912e-06,0,0.9790508217963078,model::roberta_sentiment_profile,RoBERTa + Sentiment Profile,42
16334,1,3.712145826284541e-06,0,0.9790508217963078,model::roberta_sentiment_profile,RoBERTa + Sentiment Profile,42
4259,1,3.560918912626221e-06,0,0.9790508217963078,model::roberta_sentiment_profile,RoBERTa + Sentiment Profile,42
