sample_id,y_true,y_prob_machine_generated,y_pred,threshold,system_key,system,seed
10379,1,1.2815999070880937e-06,0,0.02106755665214396,model::modernbert_sentiment_profile,ModernBERT + Sentiment Profile,42
1092,1,1.4680966842206544e-06,0,0.02106755665214396,model::modernbert_sentiment_profile,ModernBERT + Sentiment Profile,42
8924,0,1.3764004052063683e-06,0,0.02106755665214396,model::modernbert_sentiment_profile,ModernBERT + Sentiment Profile,42
1291,0,1.7373077980664675e-06,0,0.02106755665214396,model::modernbert_sentiment_profile,ModernBERT + Sentiment Profile,42
13927,1,1.3094135056235243e-06,0,0.02106755665214396,model::modernbert_sentiment_profile,ModernBERT + Sentiment Profile,42
8035,0,1.2621482028407629e-06,0,0.02106755665214396,model::modernbert_sentiment_profile,ModernBERT + Sentiment Profile,42
1632,1,1.3597734778159063e-06,0,0.02106755665214396,model::modernbert_sentiment_profile,ModernBERT + Sentiment Profile,42
17416,1,1.413135692018841e-06,0,0.02106755665214396,model::modernbert_sentiment_profile,ModernBERT + Sentiment Profile,42
14654,1,1.381612264594878e-06,0,0.02106755665214396,model::modernbert_sentiment_profile,ModernBERT + Sentiment Profile,42
5189,1,1.4189682815413107e-06,0,0.02106755665214396,model::modernbert_sentiment_profile,ModernBERT + Sentiment Profile,42
3026,1,1.4857264432066586e-06,0,0.02106755665214396,model::modernbert_sentiment_profile,ModernBERT + Sentiment Profile,42
1353,1,1.790615669960971e-06,0,0.02106755665214396,model::modernbert_sentiment_profile,ModernBERT + Sentiment Profile,42
13373,0,1.3932306046626763e-06,0,0.02106755665214396,model::modernbert_sentiment_profile,ModernBERT + Sentiment Profile,42
20409,1,1.1987160632997984e-06,0,0.02106755665214396,model::modernbert_sentiment_profile,ModernBERT + Sentiment Profile,42
19701,0,1.1512679520819802e-06,0,0.02106755665214396,model::modernbert_sentiment_profile,ModernBERT + Sentiment Profile,42
15296,0,1.534251396151376e-06,0,0.02106755665214396,model::modernbert_sentiment_profile,ModernBERT + Sentiment Profile,42
18991,0,1.1513020581332969e-06,0,0.02106755665214396,model::modernbert_sentiment_profile,ModernBERT + Sentiment Profile,42
512,1,1.872289089988044e-06,0,0.02106755665214396,model::modernbert_sentiment_profile,ModernBERT + Sentiment Profile,42
18295,0,1.5124296623980626e-06,0,0.02106755665214396,model::modernbert_sentiment_profile,ModernBERT + Sentiment Profile,42
18450,1,1.3067987083559274e-06,0,0.02106755665214396,model::modernbert_sentiment_profile,ModernBERT + Sentiment Profile,42
15675,1,1.7070068452085252e-06,0,0.02106755665214396,model::modernbert_sentiment_profile,ModernBERT + Sentiment Profile,42
20025,0,1.8643709154275712e-06,0,0.02106755665214396,model::modernbert_sentiment_profile,ModernBERT + Sentiment Profile,42
7229,0,1.5431910469487775e-06,0,0.02106755665214396,model::modernbert_sentiment_profile,ModernBERT + Sentiment Profile,42
10752,1,1.2183319313407992e-06,0,0.02106755665214396,model::modernbert_sentiment_profile,ModernBERT + Sentiment Profile,42
20566,0,1.019897013065929e-06,0,0.02106755665214396,model::modernbert_sentiment_profile,ModernBERT + Sentiment Profile,42
18854,0,1.126968527387362e-06,0,0.02106755665214396,model::modernbert_sentiment_profile,ModernBERT + Sentiment Profile,42
9483,1,1.4359508213601655e-06,0,0.02106755665214396,model::modernbert_sentiment_profile,ModernBERT + Sentiment Profile,42
5666,0,1.523232413092046e-06,0,0.02106755665214396,model::modernbert_sentiment_profile,ModernBERT + Sentiment Profile,42
7486,1,1.642600636841962e-06,0,0.02106755665214396,model::modernbert_sentiment_profile,ModernBERT + Sentiment Profile,42
16331,1,1.4056276995688677e-06,0,0.02106755665214396,model::modernbert_sentiment_profile,ModernBERT + Sentiment Profile,42
2999,1,1.379270202050975e-06,0,0.02106755665214396,model::modernbert_sentiment_profile,ModernBERT + Sentiment Profile,42
3958,1,1.3807679124511196e-06,0,0.02106755665214396,model::modernbert_sentiment_profile,ModernBERT + Sentiment Profile,42
13982,0,1.389394810757949e-06,0,0.02106755665214396,model::modernbert_sentiment_profile,ModernBERT + Sentiment Profile,42
17720,1,1.6781925751274684e-06,0,0.02106755665214396,model::modernbert_sentiment_profile,ModernBERT + Sentiment Profile,42
18694,1,1.888790166049148e-06,0,0.02106755665214396,model::modernbert_sentiment_profile,ModernBERT + Sentiment Profile,42
4466,0,1.1680592706397874e-06,0,0.02106755665214396,model::modernbert_sentiment_profile,ModernBERT + Sentiment Profile,42
19676,1,1.256389850823325e-06,0,0.02106755665214396,model::modernbert_sentiment_profile,ModernBERT + Sentiment Profile,42
20003,1,1.151027618107037e-06,0,0.02106755665214396,model::modernbert_sentiment_profile,ModernBERT + Sentiment Profile,42
8936,1,1.4975332760513993e-06,0,0.02106755665214396,model::modernbert_sentiment_profile,ModernBERT + Sentiment Profile,42
12592,0,1.5458158486580942e-06,0,0.02106755665214396,model::modernbert_sentiment_profile,ModernBERT + Sentiment Profile,42
2861,0,1.1419155043768114e-06,0,0.02106755665214396,model::modernbert_sentiment_profile,ModernBERT + Sentiment Profile,42
16760,0,1.1854424428747734e-06,0,0.02106755665214396,model::modernbert_sentiment_profile,ModernBERT + Sentiment Profile,42
4976,1,1.1921096074729576e-06,0,0.02106755665214396,model::modernbert_sentiment_profile,ModernBERT + Sentiment Profile,42
11506,0,1.460869043512503e-06,0,0.02106755665214396,model::modernbert_sentiment_profile,ModernBERT + Sentiment Profile,42
4974,1,1.5986770449671894e-06,0,0.02106755665214396,model::modernbert_sentiment_profile,ModernBERT + Sentiment Profile,42
12865,1,1.3353323993214872e-06,0,0.02106755665214396,model::modernbert_sentiment_profile,ModernBERT + Sentiment Profile,42
10717,1,1.3362368918024004e-06,0,0.02106755665214396,model::modernbert_sentiment_profile,ModernBERT + Sentiment Profile,42
8625,1,1.396192715219513e-06,0,0.02106755665214396,model::modernbert_sentiment_profile,ModernBERT + Sentiment Profile,42
15748,0,1.3400564284893337e-06,0,0.02106755665214396,model::modernbert_sentiment_profile,ModernBERT + Sentiment Profile,42
3681,0,1.3565288554673316e-06,0,0.02106755665214396,model::modernbert_sentiment_profile,ModernBERT + Sentiment Profile,42
1600,0,3.042588559765136e-06,0,0.02106755665214396,model::modernbert_sentiment_profile,ModernBERT + Sentiment Profile,42
11251,1,1.311197934228403e-06,0,0.02106755665214396,model::modernbert_sentiment_profile,ModernBERT + Sentiment Profile,42
11286,1,1.1372803783160634e-06,0,0.02106755665214396,model::modernbert_sentiment_profile,ModernBERT + Sentiment Profile,42
2808,0,1.7184503349199076e-06,0,0.02106755665214396,model::modernbert_sentiment_profile,ModernBERT + Sentiment Profile,42
159,0,1.6224453247559725e-06,0,0.02106755665214396,model::modernbert_sentiment_profile,ModernBERT + Sentiment Profile,42
12797,0,1.2715997854684249e-06,0,0.02106755665214396,model::modernbert_sentiment_profile,ModernBERT + Sentiment Profile,42
3074,0,1.2851517112721922e-06,0,0.02106755665214396,model::modernbert_sentiment_profile,ModernBERT + Sentiment Profile,42
14840,0,1.0799136589412228e-06,0,0.02106755665214396,model::modernbert_sentiment_profile,ModernBERT + Sentiment Profile,42
12328,0,1.2984246495761909e-06,0,0.02106755665214396,model::modernbert_sentiment_profile,ModernBERT + Sentiment Profile,42
95,1,1.2881826023658505e-06,0,0.02106755665214396,model::modernbert_sentiment_profile,ModernBERT + Sentiment Profile,42
1308,0,1.2111470368836308e-06,0,0.02106755665214396,model::modernbert_sentiment_profile,ModernBERT + Sentiment Profile,42
3386,1,1.3337847803995828e-06,0,0.02106755665214396,model::modernbert_sentiment_profile,ModernBERT + Sentiment Profile,42
15472,0,2.50119637712487e-06,0,0.02106755665214396,model::modernbert_sentiment_profile,ModernBERT + Sentiment Profile,42
16039,0,1.237326614500489e-06,0,0.02106755665214396,model::modernbert_sentiment_profile,ModernBERT + Sentiment Profile,42
15903,1,1.3460968375511584e-06,0,0.02106755665214396,model::modernbert_sentiment_profile,ModernBERT + Sentiment Profile,42
13242,1,1.4173940598993795e-06,0,0.02106755665214396,model::modernbert_sentiment_profile,ModernBERT + Sentiment Profile,42
5334,1,1.2500173625085154e-06,0,0.02106755665214396,model::modernbert_sentiment_profile,ModernBERT + Sentiment Profile,42
20678,1,1.164797708952392e-06,0,0.02106755665214396,model::modernbert_sentiment_profile,ModernBERT + Sentiment Profile,42
7102,0,1.3283541875352969e-06,0,0.02106755665214396,model::modernbert_sentiment_profile,ModernBERT + Sentiment Profile,42
17456,1,1.4752599781786555e-06,0,0.02106755665214396,model::modernbert_sentiment_profile,ModernBERT + Sentiment Profile,42
17207,1,1.23903407711623e-06,0,0.02106755665214396,model::modernbert_sentiment_profile,ModernBERT + Sentiment Profile,42
20060,0,1.220520516653778e-06,0,0.02106755665214396,model::modernbert_sentiment_profile,ModernBERT + Sentiment Profile,42
8328,1,1.3184933322918369e-06,0,0.02106755665214396,model::modernbert_sentiment_profile,ModernBERT + Sentiment Profile,42
5697,1,1.3310412896316848e-06,0,0.02106755665214396,model::modernbert_sentiment_profile,ModernBERT + Sentiment Profile,42
3917,1,2.013244738918729e-06,0,0.02106755665214396,model::modernbert_sentiment_profile,ModernBERT + Sentiment Profile,42
7890,0,1.2482495321819442e-06,0,0.02106755665214396,model::modernbert_sentiment_profile,ModernBERT + Sentiment Profile,42
20874,0,2.560539996920852e-06,0,0.02106755665214396,model::modernbert_sentiment_profile,ModernBERT + Sentiment Profile,42
9228,0,1.4971906239225063e-06,0,0.02106755665214396,model::modernbert_sentiment_profile,ModernBERT + Sentiment Profile,42
7626,1,1.2004778682239705e-06,0,0.02106755665214396,model::modernbert_sentiment_profile,ModernBERT + Sentiment Profile,42
17701,1,1.3817888202538595e-06,0,0.02106755665214396,model::modernbert_sentiment_profile,ModernBERT + Sentiment Profile,42
2326,1,1.8542956468081684e-06,0,0.02106755665214396,model::modernbert_sentiment_profile,ModernBERT + Sentiment Profile,42
10548,1,1.1720394468284212e-06,0,0.02106755665214396,model::modernbert_sentiment_profile,ModernBERT + Sentiment Profile,42
5550,0,1.379353079755674e-06,0,0.02106755665214396,model::modernbert_sentiment_profile,ModernBERT + Sentiment Profile,42
20860,0,1.1036206615244737e-06,0,0.02106755665214396,model::modernbert_sentiment_profile,ModernBERT + Sentiment Profile,42
14054,1,1.5598338904965203e-06,0,0.02106755665214396,model::modernbert_sentiment_profile,ModernBERT + Sentiment Profile,42
14852,0,1.3933102991359192e-06,0,0.02106755665214396,model::modernbert_sentiment_profile,ModernBERT + Sentiment Profile,42
11175,1,1.2778264135704376e-06,0,0.02106755665214396,model::modernbert_sentiment_profile,ModernBERT + Sentiment Profile,42
2207,0,1.1499095080580446e-06,0,0.02106755665214396,model::modernbert_sentiment_profile,ModernBERT + Sentiment Profile,42
6783,1,1.2214125035825418e-06,0,0.02106755665214396,model::modernbert_sentiment_profile,ModernBERT + Sentiment Profile,42
2699,0,1.297704216085549e-06,0,0.02106755665214396,model::modernbert_sentiment_profile,ModernBERT + Sentiment Profile,42
4090,0,1.4538919685946894e-06,0,0.02106755665214396,model::modernbert_sentiment_profile,ModernBERT + Sentiment Profile,42
7244,0,1.5533096302533522e-06,0,0.02106755665214396,model::modernbert_sentiment_profile,ModernBERT + Sentiment Profile,42
11424,0,1.3054745977569835e-06,0,0.02106755665214396,model::modernbert_sentiment_profile,ModernBERT + Sentiment Profile,42
16052,0,1.1651420663838508e-06,0,0.02106755665214396,model::modernbert_sentiment_profile,ModernBERT + Sentiment Profile,42
12196,0,1.3045039395365166e-06,0,0.02106755665214396,model::modernbert_sentiment_profile,ModernBERT + Sentiment Profile,42
5583,1,1.2637874533538709e-06,0,0.02106755665214396,model::modernbert_sentiment_profile,ModernBERT + Sentiment Profile,42
7455,1,1.4115840940576163e-06,0,0.02106755665214396,model::modernbert_sentiment_profile,ModernBERT + Sentiment Profile,42
846,0,1.1581329317778e-06,0,0.02106755665214396,model::modernbert_sentiment_profile,ModernBERT + Sentiment Profile,42
3005,1,1.7393385860486887e-06,0,0.02106755665214396,model::modernbert_sentiment_profile,ModernBERT + Sentiment Profile,42
4180,0,1.3911899259255731e-06,0,0.02106755665214396,model::modernbert_sentiment_profile,ModernBERT + Sentiment Profile,42
6266,0,1.667300352892198e-06,0,0.02106755665214396,model::modernbert_sentiment_profile,ModernBERT + Sentiment Profile,42
7721,1,1.947598775586812e-06,0,0.02106755665214396,model::modernbert_sentiment_profile,ModernBERT + Sentiment Profile,42
8374,1,1.6392610859838896e-06,0,0.02106755665214396,model::modernbert_sentiment_profile,ModernBERT + Sentiment Profile,42
14457,1,1.3579708593169926e-06,0,0.02106755665214396,model::modernbert_sentiment_profile,ModernBERT + Sentiment Profile,42
17052,1,1.9081026039202698e-06,0,0.02106755665214396,model::modernbert_sentiment_profile,ModernBERT + Sentiment Profile,42
15630,1,1.1965619250986492e-06,0,0.02106755665214396,model::modernbert_sentiment_profile,ModernBERT + Sentiment Profile,42
8013,1,1.8922951312561052e-06,0,0.02106755665214396,model::modernbert_sentiment_profile,ModernBERT + Sentiment Profile,42
10556,0,1.2400164450809823e-06,0,0.02106755665214396,model::modernbert_sentiment_profile,ModernBERT + Sentiment Profile,42
6752,0,1.1563726047825185e-06,0,0.02106755665214396,model::modernbert_sentiment_profile,ModernBERT + Sentiment Profile,42
4344,0,1.3150238373782486e-05,0,0.02106755665214396,model::modernbert_sentiment_profile,ModernBERT + Sentiment Profile,42
3687,1,1.4285285487858346e-06,0,0.02106755665214396,model::modernbert_sentiment_profile,ModernBERT + Sentiment Profile,42
4189,1,1.3226405144450837e-06,0,0.02106755665214396,model::modernbert_sentiment_profile,ModernBERT + Sentiment Profile,42
10831,1,1.170843006548239e-06,0,0.02106755665214396,model::modernbert_sentiment_profile,ModernBERT + Sentiment Profile,42
3743,0,1.036975163515308e-06,0,0.02106755665214396,model::modernbert_sentiment_profile,ModernBERT + Sentiment Profile,42
20504,0,1.4986304677222506e-06,0,0.02106755665214396,model::modernbert_sentiment_profile,ModernBERT + Sentiment Profile,42
2869,1,1.4952898936826386e-06,0,0.02106755665214396,model::modernbert_sentiment_profile,ModernBERT + Sentiment Profile,42
14846,1,1.3402902823145268e-06,0,0.02106755665214396,model::modernbert_sentiment_profile,ModernBERT + Sentiment Profile,42
8988,0,1.1986588788204244e-06,0,0.02106755665214396,model::modernbert_sentiment_profile,ModernBERT + Sentiment Profile,42
12023,1,1.593413571754354e-06,0,0.02106755665214396,model::modernbert_sentiment_profile,ModernBERT + Sentiment Profile,42
14099,1,1.34899732984195e-06,0,0.02106755665214396,model::modernbert_sentiment_profile,ModernBERT + Sentiment Profile,42
14724,0,1.503514909018122e-06,0,0.02106755665214396,model::modernbert_sentiment_profile,ModernBERT + Sentiment Profile,42
4785,0,1.313870370722725e-06,0,0.02106755665214396,model::modernbert_sentiment_profile,ModernBERT + Sentiment Profile,42
20713,0,2.222954435637803e-06,0,0.02106755665214396,model::modernbert_sentiment_profile,ModernBERT + Sentiment Profile,42
8986,0,1.565281877446978e-06,0,0.02106755665214396,model::modernbert_sentiment_profile,ModernBERT + Sentiment Profile,42
39,0,1.7706423705021734e-06,0,0.02106755665214396,model::modernbert_sentiment_profile,ModernBERT + Sentiment Profile,42
15187,0,1.2628404419956496e-06,0,0.02106755665214396,model::modernbert_sentiment_profile,ModernBERT + Sentiment Profile,42
1492,1,1.38840528052242e-06,0,0.02106755665214396,model::modernbert_sentiment_profile,ModernBERT + Sentiment Profile,42
20588,0,1.7735389974404825e-06,0,0.02106755665214396,model::modernbert_sentiment_profile,ModernBERT + Sentiment Profile,42
8231,1,1.3284378610478598e-06,0,0.02106755665214396,model::modernbert_sentiment_profile,ModernBERT + Sentiment Profile,42
5094,1,1.1452124226707383e-06,0,0.02106755665214396,model::modernbert_sentiment_profile,ModernBERT + Sentiment Profile,42
7483,0,1.5348045963037291e-06,0,0.02106755665214396,model::modernbert_sentiment_profile,ModernBERT + Sentiment Profile,42
753,0,1.3583853615273256e-06,0,0.02106755665214396,model::modernbert_sentiment_profile,ModernBERT + Sentiment Profile,42
1416,0,1.1655444041025476e-06,0,0.02106755665214396,model::modernbert_sentiment_profile,ModernBERT + Sentiment Profile,42
6055,1,2.4788982955215037e-06,0,0.02106755665214396,model::modernbert_sentiment_profile,ModernBERT + Sentiment Profile,42
11306,1,1.21999448765564e-06,0,0.02106755665214396,model::modernbert_sentiment_profile,ModernBERT + Sentiment Profile,42
15807,1,1.4264564924815204e-06,0,0.02106755665214396,model::modernbert_sentiment_profile,ModernBERT + Sentiment Profile,42
11393,0,1.5451496437890455e-06,0,0.02106755665214396,model::modernbert_sentiment_profile,ModernBERT + Sentiment Profile,42
1532,1,1.349814510831493e-06,0,0.02106755665214396,model::modernbert_sentiment_profile,ModernBERT + Sentiment Profile,42
17823,1,1.63676168085658e-06,0,0.02106755665214396,model::modernbert_sentiment_profile,ModernBERT + Sentiment Profile,42
912,1,1.0563713885858306e-06,0,0.02106755665214396,model::modernbert_sentiment_profile,ModernBERT + Sentiment Profile,42
9162,1,1.4106716434980626e-06,0,0.02106755665214396,model::modernbert_sentiment_profile,ModernBERT + Sentiment Profile,42
12703,0,1.5103266832738882e-06,0,0.02106755665214396,model::modernbert_sentiment_profile,ModernBERT + Sentiment Profile,42
14284,0,1.230839529853256e-06,0,0.02106755665214396,model::modernbert_sentiment_profile,ModernBERT + Sentiment Profile,42
11887,1,1.0286894394084811e-06,0,0.02106755665214396,model::modernbert_sentiment_profile,ModernBERT + Sentiment Profile,42
4680,1,1.6234033637374523e-06,0,0.02106755665214396,model::modernbert_sentiment_profile,ModernBERT + Sentiment Profile,42
9114,1,1.491528564656619e-06,0,0.02106755665214396,model::modernbert_sentiment_profile,ModernBERT + Sentiment Profile,42
15087,1,1.393122943227354e-06,0,0.02106755665214396,model::modernbert_sentiment_profile,ModernBERT + Sentiment Profile,42
11501,0,5.047567810834153e-06,0,0.02106755665214396,model::modernbert_sentiment_profile,ModernBERT + Sentiment Profile,42
9261,1,1.2938770623804885e-06,0,0.02106755665214396,model::modernbert_sentiment_profile,ModernBERT + Sentiment Profile,42
17032,1,1.509064077254152e-06,0,0.02106755665214396,model::modernbert_sentiment_profile,ModernBERT + Sentiment Profile,42
13742,0,1.421681417923537e-06,0,0.02106755665214396,model::modernbert_sentiment_profile,ModernBERT + Sentiment Profile,42
607,1,1.3496445490090991e-06,0,0.02106755665214396,model::modernbert_sentiment_profile,ModernBERT + Sentiment Profile,42
16065,1,1.3813881878377288e-06,0,0.02106755665214396,model::modernbert_sentiment_profile,ModernBERT + Sentiment Profile,42
1061,0,1.168939547824266e-06,0,0.02106755665214396,model::modernbert_sentiment_profile,ModernBERT + Sentiment Profile,42
9683,0,1.5871485175011912e-06,0,0.02106755665214396,model::modernbert_sentiment_profile,ModernBERT + Sentiment Profile,42
9767,1,1.3273056538309902e-06,0,0.02106755665214396,model::modernbert_sentiment_profile,ModernBERT + Sentiment Profile,42
1792,0,2.1298988031048798e-06,0,0.02106755665214396,model::modernbert_sentiment_profile,ModernBERT + Sentiment Profile,42
3351,0,1.1972285847150488e-06,0,0.02106755665214396,model::modernbert_sentiment_profile,ModernBERT + Sentiment Profile,42
4098,0,1.0918246289293163e-06,0,0.02106755665214396,model::modernbert_sentiment_profile,ModernBERT + Sentiment Profile,42
1194,0,1.5241421351674944e-06,0,0.02106755665214396,model::modernbert_sentiment_profile,ModernBERT + Sentiment Profile,42
12026,0,1.249938691216812e-06,0,0.02106755665214396,model::modernbert_sentiment_profile,ModernBERT + Sentiment Profile,42
4868,1,1.1397569323889911e-06,0,0.02106755665214396,model::modernbert_sentiment_profile,ModernBERT + Sentiment Profile,42
19019,1,1.390915258525638e-06,0,0.02106755665214396,model::modernbert_sentiment_profile,ModernBERT + Sentiment Profile,42
19855,1,1.2668017461692216e-06,0,0.02106755665214396,model::modernbert_sentiment_profile,ModernBERT + Sentiment Profile,42
9565,1,1.1818302709798445e-06,0,0.02106755665214396,model::modernbert_sentiment_profile,ModernBERT + Sentiment Profile,42
1647,1,1.287978648178978e-06,0,0.02106755665214396,model::modernbert_sentiment_profile,ModernBERT + Sentiment Profile,42
15961,1,1.0890345265579526e-06,0,0.02106755665214396,model::modernbert_sentiment_profile,ModernBERT + Sentiment Profile,42
285,0,1.1506829196150647e-06,0,0.02106755665214396,model::modernbert_sentiment_profile,ModernBERT + Sentiment Profile,42
18138,0,1.1161346264998429e-06,0,0.02106755665214396,model::modernbert_sentiment_profile,ModernBERT + Sentiment Profile,42
3347,0,1.022983951770584e-06,0,0.02106755665214396,model::modernbert_sentiment_profile,ModernBERT + Sentiment Profile,42
19656,1,9.664197477832204e-07,0,0.02106755665214396,model::modernbert_sentiment_profile,ModernBERT + Sentiment Profile,42
12678,1,1.5768891898915172e-06,0,0.02106755665214396,model::modernbert_sentiment_profile,ModernBERT + Sentiment Profile,42
4231,0,1.3685940984942135e-06,0,0.02106755665214396,model::modernbert_sentiment_profile,ModernBERT + Sentiment Profile,42
13425,1,1.3267690519569442e-06,0,0.02106755665214396,model::modernbert_sentiment_profile,ModernBERT + Sentiment Profile,42
6282,0,1.5513495554841938e-06,0,0.02106755665214396,model::modernbert_sentiment_profile,ModernBERT + Sentiment Profile,42
12418,1,1.782767412805697e-06,0,0.02106755665214396,model::modernbert_sentiment_profile,ModernBERT + Sentiment Profile,42
10239,1,1.3235516007625847e-06,0,0.02106755665214396,model::modernbert_sentiment_profile,ModernBERT + Sentiment Profile,42
6212,1,1.2806127642761569e-06,0,0.02106755665214396,model::modernbert_sentiment_profile,ModernBERT + Sentiment Profile,42
24,1,1.3453460496748448e-06,0,0.02106755665214396,model::modernbert_sentiment_profile,ModernBERT + Sentiment Profile,42
6691,0,1.0047164096249617e-06,0,0.02106755665214396,model::modernbert_sentiment_profile,ModernBERT + Sentiment Profile,42
3507,1,1.360278020001715e-06,0,0.02106755665214396,model::modernbert_sentiment_profile,ModernBERT + Sentiment Profile,42
6583,1,1.5527660934822052e-06,0,0.02106755665214396,model::modernbert_sentiment_profile,ModernBERT + Sentiment Profile,42
15156,1,1.2862344647146529e-06,0,0.02106755665214396,model::modernbert_sentiment_profile,ModernBERT + Sentiment Profile,42
14876,0,1.4477625427389285e-06,0,0.02106755665214396,model::modernbert_sentiment_profile,ModernBERT + Sentiment Profile,42
15809,0,1.7307029338553548e-06,0,0.02106755665214396,model::modernbert_sentiment_profile,ModernBERT + Sentiment Profile,42
19948,0,1.7318553773293388e-06,0,0.02106755665214396,model::modernbert_sentiment_profile,ModernBERT + Sentiment Profile,42
20661,0,7.046044629532844e-06,0,0.02106755665214396,model::modernbert_sentiment_profile,ModernBERT + Sentiment Profile,42
15457,1,1.2569398677442225e-06,0,0.02106755665214396,model::modernbert_sentiment_profile,ModernBERT + Sentiment Profile,42
16560,1,1.7602860680199228e-06,0,0.02106755665214396,model::modernbert_sentiment_profile,ModernBERT + Sentiment Profile,42
3353,0,1.3873080888515688e-06,0,0.02106755665214396,model::modernbert_sentiment_profile,ModernBERT + Sentiment Profile,42
15343,1,1.426281073690916e-06,0,0.02106755665214396,model::modernbert_sentiment_profile,ModernBERT + Sentiment Profile,42
139,1,1.248512603524432e-06,0,0.02106755665214396,model::modernbert_sentiment_profile,ModernBERT + Sentiment Profile,42
14673,1,1.3964723848403082e-06,0,0.02106755665214396,model::modernbert_sentiment_profile,ModernBERT + Sentiment Profile,42
18413,1,1.34529989281873e-06,0,0.02106755665214396,model::modernbert_sentiment_profile,ModernBERT + Sentiment Profile,42
11800,0,1.5467301182070514e-06,0,0.02106755665214396,model::modernbert_sentiment_profile,ModernBERT + Sentiment Profile,42
1827,0,1.2367203225949195e-06,0,0.02106755665214396,model::modernbert_sentiment_profile,ModernBERT + Sentiment Profile,42
18537,0,1.186179702017398e-06,0,0.02106755665214396,model::modernbert_sentiment_profile,ModernBERT + Sentiment Profile,42
1799,0,1.1545367897269898e-06,0,0.02106755665214396,model::modernbert_sentiment_profile,ModernBERT + Sentiment Profile,42
326,1,1.4900969063091909e-06,0,0.02106755665214396,model::modernbert_sentiment_profile,ModernBERT + Sentiment Profile,42
11382,0,1.595731191628147e-06,0,0.02106755665214396,model::modernbert_sentiment_profile,ModernBERT + Sentiment Profile,42
19498,1,1.4858511576676392e-06,0,0.02106755665214396,model::modernbert_sentiment_profile,ModernBERT + Sentiment Profile,42
14625,0,1.1944869129365545e-06,0,0.02106755665214396,model::modernbert_sentiment_profile,ModernBERT + Sentiment Profile,42
14044,1,1.2351349596428918e-06,0,0.02106755665214396,model::modernbert_sentiment_profile,ModernBERT + Sentiment Profile,42
17779,0,1.3118846027282416e-06,0,0.02106755665214396,model::modernbert_sentiment_profile,ModernBERT + Sentiment Profile,42
19114,0,1.1840955949082854e-06,0,0.02106755665214396,model::modernbert_sentiment_profile,ModernBERT + Sentiment Profile,42
1387,1,1.2658621244554524e-06,0,0.02106755665214396,model::modernbert_sentiment_profile,ModernBERT + Sentiment Profile,42
10624,1,1.27831879126461e-06,0,0.02106755665214396,model::modernbert_sentiment_profile,ModernBERT + Sentiment Profile,42
20310,0,1.3557529427998816e-06,0,0.02106755665214396,model::modernbert_sentiment_profile,ModernBERT + Sentiment Profile,42
4592,0,2.4110363483487163e-06,0,0.02106755665214396,model::modernbert_sentiment_profile,ModernBERT + Sentiment Profile,42
10484,0,1.3063713595329318e-06,0,0.02106755665214396,model::modernbert_sentiment_profile,ModernBERT + Sentiment Profile,42
819,0,1.161117779702181e-06,0,0.02106755665214396,model::modernbert_sentiment_profile,ModernBERT + Sentiment Profile,42
12702,1,1.4841516531305388e-06,0,0.02106755665214396,model::modernbert_sentiment_profile,ModernBERT + Sentiment Profile,42
11791,1,1.2561046105474816e-06,0,0.02106755665214396,model::modernbert_sentiment_profile,ModernBERT + Sentiment Profile,42
10008,0,1.876679561974015e-06,0,0.02106755665214396,model::modernbert_sentiment_profile,ModernBERT + Sentiment Profile,42
10395,0,1.4548197668773355e-06,0,0.02106755665214396,model::modernbert_sentiment_profile,ModernBERT + Sentiment Profile,42
2941,1,1.8830043018169815e-06,0,0.02106755665214396,model::modernbert_sentiment_profile,ModernBERT + Sentiment Profile,42
6203,0,1.3373434057939448e-06,0,0.02106755665214396,model::modernbert_sentiment_profile,ModernBERT + Sentiment Profile,42
3563,1,1.3510573353414657e-06,0,0.02106755665214396,model::modernbert_sentiment_profile,ModernBERT + Sentiment Profile,42
14100,0,1.9627673282229807e-06,0,0.02106755665214396,model::modernbert_sentiment_profile,ModernBERT + Sentiment Profile,42
4129,0,1.2857180990977213e-06,0,0.02106755665214396,model::modernbert_sentiment_profile,ModernBERT + Sentiment Profile,42
7813,1,1.121129457715142e-06,0,0.02106755665214396,model::modernbert_sentiment_profile,ModernBERT + Sentiment Profile,42
16228,1,1.398120730300434e-06,0,0.02106755665214396,model::modernbert_sentiment_profile,ModernBERT + Sentiment Profile,42
21120,1,1.1029893585146056e-06,0,0.02106755665214396,model::modernbert_sentiment_profile,ModernBERT + Sentiment Profile,42
13948,0,1.8262859384776675e-06,0,0.02106755665214396,model::modernbert_sentiment_profile,ModernBERT + Sentiment Profile,42
9284,1,1.334224975835241e-06,0,0.02106755665214396,model::modernbert_sentiment_profile,ModernBERT + Sentiment Profile,42
8347,0,1.1615829862421378e-06,0,0.02106755665214396,model::modernbert_sentiment_profile,ModernBERT + Sentiment Profile,42
5542,0,1.0908358945016516e-06,0,0.02106755665214396,model::modernbert_sentiment_profile,ModernBERT + Sentiment Profile,42
13005,1,1.2090237078155042e-06,0,0.02106755665214396,model::modernbert_sentiment_profile,ModernBERT + Sentiment Profile,42
111,1,1.2711122963082744e-06,0,0.02106755665214396,model::modernbert_sentiment_profile,ModernBERT + Sentiment Profile,42
18715,0,1.0263925105391536e-06,0,0.02106755665214396,model::modernbert_sentiment_profile,ModernBERT + Sentiment Profile,42
9630,1,1.70562043422251e-06,0,0.02106755665214396,model::modernbert_sentiment_profile,ModernBERT + Sentiment Profile,42
14498,1,1.5218588487186937e-06,0,0.02106755665214396,model::modernbert_sentiment_profile,ModernBERT + Sentiment Profile,42
16013,1,1.7198536852447432e-06,0,0.02106755665214396,model::modernbert_sentiment_profile,ModernBERT + Sentiment Profile,42
3862,1,1.3094585256112623e-06,0,0.02106755665214396,model::modernbert_sentiment_profile,ModernBERT + Sentiment Profile,42
8953,1,1.4825800462858751e-06,0,0.02106755665214396,model::modernbert_sentiment_profile,ModernBERT + Sentiment Profile,42
4930,1,1.3201956789998803e-06,0,0.02106755665214396,model::modernbert_sentiment_profile,ModernBERT + Sentiment Profile,42
6229,0,9.96335870695475e-07,0,0.02106755665214396,model::modernbert_sentiment_profile,ModernBERT + Sentiment Profile,42
11757,1,1.3286228295328328e-06,0,0.02106755665214396,model::modernbert_sentiment_profile,ModernBERT + Sentiment Profile,42
2247,0,1.3262832680993597e-06,0,0.02106755665214396,model::modernbert_sentiment_profile,ModernBERT + Sentiment Profile,42
10885,1,1.4646858517153305e-06,0,0.02106755665214396,model::modernbert_sentiment_profile,ModernBERT + Sentiment Profile,42
20406,0,2.735064299486112e-06,0,0.02106755665214396,model::modernbert_sentiment_profile,ModernBERT + Sentiment Profile,42
15691,0,2.024143213930074e-06,0,0.02106755665214396,model::modernbert_sentiment_profile,ModernBERT + Sentiment Profile,42
8914,0,1.4212178029993083e-06,0,0.02106755665214396,model::modernbert_sentiment_profile,ModernBERT + Sentiment Profile,42
15641,1,1.3778279708276386e-06,0,0.02106755665214396,model::modernbert_sentiment_profile,ModernBERT + Sentiment Profile,42
18481,1,1.3421129096968798e-06,0,0.02106755665214396,model::modernbert_sentiment_profile,ModernBERT + Sentiment Profile,42
10771,0,1.43342776937061e-06,0,0.02106755665214396,model::modernbert_sentiment_profile,ModernBERT + Sentiment Profile,42
632,0,2.0296774891903624e-06,0,0.02106755665214396,model::modernbert_sentiment_profile,ModernBERT + Sentiment Profile,42
4261,1,1.2599521141964942e-06,0,0.02106755665214396,model::modernbert_sentiment_profile,ModernBERT + Sentiment Profile,42
13653,0,1.3066354540569591e-06,0,0.02106755665214396,model::modernbert_sentiment_profile,ModernBERT + Sentiment Profile,42
6990,0,1.434673663425201e-06,0,0.02106755665214396,model::modernbert_sentiment_profile,ModernBERT + Sentiment Profile,42
17412,1,3.1110898817132693e-06,0,0.02106755665214396,model::modernbert_sentiment_profile,ModernBERT + Sentiment Profile,42
8163,0,1.655750565987546e-06,0,0.02106755665214396,model::modernbert_sentiment_profile,ModernBERT + Sentiment Profile,42
12223,1,1.544202405057149e-06,0,0.02106755665214396,model::modernbert_sentiment_profile,ModernBERT + Sentiment Profile,42
7679,1,1.3105266134516569e-06,0,0.02106755665214396,model::modernbert_sentiment_profile,ModernBERT + Sentiment Profile,42
1839,1,1.351411697214644e-06,0,0.02106755665214396,model::modernbert_sentiment_profile,ModernBERT + Sentiment Profile,42
1912,0,1.3679468793270644e-06,0,0.02106755665214396,model::modernbert_sentiment_profile,ModernBERT + Sentiment Profile,42
8034,0,1.408801495017542e-06,0,0.02106755665214396,model::modernbert_sentiment_profile,ModernBERT + Sentiment Profile,42
6558,0,2.2044337129045743e-06,0,0.02106755665214396,model::modernbert_sentiment_profile,ModernBERT + Sentiment Profile,42
5357,0,2.078410261674435e-06,0,0.02106755665214396,model::modernbert_sentiment_profile,ModernBERT + Sentiment Profile,42
18423,0,1.07809751170862e-06,0,0.02106755665214396,model::modernbert_sentiment_profile,ModernBERT + Sentiment Profile,42
14058,0,1.1649420912362984e-06,0,0.02106755665214396,model::modernbert_sentiment_profile,ModernBERT + Sentiment Profile,42
16942,0,1.7789444655136322e-06,0,0.02106755665214396,model::modernbert_sentiment_profile,ModernBERT + Sentiment Profile,42
5449,0,1.1978795555478428e-06,0,0.02106755665214396,model::modernbert_sentiment_profile,ModernBERT + Sentiment Profile,42
6530,0,1.6544452137168264e-06,0,0.02106755665214396,model::modernbert_sentiment_profile,ModernBERT + Sentiment Profile,42
13569,1,1.3124328006597352e-06,0,0.02106755665214396,model::modernbert_sentiment_profile,ModernBERT + Sentiment Profile,42
13881,1,1.327153768215794e-06,0,0.02106755665214396,model::modernbert_sentiment_profile,ModernBERT + Sentiment Profile,42
12804,0,1.2736265944113256e-06,0,0.02106755665214396,model::modernbert_sentiment_profile,ModernBERT + Sentiment Profile,42
2770,0,1.337390585831599e-06,0,0.02106755665214396,model::modernbert_sentiment_profile,ModernBERT + Sentiment Profile,42
3909,1,1.6728125729059684e-06,0,0.02106755665214396,model::modernbert_sentiment_profile,ModernBERT + Sentiment Profile,42
5847,0,1.091571675715386e-06,0,0.02106755665214396,model::modernbert_sentiment_profile,ModernBERT + Sentiment Profile,42
16422,1,1.500804501120001e-06,0,0.02106755665214396,model::modernbert_sentiment_profile,ModernBERT + Sentiment Profile,42
6021,1,1.193817297462374e-06,0,0.02106755665214396,model::modernbert_sentiment_profile,ModernBERT + Sentiment Profile,42
10868,1,1.673773226684716e-06,0,0.02106755665214396,model::modernbert_sentiment_profile,ModernBERT + Sentiment Profile,42
15790,0,1.7883885448100043e-06,0,0.02106755665214396,model::modernbert_sentiment_profile,ModernBERT + Sentiment Profile,42
215,0,1.3470265685100458e-06,0,0.02106755665214396,model::modernbert_sentiment_profile,ModernBERT + Sentiment Profile,42
21127,0,1.4739536027263966e-06,0,0.02106755665214396,model::modernbert_sentiment_profile,ModernBERT + Sentiment Profile,42
11090,1,2.089445843012072e-06,0,0.02106755665214396,model::modernbert_sentiment_profile,ModernBERT + Sentiment Profile,42
14313,1,1.2461490541681997e-06,0,0.02106755665214396,model::modernbert_sentiment_profile,ModernBERT + Sentiment Profile,42
10978,0,1.2124518207201618e-06,0,0.02106755665214396,model::modernbert_sentiment_profile,ModernBERT + Sentiment Profile,42
20359,1,2.0067791410838254e-06,0,0.02106755665214396,model::modernbert_sentiment_profile,ModernBERT + Sentiment Profile,42
4636,1,1.508230980107328e-06,0,0.02106755665214396,model::modernbert_sentiment_profile,ModernBERT + Sentiment Profile,42
11619,1,1.2929223203173024e-06,0,0.02106755665214396,model::modernbert_sentiment_profile,ModernBERT + Sentiment Profile,42
193,0,1.1492353451103554e-06,0,0.02106755665214396,model::modernbert_sentiment_profile,ModernBERT + Sentiment Profile,42
12479,0,1.4315152156996191e-06,0,0.02106755665214396,model::modernbert_sentiment_profile,ModernBERT + Sentiment Profile,42
5040,1,1.1532899861776968e-06,0,0.02106755665214396,model::modernbert_sentiment_profile,ModernBERT + Sentiment Profile,42
9303,1,1.7263463405470247e-06,0,0.02106755665214396,model::modernbert_sentiment_profile,ModernBERT + Sentiment Profile,42
11257,0,2.4760440737736644e-06,0,0.02106755665214396,model::modernbert_sentiment_profile,ModernBERT + Sentiment Profile,42
6146,0,1.6402290157202517e-06,0,0.02106755665214396,model::modernbert_sentiment_profile,ModernBERT + Sentiment Profile,42
18985,0,1.3186240721552167e-06,0,0.02106755665214396,model::modernbert_sentiment_profile,ModernBERT + Sentiment Profile,42
20553,1,1.5635243926226394e-06,0,0.02106755665214396,model::modernbert_sentiment_profile,ModernBERT + Sentiment Profile,42
461,1,1.5900512835287373e-06,0,0.02106755665214396,model::modernbert_sentiment_profile,ModernBERT + Sentiment Profile,42
18330,1,1.4591828403354157e-06,0,0.02106755665214396,model::modernbert_sentiment_profile,ModernBERT + Sentiment Profile,42
3672,1,1.3225345583123271e-06,0,0.02106755665214396,model::modernbert_sentiment_profile,ModernBERT + Sentiment Profile,42
1926,0,1.4284304370448808e-06,0,0.02106755665214396,model::modernbert_sentiment_profile,ModernBERT + Sentiment Profile,42
10818,0,1.6308595149894245e-06,0,0.02106755665214396,model::modernbert_sentiment_profile,ModernBERT + Sentiment Profile,42
2357,1,1.371868734167947e-06,0,0.02106755665214396,model::modernbert_sentiment_profile,ModernBERT + Sentiment Profile,42
20238,1,1.3318539231477189e-06,0,0.02106755665214396,model::modernbert_sentiment_profile,ModernBERT + Sentiment Profile,42
12538,0,1.2362391998976818e-06,0,0.02106755665214396,model::modernbert_sentiment_profile,ModernBERT + Sentiment Profile,42
11460,1,1.235658032783249e-06,0,0.02106755665214396,model::modernbert_sentiment_profile,ModernBERT + Sentiment Profile,42
8845,0,1.2301013612159295e-06,0,0.02106755665214396,model::modernbert_sentiment_profile,ModernBERT + Sentiment Profile,42
6862,0,1.2600855825439794e-06,0,0.02106755665214396,model::modernbert_sentiment_profile,ModernBERT + Sentiment Profile,42
6486,0,1.2775229834005586e-06,0,0.02106755665214396,model::modernbert_sentiment_profile,ModernBERT + Sentiment Profile,42
15654,1,1.1390724239390693e-06,0,0.02106755665214396,model::modernbert_sentiment_profile,ModernBERT + Sentiment Profile,42
19794,0,1.380996991429129e-06,0,0.02106755665214396,model::modernbert_sentiment_profile,ModernBERT + Sentiment Profile,42
19378,1,1.5561608961434104e-06,0,0.02106755665214396,model::modernbert_sentiment_profile,ModernBERT + Sentiment Profile,42
8941,0,1.3713481621380197e-06,0,0.02106755665214396,model::modernbert_sentiment_profile,ModernBERT + Sentiment Profile,42
17423,0,1.3053750080871396e-06,0,0.02106755665214396,model::modernbert_sentiment_profile,ModernBERT + Sentiment Profile,42
13739,1,1.294736080126313e-06,0,0.02106755665214396,model::modernbert_sentiment_profile,ModernBERT + Sentiment Profile,42
11920,0,1.4989449255153886e-06,0,0.02106755665214396,model::modernbert_sentiment_profile,ModernBERT + Sentiment Profile,42
5298,0,1.2712263242065092e-06,0,0.02106755665214396,model::modernbert_sentiment_profile,ModernBERT + Sentiment Profile,42
17987,1,9.425205007573824e-07,0,0.02106755665214396,model::modernbert_sentiment_profile,ModernBERT + Sentiment Profile,42
17579,0,1.695477862995176e-06,0,0.02106755665214396,model::modernbert_sentiment_profile,ModernBERT + Sentiment Profile,42
12541,0,4.513222847890575e-06,0,0.02106755665214396,model::modernbert_sentiment_profile,ModernBERT + Sentiment Profile,42
8477,0,1.3204601145844208e-06,0,0.02106755665214396,model::modernbert_sentiment_profile,ModernBERT + Sentiment Profile,42
4734,0,1.3721945606448571e-06,0,0.02106755665214396,model::modernbert_sentiment_profile,ModernBERT + Sentiment Profile,42
7493,0,2.8191138881084044e-06,0,0.02106755665214396,model::modernbert_sentiment_profile,ModernBERT + Sentiment Profile,42
15109,1,1.5472612631128868e-06,0,0.02106755665214396,model::modernbert_sentiment_profile,ModernBERT + Sentiment Profile,42
2100,0,2.0541706362564582e-06,0,0.02106755665214396,model::modernbert_sentiment_profile,ModernBERT + Sentiment Profile,42
1075,1,1.53714677253447e-06,0,0.02106755665214396,model::modernbert_sentiment_profile,ModernBERT + Sentiment Profile,42
1209,1,1.548130626360944e-06,0,0.02106755665214396,model::modernbert_sentiment_profile,ModernBERT + Sentiment Profile,42
4692,1,1.4390187743629212e-06,0,0.02106755665214396,model::modernbert_sentiment_profile,ModernBERT + Sentiment Profile,42
5307,1,1.5840561218283256e-06,0,0.02106755665214396,model::modernbert_sentiment_profile,ModernBERT + Sentiment Profile,42
19342,0,1.2471250556700395e-06,0,0.02106755665214396,model::modernbert_sentiment_profile,ModernBERT + Sentiment Profile,42
4314,0,3.883577846863773e-06,0,0.02106755665214396,model::modernbert_sentiment_profile,ModernBERT + Sentiment Profile,42
2980,1,1.1471897778392304e-06,0,0.02106755665214396,model::modernbert_sentiment_profile,ModernBERT + Sentiment Profile,42
13846,0,1.2097121953047465e-06,0,0.02106755665214396,model::modernbert_sentiment_profile,ModernBERT + Sentiment Profile,42
18405,0,1.3427992371362052e-06,0,0.02106755665214396,model::modernbert_sentiment_profile,ModernBERT + Sentiment Profile,42
9552,1,1.4082239658819162e-06,0,0.02106755665214396,model::modernbert_sentiment_profile,ModernBERT + Sentiment Profile,42
18882,1,1.3984674751554849e-06,0,0.02106755665214396,model::modernbert_sentiment_profile,ModernBERT + Sentiment Profile,42
15253,0,1.3255752264740297e-06,0,0.02106755665214396,model::modernbert_sentiment_profile,ModernBERT + Sentiment Profile,42
4815,0,1.4447667808781262e-06,0,0.02106755665214396,model::modernbert_sentiment_profile,ModernBERT + Sentiment Profile,42
8531,1,1.3714331998926357e-06,0,0.02106755665214396,model::modernbert_sentiment_profile,ModernBERT + Sentiment Profile,42
14005,1,1.4021894685356528e-06,0,0.02106755665214396,model::modernbert_sentiment_profile,ModernBERT + Sentiment Profile,42
3579,1,1.3261960702948272e-06,0,0.02106755665214396,model::modernbert_sentiment_profile,ModernBERT + Sentiment Profile,42
8311,1,1.2736945791402832e-06,0,0.02106755665214396,model::modernbert_sentiment_profile,ModernBERT + Sentiment Profile,42
6421,0,1.5856144273129755e-06,0,0.02106755665214396,model::modernbert_sentiment_profile,ModernBERT + Sentiment Profile,42
15194,1,9.12236316708004e-07,0,0.02106755665214396,model::modernbert_sentiment_profile,ModernBERT + Sentiment Profile,42
12840,1,1.4440876157095772e-06,0,0.02106755665214396,model::modernbert_sentiment_profile,ModernBERT + Sentiment Profile,42
15793,0,1.814442725844856e-06,0,0.02106755665214396,model::modernbert_sentiment_profile,ModernBERT + Sentiment Profile,42
12661,0,1.4627817108703312e-06,0,0.02106755665214396,model::modernbert_sentiment_profile,ModernBERT + Sentiment Profile,42
17329,0,2.035620809692773e-06,0,0.02106755665214396,model::modernbert_sentiment_profile,ModernBERT + Sentiment Profile,42
20832,1,1.0888870747294277e-06,0,0.02106755665214396,model::modernbert_sentiment_profile,ModernBERT + Sentiment Profile,42
6802,0,1.4764028719582711e-06,0,0.02106755665214396,model::modernbert_sentiment_profile,ModernBERT + Sentiment Profile,42
16815,1,1.261749844161386e-06,0,0.02106755665214396,model::modernbert_sentiment_profile,ModernBERT + Sentiment Profile,42
4850,0,2.622816509756376e-06,0,0.02106755665214396,model::modernbert_sentiment_profile,ModernBERT + Sentiment Profile,42
15309,0,1.34061247081263e-06,0,0.02106755665214396,model::modernbert_sentiment_profile,ModernBERT + Sentiment Profile,42
8342,0,1.1916130233657896e-06,0,0.02106755665214396,model::modernbert_sentiment_profile,ModernBERT + Sentiment Profile,42
8878,1,1.5806984947630554e-06,0,0.02106755665214396,model::modernbert_sentiment_profile,ModernBERT + Sentiment Profile,42
19332,1,1.8352461665926969e-06,0,0.02106755665214396,model::modernbert_sentiment_profile,ModernBERT + Sentiment Profile,42
6987,1,1.6686365142959405e-06,0,0.02106755665214396,model::modernbert_sentiment_profile,ModernBERT + Sentiment Profile,42
17374,1,1.4886537655911525e-06,0,0.02106755665214396,model::modernbert_sentiment_profile,ModernBERT + Sentiment Profile,42
3848,1,1.308520950260572e-06,0,0.02106755665214396,model::modernbert_sentiment_profile,ModernBERT + Sentiment Profile,42
12077,1,1.294255866923777e-06,0,0.02106755665214396,model::modernbert_sentiment_profile,ModernBERT + Sentiment Profile,42
6620,1,2.422981197014451e-06,0,0.02106755665214396,model::modernbert_sentiment_profile,ModernBERT + Sentiment Profile,42
14377,0,1.675523549238278e-06,0,0.02106755665214396,model::modernbert_sentiment_profile,ModernBERT + Sentiment Profile,42
2816,1,1.2942978173668962e-06,0,0.02106755665214396,model::modernbert_sentiment_profile,ModernBERT + Sentiment Profile,42
6392,1,1.344359702670772e-06,0,0.02106755665214396,model::modernbert_sentiment_profile,ModernBERT + Sentiment Profile,42
16552,1,1.1750780686270446e-06,0,0.02106755665214396,model::modernbert_sentiment_profile,ModernBERT + Sentiment Profile,42
13603,0,1.4064938795854689e-06,0,0.02106755665214396,model::modernbert_sentiment_profile,ModernBERT + Sentiment Profile,42
14546,0,1.5043381154100643e-06,0,0.02106755665214396,model::modernbert_sentiment_profile,ModernBERT + Sentiment Profile,42
4627,1,1.4022335790286888e-06,0,0.02106755665214396,model::modernbert_sentiment_profile,ModernBERT + Sentiment Profile,42
12923,1,1.2003577012364983e-06,0,0.02106755665214396,model::modernbert_sentiment_profile,ModernBERT + Sentiment Profile,42
18722,1,1.3557076954384684e-06,0,0.02106755665214396,model::modernbert_sentiment_profile,ModernBERT + Sentiment Profile,42
7617,1,1.661681039877294e-06,0,0.02106755665214396,model::modernbert_sentiment_profile,ModernBERT + Sentiment Profile,42
4668,0,1.2686067520917277e-06,0,0.02106755665214396,model::modernbert_sentiment_profile,ModernBERT + Sentiment Profile,42
6499,0,1.7616143850318622e-06,0,0.02106755665214396,model::modernbert_sentiment_profile,ModernBERT + Sentiment Profile,42
8288,0,1.102310079659219e-06,0,0.02106755665214396,model::modernbert_sentiment_profile,ModernBERT + Sentiment Profile,42
2725,0,1.3154037787899142e-06,0,0.02106755665214396,model::modernbert_sentiment_profile,ModernBERT + Sentiment Profile,42
18557,0,1.3332124808584922e-06,0,0.02106755665214396,model::modernbert_sentiment_profile,ModernBERT + Sentiment Profile,42
2093,0,1.3794530104860314e-06,0,0.02106755665214396,model::modernbert_sentiment_profile,ModernBERT + Sentiment Profile,42
8843,0,1.2093777286281693e-06,0,0.02106755665214396,model::modernbert_sentiment_profile,ModernBERT + Sentiment Profile,42
16318,0,1.2515585012806696e-06,0,0.02106755665214396,model::modernbert_sentiment_profile,ModernBERT + Sentiment Profile,42
4469,1,1.4392494449566584e-06,0,0.02106755665214396,model::modernbert_sentiment_profile,ModernBERT + Sentiment Profile,42
20318,0,1.5702846667409176e-06,0,0.02106755665214396,model::modernbert_sentiment_profile,ModernBERT + Sentiment Profile,42
18224,1,1.7159103435915313e-06,0,0.02106755665214396,model::modernbert_sentiment_profile,ModernBERT + Sentiment Profile,42
20399,1,1.3001531442569103e-06,0,0.02106755665214396,model::modernbert_sentiment_profile,ModernBERT + Sentiment Profile,42
6939,0,1.316388875238772e-06,0,0.02106755665214396,model::modernbert_sentiment_profile,ModernBERT + Sentiment Profile,42
9990,0,1.3450561482386547e-06,0,0.02106755665214396,model::modernbert_sentiment_profile,ModernBERT + Sentiment Profile,42
10238,1,1.5724846207376686e-06,0,0.02106755665214396,model::modernbert_sentiment_profile,ModernBERT + Sentiment Profile,42
20987,0,1.3546931540986409e-06,0,0.02106755665214396,model::modernbert_sentiment_profile,ModernBERT + Sentiment Profile,42
15757,1,1.6186542097784695e-06,0,0.02106755665214396,model::modernbert_sentiment_profile,ModernBERT + Sentiment Profile,42
18082,0,1.4778664763070992e-06,0,0.02106755665214396,model::modernbert_sentiment_profile,ModernBERT + Sentiment Profile,42
1506,1,1.6160752238647549e-06,0,0.02106755665214396,model::modernbert_sentiment_profile,ModernBERT + Sentiment Profile,42
19964,0,1.2983998658455675e-06,0,0.02106755665214396,model::modernbert_sentiment_profile,ModernBERT + Sentiment Profile,42
12627,1,1.3810273458148004e-06,0,0.02106755665214396,model::modernbert_sentiment_profile,ModernBERT + Sentiment Profile,42
12100,0,1.777747115738748e-06,0,0.02106755665214396,model::modernbert_sentiment_profile,ModernBERT + Sentiment Profile,42
8388,1,1.406791739100299e-06,0,0.02106755665214396,model::modernbert_sentiment_profile,ModernBERT + Sentiment Profile,42
21083,0,1.4751882417840534e-06,0,0.02106755665214396,model::modernbert_sentiment_profile,ModernBERT + Sentiment Profile,42
18678,1,1.1621502835623687e-06,0,0.02106755665214396,model::modernbert_sentiment_profile,ModernBERT + Sentiment Profile,42
832,0,1.4558843304257607e-06,0,0.02106755665214396,model::modernbert_sentiment_profile,ModernBERT + Sentiment Profile,42
6428,1,1.5035392380013946e-06,0,0.02106755665214396,model::modernbert_sentiment_profile,ModernBERT + Sentiment Profile,42
14122,1,1.2616824278666172e-06,0,0.02106755665214396,model::modernbert_sentiment_profile,ModernBERT + Sentiment Profile,42
10830,0,1.0051456911241985e-06,0,0.02106755665214396,model::modernbert_sentiment_profile,ModernBERT + Sentiment Profile,42
6650,1,1.2576184644785826e-06,0,0.02106755665214396,model::modernbert_sentiment_profile,ModernBERT + Sentiment Profile,42
2349,1,1.2291902748984285e-06,0,0.02106755665214396,model::modernbert_sentiment_profile,ModernBERT + Sentiment Profile,42
17693,0,1.4004788226884557e-06,0,0.02106755665214396,model::modernbert_sentiment_profile,ModernBERT + Sentiment Profile,42
1505,1,2.0225957086950075e-06,0,0.02106755665214396,model::modernbert_sentiment_profile,ModernBERT + Sentiment Profile,42
20743,0,1.4376252011061297e-06,0,0.02106755665214396,model::modernbert_sentiment_profile,ModernBERT + Sentiment Profile,42
208,1,1.2853944326707278e-06,0,0.02106755665214396,model::modernbert_sentiment_profile,ModernBERT + Sentiment Profile,42
5140,1,1.3008192354391213e-06,0,0.02106755665214396,model::modernbert_sentiment_profile,ModernBERT + Sentiment Profile,42
3077,1,1.1172560334671289e-06,0,0.02106755665214396,model::modernbert_sentiment_profile,ModernBERT + Sentiment Profile,42
10906,1,1.5693385648773983e-06,0,0.02106755665214396,model::modernbert_sentiment_profile,ModernBERT + Sentiment Profile,42
16467,1,1.3269335568111271e-06,0,0.02106755665214396,model::modernbert_sentiment_profile,ModernBERT + Sentiment Profile,42
18995,1,1.3048472737864358e-06,0,0.02106755665214396,model::modernbert_sentiment_profile,ModernBERT + Sentiment Profile,42
13964,0,1.5696978152845986e-06,0,0.02106755665214396,model::modernbert_sentiment_profile,ModernBERT + Sentiment Profile,42
19122,1,1.47225091495784e-06,0,0.02106755665214396,model::modernbert_sentiment_profile,ModernBERT + Sentiment Profile,42
12284,1,1.8260647038914608e-06,0,0.02106755665214396,model::modernbert_sentiment_profile,ModernBERT + Sentiment Profile,42
15030,0,1.297539597544528e-06,0,0.02106755665214396,model::modernbert_sentiment_profile,ModernBERT + Sentiment Profile,42
8464,0,1.1317051757941954e-06,0,0.02106755665214396,model::modernbert_sentiment_profile,ModernBERT + Sentiment Profile,42
8716,1,1.6005411680453108e-06,0,0.02106755665214396,model::modernbert_sentiment_profile,ModernBERT + Sentiment Profile,42
1028,0,1.789726184142637e-06,0,0.02106755665214396,model::modernbert_sentiment_profile,ModernBERT + Sentiment Profile,42
5908,1,1.4732031559105965e-06,0,0.02106755665214396,model::modernbert_sentiment_profile,ModernBERT + Sentiment Profile,42
12457,1,1.3099743227940053e-06,0,0.02106755665214396,model::modernbert_sentiment_profile,ModernBERT + Sentiment Profile,42
17102,1,1.2077146038791398e-06,0,0.02106755665214396,model::modernbert_sentiment_profile,ModernBERT + Sentiment Profile,42
10844,0,1.1676160056595108e-06,0,0.02106755665214396,model::modernbert_sentiment_profile,ModernBERT + Sentiment Profile,42
20782,1,1.5486829170185956e-06,0,0.02106755665214396,model::modernbert_sentiment_profile,ModernBERT + Sentiment Profile,42
16211,0,1.971012807189254e-06,0,0.02106755665214396,model::modernbert_sentiment_profile,ModernBERT + Sentiment Profile,42
18610,1,1.2585962849698262e-06,0,0.02106755665214396,model::modernbert_sentiment_profile,ModernBERT + Sentiment Profile,42
6018,1,1.620873945284984e-06,0,0.02106755665214396,model::modernbert_sentiment_profile,ModernBERT + Sentiment Profile,42
15466,1,1.2389750736474523e-06,0,0.02106755665214396,model::modernbert_sentiment_profile,ModernBERT + Sentiment Profile,42
716,0,1.029881104841479e-06,0,0.02106755665214396,model::modernbert_sentiment_profile,ModernBERT + Sentiment Profile,42
9034,0,1.7115336277129245e-06,0,0.02106755665214396,model::modernbert_sentiment_profile,ModernBERT + Sentiment Profile,42
13710,0,1.6683294461472542e-06,0,0.02106755665214396,model::modernbert_sentiment_profile,ModernBERT + Sentiment Profile,42
2365,1,1.3968373195893946e-06,0,0.02106755665214396,model::modernbert_sentiment_profile,ModernBERT + Sentiment Profile,42
19049,0,1.2673285709752236e-06,0,0.02106755665214396,model::modernbert_sentiment_profile,ModernBERT + Sentiment Profile,42
6730,1,2.000482936637127e-06,0,0.02106755665214396,model::modernbert_sentiment_profile,ModernBERT + Sentiment Profile,42
3653,0,1.299358586948074e-06,0,0.02106755665214396,model::modernbert_sentiment_profile,ModernBERT + Sentiment Profile,42
18153,1,1.7431162859793403e-06,0,0.02106755665214396,model::modernbert_sentiment_profile,ModernBERT + Sentiment Profile,42
2392,1,1.2387553169901366e-06,0,0.02106755665214396,model::modernbert_sentiment_profile,ModernBERT + Sentiment Profile,42
12733,0,1.428506720912992e-06,0,0.02106755665214396,model::modernbert_sentiment_profile,ModernBERT + Sentiment Profile,42
9310,0,1.08225401618256e-06,0,0.02106755665214396,model::modernbert_sentiment_profile,ModernBERT + Sentiment Profile,42
7591,1,1.1837782949442044e-06,0,0.02106755665214396,model::modernbert_sentiment_profile,ModernBERT + Sentiment Profile,42
20265,0,1.2123605301894711e-06,0,0.02106755665214396,model::modernbert_sentiment_profile,ModernBERT + Sentiment Profile,42
12991,1,1.2974788887731847e-06,0,0.02106755665214396,model::modernbert_sentiment_profile,ModernBERT + Sentiment Profile,42
4602,1,1.2258187780389562e-06,0,0.02106755665214396,model::modernbert_sentiment_profile,ModernBERT + Sentiment Profile,42
5286,1,1.3291094091982814e-06,0,0.02106755665214396,model::modernbert_sentiment_profile,ModernBERT + Sentiment Profile,42
1544,0,1.4414596307688043e-06,0,0.02106755665214396,model::modernbert_sentiment_profile,ModernBERT + Sentiment Profile,42
12179,0,1.196438688566559e-06,0,0.02106755665214396,model::modernbert_sentiment_profile,ModernBERT + Sentiment Profile,42
18950,0,2.253310185551527e-06,0,0.02106755665214396,model::modernbert_sentiment_profile,ModernBERT + Sentiment Profile,42
299,1,1.8571413420431784e-06,0,0.02106755665214396,model::modernbert_sentiment_profile,ModernBERT + Sentiment Profile,42
9220,1,1.3502252613761812e-06,0,0.02106755665214396,model::modernbert_sentiment_profile,ModernBERT + Sentiment Profile,42
5996,0,1.0633050351316342e-06,0,0.02106755665214396,model::modernbert_sentiment_profile,ModernBERT + Sentiment Profile,42
18391,1,1.3462367860483937e-06,0,0.02106755665214396,model::modernbert_sentiment_profile,ModernBERT + Sentiment Profile,42
1344,0,1.056077167049807e-06,0,0.02106755665214396,model::modernbert_sentiment_profile,ModernBERT + Sentiment Profile,42
18727,1,1.3415384501058725e-06,0,0.02106755665214396,model::modernbert_sentiment_profile,ModernBERT + Sentiment Profile,42
2307,1,1.1314732546452433e-06,0,0.02106755665214396,model::modernbert_sentiment_profile,ModernBERT + Sentiment Profile,42
6844,1,1.2178765018688864e-06,0,0.02106755665214396,model::modernbert_sentiment_profile,ModernBERT + Sentiment Profile,42
18049,1,1.2420154007486417e-06,0,0.02106755665214396,model::modernbert_sentiment_profile,ModernBERT + Sentiment Profile,42
16513,0,1.3143328487785766e-06,0,0.02106755665214396,model::modernbert_sentiment_profile,ModernBERT + Sentiment Profile,42
1636,1,1.5422788237628993e-06,0,0.02106755665214396,model::modernbert_sentiment_profile,ModernBERT + Sentiment Profile,42
5741,1,1.0637279501679586e-06,0,0.02106755665214396,model::modernbert_sentiment_profile,ModernBERT + Sentiment Profile,42
7792,0,1.3160097296349704e-06,0,0.02106755665214396,model::modernbert_sentiment_profile,ModernBERT + Sentiment Profile,42
17869,1,1.1749458508347743e-06,0,0.02106755665214396,model::modernbert_sentiment_profile,ModernBERT + Sentiment Profile,42
5132,1,1.2463260645745322e-06,0,0.02106755665214396,model::modernbert_sentiment_profile,ModernBERT + Sentiment Profile,42
4576,1,1.2432574294507504e-06,0,0.02106755665214396,model::modernbert_sentiment_profile,ModernBERT + Sentiment Profile,42
5222,0,1.2613936632988043e-06,0,0.02106755665214396,model::modernbert_sentiment_profile,ModernBERT + Sentiment Profile,42
7317,1,1.2379487088765018e-06,0,0.02106755665214396,model::modernbert_sentiment_profile,ModernBERT + Sentiment Profile,42
20554,0,1.4502263638860311e-06,0,0.02106755665214396,model::modernbert_sentiment_profile,ModernBERT + Sentiment Profile,42
3513,0,1.5874587688813335e-06,0,0.02106755665214396,model::modernbert_sentiment_profile,ModernBERT + Sentiment Profile,42
905,1,1.3458464991344954e-06,0,0.02106755665214396,model::modernbert_sentiment_profile,ModernBERT + Sentiment Profile,42
20667,0,1.2265110171938431e-06,0,0.02106755665214396,model::modernbert_sentiment_profile,ModernBERT + Sentiment Profile,42
9661,0,1.6543647234357195e-06,0,0.02106755665214396,model::modernbert_sentiment_profile,ModernBERT + Sentiment Profile,42
10254,1,1.6529044160051851e-06,0,0.02106755665214396,model::modernbert_sentiment_profile,ModernBERT + Sentiment Profile,42
8912,0,1.1061928262279253e-06,0,0.02106755665214396,model::modernbert_sentiment_profile,ModernBERT + Sentiment Profile,42
4089,0,1.4989078636062914e-06,0,0.02106755665214396,model::modernbert_sentiment_profile,ModernBERT + Sentiment Profile,42
17783,1,1.2058317224727944e-06,0,0.02106755665214396,model::modernbert_sentiment_profile,ModernBERT + Sentiment Profile,42
16845,1,1.1860835229526856e-06,0,0.02106755665214396,model::modernbert_sentiment_profile,ModernBERT + Sentiment Profile,42
17988,1,1.512837911832321e-06,0,0.02106755665214396,model::modernbert_sentiment_profile,ModernBERT + Sentiment Profile,42
20016,0,1.3553340068028774e-06,0,0.02106755665214396,model::modernbert_sentiment_profile,ModernBERT + Sentiment Profile,42
20641,1,1.2813090961572016e-06,0,0.02106755665214396,model::modernbert_sentiment_profile,ModernBERT + Sentiment Profile,42
16492,1,1.1670526873786002e-06,0,0.02106755665214396,model::modernbert_sentiment_profile,ModernBERT + Sentiment Profile,42
5336,0,1.3962313687443384e-06,0,0.02106755665214396,model::modernbert_sentiment_profile,ModernBERT + Sentiment Profile,42
17733,1,1.4864974673400866e-06,0,0.02106755665214396,model::modernbert_sentiment_profile,ModernBERT + Sentiment Profile,42
14810,1,1.3584449334302915e-06,0,0.02106755665214396,model::modernbert_sentiment_profile,ModernBERT + Sentiment Profile,42
9299,1,1.4134551520328389e-06,0,0.02106755665214396,model::modernbert_sentiment_profile,ModernBERT + Sentiment Profile,42
16433,0,1.3872313502361069e-06,0,0.02106755665214396,model::modernbert_sentiment_profile,ModernBERT + Sentiment Profile,42
1734,1,1.864185946942598e-06,0,0.02106755665214396,model::modernbert_sentiment_profile,ModernBERT + Sentiment Profile,42
6052,0,1.4613498251492274e-06,0,0.02106755665214396,model::modernbert_sentiment_profile,ModernBERT + Sentiment Profile,42
5806,1,1.991494400499505e-06,0,0.02106755665214396,model::modernbert_sentiment_profile,ModernBERT + Sentiment Profile,42
15588,0,1.0704495707614117e-06,0,0.02106755665214396,model::modernbert_sentiment_profile,ModernBERT + Sentiment Profile,42
15626,1,1.1882267472174135e-06,0,0.02106755665214396,model::modernbert_sentiment_profile,ModernBERT + Sentiment Profile,42
9918,1,1.53300823058089e-06,0,0.02106755665214396,model::modernbert_sentiment_profile,ModernBERT + Sentiment Profile,42
14579,0,1.7556587863509776e-06,0,0.02106755665214396,model::modernbert_sentiment_profile,ModernBERT + Sentiment Profile,42
16056,1,1.3599005797004793e-06,0,0.02106755665214396,model::modernbert_sentiment_profile,ModernBERT + Sentiment Profile,42
13238,0,8.988388913167e-07,0,0.02106755665214396,model::modernbert_sentiment_profile,ModernBERT + Sentiment Profile,42
11787,1,2.343149617445306e-06,0,0.02106755665214396,model::modernbert_sentiment_profile,ModernBERT + Sentiment Profile,42
10176,1,1.3625578958453843e-06,0,0.02106755665214396,model::modernbert_sentiment_profile,ModernBERT + Sentiment Profile,42
1360,0,2.762536951195216e-06,0,0.02106755665214396,model::modernbert_sentiment_profile,ModernBERT + Sentiment Profile,42
3883,0,1.45049887123605e-06,0,0.02106755665214396,model::modernbert_sentiment_profile,ModernBERT + Sentiment Profile,42
5387,0,1.0826524885487745e-06,0,0.02106755665214396,model::modernbert_sentiment_profile,ModernBERT + Sentiment Profile,42
20307,1,1.643811970097886e-06,0,0.02106755665214396,model::modernbert_sentiment_profile,ModernBERT + Sentiment Profile,42
1963,0,1.7366286328979186e-06,0,0.02106755665214396,model::modernbert_sentiment_profile,ModernBERT + Sentiment Profile,42
16002,0,1.2940954547957515e-06,0,0.02106755665214396,model::modernbert_sentiment_profile,ModernBERT + Sentiment Profile,42
19416,0,1.2597250815815642e-06,0,0.02106755665214396,model::modernbert_sentiment_profile,ModernBERT + Sentiment Profile,42
5518,0,1.1936965620407136e-06,0,0.02106755665214396,model::modernbert_sentiment_profile,ModernBERT + Sentiment Profile,42
17651,0,1.5348748547694413e-06,0,0.02106755665214396,model::modernbert_sentiment_profile,ModernBERT + Sentiment Profile,42
8179,0,1.5430703115271172e-06,0,0.02106755665214396,model::modernbert_sentiment_profile,ModernBERT + Sentiment Profile,42
10276,0,1.8409853055345595e-06,0,0.02106755665214396,model::modernbert_sentiment_profile,ModernBERT + Sentiment Profile,42
13812,0,1.1462974498499534e-06,0,0.02106755665214396,model::modernbert_sentiment_profile,ModernBERT + Sentiment Profile,42
12745,0,1.274887949875847e-06,0,0.02106755665214396,model::modernbert_sentiment_profile,ModernBERT + Sentiment Profile,42
11182,0,1.110961989070347e-06,0,0.02106755665214396,model::modernbert_sentiment_profile,ModernBERT + Sentiment Profile,42
13950,0,1.330731606685731e-06,0,0.02106755665214396,model::modernbert_sentiment_profile,ModernBERT + Sentiment Profile,42
16749,1,1.3045163314018282e-06,0,0.02106755665214396,model::modernbert_sentiment_profile,ModernBERT + Sentiment Profile,42
6368,0,1.115695113185211e-06,0,0.02106755665214396,model::modernbert_sentiment_profile,ModernBERT + Sentiment Profile,42
9739,1,1.0163238357563389e-06,0,0.02106755665214396,model::modernbert_sentiment_profile,ModernBERT + Sentiment Profile,42
7749,0,1.361344743600057e-06,0,0.02106755665214396,model::modernbert_sentiment_profile,ModernBERT + Sentiment Profile,42
20739,0,9.789182513486594e-07,0,0.02106755665214396,model::modernbert_sentiment_profile,ModernBERT + Sentiment Profile,42
19228,1,1.5869502476562047e-06,0,0.02106755665214396,model::modernbert_sentiment_profile,ModernBERT + Sentiment Profile,42
2161,0,1.1345764505676923e-06,0,0.02106755665214396,model::modernbert_sentiment_profile,ModernBERT + Sentiment Profile,42
6302,0,2.076809323625639e-06,0,0.02106755665214396,model::modernbert_sentiment_profile,ModernBERT + Sentiment Profile,42
6784,1,1.3995121435073088e-06,0,0.02106755665214396,model::modernbert_sentiment_profile,ModernBERT + Sentiment Profile,42
20887,1,1.9580409116315423e-06,0,0.02106755665214396,model::modernbert_sentiment_profile,ModernBERT + Sentiment Profile,42
5202,0,5.712030088034226e-06,0,0.02106755665214396,model::modernbert_sentiment_profile,ModernBERT + Sentiment Profile,42
6877,1,1.3549721415984095e-06,0,0.02106755665214396,model::modernbert_sentiment_profile,ModernBERT + Sentiment Profile,42
11013,0,1.693304511718452e-06,0,0.02106755665214396,model::modernbert_sentiment_profile,ModernBERT + Sentiment Profile,42
17333,1,8.552930239602574e-07,0,0.02106755665214396,model::modernbert_sentiment_profile,ModernBERT + Sentiment Profile,42
16463,0,1.269213043997297e-06,0,0.02106755665214396,model::modernbert_sentiment_profile,ModernBERT + Sentiment Profile,42
12128,1,1.407689524057787e-06,0,0.02106755665214396,model::modernbert_sentiment_profile,ModernBERT + Sentiment Profile,42
20941,0,1.3117895605319063e-06,0,0.02106755665214396,model::modernbert_sentiment_profile,ModernBERT + Sentiment Profile,42
5545,1,1.307494358115946e-06,0,0.02106755665214396,model::modernbert_sentiment_profile,ModernBERT + Sentiment Profile,42
16670,1,1.5173228575804387e-06,0,0.02106755665214396,model::modernbert_sentiment_profile,ModernBERT + Sentiment Profile,42
17613,1,1.5185403299255995e-06,0,0.02106755665214396,model::modernbert_sentiment_profile,ModernBERT + Sentiment Profile,42
3261,1,1.5213450978990295e-06,0,0.02106755665214396,model::modernbert_sentiment_profile,ModernBERT + Sentiment Profile,42
9418,0,1.2730521348203183e-06,0,0.02106755665214396,model::modernbert_sentiment_profile,ModernBERT + Sentiment Profile,42
7179,1,1.4907378727002651e-06,0,0.02106755665214396,model::modernbert_sentiment_profile,ModernBERT + Sentiment Profile,42
8831,0,1.131722456193529e-06,0,0.02106755665214396,model::modernbert_sentiment_profile,ModernBERT + Sentiment Profile,42
16949,1,1.5224293292703803e-06,0,0.02106755665214396,model::modernbert_sentiment_profile,ModernBERT + Sentiment Profile,42
1284,0,1.5842268794585834e-06,0,0.02106755665214396,model::modernbert_sentiment_profile,ModernBERT + Sentiment Profile,42
12243,1,1.331248199676338e-06,0,0.02106755665214396,model::modernbert_sentiment_profile,ModernBERT + Sentiment Profile,42
11706,1,1.4266823882280733e-06,0,0.02106755665214396,model::modernbert_sentiment_profile,ModernBERT + Sentiment Profile,42
20237,0,1.371545636175142e-06,0,0.02106755665214396,model::modernbert_sentiment_profile,ModernBERT + Sentiment Profile,42
835,0,1.2310343890931108e-06,0,0.02106755665214396,model::modernbert_sentiment_profile,ModernBERT + Sentiment Profile,42
16194,1,1.2804564448742894e-06,0,0.02106755665214396,model::modernbert_sentiment_profile,ModernBERT + Sentiment Profile,42
2330,1,1.3523940651793964e-06,0,0.02106755665214396,model::modernbert_sentiment_profile,ModernBERT + Sentiment Profile,42
13622,1,1.650173317102599e-06,0,0.02106755665214396,model::modernbert_sentiment_profile,ModernBERT + Sentiment Profile,42
18058,1,1.350714569525735e-06,0,0.02106755665214396,model::modernbert_sentiment_profile,ModernBERT + Sentiment Profile,42
5015,0,1.4787124200665858e-06,0,0.02106755665214396,model::modernbert_sentiment_profile,ModernBERT + Sentiment Profile,42
10920,0,1.1292794397377293e-06,0,0.02106755665214396,model::modernbert_sentiment_profile,ModernBERT + Sentiment Profile,42
13464,0,1.1116635505459271e-06,0,0.02106755665214396,model::modernbert_sentiment_profile,ModernBERT + Sentiment Profile,42
20656,1,1.031227611747454e-06,0,0.02106755665214396,model::modernbert_sentiment_profile,ModernBERT + Sentiment Profile,42
12789,0,1.1299882771709235e-06,0,0.02106755665214396,model::modernbert_sentiment_profile,ModernBERT + Sentiment Profile,42
19212,1,1.5440389233845051e-06,0,0.02106755665214396,model::modernbert_sentiment_profile,ModernBERT + Sentiment Profile,42
19282,1,1.447694899070484e-06,0,0.02106755665214396,model::modernbert_sentiment_profile,ModernBERT + Sentiment Profile,42
288,0,1.4483604218185064e-06,0,0.02106755665214396,model::modernbert_sentiment_profile,ModernBERT + Sentiment Profile,42
15250,0,1.568784909977694e-06,0,0.02106755665214396,model::modernbert_sentiment_profile,ModernBERT + Sentiment Profile,42
10506,0,1.3928798807683052e-06,0,0.02106755665214396,model::modernbert_sentiment_profile,ModernBERT + Sentiment Profile,42
3269,1,1.1978224847553065e-06,0,0.02106755665214396,model::modernbert_sentiment_profile,ModernBERT + Sentiment Profile,42
2241,1,1.442916072846856e-06,0,0.02106755665214396,model::modernbert_sentiment_profile,ModernBERT + Sentiment Profile,42
12807,1,1.3664044899996952e-06,0,0.02106755665214396,model::modernbert_sentiment_profile,ModernBERT + Sentiment Profile,42
21086,0,2.1737077986472286e-06,0,0.02106755665214396,model::modernbert_sentiment_profile,ModernBERT + Sentiment Profile,42
20188,0,1.2332834558037575e-06,0,0.02106755665214396,model::modernbert_sentiment_profile,ModernBERT + Sentiment Profile,42
11548,0,1.3922543757871608e-06,0,0.02106755665214396,model::modernbert_sentiment_profile,ModernBERT + Sentiment Profile,42
12955,1,1.2868810017607757e-06,0,0.02106755665214396,model::modernbert_sentiment_profile,ModernBERT + Sentiment Profile,42
10288,1,1.203006149808061e-06,0,0.02106755665214396,model::modernbert_sentiment_profile,ModernBERT + Sentiment Profile,42
6633,1,1.2602081369550433e-06,0,0.02106755665214396,model::modernbert_sentiment_profile,ModernBERT + Sentiment Profile,42
13995,0,1.454370362807822e-06,0,0.02106755665214396,model::modernbert_sentiment_profile,ModernBERT + Sentiment Profile,42
14659,1,1.4010238373884931e-06,0,0.02106755665214396,model::modernbert_sentiment_profile,ModernBERT + Sentiment Profile,42
3708,1,2.57790657087753e-06,0,0.02106755665214396,model::modernbert_sentiment_profile,ModernBERT + Sentiment Profile,42
14245,0,1.7322022358712277e-06,0,0.02106755665214396,model::modernbert_sentiment_profile,ModernBERT + Sentiment Profile,42
10751,0,1.3909697145209066e-06,0,0.02106755665214396,model::modernbert_sentiment_profile,ModernBERT + Sentiment Profile,42
20867,1,1.430517613698612e-06,0,0.02106755665214396,model::modernbert_sentiment_profile,ModernBERT + Sentiment Profile,42
16297,1,1.4654151527793149e-06,0,0.02106755665214396,model::modernbert_sentiment_profile,ModernBERT + Sentiment Profile,42
19176,0,1.3878479876439087e-06,0,0.02106755665214396,model::modernbert_sentiment_profile,ModernBERT + Sentiment Profile,42
10463,1,1.4272566204454051e-06,0,0.02106755665214396,model::modernbert_sentiment_profile,ModernBERT + Sentiment Profile,42
5943,0,1.1447953056631377e-06,0,0.02106755665214396,model::modernbert_sentiment_profile,ModernBERT + Sentiment Profile,42
6274,0,1.8435574702380109e-06,0,0.02106755665214396,model::modernbert_sentiment_profile,ModernBERT + Sentiment Profile,42
7012,1,1.27079715639411e-06,0,0.02106755665214396,model::modernbert_sentiment_profile,ModernBERT + Sentiment Profile,42
2528,0,1.004017121886136e-06,0,0.02106755665214396,model::modernbert_sentiment_profile,ModernBERT + Sentiment Profile,42
5244,1,1.142490646088845e-06,0,0.02106755665214396,model::modernbert_sentiment_profile,ModernBERT + Sentiment Profile,42
3228,1,1.3051186442680771e-06,0,0.02106755665214396,model::modernbert_sentiment_profile,ModernBERT + Sentiment Profile,42
13679,1,1.38580060138338e-06,0,0.02106755665214396,model::modernbert_sentiment_profile,ModernBERT + Sentiment Profile,42
2353,0,1.2339882005107938e-06,0,0.02106755665214396,model::modernbert_sentiment_profile,ModernBERT + Sentiment Profile,42
17868,0,1.7092369262172724e-06,0,0.02106755665214396,model::modernbert_sentiment_profile,ModernBERT + Sentiment Profile,42
10911,0,1.402661496285873e-06,0,0.02106755665214396,model::modernbert_sentiment_profile,ModernBERT + Sentiment Profile,42
17795,0,2.480785497027682e-06,0,0.02106755665214396,model::modernbert_sentiment_profile,ModernBERT + Sentiment Profile,42
4064,0,2.0158190636720974e-06,0,0.02106755665214396,model::modernbert_sentiment_profile,ModernBERT + Sentiment Profile,42
11220,1,1.4993395325291203e-06,0,0.02106755665214396,model::modernbert_sentiment_profile,ModernBERT + Sentiment Profile,42
6330,0,1.2674747722485336e-06,0,0.02106755665214396,model::modernbert_sentiment_profile,ModernBERT + Sentiment Profile,42
3160,1,9.200173280987656e-07,0,0.02106755665214396,model::modernbert_sentiment_profile,ModernBERT + Sentiment Profile,42
9211,0,1.3002585319554782e-06,0,0.02106755665214396,model::modernbert_sentiment_profile,ModernBERT + Sentiment Profile,42
13829,1,1.452148694625066e-06,0,0.02106755665214396,model::modernbert_sentiment_profile,ModernBERT + Sentiment Profile,42
20040,0,1.5948623968142783e-06,0,0.02106755665214396,model::modernbert_sentiment_profile,ModernBERT + Sentiment Profile,42
8151,0,1.6916371805564268e-06,0,0.02106755665214396,model::modernbert_sentiment_profile,ModernBERT + Sentiment Profile,42
19258,1,1.1296930324533605e-06,0,0.02106755665214396,model::modernbert_sentiment_profile,ModernBERT + Sentiment Profile,42
18899,0,1.269819563276542e-06,0,0.02106755665214396,model::modernbert_sentiment_profile,ModernBERT + Sentiment Profile,42
21008,0,1.373543113913911e-06,0,0.02106755665214396,model::modernbert_sentiment_profile,ModernBERT + Sentiment Profile,42
17324,1,9.969147640731537e-07,0,0.02106755665214396,model::modernbert_sentiment_profile,ModernBERT + Sentiment Profile,42
944,1,1.3147954405212658e-06,0,0.02106755665214396,model::modernbert_sentiment_profile,ModernBERT + Sentiment Profile,42
8278,0,1.6553794921492226e-06,0,0.02106755665214396,model::modernbert_sentiment_profile,ModernBERT + Sentiment Profile,42
17555,1,1.1485560662549688e-06,0,0.02106755665214396,model::modernbert_sentiment_profile,ModernBERT + Sentiment Profile,42
3857,1,1.2743142860927037e-06,0,0.02106755665214396,model::modernbert_sentiment_profile,ModernBERT + Sentiment Profile,42
12737,1,1.9339504433446564e-06,0,0.02106755665214396,model::modernbert_sentiment_profile,ModernBERT + Sentiment Profile,42
15545,0,1.481826643612294e-06,0,0.02106755665214396,model::modernbert_sentiment_profile,ModernBERT + Sentiment Profile,42
8693,1,1.3555796840591938e-06,0,0.02106755665214396,model::modernbert_sentiment_profile,ModernBERT + Sentiment Profile,42
2521,1,1.2219786640343957e-06,0,0.02106755665214396,model::modernbert_sentiment_profile,ModernBERT + Sentiment Profile,42
5398,1,1.6970324168141817e-06,0,0.02106755665214396,model::modernbert_sentiment_profile,ModernBERT + Sentiment Profile,42
14372,1,1.178656134470657e-06,0,0.02106755665214396,model::modernbert_sentiment_profile,ModernBERT + Sentiment Profile,42
14629,0,1.1470060599094722e-06,0,0.02106755665214396,model::modernbert_sentiment_profile,ModernBERT + Sentiment Profile,42
5149,0,1.2177720236650202e-06,0,0.02106755665214396,model::modernbert_sentiment_profile,ModernBERT + Sentiment Profile,42
1411,1,1.0628082236507908e-06,0,0.02106755665214396,model::modernbert_sentiment_profile,ModernBERT + Sentiment Profile,42
20931,1,1.7327706700598355e-06,0,0.02106755665214396,model::modernbert_sentiment_profile,ModernBERT + Sentiment Profile,42
7180,0,1.5343129007305834e-06,0,0.02106755665214396,model::modernbert_sentiment_profile,ModernBERT + Sentiment Profile,42
2091,0,1.4184582823872915e-06,0,0.02106755665214396,model::modernbert_sentiment_profile,ModernBERT + Sentiment Profile,42
2141,1,1.2758926004607929e-06,0,0.02106755665214396,model::modernbert_sentiment_profile,ModernBERT + Sentiment Profile,42
6695,0,9.908948186421185e-07,0,0.02106755665214396,model::modernbert_sentiment_profile,ModernBERT + Sentiment Profile,42
7950,0,1.1776909332184005e-06,0,0.02106755665214396,model::modernbert_sentiment_profile,ModernBERT + Sentiment Profile,42
17601,1,1.3587027751782443e-06,0,0.02106755665214396,model::modernbert_sentiment_profile,ModernBERT + Sentiment Profile,42
14362,0,1.3542461374527193e-06,0,0.02106755665214396,model::modernbert_sentiment_profile,ModernBERT + Sentiment Profile,42
9196,1,1.4345354202305316e-06,0,0.02106755665214396,model::modernbert_sentiment_profile,ModernBERT + Sentiment Profile,42
18311,1,9.732715398058644e-07,0,0.02106755665214396,model::modernbert_sentiment_profile,ModernBERT + Sentiment Profile,42
18325,0,1.258671886716911e-06,0,0.02106755665214396,model::modernbert_sentiment_profile,ModernBERT + Sentiment Profile,42
2602,0,1.3366549183047027e-06,0,0.02106755665214396,model::modernbert_sentiment_profile,ModernBERT + Sentiment Profile,42
17256,0,1.4883883068250725e-06,0,0.02106755665214396,model::modernbert_sentiment_profile,ModernBERT + Sentiment Profile,42
2691,1,1.5052249864311309e-06,0,0.02106755665214396,model::modernbert_sentiment_profile,ModernBERT + Sentiment Profile,42
19058,0,1.5279580338756205e-06,0,0.02106755665214396,model::modernbert_sentiment_profile,ModernBERT + Sentiment Profile,42
9185,1,1.780437969500781e-06,0,0.02106755665214396,model::modernbert_sentiment_profile,ModernBERT + Sentiment Profile,42
20745,0,2.159035375370877e-06,0,0.02106755665214396,model::modernbert_sentiment_profile,ModernBERT + Sentiment Profile,42
9544,0,1.3133029597156565e-06,0,0.02106755665214396,model::modernbert_sentiment_profile,ModernBERT + Sentiment Profile,42
11431,1,1.3678034065378597e-06,0,0.02106755665214396,model::modernbert_sentiment_profile,ModernBERT + Sentiment Profile,42
11528,0,1.2156508546468103e-06,0,0.02106755665214396,model::modernbert_sentiment_profile,ModernBERT + Sentiment Profile,42
12441,0,1.6442776313851937e-06,0,0.02106755665214396,model::modernbert_sentiment_profile,ModernBERT + Sentiment Profile,42
11925,0,1.5330404039559653e-06,0,0.02106755665214396,model::modernbert_sentiment_profile,ModernBERT + Sentiment Profile,42
2900,0,1.2657583283726126e-06,0,0.02106755665214396,model::modernbert_sentiment_profile,ModernBERT + Sentiment Profile,42
16701,1,1.2419230870364115e-06,0,0.02106755665214396,model::modernbert_sentiment_profile,ModernBERT + Sentiment Profile,42
5660,0,1.3046208096056944e-06,0,0.02106755665214396,model::modernbert_sentiment_profile,ModernBERT + Sentiment Profile,42
346,1,1.1281481420155617e-06,0,0.02106755665214396,model::modernbert_sentiment_profile,ModernBERT + Sentiment Profile,42
13438,1,1.6644534071019734e-06,0,0.02106755665214396,model::modernbert_sentiment_profile,ModernBERT + Sentiment Profile,42
1650,0,1.3672804470843405e-06,0,0.02106755665214396,model::modernbert_sentiment_profile,ModernBERT + Sentiment Profile,42
7861,0,1.943700226547662e-06,0,0.02106755665214396,model::modernbert_sentiment_profile,ModernBERT + Sentiment Profile,42
21098,0,1.1472817504909472e-06,0,0.02106755665214396,model::modernbert_sentiment_profile,ModernBERT + Sentiment Profile,42
3888,1,1.2162399798398835e-06,0,0.02106755665214396,model::modernbert_sentiment_profile,ModernBERT + Sentiment Profile,42
19944,0,1.7508400560473092e-06,0,0.02106755665214396,model::modernbert_sentiment_profile,ModernBERT + Sentiment Profile,42
6096,1,8.566555038669321e-07,0,0.02106755665214396,model::modernbert_sentiment_profile,ModernBERT + Sentiment Profile,42
12443,1,1.317818259849446e-06,0,0.02106755665214396,model::modernbert_sentiment_profile,ModernBERT + Sentiment Profile,42
18921,0,1.2266713156350306e-06,0,0.02106755665214396,model::modernbert_sentiment_profile,ModernBERT + Sentiment Profile,42
19057,1,1.1143913525302196e-06,0,0.02106755665214396,model::modernbert_sentiment_profile,ModernBERT + Sentiment Profile,42
10696,0,1.8033538253803272e-06,0,0.02106755665214396,model::modernbert_sentiment_profile,ModernBERT + Sentiment Profile,42
1091,0,1.3444840760712395e-06,0,0.02106755665214396,model::modernbert_sentiment_profile,ModernBERT + Sentiment Profile,42
10496,1,1.4936323395886577e-06,0,0.02106755665214396,model::modernbert_sentiment_profile,ModernBERT + Sentiment Profile,42
5579,1,1.323188030255551e-06,0,0.02106755665214396,model::modernbert_sentiment_profile,ModernBERT + Sentiment Profile,42
348,0,1.6519273913218058e-06,0,0.02106755665214396,model::modernbert_sentiment_profile,ModernBERT + Sentiment Profile,42
7791,0,1.387515794704086e-06,0,0.02106755665214396,model::modernbert_sentiment_profile,ModernBERT + Sentiment Profile,42
6921,0,1.6401257880716005e-06,0,0.02106755665214396,model::modernbert_sentiment_profile,ModernBERT + Sentiment Profile,42
5961,0,1.2718811603917857e-06,0,0.02106755665214396,model::modernbert_sentiment_profile,ModernBERT + Sentiment Profile,42
423,0,1.3273664762891713e-06,0,0.02106755665214396,model::modernbert_sentiment_profile,ModernBERT + Sentiment Profile,42
5252,1,1.380869321110367e-06,0,0.02106755665214396,model::modernbert_sentiment_profile,ModernBERT + Sentiment Profile,42
6483,1,1.388295459037181e-06,0,0.02106755665214396,model::modernbert_sentiment_profile,ModernBERT + Sentiment Profile,42
9998,0,1.2634620816243114e-06,0,0.02106755665214396,model::modernbert_sentiment_profile,ModernBERT + Sentiment Profile,42
11973,1,1.3493832966560149e-06,0,0.02106755665214396,model::modernbert_sentiment_profile,ModernBERT + Sentiment Profile,42
10073,0,1.3613966984848958e-06,0,0.02106755665214396,model::modernbert_sentiment_profile,ModernBERT + Sentiment Profile,42
16291,1,1.3364343658395228e-06,0,0.02106755665214396,model::modernbert_sentiment_profile,ModernBERT + Sentiment Profile,42
15117,0,1.6054851812441484e-06,0,0.02106755665214396,model::modernbert_sentiment_profile,ModernBERT + Sentiment Profile,42
6412,1,1.323368564953853e-06,0,0.02106755665214396,model::modernbert_sentiment_profile,ModernBERT + Sentiment Profile,42
14392,0,1.552196067677869e-06,0,0.02106755665214396,model::modernbert_sentiment_profile,ModernBERT + Sentiment Profile,42
13991,1,1.1811339390987996e-06,0,0.02106755665214396,model::modernbert_sentiment_profile,ModernBERT + Sentiment Profile,42
5799,0,1.386287067361991e-06,0,0.02106755665214396,model::modernbert_sentiment_profile,ModernBERT + Sentiment Profile,42
14778,1,1.618021428839711e-06,0,0.02106755665214396,model::modernbert_sentiment_profile,ModernBERT + Sentiment Profile,42
15503,0,1.1584896810745704e-06,0,0.02106755665214396,model::modernbert_sentiment_profile,ModernBERT + Sentiment Profile,42
13030,1,1.2398224953358294e-06,0,0.02106755665214396,model::modernbert_sentiment_profile,ModernBERT + Sentiment Profile,42
5198,1,1.461621536691382e-06,0,0.02106755665214396,model::modernbert_sentiment_profile,ModernBERT + Sentiment Profile,42
6892,1,1.8117038962373044e-06,0,0.02106755665214396,model::modernbert_sentiment_profile,ModernBERT + Sentiment Profile,42
3729,0,1.4945599104976282e-06,0,0.02106755665214396,model::modernbert_sentiment_profile,ModernBERT + Sentiment Profile,42
8235,1,1.4019514082974638e-06,0,0.02106755665214396,model::modernbert_sentiment_profile,ModernBERT + Sentiment Profile,42
21073,0,1.9348119622009108e-06,0,0.02106755665214396,model::modernbert_sentiment_profile,ModernBERT + Sentiment Profile,42
19901,0,1.4412025848287158e-06,0,0.02106755665214396,model::modernbert_sentiment_profile,ModernBERT + Sentiment Profile,42
16269,0,1.8404709862807067e-06,0,0.02106755665214396,model::modernbert_sentiment_profile,ModernBERT + Sentiment Profile,42
415,0,1.6359923620257175e-06,0,0.02106755665214396,model::modernbert_sentiment_profile,ModernBERT + Sentiment Profile,42
619,1,1.2949324172950585e-06,0,0.02106755665214396,model::modernbert_sentiment_profile,ModernBERT + Sentiment Profile,42
9421,1,1.4637613503509783e-06,0,0.02106755665214396,model::modernbert_sentiment_profile,ModernBERT + Sentiment Profile,42
1992,1,1.3575408956967294e-06,0,0.02106755665214396,model::modernbert_sentiment_profile,ModernBERT + Sentiment Profile,42
9633,0,1.8660679188542415e-06,0,0.02106755665214396,model::modernbert_sentiment_profile,ModernBERT + Sentiment Profile,42
790,0,1.035258719639387e-06,0,0.02106755665214396,model::modernbert_sentiment_profile,ModernBERT + Sentiment Profile,42
7410,1,1.2648955589611433e-06,0,0.02106755665214396,model::modernbert_sentiment_profile,ModernBERT + Sentiment Profile,42
5427,0,1.1540073501237202e-06,0,0.02106755665214396,model::modernbert_sentiment_profile,ModernBERT + Sentiment Profile,42
12704,0,1.6595810166109004e-06,0,0.02106755665214396,model::modernbert_sentiment_profile,ModernBERT + Sentiment Profile,42
7225,1,1.3704997172681033e-06,0,0.02106755665214396,model::modernbert_sentiment_profile,ModernBERT + Sentiment Profile,42
3310,0,1.534602574793098e-06,0,0.02106755665214396,model::modernbert_sentiment_profile,ModernBERT + Sentiment Profile,42
11385,0,1.793481715139933e-06,0,0.02106755665214396,model::modernbert_sentiment_profile,ModernBERT + Sentiment Profile,42
490,1,1.7802902902985809e-06,0,0.02106755665214396,model::modernbert_sentiment_profile,ModernBERT + Sentiment Profile,42
1730,1,1.337279627477983e-06,0,0.02106755665214396,model::modernbert_sentiment_profile,ModernBERT + Sentiment Profile,42
20113,1,1.3909590279581607e-06,0,0.02106755665214396,model::modernbert_sentiment_profile,ModernBERT + Sentiment Profile,42
13770,0,1.1076612054239376e-06,0,0.02106755665214396,model::modernbert_sentiment_profile,ModernBERT + Sentiment Profile,42
12039,1,1.0524134950173902e-06,0,0.02106755665214396,model::modernbert_sentiment_profile,ModernBERT + Sentiment Profile,42
8972,0,1.3337237305677263e-06,0,0.02106755665214396,model::modernbert_sentiment_profile,ModernBERT + Sentiment Profile,42
5955,0,1.302923692492186e-06,0,0.02106755665214396,model::modernbert_sentiment_profile,ModernBERT + Sentiment Profile,42
18914,1,1.7118633195423172e-06,0,0.02106755665214396,model::modernbert_sentiment_profile,ModernBERT + Sentiment Profile,42
13109,1,1.2319011375439004e-06,0,0.02106755665214396,model::modernbert_sentiment_profile,ModernBERT + Sentiment Profile,42
14314,0,1.630136466701515e-06,0,0.02106755665214396,model::modernbert_sentiment_profile,ModernBERT + Sentiment Profile,42
487,1,1.115414306696039e-06,0,0.02106755665214396,model::modernbert_sentiment_profile,ModernBERT + Sentiment Profile,42
613,0,1.7253126998184598e-06,0,0.02106755665214396,model::modernbert_sentiment_profile,ModernBERT + Sentiment Profile,42
18712,0,1.0345116834287182e-06,0,0.02106755665214396,model::modernbert_sentiment_profile,ModernBERT + Sentiment Profile,42
20055,0,1.5866278317844262e-06,0,0.02106755665214396,model::modernbert_sentiment_profile,ModernBERT + Sentiment Profile,42
18631,0,9.571137979946798e-07,0,0.02106755665214396,model::modernbert_sentiment_profile,ModernBERT + Sentiment Profile,42
4749,1,1.1564255828488967e-06,0,0.02106755665214396,model::modernbert_sentiment_profile,ModernBERT + Sentiment Profile,42
13940,0,2.0603370103344787e-06,0,0.02106755665214396,model::modernbert_sentiment_profile,ModernBERT + Sentiment Profile,42
18683,0,1.680178343121952e-06,0,0.02106755665214396,model::modernbert_sentiment_profile,ModernBERT + Sentiment Profile,42
7674,1,1.130900386669964e-06,0,0.02106755665214396,model::modernbert_sentiment_profile,ModernBERT + Sentiment Profile,42
13468,0,1.40345900945249e-06,0,0.02106755665214396,model::modernbert_sentiment_profile,ModernBERT + Sentiment Profile,42
1488,1,2.256845846204669e-06,0,0.02106755665214396,model::modernbert_sentiment_profile,ModernBERT + Sentiment Profile,42
17143,0,1.330519694420218e-06,0,0.02106755665214396,model::modernbert_sentiment_profile,ModernBERT + Sentiment Profile,42
8932,1,1.3184140925659449e-06,0,0.02106755665214396,model::modernbert_sentiment_profile,ModernBERT + Sentiment Profile,42
10240,1,1.0551741524977842e-06,0,0.02106755665214396,model::modernbert_sentiment_profile,ModernBERT + Sentiment Profile,42
5794,0,1.6011564412110602e-06,0,0.02106755665214396,model::modernbert_sentiment_profile,ModernBERT + Sentiment Profile,42
429,1,1.9914148197131e-06,0,0.02106755665214396,model::modernbert_sentiment_profile,ModernBERT + Sentiment Profile,42
14203,1,1.4840965150142438e-06,0,0.02106755665214396,model::modernbert_sentiment_profile,ModernBERT + Sentiment Profile,42
1602,0,1.5666887520637829e-06,0,0.02106755665214396,model::modernbert_sentiment_profile,ModernBERT + Sentiment Profile,42
10137,1,1.2602008609974291e-06,0,0.02106755665214396,model::modernbert_sentiment_profile,ModernBERT + Sentiment Profile,42
21093,1,1.4104160754868644e-06,0,0.02106755665214396,model::modernbert_sentiment_profile,ModernBERT + Sentiment Profile,42
20550,0,1.3405203844740754e-06,0,0.02106755665214396,model::modernbert_sentiment_profile,ModernBERT + Sentiment Profile,42
16419,1,1.0950154774036491e-06,0,0.02106755665214396,model::modernbert_sentiment_profile,ModernBERT + Sentiment Profile,42
3435,0,1.2557142099467455e-06,0,0.02106755665214396,model::modernbert_sentiment_profile,ModernBERT + Sentiment Profile,42
19747,0,1.3123714097673655e-06,0,0.02106755665214396,model::modernbert_sentiment_profile,ModernBERT + Sentiment Profile,42
896,0,2.0516997665254166e-06,0,0.02106755665214396,model::modernbert_sentiment_profile,ModernBERT + Sentiment Profile,42
1158,0,2.808374802043545e-06,0,0.02106755665214396,model::modernbert_sentiment_profile,ModernBERT + Sentiment Profile,42
3961,0,1.3911103451391682e-06,0,0.02106755665214396,model::modernbert_sentiment_profile,ModernBERT + Sentiment Profile,42
5649,1,1.2664489759117714e-06,0,0.02106755665214396,model::modernbert_sentiment_profile,ModernBERT + Sentiment Profile,42
19197,0,1.5936886939016404e-06,0,0.02106755665214396,model::modernbert_sentiment_profile,ModernBERT + Sentiment Profile,42
634,0,1.1736792657757178e-06,0,0.02106755665214396,model::modernbert_sentiment_profile,ModernBERT + Sentiment Profile,42
15856,1,1.55668783463625e-06,0,0.02106755665214396,model::modernbert_sentiment_profile,ModernBERT + Sentiment Profile,42
11681,1,1.789565772014612e-06,0,0.02106755665214396,model::modernbert_sentiment_profile,ModernBERT + Sentiment Profile,42
18629,1,1.1856944865940022e-06,0,0.02106755665214396,model::modernbert_sentiment_profile,ModernBERT + Sentiment Profile,42
908,1,1.3178622566556442e-06,0,0.02106755665214396,model::modernbert_sentiment_profile,ModernBERT + Sentiment Profile,42
10067,0,1.671810991865641e-06,0,0.02106755665214396,model::modernbert_sentiment_profile,ModernBERT + Sentiment Profile,42
18318,1,1.294253365813347e-06,0,0.02106755665214396,model::modernbert_sentiment_profile,ModernBERT + Sentiment Profile,42
8724,1,9.436546406504932e-07,0,0.02106755665214396,model::modernbert_sentiment_profile,ModernBERT + Sentiment Profile,42
17763,0,1.8851388858820428e-06,0,0.02106755665214396,model::modernbert_sentiment_profile,ModernBERT + Sentiment Profile,42
10931,0,1.093721380129864e-06,0,0.02106755665214396,model::modernbert_sentiment_profile,ModernBERT + Sentiment Profile,42
5300,1,1.2691476740656071e-06,0,0.02106755665214396,model::modernbert_sentiment_profile,ModernBERT + Sentiment Profile,42
14296,0,1.6415639265687787e-06,0,0.02106755665214396,model::modernbert_sentiment_profile,ModernBERT + Sentiment Profile,42
6517,0,1.2625971521629251e-06,0,0.02106755665214396,model::modernbert_sentiment_profile,ModernBERT + Sentiment Profile,42
9698,0,1.0618032320053317e-06,0,0.02106755665214396,model::modernbert_sentiment_profile,ModernBERT + Sentiment Profile,42
3299,1,1.6289056929963408e-06,0,0.02106755665214396,model::modernbert_sentiment_profile,ModernBERT + Sentiment Profile,42
15057,0,1.1533020369824951e-06,0,0.02106755665214396,model::modernbert_sentiment_profile,ModernBERT + Sentiment Profile,42
18724,1,1.272139570573927e-06,0,0.02106755665214396,model::modernbert_sentiment_profile,ModernBERT + Sentiment Profile,42
4523,0,1.1785572269218392e-06,0,0.02106755665214396,model::modernbert_sentiment_profile,ModernBERT + Sentiment Profile,42
15341,1,1.0887396229009028e-06,0,0.02106755665214396,model::modernbert_sentiment_profile,ModernBERT + Sentiment Profile,42
20812,0,6.048733666830231e-06,0,0.02106755665214396,model::modernbert_sentiment_profile,ModernBERT + Sentiment Profile,42
10438,1,1.398186100232124e-06,0,0.02106755665214396,model::modernbert_sentiment_profile,ModernBERT + Sentiment Profile,42
4214,0,2.1459222807607148e-06,0,0.02106755665214396,model::modernbert_sentiment_profile,ModernBERT + Sentiment Profile,42
17013,0,1.0957843414871604e-06,0,0.02106755665214396,model::modernbert_sentiment_profile,ModernBERT + Sentiment Profile,42
6937,1,1.2338175565673737e-06,0,0.02106755665214396,model::modernbert_sentiment_profile,ModernBERT + Sentiment Profile,42
1126,0,1.1387129461581935e-06,0,0.02106755665214396,model::modernbert_sentiment_profile,ModernBERT + Sentiment Profile,42
10572,0,2.6723259907157626e-06,0,0.02106755665214396,model::modernbert_sentiment_profile,ModernBERT + Sentiment Profile,42
10926,1,1.2077997553205932e-06,0,0.02106755665214396,model::modernbert_sentiment_profile,ModernBERT + Sentiment Profile,42
6536,1,1.5522330159001283e-06,0,0.02106755665214396,model::modernbert_sentiment_profile,ModernBERT + Sentiment Profile,42
18459,0,1.437651235391968e-06,0,0.02106755665214396,model::modernbert_sentiment_profile,ModernBERT + Sentiment Profile,42
11808,0,1.4040025462236372e-06,0,0.02106755665214396,model::modernbert_sentiment_profile,ModernBERT + Sentiment Profile,42
11380,0,1.0910190439972212e-06,0,0.02106755665214396,model::modernbert_sentiment_profile,ModernBERT + Sentiment Profile,42
808,1,1.4627943301093185e-06,0,0.02106755665214396,model::modernbert_sentiment_profile,ModernBERT + Sentiment Profile,42
128,0,1.1203214853594543e-06,0,0.02106755665214396,model::modernbert_sentiment_profile,ModernBERT + Sentiment Profile,42
2751,0,1.426634753443068e-06,0,0.02106755665214396,model::modernbert_sentiment_profile,ModernBERT + Sentiment Profile,42
12590,1,1.3171711543691345e-06,0,0.02106755665214396,model::modernbert_sentiment_profile,ModernBERT + Sentiment Profile,42
14014,0,1.2249867040736715e-06,0,0.02106755665214396,model::modernbert_sentiment_profile,ModernBERT + Sentiment Profile,42
18569,0,1.0573711506367545e-06,0,0.02106755665214396,model::modernbert_sentiment_profile,ModernBERT + Sentiment Profile,42
3436,1,1.2823212500734371e-06,0,0.02106755665214396,model::modernbert_sentiment_profile,ModernBERT + Sentiment Profile,42
3401,0,1.8838431969925296e-06,0,0.02106755665214396,model::modernbert_sentiment_profile,ModernBERT + Sentiment Profile,42
15971,0,1.1775483699238976e-06,0,0.02106755665214396,model::modernbert_sentiment_profile,ModernBERT + Sentiment Profile,42
9490,0,1.342175664831302e-06,0,0.02106755665214396,model::modernbert_sentiment_profile,ModernBERT + Sentiment Profile,42
20368,0,1.5622113096469548e-06,0,0.02106755665214396,model::modernbert_sentiment_profile,ModernBERT + Sentiment Profile,42
6327,1,1.3279957329359604e-06,0,0.02106755665214396,model::modernbert_sentiment_profile,ModernBERT + Sentiment Profile,42
14955,0,1.6807568954391172e-06,0,0.02106755665214396,model::modernbert_sentiment_profile,ModernBERT + Sentiment Profile,42
4579,1,1.516016709501855e-06,0,0.02106755665214396,model::modernbert_sentiment_profile,ModernBERT + Sentiment Profile,42
982,1,1.2387187098283905e-06,0,0.02106755665214396,model::modernbert_sentiment_profile,ModernBERT + Sentiment Profile,42
8426,1,1.386636199640634e-06,0,0.02106755665214396,model::modernbert_sentiment_profile,ModernBERT + Sentiment Profile,42
6009,1,1.1820894769698498e-06,0,0.02106755665214396,model::modernbert_sentiment_profile,ModernBERT + Sentiment Profile,42
334,0,1.7692126448309864e-06,0,0.02106755665214396,model::modernbert_sentiment_profile,ModernBERT + Sentiment Profile,42
19831,1,1.3397357179201208e-06,0,0.02106755665214396,model::modernbert_sentiment_profile,ModernBERT + Sentiment Profile,42
6688,1,1.25017231766833e-06,0,0.02106755665214396,model::modernbert_sentiment_profile,ModernBERT + Sentiment Profile,42
2448,0,2.497632976883324e-06,0,0.02106755665214396,model::modernbert_sentiment_profile,ModernBERT + Sentiment Profile,42
17841,1,1.3246805110611604e-06,0,0.02106755665214396,model::modernbert_sentiment_profile,ModernBERT + Sentiment Profile,42
16629,0,1.4387965165951757e-06,0,0.02106755665214396,model::modernbert_sentiment_profile,ModernBERT + Sentiment Profile,42
5068,1,1.3312558166944657e-06,0,0.02106755665214396,model::modernbert_sentiment_profile,ModernBERT + Sentiment Profile,42
5234,1,1.2300955631872057e-06,0,0.02106755665214396,model::modernbert_sentiment_profile,ModernBERT + Sentiment Profile,42
13878,1,1.180906338049681e-06,0,0.02106755665214396,model::modernbert_sentiment_profile,ModernBERT + Sentiment Profile,42
14440,1,1.3729354577662889e-06,0,0.02106755665214396,model::modernbert_sentiment_profile,ModernBERT + Sentiment Profile,42
10785,1,1.2799631576854154e-06,0,0.02106755665214396,model::modernbert_sentiment_profile,ModernBERT + Sentiment Profile,42
5471,0,9.711094435260748e-07,0,0.02106755665214396,model::modernbert_sentiment_profile,ModernBERT + Sentiment Profile,42
13068,0,1.4552541642842698e-06,0,0.02106755665214396,model::modernbert_sentiment_profile,ModernBERT + Sentiment Profile,42
11483,1,1.5591169812978478e-06,0,0.02106755665214396,model::modernbert_sentiment_profile,ModernBERT + Sentiment Profile,42
8732,0,1.956379719558754e-06,0,0.02106755665214396,model::modernbert_sentiment_profile,ModernBERT + Sentiment Profile,42
19263,1,1.2573078720379272e-06,0,0.02106755665214396,model::modernbert_sentiment_profile,ModernBERT + Sentiment Profile,42
9360,0,1.5216643305393518e-06,0,0.02106755665214396,model::modernbert_sentiment_profile,ModernBERT + Sentiment Profile,42
14206,1,1.6089907148852944e-06,0,0.02106755665214396,model::modernbert_sentiment_profile,ModernBERT + Sentiment Profile,42
688,0,3.13940995511075e-06,0,0.02106755665214396,model::modernbert_sentiment_profile,ModernBERT + Sentiment Profile,42
4075,0,1.311064124820405e-06,0,0.02106755665214396,model::modernbert_sentiment_profile,ModernBERT + Sentiment Profile,42
11274,0,1.3590474736702165e-06,0,0.02106755665214396,model::modernbert_sentiment_profile,ModernBERT + Sentiment Profile,42
13925,1,1.4504518048852333e-06,0,0.02106755665214396,model::modernbert_sentiment_profile,ModernBERT + Sentiment Profile,42
7279,0,1.0904407190537313e-06,0,0.02106755665214396,model::modernbert_sentiment_profile,ModernBERT + Sentiment Profile,42
15247,0,1.2242240927662351e-06,0,0.02106755665214396,model::modernbert_sentiment_profile,ModernBERT + Sentiment Profile,42
7024,0,2.2267036001721863e-06,0,0.02106755665214396,model::modernbert_sentiment_profile,ModernBERT + Sentiment Profile,42
7278,1,1.3967720633445424e-06,0,0.02106755665214396,model::modernbert_sentiment_profile,ModernBERT + Sentiment Profile,42
17680,1,1.4520046534016728e-06,0,0.02106755665214396,model::modernbert_sentiment_profile,ModernBERT + Sentiment Profile,42
6777,1,1.295779952670273e-06,0,0.02106755665214396,model::modernbert_sentiment_profile,ModernBERT + Sentiment Profile,42
13849,0,1.517361965852615e-06,0,0.02106755665214396,model::modernbert_sentiment_profile,ModernBERT + Sentiment Profile,42
3985,1,1.535056298962445e-06,0,0.02106755665214396,model::modernbert_sentiment_profile,ModernBERT + Sentiment Profile,42
6058,1,1.4874503904138692e-06,0,0.02106755665214396,model::modernbert_sentiment_profile,ModernBERT + Sentiment Profile,42
1079,0,1.347945385532512e-06,0,0.02106755665214396,model::modernbert_sentiment_profile,ModernBERT + Sentiment Profile,42
19594,0,1.498626261309255e-06,0,0.02106755665214396,model::modernbert_sentiment_profile,ModernBERT + Sentiment Profile,42
850,0,1.4425322660827078e-06,0,0.02106755665214396,model::modernbert_sentiment_profile,ModernBERT + Sentiment Profile,42
4983,0,1.396315269630577e-06,0,0.02106755665214396,model::modernbert_sentiment_profile,ModernBERT + Sentiment Profile,42
174,1,1.3077175253783937e-06,0,0.02106755665214396,model::modernbert_sentiment_profile,ModernBERT + Sentiment Profile,42
20094,0,1.2108375813113526e-06,0,0.02106755665214396,model::modernbert_sentiment_profile,ModernBERT + Sentiment Profile,42
20213,1,1.4835715091976454e-06,0,0.02106755665214396,model::modernbert_sentiment_profile,ModernBERT + Sentiment Profile,42
8534,0,1.232753220392624e-06,0,0.02106755665214396,model::modernbert_sentiment_profile,ModernBERT + Sentiment Profile,42
11858,0,2.021463615164976e-06,0,0.02106755665214396,model::modernbert_sentiment_profile,ModernBERT + Sentiment Profile,42
367,1,1.249560909855063e-06,0,0.02106755665214396,model::modernbert_sentiment_profile,ModernBERT + Sentiment Profile,42
7143,0,2.057468464045087e-06,0,0.02106755665214396,model::modernbert_sentiment_profile,ModernBERT + Sentiment Profile,42
10376,0,1.3619369383377489e-06,0,0.02106755665214396,model::modernbert_sentiment_profile,ModernBERT + Sentiment Profile,42
8199,0,1.434616137885314e-06,0,0.02106755665214396,model::modernbert_sentiment_profile,ModernBERT + Sentiment Profile,42
20114,0,1.378930846840376e-06,0,0.02106755665214396,model::modernbert_sentiment_profile,ModernBERT + Sentiment Profile,42
11262,0,1.3032281458436046e-06,0,0.02106755665214396,model::modernbert_sentiment_profile,ModernBERT + Sentiment Profile,42
9563,1,1.455134793104662e-06,0,0.02106755665214396,model::modernbert_sentiment_profile,ModernBERT + Sentiment Profile,42
12761,1,1.206356273542042e-06,0,0.02106755665214396,model::modernbert_sentiment_profile,ModernBERT + Sentiment Profile,42
17570,1,1.5106306818779558e-06,0,0.02106755665214396,model::modernbert_sentiment_profile,ModernBERT + Sentiment Profile,42
16713,0,1.1761028417822672e-06,0,0.02106755665214396,model::modernbert_sentiment_profile,ModernBERT + Sentiment Profile,42
5713,1,1.4751151411473984e-06,0,0.02106755665214396,model::modernbert_sentiment_profile,ModernBERT + Sentiment Profile,42
5414,0,1.0636041452016798e-06,0,0.02106755665214396,model::modernbert_sentiment_profile,ModernBERT + Sentiment Profile,42
18494,1,1.355140170744562e-06,0,0.02106755665214396,model::modernbert_sentiment_profile,ModernBERT + Sentiment Profile,42
1935,1,1.2026287095068255e-06,0,0.02106755665214396,model::modernbert_sentiment_profile,ModernBERT + Sentiment Profile,42
16113,1,1.3154852922525606e-06,0,0.02106755665214396,model::modernbert_sentiment_profile,ModernBERT + Sentiment Profile,42
1441,0,1.0441418680784409e-06,0,0.02106755665214396,model::modernbert_sentiment_profile,ModernBERT + Sentiment Profile,42
1228,0,1.8766831999528224e-06,0,0.02106755665214396,model::modernbert_sentiment_profile,ModernBERT + Sentiment Profile,42
19144,1,1.298184429288085e-06,0,0.02106755665214396,model::modernbert_sentiment_profile,ModernBERT + Sentiment Profile,42
4712,1,1.4567996231562574e-06,0,0.02106755665214396,model::modernbert_sentiment_profile,ModernBERT + Sentiment Profile,42
11466,0,1.451514549444255e-06,0,0.02106755665214396,model::modernbert_sentiment_profile,ModernBERT + Sentiment Profile,42
17459,0,1.3157462035451315e-06,0,0.02106755665214396,model::modernbert_sentiment_profile,ModernBERT + Sentiment Profile,42
8967,0,1.6300198240060126e-06,0,0.02106755665214396,model::modernbert_sentiment_profile,ModernBERT + Sentiment Profile,42
14341,0,2.2169840576680144e-06,0,0.02106755665214396,model::modernbert_sentiment_profile,ModernBERT + Sentiment Profile,42
3632,0,1.6202820916078051e-06,0,0.02106755665214396,model::modernbert_sentiment_profile,ModernBERT + Sentiment Profile,42
3480,1,1.697911443443445e-06,0,0.02106755665214396,model::modernbert_sentiment_profile,ModernBERT + Sentiment Profile,42
6585,1,1.5560837027805974e-06,0,0.02106755665214396,model::modernbert_sentiment_profile,ModernBERT + Sentiment Profile,42
6008,0,2.014304754993645e-06,0,0.02106755665214396,model::modernbert_sentiment_profile,ModernBERT + Sentiment Profile,42
1254,0,1.4316462966235122e-06,0,0.02106755665214396,model::modernbert_sentiment_profile,ModernBERT + Sentiment Profile,42
17474,0,1.2887182947451947e-06,0,0.02106755665214396,model::modernbert_sentiment_profile,ModernBERT + Sentiment Profile,42
1177,1,1.2346945368335582e-06,0,0.02106755665214396,model::modernbert_sentiment_profile,ModernBERT + Sentiment Profile,42
11781,1,1.1834306405944517e-06,0,0.02106755665214396,model::modernbert_sentiment_profile,ModernBERT + Sentiment Profile,42
2146,1,1.2978254062545602e-06,0,0.02106755665214396,model::modernbert_sentiment_profile,ModernBERT + Sentiment Profile,42
18172,1,1.76624553205329e-06,0,0.02106755665214396,model::modernbert_sentiment_profile,ModernBERT + Sentiment Profile,42
7548,0,2.213489779023803e-06,0,0.02106755665214396,model::modernbert_sentiment_profile,ModernBERT + Sentiment Profile,42
764,0,1.409711444466666e-06,0,0.02106755665214396,model::modernbert_sentiment_profile,ModernBERT + Sentiment Profile,42
14320,1,1.400056817146833e-06,0,0.02106755665214396,model::modernbert_sentiment_profile,ModernBERT + Sentiment Profile,42
15706,1,1.4171413340591243e-06,0,0.02106755665214396,model::modernbert_sentiment_profile,ModernBERT + Sentiment Profile,42
780,0,1.74445506218035e-06,0,0.02106755665214396,model::modernbert_sentiment_profile,ModernBERT + Sentiment Profile,42
3599,1,1.1560858865777843e-06,0,0.02106755665214396,model::modernbert_sentiment_profile,ModernBERT + Sentiment Profile,42
6337,0,1.2869252259406494e-06,0,0.02106755665214396,model::modernbert_sentiment_profile,ModernBERT + Sentiment Profile,42
8245,0,9.568117320668534e-07,0,0.02106755665214396,model::modernbert_sentiment_profile,ModernBERT + Sentiment Profile,42
4228,1,1.5523485217272537e-06,0,0.02106755665214396,model::modernbert_sentiment_profile,ModernBERT + Sentiment Profile,42
11837,0,1.1859264077429543e-06,0,0.02106755665214396,model::modernbert_sentiment_profile,ModernBERT + Sentiment Profile,42
3082,1,1.260648105017026e-06,0,0.02106755665214396,model::modernbert_sentiment_profile,ModernBERT + Sentiment Profile,42
13788,1,1.3260379319035565e-06,0,0.02106755665214396,model::modernbert_sentiment_profile,ModernBERT + Sentiment Profile,42
18100,0,1.2862994935858296e-06,0,0.02106755665214396,model::modernbert_sentiment_profile,ModernBERT + Sentiment Profile,42
3378,0,1.6482104001624975e-06,0,0.02106755665214396,model::modernbert_sentiment_profile,ModernBERT + Sentiment Profile,42
15236,1,1.330352233708254e-06,0,0.02106755665214396,model::modernbert_sentiment_profile,ModernBERT + Sentiment Profile,42
6983,1,1.3344272247195477e-06,0,0.02106755665214396,model::modernbert_sentiment_profile,ModernBERT + Sentiment Profile,42
2555,1,1.468317918806861e-06,0,0.02106755665214396,model::modernbert_sentiment_profile,ModernBERT + Sentiment Profile,42
12868,0,1.536641207167122e-06,0,0.02106755665214396,model::modernbert_sentiment_profile,ModernBERT + Sentiment Profile,42
13479,1,1.5572802567476174e-06,0,0.02106755665214396,model::modernbert_sentiment_profile,ModernBERT + Sentiment Profile,42
14049,0,1.3984928273202968e-06,0,0.02106755665214396,model::modernbert_sentiment_profile,ModernBERT + Sentiment Profile,42
6635,0,1.5716210555183352e-06,0,0.02106755665214396,model::modernbert_sentiment_profile,ModernBERT + Sentiment Profile,42
7378,1,1.862773160610232e-06,0,0.02106755665214396,model::modernbert_sentiment_profile,ModernBERT + Sentiment Profile,42
20958,1,1.5442157064171624e-06,0,0.02106755665214396,model::modernbert_sentiment_profile,ModernBERT + Sentiment Profile,42
14303,1,1.3636147286888445e-06,0,0.02106755665214396,model::modernbert_sentiment_profile,ModernBERT + Sentiment Profile,42
20001,0,1.2122102361900031e-06,0,0.02106755665214396,model::modernbert_sentiment_profile,ModernBERT + Sentiment Profile,42
2340,0,2.073478754027746e-06,0,0.02106755665214396,model::modernbert_sentiment_profile,ModernBERT + Sentiment Profile,42
6722,0,1.2070789807694382e-06,0,0.02106755665214396,model::modernbert_sentiment_profile,ModernBERT + Sentiment Profile,42
10561,0,1.8419125353830168e-06,0,0.02106755665214396,model::modernbert_sentiment_profile,ModernBERT + Sentiment Profile,42
8073,0,1.1283622143309913e-06,0,0.02106755665214396,model::modernbert_sentiment_profile,ModernBERT + Sentiment Profile,42
8739,1,1.6909323221625527e-06,0,0.02106755665214396,model::modernbert_sentiment_profile,ModernBERT + Sentiment Profile,42
7683,0,1.5234082866300014e-06,0,0.02106755665214396,model::modernbert_sentiment_profile,ModernBERT + Sentiment Profile,42
562,1,1.2660806305575534e-06,0,0.02106755665214396,model::modernbert_sentiment_profile,ModernBERT + Sentiment Profile,42
481,0,1.3362445088205277e-06,0,0.02106755665214396,model::modernbert_sentiment_profile,ModernBERT + Sentiment Profile,42
11690,0,1.334434841737675e-06,0,0.02106755665214396,model::modernbert_sentiment_profile,ModernBERT + Sentiment Profile,42
8968,0,1.433383999938087e-06,0,0.02106755665214396,model::modernbert_sentiment_profile,ModernBERT + Sentiment Profile,42
10874,0,1.077754063771863e-06,0,0.02106755665214396,model::modernbert_sentiment_profile,ModernBERT + Sentiment Profile,42
210,1,1.2191547966722285e-06,0,0.02106755665214396,model::modernbert_sentiment_profile,ModernBERT + Sentiment Profile,42
4549,1,1.353386323899031e-06,0,0.02106755665214396,model::modernbert_sentiment_profile,ModernBERT + Sentiment Profile,42
1413,0,1.3528494946513092e-06,0,0.02106755665214396,model::modernbert_sentiment_profile,ModernBERT + Sentiment Profile,42
15997,1,1.298754114031908e-06,0,0.02106755665214396,model::modernbert_sentiment_profile,ModernBERT + Sentiment Profile,42
75,0,1.379650370836316e-06,0,0.02106755665214396,model::modernbert_sentiment_profile,ModernBERT + Sentiment Profile,42
2717,0,1.4106070693742367e-06,0,0.02106755665214396,model::modernbert_sentiment_profile,ModernBERT + Sentiment Profile,42
19926,1,1.4617386341342351e-06,0,0.02106755665214396,model::modernbert_sentiment_profile,ModernBERT + Sentiment Profile,42
15315,1,1.4387512692337625e-06,0,0.02106755665214396,model::modernbert_sentiment_profile,ModernBERT + Sentiment Profile,42
9835,0,1.6125051160997828e-06,0,0.02106755665214396,model::modernbert_sentiment_profile,ModernBERT + Sentiment Profile,42
5659,0,1.1448105396993924e-06,0,0.02106755665214396,model::modernbert_sentiment_profile,ModernBERT + Sentiment Profile,42
18648,0,3.045151515834732e-06,0,0.02106755665214396,model::modernbert_sentiment_profile,ModernBERT + Sentiment Profile,42
9603,0,3.072574327234179e-05,0,0.02106755665214396,model::modernbert_sentiment_profile,ModernBERT + Sentiment Profile,42
18453,0,1.60985916863865e-06,0,0.02106755665214396,model::modernbert_sentiment_profile,ModernBERT + Sentiment Profile,42
16468,1,1.2186549156467663e-06,0,0.02106755665214396,model::modernbert_sentiment_profile,ModernBERT + Sentiment Profile,42
16588,1,1.2141446177338366e-06,0,0.02106755665214396,model::modernbert_sentiment_profile,ModernBERT + Sentiment Profile,42
16650,1,1.2143310641477e-06,0,0.02106755665214396,model::modernbert_sentiment_profile,ModernBERT + Sentiment Profile,42
15928,0,1.1020283636753447e-06,0,0.02106755665214396,model::modernbert_sentiment_profile,ModernBERT + Sentiment Profile,42
13095,0,1.3487451724358834e-06,0,0.02106755665214396,model::modernbert_sentiment_profile,ModernBERT + Sentiment Profile,42
14860,0,1.299088580708485e-06,0,0.02106755665214396,model::modernbert_sentiment_profile,ModernBERT + Sentiment Profile,42
4139,0,1.5133342685658135e-06,0,0.02106755665214396,model::modernbert_sentiment_profile,ModernBERT + Sentiment Profile,42
20110,0,1.3031236676397384e-06,0,0.02106755665214396,model::modernbert_sentiment_profile,ModernBERT + Sentiment Profile,42
4560,1,1.812305185922014e-06,0,0.02106755665214396,model::modernbert_sentiment_profile,ModernBERT + Sentiment Profile,42
19539,1,1.05476669887139e-06,0,0.02106755665214396,model::modernbert_sentiment_profile,ModernBERT + Sentiment Profile,42
9745,0,1.3034567700742627e-06,0,0.02106755665214396,model::modernbert_sentiment_profile,ModernBERT + Sentiment Profile,42
5156,1,1.4841162965240071e-06,0,0.02106755665214396,model::modernbert_sentiment_profile,ModernBERT + Sentiment Profile,42
20760,0,1.7511372334411135e-06,0,0.02106755665214396,model::modernbert_sentiment_profile,ModernBERT + Sentiment Profile,42
16958,1,1.3085733598927618e-06,0,0.02106755665214396,model::modernbert_sentiment_profile,ModernBERT + Sentiment Profile,42
11575,0,1.3139643897375208e-06,0,0.02106755665214396,model::modernbert_sentiment_profile,ModernBERT + Sentiment Profile,42
3619,1,1.5616527662132285e-06,0,0.02106755665214396,model::modernbert_sentiment_profile,ModernBERT + Sentiment Profile,42
10185,0,1.1478048236313043e-06,0,0.02106755665214396,model::modernbert_sentiment_profile,ModernBERT + Sentiment Profile,42
2926,0,1.0171975191042293e-06,0,0.02106755665214396,model::modernbert_sentiment_profile,ModernBERT + Sentiment Profile,42
2115,1,1.6331396182067692e-06,0,0.02106755665214396,model::modernbert_sentiment_profile,ModernBERT + Sentiment Profile,42
1055,1,1.42629733090871e-06,0,0.02106755665214396,model::modernbert_sentiment_profile,ModernBERT + Sentiment Profile,42
8123,1,1.2486591458582552e-06,0,0.02106755665214396,model::modernbert_sentiment_profile,ModernBERT + Sentiment Profile,42
12769,0,1.3292666380948504e-06,0,0.02106755665214396,model::modernbert_sentiment_profile,ModernBERT + Sentiment Profile,42
15160,0,1.679148340372194e-06,0,0.02106755665214396,model::modernbert_sentiment_profile,ModernBERT + Sentiment Profile,42
5461,0,1.1568480431378705e-06,0,0.02106755665214396,model::modernbert_sentiment_profile,ModernBERT + Sentiment Profile,42
17879,0,1.3873967645849916e-06,0,0.02106755665214396,model::modernbert_sentiment_profile,ModernBERT + Sentiment Profile,42
10608,0,1.32973320887686e-06,0,0.02106755665214396,model::modernbert_sentiment_profile,ModernBERT + Sentiment Profile,42
7532,0,1.3470355497702258e-06,0,0.02106755665214396,model::modernbert_sentiment_profile,ModernBERT + Sentiment Profile,42
17132,0,1.0279313755745534e-06,0,0.02106755665214396,model::modernbert_sentiment_profile,ModernBERT + Sentiment Profile,42
8408,1,1.615477344785177e-06,0,0.02106755665214396,model::modernbert_sentiment_profile,ModernBERT + Sentiment Profile,42
10165,1,9.285516284762708e-07,0,0.02106755665214396,model::modernbert_sentiment_profile,ModernBERT + Sentiment Profile,42
21091,1,1.4397052154890844e-06,0,0.02106755665214396,model::modernbert_sentiment_profile,ModernBERT + Sentiment Profile,42
12766,0,1.3240299949757173e-06,0,0.02106755665214396,model::modernbert_sentiment_profile,ModernBERT + Sentiment Profile,42
2251,0,1.9445976704446366e-06,0,0.02106755665214396,model::modernbert_sentiment_profile,ModernBERT + Sentiment Profile,42
8615,0,1.6002954907889944e-06,0,0.02106755665214396,model::modernbert_sentiment_profile,ModernBERT + Sentiment Profile,42
8378,0,2.035566467384342e-06,0,0.02106755665214396,model::modernbert_sentiment_profile,ModernBERT + Sentiment Profile,42
14277,0,1.1153482546433224e-06,0,0.02106755665214396,model::modernbert_sentiment_profile,ModernBERT + Sentiment Profile,42
19458,0,1.231403075507842e-06,0,0.02106755665214396,model::modernbert_sentiment_profile,ModernBERT + Sentiment Profile,42
20796,0,1.4377376373886364e-06,0,0.02106755665214396,model::modernbert_sentiment_profile,ModernBERT + Sentiment Profile,42
5845,1,1.844588041421957e-06,0,0.02106755665214396,model::modernbert_sentiment_profile,ModernBERT + Sentiment Profile,42
1310,0,1.2048936923747533e-06,0,0.02106755665214396,model::modernbert_sentiment_profile,ModernBERT + Sentiment Profile,42
4280,1,1.4142196960165163e-06,0,0.02106755665214396,model::modernbert_sentiment_profile,ModernBERT + Sentiment Profile,42
15389,1,1.2296826525926008e-06,0,0.02106755665214396,model::modernbert_sentiment_profile,ModernBERT + Sentiment Profile,42
496,1,1.219525756823714e-06,0,0.02106755665214396,model::modernbert_sentiment_profile,ModernBERT + Sentiment Profile,42
18252,1,1.3118708466208773e-06,0,0.02106755665214396,model::modernbert_sentiment_profile,ModernBERT + Sentiment Profile,42
6519,0,1.740023776619637e-06,0,0.02106755665214396,model::modernbert_sentiment_profile,ModernBERT + Sentiment Profile,42
11741,0,1.3910771485825537e-06,0,0.02106755665214396,model::modernbert_sentiment_profile,ModernBERT + Sentiment Profile,42
484,1,1.2942706462126807e-06,0,0.02106755665214396,model::modernbert_sentiment_profile,ModernBERT + Sentiment Profile,42
9895,0,1.3407633332462865e-06,0,0.02106755665214396,model::modernbert_sentiment_profile,ModernBERT + Sentiment Profile,42
923,0,1.722033289297542e-06,0,0.02106755665214396,model::modernbert_sentiment_profile,ModernBERT + Sentiment Profile,42
3798,0,1.5384534890472423e-06,0,0.02106755665214396,model::modernbert_sentiment_profile,ModernBERT + Sentiment Profile,42
18139,0,1.9461413103272207e-06,0,0.02106755665214396,model::modernbert_sentiment_profile,ModernBERT + Sentiment Profile,42
17468,1,1.306615558860358e-06,0,0.02106755665214396,model::modernbert_sentiment_profile,ModernBERT + Sentiment Profile,42
15063,1,1.2693618600678749e-06,0,0.02106755665214396,model::modernbert_sentiment_profile,ModernBERT + Sentiment Profile,42
126,1,1.3566065035774957e-06,0,0.02106755665214396,model::modernbert_sentiment_profile,ModernBERT + Sentiment Profile,42
21095,1,1.6347976270481013e-06,0,0.02106755665214396,model::modernbert_sentiment_profile,ModernBERT + Sentiment Profile,42
15130,0,1.4076291563469567e-06,0,0.02106755665214396,model::modernbert_sentiment_profile,ModernBERT + Sentiment Profile,42
19359,1,1.3538691518988344e-06,0,0.02106755665214396,model::modernbert_sentiment_profile,ModernBERT + Sentiment Profile,42
9491,1,1.0465005289006513e-06,0,0.02106755665214396,model::modernbert_sentiment_profile,ModernBERT + Sentiment Profile,42
19796,1,1.3885205589758698e-06,0,0.02106755665214396,model::modernbert_sentiment_profile,ModernBERT + Sentiment Profile,42
13646,1,1.67179507570836e-06,0,0.02106755665214396,model::modernbert_sentiment_profile,ModernBERT + Sentiment Profile,42
466,1,1.8665875813894672e-06,0,0.02106755665214396,model::modernbert_sentiment_profile,ModernBERT + Sentiment Profile,42
6094,0,1.7454152612117468e-06,0,0.02106755665214396,model::modernbert_sentiment_profile,ModernBERT + Sentiment Profile,42
15145,0,1.1674945881168242e-06,0,0.02106755665214396,model::modernbert_sentiment_profile,ModernBERT + Sentiment Profile,42
16604,1,2.8275142085476546e-06,0,0.02106755665214396,model::modernbert_sentiment_profile,ModernBERT + Sentiment Profile,42
17821,1,2.2258691387833096e-06,0,0.02106755665214396,model::modernbert_sentiment_profile,ModernBERT + Sentiment Profile,42
17419,1,1.3106416645314312e-06,0,0.02106755665214396,model::modernbert_sentiment_profile,ModernBERT + Sentiment Profile,42
14877,1,1.3798661484543118e-06,0,0.02106755665214396,model::modernbert_sentiment_profile,ModernBERT + Sentiment Profile,42
8393,1,1.5725821640444335e-06,0,0.02106755665214396,model::modernbert_sentiment_profile,ModernBERT + Sentiment Profile,42
18878,1,1.3019882771914126e-06,0,0.02106755665214396,model::modernbert_sentiment_profile,ModernBERT + Sentiment Profile,42
6177,1,1.809452328416228e-06,0,0.02106755665214396,model::modernbert_sentiment_profile,ModernBERT + Sentiment Profile,42
7263,1,1.813674543882371e-06,0,0.02106755665214396,model::modernbert_sentiment_profile,ModernBERT + Sentiment Profile,42
15386,0,1.5192370028671576e-06,0,0.02106755665214396,model::modernbert_sentiment_profile,ModernBERT + Sentiment Profile,42
14349,1,1.1527677088452035e-06,0,0.02106755665214396,model::modernbert_sentiment_profile,ModernBERT + Sentiment Profile,42
21131,1,1.520933210485964e-06,0,0.02106755665214396,model::modernbert_sentiment_profile,ModernBERT + Sentiment Profile,42
9817,0,0.9833667278289796,1,0.02106755665214396,model::modernbert_sentiment_profile,ModernBERT + Sentiment Profile,42
10877,0,2.404528913757531e-06,0,0.02106755665214396,model::modernbert_sentiment_profile,ModernBERT + Sentiment Profile,42
18463,1,1.2100837238904203e-06,0,0.02106755665214396,model::modernbert_sentiment_profile,ModernBERT + Sentiment Profile,42
6629,1,1.6472519064336666e-06,0,0.02106755665214396,model::modernbert_sentiment_profile,ModernBERT + Sentiment Profile,42
14541,1,1.35686275370972e-06,0,0.02106755665214396,model::modernbert_sentiment_profile,ModernBERT + Sentiment Profile,42
14884,1,1.0791806062115938e-06,0,0.02106755665214396,model::modernbert_sentiment_profile,ModernBERT + Sentiment Profile,42
2215,0,1.5866627336436068e-06,0,0.02106755665214396,model::modernbert_sentiment_profile,ModernBERT + Sentiment Profile,42
9773,1,1.548507157167478e-06,0,0.02106755665214396,model::modernbert_sentiment_profile,ModernBERT + Sentiment Profile,42
18562,0,1.1526643675097148e-06,0,0.02106755665214396,model::modernbert_sentiment_profile,ModernBERT + Sentiment Profile,42
6143,1,1.6234172335316543e-06,0,0.02106755665214396,model::modernbert_sentiment_profile,ModernBERT + Sentiment Profile,42
11551,0,1.611236939424998e-06,0,0.02106755665214396,model::modernbert_sentiment_profile,ModernBERT + Sentiment Profile,42
13996,1,9.369791769131552e-07,0,0.02106755665214396,model::modernbert_sentiment_profile,ModernBERT + Sentiment Profile,42
9568,1,1.1945803635171617e-06,0,0.02106755665214396,model::modernbert_sentiment_profile,ModernBERT + Sentiment Profile,42
19372,1,1.353848460894369e-06,0,0.02106755665214396,model::modernbert_sentiment_profile,ModernBERT + Sentiment Profile,42
8080,1,1.369629558212182e-06,0,0.02106755665214396,model::modernbert_sentiment_profile,ModernBERT + Sentiment Profile,42
7987,1,1.202698740598862e-06,0,0.02106755665214396,model::modernbert_sentiment_profile,ModernBERT + Sentiment Profile,42
20784,1,1.1960851225012448e-06,0,0.02106755665214396,model::modernbert_sentiment_profile,ModernBERT + Sentiment Profile,42
16157,0,1.4182472796164802e-06,0,0.02106755665214396,model::modernbert_sentiment_profile,ModernBERT + Sentiment Profile,42
13696,1,1.5368462982223718e-06,0,0.02106755665214396,model::modernbert_sentiment_profile,ModernBERT + Sentiment Profile,42
10440,1,1.2012635579594644e-06,0,0.02106755665214396,model::modernbert_sentiment_profile,ModernBERT + Sentiment Profile,42
15548,1,1.1416509551054332e-06,0,0.02106755665214396,model::modernbert_sentiment_profile,ModernBERT + Sentiment Profile,42
19883,0,5.746534498030087e-06,0,0.02106755665214396,model::modernbert_sentiment_profile,ModernBERT + Sentiment Profile,42
12834,1,1.154762571786705e-06,0,0.02106755665214396,model::modernbert_sentiment_profile,ModernBERT + Sentiment Profile,42
20620,0,1.3328158274816817e-06,0,0.02106755665214396,model::modernbert_sentiment_profile,ModernBERT + Sentiment Profile,42
5767,0,1.053983396559488e-06,0,0.02106755665214396,model::modernbert_sentiment_profile,ModernBERT + Sentiment Profile,42
17817,0,1.7777809944163891e-06,0,0.02106755665214396,model::modernbert_sentiment_profile,ModernBERT + Sentiment Profile,42
20158,0,1.765602291925461e-06,0,0.02106755665214396,model::modernbert_sentiment_profile,ModernBERT + Sentiment Profile,42
880,0,1.381468564431998e-06,0,0.02106755665214396,model::modernbert_sentiment_profile,ModernBERT + Sentiment Profile,42
12576,0,1.2822148391933297e-06,0,0.02106755665214396,model::modernbert_sentiment_profile,ModernBERT + Sentiment Profile,42
644,1,1.3069071655991138e-06,0,0.02106755665214396,model::modernbert_sentiment_profile,ModernBERT + Sentiment Profile,42
19510,0,2.254064611406648e-06,0,0.02106755665214396,model::modernbert_sentiment_profile,ModernBERT + Sentiment Profile,42
15492,0,6.733991904184222e-05,0,0.02106755665214396,model::modernbert_sentiment_profile,ModernBERT + Sentiment Profile,42
7563,0,1.0961992984448443e-06,0,0.02106755665214396,model::modernbert_sentiment_profile,ModernBERT + Sentiment Profile,42
11597,0,2.033075361396186e-06,0,0.02106755665214396,model::modernbert_sentiment_profile,ModernBERT + Sentiment Profile,42
16398,0,1.0604836688798969e-06,0,0.02106755665214396,model::modernbert_sentiment_profile,ModernBERT + Sentiment Profile,42
11855,1,1.4548004401149228e-06,0,0.02106755665214396,model::modernbert_sentiment_profile,ModernBERT + Sentiment Profile,42
2772,1,1.716772999316163e-06,0,0.02106755665214396,model::modernbert_sentiment_profile,ModernBERT + Sentiment Profile,42
21125,1,1.3575305501944968e-06,0,0.02106755665214396,model::modernbert_sentiment_profile,ModernBERT + Sentiment Profile,42
10189,1,1.29964121242665e-06,0,0.02106755665214396,model::modernbert_sentiment_profile,ModernBERT + Sentiment Profile,42
5790,0,2.034295221164939e-06,0,0.02106755665214396,model::modernbert_sentiment_profile,ModernBERT + Sentiment Profile,42
9368,0,1.330519694420218e-06,0,0.02106755665214396,model::modernbert_sentiment_profile,ModernBERT + Sentiment Profile,42
6941,0,2.0903109998471336e-06,0,0.02106755665214396,model::modernbert_sentiment_profile,ModernBERT + Sentiment Profile,42
3266,0,1.2743726074404549e-06,0,0.02106755665214396,model::modernbert_sentiment_profile,ModernBERT + Sentiment Profile,42
11833,0,1.5049349713081028e-06,0,0.02106755665214396,model::modernbert_sentiment_profile,ModernBERT + Sentiment Profile,42
6764,1,1.438217623217497e-06,0,0.02106755665214396,model::modernbert_sentiment_profile,ModernBERT + Sentiment Profile,42
13066,1,1.2559130482259206e-06,0,0.02106755665214396,model::modernbert_sentiment_profile,ModernBERT + Sentiment Profile,42
20392,0,1.431209398106148e-06,0,0.02106755665214396,model::modernbert_sentiment_profile,ModernBERT + Sentiment Profile,42
394,0,1.443086716790276e-06,0,0.02106755665214396,model::modernbert_sentiment_profile,ModernBERT + Sentiment Profile,42
1023,0,1.068829647010716e-06,0,0.02106755665214396,model::modernbert_sentiment_profile,ModernBERT + Sentiment Profile,42
13531,1,9.110599989980984e-07,0,0.02106755665214396,model::modernbert_sentiment_profile,ModernBERT + Sentiment Profile,42
12092,0,1.4193120705385809e-06,0,0.02106755665214396,model::modernbert_sentiment_profile,ModernBERT + Sentiment Profile,42
13760,1,1.7033040649039322e-06,0,0.02106755665214396,model::modernbert_sentiment_profile,ModernBERT + Sentiment Profile,42
2190,1,1.1048886108255829e-06,0,0.02106755665214396,model::modernbert_sentiment_profile,ModernBERT + Sentiment Profile,42
18934,0,2.8354152163956314e-06,0,0.02106755665214396,model::modernbert_sentiment_profile,ModernBERT + Sentiment Profile,42
19211,1,1.1065378657804104e-06,0,0.02106755665214396,model::modernbert_sentiment_profile,ModernBERT + Sentiment Profile,42
11587,0,1.2472880825953323e-06,0,0.02106755665214396,model::modernbert_sentiment_profile,ModernBERT + Sentiment Profile,42
17062,0,1.5068004586282768e-06,0,0.02106755665214396,model::modernbert_sentiment_profile,ModernBERT + Sentiment Profile,42
2259,1,1.2232402468725925e-06,0,0.02106755665214396,model::modernbert_sentiment_profile,ModernBERT + Sentiment Profile,42
13809,1,1.3674368801730452e-06,0,0.02106755665214396,model::modernbert_sentiment_profile,ModernBERT + Sentiment Profile,42
1803,1,1.412052597515867e-06,0,0.02106755665214396,model::modernbert_sentiment_profile,ModernBERT + Sentiment Profile,42
12667,1,1.2372145192784956e-06,0,0.02106755665214396,model::modernbert_sentiment_profile,ModernBERT + Sentiment Profile,42
17411,0,1.8312983911528136e-06,0,0.02106755665214396,model::modernbert_sentiment_profile,ModernBERT + Sentiment Profile,42
8698,1,1.1016752523573814e-06,0,0.02106755665214396,model::modernbert_sentiment_profile,ModernBERT + Sentiment Profile,42
6460,1,1.2481257272156654e-06,0,0.02106755665214396,model::modernbert_sentiment_profile,ModernBERT + Sentiment Profile,42
13965,1,1.7004621213345672e-06,0,0.02106755665214396,model::modernbert_sentiment_profile,ModernBERT + Sentiment Profile,42
11339,0,1.3672673730980025e-06,0,0.02106755665214396,model::modernbert_sentiment_profile,ModernBERT + Sentiment Profile,42
7569,1,1.0968090009555451e-06,0,0.02106755665214396,model::modernbert_sentiment_profile,ModernBERT + Sentiment Profile,42
7963,1,1.3311695283846348e-06,0,0.02106755665214396,model::modernbert_sentiment_profile,ModernBERT + Sentiment Profile,42
3414,1,1.710939613985829e-06,0,0.02106755665214396,model::modernbert_sentiment_profile,ModernBERT + Sentiment Profile,42
2590,1,1.215189513459336e-06,0,0.02106755665214396,model::modernbert_sentiment_profile,ModernBERT + Sentiment Profile,42
14210,1,1.547376314192661e-06,0,0.02106755665214396,model::modernbert_sentiment_profile,ModernBERT + Sentiment Profile,42
10156,1,1.448939315196185e-06,0,0.02106755665214396,model::modernbert_sentiment_profile,ModernBERT + Sentiment Profile,42
8969,0,1.3947487786936108e-06,0,0.02106755665214396,model::modernbert_sentiment_profile,ModernBERT + Sentiment Profile,42
4717,1,1.3803978617943358e-06,0,0.02106755665214396,model::modernbert_sentiment_profile,ModernBERT + Sentiment Profile,42
16809,0,1.5167933042903314e-06,0,0.02106755665214396,model::modernbert_sentiment_profile,ModernBERT + Sentiment Profile,42
4177,1,1.2685765113928935e-06,0,0.02106755665214396,model::modernbert_sentiment_profile,ModernBERT + Sentiment Profile,42
4534,1,2.6117140805581585e-06,0,0.02106755665214396,model::modernbert_sentiment_profile,ModernBERT + Sentiment Profile,42
14469,0,1.1974866538366769e-06,0,0.02106755665214396,model::modernbert_sentiment_profile,ModernBERT + Sentiment Profile,42
11927,1,1.4751348089703242e-06,0,0.02106755665214396,model::modernbert_sentiment_profile,ModernBERT + Sentiment Profile,42
19264,0,1.4495280993287452e-06,0,0.02106755665214396,model::modernbert_sentiment_profile,ModernBERT + Sentiment Profile,42
16944,0,9.730154033604776e-07,0,0.02106755665214396,model::modernbert_sentiment_profile,ModernBERT + Sentiment Profile,42
20919,1,1.8389147271591355e-06,0,0.02106755665214396,model::modernbert_sentiment_profile,ModernBERT + Sentiment Profile,42
5177,0,1.2028363016725052e-06,0,0.02106755665214396,model::modernbert_sentiment_profile,ModernBERT + Sentiment Profile,42
18181,1,1.1404125643821317e-06,0,0.02106755665214396,model::modernbert_sentiment_profile,ModernBERT + Sentiment Profile,42
19414,1,1.4049280707695289e-06,0,0.02106755665214396,model::modernbert_sentiment_profile,ModernBERT + Sentiment Profile,42
191,1,1.4219364175005469e-06,0,0.02106755665214396,model::modernbert_sentiment_profile,ModernBERT + Sentiment Profile,42
13914,1,1.0661246960808055e-06,0,0.02106755665214396,model::modernbert_sentiment_profile,ModernBERT + Sentiment Profile,42
20969,1,1.1943707249884028e-06,0,0.02106755665214396,model::modernbert_sentiment_profile,ModernBERT + Sentiment Profile,42
8565,1,1.7627639863349032e-06,0,0.02106755665214396,model::modernbert_sentiment_profile,ModernBERT + Sentiment Profile,42
15773,1,1.3403746379481165e-06,0,0.02106755665214396,model::modernbert_sentiment_profile,ModernBERT + Sentiment Profile,42
9829,1,1.4205484148988037e-06,0,0.02106755665214396,model::modernbert_sentiment_profile,ModernBERT + Sentiment Profile,42
14330,0,1.5151133538893191e-06,0,0.02106755665214396,model::modernbert_sentiment_profile,ModernBERT + Sentiment Profile,42
19291,0,1.1851394674522453e-06,0,0.02106755665214396,model::modernbert_sentiment_profile,ModernBERT + Sentiment Profile,42
10709,1,2.80253698292654e-06,0,0.02106755665214396,model::modernbert_sentiment_profile,ModernBERT + Sentiment Profile,42
1170,0,1.6310445971612353e-06,0,0.02106755665214396,model::modernbert_sentiment_profile,ModernBERT + Sentiment Profile,42
15340,1,1.422264631401049e-06,0,0.02106755665214396,model::modernbert_sentiment_profile,ModernBERT + Sentiment Profile,42
14324,1,1.4386785096576205e-06,0,0.02106755665214396,model::modernbert_sentiment_profile,ModernBERT + Sentiment Profile,42
18346,0,2.263296664750669e-06,0,0.02106755665214396,model::modernbert_sentiment_profile,ModernBERT + Sentiment Profile,42
14941,1,1.4003265960127464e-06,0,0.02106755665214396,model::modernbert_sentiment_profile,ModernBERT + Sentiment Profile,42
19736,0,1.2027101092826342e-06,0,0.02106755665214396,model::modernbert_sentiment_profile,ModernBERT + Sentiment Profile,42
17760,1,1.1488649533930584e-06,0,0.02106755665214396,model::modernbert_sentiment_profile,ModernBERT + Sentiment Profile,42
10372,1,1.5238673540807213e-06,0,0.02106755665214396,model::modernbert_sentiment_profile,ModernBERT + Sentiment Profile,42
7236,1,1.0926308959824382e-06,0,0.02106755665214396,model::modernbert_sentiment_profile,ModernBERT + Sentiment Profile,42
4339,1,2.5408317014807835e-06,0,0.02106755665214396,model::modernbert_sentiment_profile,ModernBERT + Sentiment Profile,42
6041,0,1.8775691614791867e-06,0,0.02106755665214396,model::modernbert_sentiment_profile,ModernBERT + Sentiment Profile,42
5369,0,1.021963043967844e-06,0,0.02106755665214396,model::modernbert_sentiment_profile,ModernBERT + Sentiment Profile,42
16730,0,1.491649413765117e-06,0,0.02106755665214396,model::modernbert_sentiment_profile,ModernBERT + Sentiment Profile,42
20508,1,1.0025312349171145e-06,0,0.02106755665214396,model::modernbert_sentiment_profile,ModernBERT + Sentiment Profile,42
13592,1,1.2838753491450916e-06,0,0.02106755665214396,model::modernbert_sentiment_profile,ModernBERT + Sentiment Profile,42
8155,1,1.1498887033667415e-06,0,0.02106755665214396,model::modernbert_sentiment_profile,ModernBERT + Sentiment Profile,42
18328,0,1.1307645308988867e-06,0,0.02106755665214396,model::modernbert_sentiment_profile,ModernBERT + Sentiment Profile,42
19562,1,1.388912551192334e-06,0,0.02106755665214396,model::modernbert_sentiment_profile,ModernBERT + Sentiment Profile,42
17565,0,1.37962672397407e-06,0,0.02106755665214396,model::modernbert_sentiment_profile,ModernBERT + Sentiment Profile,42
1493,0,1.40017971261841e-06,0,0.02106755665214396,model::modernbert_sentiment_profile,ModernBERT + Sentiment Profile,42
15789,1,1.804599492061243e-06,0,0.02106755665214396,model::modernbert_sentiment_profile,ModernBERT + Sentiment Profile,42
4254,1,1.6529627373529363e-06,0,0.02106755665214396,model::modernbert_sentiment_profile,ModernBERT + Sentiment Profile,42
19938,1,1.1320355497446144e-06,0,0.02106755665214396,model::modernbert_sentiment_profile,ModernBERT + Sentiment Profile,42
2511,0,1.3260606692711008e-06,0,0.02106755665214396,model::modernbert_sentiment_profile,ModernBERT + Sentiment Profile,42
3060,1,1.2412859859978198e-06,0,0.02106755665214396,model::modernbert_sentiment_profile,ModernBERT + Sentiment Profile,42
5849,1,1.745674921949103e-06,0,0.02106755665214396,model::modernbert_sentiment_profile,ModernBERT + Sentiment Profile,42
18804,1,1.297623725804442e-06,0,0.02106755665214396,model::modernbert_sentiment_profile,ModernBERT + Sentiment Profile,42
2992,1,1.554594518893282e-06,0,0.02106755665214396,model::modernbert_sentiment_profile,ModernBERT + Sentiment Profile,42
1449,1,1.1253596312599257e-06,0,0.02106755665214396,model::modernbert_sentiment_profile,ModernBERT + Sentiment Profile,42
20007,0,1.2272247431610597e-06,0,0.02106755665214396,model::modernbert_sentiment_profile,ModernBERT + Sentiment Profile,42
19349,1,1.3073010904918192e-06,0,0.02106755665214396,model::modernbert_sentiment_profile,ModernBERT + Sentiment Profile,42
17116,1,1.4363753280122182e-06,0,0.02106755665214396,model::modernbert_sentiment_profile,ModernBERT + Sentiment Profile,42
1129,0,1.6193937426578486e-06,0,0.02106755665214396,model::modernbert_sentiment_profile,ModernBERT + Sentiment Profile,42
17084,1,1.3026490250922509e-06,0,0.02106755665214396,model::modernbert_sentiment_profile,ModernBERT + Sentiment Profile,42
11028,0,2.15486375054752e-06,0,0.02106755665214396,model::modernbert_sentiment_profile,ModernBERT + Sentiment Profile,42
9985,1,1.3530197975342162e-06,0,0.02106755665214396,model::modernbert_sentiment_profile,ModernBERT + Sentiment Profile,42
9096,0,1.2511969771367148e-06,0,0.02106755665214396,model::modernbert_sentiment_profile,ModernBERT + Sentiment Profile,42
20664,0,1.6518107486263034e-06,0,0.02106755665214396,model::modernbert_sentiment_profile,ModernBERT + Sentiment Profile,42
6968,1,1.3578438711192575e-06,0,0.02106755665214396,model::modernbert_sentiment_profile,ModernBERT + Sentiment Profile,42
15681,0,1.1756822004826972e-06,0,0.02106755665214396,model::modernbert_sentiment_profile,ModernBERT + Sentiment Profile,42
7172,0,1.4156297538647775e-06,0,0.02106755665214396,model::modernbert_sentiment_profile,ModernBERT + Sentiment Profile,42
10656,0,1.3291221421241062e-06,0,0.02106755665214396,model::modernbert_sentiment_profile,ModernBERT + Sentiment Profile,42
3398,0,5.752895049226936e-06,0,0.02106755665214396,model::modernbert_sentiment_profile,ModernBERT + Sentiment Profile,42
1970,1,1.5025015045466716e-06,0,0.02106755665214396,model::modernbert_sentiment_profile,ModernBERT + Sentiment Profile,42
3690,1,1.37854294735007e-06,0,0.02106755665214396,model::modernbert_sentiment_profile,ModernBERT + Sentiment Profile,42
5829,0,1.4295915207185317e-06,0,0.02106755665214396,model::modernbert_sentiment_profile,ModernBERT + Sentiment Profile,42
8905,0,1.1609239436438656e-06,0,0.02106755665214396,model::modernbert_sentiment_profile,ModernBERT + Sentiment Profile,42
15440,0,1.2411971965775592e-06,0,0.02106755665214396,model::modernbert_sentiment_profile,ModernBERT + Sentiment Profile,42
49,1,1.3104304343869444e-06,0,0.02106755665214396,model::modernbert_sentiment_profile,ModernBERT + Sentiment Profile,42
2412,1,1.4997885955381207e-06,0,0.02106755665214396,model::modernbert_sentiment_profile,ModernBERT + Sentiment Profile,42
13478,0,2.075429392789374e-06,0,0.02106755665214396,model::modernbert_sentiment_profile,ModernBERT + Sentiment Profile,42
17514,0,1.407066747560748e-06,0,0.02106755665214396,model::modernbert_sentiment_profile,ModernBERT + Sentiment Profile,42
3723,0,1.4755231632079813e-06,0,0.02106755665214396,model::modernbert_sentiment_profile,ModernBERT + Sentiment Profile,42
7471,0,6.179691808938514e-06,0,0.02106755665214396,model::modernbert_sentiment_profile,ModernBERT + Sentiment Profile,42
25,1,1.5636437638022471e-06,0,0.02106755665214396,model::modernbert_sentiment_profile,ModernBERT + Sentiment Profile,42
17971,1,1.1104598343081309e-06,0,0.02106755665214396,model::modernbert_sentiment_profile,ModernBERT + Sentiment Profile,42
5061,1,1.2771623687513056e-06,0,0.02106755665214396,model::modernbert_sentiment_profile,ModernBERT + Sentiment Profile,42
11342,0,1.3158980891603278e-06,0,0.02106755665214396,model::modernbert_sentiment_profile,ModernBERT + Sentiment Profile,42
4069,1,1.4311179938886198e-06,0,0.02106755665214396,model::modernbert_sentiment_profile,ModernBERT + Sentiment Profile,42
1796,0,5.877705916645937e-06,0,0.02106755665214396,model::modernbert_sentiment_profile,ModernBERT + Sentiment Profile,42
13682,0,1.3156571867511957e-06,0,0.02106755665214396,model::modernbert_sentiment_profile,ModernBERT + Sentiment Profile,42
8867,1,1.3670065754922689e-06,0,0.02106755665214396,model::modernbert_sentiment_profile,ModernBERT + Sentiment Profile,42
15767,1,2.0811730792047456e-06,0,0.02106755665214396,model::modernbert_sentiment_profile,ModernBERT + Sentiment Profile,42
20628,1,1.3145472621545196e-06,0,0.02106755665214396,model::modernbert_sentiment_profile,ModernBERT + Sentiment Profile,42
6935,1,1.212761731039791e-06,0,0.02106755665214396,model::modernbert_sentiment_profile,ModernBERT + Sentiment Profile,42
20056,1,1.2132719575674855e-06,0,0.02106755665214396,model::modernbert_sentiment_profile,ModernBERT + Sentiment Profile,42
5592,1,1.7663567177805817e-06,0,0.02106755665214396,model::modernbert_sentiment_profile,ModernBERT + Sentiment Profile,42
19316,1,1.3234631524028373e-06,0,0.02106755665214396,model::modernbert_sentiment_profile,ModernBERT + Sentiment Profile,42
7887,1,2.393804834355251e-06,0,0.02106755665214396,model::modernbert_sentiment_profile,ModernBERT + Sentiment Profile,42
10219,1,1.1879729981956189e-06,0,0.02106755665214396,model::modernbert_sentiment_profile,ModernBERT + Sentiment Profile,42
15212,0,2.1725638816860737e-06,0,0.02106755665214396,model::modernbert_sentiment_profile,ModernBERT + Sentiment Profile,42
8530,0,1.4476465821644524e-06,0,0.02106755665214396,model::modernbert_sentiment_profile,ModernBERT + Sentiment Profile,42
11428,1,1.1844366554214505e-06,0,0.02106755665214396,model::modernbert_sentiment_profile,ModernBERT + Sentiment Profile,42
4217,0,1.3947634442956769e-06,0,0.02106755665214396,model::modernbert_sentiment_profile,ModernBERT + Sentiment Profile,42
15424,0,1.864939918050368e-06,0,0.02106755665214396,model::modernbert_sentiment_profile,ModernBERT + Sentiment Profile,42
21114,1,1.3157513194528292e-06,0,0.02106755665214396,model::modernbert_sentiment_profile,ModernBERT + Sentiment Profile,42
5793,1,1.3717195770368562e-06,0,0.02106755665214396,model::modernbert_sentiment_profile,ModernBERT + Sentiment Profile,42
14533,1,1.3223000223661074e-06,0,0.02106755665214396,model::modernbert_sentiment_profile,ModernBERT + Sentiment Profile,42
7866,1,1.246140755029046e-06,0,0.02106755665214396,model::modernbert_sentiment_profile,ModernBERT + Sentiment Profile,42
19695,1,1.6417658343925725e-06,0,0.02106755665214396,model::modernbert_sentiment_profile,ModernBERT + Sentiment Profile,42
16004,1,1.3252124517748598e-06,0,0.02106755665214396,model::modernbert_sentiment_profile,ModernBERT + Sentiment Profile,42
3239,0,1.7325542103208136e-06,0,0.02106755665214396,model::modernbert_sentiment_profile,ModernBERT + Sentiment Profile,42
3527,0,1.1984897128058949e-06,0,0.02106755665214396,model::modernbert_sentiment_profile,ModernBERT + Sentiment Profile,42
16501,1,1.3439585018204523e-06,0,0.02106755665214396,model::modernbert_sentiment_profile,ModernBERT + Sentiment Profile,42
18416,0,1.168007997875975e-06,0,0.02106755665214396,model::modernbert_sentiment_profile,ModernBERT + Sentiment Profile,42
19251,0,1.1559536687855143e-06,0,0.02106755665214396,model::modernbert_sentiment_profile,ModernBERT + Sentiment Profile,42
2961,1,1.5196311551335384e-06,0,0.02106755665214396,model::modernbert_sentiment_profile,ModernBERT + Sentiment Profile,42
11149,0,1.380189928568143e-06,0,0.02106755665214396,model::modernbert_sentiment_profile,ModernBERT + Sentiment Profile,42
12669,1,1.5068809489093835e-06,0,0.02106755665214396,model::modernbert_sentiment_profile,ModernBERT + Sentiment Profile,42
20575,0,1.6714330968170543e-06,0,0.02106755665214396,model::modernbert_sentiment_profile,ModernBERT + Sentiment Profile,42
19971,0,1.5909082549114828e-06,0,0.02106755665214396,model::modernbert_sentiment_profile,ModernBERT + Sentiment Profile,42
10848,0,1.1931616654692334e-06,0,0.02106755665214396,model::modernbert_sentiment_profile,ModernBERT + Sentiment Profile,42
9864,1,1.3192693586461246e-06,0,0.02106755665214396,model::modernbert_sentiment_profile,ModernBERT + Sentiment Profile,42
20475,0,1.4362383353727637e-06,0,0.02106755665214396,model::modernbert_sentiment_profile,ModernBERT + Sentiment Profile,42
13271,1,1.3011803048357251e-06,0,0.02106755665214396,model::modernbert_sentiment_profile,ModernBERT + Sentiment Profile,42
15921,1,1.5534562862740131e-06,0,0.02106755665214396,model::modernbert_sentiment_profile,ModernBERT + Sentiment Profile,42
10018,1,1.759319388838776e-06,0,0.02106755665214396,model::modernbert_sentiment_profile,ModernBERT + Sentiment Profile,42
16642,0,1.335526008006127e-06,0,0.02106755665214396,model::modernbert_sentiment_profile,ModernBERT + Sentiment Profile,42
10634,0,1.1721434702849365e-06,0,0.02106755665214396,model::modernbert_sentiment_profile,ModernBERT + Sentiment Profile,42
16120,1,1.0944308996840846e-06,0,0.02106755665214396,model::modernbert_sentiment_profile,ModernBERT + Sentiment Profile,42
14174,1,1.5553774801446707e-06,0,0.02106755665214396,model::modernbert_sentiment_profile,ModernBERT + Sentiment Profile,42
11296,0,1.37436597924534e-06,0,0.02106755665214396,model::modernbert_sentiment_profile,ModernBERT + Sentiment Profile,42
2168,1,1.1679522913254914e-06,0,0.02106755665214396,model::modernbert_sentiment_profile,ModernBERT + Sentiment Profile,42
5118,1,1.1601869118749164e-06,0,0.02106755665214396,model::modernbert_sentiment_profile,ModernBERT + Sentiment Profile,42
2608,0,1.4927452411939155e-06,0,0.02106755665214396,model::modernbert_sentiment_profile,ModernBERT + Sentiment Profile,42
13813,1,1.1133079169667326e-06,0,0.02106755665214396,model::modernbert_sentiment_profile,ModernBERT + Sentiment Profile,42
8051,1,1.346812041447265e-06,0,0.02106755665214396,model::modernbert_sentiment_profile,ModernBERT + Sentiment Profile,42
17462,0,1.6385374692617916e-06,0,0.02106755665214396,model::modernbert_sentiment_profile,ModernBERT + Sentiment Profile,42
6082,1,1.2566654277179623e-06,0,0.02106755665214396,model::modernbert_sentiment_profile,ModernBERT + Sentiment Profile,42
14585,1,1.2876937489636475e-06,0,0.02106755665214396,model::modernbert_sentiment_profile,ModernBERT + Sentiment Profile,42
17465,0,1.2474224604375197e-06,0,0.02106755665214396,model::modernbert_sentiment_profile,ModernBERT + Sentiment Profile,42
4921,0,1.4754133417227422e-06,0,0.02106755665214396,model::modernbert_sentiment_profile,ModernBERT + Sentiment Profile,42
4263,0,1.4071874829824085e-06,0,0.02106755665214396,model::modernbert_sentiment_profile,ModernBERT + Sentiment Profile,42
6430,1,1.7710020756567246e-06,0,0.02106755665214396,model::modernbert_sentiment_profile,ModernBERT + Sentiment Profile,42
7255,1,1.3031286698605982e-06,0,0.02106755665214396,model::modernbert_sentiment_profile,ModernBERT + Sentiment Profile,42
13883,1,1.266519007003808e-06,0,0.02106755665214396,model::modernbert_sentiment_profile,ModernBERT + Sentiment Profile,42
7334,0,1.1857952131322236e-06,0,0.02106755665214396,model::modernbert_sentiment_profile,ModernBERT + Sentiment Profile,42
14839,0,1.52843608702824e-06,0,0.02106755665214396,model::modernbert_sentiment_profile,ModernBERT + Sentiment Profile,42
947,0,1.204917907671188e-06,0,0.02106755665214396,model::modernbert_sentiment_profile,ModernBERT + Sentiment Profile,42
9665,1,1.5257330687745707e-06,0,0.02106755665214396,model::modernbert_sentiment_profile,ModernBERT + Sentiment Profile,42
9765,1,1.318185354648449e-06,0,0.02106755665214396,model::modernbert_sentiment_profile,ModernBERT + Sentiment Profile,42
12532,0,1.484417794017645e-06,0,0.02106755665214396,model::modernbert_sentiment_profile,ModernBERT + Sentiment Profile,42
6202,1,1.5639718640159117e-06,0,0.02106755665214396,model::modernbert_sentiment_profile,ModernBERT + Sentiment Profile,42
3441,0,2.362169198022457e-06,0,0.02106755665214396,model::modernbert_sentiment_profile,ModernBERT + Sentiment Profile,42
11841,1,1.405098259965598e-06,0,0.02106755665214396,model::modernbert_sentiment_profile,ModernBERT + Sentiment Profile,42
12968,0,1.8350360733165871e-06,0,0.02106755665214396,model::modernbert_sentiment_profile,ModernBERT + Sentiment Profile,42
913,0,1.375752049170842e-06,0,0.02106755665214396,model::modernbert_sentiment_profile,ModernBERT + Sentiment Profile,42
1365,1,1.8497281644158647e-06,0,0.02106755665214396,model::modernbert_sentiment_profile,ModernBERT + Sentiment Profile,42
849,0,1.301998281633132e-06,0,0.02106755665214396,model::modernbert_sentiment_profile,ModernBERT + Sentiment Profile,42
18962,0,1.7101940557040507e-06,0,0.02106755665214396,model::modernbert_sentiment_profile,ModernBERT + Sentiment Profile,42
20352,1,1.4102290606388124e-06,0,0.02106755665214396,model::modernbert_sentiment_profile,ModernBERT + Sentiment Profile,42
9798,1,1.6568909586567315e-06,0,0.02106755665214396,model::modernbert_sentiment_profile,ModernBERT + Sentiment Profile,42
14501,0,1.1697380841724223e-06,0,0.02106755665214396,model::modernbert_sentiment_profile,ModernBERT + Sentiment Profile,42
3732,1,1.4629631550633349e-06,0,0.02106755665214396,model::modernbert_sentiment_profile,ModernBERT + Sentiment Profile,42
12595,1,1.4668314634036506e-06,0,0.02106755665214396,model::modernbert_sentiment_profile,ModernBERT + Sentiment Profile,42
6974,1,1.526227947579173e-06,0,0.02106755665214396,model::modernbert_sentiment_profile,ModernBERT + Sentiment Profile,42
8882,1,1.0682344964152437e-06,0,0.02106755665214396,model::modernbert_sentiment_profile,ModernBERT + Sentiment Profile,42
16266,0,1.3966135838927585e-06,0,0.02106755665214396,model::modernbert_sentiment_profile,ModernBERT + Sentiment Profile,42
15334,1,1.4319712136057203e-06,0,0.02106755665214396,model::modernbert_sentiment_profile,ModernBERT + Sentiment Profile,42
6697,1,1.2902752359877925e-06,0,0.02106755665214396,model::modernbert_sentiment_profile,ModernBERT + Sentiment Profile,42
4665,1,1.2821598147638724e-06,0,0.02106755665214396,model::modernbert_sentiment_profile,ModernBERT + Sentiment Profile,42
20143,0,1.3455949101626177e-06,0,0.02106755665214396,model::modernbert_sentiment_profile,ModernBERT + Sentiment Profile,42
6868,0,1.3632545687869424e-06,0,0.02106755665214396,model::modernbert_sentiment_profile,ModernBERT + Sentiment Profile,42
5364,1,1.6840492662595352e-06,0,0.02106755665214396,model::modernbert_sentiment_profile,ModernBERT + Sentiment Profile,42
6120,1,1.282565904148214e-06,0,0.02106755665214396,model::modernbert_sentiment_profile,ModernBERT + Sentiment Profile,42
11173,0,1.1543155551407835e-06,0,0.02106755665214396,model::modernbert_sentiment_profile,ModernBERT + Sentiment Profile,42
15071,0,4.797944257006748e-06,0,0.02106755665214396,model::modernbert_sentiment_profile,ModernBERT + Sentiment Profile,42
10881,0,1.4892104900354752e-06,0,0.02106755665214396,model::modernbert_sentiment_profile,ModernBERT + Sentiment Profile,42
12164,1,1.2797898989447276e-06,0,0.02106755665214396,model::modernbert_sentiment_profile,ModernBERT + Sentiment Profile,42
3926,1,1.1766458101192256e-06,0,0.02106755665214396,model::modernbert_sentiment_profile,ModernBERT + Sentiment Profile,42
5021,1,1.3175971389500774e-06,0,0.02106755665214396,model::modernbert_sentiment_profile,ModernBERT + Sentiment Profile,42
11604,1,1.3096046131977346e-06,0,0.02106755665214396,model::modernbert_sentiment_profile,ModernBERT + Sentiment Profile,42
18608,1,1.3938672509539174e-06,0,0.02106755665214396,model::modernbert_sentiment_profile,ModernBERT + Sentiment Profile,42
8138,0,1.3667303164766054e-06,0,0.02106755665214396,model::modernbert_sentiment_profile,ModernBERT + Sentiment Profile,42
20209,0,1.369391839034506e-06,0,0.02106755665214396,model::modernbert_sentiment_profile,ModernBERT + Sentiment Profile,42
12932,0,1.5151018715187092e-06,0,0.02106755665214396,model::modernbert_sentiment_profile,ModernBERT + Sentiment Profile,42
17276,1,1.330774807684065e-06,0,0.02106755665214396,model::modernbert_sentiment_profile,ModernBERT + Sentiment Profile,42
2885,1,1.5412995253427653e-06,0,0.02106755665214396,model::modernbert_sentiment_profile,ModernBERT + Sentiment Profile,42
8594,0,1.505661430201144e-06,0,0.02106755665214396,model::modernbert_sentiment_profile,ModernBERT + Sentiment Profile,42
12423,1,1.4971906239225063e-06,0,0.02106755665214396,model::modernbert_sentiment_profile,ModernBERT + Sentiment Profile,42
15119,0,1.0878252396651078e-06,0,0.02106755665214396,model::modernbert_sentiment_profile,ModernBERT + Sentiment Profile,42
10228,0,1.4247326589611475e-06,0,0.02106755665214396,model::modernbert_sentiment_profile,ModernBERT + Sentiment Profile,42
5378,1,1.342813220617245e-06,0,0.02106755665214396,model::modernbert_sentiment_profile,ModernBERT + Sentiment Profile,42
18305,1,1.4609345271310303e-06,0,0.02106755665214396,model::modernbert_sentiment_profile,ModernBERT + Sentiment Profile,42
1619,0,1.524245249129308e-06,0,0.02106755665214396,model::modernbert_sentiment_profile,ModernBERT + Sentiment Profile,42
10250,1,1.3074356957076816e-06,0,0.02106755665214396,model::modernbert_sentiment_profile,ModernBERT + Sentiment Profile,42
13321,0,1.3084635384075227e-06,0,0.02106755665214396,model::modernbert_sentiment_profile,ModernBERT + Sentiment Profile,42
14508,1,1.338701167696854e-06,0,0.02106755665214396,model::modernbert_sentiment_profile,ModernBERT + Sentiment Profile,42
18074,1,1.274630221814732e-06,0,0.02106755665214396,model::modernbert_sentiment_profile,ModernBERT + Sentiment Profile,42
18548,1,1.3382875749812229e-06,0,0.02106755665214396,model::modernbert_sentiment_profile,ModernBERT + Sentiment Profile,42
16401,1,1.5344153325713703e-06,0,0.02106755665214396,model::modernbert_sentiment_profile,ModernBERT + Sentiment Profile,42
18906,0,2.703475502130459e-06,0,0.02106755665214396,model::modernbert_sentiment_profile,ModernBERT + Sentiment Profile,42
11862,0,1.1962995358771875e-06,0,0.02106755665214396,model::modernbert_sentiment_profile,ModernBERT + Sentiment Profile,42
21074,0,1.863666966528399e-06,0,0.02106755665214396,model::modernbert_sentiment_profile,ModernBERT + Sentiment Profile,42
19687,1,1.2115028766856994e-06,0,0.02106755665214396,model::modernbert_sentiment_profile,ModernBERT + Sentiment Profile,42
18495,1,1.6826477349241031e-06,0,0.02106755665214396,model::modernbert_sentiment_profile,ModernBERT + Sentiment Profile,42
9398,1,9.615629323889152e-07,0,0.02106755665214396,model::modernbert_sentiment_profile,ModernBERT + Sentiment Profile,42
11589,0,1.5902407994872192e-06,0,0.02106755665214396,model::modernbert_sentiment_profile,ModernBERT + Sentiment Profile,42
702,0,1.1956996104345308e-06,0,0.02106755665214396,model::modernbert_sentiment_profile,ModernBERT + Sentiment Profile,42
6624,1,1.1075967449869497e-06,0,0.02106755665214396,model::modernbert_sentiment_profile,ModernBERT + Sentiment Profile,42
2681,1,1.149143258771801e-06,0,0.02106755665214396,model::modernbert_sentiment_profile,ModernBERT + Sentiment Profile,42
4359,1,1.1825044339275337e-06,0,0.02106755665214396,model::modernbert_sentiment_profile,ModernBERT + Sentiment Profile,42
8981,1,1.3709859558730386e-06,0,0.02106755665214396,model::modernbert_sentiment_profile,ModernBERT + Sentiment Profile,42
201,0,1.0268115602229957e-06,0,0.02106755665214396,model::modernbert_sentiment_profile,ModernBERT + Sentiment Profile,42
4761,0,1.4455426935455762e-06,0,0.02106755665214396,model::modernbert_sentiment_profile,ModernBERT + Sentiment Profile,42
19171,0,1.8086466297972947e-06,0,0.02106755665214396,model::modernbert_sentiment_profile,ModernBERT + Sentiment Profile,42
18927,0,2.324875367776258e-06,0,0.02106755665214396,model::modernbert_sentiment_profile,ModernBERT + Sentiment Profile,42
2522,1,1.202698740598862e-06,0,0.02106755665214396,model::modernbert_sentiment_profile,ModernBERT + Sentiment Profile,42
20437,0,1.4519631577059045e-06,0,0.02106755665214396,model::modernbert_sentiment_profile,ModernBERT + Sentiment Profile,42
16968,1,1.4749406318514955e-06,0,0.02106755665214396,model::modernbert_sentiment_profile,ModernBERT + Sentiment Profile,42
2417,0,1.5508510387007846e-06,0,0.02106755665214396,model::modernbert_sentiment_profile,ModernBERT + Sentiment Profile,42
20291,0,2.037644662777893e-06,0,0.02106755665214396,model::modernbert_sentiment_profile,ModernBERT + Sentiment Profile,42
10430,0,1.324306595051894e-06,0,0.02106755665214396,model::modernbert_sentiment_profile,ModernBERT + Sentiment Profile,42
14417,0,1.3609072766485042e-06,0,0.02106755665214396,model::modernbert_sentiment_profile,ModernBERT + Sentiment Profile,42
20335,1,1.502747977610852e-06,0,0.02106755665214396,model::modernbert_sentiment_profile,ModernBERT + Sentiment Profile,42
12330,0,1.793143155737198e-06,0,0.02106755665214396,model::modernbert_sentiment_profile,ModernBERT + Sentiment Profile,42
12502,0,1.7022858855852974e-06,0,0.02106755665214396,model::modernbert_sentiment_profile,ModernBERT + Sentiment Profile,42
9690,1,1.4437860045291018e-06,0,0.02106755665214396,model::modernbert_sentiment_profile,ModernBERT + Sentiment Profile,42
11811,1,1.3565198742071516e-06,0,0.02106755665214396,model::modernbert_sentiment_profile,ModernBERT + Sentiment Profile,42
13900,0,2.218284862465225e-06,0,0.02106755665214396,model::modernbert_sentiment_profile,ModernBERT + Sentiment Profile,42
10589,0,1.6632521919746068e-06,0,0.02106755665214396,model::modernbert_sentiment_profile,ModernBERT + Sentiment Profile,42
11457,0,1.2108687315048885e-06,0,0.02106755665214396,model::modernbert_sentiment_profile,ModernBERT + Sentiment Profile,42
11593,0,1.534933403490868e-06,0,0.02106755665214396,model::modernbert_sentiment_profile,ModernBERT + Sentiment Profile,42
19874,1,1.452428477932699e-06,0,0.02106755665214396,model::modernbert_sentiment_profile,ModernBERT + Sentiment Profile,42
8546,1,1.3258887747724657e-06,0,0.02106755665214396,model::modernbert_sentiment_profile,ModernBERT + Sentiment Profile,42
13087,1,1.2697383908744089e-06,0,0.02106755665214396,model::modernbert_sentiment_profile,ModernBERT + Sentiment Profile,42
4053,1,1.2173424011052705e-06,0,0.02106755665214396,model::modernbert_sentiment_profile,ModernBERT + Sentiment Profile,42
11035,0,2.0384297840791987e-06,0,0.02106755665214396,model::modernbert_sentiment_profile,ModernBERT + Sentiment Profile,42
7106,0,2.271788616781123e-06,0,0.02106755665214396,model::modernbert_sentiment_profile,ModernBERT + Sentiment Profile,42
16967,1,1.5395821719721423e-06,0,0.02106755665214396,model::modernbert_sentiment_profile,ModernBERT + Sentiment Profile,42
14055,0,1.152538970927708e-06,0,0.02106755665214396,model::modernbert_sentiment_profile,ModernBERT + Sentiment Profile,42
18254,1,1.3217364767115214e-06,0,0.02106755665214396,model::modernbert_sentiment_profile,ModernBERT + Sentiment Profile,42
4141,1,1.3725361895922106e-06,0,0.02106755665214396,model::modernbert_sentiment_profile,ModernBERT + Sentiment Profile,42
14685,1,1.3705089259019587e-06,0,0.02106755665214396,model::modernbert_sentiment_profile,ModernBERT + Sentiment Profile,42
3870,1,1.3937475387137963e-06,0,0.02106755665214396,model::modernbert_sentiment_profile,ModernBERT + Sentiment Profile,42
12585,1,1.202877683681436e-06,0,0.02106755665214396,model::modernbert_sentiment_profile,ModernBERT + Sentiment Profile,42
20856,0,1.2180948942841496e-06,0,0.02106755665214396,model::modernbert_sentiment_profile,ModernBERT + Sentiment Profile,42
15655,1,1.4327772532851668e-06,0,0.02106755665214396,model::modernbert_sentiment_profile,ModernBERT + Sentiment Profile,42
12360,1,1.2425438171703718e-06,0,0.02106755665214396,model::modernbert_sentiment_profile,ModernBERT + Sentiment Profile,42
4962,0,1.1726007187462528e-06,0,0.02106755665214396,model::modernbert_sentiment_profile,ModernBERT + Sentiment Profile,42
13155,1,1.0571211532806046e-06,0,0.02106755665214396,model::modernbert_sentiment_profile,ModernBERT + Sentiment Profile,42
12601,0,2.076296368613839e-06,0,0.02106755665214396,model::modernbert_sentiment_profile,ModernBERT + Sentiment Profile,42
1625,1,1.439121774637897e-06,0,0.02106755665214396,model::modernbert_sentiment_profile,ModernBERT + Sentiment Profile,42
6045,1,1.472615963393764e-06,0,0.02106755665214396,model::modernbert_sentiment_profile,ModernBERT + Sentiment Profile,42
9783,0,2.372796643612673e-06,0,0.02106755665214396,model::modernbert_sentiment_profile,ModernBERT + Sentiment Profile,42
4525,0,1.008349613584869e-06,0,0.02106755665214396,model::modernbert_sentiment_profile,ModernBERT + Sentiment Profile,42
18524,0,1.5427172002091538e-06,0,0.02106755665214396,model::modernbert_sentiment_profile,ModernBERT + Sentiment Profile,42
1911,1,1.5175312455539824e-06,0,0.02106755665214396,model::modernbert_sentiment_profile,ModernBERT + Sentiment Profile,42
6497,1,1.6631269090794376e-06,0,0.02106755665214396,model::modernbert_sentiment_profile,ModernBERT + Sentiment Profile,42
2439,0,1.1247694828853128e-06,0,0.02106755665214396,model::modernbert_sentiment_profile,ModernBERT + Sentiment Profile,42
19139,1,1.8721819969869104e-06,0,0.02106755665214396,model::modernbert_sentiment_profile,ModernBERT + Sentiment Profile,42
9705,0,1.718153725960292e-06,0,0.02106755665214396,model::modernbert_sentiment_profile,ModernBERT + Sentiment Profile,42
13888,0,1.3857973499398211e-05,0,0.02106755665214396,model::modernbert_sentiment_profile,ModernBERT + Sentiment Profile,42
1130,1,1.377399712509941e-06,0,0.02106755665214396,model::modernbert_sentiment_profile,ModernBERT + Sentiment Profile,42
2383,1,1.1780660997828818e-06,0,0.02106755665214396,model::modernbert_sentiment_profile,ModernBERT + Sentiment Profile,42
19105,0,1.3719799198952387e-06,0,0.02106755665214396,model::modernbert_sentiment_profile,ModernBERT + Sentiment Profile,42
9378,1,1.366003175462538e-06,0,0.02106755665214396,model::modernbert_sentiment_profile,ModernBERT + Sentiment Profile,42
12134,0,1.3518487094188458e-06,0,0.02106755665214396,model::modernbert_sentiment_profile,ModernBERT + Sentiment Profile,42
1229,1,1.809832042454218e-06,0,0.02106755665214396,model::modernbert_sentiment_profile,ModernBERT + Sentiment Profile,42
3541,0,1.0620017292239936e-06,0,0.02106755665214396,model::modernbert_sentiment_profile,ModernBERT + Sentiment Profile,42
18869,0,1.2904610002806294e-06,0,0.02106755665214396,model::modernbert_sentiment_profile,ModernBERT + Sentiment Profile,42
14407,1,1.391388991578424e-06,0,0.02106755665214396,model::modernbert_sentiment_profile,ModernBERT + Sentiment Profile,42
10759,1,1.2589227935677627e-06,0,0.02106755665214396,model::modernbert_sentiment_profile,ModernBERT + Sentiment Profile,42
16389,0,1.5471520100618363e-06,0,0.02106755665214396,model::modernbert_sentiment_profile,ModernBERT + Sentiment Profile,42
14450,1,1.3653598216478713e-06,0,0.02106755665214396,model::modernbert_sentiment_profile,ModernBERT + Sentiment Profile,42
12180,1,1.2762772030328051e-06,0,0.02106755665214396,model::modernbert_sentiment_profile,ModernBERT + Sentiment Profile,42
2887,1,1.3734069170823204e-06,0,0.02106755665214396,model::modernbert_sentiment_profile,ModernBERT + Sentiment Profile,42
8839,0,1.2931159290019425e-06,0,0.02106755665214396,model::modernbert_sentiment_profile,ModernBERT + Sentiment Profile,42
14721,1,1.4433895785259665e-06,0,0.02106755665214396,model::modernbert_sentiment_profile,ModernBERT + Sentiment Profile,42
7710,1,1.36462040245533e-06,0,0.02106755665214396,model::modernbert_sentiment_profile,ModernBERT + Sentiment Profile,42
20750,0,1.7171937543025706e-06,0,0.02106755665214396,model::modernbert_sentiment_profile,ModernBERT + Sentiment Profile,42
658,1,1.3093298321109614e-06,0,0.02106755665214396,model::modernbert_sentiment_profile,ModernBERT + Sentiment Profile,42
16111,0,1.2720242921204772e-06,0,0.02106755665214396,model::modernbert_sentiment_profile,ModernBERT + Sentiment Profile,42
19833,1,1.3653623227583012e-06,0,0.02106755665214396,model::modernbert_sentiment_profile,ModernBERT + Sentiment Profile,42
6161,0,9.734098966873717e-07,0,0.02106755665214396,model::modernbert_sentiment_profile,ModernBERT + Sentiment Profile,42
16884,1,1.172515680991637e-06,0,0.02106755665214396,model::modernbert_sentiment_profile,ModernBERT + Sentiment Profile,42
5903,1,1.552700950924191e-06,0,0.02106755665214396,model::modernbert_sentiment_profile,ModernBERT + Sentiment Profile,42
4020,0,1.2319775350988491e-06,0,0.02106755665214396,model::modernbert_sentiment_profile,ModernBERT + Sentiment Profile,42
2822,0,1.2825634030377842e-06,0,0.02106755665214396,model::modernbert_sentiment_profile,ModernBERT + Sentiment Profile,42
17899,1,1.5329745792769245e-06,0,0.02106755665214396,model::modernbert_sentiment_profile,ModernBERT + Sentiment Profile,42
11967,0,1.4079325865168355e-06,0,0.02106755665214396,model::modernbert_sentiment_profile,ModernBERT + Sentiment Profile,42
16633,1,1.34396361772815e-06,0,0.02106755665214396,model::modernbert_sentiment_profile,ModernBERT + Sentiment Profile,42
15481,1,1.52333700498275e-06,0,0.02106755665214396,model::modernbert_sentiment_profile,ModernBERT + Sentiment Profile,42
10860,1,1.3826113445247756e-06,0,0.02106755665214396,model::modernbert_sentiment_profile,ModernBERT + Sentiment Profile,42
8770,1,1.3081291854177834e-06,0,0.02106755665214396,model::modernbert_sentiment_profile,ModernBERT + Sentiment Profile,42
647,1,1.284039399251924e-06,0,0.02106755665214396,model::modernbert_sentiment_profile,ModernBERT + Sentiment Profile,42
9453,1,1.652297669352265e-06,0,0.02106755665214396,model::modernbert_sentiment_profile,ModernBERT + Sentiment Profile,42
11535,1,1.7590979268788942e-06,0,0.02106755665214396,model::modernbert_sentiment_profile,ModernBERT + Sentiment Profile,42
17005,1,1.4877341527608223e-06,0,0.02106755665214396,model::modernbert_sentiment_profile,ModernBERT + Sentiment Profile,42
3022,1,1.331620296696201e-06,0,0.02106755665214396,model::modernbert_sentiment_profile,ModernBERT + Sentiment Profile,42
14896,0,1.052128482115222e-06,0,0.02106755665214396,model::modernbert_sentiment_profile,ModernBERT + Sentiment Profile,42
3587,1,1.2388451295919367e-06,0,0.02106755665214396,model::modernbert_sentiment_profile,ModernBERT + Sentiment Profile,42
12652,1,1.10256451080204e-06,0,0.02106755665214396,model::modernbert_sentiment_profile,ModernBERT + Sentiment Profile,42
17345,0,1.367598656543123e-06,0,0.02106755665214396,model::modernbert_sentiment_profile,ModernBERT + Sentiment Profile,42
15517,1,1.3941636325398576e-06,0,0.02106755665214396,model::modernbert_sentiment_profile,ModernBERT + Sentiment Profile,42
17189,1,1.3197978887546924e-06,0,0.02106755665214396,model::modernbert_sentiment_profile,ModernBERT + Sentiment Profile,42
9134,1,1.4532030263580964e-06,0,0.02106755665214396,model::modernbert_sentiment_profile,ModernBERT + Sentiment Profile,42
12200,1,1.6068224795162678e-06,0,0.02106755665214396,model::modernbert_sentiment_profile,ModernBERT + Sentiment Profile,42
4839,1,1.4099655345489737e-06,0,0.02106755665214396,model::modernbert_sentiment_profile,ModernBERT + Sentiment Profile,42
8432,0,1.1197681715202634e-06,0,0.02106755665214396,model::modernbert_sentiment_profile,ModernBERT + Sentiment Profile,42
6609,0,2.1624971395795e-06,0,0.02106755665214396,model::modernbert_sentiment_profile,ModernBERT + Sentiment Profile,42
11117,1,1.2557657100842334e-06,0,0.02106755665214396,model::modernbert_sentiment_profile,ModernBERT + Sentiment Profile,42
18588,0,1.622098693587759e-06,0,0.02106755665214396,model::modernbert_sentiment_profile,ModernBERT + Sentiment Profile,42
11898,1,1.384664528814028e-06,0,0.02106755665214396,model::modernbert_sentiment_profile,ModernBERT + Sentiment Profile,42
4684,1,2.243761173303937e-06,0,0.02106755665214396,model::modernbert_sentiment_profile,ModernBERT + Sentiment Profile,42
8985,1,1.5228170013870113e-06,0,0.02106755665214396,model::modernbert_sentiment_profile,ModernBERT + Sentiment Profile,42
3148,0,1.6073895494628232e-06,0,0.02106755665214396,model::modernbert_sentiment_profile,ModernBERT + Sentiment Profile,42
16635,1,1.5242002291415702e-06,0,0.02106755665214396,model::modernbert_sentiment_profile,ModernBERT + Sentiment Profile,42
20623,1,1.4890158581692958e-06,0,0.02106755665214396,model::modernbert_sentiment_profile,ModernBERT + Sentiment Profile,42
3382,1,2.410199613223085e-06,0,0.02106755665214396,model::modernbert_sentiment_profile,ModernBERT + Sentiment Profile,42
16006,0,1.851893898674461e-06,0,0.02106755665214396,model::modernbert_sentiment_profile,ModernBERT + Sentiment Profile,42
15846,1,9.576232287145103e-07,0,0.02106755665214396,model::modernbert_sentiment_profile,ModernBERT + Sentiment Profile,42
2724,0,1.351470928057097e-06,0,0.02106755665214396,model::modernbert_sentiment_profile,ModernBERT + Sentiment Profile,42
14423,0,1.5529423080806737e-06,0,0.02106755665214396,model::modernbert_sentiment_profile,ModernBERT + Sentiment Profile,42
19181,0,1.881697471617372e-06,0,0.02106755665214396,model::modernbert_sentiment_profile,ModernBERT + Sentiment Profile,42
13906,1,1.2724659654850257e-06,0,0.02106755665214396,model::modernbert_sentiment_profile,ModernBERT + Sentiment Profile,42
6906,0,1.3808403309667483e-06,0,0.02106755665214396,model::modernbert_sentiment_profile,ModernBERT + Sentiment Profile,42
14746,0,1.700796246950631e-06,0,0.02106755665214396,model::modernbert_sentiment_profile,ModernBERT + Sentiment Profile,42
18165,0,1.2803490108126423e-06,0,0.02106755665214396,model::modernbert_sentiment_profile,ModernBERT + Sentiment Profile,42
10178,1,1.3404116998572135e-06,0,0.02106755665214396,model::modernbert_sentiment_profile,ModernBERT + Sentiment Profile,42
11965,0,1.1151653325214284e-06,0,0.02106755665214396,model::modernbert_sentiment_profile,ModernBERT + Sentiment Profile,42
6514,0,1.6345451285815216e-06,0,0.02106755665214396,model::modernbert_sentiment_profile,ModernBERT + Sentiment Profile,42
12259,1,1.3003900676267222e-06,0,0.02106755665214396,model::modernbert_sentiment_profile,ModernBERT + Sentiment Profile,42
4443,0,1.162959620160109e-06,0,0.02106755665214396,model::modernbert_sentiment_profile,ModernBERT + Sentiment Profile,42
17788,1,1.136508331001096e-06,0,0.02106755665214396,model::modernbert_sentiment_profile,ModernBERT + Sentiment Profile,42
20738,1,1.269415179194766e-06,0,0.02106755665214396,model::modernbert_sentiment_profile,ModernBERT + Sentiment Profile,42
694,1,1.521705030427256e-06,0,0.02106755665214396,model::modernbert_sentiment_profile,ModernBERT + Sentiment Profile,42
16476,1,1.7553591078467434e-06,0,0.02106755665214396,model::modernbert_sentiment_profile,ModernBERT + Sentiment Profile,42
9628,1,1.429049007128924e-06,0,0.02106755665214396,model::modernbert_sentiment_profile,ModernBERT + Sentiment Profile,42
13808,0,1.2843871672885143e-06,0,0.02106755665214396,model::modernbert_sentiment_profile,ModernBERT + Sentiment Profile,42
13474,1,1.324266122537665e-06,0,0.02106755665214396,model::modernbert_sentiment_profile,ModernBERT + Sentiment Profile,42
16807,0,1.183786253022845e-06,0,0.02106755665214396,model::modernbert_sentiment_profile,ModernBERT + Sentiment Profile,42
9251,1,1.2574013226185343e-06,0,0.02106755665214396,model::modernbert_sentiment_profile,ModernBERT + Sentiment Profile,42
4372,0,9.156233318208252e-07,0,0.02106755665214396,model::modernbert_sentiment_profile,ModernBERT + Sentiment Profile,42
5210,0,1.4109326684774717e-06,0,0.02106755665214396,model::modernbert_sentiment_profile,ModernBERT + Sentiment Profile,42
16415,1,1.2816072967325454e-06,0,0.02106755665214396,model::modernbert_sentiment_profile,ModernBERT + Sentiment Profile,42
18154,1,1.383138851451804e-06,0,0.02106755665214396,model::modernbert_sentiment_profile,ModernBERT + Sentiment Profile,42
7981,0,1.3412031876214314e-06,0,0.02106755665214396,model::modernbert_sentiment_profile,ModernBERT + Sentiment Profile,42
7735,0,1.6424125988123706e-06,0,0.02106755665214396,model::modernbert_sentiment_profile,ModernBERT + Sentiment Profile,42
1586,0,1.3724248901780811e-06,0,0.02106755665214396,model::modernbert_sentiment_profile,ModernBERT + Sentiment Profile,42
3996,0,2.201137476731674e-06,0,0.02106755665214396,model::modernbert_sentiment_profile,ModernBERT + Sentiment Profile,42
8136,0,1.2082375633326592e-06,0,0.02106755665214396,model::modernbert_sentiment_profile,ModernBERT + Sentiment Profile,42
10160,0,1.6532260360690998e-06,0,0.02106755665214396,model::modernbert_sentiment_profile,ModernBERT + Sentiment Profile,42
17517,0,1.4451567267315113e-06,0,0.02106755665214396,model::modernbert_sentiment_profile,ModernBERT + Sentiment Profile,42
11299,1,1.5717409951321315e-06,0,0.02106755665214396,model::modernbert_sentiment_profile,ModernBERT + Sentiment Profile,42
18883,0,3.0677767881570617e-06,0,0.02106755665214396,model::modernbert_sentiment_profile,ModernBERT + Sentiment Profile,42
13217,1,1.3192139931561542e-06,0,0.02106755665214396,model::modernbert_sentiment_profile,ModernBERT + Sentiment Profile,42
17518,1,1.3225459269960993e-06,0,0.02106755665214396,model::modernbert_sentiment_profile,ModernBERT + Sentiment Profile,42
17572,1,1.1442461982369425e-06,0,0.02106755665214396,model::modernbert_sentiment_profile,ModernBERT + Sentiment Profile,42
992,1,1.5684528307247092e-06,0,0.02106755665214396,model::modernbert_sentiment_profile,ModernBERT + Sentiment Profile,42
18566,1,1.7170218598039355e-06,0,0.02106755665214396,model::modernbert_sentiment_profile,ModernBERT + Sentiment Profile,42
1408,0,1.9138981315336423e-06,0,0.02106755665214396,model::modernbert_sentiment_profile,ModernBERT + Sentiment Profile,42
18302,1,1.0278598665536265e-06,0,0.02106755665214396,model::modernbert_sentiment_profile,ModernBERT + Sentiment Profile,42
18924,1,1.1899992387043312e-06,0,0.02106755665214396,model::modernbert_sentiment_profile,ModernBERT + Sentiment Profile,42
17217,1,1.100320787372766e-06,0,0.02106755665214396,model::modernbert_sentiment_profile,ModernBERT + Sentiment Profile,42
15180,0,3.272443109381129e-06,0,0.02106755665214396,model::modernbert_sentiment_profile,ModernBERT + Sentiment Profile,42
5612,1,1.233554030477535e-06,0,0.02106755665214396,model::modernbert_sentiment_profile,ModernBERT + Sentiment Profile,42
20230,0,1.457545863559062e-06,0,0.02106755665214396,model::modernbert_sentiment_profile,ModernBERT + Sentiment Profile,42
19044,1,2.0016948383272397e-06,0,0.02106755665214396,model::modernbert_sentiment_profile,ModernBERT + Sentiment Profile,42
11003,1,1.2875341326434864e-06,0,0.02106755665214396,model::modernbert_sentiment_profile,ModernBERT + Sentiment Profile,42
1719,0,1.9294609501230298e-06,0,0.02106755665214396,model::modernbert_sentiment_profile,ModernBERT + Sentiment Profile,42
12564,1,1.3570594319389784e-06,0,0.02106755665214396,model::modernbert_sentiment_profile,ModernBERT + Sentiment Profile,42
3399,1,1.2299266245463514e-06,0,0.02106755665214396,model::modernbert_sentiment_profile,ModernBERT + Sentiment Profile,42
13910,1,1.32014031350991e-06,0,0.02106755665214396,model::modernbert_sentiment_profile,ModernBERT + Sentiment Profile,42
6487,1,1.3361909623199608e-06,0,0.02106755665214396,model::modernbert_sentiment_profile,ModernBERT + Sentiment Profile,42
2142,0,1.546747853353736e-06,0,0.02106755665214396,model::modernbert_sentiment_profile,ModernBERT + Sentiment Profile,42
13431,1,8.751900395509438e-07,0,0.02106755665214396,model::modernbert_sentiment_profile,ModernBERT + Sentiment Profile,42
1180,1,1.216765440403833e-06,0,0.02106755665214396,model::modernbert_sentiment_profile,ModernBERT + Sentiment Profile,42
4332,1,1.7683067881080206e-06,0,0.02106755665214396,model::modernbert_sentiment_profile,ModernBERT + Sentiment Profile,42
7629,0,1.610206254554214e-06,0,0.02106755665214396,model::modernbert_sentiment_profile,ModernBERT + Sentiment Profile,42
1938,0,2.8047641080775065e-06,0,0.02106755665214396,model::modernbert_sentiment_profile,ModernBERT + Sentiment Profile,42
9064,0,1.2983305168745574e-06,0,0.02106755665214396,model::modernbert_sentiment_profile,ModernBERT + Sentiment Profile,42
11771,1,1.2147353345426382e-06,0,0.02106755665214396,model::modernbert_sentiment_profile,ModernBERT + Sentiment Profile,42
10164,0,1.1356773939041886e-06,0,0.02106755665214396,model::modernbert_sentiment_profile,ModernBERT + Sentiment Profile,42
20501,1,1.764137891768769e-06,0,0.02106755665214396,model::modernbert_sentiment_profile,ModernBERT + Sentiment Profile,42
13574,1,1.78308710019337e-06,0,0.02106755665214396,model::modernbert_sentiment_profile,ModernBERT + Sentiment Profile,42
14784,1,1.281668346564402e-06,0,0.02106755665214396,model::modernbert_sentiment_profile,ModernBERT + Sentiment Profile,42
12696,0,1.0855142136279028e-06,0,0.02106755665214396,model::modernbert_sentiment_profile,ModernBERT + Sentiment Profile,42
16175,0,1.3547835351346291e-06,0,0.02106755665214396,model::modernbert_sentiment_profile,ModernBERT + Sentiment Profile,42
1047,1,1.1848546819237529e-06,0,0.02106755665214396,model::modernbert_sentiment_profile,ModernBERT + Sentiment Profile,42
1896,1,1.2978997574464302e-06,0,0.02106755665214396,model::modernbert_sentiment_profile,ModernBERT + Sentiment Profile,42
15528,0,1.3822580058331368e-06,0,0.02106755665214396,model::modernbert_sentiment_profile,ModernBERT + Sentiment Profile,42
20703,0,2.008659294006065e-06,0,0.02106755665214396,model::modernbert_sentiment_profile,ModernBERT + Sentiment Profile,42
4700,0,1.764622538757976e-06,0,0.02106755665214396,model::modernbert_sentiment_profile,ModernBERT + Sentiment Profile,42
7086,0,1.6459893004139303e-06,0,0.02106755665214396,model::modernbert_sentiment_profile,ModernBERT + Sentiment Profile,42
17127,1,1.1238666957069654e-06,0,0.02106755665214396,model::modernbert_sentiment_profile,ModernBERT + Sentiment Profile,42
11904,1,1.318304725828057e-06,0,0.02106755665214396,model::modernbert_sentiment_profile,ModernBERT + Sentiment Profile,42
17366,0,1.232987187904655e-06,0,0.02106755665214396,model::modernbert_sentiment_profile,ModernBERT + Sentiment Profile,42
6440,0,1.365044681733707e-06,0,0.02106755665214396,model::modernbert_sentiment_profile,ModernBERT + Sentiment Profile,42
11789,0,2.3606264676345745e-06,0,0.02106755665214396,model::modernbert_sentiment_profile,ModernBERT + Sentiment Profile,42
13514,0,1.405137140864099e-06,0,0.02106755665214396,model::modernbert_sentiment_profile,ModernBERT + Sentiment Profile,42
19817,0,2.6866255211643875e-06,0,0.02106755665214396,model::modernbert_sentiment_profile,ModernBERT + Sentiment Profile,42
9850,0,1.1979115015492423e-06,0,0.02106755665214396,model::modernbert_sentiment_profile,ModernBERT + Sentiment Profile,42
19653,1,1.235322315551457e-06,0,0.02106755665214396,model::modernbert_sentiment_profile,ModernBERT + Sentiment Profile,42
8248,1,1.3875674085284118e-06,0,0.02106755665214396,model::modernbert_sentiment_profile,ModernBERT + Sentiment Profile,42
6993,0,1.8244249986310024e-06,0,0.02106755665214396,model::modernbert_sentiment_profile,ModernBERT + Sentiment Profile,42
869,1,2.0063866941200104e-06,0,0.02106755665214396,model::modernbert_sentiment_profile,ModernBERT + Sentiment Profile,42
4531,0,1.6515839433850488e-06,0,0.02106755665214396,model::modernbert_sentiment_profile,ModernBERT + Sentiment Profile,42
4600,0,2.3698792119830614e-06,0,0.02106755665214396,model::modernbert_sentiment_profile,ModernBERT + Sentiment Profile,42
20600,1,1.424792458237789e-06,0,0.02106755665214396,model::modernbert_sentiment_profile,ModernBERT + Sentiment Profile,42
11615,1,1.7032115238180268e-06,0,0.02106755665214396,model::modernbert_sentiment_profile,ModernBERT + Sentiment Profile,42
11622,1,1.6770262618592824e-06,0,0.02106755665214396,model::modernbert_sentiment_profile,ModernBERT + Sentiment Profile,42
13650,0,1.5377963791252114e-06,0,0.02106755665214396,model::modernbert_sentiment_profile,ModernBERT + Sentiment Profile,42
16735,1,1.7294820509050624e-06,0,0.02106755665214396,model::modernbert_sentiment_profile,ModernBERT + Sentiment Profile,42
8640,1,1.2415310948199476e-06,0,0.02106755665214396,model::modernbert_sentiment_profile,ModernBERT + Sentiment Profile,42
6830,0,1.2694550832748064e-06,0,0.02106755665214396,model::modernbert_sentiment_profile,ModernBERT + Sentiment Profile,42
5077,0,1.5314154779844102e-06,0,0.02106755665214396,model::modernbert_sentiment_profile,ModernBERT + Sentiment Profile,42
14749,1,1.3835940535500413e-06,0,0.02106755665214396,model::modernbert_sentiment_profile,ModernBERT + Sentiment Profile,42
771,1,1.629166604288912e-06,0,0.02106755665214396,model::modernbert_sentiment_profile,ModernBERT + Sentiment Profile,42
9405,0,1.164263494501938e-06,0,0.02106755665214396,model::modernbert_sentiment_profile,ModernBERT + Sentiment Profile,42
10887,1,1.3652087318405393e-06,0,0.02106755665214396,model::modernbert_sentiment_profile,ModernBERT + Sentiment Profile,42
1780,1,1.3362406434680452e-06,0,0.02106755665214396,model::modernbert_sentiment_profile,ModernBERT + Sentiment Profile,42
6717,0,1.594926288817078e-06,0,0.02106755665214396,model::modernbert_sentiment_profile,ModernBERT + Sentiment Profile,42
19911,0,1.505352656749892e-06,0,0.02106755665214396,model::modernbert_sentiment_profile,ModernBERT + Sentiment Profile,42
14298,1,1.2346791891104658e-06,0,0.02106755665214396,model::modernbert_sentiment_profile,ModernBERT + Sentiment Profile,42
15411,0,1.5306518434954342e-06,0,0.02106755665214396,model::modernbert_sentiment_profile,ModernBERT + Sentiment Profile,42
15019,1,1.242159896719386e-06,0,0.02106755665214396,model::modernbert_sentiment_profile,ModernBERT + Sentiment Profile,42
9610,0,1.492967271587986e-06,0,0.02106755665214396,model::modernbert_sentiment_profile,ModernBERT + Sentiment Profile,42
1303,1,1.2492380392359337e-06,0,0.02106755665214396,model::modernbert_sentiment_profile,ModernBERT + Sentiment Profile,42
19490,1,1.5770020809213747e-06,0,0.02106755665214396,model::modernbert_sentiment_profile,ModernBERT + Sentiment Profile,42
6822,1,1.7526242572785122e-06,0,0.02106755665214396,model::modernbert_sentiment_profile,ModernBERT + Sentiment Profile,42
4488,0,1.031705664900073e-06,0,0.02106755665214396,model::modernbert_sentiment_profile,ModernBERT + Sentiment Profile,42
7461,1,1.2773889466188848e-06,0,0.02106755665214396,model::modernbert_sentiment_profile,ModernBERT + Sentiment Profile,42
13029,0,1.222706146108976e-06,0,0.02106755665214396,model::modernbert_sentiment_profile,ModernBERT + Sentiment Profile,42
14146,0,1.7312477211817168e-06,0,0.02106755665214396,model::modernbert_sentiment_profile,ModernBERT + Sentiment Profile,42
18257,0,1.3887880641050288e-06,0,0.02106755665214396,model::modernbert_sentiment_profile,ModernBERT + Sentiment Profile,42
9122,0,1.6115811831696192e-06,0,0.02106755665214396,model::modernbert_sentiment_profile,ModernBERT + Sentiment Profile,42
15865,0,1.6158039670699509e-06,0,0.02106755665214396,model::modernbert_sentiment_profile,ModernBERT + Sentiment Profile,42
6557,0,1.2084807394785455e-06,0,0.02106755665214396,model::modernbert_sentiment_profile,ModernBERT + Sentiment Profile,42
11588,1,2.2970207282924093e-06,0,0.02106755665214396,model::modernbert_sentiment_profile,ModernBERT + Sentiment Profile,42
6186,0,1.7239360659004888e-06,0,0.02106755665214396,model::modernbert_sentiment_profile,ModernBERT + Sentiment Profile,42
1900,0,1.7811206589612991e-06,0,0.02106755665214396,model::modernbert_sentiment_profile,ModernBERT + Sentiment Profile,42
73,1,1.4973433053455665e-06,0,0.02106755665214396,model::modernbert_sentiment_profile,ModernBERT + Sentiment Profile,42
1997,1,1.7808285974751923e-06,0,0.02106755665214396,model::modernbert_sentiment_profile,ModernBERT + Sentiment Profile,42
17534,0,1.690558178779611e-06,0,0.02106755665214396,model::modernbert_sentiment_profile,ModernBERT + Sentiment Profile,42
9958,1,1.4683851077279542e-06,0,0.02106755665214396,model::modernbert_sentiment_profile,ModernBERT + Sentiment Profile,42
17511,0,1.6818311223687488e-06,0,0.02106755665214396,model::modernbert_sentiment_profile,ModernBERT + Sentiment Profile,42
16955,0,1.235105514751922e-06,0,0.02106755665214396,model::modernbert_sentiment_profile,ModernBERT + Sentiment Profile,42
15570,1,1.3497179907062673e-06,0,0.02106755665214396,model::modernbert_sentiment_profile,ModernBERT + Sentiment Profile,42
14801,0,1.306753915741865e-06,0,0.02106755665214396,model::modernbert_sentiment_profile,ModernBERT + Sentiment Profile,42
21136,1,1.1992145800832077e-06,0,0.02106755665214396,model::modernbert_sentiment_profile,ModernBERT + Sentiment Profile,42
13584,0,1.1538973012648055e-06,0,0.02106755665214396,model::modernbert_sentiment_profile,ModernBERT + Sentiment Profile,42
140,0,1.485831262471038e-06,0,0.02106755665214396,model::modernbert_sentiment_profile,ModernBERT + Sentiment Profile,42
12883,0,1.4978946865085163e-06,0,0.02106755665214396,model::modernbert_sentiment_profile,ModernBERT + Sentiment Profile,42
2537,1,1.5819848613318754e-06,0,0.02106755665214396,model::modernbert_sentiment_profile,ModernBERT + Sentiment Profile,42
14346,1,2.055283630397753e-06,0,0.02106755665214396,model::modernbert_sentiment_profile,ModernBERT + Sentiment Profile,42
12273,0,2.064451791738975e-06,0,0.02106755665214396,model::modernbert_sentiment_profile,ModernBERT + Sentiment Profile,42
17739,0,1.5908535715425387e-06,0,0.02106755665214396,model::modernbert_sentiment_profile,ModernBERT + Sentiment Profile,42
2964,0,1.4497161373583367e-06,0,0.02106755665214396,model::modernbert_sentiment_profile,ModernBERT + Sentiment Profile,42
1868,0,0.0049010594375431,0,0.02106755665214396,model::modernbert_sentiment_profile,ModernBERT + Sentiment Profile,42
4967,0,2.543644086472341e-06,0,0.02106755665214396,model::modernbert_sentiment_profile,ModernBERT + Sentiment Profile,42
983,0,1.1744584753614618e-06,0,0.02106755665214396,model::modernbert_sentiment_profile,ModernBERT + Sentiment Profile,42
8412,0,1.6659032553434372e-06,0,0.02106755665214396,model::modernbert_sentiment_profile,ModernBERT + Sentiment Profile,42
11817,0,2.2051842734072125e-06,0,0.02106755665214396,model::modernbert_sentiment_profile,ModernBERT + Sentiment Profile,42
9858,0,1.0590302963464635e-06,0,0.02106755665214396,model::modernbert_sentiment_profile,ModernBERT + Sentiment Profile,42
5689,0,1.7943285683941212e-06,0,0.02106755665214396,model::modernbert_sentiment_profile,ModernBERT + Sentiment Profile,42
15542,1,1.7429467789042974e-06,0,0.02106755665214396,model::modernbert_sentiment_profile,ModernBERT + Sentiment Profile,42
6656,0,1.297496282859356e-06,0,0.02106755665214396,model::modernbert_sentiment_profile,ModernBERT + Sentiment Profile,42
13243,0,1.3462329206959112e-06,0,0.02106755665214396,model::modernbert_sentiment_profile,ModernBERT + Sentiment Profile,42
4093,0,1.286511746911856e-06,0,0.02106755665214396,model::modernbert_sentiment_profile,ModernBERT + Sentiment Profile,42
2931,1,1.3484532246366143e-06,0,0.02106755665214396,model::modernbert_sentiment_profile,ModernBERT + Sentiment Profile,42
16447,0,1.5103094028745543e-06,0,0.02106755665214396,model::modernbert_sentiment_profile,ModernBERT + Sentiment Profile,42
12140,0,1.613218842066999e-06,0,0.02106755665214396,model::modernbert_sentiment_profile,ModernBERT + Sentiment Profile,42
2519,1,1.5628044138793484e-06,0,0.02106755665214396,model::modernbert_sentiment_profile,ModernBERT + Sentiment Profile,42
5451,1,1.5615053143847035e-06,0,0.02106755665214396,model::modernbert_sentiment_profile,ModernBERT + Sentiment Profile,42
19200,0,1.3474492561726947e-06,0,0.02106755665214396,model::modernbert_sentiment_profile,ModernBERT + Sentiment Profile,42
10442,1,1.3784023167318082e-06,0,0.02106755665214396,model::modernbert_sentiment_profile,ModernBERT + Sentiment Profile,42
12549,0,1.2105119822081178e-06,0,0.02106755665214396,model::modernbert_sentiment_profile,ModernBERT + Sentiment Profile,42
9431,0,1.2175664778624196e-06,0,0.02106755665214396,model::modernbert_sentiment_profile,ModernBERT + Sentiment Profile,42
990,0,0.7059127688407898,1,0.02106755665214396,model::modernbert_sentiment_profile,ModernBERT + Sentiment Profile,42
15110,1,1.8826093537427369e-06,0,0.02106755665214396,model::modernbert_sentiment_profile,ModernBERT + Sentiment Profile,42
3788,1,1.427661004527181e-06,0,0.02106755665214396,model::modernbert_sentiment_profile,ModernBERT + Sentiment Profile,42
9914,1,1.560290570523648e-06,0,0.02106755665214396,model::modernbert_sentiment_profile,ModernBERT + Sentiment Profile,42
12594,1,1.184165626000322e-06,0,0.02106755665214396,model::modernbert_sentiment_profile,ModernBERT + Sentiment Profile,42
11580,1,1.3133843594914651e-06,0,0.02106755665214396,model::modernbert_sentiment_profile,ModernBERT + Sentiment Profile,42
20231,1,1.7761236676960834e-06,0,0.02106755665214396,model::modernbert_sentiment_profile,ModernBERT + Sentiment Profile,42
21023,1,1.5888036841715802e-06,0,0.02106755665214396,model::modernbert_sentiment_profile,ModernBERT + Sentiment Profile,42
2728,1,1.1729977131835767e-06,0,0.02106755665214396,model::modernbert_sentiment_profile,ModernBERT + Sentiment Profile,42
11422,0,1.8804183810061657e-06,0,0.02106755665214396,model::modernbert_sentiment_profile,ModernBERT + Sentiment Profile,42
58,1,1.02650994904252e-06,0,0.02106755665214396,model::modernbert_sentiment_profile,ModernBERT + Sentiment Profile,42
17977,0,1.0872652183024911e-06,0,0.02106755665214396,model::modernbert_sentiment_profile,ModernBERT + Sentiment Profile,42
14416,0,1.2524013754955376e-06,0,0.02106755665214396,model::modernbert_sentiment_profile,ModernBERT + Sentiment Profile,42
10629,0,3.586213097150903e-06,0,0.02106755665214396,model::modernbert_sentiment_profile,ModernBERT + Sentiment Profile,42
4138,0,1.3212877547630342e-06,0,0.02106755665214396,model::modernbert_sentiment_profile,ModernBERT + Sentiment Profile,42
2877,1,1.7571763919477237e-06,0,0.02106755665214396,model::modernbert_sentiment_profile,ModernBERT + Sentiment Profile,42
17097,1,1.450277522963006e-06,0,0.02106755665214396,model::modernbert_sentiment_profile,ModernBERT + Sentiment Profile,42
4870,0,1.8760568991638136e-06,0,0.02106755665214396,model::modernbert_sentiment_profile,ModernBERT + Sentiment Profile,42
15207,0,1.3902006230637198e-06,0,0.02106755665214396,model::modernbert_sentiment_profile,ModernBERT + Sentiment Profile,42
4160,1,1.3226001556176923e-06,0,0.02106755665214396,model::modernbert_sentiment_profile,ModernBERT + Sentiment Profile,42
16079,1,1.8634074194778805e-06,0,0.02106755665214396,model::modernbert_sentiment_profile,ModernBERT + Sentiment Profile,42
16506,0,1.361061777060968e-06,0,0.02106755665214396,model::modernbert_sentiment_profile,ModernBERT + Sentiment Profile,42
7357,0,1.858931000242592e-06,0,0.02106755665214396,model::modernbert_sentiment_profile,ModernBERT + Sentiment Profile,42
2804,1,1.6836702343425711e-06,0,0.02106755665214396,model::modernbert_sentiment_profile,ModernBERT + Sentiment Profile,42
4393,0,1.747230498949648e-06,0,0.02106755665214396,model::modernbert_sentiment_profile,ModernBERT + Sentiment Profile,42
16123,0,1.3180168707549456e-06,0,0.02106755665214396,model::modernbert_sentiment_profile,ModernBERT + Sentiment Profile,42
14689,0,1.2817661172448425e-06,0,0.02106755665214396,model::modernbert_sentiment_profile,ModernBERT + Sentiment Profile,42
2098,1,1.500720031799574e-06,0,0.02106755665214396,model::modernbert_sentiment_profile,ModernBERT + Sentiment Profile,42
4123,0,1.2256072068339563e-06,0,0.02106755665214396,model::modernbert_sentiment_profile,ModernBERT + Sentiment Profile,42
2710,1,1.279700768463954e-06,0,0.02106755665214396,model::modernbert_sentiment_profile,ModernBERT + Sentiment Profile,42
13111,0,2.036246087300242e-06,0,0.02106755665214396,model::modernbert_sentiment_profile,ModernBERT + Sentiment Profile,42
12692,0,1.600194764250773e-06,0,0.02106755665214396,model::modernbert_sentiment_profile,ModernBERT + Sentiment Profile,42
13520,1,1.3008228734179283e-06,0,0.02106755665214396,model::modernbert_sentiment_profile,ModernBERT + Sentiment Profile,42
5758,1,1.730372900965449e-06,0,0.02106755665214396,model::modernbert_sentiment_profile,ModernBERT + Sentiment Profile,42
1923,0,1.4029866406417568e-06,0,0.02106755665214396,model::modernbert_sentiment_profile,ModernBERT + Sentiment Profile,42
16691,1,1.5933497934383922e-06,0,0.02106755665214396,model::modernbert_sentiment_profile,ModernBERT + Sentiment Profile,42
2843,1,1.3722311678066037e-06,0,0.02106755665214396,model::modernbert_sentiment_profile,ModernBERT + Sentiment Profile,42
6914,0,1.4388541558219003e-06,0,0.02106755665214396,model::modernbert_sentiment_profile,ModernBERT + Sentiment Profile,42
262,1,1.6579753037149203e-06,0,0.02106755665214396,model::modernbert_sentiment_profile,ModernBERT + Sentiment Profile,42
19118,1,1.239989273926767e-06,0,0.02106755665214396,model::modernbert_sentiment_profile,ModernBERT + Sentiment Profile,42
13201,0,1.4042838074601605e-06,0,0.02106755665214396,model::modernbert_sentiment_profile,ModernBERT + Sentiment Profile,42
15079,1,1.3791030823995245e-06,0,0.02106755665214396,model::modernbert_sentiment_profile,ModernBERT + Sentiment Profile,42
19957,1,1.118276145462005e-06,0,0.02106755665214396,model::modernbert_sentiment_profile,ModernBERT + Sentiment Profile,42
18151,0,1.790132500900654e-06,0,0.02106755665214396,model::modernbert_sentiment_profile,ModernBERT + Sentiment Profile,42
10389,1,1.540585344628198e-06,0,0.02106755665214396,model::modernbert_sentiment_profile,ModernBERT + Sentiment Profile,42
15721,0,1.4752332617717911e-06,0,0.02106755665214396,model::modernbert_sentiment_profile,ModernBERT + Sentiment Profile,42
8334,0,1.2814117553716642e-06,0,0.02106755665214396,model::modernbert_sentiment_profile,ModernBERT + Sentiment Profile,42
9060,1,1.315076360697276e-06,0,0.02106755665214396,model::modernbert_sentiment_profile,ModernBERT + Sentiment Profile,42
15608,0,1.1461551366664937e-05,0,0.02106755665214396,model::modernbert_sentiment_profile,ModernBERT + Sentiment Profile,42
6900,1,1.5269922641891751e-06,0,0.02106755665214396,model::modernbert_sentiment_profile,ModernBERT + Sentiment Profile,42
8360,0,2.7676896934281103e-06,0,0.02106755665214396,model::modernbert_sentiment_profile,ModernBERT + Sentiment Profile,42
20748,0,1.3015140893912758e-06,0,0.02106755665214396,model::modernbert_sentiment_profile,ModernBERT + Sentiment Profile,42
9035,0,1.3632844684252632e-06,0,0.02106755665214396,model::modernbert_sentiment_profile,ModernBERT + Sentiment Profile,42
21063,1,1.3984288216306595e-06,0,0.02106755665214396,model::modernbert_sentiment_profile,ModernBERT + Sentiment Profile,42
9584,0,1.3611357871923246e-06,0,0.02106755665214396,model::modernbert_sentiment_profile,ModernBERT + Sentiment Profile,42
6997,0,1.8614537111716345e-06,0,0.02106755665214396,model::modernbert_sentiment_profile,ModernBERT + Sentiment Profile,42
6627,1,9.602799764252268e-07,0,0.02106755665214396,model::modernbert_sentiment_profile,ModernBERT + Sentiment Profile,42
11010,0,2.5459155494900187e-06,0,0.02106755665214396,model::modernbert_sentiment_profile,ModernBERT + Sentiment Profile,42
1758,1,1.6011839534257888e-06,0,0.02106755665214396,model::modernbert_sentiment_profile,ModernBERT + Sentiment Profile,42
13549,1,1.504227611803799e-06,0,0.02106755665214396,model::modernbert_sentiment_profile,ModernBERT + Sentiment Profile,42
10221,0,1.6525923456356395e-06,0,0.02106755665214396,model::modernbert_sentiment_profile,ModernBERT + Sentiment Profile,42
10909,0,1.5321035107263017e-06,0,0.02106755665214396,model::modernbert_sentiment_profile,ModernBERT + Sentiment Profile,42
18920,1,1.1047874295400106e-06,0,0.02106755665214396,model::modernbert_sentiment_profile,ModernBERT + Sentiment Profile,42
2552,1,1.3251391237645294e-06,0,0.02106755665214396,model::modernbert_sentiment_profile,ModernBERT + Sentiment Profile,42
8331,0,1.4749491583643248e-06,0,0.02106755665214396,model::modernbert_sentiment_profile,ModernBERT + Sentiment Profile,42
10710,0,1.3488725016941316e-06,0,0.02106755665214396,model::modernbert_sentiment_profile,ModernBERT + Sentiment Profile,42
7649,0,1.228252813234576e-06,0,0.02106755665214396,model::modernbert_sentiment_profile,ModernBERT + Sentiment Profile,42
5626,1,1.2772354693879606e-06,0,0.02106755665214396,model::modernbert_sentiment_profile,ModernBERT + Sentiment Profile,42
1752,1,9.244923262485828e-07,0,0.02106755665214396,model::modernbert_sentiment_profile,ModernBERT + Sentiment Profile,42
8963,0,1.0118203590536725e-06,0,0.02106755665214396,model::modernbert_sentiment_profile,ModernBERT + Sentiment Profile,42
3156,0,1.7872598618851043e-06,0,0.02106755665214396,model::modernbert_sentiment_profile,ModernBERT + Sentiment Profile,42
10116,1,1.452517153666122e-06,0,0.02106755665214396,model::modernbert_sentiment_profile,ModernBERT + Sentiment Profile,42
15902,1,1.3708631740882993e-06,0,0.02106755665214396,model::modernbert_sentiment_profile,ModernBERT + Sentiment Profile,42
5167,0,1.6497390333825024e-06,0,0.02106755665214396,model::modernbert_sentiment_profile,ModernBERT + Sentiment Profile,42
14813,0,1.707889396129758e-06,0,0.02106755665214396,model::modernbert_sentiment_profile,ModernBERT + Sentiment Profile,42
19699,1,1.1595243449846748e-06,0,0.02106755665214396,model::modernbert_sentiment_profile,ModernBERT + Sentiment Profile,42
2287,1,1.3587546163762454e-06,0,0.02106755665214396,model::modernbert_sentiment_profile,ModernBERT + Sentiment Profile,42
3792,1,1.6473115920234704e-06,0,0.02106755665214396,model::modernbert_sentiment_profile,ModernBERT + Sentiment Profile,42
11717,1,1.068381266122742e-06,0,0.02106755665214396,model::modernbert_sentiment_profile,ModernBERT + Sentiment Profile,42
12060,1,1.713066922093276e-06,0,0.02106755665214396,model::modernbert_sentiment_profile,ModernBERT + Sentiment Profile,42
4459,0,1.4007353001943557e-06,0,0.02106755665214396,model::modernbert_sentiment_profile,ModernBERT + Sentiment Profile,42
18589,1,1.776506451278692e-06,0,0.02106755665214396,model::modernbert_sentiment_profile,ModernBERT + Sentiment Profile,42
12309,1,1.2464068959161525e-06,0,0.02106755665214396,model::modernbert_sentiment_profile,ModernBERT + Sentiment Profile,42
3518,1,1.074381998478202e-06,0,0.02106755665214396,model::modernbert_sentiment_profile,ModernBERT + Sentiment Profile,42
2605,0,1.3366446864893078e-06,0,0.02106755665214396,model::modernbert_sentiment_profile,ModernBERT + Sentiment Profile,42
2708,1,1.4441923212871188e-06,0,0.02106755665214396,model::modernbert_sentiment_profile,ModernBERT + Sentiment Profile,42
18702,0,1.5303788813980646e-06,0,0.02106755665214396,model::modernbert_sentiment_profile,ModernBERT + Sentiment Profile,42
13381,1,1.3313105000634096e-06,0,0.02106755665214396,model::modernbert_sentiment_profile,ModernBERT + Sentiment Profile,42
15131,1,1.6692364397385973e-06,0,0.02106755665214396,model::modernbert_sentiment_profile,ModernBERT + Sentiment Profile,42
11910,0,1.4179605614117463e-06,0,0.02106755665214396,model::modernbert_sentiment_profile,ModernBERT + Sentiment Profile,42
8854,0,1.1461695521575166e-06,0,0.02106755665214396,model::modernbert_sentiment_profile,ModernBERT + Sentiment Profile,42
18940,1,1.4479475112239015e-06,0,0.02106755665214396,model::modernbert_sentiment_profile,ModernBERT + Sentiment Profile,42
4387,1,1.3759738521912368e-06,0,0.02106755665214396,model::modernbert_sentiment_profile,ModernBERT + Sentiment Profile,42
20660,1,2.2074671051086625e-06,0,0.02106755665214396,model::modernbert_sentiment_profile,ModernBERT + Sentiment Profile,42
20305,1,1.454552034374501e-06,0,0.02106755665214396,model::modernbert_sentiment_profile,ModernBERT + Sentiment Profile,42
14420,1,1.5624855222995393e-06,0,0.02106755665214396,model::modernbert_sentiment_profile,ModernBERT + Sentiment Profile,42
1708,0,1.5045274039948708e-06,0,0.02106755665214396,model::modernbert_sentiment_profile,ModernBERT + Sentiment Profile,42
6131,0,1.581883793733141e-06,0,0.02106755665214396,model::modernbert_sentiment_profile,ModernBERT + Sentiment Profile,42
2669,0,1.6729688923078356e-06,0,0.02106755665214396,model::modernbert_sentiment_profile,ModernBERT + Sentiment Profile,42
4759,0,2.073425321214017e-06,0,0.02106755665214396,model::modernbert_sentiment_profile,ModernBERT + Sentiment Profile,42
5305,1,1.286759584218089e-06,0,0.02106755665214396,model::modernbert_sentiment_profile,ModernBERT + Sentiment Profile,42
1262,0,1.4091791626924532e-06,0,0.02106755665214396,model::modernbert_sentiment_profile,ModernBERT + Sentiment Profile,42
18111,0,1.9080880520050414e-06,0,0.02106755665214396,model::modernbert_sentiment_profile,ModernBERT + Sentiment Profile,42
19422,0,1.2202574453112902e-06,0,0.02106755665214396,model::modernbert_sentiment_profile,ModernBERT + Sentiment Profile,42
15033,0,1.9611918560258346e-06,0,0.02106755665214396,model::modernbert_sentiment_profile,ModernBERT + Sentiment Profile,42
11051,0,1.8634465277500567e-06,0,0.02106755665214396,model::modernbert_sentiment_profile,ModernBERT + Sentiment Profile,42
16591,0,3.840090812445851e-06,0,0.02106755665214396,model::modernbert_sentiment_profile,ModernBERT + Sentiment Profile,42
2053,1,1.5175398857536493e-06,0,0.02106755665214396,model::modernbert_sentiment_profile,ModernBERT + Sentiment Profile,42
7319,0,1.6896991610337864e-06,0,0.02106755665214396,model::modernbert_sentiment_profile,ModernBERT + Sentiment Profile,42
7997,0,1.3501402236215654e-06,0,0.02106755665214396,model::modernbert_sentiment_profile,ModernBERT + Sentiment Profile,42
2440,1,1.5046651924421894e-06,0,0.02106755665214396,model::modernbert_sentiment_profile,ModernBERT + Sentiment Profile,42
7873,1,1.6896120769160916e-06,0,0.02106755665214396,model::modernbert_sentiment_profile,ModernBERT + Sentiment Profile,42
1101,1,1.243633278136258e-06,0,0.02106755665214396,model::modernbert_sentiment_profile,ModernBERT + Sentiment Profile,42
3293,1,1.3673886769538512e-06,0,0.02106755665214396,model::modernbert_sentiment_profile,ModernBERT + Sentiment Profile,42
8649,0,2.0288414361857576e-06,0,0.02106755665214396,model::modernbert_sentiment_profile,ModernBERT + Sentiment Profile,42
9112,0,9.298551617575868e-07,0,0.02106755665214396,model::modernbert_sentiment_profile,ModernBERT + Sentiment Profile,42
18634,1,1.313162670157908e-06,0,0.02106755665214396,model::modernbert_sentiment_profile,ModernBERT + Sentiment Profile,42
6069,0,1.3538858638639797e-06,0,0.02106755665214396,model::modernbert_sentiment_profile,ModernBERT + Sentiment Profile,42
11843,0,1.5977944940459563e-06,0,0.02106755665214396,model::modernbert_sentiment_profile,ModernBERT + Sentiment Profile,42
1064,1,1.3449432572087971e-06,0,0.02106755665214396,model::modernbert_sentiment_profile,ModernBERT + Sentiment Profile,42
19432,1,1.2251128964635427e-06,0,0.02106755665214396,model::modernbert_sentiment_profile,ModernBERT + Sentiment Profile,42
20396,1,1.44625005304988e-06,0,0.02106755665214396,model::modernbert_sentiment_profile,ModernBERT + Sentiment Profile,42
175,1,1.373713416796818e-06,0,0.02106755665214396,model::modernbert_sentiment_profile,ModernBERT + Sentiment Profile,42
973,1,1.4270906376623316e-06,0,0.02106755665214396,model::modernbert_sentiment_profile,ModernBERT + Sentiment Profile,42
13368,1,1.6067151591414586e-06,0,0.02106755665214396,model::modernbert_sentiment_profile,ModernBERT + Sentiment Profile,42
43,0,1.3043794524492114e-06,0,0.02106755665214396,model::modernbert_sentiment_profile,ModernBERT + Sentiment Profile,42
13811,0,1.5011094092187705e-06,0,0.02106755665214396,model::modernbert_sentiment_profile,ModernBERT + Sentiment Profile,42
14588,1,1.4833366321909125e-06,0,0.02106755665214396,model::modernbert_sentiment_profile,ModernBERT + Sentiment Profile,42
10266,1,1.4422942058445187e-06,0,0.02106755665214396,model::modernbert_sentiment_profile,ModernBERT + Sentiment Profile,42
18433,1,1.4741546010554885e-06,0,0.02106755665214396,model::modernbert_sentiment_profile,ModernBERT + Sentiment Profile,42
4570,1,2.168726268791943e-06,0,0.02106755665214396,model::modernbert_sentiment_profile,ModernBERT + Sentiment Profile,42
6306,0,1.4827015775153995e-06,0,0.02106755665214396,model::modernbert_sentiment_profile,ModernBERT + Sentiment Profile,42
14540,0,1.3739046380578657e-06,0,0.02106755665214396,model::modernbert_sentiment_profile,ModernBERT + Sentiment Profile,42
17165,0,1.5759045481900102e-06,0,0.02106755665214396,model::modernbert_sentiment_profile,ModernBERT + Sentiment Profile,42
641,1,1.3966295000500395e-06,0,0.02106755665214396,model::modernbert_sentiment_profile,ModernBERT + Sentiment Profile,42
5502,0,1.1984715229118592e-06,0,0.02106755665214396,model::modernbert_sentiment_profile,ModernBERT + Sentiment Profile,42
20592,0,2.3923785192891955e-06,0,0.02106755665214396,model::modernbert_sentiment_profile,ModernBERT + Sentiment Profile,42
18238,1,1.5274451925506582e-06,0,0.02106755665214396,model::modernbert_sentiment_profile,ModernBERT + Sentiment Profile,42
8128,1,9.493865604781604e-07,0,0.02106755665214396,model::modernbert_sentiment_profile,ModernBERT + Sentiment Profile,42
19729,0,1.53902294641739e-06,0,0.02106755665214396,model::modernbert_sentiment_profile,ModernBERT + Sentiment Profile,42
15926,1,1.0524717026783037e-06,0,0.02106755665214396,model::modernbert_sentiment_profile,ModernBERT + Sentiment Profile,42
19177,1,1.4184339534040191e-06,0,0.02106755665214396,model::modernbert_sentiment_profile,ModernBERT + Sentiment Profile,42
17990,1,1.4322416745926605e-06,0,0.02106755665214396,model::modernbert_sentiment_profile,ModernBERT + Sentiment Profile,42
4899,1,1.316979023613385e-06,0,0.02106755665214396,model::modernbert_sentiment_profile,ModernBERT + Sentiment Profile,42
19461,1,1.3161917422621627e-06,0,0.02106755665214396,model::modernbert_sentiment_profile,ModernBERT + Sentiment Profile,42
616,1,1.3437305597108209e-06,0,0.02106755665214396,model::modernbert_sentiment_profile,ModernBERT + Sentiment Profile,42
5886,0,1.0649429214026895e-06,0,0.02106755665214396,model::modernbert_sentiment_profile,ModernBERT + Sentiment Profile,42
11169,1,1.350931029264757e-06,0,0.02106755665214396,model::modernbert_sentiment_profile,ModernBERT + Sentiment Profile,42
16365,1,1.2349901226116344e-06,0,0.02106755665214396,model::modernbert_sentiment_profile,ModernBERT + Sentiment Profile,42
5788,1,1.442911980120698e-06,0,0.02106755665214396,model::modernbert_sentiment_profile,ModernBERT + Sentiment Profile,42
10187,1,1.0883212553380872e-06,0,0.02106755665214396,model::modernbert_sentiment_profile,ModernBERT + Sentiment Profile,42
9084,1,2.595099203972495e-06,0,0.02106755665214396,model::modernbert_sentiment_profile,ModernBERT + Sentiment Profile,42
243,0,1.5540846334261005e-06,0,0.02106755665214396,model::modernbert_sentiment_profile,ModernBERT + Sentiment Profile,42
12047,1,9.075886282516876e-07,0,0.02106755665214396,model::modernbert_sentiment_profile,ModernBERT + Sentiment Profile,42
13921,0,1.366706783301197e-06,0,0.02106755665214396,model::modernbert_sentiment_profile,ModernBERT + Sentiment Profile,42
10155,0,1.24110135857336e-06,0,0.02106755665214396,model::modernbert_sentiment_profile,ModernBERT + Sentiment Profile,42
9309,1,9.597297321306542e-07,0,0.02106755665214396,model::modernbert_sentiment_profile,ModernBERT + Sentiment Profile,42
15515,1,1.4039235338714209e-06,0,0.02106755665214396,model::modernbert_sentiment_profile,ModernBERT + Sentiment Profile,42
10662,0,1.644476810724882e-06,0,0.02106755665214396,model::modernbert_sentiment_profile,ModernBERT + Sentiment Profile,42
12693,0,2.4872883841453586e-06,0,0.02106755665214396,model::modernbert_sentiment_profile,ModernBERT + Sentiment Profile,42
16574,0,1.384902247991704e-06,0,0.02106755665214396,model::modernbert_sentiment_profile,ModernBERT + Sentiment Profile,42
20044,0,1.364025706607208e-06,0,0.02106755665214396,model::modernbert_sentiment_profile,ModernBERT + Sentiment Profile,42
15500,1,1.2658138075494207e-06,0,0.02106755665214396,model::modernbert_sentiment_profile,ModernBERT + Sentiment Profile,42
1029,0,1.1111038702438236e-06,0,0.02106755665214396,model::modernbert_sentiment_profile,ModernBERT + Sentiment Profile,42
11614,1,1.2231947721375036e-06,0,0.02106755665214396,model::modernbert_sentiment_profile,ModernBERT + Sentiment Profile,42
9822,1,1.2605038364199572e-06,0,0.02106755665214396,model::modernbert_sentiment_profile,ModernBERT + Sentiment Profile,42
20524,0,1.451830257792608e-06,0,0.02106755665214396,model::modernbert_sentiment_profile,ModernBERT + Sentiment Profile,42
7741,1,1.4221873243513985e-06,0,0.02106755665214396,model::modernbert_sentiment_profile,ModernBERT + Sentiment Profile,42
14573,0,1.4311043514680932e-06,0,0.02106755665214396,model::modernbert_sentiment_profile,ModernBERT + Sentiment Profile,42
19611,0,1.5397745301015675e-06,0,0.02106755665214396,model::modernbert_sentiment_profile,ModernBERT + Sentiment Profile,42
3277,0,1.6361170764866984e-06,0,0.02106755665214396,model::modernbert_sentiment_profile,ModernBERT + Sentiment Profile,42
12554,1,2.0145698726992123e-06,0,0.02106755665214396,model::modernbert_sentiment_profile,ModernBERT + Sentiment Profile,42
12526,1,1.4198725466485485e-06,0,0.02106755665214396,model::modernbert_sentiment_profile,ModernBERT + Sentiment Profile,42
20390,1,1.6231773543040615e-06,0,0.02106755665214396,model::modernbert_sentiment_profile,ModernBERT + Sentiment Profile,42
5242,0,1.1177612577739635e-06,0,0.02106755665214396,model::modernbert_sentiment_profile,ModernBERT + Sentiment Profile,42
7776,0,1.3223857422417495e-06,0,0.02106755665214396,model::modernbert_sentiment_profile,ModernBERT + Sentiment Profile,42
13747,1,1.1575134521990549e-06,0,0.02106755665214396,model::modernbert_sentiment_profile,ModernBERT + Sentiment Profile,42
14769,1,2.602643689897377e-06,0,0.02106755665214396,model::modernbert_sentiment_profile,ModernBERT + Sentiment Profile,42
15408,0,1.3585770375357242e-06,0,0.02106755665214396,model::modernbert_sentiment_profile,ModernBERT + Sentiment Profile,42
8850,0,1.2802903484043782e-06,0,0.02106755665214396,model::modernbert_sentiment_profile,ModernBERT + Sentiment Profile,42
6341,0,8.940378393162973e-07,0,0.02106755665214396,model::modernbert_sentiment_profile,ModernBERT + Sentiment Profile,42
7677,1,1.5738348793092882e-06,0,0.02106755665214396,model::modernbert_sentiment_profile,ModernBERT + Sentiment Profile,42
12610,0,1.5793197007951676e-06,0,0.02106755665214396,model::modernbert_sentiment_profile,ModernBERT + Sentiment Profile,42
15436,1,1.5994929754015177e-06,0,0.02106755665214396,model::modernbert_sentiment_profile,ModernBERT + Sentiment Profile,42
248,1,1.3824438838128117e-06,0,0.02106755665214396,model::modernbert_sentiment_profile,ModernBERT + Sentiment Profile,42
8795,0,1.2670529940805864e-06,0,0.02106755665214396,model::modernbert_sentiment_profile,ModernBERT + Sentiment Profile,42
683,1,9.249085906049004e-07,0,0.02106755665214396,model::modernbert_sentiment_profile,ModernBERT + Sentiment Profile,42
10619,0,1.1780616659962106e-06,0,0.02106755665214396,model::modernbert_sentiment_profile,ModernBERT + Sentiment Profile,42
901,1,1.2978476888747537e-06,0,0.02106755665214396,model::modernbert_sentiment_profile,ModernBERT + Sentiment Profile,42
6945,0,1.197555206999823e-06,0,0.02106755665214396,model::modernbert_sentiment_profile,ModernBERT + Sentiment Profile,42
112,1,1.3466578820953146e-06,0,0.02106755665214396,model::modernbert_sentiment_profile,ModernBERT + Sentiment Profile,42
14601,0,2.7258072350377915e-06,0,0.02106755665214396,model::modernbert_sentiment_profile,ModernBERT + Sentiment Profile,42
9124,1,1.872587290563388e-06,0,0.02106755665214396,model::modernbert_sentiment_profile,ModernBERT + Sentiment Profile,42
12747,0,1.6595129181951052e-06,0,0.02106755665214396,model::modernbert_sentiment_profile,ModernBERT + Sentiment Profile,42
20252,1,1.5353095932368888e-06,0,0.02106755665214396,model::modernbert_sentiment_profile,ModernBERT + Sentiment Profile,42
18768,0,9.708464858704249e-07,0,0.02106755665214396,model::modernbert_sentiment_profile,ModernBERT + Sentiment Profile,42
16844,1,1.4632687452831306e-06,0,0.02106755665214396,model::modernbert_sentiment_profile,ModernBERT + Sentiment Profile,42
5992,0,1.2119731991333538e-06,0,0.02106755665214396,model::modernbert_sentiment_profile,ModernBERT + Sentiment Profile,42
16312,1,1.2534636653072084e-06,0,0.02106755665214396,model::modernbert_sentiment_profile,ModernBERT + Sentiment Profile,42
8930,1,1.2554783097584732e-06,0,0.02106755665214396,model::modernbert_sentiment_profile,ModernBERT + Sentiment Profile,42
10000,1,1.437834953321726e-06,0,0.02106755665214396,model::modernbert_sentiment_profile,ModernBERT + Sentiment Profile,42
8083,0,1.4244840258470504e-06,0,0.02106755665214396,model::modernbert_sentiment_profile,ModernBERT + Sentiment Profile,42
1356,0,1.5862814279898885e-06,0,0.02106755665214396,model::modernbert_sentiment_profile,ModernBERT + Sentiment Profile,42
14307,0,1.4307727269624593e-06,0,0.02106755665214396,model::modernbert_sentiment_profile,ModernBERT + Sentiment Profile,42
13423,0,1.3437792176773655e-06,0,0.02106755665214396,model::modernbert_sentiment_profile,ModernBERT + Sentiment Profile,42
19674,0,1.875944121820794e-06,0,0.02106755665214396,model::modernbert_sentiment_profile,ModernBERT + Sentiment Profile,42
16406,0,1.2784357750206254e-06,0,0.02106755665214396,model::modernbert_sentiment_profile,ModernBERT + Sentiment Profile,42
17846,1,1.5880599448792054e-06,0,0.02106755665214396,model::modernbert_sentiment_profile,ModernBERT + Sentiment Profile,42
12642,1,1.463859121031419e-06,0,0.02106755665214396,model::modernbert_sentiment_profile,ModernBERT + Sentiment Profile,42
13004,0,1.2618099844985409e-06,0,0.02106755665214396,model::modernbert_sentiment_profile,ModernBERT + Sentiment Profile,42
20367,1,1.2504394817369755e-06,0,0.02106755665214396,model::modernbert_sentiment_profile,ModernBERT + Sentiment Profile,42
16778,1,2.0429897631402127e-06,0,0.02106755665214396,model::modernbert_sentiment_profile,ModernBERT + Sentiment Profile,42
20433,0,1.7129722209574538e-06,0,0.02106755665214396,model::modernbert_sentiment_profile,ModernBERT + Sentiment Profile,42
20928,0,9.435844390282e-07,0,0.02106755665214396,model::modernbert_sentiment_profile,ModernBERT + Sentiment Profile,42
7440,1,1.4311357290353044e-06,0,0.02106755665214396,model::modernbert_sentiment_profile,ModernBERT + Sentiment Profile,42
10613,0,1.5625197420376935e-06,0,0.02106755665214396,model::modernbert_sentiment_profile,ModernBERT + Sentiment Profile,42
8465,0,1.5223596392388572e-06,0,0.02106755665214396,model::modernbert_sentiment_profile,ModernBERT + Sentiment Profile,42
18203,0,1.324928120993718e-06,0,0.02106755665214396,model::modernbert_sentiment_profile,ModernBERT + Sentiment Profile,42
6170,0,1.4013552345204516e-06,0,0.02106755665214396,model::modernbert_sentiment_profile,ModernBERT + Sentiment Profile,42
11685,1,1.2919817891088314e-06,0,0.02106755665214396,model::modernbert_sentiment_profile,ModernBERT + Sentiment Profile,42
10932,1,1.592130047356477e-06,0,0.02106755665214396,model::modernbert_sentiment_profile,ModernBERT + Sentiment Profile,42
12424,0,1.5155758319451706e-06,0,0.02106755665214396,model::modernbert_sentiment_profile,ModernBERT + Sentiment Profile,42
9968,1,1.3046582125753048e-06,0,0.02106755665214396,model::modernbert_sentiment_profile,ModernBERT + Sentiment Profile,42
10475,1,1.4905601801729065e-06,0,0.02106755665214396,model::modernbert_sentiment_profile,ModernBERT + Sentiment Profile,42
11525,1,1.1177388614669326e-06,0,0.02106755665214396,model::modernbert_sentiment_profile,ModernBERT + Sentiment Profile,42
7042,1,1.2866810266132234e-06,0,0.02106755665214396,model::modernbert_sentiment_profile,ModernBERT + Sentiment Profile,42
3558,0,1.329983092546172e-06,0,0.02106755665214396,model::modernbert_sentiment_profile,ModernBERT + Sentiment Profile,42
13588,0,1.165474373010511e-06,0,0.02106755665214396,model::modernbert_sentiment_profile,ModernBERT + Sentiment Profile,42
11379,1,1.251016783498926e-06,0,0.02106755665214396,model::modernbert_sentiment_profile,ModernBERT + Sentiment Profile,42
18014,0,1.2252835404069629e-06,0,0.02106755665214396,model::modernbert_sentiment_profile,ModernBERT + Sentiment Profile,42
1072,1,1.2906001529700006e-06,0,0.02106755665214396,model::modernbert_sentiment_profile,ModernBERT + Sentiment Profile,42
12006,1,1.329360429735971e-06,0,0.02106755665214396,model::modernbert_sentiment_profile,ModernBERT + Sentiment Profile,42
8759,0,2.315908886885154e-06,0,0.02106755665214396,model::modernbert_sentiment_profile,ModernBERT + Sentiment Profile,42
10957,0,1.3186593150749104e-06,0,0.02106755665214396,model::modernbert_sentiment_profile,ModernBERT + Sentiment Profile,42
6046,0,1.4309132438938832e-06,0,0.02106755665214396,model::modernbert_sentiment_profile,ModernBERT + Sentiment Profile,42
16763,0,1.1420233931858093e-06,0,0.02106755665214396,model::modernbert_sentiment_profile,ModernBERT + Sentiment Profile,42
18932,1,1.4227014162315754e-06,0,0.02106755665214396,model::modernbert_sentiment_profile,ModernBERT + Sentiment Profile,42
10362,0,1.3261632147987257e-06,0,0.02106755665214396,model::modernbert_sentiment_profile,ModernBERT + Sentiment Profile,42
11711,0,1.39328381010273e-06,0,0.02106755665214396,model::modernbert_sentiment_profile,ModernBERT + Sentiment Profile,42
7514,0,1.346591147921572e-06,0,0.02106755665214396,model::modernbert_sentiment_profile,ModernBERT + Sentiment Profile,42
8935,0,1.5824797401364776e-06,0,0.02106755665214396,model::modernbert_sentiment_profile,ModernBERT + Sentiment Profile,42
10058,1,1.4940925439077546e-06,0,0.02106755665214396,model::modernbert_sentiment_profile,ModernBERT + Sentiment Profile,42
16718,1,1.199239818561182e-06,0,0.02106755665214396,model::modernbert_sentiment_profile,ModernBERT + Sentiment Profile,42
16317,0,1.2407060694386018e-06,0,0.02106755665214396,model::modernbert_sentiment_profile,ModernBERT + Sentiment Profile,42
19108,1,1.1222847433600691e-06,0,0.02106755665214396,model::modernbert_sentiment_profile,ModernBERT + Sentiment Profile,42
1682,1,1.8093039670930007e-06,0,0.02106755665214396,model::modernbert_sentiment_profile,ModernBERT + Sentiment Profile,42
10385,0,1.3259697198009237e-06,0,0.02106755665214396,model::modernbert_sentiment_profile,ModernBERT + Sentiment Profile,42
18795,1,1.5680101341786212e-06,0,0.02106755665214396,model::modernbert_sentiment_profile,ModernBERT + Sentiment Profile,42
19579,0,2.2247995730140246e-06,0,0.02106755665214396,model::modernbert_sentiment_profile,ModernBERT + Sentiment Profile,42
428,1,1.6248794736384298e-06,0,0.02106755665214396,model::modernbert_sentiment_profile,ModernBERT + Sentiment Profile,42
14232,1,1.3125967370797298e-06,0,0.02106755665214396,model::modernbert_sentiment_profile,ModernBERT + Sentiment Profile,42
12476,1,1.2589299558385392e-06,0,0.02106755665214396,model::modernbert_sentiment_profile,ModernBERT + Sentiment Profile,42
15738,0,1.1404898714317824e-06,0,0.02106755665214396,model::modernbert_sentiment_profile,ModernBERT + Sentiment Profile,42
16924,0,1.5357796883108676e-06,0,0.02106755665214396,model::modernbert_sentiment_profile,ModernBERT + Sentiment Profile,42
1646,0,1.2367721637929208e-06,0,0.02106755665214396,model::modernbert_sentiment_profile,ModernBERT + Sentiment Profile,42
15008,1,1.1847371297335485e-06,0,0.02106755665214396,model::modernbert_sentiment_profile,ModernBERT + Sentiment Profile,42
6317,1,1.2684652119787645e-06,0,0.02106755665214396,model::modernbert_sentiment_profile,ModernBERT + Sentiment Profile,42
3032,0,1.2075325912519477e-06,0,0.02106755665214396,model::modernbert_sentiment_profile,ModernBERT + Sentiment Profile,42
492,0,1.505886871200346e-06,0,0.02106755665214396,model::modernbert_sentiment_profile,ModernBERT + Sentiment Profile,42
15815,0,1.3160373555365368e-06,0,0.02106755665214396,model::modernbert_sentiment_profile,ModernBERT + Sentiment Profile,42
1378,0,1.468780055802199e-06,0,0.02106755665214396,model::modernbert_sentiment_profile,ModernBERT + Sentiment Profile,42
3999,1,1.079087041944149e-06,0,0.02106755665214396,model::modernbert_sentiment_profile,ModernBERT + Sentiment Profile,42
16561,0,2.0974398466933053e-06,0,0.02106755665214396,model::modernbert_sentiment_profile,ModernBERT + Sentiment Profile,42
17155,0,1.4134134289633948e-06,0,0.02106755665214396,model::modernbert_sentiment_profile,ModernBERT + Sentiment Profile,42
12823,0,1.739200911288208e-06,0,0.02106755665214396,model::modernbert_sentiment_profile,ModernBERT + Sentiment Profile,42
10019,1,1.4777593833059657e-06,0,0.02106755665214396,model::modernbert_sentiment_profile,ModernBERT + Sentiment Profile,42
12458,1,1.338479023615946e-06,0,0.02106755665214396,model::modernbert_sentiment_profile,ModernBERT + Sentiment Profile,42
4243,0,1.0307536513209925e-06,0,0.02106755665214396,model::modernbert_sentiment_profile,ModernBERT + Sentiment Profile,42
16512,1,1.1398515198379755e-06,0,0.02106755665214396,model::modernbert_sentiment_profile,ModernBERT + Sentiment Profile,42
16146,0,1.5353344906543498e-06,0,0.02106755665214396,model::modernbert_sentiment_profile,ModernBERT + Sentiment Profile,42
17428,0,2.0737932118208846e-06,0,0.02106755665214396,model::modernbert_sentiment_profile,ModernBERT + Sentiment Profile,42
14070,1,1.3111053931424976e-06,0,0.02106755665214396,model::modernbert_sentiment_profile,ModernBERT + Sentiment Profile,42
1741,1,1.1578325711525397e-06,0,0.02106755665214396,model::modernbert_sentiment_profile,ModernBERT + Sentiment Profile,42
20962,0,1.6812763306006673e-06,0,0.02106755665214396,model::modernbert_sentiment_profile,ModernBERT + Sentiment Profile,42
15911,1,1.3068087127976469e-06,0,0.02106755665214396,model::modernbert_sentiment_profile,ModernBERT + Sentiment Profile,42
13593,0,1.4860637520541786e-06,0,0.02106755665214396,model::modernbert_sentiment_profile,ModernBERT + Sentiment Profile,42
8964,0,1.5347343378380174e-06,0,0.02106755665214396,model::modernbert_sentiment_profile,ModernBERT + Sentiment Profile,42
10530,0,1.5005025488790125e-06,0,0.02106755665214396,model::modernbert_sentiment_profile,ModernBERT + Sentiment Profile,42
3502,0,1.6933157667153864e-06,0,0.02106755665214396,model::modernbert_sentiment_profile,ModernBERT + Sentiment Profile,42
7557,0,9.98715108835313e-07,0,0.02106755665214396,model::modernbert_sentiment_profile,ModernBERT + Sentiment Profile,42
19547,1,1.8793964500218865e-06,0,0.02106755665214396,model::modernbert_sentiment_profile,ModernBERT + Sentiment Profile,42
14635,0,1.4965995660531917e-06,0,0.02106755665214396,model::modernbert_sentiment_profile,ModernBERT + Sentiment Profile,42
12168,0,1.4877952025926788e-06,0,0.02106755665214396,model::modernbert_sentiment_profile,ModernBERT + Sentiment Profile,42
3189,0,3.673775381685118e-06,0,0.02106755665214396,model::modernbert_sentiment_profile,ModernBERT + Sentiment Profile,42
2560,0,1.19727542369219e-06,0,0.02106755665214396,model::modernbert_sentiment_profile,ModernBERT + Sentiment Profile,42
18150,1,1.6244378002738813e-06,0,0.02106755665214396,model::modernbert_sentiment_profile,ModernBERT + Sentiment Profile,42
2062,0,1.0453962886458612e-06,0,0.02106755665214396,model::modernbert_sentiment_profile,ModernBERT + Sentiment Profile,42
17970,0,1.4895655340296798e-06,0,0.02106755665214396,model::modernbert_sentiment_profile,ModernBERT + Sentiment Profile,42
14679,0,1.2015819947919226e-06,0,0.02106755665214396,model::modernbert_sentiment_profile,ModernBERT + Sentiment Profile,42
8099,0,1.0598031394692953e-06,0,0.02106755665214396,model::modernbert_sentiment_profile,ModernBERT + Sentiment Profile,42
3192,0,1.2496860790633946e-06,0,0.02106755665214396,model::modernbert_sentiment_profile,ModernBERT + Sentiment Profile,42
19761,0,1.4879697118885815e-06,0,0.02106755665214396,model::modernbert_sentiment_profile,ModernBERT + Sentiment Profile,42
65,1,1.3371368368098049e-06,0,0.02106755665214396,model::modernbert_sentiment_profile,ModernBERT + Sentiment Profile,42
1424,0,1.6376407074858434e-06,0,0.02106755665214396,model::modernbert_sentiment_profile,ModernBERT + Sentiment Profile,42
18050,0,1.1047200132452415e-06,0,0.02106755665214396,model::modernbert_sentiment_profile,ModernBERT + Sentiment Profile,42
14331,0,2.334352984689758e-06,0,0.02106755665214396,model::modernbert_sentiment_profile,ModernBERT + Sentiment Profile,42
4106,1,1.4104698493611068e-06,0,0.02106755665214396,model::modernbert_sentiment_profile,ModernBERT + Sentiment Profile,42
5060,1,1.2680962981903576e-06,0,0.02106755665214396,model::modernbert_sentiment_profile,ModernBERT + Sentiment Profile,42
8701,0,1.5952655303408392e-06,0,0.02106755665214396,model::modernbert_sentiment_profile,ModernBERT + Sentiment Profile,42
17019,0,1.7974680304178037e-06,0,0.02106755665214396,model::modernbert_sentiment_profile,ModernBERT + Sentiment Profile,42
4095,1,1.5200341749732615e-06,0,0.02106755665214396,model::modernbert_sentiment_profile,ModernBERT + Sentiment Profile,42
14548,1,1.200157385028433e-06,0,0.02106755665214396,model::modernbert_sentiment_profile,ModernBERT + Sentiment Profile,42
15632,0,1.3379251413425663e-06,0,0.02106755665214396,model::modernbert_sentiment_profile,ModernBERT + Sentiment Profile,42
13320,0,1.1251407840973116e-06,0,0.02106755665214396,model::modernbert_sentiment_profile,ModernBERT + Sentiment Profile,42
13035,1,1.2653792964556487e-06,0,0.02106755665214396,model::modernbert_sentiment_profile,ModernBERT + Sentiment Profile,42
8147,0,1.301288193644723e-06,0,0.02106755665214396,model::modernbert_sentiment_profile,ModernBERT + Sentiment Profile,42
6933,1,1.3424394182948165e-06,0,0.02106755665214396,model::modernbert_sentiment_profile,ModernBERT + Sentiment Profile,42
1687,1,2.038912043644814e-06,0,0.02106755665214396,model::modernbert_sentiment_profile,ModernBERT + Sentiment Profile,42
14159,1,1.5069557548486046e-06,0,0.02106755665214396,model::modernbert_sentiment_profile,ModernBERT + Sentiment Profile,42
12864,0,1.1455149433459155e-06,0,0.02106755665214396,model::modernbert_sentiment_profile,ModernBERT + Sentiment Profile,42
7414,0,1.8005235915552475e-06,0,0.02106755665214396,model::modernbert_sentiment_profile,ModernBERT + Sentiment Profile,42
10319,0,1.4382546851265945e-06,0,0.02106755665214396,model::modernbert_sentiment_profile,ModernBERT + Sentiment Profile,42
5750,0,1.4859475641060271e-06,0,0.02106755665214396,model::modernbert_sentiment_profile,ModernBERT + Sentiment Profile,42
19293,0,1.3088466630506446e-06,0,0.02106755665214396,model::modernbert_sentiment_profile,ModernBERT + Sentiment Profile,42
2232,0,1.6683485455359914e-06,0,0.02106755665214396,model::modernbert_sentiment_profile,ModernBERT + Sentiment Profile,42
13229,1,1.3239063036962762e-06,0,0.02106755665214396,model::modernbert_sentiment_profile,ModernBERT + Sentiment Profile,42
10707,0,1.5563626902803662e-06,0,0.02106755665214396,model::modernbert_sentiment_profile,ModernBERT + Sentiment Profile,42
8561,1,1.348827481706394e-06,0,0.02106755665214396,model::modernbert_sentiment_profile,ModernBERT + Sentiment Profile,42
13985,1,1.0250885225104869e-06,0,0.02106755665214396,model::modernbert_sentiment_profile,ModernBERT + Sentiment Profile,42
2854,1,1.275616455131967e-06,0,0.02106755665214396,model::modernbert_sentiment_profile,ModernBERT + Sentiment Profile,42
2236,1,1.4178091305439011e-06,0,0.02106755665214396,model::modernbert_sentiment_profile,ModernBERT + Sentiment Profile,42
3868,0,1.0850609442059067e-06,0,0.02106755665214396,model::modernbert_sentiment_profile,ModernBERT + Sentiment Profile,42
10796,0,1.4306717730505625e-06,0,0.02106755665214396,model::modernbert_sentiment_profile,ModernBERT + Sentiment Profile,42
17402,1,1.3502252613761812e-06,0,0.02106755665214396,model::modernbert_sentiment_profile,ModernBERT + Sentiment Profile,42
7141,1,1.3369991620493238e-06,0,0.02106755665214396,model::modernbert_sentiment_profile,ModernBERT + Sentiment Profile,42
14597,1,1.276330749533372e-06,0,0.02106755665214396,model::modernbert_sentiment_profile,ModernBERT + Sentiment Profile,42
9934,0,1.2837822396249976e-06,0,0.02106755665214396,model::modernbert_sentiment_profile,ModernBERT + Sentiment Profile,42
18619,0,1.6107806004583836e-06,0,0.02106755665214396,model::modernbert_sentiment_profile,ModernBERT + Sentiment Profile,42
3695,1,9.827899702941068e-07,0,0.02106755665214396,model::modernbert_sentiment_profile,ModernBERT + Sentiment Profile,42
8344,0,1.5322043509513603e-06,0,0.02106755665214396,model::modernbert_sentiment_profile,ModernBERT + Sentiment Profile,42
15114,0,2.030889390880475e-06,0,0.02106755665214396,model::modernbert_sentiment_profile,ModernBERT + Sentiment Profile,42
12391,1,1.6748078905948205e-06,0,0.02106755665214396,model::modernbert_sentiment_profile,ModernBERT + Sentiment Profile,42
4632,1,1.5106018054211745e-06,0,0.02106755665214396,model::modernbert_sentiment_profile,ModernBERT + Sentiment Profile,42
15102,0,2.042083906417247e-06,0,0.02106755665214396,model::modernbert_sentiment_profile,ModernBERT + Sentiment Profile,42
5842,0,3.0199419143173145e-06,0,0.02106755665214396,model::modernbert_sentiment_profile,ModernBERT + Sentiment Profile,42
5498,0,1.6402400433435105e-06,0,0.02106755665214396,model::modernbert_sentiment_profile,ModernBERT + Sentiment Profile,42
3589,0,1.1352311730661313e-06,0,0.02106755665214396,model::modernbert_sentiment_profile,ModernBERT + Sentiment Profile,42
3086,1,1.1633101166808046e-06,0,0.02106755665214396,model::modernbert_sentiment_profile,ModernBERT + Sentiment Profile,42
13493,1,1.4871624216539203e-06,0,0.02106755665214396,model::modernbert_sentiment_profile,ModernBERT + Sentiment Profile,42
10682,0,1.707767296466045e-06,0,0.02106755665214396,model::modernbert_sentiment_profile,ModernBERT + Sentiment Profile,42
10036,0,1.3954738733445993e-06,0,0.02106755665214396,model::modernbert_sentiment_profile,ModernBERT + Sentiment Profile,42
19345,0,1.5160211432885262e-06,0,0.02106755665214396,model::modernbert_sentiment_profile,ModernBERT + Sentiment Profile,42
2750,0,1.6188024574148583e-06,0,0.02106755665214396,model::modernbert_sentiment_profile,ModernBERT + Sentiment Profile,42
15614,1,1.4032623312232315e-06,0,0.02106755665214396,model::modernbert_sentiment_profile,ModernBERT + Sentiment Profile,42
5002,1,1.5644342283849255e-06,0,0.02106755665214396,model::modernbert_sentiment_profile,ModernBERT + Sentiment Profile,42
13930,1,1.397053210894228e-06,0,0.02106755665214396,model::modernbert_sentiment_profile,ModernBERT + Sentiment Profile,42
10120,0,1.62990170338162e-06,0,0.02106755665214396,model::modernbert_sentiment_profile,ModernBERT + Sentiment Profile,42
18713,1,1.393032675878203e-06,0,0.02106755665214396,model::modernbert_sentiment_profile,ModernBERT + Sentiment Profile,42
8232,1,1.405527086717484e-06,0,0.02106755665214396,model::modernbert_sentiment_profile,ModernBERT + Sentiment Profile,42
7129,0,1.0669191397028044e-06,0,0.02106755665214396,model::modernbert_sentiment_profile,ModernBERT + Sentiment Profile,42
18752,1,1.1420179362175986e-06,0,0.02106755665214396,model::modernbert_sentiment_profile,ModernBERT + Sentiment Profile,42
6196,1,1.4587139958166515e-06,0,0.02106755665214396,model::modernbert_sentiment_profile,ModernBERT + Sentiment Profile,42
7708,0,1.4684425195810036e-06,0,0.02106755665214396,model::modernbert_sentiment_profile,ModernBERT + Sentiment Profile,42
11980,1,1.4661363820778206e-06,0,0.02106755665214396,model::modernbert_sentiment_profile,ModernBERT + Sentiment Profile,42
6870,1,1.4665307617178769e-06,0,0.02106755665214396,model::modernbert_sentiment_profile,ModernBERT + Sentiment Profile,42
14038,1,1.1579396641536732e-06,0,0.02106755665214396,model::modernbert_sentiment_profile,ModernBERT + Sentiment Profile,42
9212,0,1.5787323945914975e-06,0,0.02106755665214396,model::modernbert_sentiment_profile,ModernBERT + Sentiment Profile,42
20144,1,1.4378171044882038e-06,0,0.02106755665214396,model::modernbert_sentiment_profile,ModernBERT + Sentiment Profile,42
12670,1,1.3203581374909843e-06,0,0.02106755665214396,model::modernbert_sentiment_profile,ModernBERT + Sentiment Profile,42
197,0,1.3801109162159264e-06,0,0.02106755665214396,model::modernbert_sentiment_profile,ModernBERT + Sentiment Profile,42
5786,0,1.2332563983363798e-06,0,0.02106755665214396,model::modernbert_sentiment_profile,ModernBERT + Sentiment Profile,42
19596,1,1.527745325802243e-06,0,0.02106755665214396,model::modernbert_sentiment_profile,ModernBERT + Sentiment Profile,42
14263,1,1.4280122968557407e-06,0,0.02106755665214396,model::modernbert_sentiment_profile,ModernBERT + Sentiment Profile,42
5527,0,1.3239731515568565e-06,0,0.02106755665214396,model::modernbert_sentiment_profile,ModernBERT + Sentiment Profile,42
3613,1,1.5310007484004018e-06,0,0.02106755665214396,model::modernbert_sentiment_profile,ModernBERT + Sentiment Profile,42
19069,0,1.6416358903370565e-06,0,0.02106755665214396,model::modernbert_sentiment_profile,ModernBERT + Sentiment Profile,42
11053,1,1.4931097211956512e-06,0,0.02106755665214396,model::modernbert_sentiment_profile,ModernBERT + Sentiment Profile,42
10188,0,2.240006779175019e-06,0,0.02106755665214396,model::modernbert_sentiment_profile,ModernBERT + Sentiment Profile,42
5807,1,1.3076153209112815e-06,0,0.02106755665214396,model::modernbert_sentiment_profile,ModernBERT + Sentiment Profile,42
16841,0,1.6371191122743769e-06,0,0.02106755665214396,model::modernbert_sentiment_profile,ModernBERT + Sentiment Profile,42
19452,1,1.8665164134290533e-06,0,0.02106755665214396,model::modernbert_sentiment_profile,ModernBERT + Sentiment Profile,42
14754,1,1.4632198599429105e-06,0,0.02106755665214396,model::modernbert_sentiment_profile,ModernBERT + Sentiment Profile,42
15299,0,1.570754989188572e-06,0,0.02106755665214396,model::modernbert_sentiment_profile,ModernBERT + Sentiment Profile,42
8336,1,9.48255490129668e-07,0,0.02106755665214396,model::modernbert_sentiment_profile,ModernBERT + Sentiment Profile,42
9523,1,1.4102142813499086e-06,0,0.02106755665214396,model::modernbert_sentiment_profile,ModernBERT + Sentiment Profile,42
12154,1,1.4766915228392463e-06,0,0.02106755665214396,model::modernbert_sentiment_profile,ModernBERT + Sentiment Profile,42
19454,0,1.271650717171724e-06,0,0.02106755665214396,model::modernbert_sentiment_profile,ModernBERT + Sentiment Profile,42
20356,0,1.6462436178699136e-06,0,0.02106755665214396,model::modernbert_sentiment_profile,ModernBERT + Sentiment Profile,42
20645,0,1.309549702455115e-06,0,0.02106755665214396,model::modernbert_sentiment_profile,ModernBERT + Sentiment Profile,42
4937,0,1.2623528391486616e-06,0,0.02106755665214396,model::modernbert_sentiment_profile,ModernBERT + Sentiment Profile,42
14311,0,1.78200082245894e-06,0,0.02106755665214396,model::modernbert_sentiment_profile,ModernBERT + Sentiment Profile,42
15899,1,1.561040789965773e-06,0,0.02106755665214396,model::modernbert_sentiment_profile,ModernBERT + Sentiment Profile,42
12221,1,1.9116071143798763e-06,0,0.02106755665214396,model::modernbert_sentiment_profile,ModernBERT + Sentiment Profile,42
6235,1,1.890779913082952e-06,0,0.02106755665214396,model::modernbert_sentiment_profile,ModernBERT + Sentiment Profile,42
4530,0,1.2034720384690445e-06,0,0.02106755665214396,model::modernbert_sentiment_profile,ModernBERT + Sentiment Profile,42
11047,0,1.920575641634059e-06,0,0.02106755665214396,model::modernbert_sentiment_profile,ModernBERT + Sentiment Profile,42
6030,1,1.4547642877005271e-06,0,0.02106755665214396,model::modernbert_sentiment_profile,ModernBERT + Sentiment Profile,42
11784,0,1.3449663356368546e-06,0,0.02106755665214396,model::modernbert_sentiment_profile,ModernBERT + Sentiment Profile,42
16240,1,1.252489823855285e-06,0,0.02106755665214396,model::modernbert_sentiment_profile,ModernBERT + Sentiment Profile,42
6814,0,1.3386870705289766e-06,0,0.02106755665214396,model::modernbert_sentiment_profile,ModernBERT + Sentiment Profile,42
9480,0,1.989778411370935e-06,0,0.02106755665214396,model::modernbert_sentiment_profile,ModernBERT + Sentiment Profile,42
18776,0,1.2495787586885854e-06,0,0.02106755665214396,model::modernbert_sentiment_profile,ModernBERT + Sentiment Profile,42
19473,1,2.5901197204802884e-06,0,0.02106755665214396,model::modernbert_sentiment_profile,ModernBERT + Sentiment Profile,42
21029,0,1.3820233562000794e-06,0,0.02106755665214396,model::modernbert_sentiment_profile,ModernBERT + Sentiment Profile,42
9437,0,1.088706426344288e-06,0,0.02106755665214396,model::modernbert_sentiment_profile,ModernBERT + Sentiment Profile,42
9842,1,1.2190594134153798e-06,0,0.02106755665214396,model::modernbert_sentiment_profile,ModernBERT + Sentiment Profile,42
3009,1,1.2228694004079443e-06,0,0.02106755665214396,model::modernbert_sentiment_profile,ModernBERT + Sentiment Profile,42
11712,0,1.4454778920480749e-06,0,0.02106755665214396,model::modernbert_sentiment_profile,ModernBERT + Sentiment Profile,42
16729,1,1.2801071989088086e-06,0,0.02106755665214396,model::modernbert_sentiment_profile,ModernBERT + Sentiment Profile,42
5237,1,1.4834951116426964e-06,0,0.02106755665214396,model::modernbert_sentiment_profile,ModernBERT + Sentiment Profile,42
7020,1,2.729175776039483e-06,0,0.02106755665214396,model::modernbert_sentiment_profile,ModernBERT + Sentiment Profile,42
11806,0,2.459283678035717e-06,0,0.02106755665214396,model::modernbert_sentiment_profile,ModernBERT + Sentiment Profile,42
12464,0,1.575354531269113e-06,0,0.02106755665214396,model::modernbert_sentiment_profile,ModernBERT + Sentiment Profile,42
792,0,1.269411541215959e-06,0,0.02106755665214396,model::modernbert_sentiment_profile,ModernBERT + Sentiment Profile,42
1233,1,1.5547249176961486e-06,0,0.02106755665214396,model::modernbert_sentiment_profile,ModernBERT + Sentiment Profile,42
16456,1,1.4610390053348965e-06,0,0.02106755665214396,model::modernbert_sentiment_profile,ModernBERT + Sentiment Profile,42
20327,1,1.456489826523466e-06,0,0.02106755665214396,model::modernbert_sentiment_profile,ModernBERT + Sentiment Profile,42
14791,1,1.6526743138456368e-06,0,0.02106755665214396,model::modernbert_sentiment_profile,ModernBERT + Sentiment Profile,42
2125,0,1.940662741617416e-06,0,0.02106755665214396,model::modernbert_sentiment_profile,ModernBERT + Sentiment Profile,42
20580,0,1.068062374542933e-06,0,0.02106755665214396,model::modernbert_sentiment_profile,ModernBERT + Sentiment Profile,42
1352,0,1.1482514992167123e-06,0,0.02106755665214396,model::modernbert_sentiment_profile,ModernBERT + Sentiment Profile,42
9413,0,1.351195237475622e-06,0,0.02106755665214396,model::modernbert_sentiment_profile,ModernBERT + Sentiment Profile,42
16103,0,1.4639442724728724e-06,0,0.02106755665214396,model::modernbert_sentiment_profile,ModernBERT + Sentiment Profile,42
5733,1,1.6257412198683596e-06,0,0.02106755665214396,model::modernbert_sentiment_profile,ModernBERT + Sentiment Profile,42
6147,0,1.4597382005376858e-06,0,0.02106755665214396,model::modernbert_sentiment_profile,ModernBERT + Sentiment Profile,42
10220,1,1.2905262565254816e-06,0,0.02106755665214396,model::modernbert_sentiment_profile,ModernBERT + Sentiment Profile,42
13001,1,1.5653147329430794e-06,0,0.02106755665214396,model::modernbert_sentiment_profile,ModernBERT + Sentiment Profile,42
7442,1,1.2723736517727955e-06,0,0.02106755665214396,model::modernbert_sentiment_profile,ModernBERT + Sentiment Profile,42
6884,0,1.1612152093221084e-06,0,0.02106755665214396,model::modernbert_sentiment_profile,ModernBERT + Sentiment Profile,42
4949,1,1.3398582723311847e-06,0,0.02106755665214396,model::modernbert_sentiment_profile,ModernBERT + Sentiment Profile,42
9301,1,1.4696207699671504e-06,0,0.02106755665214396,model::modernbert_sentiment_profile,ModernBERT + Sentiment Profile,42
16483,0,1.3577066511061275e-06,0,0.02106755665214396,model::modernbert_sentiment_profile,ModernBERT + Sentiment Profile,42
12858,0,1.425202867721964e-06,0,0.02106755665214396,model::modernbert_sentiment_profile,ModernBERT + Sentiment Profile,42
2490,0,1.7515480976726394e-06,0,0.02106755665214396,model::modernbert_sentiment_profile,ModernBERT + Sentiment Profile,42
2298,0,1.2319128472881855e-06,0,0.02106755665214396,model::modernbert_sentiment_profile,ModernBERT + Sentiment Profile,42
20372,0,1.7461877632740652e-06,0,0.02106755665214396,model::modernbert_sentiment_profile,ModernBERT + Sentiment Profile,42
16026,1,1.2833379514631815e-06,0,0.02106755665214396,model::modernbert_sentiment_profile,ModernBERT + Sentiment Profile,42
1654,1,1.4915157180439564e-06,0,0.02106755665214396,model::modernbert_sentiment_profile,ModernBERT + Sentiment Profile,42
5270,1,1.330043915004353e-06,0,0.02106755665214396,model::modernbert_sentiment_profile,ModernBERT + Sentiment Profile,42
20611,1,1.2513747833509117e-06,0,0.02106755665214396,model::modernbert_sentiment_profile,ModernBERT + Sentiment Profile,42
19998,0,8.78273624493886e-07,0,0.02106755665214396,model::modernbert_sentiment_profile,ModernBERT + Sentiment Profile,42
9193,0,1.2269532589925802e-06,0,0.02106755665214396,model::modernbert_sentiment_profile,ModernBERT + Sentiment Profile,42
11269,0,1.1856526498377209e-06,0,0.02106755665214396,model::modernbert_sentiment_profile,ModernBERT + Sentiment Profile,42
2088,0,1.3218789263191866e-06,0,0.02106755665214396,model::modernbert_sentiment_profile,ModernBERT + Sentiment Profile,42
6637,0,1.3455821772367926e-06,0,0.02106755665214396,model::modernbert_sentiment_profile,ModernBERT + Sentiment Profile,42
6554,1,1.6307677697113832e-06,0,0.02106755665214396,model::modernbert_sentiment_profile,ModernBERT + Sentiment Profile,42
2779,1,1.4922128457328654e-06,0,0.02106755665214396,model::modernbert_sentiment_profile,ModernBERT + Sentiment Profile,42
14704,1,1.3800556644127937e-06,0,0.02106755665214396,model::modernbert_sentiment_profile,ModernBERT + Sentiment Profile,42
9470,0,2.5334759357065195e-06,0,0.02106755665214396,model::modernbert_sentiment_profile,ModernBERT + Sentiment Profile,42
13502,1,1.4078358390179346e-06,0,0.02106755665214396,model::modernbert_sentiment_profile,ModernBERT + Sentiment Profile,42
11886,1,1.247968612005934e-06,0,0.02106755665214396,model::modernbert_sentiment_profile,ModernBERT + Sentiment Profile,42
9976,1,1.3631519095724798e-06,0,0.02106755665214396,model::modernbert_sentiment_profile,ModernBERT + Sentiment Profile,42
9870,0,1.0524616982365842e-06,0,0.02106755665214396,model::modernbert_sentiment_profile,ModernBERT + Sentiment Profile,42
3216,0,1.5093476122274296e-06,0,0.02106755665214396,model::modernbert_sentiment_profile,ModernBERT + Sentiment Profile,42
11857,1,1.5607266732331482e-06,0,0.02106755665214396,model::modernbert_sentiment_profile,ModernBERT + Sentiment Profile,42
2564,1,1.3203618891566291e-06,0,0.02106755665214396,model::modernbert_sentiment_profile,ModernBERT + Sentiment Profile,42
11284,1,1.167934442491969e-06,0,0.02106755665214396,model::modernbert_sentiment_profile,ModernBERT + Sentiment Profile,42
1669,0,1.1411186733312206e-06,0,0.02106755665214396,model::modernbert_sentiment_profile,ModernBERT + Sentiment Profile,42
1031,0,1.251594312634552e-06,0,0.02106755665214396,model::modernbert_sentiment_profile,ModernBERT + Sentiment Profile,42
20648,1,1.2176001291663852e-06,0,0.02106755665214396,model::modernbert_sentiment_profile,ModernBERT + Sentiment Profile,42
17870,0,1.4747099612577586e-06,0,0.02106755665214396,model::modernbert_sentiment_profile,ModernBERT + Sentiment Profile,42
15836,0,1.4436235460379976e-06,0,0.02106755665214396,model::modernbert_sentiment_profile,ModernBERT + Sentiment Profile,42
7602,1,1.6308034673784275e-06,0,0.02106755665214396,model::modernbert_sentiment_profile,ModernBERT + Sentiment Profile,42
6097,0,1.7425611531507457e-06,0,0.02106755665214396,model::modernbert_sentiment_profile,ModernBERT + Sentiment Profile,42
11780,1,1.3232902347226627e-06,0,0.02106755665214396,model::modernbert_sentiment_profile,ModernBERT + Sentiment Profile,42
12327,1,1.9507810975483157e-06,0,0.02106755665214396,model::modernbert_sentiment_profile,ModernBERT + Sentiment Profile,42
7422,0,1.408421326232201e-06,0,0.02106755665214396,model::modernbert_sentiment_profile,ModernBERT + Sentiment Profile,42
1605,0,1.0595717867545318e-06,0,0.02106755665214396,model::modernbert_sentiment_profile,ModernBERT + Sentiment Profile,42
9219,0,1.179430796582892e-06,0,0.02106755665214396,model::modernbert_sentiment_profile,ModernBERT + Sentiment Profile,42
1998,0,1.60603497079137e-06,0,0.02106755665214396,model::modernbert_sentiment_profile,ModernBERT + Sentiment Profile,42
7787,1,1.7631388118388711e-06,0,0.02106755665214396,model::modernbert_sentiment_profile,ModernBERT + Sentiment Profile,42
6209,1,1.4366794403031236e-06,0,0.02106755665214396,model::modernbert_sentiment_profile,ModernBERT + Sentiment Profile,42
14715,0,1.8755058590613767e-06,0,0.02106755665214396,model::modernbert_sentiment_profile,ModernBERT + Sentiment Profile,42
274,0,1.33950823055784e-06,0,0.02106755665214396,model::modernbert_sentiment_profile,ModernBERT + Sentiment Profile,42
1200,0,1.406497858624789e-06,0,0.02106755665214396,model::modernbert_sentiment_profile,ModernBERT + Sentiment Profile,42
1804,1,2.4502776341250865e-06,0,0.02106755665214396,model::modernbert_sentiment_profile,ModernBERT + Sentiment Profile,42
18547,1,1.1822089618362952e-06,0,0.02106755665214396,model::modernbert_sentiment_profile,ModernBERT + Sentiment Profile,42
4952,0,1.1140173228341157e-06,0,0.02106755665214396,model::modernbert_sentiment_profile,ModernBERT + Sentiment Profile,42
10413,1,1.95638540390064e-06,0,0.02106755665214396,model::modernbert_sentiment_profile,ModernBERT + Sentiment Profile,42
20278,0,2.237052285636309e-06,0,0.02106755665214396,model::modernbert_sentiment_profile,ModernBERT + Sentiment Profile,42
15260,0,1.2336881809460465e-06,0,0.02106755665214396,model::modernbert_sentiment_profile,ModernBERT + Sentiment Profile,42
9825,0,1.2736666121782036e-06,0,0.02106755665214396,model::modernbert_sentiment_profile,ModernBERT + Sentiment Profile,42
13644,1,1.4684620737170917e-06,0,0.02106755665214396,model::modernbert_sentiment_profile,ModernBERT + Sentiment Profile,42
2384,1,1.3079146583550028e-06,0,0.02106755665214396,model::modernbert_sentiment_profile,ModernBERT + Sentiment Profile,42
9493,1,1.4043707778910175e-06,0,0.02106755665214396,model::modernbert_sentiment_profile,ModernBERT + Sentiment Profile,42
15687,1,1.7185896012961166e-06,0,0.02106755665214396,model::modernbert_sentiment_profile,ModernBERT + Sentiment Profile,42
15144,0,1.213135419675382e-06,0,0.02106755665214396,model::modernbert_sentiment_profile,ModernBERT + Sentiment Profile,42
20175,1,1.3839120356351486e-06,0,0.02106755665214396,model::modernbert_sentiment_profile,ModernBERT + Sentiment Profile,42
20844,1,1.8166069821745625e-06,0,0.02106755665214396,model::modernbert_sentiment_profile,ModernBERT + Sentiment Profile,42
5744,1,1.4649554032075685e-06,0,0.02106755665214396,model::modernbert_sentiment_profile,ModernBERT + Sentiment Profile,42
20183,0,1.5960021073624375e-06,0,0.02106755665214396,model::modernbert_sentiment_profile,ModernBERT + Sentiment Profile,42
1277,0,1.3607814253191464e-06,0,0.02106755665214396,model::modernbert_sentiment_profile,ModernBERT + Sentiment Profile,42
1051,0,7.701886488575838e-07,0,0.02106755665214396,model::modernbert_sentiment_profile,ModernBERT + Sentiment Profile,42
980,0,1.1260660812695278e-06,0,0.02106755665214396,model::modernbert_sentiment_profile,ModernBERT + Sentiment Profile,42
3443,0,1.391223122482188e-06,0,0.02106755665214396,model::modernbert_sentiment_profile,ModernBERT + Sentiment Profile,42
13908,1,1.3429797718345071e-06,0,0.02106755665214396,model::modernbert_sentiment_profile,ModernBERT + Sentiment Profile,42
21046,1,1.6930396213865606e-06,0,0.02106755665214396,model::modernbert_sentiment_profile,ModernBERT + Sentiment Profile,42
6179,1,1.464342176404898e-06,0,0.02106755665214396,model::modernbert_sentiment_profile,ModernBERT + Sentiment Profile,42
19724,1,1.2649956033783385e-06,0,0.02106755665214396,model::modernbert_sentiment_profile,ModernBERT + Sentiment Profile,42
20341,1,1.54014765030297e-06,0,0.02106755665214396,model::modernbert_sentiment_profile,ModernBERT + Sentiment Profile,42
3028,1,1.5134642126213294e-06,0,0.02106755665214396,model::modernbert_sentiment_profile,ModernBERT + Sentiment Profile,42
6737,0,1.8016005469689844e-06,0,0.02106755665214396,model::modernbert_sentiment_profile,ModernBERT + Sentiment Profile,42
12004,0,1.1601193818933098e-06,0,0.02106755665214396,model::modernbert_sentiment_profile,ModernBERT + Sentiment Profile,42
21054,0,2.336384341106168e-06,0,0.02106755665214396,model::modernbert_sentiment_profile,ModernBERT + Sentiment Profile,42
735,1,1.8500774103813451e-06,0,0.02106755665214396,model::modernbert_sentiment_profile,ModernBERT + Sentiment Profile,42
845,1,1.470900770073058e-06,0,0.02106755665214396,model::modernbert_sentiment_profile,ModernBERT + Sentiment Profile,42
2659,0,1.4058180113352137e-06,0,0.02106755665214396,model::modernbert_sentiment_profile,ModernBERT + Sentiment Profile,42
11691,1,1.2720824997813909e-06,0,0.02106755665214396,model::modernbert_sentiment_profile,ModernBERT + Sentiment Profile,42
220,0,2.28549424718949e-06,0,0.02106755665214396,model::modernbert_sentiment_profile,ModernBERT + Sentiment Profile,42
14073,1,1.3645513945448329e-06,0,0.02106755665214396,model::modernbert_sentiment_profile,ModernBERT + Sentiment Profile,42
14089,0,1.303916860706522e-06,0,0.02106755665214396,model::modernbert_sentiment_profile,ModernBERT + Sentiment Profile,42
15991,0,1.1533285260156845e-06,0,0.02106755665214396,model::modernbert_sentiment_profile,ModernBERT + Sentiment Profile,42
17752,1,1.3234732705313943e-06,0,0.02106755665214396,model::modernbert_sentiment_profile,ModernBERT + Sentiment Profile,42
1093,1,1.4718802958668675e-06,0,0.02106755665214396,model::modernbert_sentiment_profile,ModernBERT + Sentiment Profile,42
9141,1,1.3219116681284504e-06,0,0.02106755665214396,model::modernbert_sentiment_profile,ModernBERT + Sentiment Profile,42
715,1,1.4322798733701347e-06,0,0.02106755665214396,model::modernbert_sentiment_profile,ModernBERT + Sentiment Profile,42
14951,1,1.391978230458335e-06,0,0.02106755665214396,model::modernbert_sentiment_profile,ModernBERT + Sentiment Profile,42
3193,1,1.4054990060685668e-06,0,0.02106755665214396,model::modernbert_sentiment_profile,ModernBERT + Sentiment Profile,42
15844,1,1.371281427964277e-06,0,0.02106755665214396,model::modernbert_sentiment_profile,ModernBERT + Sentiment Profile,42
10910,1,1.449334604330943e-06,0,0.02106755665214396,model::modernbert_sentiment_profile,ModernBERT + Sentiment Profile,42
9172,1,1.809970058275212e-06,0,0.02106755665214396,model::modernbert_sentiment_profile,ModernBERT + Sentiment Profile,42
5017,1,1.2270737670405651e-06,0,0.02106755665214396,model::modernbert_sentiment_profile,ModernBERT + Sentiment Profile,42
8474,1,1.3748733636020916e-06,0,0.02106755665214396,model::modernbert_sentiment_profile,ModernBERT + Sentiment Profile,42
7041,0,1.4012296105647692e-06,0,0.02106755665214396,model::modernbert_sentiment_profile,ModernBERT + Sentiment Profile,42
19785,0,1.5050239881020389e-06,0,0.02106755665214396,model::modernbert_sentiment_profile,ModernBERT + Sentiment Profile,42
1706,0,3.1677338938607136e-06,0,0.02106755665214396,model::modernbert_sentiment_profile,ModernBERT + Sentiment Profile,42
18644,1,1.4189425883159856e-06,0,0.02106755665214396,model::modernbert_sentiment_profile,ModernBERT + Sentiment Profile,42
20618,1,1.4723462982146884e-06,0,0.02106755665214396,model::modernbert_sentiment_profile,ModernBERT + Sentiment Profile,42
10680,0,1.4724740822202875e-06,0,0.02106755665214396,model::modernbert_sentiment_profile,ModernBERT + Sentiment Profile,42
1137,1,1.951691046997439e-06,0,0.02106755665214396,model::modernbert_sentiment_profile,ModernBERT + Sentiment Profile,42
5984,1,1.343206463388924e-06,0,0.02106755665214396,model::modernbert_sentiment_profile,ModernBERT + Sentiment Profile,42
8627,0,1.2986785122848232e-06,0,0.02106755665214396,model::modernbert_sentiment_profile,ModernBERT + Sentiment Profile,42
3083,0,1.2529951618489577e-06,0,0.02106755665214396,model::modernbert_sentiment_profile,ModernBERT + Sentiment Profile,42
1335,0,1.918891257446376e-06,0,0.02106755665214396,model::modernbert_sentiment_profile,ModernBERT + Sentiment Profile,42
7661,1,9.044883313436004e-07,0,0.02106755665214396,model::modernbert_sentiment_profile,ModernBERT + Sentiment Profile,42
20122,1,1.1704812550306087e-06,0,0.02106755665214396,model::modernbert_sentiment_profile,ModernBERT + Sentiment Profile,42
16125,1,1.5746951476103277e-06,0,0.02106755665214396,model::modernbert_sentiment_profile,ModernBERT + Sentiment Profile,42
8998,1,1.2079357247785083e-06,0,0.02106755665214396,model::modernbert_sentiment_profile,ModernBERT + Sentiment Profile,42
19137,1,1.5473202665816643e-06,0,0.02106755665214396,model::modernbert_sentiment_profile,ModernBERT + Sentiment Profile,42
9285,0,1.4983846767790965e-06,0,0.02106755665214396,model::modernbert_sentiment_profile,ModernBERT + Sentiment Profile,42
10260,1,1.5268830111381249e-06,0,0.02106755665214396,model::modernbert_sentiment_profile,ModernBERT + Sentiment Profile,42
5406,0,1.4314906593426713e-06,0,0.02106755665214396,model::modernbert_sentiment_profile,ModernBERT + Sentiment Profile,42
445,0,1.3581909570348216e-06,0,0.02106755665214396,model::modernbert_sentiment_profile,ModernBERT + Sentiment Profile,42
11938,1,1.5040669723020985e-06,0,0.02106755665214396,model::modernbert_sentiment_profile,ModernBERT + Sentiment Profile,42
10326,0,1.5124253422982292e-06,0,0.02106755665214396,model::modernbert_sentiment_profile,ModernBERT + Sentiment Profile,42
20045,0,1.5975248288668809e-06,0,0.02106755665214396,model::modernbert_sentiment_profile,ModernBERT + Sentiment Profile,42
4939,1,1.8318520460525176e-06,0,0.02106755665214396,model::modernbert_sentiment_profile,ModernBERT + Sentiment Profile,42
12602,1,1.2256153922862725e-06,0,0.02106755665214396,model::modernbert_sentiment_profile,ModernBERT + Sentiment Profile,42
12820,0,1.3907376796851167e-06,0,0.02106755665214396,model::modernbert_sentiment_profile,ModernBERT + Sentiment Profile,42
4707,1,1.4550292917192564e-06,0,0.02106755665214396,model::modernbert_sentiment_profile,ModernBERT + Sentiment Profile,42
2740,1,1.412747678841697e-06,0,0.02106755665214396,model::modernbert_sentiment_profile,ModernBERT + Sentiment Profile,42
15206,0,1.2553190344988252e-06,0,0.02106755665214396,model::modernbert_sentiment_profile,ModernBERT + Sentiment Profile,42
20765,1,1.458449673918949e-06,0,0.02106755665214396,model::modernbert_sentiment_profile,ModernBERT + Sentiment Profile,42
13867,1,1.34207846258505e-06,0,0.02106755665214396,model::modernbert_sentiment_profile,ModernBERT + Sentiment Profile,42
10393,0,1.3922410744271474e-06,0,0.02106755665214396,model::modernbert_sentiment_profile,ModernBERT + Sentiment Profile,42
18360,0,1.6566730209888192e-06,0,0.02106755665214396,model::modernbert_sentiment_profile,ModernBERT + Sentiment Profile,42
16306,0,1.3327344277058728e-06,0,0.02106755665214396,model::modernbert_sentiment_profile,ModernBERT + Sentiment Profile,42
16392,0,2.0609913917724043e-06,0,0.02106755665214396,model::modernbert_sentiment_profile,ModernBERT + Sentiment Profile,42
223,1,1.3938818028691458e-06,0,0.02106755665214396,model::modernbert_sentiment_profile,ModernBERT + Sentiment Profile,42
13724,1,1.362888042422128e-06,0,0.02106755665214396,model::modernbert_sentiment_profile,ModernBERT + Sentiment Profile,42
10533,1,1.3278678352435236e-06,0,0.02106755665214396,model::modernbert_sentiment_profile,ModernBERT + Sentiment Profile,42
14919,1,1.5877525356700062e-06,0,0.02106755665214396,model::modernbert_sentiment_profile,ModernBERT + Sentiment Profile,42
4826,0,1.151038532043458e-06,0,0.02106755665214396,model::modernbert_sentiment_profile,ModernBERT + Sentiment Profile,42
12828,1,1.6006038094928954e-06,0,0.02106755665214396,model::modernbert_sentiment_profile,ModernBERT + Sentiment Profile,42
1508,1,1.4255440419219667e-06,0,0.02106755665214396,model::modernbert_sentiment_profile,ModernBERT + Sentiment Profile,42
14590,0,1.1611886066020816e-06,0,0.02106755665214396,model::modernbert_sentiment_profile,ModernBERT + Sentiment Profile,42
8866,1,1.4542468989020565e-06,0,0.02106755665214396,model::modernbert_sentiment_profile,ModernBERT + Sentiment Profile,42
4409,0,1.6436896430604977e-06,0,0.02106755665214396,model::modernbert_sentiment_profile,ModernBERT + Sentiment Profile,42
18033,1,1.2469740795495454e-06,0,0.02106755665214396,model::modernbert_sentiment_profile,ModernBERT + Sentiment Profile,42
12087,1,1.4504546470561763e-06,0,0.02106755665214396,model::modernbert_sentiment_profile,ModernBERT + Sentiment Profile,42
10834,0,1.4758721817997866e-06,0,0.02106755665214396,model::modernbert_sentiment_profile,ModernBERT + Sentiment Profile,42
3238,1,1.5174443888099631e-06,0,0.02106755665214396,model::modernbert_sentiment_profile,ModernBERT + Sentiment Profile,42
15827,0,2.5445006031077355e-06,0,0.02106755665214396,model::modernbert_sentiment_profile,ModernBERT + Sentiment Profile,42
3656,1,1.245474209099484e-06,0,0.02106755665214396,model::modernbert_sentiment_profile,ModernBERT + Sentiment Profile,42
8955,0,1.3281857036417932e-06,0,0.02106755665214396,model::modernbert_sentiment_profile,ModernBERT + Sentiment Profile,42
890,1,1.4624483810621314e-06,0,0.02106755665214396,model::modernbert_sentiment_profile,ModernBERT + Sentiment Profile,42
2516,1,1.4414114275496104e-06,0,0.02106755665214396,model::modernbert_sentiment_profile,ModernBERT + Sentiment Profile,42
18073,1,9.878519904304994e-07,0,0.02106755665214396,model::modernbert_sentiment_profile,ModernBERT + Sentiment Profile,42
8460,1,1.403623627993511e-06,0,0.02106755665214396,model::modernbert_sentiment_profile,ModernBERT + Sentiment Profile,42
13913,1,1.288389057663153e-06,0,0.02106755665214396,model::modernbert_sentiment_profile,ModernBERT + Sentiment Profile,42
14989,0,1.3894159565097652e-06,0,0.02106755665214396,model::modernbert_sentiment_profile,ModernBERT + Sentiment Profile,42
12550,0,1.2069707508999272e-06,0,0.02106755665214396,model::modernbert_sentiment_profile,ModernBERT + Sentiment Profile,42
8601,0,2.0873626453976613e-06,0,0.02106755665214396,model::modernbert_sentiment_profile,ModernBERT + Sentiment Profile,42
11106,1,1.1939197293031611e-06,0,0.02106755665214396,model::modernbert_sentiment_profile,ModernBERT + Sentiment Profile,42
18688,0,1.8742936163107515e-06,0,0.02106755665214396,model::modernbert_sentiment_profile,ModernBERT + Sentiment Profile,42
8130,0,1.3631466799779446e-06,0,0.02106755665214396,model::modernbert_sentiment_profile,ModernBERT + Sentiment Profile,42
4465,1,1.311281721427804e-06,0,0.02106755665214396,model::modernbert_sentiment_profile,ModernBERT + Sentiment Profile,42
17215,1,1.2936437769894835e-06,0,0.02106755665214396,model::modernbert_sentiment_profile,ModernBERT + Sentiment Profile,42
8438,1,1.4391080185305327e-06,0,0.02106755665214396,model::modernbert_sentiment_profile,ModernBERT + Sentiment Profile,42
10332,1,1.3005686696487828e-06,0,0.02106755665214396,model::modernbert_sentiment_profile,ModernBERT + Sentiment Profile,42
7194,1,1.542970267109922e-06,0,0.02106755665214396,model::modernbert_sentiment_profile,ModernBERT + Sentiment Profile,42
7211,1,1.1517710163388983e-06,0,0.02106755665214396,model::modernbert_sentiment_profile,ModernBERT + Sentiment Profile,42
7652,0,1.1193891396032996e-06,0,0.02106755665214396,model::modernbert_sentiment_profile,ModernBERT + Sentiment Profile,42
20393,1,1.4018551155459136e-06,0,0.02106755665214396,model::modernbert_sentiment_profile,ModernBERT + Sentiment Profile,42
7624,0,1.1006241038558071e-06,0,0.02106755665214396,model::modernbert_sentiment_profile,ModernBERT + Sentiment Profile,42
19363,1,1.95685743165086e-06,0,0.02106755665214396,model::modernbert_sentiment_profile,ModernBERT + Sentiment Profile,42
7628,1,1.2425272188920644e-06,0,0.02106755665214396,model::modernbert_sentiment_profile,ModernBERT + Sentiment Profile,42
13143,0,1.289028091377986e-06,0,0.02106755665214396,model::modernbert_sentiment_profile,ModernBERT + Sentiment Profile,42
18653,1,1.1524334695423022e-06,0,0.02106755665214396,model::modernbert_sentiment_profile,ModernBERT + Sentiment Profile,42
910,0,1.1685629033308942e-06,0,0.02106755665214396,model::modernbert_sentiment_profile,ModernBERT + Sentiment Profile,42
257,1,1.320636442869727e-06,0,0.02106755665214396,model::modernbert_sentiment_profile,ModernBERT + Sentiment Profile,42
8122,1,1.4879796026434633e-06,0,0.02106755665214396,model::modernbert_sentiment_profile,ModernBERT + Sentiment Profile,42
9065,1,1.128020130636287e-06,0,0.02106755665214396,model::modernbert_sentiment_profile,ModernBERT + Sentiment Profile,42
18774,0,1.1560417760847486e-06,0,0.02106755665214396,model::modernbert_sentiment_profile,ModernBERT + Sentiment Profile,42
8840,1,1.465046238990908e-06,0,0.02106755665214396,model::modernbert_sentiment_profile,ModernBERT + Sentiment Profile,42
9083,1,1.2662002291108363e-06,0,0.02106755665214396,model::modernbert_sentiment_profile,ModernBERT + Sentiment Profile,42
1188,1,1.451520120099303e-06,0,0.02106755665214396,model::modernbert_sentiment_profile,ModernBERT + Sentiment Profile,42
10566,0,1.2383288776618429e-06,0,0.02106755665214396,model::modernbert_sentiment_profile,ModernBERT + Sentiment Profile,42
19405,1,1.2624695955310017e-06,0,0.02106755665214396,model::modernbert_sentiment_profile,ModernBERT + Sentiment Profile,42
8459,1,1.316187990596518e-06,0,0.02106755665214396,model::modernbert_sentiment_profile,ModernBERT + Sentiment Profile,42
17679,1,1.584950723554357e-06,0,0.02106755665214396,model::modernbert_sentiment_profile,ModernBERT + Sentiment Profile,42
12760,0,2.194229091401212e-05,0,0.02106755665214396,model::modernbert_sentiment_profile,ModernBERT + Sentiment Profile,42
11399,1,1.4873511418045382e-06,0,0.02106755665214396,model::modernbert_sentiment_profile,ModernBERT + Sentiment Profile,42
1972,1,1.4169899031912792e-06,0,0.02106755665214396,model::modernbert_sentiment_profile,ModernBERT + Sentiment Profile,42
11132,0,9.086209615816188e-07,0,0.02106755665214396,model::modernbert_sentiment_profile,ModernBERT + Sentiment Profile,42
1578,1,1.2181076272099745e-06,0,0.02106755665214396,model::modernbert_sentiment_profile,ModernBERT + Sentiment Profile,42
407,1,1.1148006251460174e-06,0,0.02106755665214396,model::modernbert_sentiment_profile,ModernBERT + Sentiment Profile,42
10444,1,1.4019033187651075e-06,0,0.02106755665214396,model::modernbert_sentiment_profile,ModernBERT + Sentiment Profile,42
6758,0,1.5135638022911737e-06,0,0.02106755665214396,model::modernbert_sentiment_profile,ModernBERT + Sentiment Profile,42
12226,0,1.5998193703126162e-06,0,0.02106755665214396,model::modernbert_sentiment_profile,ModernBERT + Sentiment Profile,42
15551,1,1.407544573339692e-06,0,0.02106755665214396,model::modernbert_sentiment_profile,ModernBERT + Sentiment Profile,42
2313,1,1.632222506486869e-06,0,0.02106755665214396,model::modernbert_sentiment_profile,ModernBERT + Sentiment Profile,42
11015,1,1.4067004485696089e-06,0,0.02106755665214396,model::modernbert_sentiment_profile,ModernBERT + Sentiment Profile,42
35,1,1.1338008789607557e-06,0,0.02106755665214396,model::modernbert_sentiment_profile,ModernBERT + Sentiment Profile,42
20481,0,1.1265623243161826e-06,0,0.02106755665214396,model::modernbert_sentiment_profile,ModernBERT + Sentiment Profile,42
10167,0,1.0065837159345392e-06,0,0.02106755665214396,model::modernbert_sentiment_profile,ModernBERT + Sentiment Profile,42
19682,1,1.1078292345700902e-06,0,0.02106755665214396,model::modernbert_sentiment_profile,ModernBERT + Sentiment Profile,42
4811,0,1.255386109733081e-06,0,0.02106755665214396,model::modernbert_sentiment_profile,ModernBERT + Sentiment Profile,42
19927,1,1.2358701724224377e-06,0,0.02106755665214396,model::modernbert_sentiment_profile,ModernBERT + Sentiment Profile,42
2122,1,1.3341880276129814e-06,0,0.02106755665214396,model::modernbert_sentiment_profile,ModernBERT + Sentiment Profile,42
19791,1,1.412427081959322e-06,0,0.02106755665214396,model::modernbert_sentiment_profile,ModernBERT + Sentiment Profile,42
14532,1,1.738983655741322e-06,0,0.02106755665214396,model::modernbert_sentiment_profile,ModernBERT + Sentiment Profile,42
6234,1,1.2426006605892326e-06,0,0.02106755665214396,model::modernbert_sentiment_profile,ModernBERT + Sentiment Profile,42
13877,1,1.4075337730901083e-06,0,0.02106755665214396,model::modernbert_sentiment_profile,ModernBERT + Sentiment Profile,42
13949,1,1.1742255310309702e-06,0,0.02106755665214396,model::modernbert_sentiment_profile,ModernBERT + Sentiment Profile,42
16838,0,1.304760189668741e-06,0,0.02106755665214396,model::modernbert_sentiment_profile,ModernBERT + Sentiment Profile,42
4456,0,1.2371260709187482e-06,0,0.02106755665214396,model::modernbert_sentiment_profile,ModernBERT + Sentiment Profile,42
10744,1,1.3316392823981005e-06,0,0.02106755665214396,model::modernbert_sentiment_profile,ModernBERT + Sentiment Profile,42
18984,1,1.42512124057248e-06,0,0.02106755665214396,model::modernbert_sentiment_profile,ModernBERT + Sentiment Profile,42
20496,0,1.499419681749714e-06,0,0.02106755665214396,model::modernbert_sentiment_profile,ModernBERT + Sentiment Profile,42
5594,1,1.5473291341550066e-06,0,0.02106755665214396,model::modernbert_sentiment_profile,ModernBERT + Sentiment Profile,42
130,1,1.536943045721273e-06,0,0.02106755665214396,model::modernbert_sentiment_profile,ModernBERT + Sentiment Profile,42
4873,0,1.1720484280886012e-06,0,0.02106755665214396,model::modernbert_sentiment_profile,ModernBERT + Sentiment Profile,42
19469,1,1.3591874221674516e-06,0,0.02106755665214396,model::modernbert_sentiment_profile,ModernBERT + Sentiment Profile,42
7641,0,1.0335452316212468e-06,0,0.02106755665214396,model::modernbert_sentiment_profile,ModernBERT + Sentiment Profile,42
9028,1,2.238362640127889e-06,0,0.02106755665214396,model::modernbert_sentiment_profile,ModernBERT + Sentiment Profile,42
1377,0,1.501594738329004e-06,0,0.02106755665214396,model::modernbert_sentiment_profile,ModernBERT + Sentiment Profile,42
8451,0,1.204443378810538e-06,0,0.02106755665214396,model::modernbert_sentiment_profile,ModernBERT + Sentiment Profile,42
13056,1,1.3532933280657744e-06,0,0.02106755665214396,model::modernbert_sentiment_profile,ModernBERT + Sentiment Profile,42
9516,0,1.5626732192686177e-06,0,0.02106755665214396,model::modernbert_sentiment_profile,ModernBERT + Sentiment Profile,42
11571,0,1.4201068552210927e-06,0,0.02106755665214396,model::modernbert_sentiment_profile,ModernBERT + Sentiment Profile,42
15549,0,2.063467491097981e-06,0,0.02106755665214396,model::modernbert_sentiment_profile,ModernBERT + Sentiment Profile,42
6838,0,1.539881736789539e-06,0,0.02106755665214396,model::modernbert_sentiment_profile,ModernBERT + Sentiment Profile,42
14624,0,1.3751709957432467e-06,0,0.02106755665214396,model::modernbert_sentiment_profile,ModernBERT + Sentiment Profile,42
20203,1,1.2959454807059956e-06,0,0.02106755665214396,model::modernbert_sentiment_profile,ModernBERT + Sentiment Profile,42
17249,0,1.7470023294663406e-06,0,0.02106755665214396,model::modernbert_sentiment_profile,ModernBERT + Sentiment Profile,42
7666,1,1.1976967471127864e-06,0,0.02106755665214396,model::modernbert_sentiment_profile,ModernBERT + Sentiment Profile,42
14003,0,1.5302036899811355e-06,0,0.02106755665214396,model::modernbert_sentiment_profile,ModernBERT + Sentiment Profile,42
8295,1,9.121658877120352e-07,0,0.02106755665214396,model::modernbert_sentiment_profile,ModernBERT + Sentiment Profile,42
7750,0,1.277703290725185e-06,0,0.02106755665214396,model::modernbert_sentiment_profile,ModernBERT + Sentiment Profile,42
15845,0,1.039618950926524e-06,0,0.02106755665214396,model::modernbert_sentiment_profile,ModernBERT + Sentiment Profile,42
18290,1,1.573174586155801e-06,0,0.02106755665214396,model::modernbert_sentiment_profile,ModernBERT + Sentiment Profile,42
15259,0,1.4919097566234996e-06,0,0.02106755665214396,model::modernbert_sentiment_profile,ModernBERT + Sentiment Profile,42
12818,0,1.2699600802079658e-06,0,0.02106755665214396,model::modernbert_sentiment_profile,ModernBERT + Sentiment Profile,42
1307,0,1.277485239370435e-06,0,0.02106755665214396,model::modernbert_sentiment_profile,ModernBERT + Sentiment Profile,42
11666,0,1.6105302620417206e-06,0,0.02106755665214396,model::modernbert_sentiment_profile,ModernBERT + Sentiment Profile,42
10098,0,1.1127569905511336e-06,0,0.02106755665214396,model::modernbert_sentiment_profile,ModernBERT + Sentiment Profile,42
14991,0,1.22037272376474e-06,0,0.02106755665214396,model::modernbert_sentiment_profile,ModernBERT + Sentiment Profile,42
3536,1,1.4175508340485976e-06,0,0.02106755665214396,model::modernbert_sentiment_profile,ModernBERT + Sentiment Profile,42
793,0,1.4765986406928278e-06,0,0.02106755665214396,model::modernbert_sentiment_profile,ModernBERT + Sentiment Profile,42
6444,1,1.4185704912961228e-06,0,0.02106755665214396,model::modernbert_sentiment_profile,ModernBERT + Sentiment Profile,42
21037,1,1.3015190916121355e-06,0,0.02106755665214396,model::modernbert_sentiment_profile,ModernBERT + Sentiment Profile,42
1046,1,1.0918528232650717e-06,0,0.02106755665214396,model::modernbert_sentiment_profile,ModernBERT + Sentiment Profile,42
17091,1,1.6938616909101256e-06,0,0.02106755665214396,model::modernbert_sentiment_profile,ModernBERT + Sentiment Profile,42
10760,1,1.1001612847394426e-06,0,0.02106755665214396,model::modernbert_sentiment_profile,ModernBERT + Sentiment Profile,42
19789,1,1.5973786275935709e-06,0,0.02106755665214396,model::modernbert_sentiment_profile,ModernBERT + Sentiment Profile,42
14570,0,1.5672536619604216e-06,0,0.02106755665214396,model::modernbert_sentiment_profile,ModernBERT + Sentiment Profile,42
4501,0,1.6788169432402356e-06,0,0.02106755665214396,model::modernbert_sentiment_profile,ModernBERT + Sentiment Profile,42
17804,1,1.6145547760970658e-06,0,0.02106755665214396,model::modernbert_sentiment_profile,ModernBERT + Sentiment Profile,42
20930,1,1.3572406487583066e-06,0,0.02106755665214396,model::modernbert_sentiment_profile,ModernBERT + Sentiment Profile,42
5681,0,1.485519646848843e-06,0,0.02106755665214396,model::modernbert_sentiment_profile,ModernBERT + Sentiment Profile,42
19492,0,1.6611977571301395e-06,0,0.02106755665214396,model::modernbert_sentiment_profile,ModernBERT + Sentiment Profile,42
15199,0,1.046672196025611e-06,0,0.02106755665214396,model::modernbert_sentiment_profile,ModernBERT + Sentiment Profile,42
19773,1,2.0045142719027358e-06,0,0.02106755665214396,model::modernbert_sentiment_profile,ModernBERT + Sentiment Profile,42
8648,1,1.2674324807449011e-06,0,0.02106755665214396,model::modernbert_sentiment_profile,ModernBERT + Sentiment Profile,42
19415,0,2.1220907910901587e-06,0,0.02106755665214396,model::modernbert_sentiment_profile,ModernBERT + Sentiment Profile,42
7801,0,1.8470490203981167e-06,0,0.02106755665214396,model::modernbert_sentiment_profile,ModernBERT + Sentiment Profile,42
8,1,1.608538127584325e-06,0,0.02106755665214396,model::modernbert_sentiment_profile,ModernBERT + Sentiment Profile,42
20689,0,1.315741201324272e-06,0,0.02106755665214396,model::modernbert_sentiment_profile,ModernBERT + Sentiment Profile,42
8222,0,1.4273982742452065e-06,0,0.02106755665214396,model::modernbert_sentiment_profile,ModernBERT + Sentiment Profile,42
2404,0,1.794670879462501e-06,0,0.02106755665214396,model::modernbert_sentiment_profile,ModernBERT + Sentiment Profile,42
16855,0,1.5330199403251754e-06,0,0.02106755665214396,model::modernbert_sentiment_profile,ModernBERT + Sentiment Profile,42
16043,0,1.643164637243899e-06,0,0.02106755665214396,model::modernbert_sentiment_profile,ModernBERT + Sentiment Profile,42
3970,1,1.0519800071051575e-06,0,0.02106755665214396,model::modernbert_sentiment_profile,ModernBERT + Sentiment Profile,42
15080,0,1.6368646811315557e-06,0,0.02106755665214396,model::modernbert_sentiment_profile,ModernBERT + Sentiment Profile,42
12208,1,1.3484776673067245e-06,0,0.02106755665214396,model::modernbert_sentiment_profile,ModernBERT + Sentiment Profile,42
16329,0,1.2274600749151432e-06,0,0.02106755665214396,model::modernbert_sentiment_profile,ModernBERT + Sentiment Profile,42
16072,0,1.9033954004044065e-06,0,0.02106755665214396,model::modernbert_sentiment_profile,ModernBERT + Sentiment Profile,42
7193,0,1.091380113393825e-06,0,0.02106755665214396,model::modernbert_sentiment_profile,ModernBERT + Sentiment Profile,42
9127,0,1.162159151135711e-06,0,0.02106755665214396,model::modernbert_sentiment_profile,ModernBERT + Sentiment Profile,42
8752,0,1.3090376569380169e-06,0,0.02106755665214396,model::modernbert_sentiment_profile,ModernBERT + Sentiment Profile,42
15219,0,1.2281755061849251e-06,0,0.02106755665214396,model::modernbert_sentiment_profile,ModernBERT + Sentiment Profile,42
3972,1,1.762812644301448e-06,0,0.02106755665214396,model::modernbert_sentiment_profile,ModernBERT + Sentiment Profile,42
17228,0,1.4722593277838314e-06,0,0.02106755665214396,model::modernbert_sentiment_profile,ModernBERT + Sentiment Profile,42
11729,1,2.564958322182065e-06,0,0.02106755665214396,model::modernbert_sentiment_profile,ModernBERT + Sentiment Profile,42
10278,0,2.134748910975759e-06,0,0.02106755665214396,model::modernbert_sentiment_profile,ModernBERT + Sentiment Profile,42
6727,1,1.262034970750392e-06,0,0.02106755665214396,model::modernbert_sentiment_profile,ModernBERT + Sentiment Profile,42
13215,0,1.6293375892928452e-06,0,0.02106755665214396,model::modernbert_sentiment_profile,ModernBERT + Sentiment Profile,42
15369,1,1.3128095588399449e-06,0,0.02106755665214396,model::modernbert_sentiment_profile,ModernBERT + Sentiment Profile,42
6047,0,4.206630819680868e-06,0,0.02106755665214396,model::modernbert_sentiment_profile,ModernBERT + Sentiment Profile,42
3678,1,1.3036855079917586e-06,0,0.02106755665214396,model::modernbert_sentiment_profile,ModernBERT + Sentiment Profile,42
7108,1,1.1348847692715935e-06,0,0.02106755665214396,model::modernbert_sentiment_profile,ModernBERT + Sentiment Profile,42
12819,1,1.4134134289633948e-06,0,0.02106755665214396,model::modernbert_sentiment_profile,ModernBERT + Sentiment Profile,42
1116,1,1.3939177279098658e-06,0,0.02106755665214396,model::modernbert_sentiment_profile,ModernBERT + Sentiment Profile,42
11919,1,1.1760512279579416e-06,0,0.02106755665214396,model::modernbert_sentiment_profile,ModernBERT + Sentiment Profile,42
20150,1,1.7442704347558902e-06,0,0.02106755665214396,model::modernbert_sentiment_profile,ModernBERT + Sentiment Profile,42
15363,1,3.7212769257166656e-06,0,0.02106755665214396,model::modernbert_sentiment_profile,ModernBERT + Sentiment Profile,42
9926,0,2.224924855909194e-06,0,0.02106755665214396,model::modernbert_sentiment_profile,ModernBERT + Sentiment Profile,42
1315,1,1.7249392385565443e-06,0,0.02106755665214396,model::modernbert_sentiment_profile,ModernBERT + Sentiment Profile,42
12578,1,1.1532558801263804e-06,0,0.02106755665214396,model::modernbert_sentiment_profile,ModernBERT + Sentiment Profile,42
9256,1,1.4999430959505844e-06,0,0.02106755665214396,model::modernbert_sentiment_profile,ModernBERT + Sentiment Profile,42
2825,1,1.4133513559499988e-06,0,0.02106755665214396,model::modernbert_sentiment_profile,ModernBERT + Sentiment Profile,42
12249,1,1.3798122608932315e-06,0,0.02106755665214396,model::modernbert_sentiment_profile,ModernBERT + Sentiment Profile,42
2998,1,2.1622106487484416e-06,0,0.02106755665214396,model::modernbert_sentiment_profile,ModernBERT + Sentiment Profile,42
12377,0,1.5175660337263253e-06,0,0.02106755665214396,model::modernbert_sentiment_profile,ModernBERT + Sentiment Profile,42
14586,0,1.5726960782558308e-06,0,0.02106755665214396,model::modernbert_sentiment_profile,ModernBERT + Sentiment Profile,42
232,0,1.2870971204392845e-06,0,0.02106755665214396,model::modernbert_sentiment_profile,ModernBERT + Sentiment Profile,42
11854,0,2.5696494958538096e-06,0,0.02106755665214396,model::modernbert_sentiment_profile,ModernBERT + Sentiment Profile,42
20165,0,2.1161270069569582e-06,0,0.02106755665214396,model::modernbert_sentiment_profile,ModernBERT + Sentiment Profile,42
14236,0,1.3946197441327968e-06,0,0.02106755665214396,model::modernbert_sentiment_profile,ModernBERT + Sentiment Profile,42
19570,0,1.258650286217744e-06,0,0.02106755665214396,model::modernbert_sentiment_profile,ModernBERT + Sentiment Profile,42
12489,0,1.6690183883838472e-06,0,0.02106755665214396,model::modernbert_sentiment_profile,ModernBERT + Sentiment Profile,42
10124,1,1.5254391882990603e-06,0,0.02106755665214396,model::modernbert_sentiment_profile,ModernBERT + Sentiment Profile,42
1189,1,1.5450995078936105e-06,0,0.02106755665214396,model::modernbert_sentiment_profile,ModernBERT + Sentiment Profile,42
12081,1,1.52178915868717e-06,0,0.02106755665214396,model::modernbert_sentiment_profile,ModernBERT + Sentiment Profile,42
3134,0,1.0896714002228691e-06,0,0.02106755665214396,model::modernbert_sentiment_profile,ModernBERT + Sentiment Profile,42
14002,1,1.398495555804402e-06,0,0.02106755665214396,model::modernbert_sentiment_profile,ModernBERT + Sentiment Profile,42
15576,0,2.119797272825963e-06,0,0.02106755665214396,model::modernbert_sentiment_profile,ModernBERT + Sentiment Profile,42
1697,1,1.4061505453355494e-06,0,0.02106755665214396,model::modernbert_sentiment_profile,ModernBERT + Sentiment Profile,42
4042,1,2.633016720210435e-06,0,0.02106755665214396,model::modernbert_sentiment_profile,ModernBERT + Sentiment Profile,42
15141,1,1.5538563502559557e-06,0,0.02106755665214396,model::modernbert_sentiment_profile,ModernBERT + Sentiment Profile,42
9519,1,1.3862553487342666e-06,0,0.02106755665214396,model::modernbert_sentiment_profile,ModernBERT + Sentiment Profile,42
5313,1,1.330883947048278e-06,0,0.02106755665214396,model::modernbert_sentiment_profile,ModernBERT + Sentiment Profile,42
6119,0,8.672983540236601e-07,0,0.02106755665214396,model::modernbert_sentiment_profile,ModernBERT + Sentiment Profile,42
1040,1,1.5429011455125874e-06,0,0.02106755665214396,model::modernbert_sentiment_profile,ModernBERT + Sentiment Profile,42
19078,0,1.6265895510514383e-06,0,0.02106755665214396,model::modernbert_sentiment_profile,ModernBERT + Sentiment Profile,42
17454,0,1.547383703837113e-06,0,0.02106755665214396,model::modernbert_sentiment_profile,ModernBERT + Sentiment Profile,42
7896,1,1.4843710687273417e-06,0,0.02106755665214396,model::modernbert_sentiment_profile,ModernBERT + Sentiment Profile,42
2774,1,1.022703031594574e-06,0,0.02106755665214396,model::modernbert_sentiment_profile,ModernBERT + Sentiment Profile,42
4384,1,1.7657756643529865e-06,0,0.02106755665214396,model::modernbert_sentiment_profile,ModernBERT + Sentiment Profile,42
10964,1,1.5919675888653728e-06,0,0.02106755665214396,model::modernbert_sentiment_profile,ModernBERT + Sentiment Profile,42
14351,0,1.0760195436887443e-06,0,0.02106755665214396,model::modernbert_sentiment_profile,ModernBERT + Sentiment Profile,42
2623,0,1.389909016324964e-06,0,0.02106755665214396,model::modernbert_sentiment_profile,ModernBERT + Sentiment Profile,42
16957,0,1.610287540643185e-06,0,0.02106755665214396,model::modernbert_sentiment_profile,ModernBERT + Sentiment Profile,42
3957,0,1.32751074488624e-06,0,0.02106755665214396,model::modernbert_sentiment_profile,ModernBERT + Sentiment Profile,42
10091,1,1.2459232721084843e-06,0,0.02106755665214396,model::modernbert_sentiment_profile,ModernBERT + Sentiment Profile,42
5191,0,1.4164656931825448e-06,0,0.02106755665214396,model::modernbert_sentiment_profile,ModernBERT + Sentiment Profile,42
18187,1,1.1893559985765023e-06,0,0.02106755665214396,model::modernbert_sentiment_profile,ModernBERT + Sentiment Profile,42
18204,0,1.1283192407063325e-06,0,0.02106755665214396,model::modernbert_sentiment_profile,ModernBERT + Sentiment Profile,42
20699,0,1.1267621857768972e-06,0,0.02106755665214396,model::modernbert_sentiment_profile,ModernBERT + Sentiment Profile,42
10673,1,1.5900467360552284e-06,0,0.02106755665214396,model::modernbert_sentiment_profile,ModernBERT + Sentiment Profile,42
11601,1,9.380708547723772e-07,0,0.02106755665214396,model::modernbert_sentiment_profile,ModernBERT + Sentiment Profile,42
18930,1,1.3375334901866154e-06,0,0.02106755665214396,model::modernbert_sentiment_profile,ModernBERT + Sentiment Profile,42
20037,1,1.496087293162418e-06,0,0.02106755665214396,model::modernbert_sentiment_profile,ModernBERT + Sentiment Profile,42
14499,1,1.0998465995726292e-06,0,0.02106755665214396,model::modernbert_sentiment_profile,ModernBERT + Sentiment Profile,42
19267,0,2.0643710740841925e-06,0,0.02106755665214396,model::modernbert_sentiment_profile,ModernBERT + Sentiment Profile,42
15555,1,1.3578801372204907e-06,0,0.02106755665214396,model::modernbert_sentiment_profile,ModernBERT + Sentiment Profile,42
4094,0,1.366365381727519e-06,0,0.02106755665214396,model::modernbert_sentiment_profile,ModernBERT + Sentiment Profile,42
6491,0,1.2537326483652578e-06,0,0.02106755665214396,model::modernbert_sentiment_profile,ModernBERT + Sentiment Profile,42
2925,1,1.7368637372783269e-06,0,0.02106755665214396,model::modernbert_sentiment_profile,ModernBERT + Sentiment Profile,42
15798,0,1.2725994338325108e-06,0,0.02106755665214396,model::modernbert_sentiment_profile,ModernBERT + Sentiment Profile,42
20639,1,1.329472070210613e-06,0,0.02106755665214396,model::modernbert_sentiment_profile,ModernBERT + Sentiment Profile,42
11212,1,1.2862675475844298e-06,0,0.02106755665214396,model::modernbert_sentiment_profile,ModernBERT + Sentiment Profile,42
2422,0,1.3348103493626695e-06,0,0.02106755665214396,model::modernbert_sentiment_profile,ModernBERT + Sentiment Profile,42
5012,1,1.2078988902430865e-06,0,0.02106755665214396,model::modernbert_sentiment_profile,ModernBERT + Sentiment Profile,42
6603,1,1.4146539797366131e-06,0,0.02106755665214396,model::modernbert_sentiment_profile,ModernBERT + Sentiment Profile,42
4997,0,1.3627554835693445e-06,0,0.02106755665214396,model::modernbert_sentiment_profile,ModernBERT + Sentiment Profile,42
5034,1,1.4392521734407635e-06,0,0.02106755665214396,model::modernbert_sentiment_profile,ModernBERT + Sentiment Profile,42
2639,0,1.1442145932960557e-06,0,0.02106755665214396,model::modernbert_sentiment_profile,ModernBERT + Sentiment Profile,42
10947,1,1.3951013215773855e-06,0,0.02106755665214396,model::modernbert_sentiment_profile,ModernBERT + Sentiment Profile,42
4724,0,2.216992470494006e-06,0,0.02106755665214396,model::modernbert_sentiment_profile,ModernBERT + Sentiment Profile,42
11645,1,1.522597813163884e-06,0,0.02106755665214396,model::modernbert_sentiment_profile,ModernBERT + Sentiment Profile,42
825,0,1.8969387838296823e-06,0,0.02106755665214396,model::modernbert_sentiment_profile,ModernBERT + Sentiment Profile,42
3923,1,1.51620906763128e-06,0,0.02106755665214396,model::modernbert_sentiment_profile,ModernBERT + Sentiment Profile,42
8746,0,1.0867997843888588e-06,0,0.02106755665214396,model::modernbert_sentiment_profile,ModernBERT + Sentiment Profile,42
14833,1,1.1995646218565523e-06,0,0.02106755665214396,model::modernbert_sentiment_profile,ModernBERT + Sentiment Profile,42
16281,0,1.31392800994945e-06,0,0.02106755665214396,model::modernbert_sentiment_profile,ModernBERT + Sentiment Profile,42
5044,0,1.4633272940045572e-06,0,0.02106755665214396,model::modernbert_sentiment_profile,ModernBERT + Sentiment Profile,42
6285,0,1.491505713602237e-06,0,0.02106755665214396,model::modernbert_sentiment_profile,ModernBERT + Sentiment Profile,42
8873,0,1.397089135934948e-06,0,0.02106755665214396,model::modernbert_sentiment_profile,ModernBERT + Sentiment Profile,42
14231,0,1.3661269804288168e-06,0,0.02106755665214396,model::modernbert_sentiment_profile,ModernBERT + Sentiment Profile,42
2040,1,1.5294713193725329e-06,0,0.02106755665214396,model::modernbert_sentiment_profile,ModernBERT + Sentiment Profile,42
13075,1,1.4346641137308325e-06,0,0.02106755665214396,model::modernbert_sentiment_profile,ModernBERT + Sentiment Profile,42
11080,0,1.8954468714582615e-06,0,0.02106755665214396,model::modernbert_sentiment_profile,ModernBERT + Sentiment Profile,42
15958,1,1.2968926057510544e-06,0,0.02106755665214396,model::modernbert_sentiment_profile,ModernBERT + Sentiment Profile,42
546,0,1.3846459978594794e-06,0,0.02106755665214396,model::modernbert_sentiment_profile,ModernBERT + Sentiment Profile,42
798,0,1.27704788610572e-06,0,0.02106755665214396,model::modernbert_sentiment_profile,ModernBERT + Sentiment Profile,42
15907,1,1.9183862605132163e-06,0,0.02106755665214396,model::modernbert_sentiment_profile,ModernBERT + Sentiment Profile,42
271,1,1.7327574823866598e-06,0,0.02106755665214396,model::modernbert_sentiment_profile,ModernBERT + Sentiment Profile,42
4130,0,1.394141008859151e-06,0,0.02106755665214396,model::modernbert_sentiment_profile,ModernBERT + Sentiment Profile,42
10142,0,1.4758792303837254e-06,0,0.02106755665214396,model::modernbert_sentiment_profile,ModernBERT + Sentiment Profile,42
16117,0,1.246376723429421e-05,0,0.02106755665214396,model::modernbert_sentiment_profile,ModernBERT + Sentiment Profile,42
7121,0,1.4708474509461666e-06,0,0.02106755665214396,model::modernbert_sentiment_profile,ModernBERT + Sentiment Profile,42
4788,0,1.761612793416134e-06,0,0.02106755665214396,model::modernbert_sentiment_profile,ModernBERT + Sentiment Profile,42
1574,0,1.308268906541343e-06,0,0.02106755665214396,model::modernbert_sentiment_profile,ModernBERT + Sentiment Profile,42
9657,1,1.6805004179332172e-06,0,0.02106755665214396,model::modernbert_sentiment_profile,ModernBERT + Sentiment Profile,42
15674,1,1.4169277164910454e-06,0,0.02106755665214396,model::modernbert_sentiment_profile,ModernBERT + Sentiment Profile,42
14017,0,1.1833527651106124e-06,0,0.02106755665214396,model::modernbert_sentiment_profile,ModernBERT + Sentiment Profile,42
18691,0,1.3571188901551068e-06,0,0.02106755665214396,model::modernbert_sentiment_profile,ModernBERT + Sentiment Profile,42
19684,0,2.231382495665457e-06,0,0.02106755665214396,model::modernbert_sentiment_profile,ModernBERT + Sentiment Profile,42
19741,1,1.7484072714069043e-06,0,0.02106755665214396,model::modernbert_sentiment_profile,ModernBERT + Sentiment Profile,42
3141,1,1.4752332617717911e-06,0,0.02106755665214396,model::modernbert_sentiment_profile,ModernBERT + Sentiment Profile,42
2968,1,1.388547048009059e-06,0,0.02106755665214396,model::modernbert_sentiment_profile,ModernBERT + Sentiment Profile,42
10633,1,1.983393531190813e-06,0,0.02106755665214396,model::modernbert_sentiment_profile,ModernBERT + Sentiment Profile,42
11195,0,1.2584690693984155e-06,0,0.02106755665214396,model::modernbert_sentiment_profile,ModernBERT + Sentiment Profile,42
17044,0,3.325726311231847e-06,0,0.02106755665214396,model::modernbert_sentiment_profile,ModernBERT + Sentiment Profile,42
17321,0,9.87571183941327e-07,0,0.02106755665214396,model::modernbert_sentiment_profile,ModernBERT + Sentiment Profile,42
12886,1,1.3955125268694246e-06,0,0.02106755665214396,model::modernbert_sentiment_profile,ModernBERT + Sentiment Profile,42
18709,0,1.224017523782095e-06,0,0.02106755665214396,model::modernbert_sentiment_profile,ModernBERT + Sentiment Profile,42
8346,1,1.4283705240814015e-06,0,0.02106755665214396,model::modernbert_sentiment_profile,ModernBERT + Sentiment Profile,42
18967,0,1.1965437352046138e-06,0,0.02106755665214396,model::modernbert_sentiment_profile,ModernBERT + Sentiment Profile,42
8952,0,1.2988110711376066e-06,0,0.02106755665214396,model::modernbert_sentiment_profile,ModernBERT + Sentiment Profile,42
20168,0,1.5148114016483305e-06,0,0.02106755665214396,model::modernbert_sentiment_profile,ModernBERT + Sentiment Profile,42
10331,0,1.7122274584835395e-06,0,0.02106755665214396,model::modernbert_sentiment_profile,ModernBERT + Sentiment Profile,42
18336,1,1.5198326082099811e-06,0,0.02106755665214396,model::modernbert_sentiment_profile,ModernBERT + Sentiment Profile,42
19721,0,2.0622774172807112e-06,0,0.02106755665214396,model::modernbert_sentiment_profile,ModernBERT + Sentiment Profile,42
2895,0,1.4291757679529835e-06,0,0.02106755665214396,model::modernbert_sentiment_profile,ModernBERT + Sentiment Profile,42
9311,1,1.4806654462518054e-06,0,0.02106755665214396,model::modernbert_sentiment_profile,ModernBERT + Sentiment Profile,42
19159,0,1.2223330259075738e-06,0,0.02106755665214396,model::modernbert_sentiment_profile,ModernBERT + Sentiment Profile,42
1740,0,1.440573214495089e-06,0,0.02106755665214396,model::modernbert_sentiment_profile,ModernBERT + Sentiment Profile,42
7063,0,1.2473713013605447e-06,0,0.02106755665214396,model::modernbert_sentiment_profile,ModernBERT + Sentiment Profile,42
1117,0,1.8659130773812649e-06,0,0.02106755665214396,model::modernbert_sentiment_profile,ModernBERT + Sentiment Profile,42
17864,0,0.0001844629296101,0,0.02106755665214396,model::modernbert_sentiment_profile,ModernBERT + Sentiment Profile,42
4091,1,1.291726789531822e-06,0,0.02106755665214396,model::modernbert_sentiment_profile,ModernBERT + Sentiment Profile,42
14084,0,1.2672318234763225e-06,0,0.02106755665214396,model::modernbert_sentiment_profile,ModernBERT + Sentiment Profile,42
18286,0,1.2893219718534963e-06,0,0.02106755665214396,model::modernbert_sentiment_profile,ModernBERT + Sentiment Profile,42
20021,1,1.15794182420359e-06,0,0.02106755665214396,model::modernbert_sentiment_profile,ModernBERT + Sentiment Profile,42
11050,0,1.5154197399169789e-06,0,0.02106755665214396,model::modernbert_sentiment_profile,ModernBERT + Sentiment Profile,42
4650,1,1.3544243984142668e-06,0,0.02106755665214396,model::modernbert_sentiment_profile,ModernBERT + Sentiment Profile,42
14381,1,1.3715600744035328e-06,0,0.02106755665214396,model::modernbert_sentiment_profile,ModernBERT + Sentiment Profile,42
2274,0,1.751518084347481e-06,0,0.02106755665214396,model::modernbert_sentiment_profile,ModernBERT + Sentiment Profile,42
2975,1,1.4304998785519274e-06,0,0.02106755665214396,model::modernbert_sentiment_profile,ModernBERT + Sentiment Profile,42
18110,1,1.4627189557359088e-06,0,0.02106755665214396,model::modernbert_sentiment_profile,ModernBERT + Sentiment Profile,42
13568,1,1.389643898619397e-06,0,0.02106755665214396,model::modernbert_sentiment_profile,ModernBERT + Sentiment Profile,42
20984,0,1.7133202163677197e-06,0,0.02106755665214396,model::modernbert_sentiment_profile,ModernBERT + Sentiment Profile,42
10928,1,2.481305955370772e-06,0,0.02106755665214396,model::modernbert_sentiment_profile,ModernBERT + Sentiment Profile,42
4169,1,1.0096149480887109e-06,0,0.02106755665214396,model::modernbert_sentiment_profile,ModernBERT + Sentiment Profile,42
9177,1,1.3670014595845714e-06,0,0.02106755665214396,model::modernbert_sentiment_profile,ModernBERT + Sentiment Profile,42
13388,0,1.5250116121023891e-06,0,0.02106755665214396,model::modernbert_sentiment_profile,ModernBERT + Sentiment Profile,42
12785,0,1.5033485851745354e-06,0,0.02106755665214396,model::modernbert_sentiment_profile,ModernBERT + Sentiment Profile,42
15272,1,1.4199877114151604e-06,0,0.02106755665214396,model::modernbert_sentiment_profile,ModernBERT + Sentiment Profile,42
10296,0,1.187368070532102e-06,0,0.02106755665214396,model::modernbert_sentiment_profile,ModernBERT + Sentiment Profile,42
1854,1,1.2302245977480195e-06,0,0.02106755665214396,model::modernbert_sentiment_profile,ModernBERT + Sentiment Profile,42
16449,0,1.237326614500489e-06,0,0.02106755665214396,model::modernbert_sentiment_profile,ModernBERT + Sentiment Profile,42
4113,1,1.3503012041837792e-06,0,0.02106755665214396,model::modernbert_sentiment_profile,ModernBERT + Sentiment Profile,42
14894,0,1.2485758134062053e-06,0,0.02106755665214396,model::modernbert_sentiment_profile,ModernBERT + Sentiment Profile,42
19635,1,1.3468531960825203e-06,0,0.02106755665214396,model::modernbert_sentiment_profile,ModernBERT + Sentiment Profile,42
816,1,1.3674421097675804e-06,0,0.02106755665214396,model::modernbert_sentiment_profile,ModernBERT + Sentiment Profile,42
20057,0,1.544516067042423e-06,0,0.02106755665214396,model::modernbert_sentiment_profile,ModernBERT + Sentiment Profile,42
13410,0,1.4441840221479652e-06,0,0.02106755665214396,model::modernbert_sentiment_profile,ModernBERT + Sentiment Profile,42
10307,0,1.3320063771971036e-06,0,0.02106755665214396,model::modernbert_sentiment_profile,ModernBERT + Sentiment Profile,42
2188,1,3.47797299582453e-06,0,0.02106755665214396,model::modernbert_sentiment_profile,ModernBERT + Sentiment Profile,42
6244,0,1.8700370674196165e-06,0,0.02106755665214396,model::modernbert_sentiment_profile,ModernBERT + Sentiment Profile,42
19435,1,1.131267140408454e-06,0,0.02106755665214396,model::modernbert_sentiment_profile,ModernBERT + Sentiment Profile,42
2773,1,1.2624864211829845e-06,0,0.02106755665214396,model::modernbert_sentiment_profile,ModernBERT + Sentiment Profile,42
17667,0,1.2246000551385805e-06,0,0.02106755665214396,model::modernbert_sentiment_profile,ModernBERT + Sentiment Profile,42
18611,0,1.7275502841584969e-06,0,0.02106755665214396,model::modernbert_sentiment_profile,ModernBERT + Sentiment Profile,42
14694,0,1.114922952183406e-06,0,0.02106755665214396,model::modernbert_sentiment_profile,ModernBERT + Sentiment Profile,42
17911,1,1.009425318443391e-06,0,0.02106755665214396,model::modernbert_sentiment_profile,ModernBERT + Sentiment Profile,42
14524,1,1.655305368331028e-06,0,0.02106755665214396,model::modernbert_sentiment_profile,ModernBERT + Sentiment Profile,42
16528,0,1.3014035857850104e-06,0,0.02106755665214396,model::modernbert_sentiment_profile,ModernBERT + Sentiment Profile,42
3412,0,1.6460003280371891e-06,0,0.02106755665214396,model::modernbert_sentiment_profile,ModernBERT + Sentiment Profile,42
16238,0,2.135335307684727e-06,0,0.02106755665214396,model::modernbert_sentiment_profile,ModernBERT + Sentiment Profile,42
14091,1,1.3933780564912013e-06,0,0.02106755665214396,model::modernbert_sentiment_profile,ModernBERT + Sentiment Profile,42
10747,0,1.6668424223098557e-06,0,0.02106755665214396,model::modernbert_sentiment_profile,ModernBERT + Sentiment Profile,42
13544,0,1.3097582041154965e-06,0,0.02106755665214396,model::modernbert_sentiment_profile,ModernBERT + Sentiment Profile,42
1956,0,1.5901042615951155e-06,0,0.02106755665214396,model::modernbert_sentiment_profile,ModernBERT + Sentiment Profile,42
5540,0,1.1883219031005865e-06,0,0.02106755665214396,model::modernbert_sentiment_profile,ModernBERT + Sentiment Profile,42
4946,1,1.3196015515859472e-06,0,0.02106755665214396,model::modernbert_sentiment_profile,ModernBERT + Sentiment Profile,42
9335,0,1.170406449091388e-06,0,0.02106755665214396,model::modernbert_sentiment_profile,ModernBERT + Sentiment Profile,42
6785,1,1.3191762491260306e-06,0,0.02106755665214396,model::modernbert_sentiment_profile,ModernBERT + Sentiment Profile,42
3545,0,9.255685995412932e-07,0,0.02106755665214396,model::modernbert_sentiment_profile,ModernBERT + Sentiment Profile,42
10811,0,1.680691184446914e-06,0,0.02106755665214396,model::modernbert_sentiment_profile,ModernBERT + Sentiment Profile,42
7712,0,1.1208974228793522e-06,0,0.02106755665214396,model::modernbert_sentiment_profile,ModernBERT + Sentiment Profile,42
11797,0,1.846953864514944e-06,0,0.02106755665214396,model::modernbert_sentiment_profile,ModernBERT + Sentiment Profile,42
16705,1,1.4446069371842896e-06,0,0.02106755665214396,model::modernbert_sentiment_profile,ModernBERT + Sentiment Profile,42
17307,1,1.2078343161192606e-06,0,0.02106755665214396,model::modernbert_sentiment_profile,ModernBERT + Sentiment Profile,42
9386,1,1.425720711267786e-06,0,0.02106755665214396,model::modernbert_sentiment_profile,ModernBERT + Sentiment Profile,42
2510,0,1.2322348084126131e-06,0,0.02106755665214396,model::modernbert_sentiment_profile,ModernBERT + Sentiment Profile,42
9672,0,1.626664015930146e-06,0,0.02106755665214396,model::modernbert_sentiment_profile,ModernBERT + Sentiment Profile,42
2290,1,1.6896347005967982e-06,0,0.02106755665214396,model::modernbert_sentiment_profile,ModernBERT + Sentiment Profile,42
13123,1,1.3183877172195937e-06,0,0.02106755665214396,model::modernbert_sentiment_profile,ModernBERT + Sentiment Profile,42
1322,0,2.078598527077702e-06,0,0.02106755665214396,model::modernbert_sentiment_profile,ModernBERT + Sentiment Profile,42
5841,1,1.812751179386396e-06,0,0.02106755665214396,model::modernbert_sentiment_profile,ModernBERT + Sentiment Profile,42
9513,0,1.1238773822697112e-06,0,0.02106755665214396,model::modernbert_sentiment_profile,ModernBERT + Sentiment Profile,42
12211,1,1.2674204299401026e-06,0,0.02106755665214396,model::modernbert_sentiment_profile,ModernBERT + Sentiment Profile,42
21058,1,2.4466091872454854e-06,0,0.02106755665214396,model::modernbert_sentiment_profile,ModernBERT + Sentiment Profile,42
10357,1,1.5114823099793284e-06,0,0.02106755665214396,model::modernbert_sentiment_profile,ModernBERT + Sentiment Profile,42
6183,1,1.4179889831211767e-06,0,0.02106755665214396,model::modernbert_sentiment_profile,ModernBERT + Sentiment Profile,42
18633,0,1.54387851125648e-06,0,0.02106755665214396,model::modernbert_sentiment_profile,ModernBERT + Sentiment Profile,42
19725,0,1.16142120987206e-06,0,0.02106755665214396,model::modernbert_sentiment_profile,ModernBERT + Sentiment Profile,42
16923,0,1.1945849109906703e-06,0,0.02106755665214396,model::modernbert_sentiment_profile,ModernBERT + Sentiment Profile,42
13020,1,1.3307519566296833e-06,0,0.02106755665214396,model::modernbert_sentiment_profile,ModernBERT + Sentiment Profile,42
540,0,1.245355406354065e-06,0,0.02106755665214396,model::modernbert_sentiment_profile,ModernBERT + Sentiment Profile,42
4871,1,1.691935608505446e-06,0,0.02106755665214396,model::modernbert_sentiment_profile,ModernBERT + Sentiment Profile,42
8695,0,1.1910187822650189e-06,0,0.02106755665214396,model::modernbert_sentiment_profile,ModernBERT + Sentiment Profile,42
17258,0,1.6804058304842329e-06,0,0.02106755665214396,model::modernbert_sentiment_profile,ModernBERT + Sentiment Profile,42
6848,1,1.3520600532501703e-06,0,0.02106755665214396,model::modernbert_sentiment_profile,ModernBERT + Sentiment Profile,42
15205,1,1.3683396673513926e-06,0,0.02106755665214396,model::modernbert_sentiment_profile,ModernBERT + Sentiment Profile,42
11072,0,1.8583921246317916e-06,0,0.02106755665214396,model::modernbert_sentiment_profile,ModernBERT + Sentiment Profile,42
13487,1,1.4682982509839348e-06,0,0.02106755665214396,model::modernbert_sentiment_profile,ModernBERT + Sentiment Profile,42
6640,1,1.4662874718851526e-06,0,0.02106755665214396,model::modernbert_sentiment_profile,ModernBERT + Sentiment Profile,42
6326,1,1.2650885992115946e-06,0,0.02106755665214396,model::modernbert_sentiment_profile,ModernBERT + Sentiment Profile,42
10867,1,1.2069983768014936e-06,0,0.02106755665214396,model::modernbert_sentiment_profile,ModernBERT + Sentiment Profile,42
8939,1,1.3810220025334274e-06,0,0.02106755665214396,model::modernbert_sentiment_profile,ModernBERT + Sentiment Profile,42
9486,0,1.1076084547312348e-06,0,0.02106755665214396,model::modernbert_sentiment_profile,ModernBERT + Sentiment Profile,42
6563,1,1.30125590658281e-06,0,0.02106755665214396,model::modernbert_sentiment_profile,ModernBERT + Sentiment Profile,42
20362,1,1.8044480611933975e-06,0,0.02106755665214396,model::modernbert_sentiment_profile,ModernBERT + Sentiment Profile,42
17141,0,1.4863811657050974e-06,0,0.02106755665214396,model::modernbert_sentiment_profile,ModernBERT + Sentiment Profile,42
5695,0,1.2352445537544554e-06,0,0.02106755665214396,model::modernbert_sentiment_profile,ModernBERT + Sentiment Profile,42
19571,0,1.3470047406372032e-06,0,0.02106755665214396,model::modernbert_sentiment_profile,ModernBERT + Sentiment Profile,42
18271,1,1.964512648555683e-06,0,0.02106755665214396,model::modernbert_sentiment_profile,ModernBERT + Sentiment Profile,42
9009,0,1.3340188615984516e-06,0,0.02106755665214396,model::modernbert_sentiment_profile,ModernBERT + Sentiment Profile,42
687,0,1.3108766552250015e-06,0,0.02106755665214396,model::modernbert_sentiment_profile,ModernBERT + Sentiment Profile,42
7481,1,1.3764371260549524e-06,0,0.02106755665214396,model::modernbert_sentiment_profile,ModernBERT + Sentiment Profile,42
437,1,1.6681575516486191e-06,0,0.02106755665214396,model::modernbert_sentiment_profile,ModernBERT + Sentiment Profile,42
2543,1,1.350852471659891e-06,0,0.02106755665214396,model::modernbert_sentiment_profile,ModernBERT + Sentiment Profile,42
1100,0,1.6750426539147156e-06,0,0.02106755665214396,model::modernbert_sentiment_profile,ModernBERT + Sentiment Profile,42
8900,0,1.4101094620855292e-06,0,0.02106755665214396,model::modernbert_sentiment_profile,ModernBERT + Sentiment Profile,42
18697,0,1.010545474855462e-06,0,0.02106755665214396,model::modernbert_sentiment_profile,ModernBERT + Sentiment Profile,42
13305,1,1.435557805962162e-06,0,0.02106755665214396,model::modernbert_sentiment_profile,ModernBERT + Sentiment Profile,42
17723,0,1.366739411423623e-06,0,0.02106755665214396,model::modernbert_sentiment_profile,ModernBERT + Sentiment Profile,42
5755,0,1.6254218735411996e-06,0,0.02106755665214396,model::modernbert_sentiment_profile,ModernBERT + Sentiment Profile,42
1390,0,1.231774263033003e-06,0,0.02106755665214396,model::modernbert_sentiment_profile,ModernBERT + Sentiment Profile,42
3759,0,1.2469610055632074e-06,0,0.02106755665214396,model::modernbert_sentiment_profile,ModernBERT + Sentiment Profile,42
3392,0,1.1658123639790574e-06,0,0.02106755665214396,model::modernbert_sentiment_profile,ModernBERT + Sentiment Profile,42
11785,0,1.2661978416872444e-06,0,0.02106755665214396,model::modernbert_sentiment_profile,ModernBERT + Sentiment Profile,42
12707,0,1.215203383253538e-06,0,0.02106755665214396,model::modernbert_sentiment_profile,ModernBERT + Sentiment Profile,42
5593,0,1.802815631890553e-06,0,0.02106755665214396,model::modernbert_sentiment_profile,ModernBERT + Sentiment Profile,42
19115,0,1.245433850272093e-06,0,0.02106755665214396,model::modernbert_sentiment_profile,ModernBERT + Sentiment Profile,42
6726,1,1.2165021416876698e-06,0,0.02106755665214396,model::modernbert_sentiment_profile,ModernBERT + Sentiment Profile,42
3046,1,1.220574063154345e-06,0,0.02106755665214396,model::modernbert_sentiment_profile,ModernBERT + Sentiment Profile,42
301,0,1.3644187220052115e-06,0,0.02106755665214396,model::modernbert_sentiment_profile,ModernBERT + Sentiment Profile,42
8395,1,1.4540555639541708e-06,0,0.02106755665214396,model::modernbert_sentiment_profile,ModernBERT + Sentiment Profile,42
19689,0,1.4174859188642586e-06,0,0.02106755665214396,model::modernbert_sentiment_profile,ModernBERT + Sentiment Profile,42
7687,1,1.466230173718941e-06,0,0.02106755665214396,model::modernbert_sentiment_profile,ModernBERT + Sentiment Profile,42
7664,0,1.1624816806943272e-06,0,0.02106755665214396,model::modernbert_sentiment_profile,ModernBERT + Sentiment Profile,42
4550,1,9.518869887870096e-07,0,0.02106755665214396,model::modernbert_sentiment_profile,ModernBERT + Sentiment Profile,42
14612,1,1.7680977180134505e-06,0,0.02106755665214396,model::modernbert_sentiment_profile,ModernBERT + Sentiment Profile,42
17535,0,9.868689403447206e-07,0,0.02106755665214396,model::modernbert_sentiment_profile,ModernBERT + Sentiment Profile,42
14500,0,1.3012038380111337e-06,0,0.02106755665214396,model::modernbert_sentiment_profile,ModernBERT + Sentiment Profile,42
11181,1,1.2939424323121784e-06,0,0.02106755665214396,model::modernbert_sentiment_profile,ModernBERT + Sentiment Profile,42
12882,1,2.158627694370807e-06,0,0.02106755665214396,model::modernbert_sentiment_profile,ModernBERT + Sentiment Profile,42
14542,0,1.2427382216628755e-06,0,0.02106755665214396,model::modernbert_sentiment_profile,ModernBERT + Sentiment Profile,42
12856,1,1.3445277318169246e-06,0,0.02106755665214396,model::modernbert_sentiment_profile,ModernBERT + Sentiment Profile,42
16543,1,1.574399334458576e-06,0,0.02106755665214396,model::modernbert_sentiment_profile,ModernBERT + Sentiment Profile,42
12935,0,1.1461323765615816e-06,0,0.02106755665214396,model::modernbert_sentiment_profile,ModernBERT + Sentiment Profile,42
20507,1,1.2127328545830096e-06,0,0.02106755665214396,model::modernbert_sentiment_profile,ModernBERT + Sentiment Profile,42
20281,1,1.270174379897071e-06,0,0.02106755665214396,model::modernbert_sentiment_profile,ModernBERT + Sentiment Profile,42
11670,1,1.4285203633335186e-06,0,0.02106755665214396,model::modernbert_sentiment_profile,ModernBERT + Sentiment Profile,42
13377,0,2.18323975786916e-06,0,0.02106755665214396,model::modernbert_sentiment_profile,ModernBERT + Sentiment Profile,42
16106,1,1.3001048273508786e-06,0,0.02106755665214396,model::modernbert_sentiment_profile,ModernBERT + Sentiment Profile,42
16093,0,1.2368547004371069e-06,0,0.02106755665214396,model::modernbert_sentiment_profile,ModernBERT + Sentiment Profile,42
17762,1,9.53777998802252e-07,0,0.02106755665214396,model::modernbert_sentiment_profile,ModernBERT + Sentiment Profile,42
3947,0,1.2397338196024066e-06,0,0.02106755665214396,model::modernbert_sentiment_profile,ModernBERT + Sentiment Profile,42
4666,1,1.353889729216462e-06,0,0.02106755665214396,model::modernbert_sentiment_profile,ModernBERT + Sentiment Profile,42
13764,0,1.003846705316391e-06,0,0.02106755665214396,model::modernbert_sentiment_profile,ModernBERT + Sentiment Profile,42
1338,0,1.3050115512669436e-06,0,0.02106755665214396,model::modernbert_sentiment_profile,ModernBERT + Sentiment Profile,42
15915,0,1.6139158560690705e-06,0,0.02106755665214396,model::modernbert_sentiment_profile,ModernBERT + Sentiment Profile,42
19418,1,1.2065345345035894e-06,0,0.02106755665214396,model::modernbert_sentiment_profile,ModernBERT + Sentiment Profile,42
5541,0,1.1688504173434922e-06,0,0.02106755665214396,model::modernbert_sentiment_profile,ModernBERT + Sentiment Profile,42
11345,1,1.1606792895690887e-06,0,0.02106755665214396,model::modernbert_sentiment_profile,ModernBERT + Sentiment Profile,42
13047,1,1.4424193750528502e-06,0,0.02106755665214396,model::modernbert_sentiment_profile,ModernBERT + Sentiment Profile,42
10206,1,1.3712735835724743e-06,0,0.02106755665214396,model::modernbert_sentiment_profile,ModernBERT + Sentiment Profile,42
6940,1,2.412830554021639e-06,0,0.02106755665214396,model::modernbert_sentiment_profile,ModernBERT + Sentiment Profile,42
11720,1,1.3707638117921306e-06,0,0.02106755665214396,model::modernbert_sentiment_profile,ModernBERT + Sentiment Profile,42
2120,0,2.220274154751678e-06,0,0.02106755665214396,model::modernbert_sentiment_profile,ModernBERT + Sentiment Profile,42
21003,0,1.1553893273230642e-06,0,0.02106755665214396,model::modernbert_sentiment_profile,ModernBERT + Sentiment Profile,42
6534,1,1.103751174014178e-06,0,0.02106755665214396,model::modernbert_sentiment_profile,ModernBERT + Sentiment Profile,42
20927,1,1.2695701343545809e-06,0,0.02106755665214396,model::modernbert_sentiment_profile,ModernBERT + Sentiment Profile,42
13107,0,1.664799469835998e-06,0,0.02106755665214396,model::modernbert_sentiment_profile,ModernBERT + Sentiment Profile,42
20603,0,1.7122372355515836e-06,0,0.02106755665214396,model::modernbert_sentiment_profile,ModernBERT + Sentiment Profile,42
9452,1,1.1934826034121215e-06,0,0.02106755665214396,model::modernbert_sentiment_profile,ModernBERT + Sentiment Profile,42
4005,0,1.199136818286206e-06,0,0.02106755665214396,model::modernbert_sentiment_profile,ModernBERT + Sentiment Profile,42
2041,1,1.3317740013008006e-06,0,0.02106755665214396,model::modernbert_sentiment_profile,ModernBERT + Sentiment Profile,42
12589,1,1.3939602467871737e-06,0,0.02106755665214396,model::modernbert_sentiment_profile,ModernBERT + Sentiment Profile,42
99,1,1.8132335526388488e-06,0,0.02106755665214396,model::modernbert_sentiment_profile,ModernBERT + Sentiment Profile,42
4646,0,1.623586058485671e-06,0,0.02106755665214396,model::modernbert_sentiment_profile,ModernBERT + Sentiment Profile,42
1275,0,1.0994596095770248e-06,0,0.02106755665214396,model::modernbert_sentiment_profile,ModernBERT + Sentiment Profile,42
9606,0,1.1773158803407568e-06,0,0.02106755665214396,model::modernbert_sentiment_profile,ModernBERT + Sentiment Profile,42
15552,0,1.1476099643914497e-06,0,0.02106755665214396,model::modernbert_sentiment_profile,ModernBERT + Sentiment Profile,42
15416,1,1.1288530004094357e-06,0,0.02106755665214396,model::modernbert_sentiment_profile,ModernBERT + Sentiment Profile,42
3899,1,1.2586742741405033e-06,0,0.02106755665214396,model::modernbert_sentiment_profile,ModernBERT + Sentiment Profile,42
9168,1,1.2622010672203032e-06,0,0.02106755665214396,model::modernbert_sentiment_profile,ModernBERT + Sentiment Profile,42
20325,1,1.0702800636863683e-06,0,0.02106755665214396,model::modernbert_sentiment_profile,ModernBERT + Sentiment Profile,42
19870,0,1.1730961659850436e-06,0,0.02106755665214396,model::modernbert_sentiment_profile,ModernBERT + Sentiment Profile,42
1973,0,1.4540555639541708e-06,0,0.02106755665214396,model::modernbert_sentiment_profile,ModernBERT + Sentiment Profile,42
16233,1,1.2863412166552737e-06,0,0.02106755665214396,model::modernbert_sentiment_profile,ModernBERT + Sentiment Profile,42
8004,1,1.3765040876023704e-06,0,0.02106755665214396,model::modernbert_sentiment_profile,ModernBERT + Sentiment Profile,42
7704,1,1.243300062014896e-06,0,0.02106755665214396,model::modernbert_sentiment_profile,ModernBERT + Sentiment Profile,42
14453,0,1.438095523553784e-06,0,0.02106755665214396,model::modernbert_sentiment_profile,ModernBERT + Sentiment Profile,42
19283,1,1.510204242549662e-06,0,0.02106755665214396,model::modernbert_sentiment_profile,ModernBERT + Sentiment Profile,42
13121,0,1.6331894130416913e-06,0,0.02106755665214396,model::modernbert_sentiment_profile,ModernBERT + Sentiment Profile,42
933,1,1.160600731964223e-06,0,0.02106755665214396,model::modernbert_sentiment_profile,ModernBERT + Sentiment Profile,42
16534,1,1.2045134099025745e-06,0,0.02106755665214396,model::modernbert_sentiment_profile,ModernBERT + Sentiment Profile,42
13551,0,1.58221416768356e-06,0,0.02106755665214396,model::modernbert_sentiment_profile,ModernBERT + Sentiment Profile,42
20584,0,1.339892833129852e-06,0,0.02106755665214396,model::modernbert_sentiment_profile,ModernBERT + Sentiment Profile,42
8329,1,1.604661633791693e-06,0,0.02106755665214396,model::modernbert_sentiment_profile,ModernBERT + Sentiment Profile,42
442,1,1.4732396493855049e-06,0,0.02106755665214396,model::modernbert_sentiment_profile,ModernBERT + Sentiment Profile,42
9517,0,1.367419940834225e-06,0,0.02106755665214396,model::modernbert_sentiment_profile,ModernBERT + Sentiment Profile,42
15277,0,1.0839066817425191e-06,0,0.02106755665214396,model::modernbert_sentiment_profile,ModernBERT + Sentiment Profile,42
8177,0,1.5023238120193128e-06,0,0.02106755665214396,model::modernbert_sentiment_profile,ModernBERT + Sentiment Profile,42
9740,0,1.910121909531881e-06,0,0.02106755665214396,model::modernbert_sentiment_profile,ModernBERT + Sentiment Profile,42
18612,0,1.3005017081013648e-06,0,0.02106755665214396,model::modernbert_sentiment_profile,ModernBERT + Sentiment Profile,42
7065,1,1.2539766203190084e-06,0,0.02106755665214396,model::modernbert_sentiment_profile,ModernBERT + Sentiment Profile,42
17108,1,1.511505388407386e-06,0,0.02106755665214396,model::modernbert_sentiment_profile,ModernBERT + Sentiment Profile,42
623,1,1.395489903188718e-06,0,0.02106755665214396,model::modernbert_sentiment_profile,ModernBERT + Sentiment Profile,42
450,1,2.486906396370614e-06,0,0.02106755665214396,model::modernbert_sentiment_profile,ModernBERT + Sentiment Profile,42
14789,1,9.992486411647403e-07,0,0.02106755665214396,model::modernbert_sentiment_profile,ModernBERT + Sentiment Profile,42
20505,1,1.2357157856968115e-06,0,0.02106755665214396,model::modernbert_sentiment_profile,ModernBERT + Sentiment Profile,42
6836,1,1.1504722579047666e-06,0,0.02106755665214396,model::modernbert_sentiment_profile,ModernBERT + Sentiment Profile,42
1568,0,1.34974879983929e-06,0,0.02106755665214396,model::modernbert_sentiment_profile,ModernBERT + Sentiment Profile,42
4933,0,1.6800148614493082e-06,0,0.02106755665214396,model::modernbert_sentiment_profile,ModernBERT + Sentiment Profile,42
1934,1,1.325699145127146e-06,0,0.02106755665214396,model::modernbert_sentiment_profile,ModernBERT + Sentiment Profile,42
3849,0,1.5057734117362995e-06,0,0.02106755665214396,model::modernbert_sentiment_profile,ModernBERT + Sentiment Profile,42
8418,1,1.2719126516458346e-06,0,0.02106755665214396,model::modernbert_sentiment_profile,ModernBERT + Sentiment Profile,42
11146,0,1.3507094536180375e-06,0,0.02106755665214396,model::modernbert_sentiment_profile,ModernBERT + Sentiment Profile,42
2858,0,1.1932913821510738e-06,0,0.02106755665214396,model::modernbert_sentiment_profile,ModernBERT + Sentiment Profile,42
11360,0,1.1434608495619614e-06,0,0.02106755665214396,model::modernbert_sentiment_profile,ModernBERT + Sentiment Profile,42
6587,1,1.3369914313443587e-06,0,0.02106755665214396,model::modernbert_sentiment_profile,ModernBERT + Sentiment Profile,42
16519,0,1.1741483376681572e-06,0,0.02106755665214396,model::modernbert_sentiment_profile,ModernBERT + Sentiment Profile,42
4196,0,1.390415377500176e-06,0,0.02106755665214396,model::modernbert_sentiment_profile,ModernBERT + Sentiment Profile,42
7775,1,1.203497276947019e-06,0,0.02106755665214396,model::modernbert_sentiment_profile,ModernBERT + Sentiment Profile,42
16531,1,1.6081100966403028e-06,0,0.02106755665214396,model::modernbert_sentiment_profile,ModernBERT + Sentiment Profile,42
4179,0,1.176384330392466e-06,0,0.02106755665214396,model::modernbert_sentiment_profile,ModernBERT + Sentiment Profile,42
12064,1,1.367207460134523e-06,0,0.02106755665214396,model::modernbert_sentiment_profile,ModernBERT + Sentiment Profile,42
6925,0,1.2103041626687627e-06,0,0.02106755665214396,model::modernbert_sentiment_profile,ModernBERT + Sentiment Profile,42
14658,1,1.5679996749895508e-06,0,0.02106755665214396,model::modernbert_sentiment_profile,ModernBERT + Sentiment Profile,42
8300,1,1.3232663604867412e-06,0,0.02106755665214396,model::modernbert_sentiment_profile,ModernBERT + Sentiment Profile,42
7488,1,1.324379809375387e-06,0,0.02106755665214396,model::modernbert_sentiment_profile,ModernBERT + Sentiment Profile,42
6391,1,1.359658085675619e-06,0,0.02106755665214396,model::modernbert_sentiment_profile,ModernBERT + Sentiment Profile,42
2972,1,1.547624265185732e-06,0,0.02106755665214396,model::modernbert_sentiment_profile,ModernBERT + Sentiment Profile,42
4309,1,1.438332787984109e-06,0,0.02106755665214396,model::modernbert_sentiment_profile,ModernBERT + Sentiment Profile,42
14302,0,1.2661639630096031e-06,0,0.02106755665214396,model::modernbert_sentiment_profile,ModernBERT + Sentiment Profile,42
2721,0,1.3657778481501737e-06,0,0.02106755665214396,model::modernbert_sentiment_profile,ModernBERT + Sentiment Profile,42
9113,0,1.425153868694906e-06,0,0.02106755665214396,model::modernbert_sentiment_profile,ModernBERT + Sentiment Profile,42
5905,1,1.3442700037558095e-06,0,0.02106755665214396,model::modernbert_sentiment_profile,ModernBERT + Sentiment Profile,42
13630,1,1.448614625587652e-06,0,0.02106755665214396,model::modernbert_sentiment_profile,ModernBERT + Sentiment Profile,42
11675,1,1.4422956837734091e-06,0,0.02106755665214396,model::modernbert_sentiment_profile,ModernBERT + Sentiment Profile,42
2821,1,1.2917379308419186e-06,0,0.02106755665214396,model::modernbert_sentiment_profile,ModernBERT + Sentiment Profile,42
13740,0,1.740362336022372e-06,0,0.02106755665214396,model::modernbert_sentiment_profile,ModernBERT + Sentiment Profile,42
10802,1,1.25071619549999e-06,0,0.02106755665214396,model::modernbert_sentiment_profile,ModernBERT + Sentiment Profile,42
16566,1,1.1800823358498749e-06,0,0.02106755665214396,model::modernbert_sentiment_profile,ModernBERT + Sentiment Profile,42
13407,1,1.396182142343605e-06,0,0.02106755665214396,model::modernbert_sentiment_profile,ModernBERT + Sentiment Profile,42
21118,0,1.2920507970193285e-06,0,0.02106755665214396,model::modernbert_sentiment_profile,ModernBERT + Sentiment Profile,42
10513,1,1.3856976011084043e-06,0,0.02106755665214396,model::modernbert_sentiment_profile,ModernBERT + Sentiment Profile,42
9566,0,1.1637683883236605e-06,0,0.02106755665214396,model::modernbert_sentiment_profile,ModernBERT + Sentiment Profile,42
13783,1,1.3889416550227909e-06,0,0.02106755665214396,model::modernbert_sentiment_profile,ModernBERT + Sentiment Profile,42
560,1,1.1889941333720344e-06,0,0.02106755665214396,model::modernbert_sentiment_profile,ModernBERT + Sentiment Profile,42
17002,1,1.3339971474124468e-06,0,0.02106755665214396,model::modernbert_sentiment_profile,ModernBERT + Sentiment Profile,42
5175,1,1.4763367062187172e-06,0,0.02106755665214396,model::modernbert_sentiment_profile,ModernBERT + Sentiment Profile,42
5690,1,1.6667486306687351e-06,0,0.02106755665214396,model::modernbert_sentiment_profile,ModernBERT + Sentiment Profile,42
15444,1,1.356363327431609e-06,0,0.02106755665214396,model::modernbert_sentiment_profile,ModernBERT + Sentiment Profile,42
10214,1,1.4741250424776808e-06,0,0.02106755665214396,model::modernbert_sentiment_profile,ModernBERT + Sentiment Profile,42
3049,1,1.2210770137244251e-06,0,0.02106755665214396,model::modernbert_sentiment_profile,ModernBERT + Sentiment Profile,42
2883,0,1.170976929643075e-06,0,0.02106755665214396,model::modernbert_sentiment_profile,ModernBERT + Sentiment Profile,42
975,1,1.5240025277307725e-06,0,0.02106755665214396,model::modernbert_sentiment_profile,ModernBERT + Sentiment Profile,42
71,0,1.4870872746541863e-06,0,0.02106755665214396,model::modernbert_sentiment_profile,ModernBERT + Sentiment Profile,42
4599,1,1.4906269143466488e-06,0,0.02106755665214396,model::modernbert_sentiment_profile,ModernBERT + Sentiment Profile,42
18275,0,1.2699794069703785e-06,0,0.02106755665214396,model::modernbert_sentiment_profile,ModernBERT + Sentiment Profile,42
17571,1,1.4741320910616196e-06,0,0.02106755665214396,model::modernbert_sentiment_profile,ModernBERT + Sentiment Profile,42
8416,0,1.2791492736141663e-06,0,0.02106755665214396,model::modernbert_sentiment_profile,ModernBERT + Sentiment Profile,42
3943,0,1.5244182804963202e-06,0,0.02106755665214396,model::modernbert_sentiment_profile,ModernBERT + Sentiment Profile,42
5303,0,1.3944043075753143e-06,0,0.02106755665214396,model::modernbert_sentiment_profile,ModernBERT + Sentiment Profile,42
16788,1,1.4050781373953214e-06,0,0.02106755665214396,model::modernbert_sentiment_profile,ModernBERT + Sentiment Profile,42
18501,0,1.510575884822174e-06,0,0.02106755665214396,model::modernbert_sentiment_profile,ModernBERT + Sentiment Profile,42
2130,1,1.3130750176060246e-06,0,0.02106755665214396,model::modernbert_sentiment_profile,ModernBERT + Sentiment Profile,42
17344,1,1.1745022447939846e-06,0,0.02106755665214396,model::modernbert_sentiment_profile,ModernBERT + Sentiment Profile,42
19397,1,1.4232468856789635e-06,0,0.02106755665214396,model::modernbert_sentiment_profile,ModernBERT + Sentiment Profile,42
19239,1,1.434677756151359e-06,0,0.02106755665214396,model::modernbert_sentiment_profile,ModernBERT + Sentiment Profile,42
17745,0,1.307816091866698e-06,0,0.02106755665214396,model::modernbert_sentiment_profile,ModernBERT + Sentiment Profile,42
18320,0,4.454249392438214e-06,0,0.02106755665214396,model::modernbert_sentiment_profile,ModernBERT + Sentiment Profile,42
1295,1,1.1954134606639857e-06,0,0.02106755665214396,model::modernbert_sentiment_profile,ModernBERT + Sentiment Profile,42
16517,0,1.436835646018153e-06,0,0.02106755665214396,model::modernbert_sentiment_profile,ModernBERT + Sentiment Profile,42
14688,1,1.3491979871105286e-06,0,0.02106755665214396,model::modernbert_sentiment_profile,ModernBERT + Sentiment Profile,42
14603,1,1.4767620086786335e-06,0,0.02106755665214396,model::modernbert_sentiment_profile,ModernBERT + Sentiment Profile,42
6744,1,1.7188469882967183e-06,0,0.02106755665214396,model::modernbert_sentiment_profile,ModernBERT + Sentiment Profile,42
6995,1,8.520926257915562e-07,0,0.02106755665214396,model::modernbert_sentiment_profile,ModernBERT + Sentiment Profile,42
17663,1,1.350142838418833e-06,0,0.02106755665214396,model::modernbert_sentiment_profile,ModernBERT + Sentiment Profile,42
4851,1,1.3214024647822953e-06,0,0.02106755665214396,model::modernbert_sentiment_profile,ModernBERT + Sentiment Profile,42
958,1,1.350923298559792e-06,0,0.02106755665214396,model::modernbert_sentiment_profile,ModernBERT + Sentiment Profile,42
19857,0,1.1597531965890084e-06,0,0.02106755665214396,model::modernbert_sentiment_profile,ModernBERT + Sentiment Profile,42
349,1,1.2325803027124491e-06,0,0.02106755665214396,model::modernbert_sentiment_profile,ModernBERT + Sentiment Profile,42
16537,1,1.4075593526285957e-06,0,0.02106755665214396,model::modernbert_sentiment_profile,ModernBERT + Sentiment Profile,42
2859,0,2.2906920094101224e-06,0,0.02106755665214396,model::modernbert_sentiment_profile,ModernBERT + Sentiment Profile,42
1002,1,1.3144206150172977e-06,0,0.02106755665214396,model::modernbert_sentiment_profile,ModernBERT + Sentiment Profile,42
19216,1,1.3160198477635277e-06,0,0.02106755665214396,model::modernbert_sentiment_profile,ModernBERT + Sentiment Profile,42
8488,0,9.48772935771558e-07,0,0.02106755665214396,model::modernbert_sentiment_profile,ModernBERT + Sentiment Profile,42
10341,1,1.3376368315221043e-06,0,0.02106755665214396,model::modernbert_sentiment_profile,ModernBERT + Sentiment Profile,42
5760,1,1.2164649660917348e-06,0,0.02106755665214396,model::modernbert_sentiment_profile,ModernBERT + Sentiment Profile,42
20532,0,1.5323694242397323e-06,0,0.02106755665214396,model::modernbert_sentiment_profile,ModernBERT + Sentiment Profile,42
3037,1,1.086244310499751e-06,0,0.02106755665214396,model::modernbert_sentiment_profile,ModernBERT + Sentiment Profile,42
13980,0,1.9882247670466317e-06,0,0.02106755665214396,model::modernbert_sentiment_profile,ModernBERT + Sentiment Profile,42
3036,1,1.3193021004553884e-06,0,0.02106755665214396,model::modernbert_sentiment_profile,ModernBERT + Sentiment Profile,42
21108,0,1.4719981891175848e-06,0,0.02106755665214396,model::modernbert_sentiment_profile,ModernBERT + Sentiment Profile,42
12034,0,1.838983166635444e-06,0,0.02106755665214396,model::modernbert_sentiment_profile,ModernBERT + Sentiment Profile,42
240,1,1.4138865935819922e-06,0,0.02106755665214396,model::modernbert_sentiment_profile,ModernBERT + Sentiment Profile,42
15026,0,1.525142465652607e-06,0,0.02106755665214396,model::modernbert_sentiment_profile,ModernBERT + Sentiment Profile,42
5678,1,1.402489033353049e-06,0,0.02106755665214396,model::modernbert_sentiment_profile,ModernBERT + Sentiment Profile,42
4760,1,1.238507252310228e-06,0,0.02106755665214396,model::modernbert_sentiment_profile,ModernBERT + Sentiment Profile,42
19464,0,1.70232317486807e-06,0,0.02106755665214396,model::modernbert_sentiment_profile,ModernBERT + Sentiment Profile,42
5420,1,1.8091296851707737e-06,0,0.02106755665214396,model::modernbert_sentiment_profile,ModernBERT + Sentiment Profile,42
12307,0,1.554161599415238e-06,0,0.02106755665214396,model::modernbert_sentiment_profile,ModernBERT + Sentiment Profile,42
14776,1,1.217309886669682e-06,0,0.02106755665214396,model::modernbert_sentiment_profile,ModernBERT + Sentiment Profile,42
7210,1,1.6911693592192023e-06,0,0.02106755665214396,model::modernbert_sentiment_profile,ModernBERT + Sentiment Profile,42
19302,0,1.4091267530602636e-06,0,0.02106755665214396,model::modernbert_sentiment_profile,ModernBERT + Sentiment Profile,42
7499,0,1.015714360619313e-06,0,0.02106755665214396,model::modernbert_sentiment_profile,ModernBERT + Sentiment Profile,42
11150,1,2.160563553843531e-06,0,0.02106755665214396,model::modernbert_sentiment_profile,ModernBERT + Sentiment Profile,42
4167,1,1.4002037005411694e-06,0,0.02106755665214396,model::modernbert_sentiment_profile,ModernBERT + Sentiment Profile,42
1192,0,1.053095161296369e-06,0,0.02106755665214396,model::modernbert_sentiment_profile,ModernBERT + Sentiment Profile,42
15361,1,1.3093423376631108e-06,0,0.02106755665214396,model::modernbert_sentiment_profile,ModernBERT + Sentiment Profile,42
7651,0,1.3424547660179087e-06,0,0.02106755665214396,model::modernbert_sentiment_profile,ModernBERT + Sentiment Profile,42
15504,0,1.3103341416353942e-06,0,0.02106755665214396,model::modernbert_sentiment_profile,ModernBERT + Sentiment Profile,42
14752,0,1.4119368643150665e-06,0,0.02106755665214396,model::modernbert_sentiment_profile,ModernBERT + Sentiment Profile,42
2178,1,1.2937597375639598e-06,0,0.02106755665214396,model::modernbert_sentiment_profile,ModernBERT + Sentiment Profile,42
18332,0,1.4819424904999323e-06,0,0.02106755665214396,model::modernbert_sentiment_profile,ModernBERT + Sentiment Profile,42
13009,0,1.5271742768163676e-06,0,0.02106755665214396,model::modernbert_sentiment_profile,ModernBERT + Sentiment Profile,42
8134,0,2.444421625114046e-06,0,0.02106755665214396,model::modernbert_sentiment_profile,ModernBERT + Sentiment Profile,42
20680,0,1.170285941043403e-06,0,0.02106755665214396,model::modernbert_sentiment_profile,ModernBERT + Sentiment Profile,42
5438,0,1.5250814158207504e-06,0,0.02106755665214396,model::modernbert_sentiment_profile,ModernBERT + Sentiment Profile,42
1743,1,1.244775944542198e-06,0,0.02106755665214396,model::modernbert_sentiment_profile,ModernBERT + Sentiment Profile,42
6833,1,1.2732136838167207e-06,0,0.02106755665214396,model::modernbert_sentiment_profile,ModernBERT + Sentiment Profile,42
5762,0,1.5842917946429225e-06,0,0.02106755665214396,model::modernbert_sentiment_profile,ModernBERT + Sentiment Profile,42
2603,1,1.343505005024781e-06,0,0.02106755665214396,model::modernbert_sentiment_profile,ModernBERT + Sentiment Profile,42
16252,0,1.3346716514206491e-06,0,0.02106755665214396,model::modernbert_sentiment_profile,ModernBERT + Sentiment Profile,42
11280,1,1.140766130447446e-06,0,0.02106755665214396,model::modernbert_sentiment_profile,ModernBERT + Sentiment Profile,42
20734,1,1.2106505664633005e-06,0,0.02106755665214396,model::modernbert_sentiment_profile,ModernBERT + Sentiment Profile,42
18310,0,2.0676495751104085e-06,0,0.02106755665214396,model::modernbert_sentiment_profile,ModernBERT + Sentiment Profile,42
2826,1,1.32895229398855e-06,0,0.02106755665214396,model::modernbert_sentiment_profile,ModernBERT + Sentiment Profile,42
9081,0,2.1111100068083037e-06,0,0.02106755665214396,model::modernbert_sentiment_profile,ModernBERT + Sentiment Profile,42
11562,0,1.1407161082388484e-06,0,0.02106755665214396,model::modernbert_sentiment_profile,ModernBERT + Sentiment Profile,42
19919,0,1.122770754591329e-06,0,0.02106755665214396,model::modernbert_sentiment_profile,ModernBERT + Sentiment Profile,42
2044,0,1.7584320630703587e-06,0,0.02106755665214396,model::modernbert_sentiment_profile,ModernBERT + Sentiment Profile,42
11372,1,1.3024117606619257e-06,0,0.02106755665214396,model::modernbert_sentiment_profile,ModernBERT + Sentiment Profile,42
3645,0,1.3845086641595117e-06,0,0.02106755665214396,model::modernbert_sentiment_profile,ModernBERT + Sentiment Profile,42
18497,0,1.407258650942822e-06,0,0.02106755665214396,model::modernbert_sentiment_profile,ModernBERT + Sentiment Profile,42
9128,1,1.5833840052437154e-06,0,0.02106755665214396,model::modernbert_sentiment_profile,ModernBERT + Sentiment Profile,42
16396,0,1.139740675171197e-06,0,0.02106755665214396,model::modernbert_sentiment_profile,ModernBERT + Sentiment Profile,42
10989,0,1.4821657714492176e-06,0,0.02106755665214396,model::modernbert_sentiment_profile,ModernBERT + Sentiment Profile,42
10863,1,1.143833856076526e-06,0,0.02106755665214396,model::modernbert_sentiment_profile,ModernBERT + Sentiment Profile,42
15927,1,1.2618244227269315e-06,0,0.02106755665214396,model::modernbert_sentiment_profile,ModernBERT + Sentiment Profile,42
8657,0,3.05122421195847e-06,0,0.02106755665214396,model::modernbert_sentiment_profile,ModernBERT + Sentiment Profile,42
15322,0,9.993229923566105e-07,0,0.02106755665214396,model::modernbert_sentiment_profile,ModernBERT + Sentiment Profile,42
356,1,1.4616633734476636e-06,0,0.02106755665214396,model::modernbert_sentiment_profile,ModernBERT + Sentiment Profile,42
1379,0,2.2402184640668565e-06,0,0.02106755665214396,model::modernbert_sentiment_profile,ModernBERT + Sentiment Profile,42
18572,1,1.1953917464779806e-06,0,0.02106755665214396,model::modernbert_sentiment_profile,ModernBERT + Sentiment Profile,42
4491,1,1.3440136399367475e-06,0,0.02106755665214396,model::modernbert_sentiment_profile,ModernBERT + Sentiment Profile,42
11479,1,1.570467475175974e-06,0,0.02106755665214396,model::modernbert_sentiment_profile,ModernBERT + Sentiment Profile,42
1809,1,1.370957193103095e-06,0,0.02106755665214396,model::modernbert_sentiment_profile,ModernBERT + Sentiment Profile,42
7043,0,1.6398505522374762e-06,0,0.02106755665214396,model::modernbert_sentiment_profile,ModernBERT + Sentiment Profile,42
1571,1,1.2943311276103486e-06,0,0.02106755665214396,model::modernbert_sentiment_profile,ModernBERT + Sentiment Profile,42
12700,0,1.8593814274936449e-06,0,0.02106755665214396,model::modernbert_sentiment_profile,ModernBERT + Sentiment Profile,42
4120,1,1.2933527386849164e-06,0,0.02106755665214396,model::modernbert_sentiment_profile,ModernBERT + Sentiment Profile,42
8406,0,1.5179828096734127e-06,0,0.02106755665214396,model::modernbert_sentiment_profile,ModernBERT + Sentiment Profile,42
7007,0,1.231688543157361e-06,0,0.02106755665214396,model::modernbert_sentiment_profile,ModernBERT + Sentiment Profile,42
17529,1,1.518560566182714e-06,0,0.02106755665214396,model::modernbert_sentiment_profile,ModernBERT + Sentiment Profile,42
16354,1,1.4912142205503187e-06,0,0.02106755665214396,model::modernbert_sentiment_profile,ModernBERT + Sentiment Profile,42
2532,1,1.3763255992671477e-06,0,0.02106755665214396,model::modernbert_sentiment_profile,ModernBERT + Sentiment Profile,42
5685,0,3.717286517712637e-06,0,0.02106755665214396,model::modernbert_sentiment_profile,ModernBERT + Sentiment Profile,42
2546,0,1.6115842527142377e-06,0,0.02106755665214396,model::modernbert_sentiment_profile,ModernBERT + Sentiment Profile,42
10159,1,1.2880327631137334e-06,0,0.02106755665214396,model::modernbert_sentiment_profile,ModernBERT + Sentiment Profile,42
12958,1,1.259865598512988e-06,0,0.02106755665214396,model::modernbert_sentiment_profile,ModernBERT + Sentiment Profile,42
18460,1,1.5340319805545732e-06,0,0.02106755665214396,model::modernbert_sentiment_profile,ModernBERT + Sentiment Profile,42
2067,0,1.3959704574517673e-06,0,0.02106755665214396,model::modernbert_sentiment_profile,ModernBERT + Sentiment Profile,42
12297,0,1.4892586932546692e-06,0,0.02106755665214396,model::modernbert_sentiment_profile,ModernBERT + Sentiment Profile,42
19561,0,1.5310694152503856e-06,0,0.02106755665214396,model::modernbert_sentiment_profile,ModernBERT + Sentiment Profile,42
8142,1,1.5015174312793531e-06,0,0.02106755665214396,model::modernbert_sentiment_profile,ModernBERT + Sentiment Profile,42
922,0,1.175426632471499e-06,0,0.02106755665214396,model::modernbert_sentiment_profile,ModernBERT + Sentiment Profile,42
3496,0,1.4507036212307869e-06,0,0.02106755665214396,model::modernbert_sentiment_profile,ModernBERT + Sentiment Profile,42
5346,0,2.037015065070591e-06,0,0.02106755665214396,model::modernbert_sentiment_profile,ModernBERT + Sentiment Profile,42
19890,1,1.2785382068614126e-06,0,0.02106755665214396,model::modernbert_sentiment_profile,ModernBERT + Sentiment Profile,42
16429,0,1.6886519915715326e-06,0,0.02106755665214396,model::modernbert_sentiment_profile,ModernBERT + Sentiment Profile,42
10869,0,1.069197651304421e-06,0,0.02106755665214396,model::modernbert_sentiment_profile,ModernBERT + Sentiment Profile,42
8273,1,1.4035352933206011e-06,0,0.02106755665214396,model::modernbert_sentiment_profile,ModernBERT + Sentiment Profile,42
10339,1,1.5639539014955517e-06,0,0.02106755665214396,model::modernbert_sentiment_profile,ModernBERT + Sentiment Profile,42
9749,0,1.1747418966479015e-06,0,0.02106755665214396,model::modernbert_sentiment_profile,ModernBERT + Sentiment Profile,42
17167,0,3.0597884688177146e-06,0,0.02106755665214396,model::modernbert_sentiment_profile,ModernBERT + Sentiment Profile,42
5026,1,1.4432106354433929e-06,0,0.02106755665214396,model::modernbert_sentiment_profile,ModernBERT + Sentiment Profile,42
10248,0,1.4568898905054084e-06,0,0.02106755665214396,model::modernbert_sentiment_profile,ModernBERT + Sentiment Profile,42
14065,0,1.3200685771153076e-06,0,0.02106755665214396,model::modernbert_sentiment_profile,ModernBERT + Sentiment Profile,42
6297,1,1.0743768825705049e-06,0,0.02106755665214396,model::modernbert_sentiment_profile,ModernBERT + Sentiment Profile,42
16078,1,1.0928935125775752e-06,0,0.02106755665214396,model::modernbert_sentiment_profile,ModernBERT + Sentiment Profile,42
16743,0,1.0988254643962136e-06,0,0.02106755665214396,model::modernbert_sentiment_profile,ModernBERT + Sentiment Profile,42
8902,0,1.2477984228098649e-06,0,0.02106755665214396,model::modernbert_sentiment_profile,ModernBERT + Sentiment Profile,42
14127,1,1.539395725558279e-06,0,0.02106755665214396,model::modernbert_sentiment_profile,ModernBERT + Sentiment Profile,42
5936,0,1.4487196722257067e-06,0,0.02106755665214396,model::modernbert_sentiment_profile,ModernBERT + Sentiment Profile,42
20673,0,1.173270788967784e-06,0,0.02106755665214396,model::modernbert_sentiment_profile,ModernBERT + Sentiment Profile,42
13323,0,1.4229863154469058e-06,0,0.02106755665214396,model::modernbert_sentiment_profile,ModernBERT + Sentiment Profile,42
7763,1,1.2689260984188877e-06,0,0.02106755665214396,model::modernbert_sentiment_profile,ModernBERT + Sentiment Profile,42
18230,1,1.213277755596209e-06,0,0.02106755665214396,model::modernbert_sentiment_profile,ModernBERT + Sentiment Profile,42
11361,1,1.1961535619775532e-06,0,0.02106755665214396,model::modernbert_sentiment_profile,ModernBERT + Sentiment Profile,42
9224,1,1.510643642177456e-06,0,0.02106755665214396,model::modernbert_sentiment_profile,ModernBERT + Sentiment Profile,42
17556,1,1.3792952131552738e-06,0,0.02106755665214396,model::modernbert_sentiment_profile,ModernBERT + Sentiment Profile,42
3794,1,1.3659575870406115e-06,0,0.02106755665214396,model::modernbert_sentiment_profile,ModernBERT + Sentiment Profile,42
3683,0,1.072785721589753e-06,0,0.02106755665214396,model::modernbert_sentiment_profile,ModernBERT + Sentiment Profile,42
8623,1,1.235484887729399e-06,0,0.02106755665214396,model::modernbert_sentiment_profile,ModernBERT + Sentiment Profile,42
7348,1,1.7316671119260718e-06,0,0.02106755665214396,model::modernbert_sentiment_profile,ModernBERT + Sentiment Profile,42
17574,0,1.643022073949396e-06,0,0.02106755665214396,model::modernbert_sentiment_profile,ModernBERT + Sentiment Profile,42
19168,0,9.805879699342768e-07,0,0.02106755665214396,model::modernbert_sentiment_profile,ModernBERT + Sentiment Profile,42
6346,0,1.5059429188113429e-06,0,0.02106755665214396,model::modernbert_sentiment_profile,ModernBERT + Sentiment Profile,42
2109,0,2.1773180378659163e-06,0,0.02106755665214396,model::modernbert_sentiment_profile,ModernBERT + Sentiment Profile,42
5736,1,1.641593598833424e-06,0,0.02106755665214396,model::modernbert_sentiment_profile,ModernBERT + Sentiment Profile,42
3677,0,1.755769289957243e-06,0,0.02106755665214396,model::modernbert_sentiment_profile,ModernBERT + Sentiment Profile,42
14181,0,1.6465796761622189e-06,0,0.02106755665214396,model::modernbert_sentiment_profile,ModernBERT + Sentiment Profile,42
16696,0,1.1914436299775844e-06,0,0.02106755665214396,model::modernbert_sentiment_profile,ModernBERT + Sentiment Profile,42
18115,0,1.2794555459549883e-06,0,0.02106755665214396,model::modernbert_sentiment_profile,ModernBERT + Sentiment Profile,42
1098,1,1.4100340877121198e-06,0,0.02106755665214396,model::modernbert_sentiment_profile,ModernBERT + Sentiment Profile,42
5422,0,1.728677261780831e-06,0,0.02106755665214396,model::modernbert_sentiment_profile,ModernBERT + Sentiment Profile,42
703,0,1.150979301201005e-06,0,0.02106755665214396,model::modernbert_sentiment_profile,ModernBERT + Sentiment Profile,42
12024,1,1.5553018783975858e-06,0,0.02106755665214396,model::modernbert_sentiment_profile,ModernBERT + Sentiment Profile,42
19715,1,8.943429747887421e-07,0,0.02106755665214396,model::modernbert_sentiment_profile,ModernBERT + Sentiment Profile,42
16386,1,1.6328935998899397e-06,0,0.02106755665214396,model::modernbert_sentiment_profile,ModernBERT + Sentiment Profile,42
18231,1,9.15630323561345e-07,0,0.02106755665214396,model::modernbert_sentiment_profile,ModernBERT + Sentiment Profile,42
8966,1,1.3478939990818617e-06,0,0.02106755665214396,model::modernbert_sentiment_profile,ModernBERT + Sentiment Profile,42
19704,1,1.2516014749053284e-06,0,0.02106755665214396,model::modernbert_sentiment_profile,ModernBERT + Sentiment Profile,42
11636,0,1.6602728010184364e-06,0,0.02106755665214396,model::modernbert_sentiment_profile,ModernBERT + Sentiment Profile,42
10984,1,1.444425038243935e-06,0,0.02106755665214396,model::modernbert_sentiment_profile,ModernBERT + Sentiment Profile,42
9195,1,1.1296467619104078e-06,0,0.02106755665214396,model::modernbert_sentiment_profile,ModernBERT + Sentiment Profile,42
1893,1,1.5142726397243678e-06,0,0.02106755665214396,model::modernbert_sentiment_profile,ModernBERT + Sentiment Profile,42
11198,1,1.7536123095851508e-06,0,0.02106755665214396,model::modernbert_sentiment_profile,ModernBERT + Sentiment Profile,42
433,0,1.2823896895497455e-06,0,0.02106755665214396,model::modernbert_sentiment_profile,ModernBERT + Sentiment Profile,42
18411,1,1.557577320454584e-06,0,0.02106755665214396,model::modernbert_sentiment_profile,ModernBERT + Sentiment Profile,42
11101,0,1.179645664706186e-06,0,0.02106755665214396,model::modernbert_sentiment_profile,ModernBERT + Sentiment Profile,42
11375,0,1.2166657370471512e-06,0,0.02106755665214396,model::modernbert_sentiment_profile,ModernBERT + Sentiment Profile,42
1442,1,1.268968503609358e-06,0,0.02106755665214396,model::modernbert_sentiment_profile,ModernBERT + Sentiment Profile,42
10872,0,9.484418228566938e-07,0,0.02106755665214396,model::modernbert_sentiment_profile,ModernBERT + Sentiment Profile,42
17480,0,2.783279796858551e-06,0,0.02106755665214396,model::modernbert_sentiment_profile,ModernBERT + Sentiment Profile,42
9183,0,1.4746200349691208e-06,0,0.02106755665214396,model::modernbert_sentiment_profile,ModernBERT + Sentiment Profile,42
13866,1,1.3603610113932518e-06,0,0.02106755665214396,model::modernbert_sentiment_profile,ModernBERT + Sentiment Profile,42
5929,0,1.6508595308550866e-06,0,0.02106755665214396,model::modernbert_sentiment_profile,ModernBERT + Sentiment Profile,42
10569,1,1.8450824654792088e-06,0,0.02106755665214396,model::modernbert_sentiment_profile,ModernBERT + Sentiment Profile,42
6481,1,1.351972400698287e-06,0,0.02106755665214396,model::modernbert_sentiment_profile,ModernBERT + Sentiment Profile,42
5854,0,1.4803914609728963e-06,0,0.02106755665214396,model::modernbert_sentiment_profile,ModernBERT + Sentiment Profile,42
5637,0,1.385901100547926e-06,0,0.02106755665214396,model::modernbert_sentiment_profile,ModernBERT + Sentiment Profile,42
21022,0,1.2589372317961534e-06,0,0.02106755665214396,model::modernbert_sentiment_profile,ModernBERT + Sentiment Profile,42
20695,0,1.6500064248248236e-06,0,0.02106755665214396,model::modernbert_sentiment_profile,ModernBERT + Sentiment Profile,42
6808,1,1.1260854080319405e-06,0,0.02106755665214396,model::modernbert_sentiment_profile,ModernBERT + Sentiment Profile,42
1191,1,1.2182191539977794e-06,0,0.02106755665214396,model::modernbert_sentiment_profile,ModernBERT + Sentiment Profile,42
17878,0,1.756335336722259e-06,0,0.02106755665214396,model::modernbert_sentiment_profile,ModernBERT + Sentiment Profile,42
11825,1,1.3524237374440418e-06,0,0.02106755665214396,model::modernbert_sentiment_profile,ModernBERT + Sentiment Profile,42
19889,1,1.1596282547543524e-06,0,0.02106755665214396,model::modernbert_sentiment_profile,ModernBERT + Sentiment Profile,42
10247,0,1.0698249752749689e-06,0,0.02106755665214396,model::modernbert_sentiment_profile,ModernBERT + Sentiment Profile,42
3557,1,1.4184745396050855e-06,0,0.02106755665214396,model::modernbert_sentiment_profile,ModernBERT + Sentiment Profile,42
7942,0,1.1605000054260015e-06,0,0.02106755665214396,model::modernbert_sentiment_profile,ModernBERT + Sentiment Profile,42
6347,0,1.6467083696625195e-06,0,0.02106755665214396,model::modernbert_sentiment_profile,ModernBERT + Sentiment Profile,42
10139,1,1.7179833093905472e-06,0,0.02106755665214396,model::modernbert_sentiment_profile,ModernBERT + Sentiment Profile,42
13933,0,1.003217903416953e-06,0,0.02106755665214396,model::modernbert_sentiment_profile,ModernBERT + Sentiment Profile,42
15745,1,1.3059328693998395e-06,0,0.02106755665214396,model::modernbert_sentiment_profile,ModernBERT + Sentiment Profile,42
5715,1,1.4297660300144344e-06,0,0.02106755665214396,model::modernbert_sentiment_profile,ModernBERT + Sentiment Profile,42
17278,0,1.3432180594463716e-06,0,0.02106755665214396,model::modernbert_sentiment_profile,ModernBERT + Sentiment Profile,42
11436,0,1.088149019778939e-06,0,0.02106755665214396,model::modernbert_sentiment_profile,ModernBERT + Sentiment Profile,42
4647,0,1.3804525224259123e-05,0,0.02106755665214396,model::modernbert_sentiment_profile,ModernBERT + Sentiment Profile,42
15980,0,1.49694494666619e-06,0,0.02106755665214396,model::modernbert_sentiment_profile,ModernBERT + Sentiment Profile,42
18355,0,1.5006928606453585e-06,0,0.02106755665214396,model::modernbert_sentiment_profile,ModernBERT + Sentiment Profile,42
16337,0,1.2457212505978532e-06,0,0.02106755665214396,model::modernbert_sentiment_profile,ModernBERT + Sentiment Profile,42
2361,0,1.2980198107470642e-06,0,0.02106755665214396,model::modernbert_sentiment_profile,ModernBERT + Sentiment Profile,42
4623,1,1.3390369986154838e-06,0,0.02106755665214396,model::modernbert_sentiment_profile,ModernBERT + Sentiment Profile,42
20871,0,1.6235348994086962e-06,0,0.02106755665214396,model::modernbert_sentiment_profile,ModernBERT + Sentiment Profile,42
16550,1,1.3806823062623153e-06,0,0.02106755665214396,model::modernbert_sentiment_profile,ModernBERT + Sentiment Profile,42
15950,1,2.518734845580184e-06,0,0.02106755665214396,model::modernbert_sentiment_profile,ModernBERT + Sentiment Profile,42
2200,0,1.4830933423581882e-06,0,0.02106755665214396,model::modernbert_sentiment_profile,ModernBERT + Sentiment Profile,42
19326,1,1.379455625283299e-06,0,0.02106755665214396,model::modernbert_sentiment_profile,ModernBERT + Sentiment Profile,42
4522,0,1.2722754263450042e-06,0,0.02106755665214396,model::modernbert_sentiment_profile,ModernBERT + Sentiment Profile,42
18987,1,1.324170170846628e-06,0,0.02106755665214396,model::modernbert_sentiment_profile,ModernBERT + Sentiment Profile,42
10913,0,1.2030784546368525e-06,0,0.02106755665214396,model::modernbert_sentiment_profile,ModernBERT + Sentiment Profile,42
18340,0,1.4127449503575915e-06,0,0.02106755665214396,model::modernbert_sentiment_profile,ModernBERT + Sentiment Profile,42
14800,0,1.583592393217259e-06,0,0.02106755665214396,model::modernbert_sentiment_profile,ModernBERT + Sentiment Profile,42
2248,1,1.4047485592527664e-06,0,0.02106755665214396,model::modernbert_sentiment_profile,ModernBERT + Sentiment Profile,42
14467,0,1.4364699154612026e-06,0,0.02106755665214396,model::modernbert_sentiment_profile,ModernBERT + Sentiment Profile,42
78,1,1.179220475933107e-06,0,0.02106755665214396,model::modernbert_sentiment_profile,ModernBERT + Sentiment Profile,42
4625,0,1.3043944591117906e-06,0,0.02106755665214396,model::modernbert_sentiment_profile,ModernBERT + Sentiment Profile,42
4323,1,1.6158039670699509e-06,0,0.02106755665214396,model::modernbert_sentiment_profile,ModernBERT + Sentiment Profile,42
4510,0,1.489642272645142e-06,0,0.02106755665214396,model::modernbert_sentiment_profile,ModernBERT + Sentiment Profile,42
293,1,1.7475572349212598e-06,0,0.02106755665214396,model::modernbert_sentiment_profile,ModernBERT + Sentiment Profile,42
1271,0,1.297944322686817e-06,0,0.02106755665214396,model::modernbert_sentiment_profile,ModernBERT + Sentiment Profile,42
5374,0,1.4765028026886284e-06,0,0.02106755665214396,model::modernbert_sentiment_profile,ModernBERT + Sentiment Profile,42
14898,1,1.3474543720803922e-06,0,0.02106755665214396,model::modernbert_sentiment_profile,ModernBERT + Sentiment Profile,42
5107,1,1.3572056332122884e-06,0,0.02106755665214396,model::modernbert_sentiment_profile,ModernBERT + Sentiment Profile,42
573,1,1.4891706996422729e-06,0,0.02106755665214396,model::modernbert_sentiment_profile,ModernBERT + Sentiment Profile,42
19652,0,1.2172611150162993e-06,0,0.02106755665214396,model::modernbert_sentiment_profile,ModernBERT + Sentiment Profile,42
8391,1,1.3323405028131674e-06,0,0.02106755665214396,model::modernbert_sentiment_profile,ModernBERT + Sentiment Profile,42
6472,0,1.1387182894395664e-06,0,0.02106755665214396,model::modernbert_sentiment_profile,ModernBERT + Sentiment Profile,42
5633,1,1.2678109442276764e-06,0,0.02106755665214396,model::modernbert_sentiment_profile,ModernBERT + Sentiment Profile,42
4581,1,1.5192485989246052e-06,0,0.02106755665214396,model::modernbert_sentiment_profile,ModernBERT + Sentiment Profile,42
18214,1,1.311817072746635e-06,0,0.02106755665214396,model::modernbert_sentiment_profile,ModernBERT + Sentiment Profile,42
17119,0,1.4626394886363414e-06,0,0.02106755665214396,model::modernbert_sentiment_profile,ModernBERT + Sentiment Profile,42
20170,1,1.7706946664475254e-06,0,0.02106755665214396,model::modernbert_sentiment_profile,ModernBERT + Sentiment Profile,42
18229,0,1.2590933238243451e-06,0,0.02106755665214396,model::modernbert_sentiment_profile,ModernBERT + Sentiment Profile,42
19907,0,1.2607947610376868e-06,0,0.02106755665214396,model::modernbert_sentiment_profile,ModernBERT + Sentiment Profile,42
18168,0,1.2648207530219224e-06,0,0.02106755665214396,model::modernbert_sentiment_profile,ModernBERT + Sentiment Profile,42
10285,1,1.2713645674011786e-06,0,0.02106755665214396,model::modernbert_sentiment_profile,ModernBERT + Sentiment Profile,42
9229,0,1.7797284499465604e-06,0,0.02106755665214396,model::modernbert_sentiment_profile,ModernBERT + Sentiment Profile,42
4426,0,1.1862612154800445e-06,0,0.02106755665214396,model::modernbert_sentiment_profile,ModernBERT + Sentiment Profile,42
19485,1,1.6079122815426672e-06,0,0.02106755665214396,model::modernbert_sentiment_profile,ModernBERT + Sentiment Profile,42
20520,0,1.734954935272981e-06,0,0.02106755665214396,model::modernbert_sentiment_profile,ModernBERT + Sentiment Profile,42
16322,1,1.618831788618991e-06,0,0.02106755665214396,model::modernbert_sentiment_profile,ModernBERT + Sentiment Profile,42
11621,1,1.3760079582425533e-06,0,0.02106755665214396,model::modernbert_sentiment_profile,ModernBERT + Sentiment Profile,42
3376,1,1.5304649423342198e-06,0,0.02106755665214396,model::modernbert_sentiment_profile,ModernBERT + Sentiment Profile,42
20041,0,1.5236479384839186e-06,0,0.02106755665214396,model::modernbert_sentiment_profile,ModernBERT + Sentiment Profile,42
7166,1,1.4163468904371257e-06,0,0.02106755665214396,model::modernbert_sentiment_profile,ModernBERT + Sentiment Profile,42
6506,1,1.1454428658908e-06,0,0.02106755665214396,model::modernbert_sentiment_profile,ModernBERT + Sentiment Profile,42
20862,1,1.5136243973756791e-06,0,0.02106755665214396,model::modernbert_sentiment_profile,ModernBERT + Sentiment Profile,42
18690,0,1.6443874528704328e-06,0,0.02106755665214396,model::modernbert_sentiment_profile,ModernBERT + Sentiment Profile,42
7607,1,1.2568847296279273e-06,0,0.02106755665214396,model::modernbert_sentiment_profile,ModernBERT + Sentiment Profile,42
10060,1,1.2693340067926329e-06,0,0.02106755665214396,model::modernbert_sentiment_profile,ModernBERT + Sentiment Profile,42
20271,1,1.317192527494626e-06,0,0.02106755665214396,model::modernbert_sentiment_profile,ModernBERT + Sentiment Profile,42
5211,1,1.4236813967727358e-06,0,0.02106755665214396,model::modernbert_sentiment_profile,ModernBERT + Sentiment Profile,42
12121,1,1.2618580740308971e-06,0,0.02106755665214396,model::modernbert_sentiment_profile,ModernBERT + Sentiment Profile,42
7567,1,1.1183807373527088e-06,0,0.02106755665214396,model::modernbert_sentiment_profile,ModernBERT + Sentiment Profile,42
9710,1,1.2133112932133372e-06,0,0.02106755665214396,model::modernbert_sentiment_profile,ModernBERT + Sentiment Profile,42
6786,0,1.5991649888746906e-06,0,0.02106755665214396,model::modernbert_sentiment_profile,ModernBERT + Sentiment Profile,42
17521,0,1.560173018333444e-06,0,0.02106755665214396,model::modernbert_sentiment_profile,ModernBERT + Sentiment Profile,42
21034,1,1.2795335351256654e-06,0,0.02106755665214396,model::modernbert_sentiment_profile,ModernBERT + Sentiment Profile,42
3187,0,1.797656523194746e-06,0,0.02106755665214396,model::modernbert_sentiment_profile,ModernBERT + Sentiment Profile,42
3973,1,1.6754372609284474e-06,0,0.02106755665214396,model::modernbert_sentiment_profile,ModernBERT + Sentiment Profile,42
8214,1,1.398907670591143e-06,0,0.02106755665214396,model::modernbert_sentiment_profile,ModernBERT + Sentiment Profile,42
18871,0,1.276521857107582e-06,0,0.02106755665214396,model::modernbert_sentiment_profile,ModernBERT + Sentiment Profile,42
18245,0,1.1803343795691037e-06,0,0.02106755665214396,model::modernbert_sentiment_profile,ModernBERT + Sentiment Profile,42
10798,0,1.6785623984105769e-06,0,0.02106755665214396,model::modernbert_sentiment_profile,ModernBERT + Sentiment Profile,42
5409,0,1.850063313213468e-06,0,0.02106755665214396,model::modernbert_sentiment_profile,ModernBERT + Sentiment Profile,42
16226,0,5.903411420149496e-06,0,0.02106755665214396,model::modernbert_sentiment_profile,ModernBERT + Sentiment Profile,42
4468,1,1.5074487009769657e-06,0,0.02106755665214396,model::modernbert_sentiment_profile,ModernBERT + Sentiment Profile,42
15849,0,1.1949859981541522e-06,0,0.02106755665214396,model::modernbert_sentiment_profile,ModernBERT + Sentiment Profile,42
14462,0,1.6566286831221078e-06,0,0.02106755665214396,model::modernbert_sentiment_profile,ModernBERT + Sentiment Profile,42
19720,0,1.443410155843594e-06,0,0.02106755665214396,model::modernbert_sentiment_profile,ModernBERT + Sentiment Profile,42
4146,0,2.9485984214261407e-06,0,0.02106755665214396,model::modernbert_sentiment_profile,ModernBERT + Sentiment Profile,42
4386,0,1.4558802376996027e-06,0,0.02106755665214396,model::modernbert_sentiment_profile,ModernBERT + Sentiment Profile,42
13526,1,1.3566117331720309e-06,0,0.02106755665214396,model::modernbert_sentiment_profile,ModernBERT + Sentiment Profile,42
18523,1,1.321904051110323e-06,0,0.02106755665214396,model::modernbert_sentiment_profile,ModernBERT + Sentiment Profile,42
19751,0,1.135432626142574e-06,0,0.02106755665214396,model::modernbert_sentiment_profile,ModernBERT + Sentiment Profile,42
1179,0,9.677146408648696e-07,0,0.02106755665214396,model::modernbert_sentiment_profile,ModernBERT + Sentiment Profile,42
16424,1,1.4216976751413313e-06,0,0.02106755665214396,model::modernbert_sentiment_profile,ModernBERT + Sentiment Profile,42
8875,0,1.2197129990454414e-06,0,0.02106755665214396,model::modernbert_sentiment_profile,ModernBERT + Sentiment Profile,42
2267,0,1.1201793768123023e-06,0,0.02106755665214396,model::modernbert_sentiment_profile,ModernBERT + Sentiment Profile,42
12942,0,1.1615629773586988e-06,0,0.02106755665214396,model::modernbert_sentiment_profile,ModernBERT + Sentiment Profile,42
2832,0,1.420754415448755e-06,0,0.02106755665214396,model::modernbert_sentiment_profile,ModernBERT + Sentiment Profile,42
1021,0,1.3511732959159415e-06,0,0.02106755665214396,model::modernbert_sentiment_profile,ModernBERT + Sentiment Profile,42
7945,0,1.609452397133282e-06,0,0.02106755665214396,model::modernbert_sentiment_profile,ModernBERT + Sentiment Profile,42
4843,1,1.276518219128775e-06,0,0.02106755665214396,model::modernbert_sentiment_profile,ModernBERT + Sentiment Profile,42
3236,0,1.2941559361934196e-06,0,0.02106755665214396,model::modernbert_sentiment_profile,ModernBERT + Sentiment Profile,42
9186,1,1.7631288073971518e-06,0,0.02106755665214396,model::modernbert_sentiment_profile,ModernBERT + Sentiment Profile,42
13491,0,1.4619004105043132e-06,0,0.02106755665214396,model::modernbert_sentiment_profile,ModernBERT + Sentiment Profile,42
10371,0,3.101607035205234e-06,0,0.02106755665214396,model::modernbert_sentiment_profile,ModernBERT + Sentiment Profile,42
551,0,1.1503746009111635e-06,0,0.02106755665214396,model::modernbert_sentiment_profile,ModernBERT + Sentiment Profile,42
444,1,1.2805993492293055e-06,0,0.02106755665214396,model::modernbert_sentiment_profile,ModernBERT + Sentiment Profile,42
1591,1,1.1121641136924154e-06,0,0.02106755665214396,model::modernbert_sentiment_profile,ModernBERT + Sentiment Profile,42
6736,1,1.3030031595917535e-06,0,0.02106755665214396,model::modernbert_sentiment_profile,ModernBERT + Sentiment Profile,42
4134,0,2.384601884841686e-06,0,0.02106755665214396,model::modernbert_sentiment_profile,ModernBERT + Sentiment Profile,42
12473,0,1.475151634622307e-06,0,0.02106755665214396,model::modernbert_sentiment_profile,ModernBERT + Sentiment Profile,42
2556,1,1.3138202348272898e-06,0,0.02106755665214396,model::modernbert_sentiment_profile,ModernBERT + Sentiment Profile,42
10416,1,1.1886664879057207e-06,0,0.02106755665214396,model::modernbert_sentiment_profile,ModernBERT + Sentiment Profile,42
16237,1,1.2903244623885255e-06,0,0.02106755665214396,model::modernbert_sentiment_profile,ModernBERT + Sentiment Profile,42
96,1,1.2510573696999927e-06,0,0.02106755665214396,model::modernbert_sentiment_profile,ModernBERT + Sentiment Profile,42
4673,1,1.4885572454659268e-06,0,0.02106755665214396,model::modernbert_sentiment_profile,ModernBERT + Sentiment Profile,42
3115,0,1.3952158042229712e-06,0,0.02106755665214396,model::modernbert_sentiment_profile,ModernBERT + Sentiment Profile,42
7640,0,1.253244931831432e-06,0,0.02106755665214396,model::modernbert_sentiment_profile,ModernBERT + Sentiment Profile,42
18818,1,1.7480004999015364e-06,0,0.02106755665214396,model::modernbert_sentiment_profile,ModernBERT + Sentiment Profile,42
3550,1,1.403445594405639e-06,0,0.02106755665214396,model::modernbert_sentiment_profile,ModernBERT + Sentiment Profile,42
15293,1,1.4413207054531083e-06,0,0.02106755665214396,model::modernbert_sentiment_profile,ModernBERT + Sentiment Profile,42
10902,1,1.2718786592813558e-06,0,0.02106755665214396,model::modernbert_sentiment_profile,ModernBERT + Sentiment Profile,42
16425,0,1.2907748896395788e-06,0,0.02106755665214396,model::modernbert_sentiment_profile,ModernBERT + Sentiment Profile,42
1649,0,1.425265395482711e-06,0,0.02106755665214396,model::modernbert_sentiment_profile,ModernBERT + Sentiment Profile,42
9946,0,1.3241271972219693e-06,0,0.02106755665214396,model::modernbert_sentiment_profile,ModernBERT + Sentiment Profile,42
18354,0,1.2209781061756075e-06,0,0.02106755665214396,model::modernbert_sentiment_profile,ModernBERT + Sentiment Profile,42
15802,0,1.2177858934592225e-06,0,0.02106755665214396,model::modernbert_sentiment_profile,ModernBERT + Sentiment Profile,42
8471,1,1.5223843092826428e-06,0,0.02106755665214396,model::modernbert_sentiment_profile,ModernBERT + Sentiment Profile,42
4029,1,1.2338458645899664e-06,0,0.02106755665214396,model::modernbert_sentiment_profile,ModernBERT + Sentiment Profile,42
3806,0,2.137870069418568e-06,0,0.02106755665214396,model::modernbert_sentiment_profile,ModernBERT + Sentiment Profile,42
9240,1,1.29221837141813e-06,0,0.02106755665214396,model::modernbert_sentiment_profile,ModernBERT + Sentiment Profile,42
20407,1,1.2675498055614298e-06,0,0.02106755665214396,model::modernbert_sentiment_profile,ModernBERT + Sentiment Profile,42
20442,1,1.3774915714748204e-06,0,0.02106755665214396,model::modernbert_sentiment_profile,ModernBERT + Sentiment Profile,42
12406,0,1.2239123634572024e-06,0,0.02106755665214396,model::modernbert_sentiment_profile,ModernBERT + Sentiment Profile,42
20870,0,1.4712206848344067e-06,0,0.02106755665214396,model::modernbert_sentiment_profile,ModernBERT + Sentiment Profile,42
17718,1,1.243412725671078e-06,0,0.02106755665214396,model::modernbert_sentiment_profile,ModernBERT + Sentiment Profile,42
17043,1,1.7839801103036734e-06,0,0.02106755665214396,model::modernbert_sentiment_profile,ModernBERT + Sentiment Profile,42
14805,1,1.160463511951093e-06,0,0.02106755665214396,model::modernbert_sentiment_profile,ModernBERT + Sentiment Profile,42
12105,1,1.3852377378498204e-06,0,0.02106755665214396,model::modernbert_sentiment_profile,ModernBERT + Sentiment Profile,42
13440,1,1.314523387918598e-06,0,0.02106755665214396,model::modernbert_sentiment_profile,ModernBERT + Sentiment Profile,42
8420,0,1.991900944631197e-06,0,0.02106755665214396,model::modernbert_sentiment_profile,ModernBERT + Sentiment Profile,42
6543,1,8.413202294832445e-07,0,0.02106755665214396,model::modernbert_sentiment_profile,ModernBERT + Sentiment Profile,42
14425,0,1.4304180240287678e-06,0,0.02106755665214396,model::modernbert_sentiment_profile,ModernBERT + Sentiment Profile,42
11002,1,1.5110153981368055e-06,0,0.02106755665214396,model::modernbert_sentiment_profile,ModernBERT + Sentiment Profile,42
1148,1,1.3980620678921696e-06,0,0.02106755665214396,model::modernbert_sentiment_profile,ModernBERT + Sentiment Profile,42
12116,1,1.5798951835677144e-06,0,0.02106755665214396,model::modernbert_sentiment_profile,ModernBERT + Sentiment Profile,42
1173,0,1.2384340379867351e-06,0,0.02106755665214396,model::modernbert_sentiment_profile,ModernBERT + Sentiment Profile,42
19460,0,1.242339976670337e-06,0,0.02106755665214396,model::modernbert_sentiment_profile,ModernBERT + Sentiment Profile,42
5391,1,1.117665306082927e-06,0,0.02106755665214396,model::modernbert_sentiment_profile,ModernBERT + Sentiment Profile,42
12339,0,1.386443045703345e-06,0,0.02106755665214396,model::modernbert_sentiment_profile,ModernBERT + Sentiment Profile,42
8041,1,1.4897445907990914e-06,0,0.02106755665214396,model::modernbert_sentiment_profile,ModernBERT + Sentiment Profile,42
14605,1,1.2292910014366498e-06,0,0.02106755665214396,model::modernbert_sentiment_profile,ModernBERT + Sentiment Profile,42
2291,1,1.6493739849465785e-06,0,0.02106755665214396,model::modernbert_sentiment_profile,ModernBERT + Sentiment Profile,42
7120,0,1.6160768154804828e-06,0,0.02106755665214396,model::modernbert_sentiment_profile,ModernBERT + Sentiment Profile,42
587,0,1.5119695717658033e-06,0,0.02106755665214396,model::modernbert_sentiment_profile,ModernBERT + Sentiment Profile,42
16321,1,1.3468813904182753e-06,0,0.02106755665214396,model::modernbert_sentiment_profile,ModernBERT + Sentiment Profile,42
18541,1,1.272553276976396e-06,0,0.02106755665214396,model::modernbert_sentiment_profile,ModernBERT + Sentiment Profile,42
12598,0,1.272531449103553e-06,0,0.02106755665214396,model::modernbert_sentiment_profile,ModernBERT + Sentiment Profile,42
13419,1,1.709137450234266e-06,0,0.02106755665214396,model::modernbert_sentiment_profile,ModernBERT + Sentiment Profile,42
8543,0,1.3794187907478772e-06,0,0.02106755665214396,model::modernbert_sentiment_profile,ModernBERT + Sentiment Profile,42
20439,0,1.6645914229229677e-06,0,0.02106755665214396,model::modernbert_sentiment_profile,ModernBERT + Sentiment Profile,42
15320,0,1.3467465578287374e-06,0,0.02106755665214396,model::modernbert_sentiment_profile,ModernBERT + Sentiment Profile,42
9800,0,1.575677629261918e-06,0,0.02106755665214396,model::modernbert_sentiment_profile,ModernBERT + Sentiment Profile,42
16021,1,1.1741382195396e-06,0,0.02106755665214396,model::modernbert_sentiment_profile,ModernBERT + Sentiment Profile,42
8382,1,1.3639997860082076e-06,0,0.02106755665214396,model::modernbert_sentiment_profile,ModernBERT + Sentiment Profile,42
2867,1,1.4133082686385023e-06,0,0.02106755665214396,model::modernbert_sentiment_profile,ModernBERT + Sentiment Profile,42
20212,0,1.7674655055088806e-06,0,0.02106755665214396,model::modernbert_sentiment_profile,ModernBERT + Sentiment Profile,42
9481,1,1.330400436927448e-06,0,0.02106755665214396,model::modernbert_sentiment_profile,ModernBERT + Sentiment Profile,42
12286,1,1.3622266124002635e-06,0,0.02106755665214396,model::modernbert_sentiment_profile,ModernBERT + Sentiment Profile,42
19149,0,1.547162355564069e-06,0,0.02106755665214396,model::modernbert_sentiment_profile,ModernBERT + Sentiment Profile,42
16239,1,1.2384399497022969e-06,0,0.02106755665214396,model::modernbert_sentiment_profile,ModernBERT + Sentiment Profile,42
17829,1,1.181079824164044e-06,0,0.02106755665214396,model::modernbert_sentiment_profile,ModernBERT + Sentiment Profile,42
20947,0,1.7040320017258637e-06,0,0.02106755665214396,model::modernbert_sentiment_profile,ModernBERT + Sentiment Profile,42
9400,0,1.1111823141618515e-06,0,0.02106755665214396,model::modernbert_sentiment_profile,ModernBERT + Sentiment Profile,42
18451,1,1.052604261531087e-06,0,0.02106755665214396,model::modernbert_sentiment_profile,ModernBERT + Sentiment Profile,42
19994,1,1.44509192523401e-06,0,0.02106755665214396,model::modernbert_sentiment_profile,ModernBERT + Sentiment Profile,42
10829,0,2.4016296720219543e-06,0,0.02106755665214396,model::modernbert_sentiment_profile,ModernBERT + Sentiment Profile,42
1980,0,1.6234637314482825e-06,0,0.02106755665214396,model::modernbert_sentiment_profile,ModernBERT + Sentiment Profile,42
829,0,2.213624838987016e-06,0,0.02106755665214396,model::modernbert_sentiment_profile,ModernBERT + Sentiment Profile,42
7876,1,1.4932236354070485e-06,0,0.02106755665214396,model::modernbert_sentiment_profile,ModernBERT + Sentiment Profile,42
965,0,1.4517527233692815e-06,0,0.02106755665214396,model::modernbert_sentiment_profile,ModernBERT + Sentiment Profile,42
18189,1,1.355618451270857e-06,0,0.02106755665214396,model::modernbert_sentiment_profile,ModernBERT + Sentiment Profile,42
12645,1,1.337381718258257e-06,0,0.02106755665214396,model::modernbert_sentiment_profile,ModernBERT + Sentiment Profile,42
12073,0,1.4466969560089638e-06,0,0.02106755665214396,model::modernbert_sentiment_profile,ModernBERT + Sentiment Profile,42
241,1,1.2131376934121365e-06,0,0.02106755665214396,model::modernbert_sentiment_profile,ModernBERT + Sentiment Profile,42
8318,0,1.3094672794977669e-06,0,0.02106755665214396,model::modernbert_sentiment_profile,ModernBERT + Sentiment Profile,42
2294,0,1.091668423214287e-06,0,0.02106755665214396,model::modernbert_sentiment_profile,ModernBERT + Sentiment Profile,42
15189,1,1.2905201174362446e-06,0,0.02106755665214396,model::modernbert_sentiment_profile,ModernBERT + Sentiment Profile,42
15462,0,1.4524880498356652e-06,0,0.02106755665214396,model::modernbert_sentiment_profile,ModernBERT + Sentiment Profile,42
6769,0,1.2939584621562972e-06,0,0.02106755665214396,model::modernbert_sentiment_profile,ModernBERT + Sentiment Profile,42
21078,0,1.635165631341806e-06,0,0.02106755665214396,model::modernbert_sentiment_profile,ModernBERT + Sentiment Profile,42
2498,0,1.414346456840576e-06,0,0.02106755665214396,model::modernbert_sentiment_profile,ModernBERT + Sentiment Profile,42
20875,0,2.174056135118008e-06,0,0.02106755665214396,model::modernbert_sentiment_profile,ModernBERT + Sentiment Profile,42
2694,0,2.0002883047709474e-06,0,0.02106755665214396,model::modernbert_sentiment_profile,ModernBERT + Sentiment Profile,42
8380,0,1.773065491761372e-06,0,0.02106755665214396,model::modernbert_sentiment_profile,ModernBERT + Sentiment Profile,42
2683,1,1.3441930377666722e-06,0,0.02106755665214396,model::modernbert_sentiment_profile,ModernBERT + Sentiment Profile,42
12903,1,1.1124335514978156e-06,0,0.02106755665214396,model::modernbert_sentiment_profile,ModernBERT + Sentiment Profile,42
3395,1,1.284174118154624e-06,0,0.02106755665214396,model::modernbert_sentiment_profile,ModernBERT + Sentiment Profile,42
14670,0,1.7927344515555887e-06,0,0.02106755665214396,model::modernbert_sentiment_profile,ModernBERT + Sentiment Profile,42
3815,1,1.443447331439529e-06,0,0.02106755665214396,model::modernbert_sentiment_profile,ModernBERT + Sentiment Profile,42
9823,0,1.7637745486354106e-06,0,0.02106755665214396,model::modernbert_sentiment_profile,ModernBERT + Sentiment Profile,42
3971,0,1.2449920632207068e-06,0,0.02106755665214396,model::modernbert_sentiment_profile,ModernBERT + Sentiment Profile,42
19954,0,1.0993505838996498e-06,0,0.02106755665214396,model::modernbert_sentiment_profile,ModernBERT + Sentiment Profile,42
19163,1,1.2163048950242228e-06,0,0.02106755665214396,model::modernbert_sentiment_profile,ModernBERT + Sentiment Profile,42
11315,0,1.4122788343229331e-06,0,0.02106755665214396,model::modernbert_sentiment_profile,ModernBERT + Sentiment Profile,42
16475,1,1.463554781366838e-06,0,0.02106755665214396,model::modernbert_sentiment_profile,ModernBERT + Sentiment Profile,42
8298,1,1.4519811202262645e-06,0,0.02106755665214396,model::modernbert_sentiment_profile,ModernBERT + Sentiment Profile,42
6704,0,1.96659902940155e-06,0,0.02106755665214396,model::modernbert_sentiment_profile,ModernBERT + Sentiment Profile,42
1867,0,1.332068677584175e-06,0,0.02106755665214396,model::modernbert_sentiment_profile,ModernBERT + Sentiment Profile,42
3479,1,2.101319978464744e-06,0,0.02106755665214396,model::modernbert_sentiment_profile,ModernBERT + Sentiment Profile,42
14387,0,1.93487835531414e-06,0,0.02106755665214396,model::modernbert_sentiment_profile,ModernBERT + Sentiment Profile,42
21099,0,1.002709041131311e-06,0,0.02106755665214396,model::modernbert_sentiment_profile,ModernBERT + Sentiment Profile,42
10173,0,1.1872820095959469e-06,0,0.02106755665214396,model::modernbert_sentiment_profile,ModernBERT + Sentiment Profile,42
14584,1,1.7466007875555078e-06,0,0.02106755665214396,model::modernbert_sentiment_profile,ModernBERT + Sentiment Profile,42
18579,0,1.8986437453349936e-06,0,0.02106755665214396,model::modernbert_sentiment_profile,ModernBERT + Sentiment Profile,42
6719,0,1.4383547295437893e-06,0,0.02106755665214396,model::modernbert_sentiment_profile,ModernBERT + Sentiment Profile,42
13994,1,1.1816780443041353e-06,0,0.02106755665214396,model::modernbert_sentiment_profile,ModernBERT + Sentiment Profile,42
15409,0,1.364481136079121e-06,0,0.02106755665214396,model::modernbert_sentiment_profile,ModernBERT + Sentiment Profile,42
10287,0,2.922888825196424e-06,0,0.02106755665214396,model::modernbert_sentiment_profile,ModernBERT + Sentiment Profile,42
14182,0,1.8578782601252897e-06,0,0.02106755665214396,model::modernbert_sentiment_profile,ModernBERT + Sentiment Profile,42
1866,0,1.2227154684296693e-06,0,0.02106755665214396,model::modernbert_sentiment_profile,ModernBERT + Sentiment Profile,42
5840,1,1.461854367335036e-06,0,0.02106755665214396,model::modernbert_sentiment_profile,ModernBERT + Sentiment Profile,42
8508,0,1.062591309164418e-06,0,0.02106755665214396,model::modernbert_sentiment_profile,ModernBERT + Sentiment Profile,42
16600,0,1.2400814739521593e-06,0,0.02106755665214396,model::modernbert_sentiment_profile,ModernBERT + Sentiment Profile,42
12136,1,1.3986382327857427e-06,0,0.02106755665214396,model::modernbert_sentiment_profile,ModernBERT + Sentiment Profile,42
15175,1,1.2558315347632742e-06,0,0.02106755665214396,model::modernbert_sentiment_profile,ModernBERT + Sentiment Profile,42
1171,0,1.494998969064909e-06,0,0.02106755665214396,model::modernbert_sentiment_profile,ModernBERT + Sentiment Profile,42
10626,0,1.1629529126366831e-06,0,0.02106755665214396,model::modernbert_sentiment_profile,ModernBERT + Sentiment Profile,42
17816,0,1.4658819509349996e-06,0,0.02106755665214396,model::modernbert_sentiment_profile,ModernBERT + Sentiment Profile,42
7438,1,1.301380052609602e-06,0,0.02106755665214396,model::modernbert_sentiment_profile,ModernBERT + Sentiment Profile,42
4132,1,1.275221165997209e-06,0,0.02106755665214396,model::modernbert_sentiment_profile,ModernBERT + Sentiment Profile,42
12929,0,1.6308050589941558e-06,0,0.02106755665214396,model::modernbert_sentiment_profile,ModernBERT + Sentiment Profile,42
17018,1,1.2468551631172886e-06,0,0.02106755665214396,model::modernbert_sentiment_profile,ModernBERT + Sentiment Profile,42
14608,0,1.3722757330469904e-06,0,0.02106755665214396,model::modernbert_sentiment_profile,ModernBERT + Sentiment Profile,42
16274,0,1.305768478232494e-06,0,0.02106755665214396,model::modernbert_sentiment_profile,ModernBERT + Sentiment Profile,42
2408,0,2.2385163447324885e-06,0,0.02106755665214396,model::modernbert_sentiment_profile,ModernBERT + Sentiment Profile,42
7731,0,2.1020434815000044e-06,0,0.02106755665214396,model::modernbert_sentiment_profile,ModernBERT + Sentiment Profile,42
1204,1,1.790557689673733e-06,0,0.02106755665214396,model::modernbert_sentiment_profile,ModernBERT + Sentiment Profile,42
15159,1,1.278574814023159e-06,0,0.02106755665214396,model::modernbert_sentiment_profile,ModernBERT + Sentiment Profile,42
13621,0,1.2832069842261262e-06,0,0.02106755665214396,model::modernbert_sentiment_profile,ModernBERT + Sentiment Profile,42
1729,0,1.1002683777405764e-06,0,0.02106755665214396,model::modernbert_sentiment_profile,ModernBERT + Sentiment Profile,42
16466,0,1.486228143221524e-06,0,0.02106755665214396,model::modernbert_sentiment_profile,ModernBERT + Sentiment Profile,42
1197,1,1.1096891512352158e-06,0,0.02106755665214396,model::modernbert_sentiment_profile,ModernBERT + Sentiment Profile,42
14491,0,1.3722494713874769e-06,0,0.02106755665214396,model::modernbert_sentiment_profile,ModernBERT + Sentiment Profile,42
3338,1,1.2075994391125278e-06,0,0.02106755665214396,model::modernbert_sentiment_profile,ModernBERT + Sentiment Profile,42
3165,1,1.1254122682657908e-06,0,0.02106755665214396,model::modernbert_sentiment_profile,ModernBERT + Sentiment Profile,42
3852,0,0.9998164772987366,1,0.02106755665214396,model::modernbert_sentiment_profile,ModernBERT + Sentiment Profile,42
16232,1,1.8148372191717497e-06,0,0.02106755665214396,model::modernbert_sentiment_profile,ModernBERT + Sentiment Profile,42
3551,1,1.274639998882776e-06,0,0.02106755665214396,model::modernbert_sentiment_profile,ModernBERT + Sentiment Profile,42
18200,1,1.2985534567633297e-06,0,0.02106755665214396,model::modernbert_sentiment_profile,ModernBERT + Sentiment Profile,42
1750,1,2.006231852647033e-06,0,0.02106755665214396,model::modernbert_sentiment_profile,ModernBERT + Sentiment Profile,42
13356,1,1.4924036122465625e-06,0,0.02106755665214396,model::modernbert_sentiment_profile,ModernBERT + Sentiment Profile,42
14029,0,1.2444626236174372e-06,0,0.02106755665214396,model::modernbert_sentiment_profile,ModernBERT + Sentiment Profile,42
15702,1,1.2947002687724307e-06,0,0.02106755665214396,model::modernbert_sentiment_profile,ModernBERT + Sentiment Profile,42
6671,0,1.375144734083733e-06,0,0.02106755665214396,model::modernbert_sentiment_profile,ModernBERT + Sentiment Profile,42
1598,1,1.7452754264013493e-06,0,0.02106755665214396,model::modernbert_sentiment_profile,ModernBERT + Sentiment Profile,42
14361,0,9.925906852004118e-07,0,0.02106755665214396,model::modernbert_sentiment_profile,ModernBERT + Sentiment Profile,42
8832,0,1.5197123275356716e-06,0,0.02106755665214396,model::modernbert_sentiment_profile,ModernBERT + Sentiment Profile,42
9975,1,1.278011609429086e-06,0,0.02106755665214396,model::modernbert_sentiment_profile,ModernBERT + Sentiment Profile,42
13954,0,1.8896315623351256e-06,0,0.02106755665214396,model::modernbert_sentiment_profile,ModernBERT + Sentiment Profile,42
9267,0,1.799728693185898e-06,0,0.02106755665214396,model::modernbert_sentiment_profile,ModernBERT + Sentiment Profile,42
13091,1,1.2848000778831192e-06,0,0.02106755665214396,model::modernbert_sentiment_profile,ModernBERT + Sentiment Profile,42
17553,1,1.7565163261679118e-06,0,0.02106755665214396,model::modernbert_sentiment_profile,ModernBERT + Sentiment Profile,42
11555,0,1.2425651902958634e-06,0,0.02106755665214396,model::modernbert_sentiment_profile,ModernBERT + Sentiment Profile,42
11748,1,1.365885964332847e-06,0,0.02106755665214396,model::modernbert_sentiment_profile,ModernBERT + Sentiment Profile,42
10804,0,1.1717868346750038e-06,0,0.02106755665214396,model::modernbert_sentiment_profile,ModernBERT + Sentiment Profile,42
12854,0,1.1434466387072462e-06,0,0.02106755665214396,model::modernbert_sentiment_profile,ModernBERT + Sentiment Profile,42
16115,0,2.218066811110475e-06,0,0.02106755665214396,model::modernbert_sentiment_profile,ModernBERT + Sentiment Profile,42
7308,1,1.3779804248770231e-06,0,0.02106755665214396,model::modernbert_sentiment_profile,ModernBERT + Sentiment Profile,42
6556,1,1.3153999134374317e-06,0,0.02106755665214396,model::modernbert_sentiment_profile,ModernBERT + Sentiment Profile,42
14549,1,1.3816741102345986e-06,0,0.02106755665214396,model::modernbert_sentiment_profile,ModernBERT + Sentiment Profile,42
6787,0,1.46476122608874e-06,0,0.02106755665214396,model::modernbert_sentiment_profile,ModernBERT + Sentiment Profile,42
11776,0,2.281683237015386e-06,0,0.02106755665214396,model::modernbert_sentiment_profile,ModernBERT + Sentiment Profile,42
9577,0,2.5309741431556176e-06,0,0.02106755665214396,model::modernbert_sentiment_profile,ModernBERT + Sentiment Profile,42
19107,0,1.347734610135376e-06,0,0.02106755665214396,model::modernbert_sentiment_profile,ModernBERT + Sentiment Profile,42
3818,0,1.6252513432846172e-06,0,0.02106755665214396,model::modernbert_sentiment_profile,ModernBERT + Sentiment Profile,42
6319,0,1.3372605280892458e-06,0,0.02106755665214396,model::modernbert_sentiment_profile,ModernBERT + Sentiment Profile,42
7931,1,1.388597297591332e-06,0,0.02106755665214396,model::modernbert_sentiment_profile,ModernBERT + Sentiment Profile,42
18516,1,1.28503904761601e-06,0,0.02106755665214396,model::modernbert_sentiment_profile,ModernBERT + Sentiment Profile,42
19974,1,1.5780444755364442e-06,0,0.02106755665214396,model::modernbert_sentiment_profile,ModernBERT + Sentiment Profile,42
8003,1,1.4751376511412673e-06,0,0.02106755665214396,model::modernbert_sentiment_profile,ModernBERT + Sentiment Profile,42
14855,1,1.4804762713538366e-06,0,0.02106755665214396,model::modernbert_sentiment_profile,ModernBERT + Sentiment Profile,42
935,0,1.6357661252186515e-06,0,0.02106755665214396,model::modernbert_sentiment_profile,ModernBERT + Sentiment Profile,42
3623,1,1.4681933180327178e-06,0,0.02106755665214396,model::modernbert_sentiment_profile,ModernBERT + Sentiment Profile,42
2857,0,1.7220103245563223e-06,0,0.02106755665214396,model::modernbert_sentiment_profile,ModernBERT + Sentiment Profile,42
15100,1,1.3767916016149684e-06,0,0.02106755665214396,model::modernbert_sentiment_profile,ModernBERT + Sentiment Profile,42
12647,1,2.7216951821174007e-06,0,0.02106755665214396,model::modernbert_sentiment_profile,ModernBERT + Sentiment Profile,42
16571,0,1.621843466637074e-06,0,0.02106755665214396,model::modernbert_sentiment_profile,ModernBERT + Sentiment Profile,42
18098,1,1.3279261565912748e-06,0,0.02106755665214396,model::modernbert_sentiment_profile,ModernBERT + Sentiment Profile,42
18736,1,1.3644551017932829e-06,0,0.02106755665214396,model::modernbert_sentiment_profile,ModernBERT + Sentiment Profile,42
8920,1,1.2855635986852576e-06,0,0.02106755665214396,model::modernbert_sentiment_profile,ModernBERT + Sentiment Profile,42
11186,1,1.5139218021431589e-06,0,0.02106755665214396,model::modernbert_sentiment_profile,ModernBERT + Sentiment Profile,42
15711,1,1.280033984585316e-06,0,0.02106755665214396,model::modernbert_sentiment_profile,ModernBERT + Sentiment Profile,42
5958,1,1.1152525303259608e-06,0,0.02106755665214396,model::modernbert_sentiment_profile,ModernBERT + Sentiment Profile,42
7558,0,1.380118874294567e-06,0,0.02106755665214396,model::modernbert_sentiment_profile,ModernBERT + Sentiment Profile,42
20149,1,1.6571581227253771e-06,0,0.02106755665214396,model::modernbert_sentiment_profile,ModernBERT + Sentiment Profile,42
9778,0,1.2253150316610115e-06,0,0.02106755665214396,model::modernbert_sentiment_profile,ModernBERT + Sentiment Profile,42
8502,1,1.56969474573998e-06,0,0.02106755665214396,model::modernbert_sentiment_profile,ModernBERT + Sentiment Profile,42
1642,1,1.4439099231822183e-06,0,0.02106755665214396,model::modernbert_sentiment_profile,ModernBERT + Sentiment Profile,42
21039,0,2.0211668925185222e-06,0,0.02106755665214396,model::modernbert_sentiment_profile,ModernBERT + Sentiment Profile,42
11515,0,1.4325640904644388e-06,0,0.02106755665214396,model::modernbert_sentiment_profile,ModernBERT + Sentiment Profile,42
5310,0,1.0598446351650637e-06,0,0.02106755665214396,model::modernbert_sentiment_profile,ModernBERT + Sentiment Profile,42
20759,0,1.8074345007335069e-06,0,0.02106755665214396,model::modernbert_sentiment_profile,ModernBERT + Sentiment Profile,42
12683,0,1.4567203834303657e-06,0,0.02106755665214396,model::modernbert_sentiment_profile,ModernBERT + Sentiment Profile,42
5142,0,1.0641784911058494e-06,0,0.02106755665214396,model::modernbert_sentiment_profile,ModernBERT + Sentiment Profile,42
11672,1,1.5617629287589807e-06,0,0.02106755665214396,model::modernbert_sentiment_profile,ModernBERT + Sentiment Profile,42
6976,1,1.236880734722945e-06,0,0.02106755665214396,model::modernbert_sentiment_profile,ModernBERT + Sentiment Profile,42
10148,0,1.113489474846574e-06,0,0.02106755665214396,model::modernbert_sentiment_profile,ModernBERT + Sentiment Profile,42
18578,0,1.4392164757737191e-06,0,0.02106755665214396,model::modernbert_sentiment_profile,ModernBERT + Sentiment Profile,42
19362,1,9.307787536272372e-07,0,0.02106755665214396,model::modernbert_sentiment_profile,ModernBERT + Sentiment Profile,42
5241,1,1.209295760418172e-06,0,0.02106755665214396,model::modernbert_sentiment_profile,ModernBERT + Sentiment Profile,42
664,0,1.095700781661435e-06,0,0.02106755665214396,model::modernbert_sentiment_profile,ModernBERT + Sentiment Profile,42
12453,0,1.502683517173864e-06,0,0.02106755665214396,model::modernbert_sentiment_profile,ModernBERT + Sentiment Profile,42
2205,1,1.3345786555873929e-06,0,0.02106755665214396,model::modernbert_sentiment_profile,ModernBERT + Sentiment Profile,42
9896,0,1.3625202655020985e-06,0,0.02106755665214396,model::modernbert_sentiment_profile,ModernBERT + Sentiment Profile,42
15733,0,1.980271235879627e-06,0,0.02106755665214396,model::modernbert_sentiment_profile,ModernBERT + Sentiment Profile,42
6070,0,1.4904521776770707e-06,0,0.02106755665214396,model::modernbert_sentiment_profile,ModernBERT + Sentiment Profile,42
3994,0,1.5491835938519216e-06,0,0.02106755665214396,model::modernbert_sentiment_profile,ModernBERT + Sentiment Profile,42
11962,0,1.3958838280814234e-06,0,0.02106755665214396,model::modernbert_sentiment_profile,ModernBERT + Sentiment Profile,42
13923,0,1.734938450681511e-06,0,0.02106755665214396,model::modernbert_sentiment_profile,ModernBERT + Sentiment Profile,42
3512,0,1.3208707514422713e-06,0,0.02106755665214396,model::modernbert_sentiment_profile,ModernBERT + Sentiment Profile,42
8737,0,1.367194386148185e-06,0,0.02106755665214396,model::modernbert_sentiment_profile,ModernBERT + Sentiment Profile,42
17758,1,1.6147872656802065e-06,0,0.02106755665214396,model::modernbert_sentiment_profile,ModernBERT + Sentiment Profile,42
11250,1,1.3866440440324368e-06,0,0.02106755665214396,model::modernbert_sentiment_profile,ModernBERT + Sentiment Profile,42
8102,0,2.0203303847665666e-06,0,0.02106755665214396,model::modernbert_sentiment_profile,ModernBERT + Sentiment Profile,42
3614,0,1.129346173911472e-06,0,0.02106755665214396,model::modernbert_sentiment_profile,ModernBERT + Sentiment Profile,42
6659,1,1.0535703722780454e-06,0,0.02106755665214396,model::modernbert_sentiment_profile,ModernBERT + Sentiment Profile,42
12125,0,1.2723954796456385e-06,0,0.02106755665214396,model::modernbert_sentiment_profile,ModernBERT + Sentiment Profile,42
13471,1,1.2849936865677591e-06,0,0.02106755665214396,model::modernbert_sentiment_profile,ModernBERT + Sentiment Profile,42
5246,0,1.2615332707355265e-06,0,0.02106755665214396,model::modernbert_sentiment_profile,ModernBERT + Sentiment Profile,42
2612,1,1.3084073771096882e-06,0,0.02106755665214396,model::modernbert_sentiment_profile,ModernBERT + Sentiment Profile,42
16686,1,1.0695964647311484e-06,0,0.02106755665214396,model::modernbert_sentiment_profile,ModernBERT + Sentiment Profile,42
4569,0,1.2566870282171294e-06,0,0.02106755665214396,model::modernbert_sentiment_profile,ModernBERT + Sentiment Profile,42
16586,1,1.5000089206296252e-06,0,0.02106755665214396,model::modernbert_sentiment_profile,ModernBERT + Sentiment Profile,42
9777,0,1.0989480188072775e-06,0,0.02106755665214396,model::modernbert_sentiment_profile,ModernBERT + Sentiment Profile,42
10194,1,1.157343490376661e-06,0,0.02106755665214396,model::modernbert_sentiment_profile,ModernBERT + Sentiment Profile,42
13439,0,1.2354978480288992e-06,0,0.02106755665214396,model::modernbert_sentiment_profile,ModernBERT + Sentiment Profile,42
12371,1,1.3568122767537716e-06,0,0.02106755665214396,model::modernbert_sentiment_profile,ModernBERT + Sentiment Profile,42
20902,0,1.9003518900717609e-06,0,0.02106755665214396,model::modernbert_sentiment_profile,ModernBERT + Sentiment Profile,42
7768,1,1.5879312513789046e-06,0,0.02106755665214396,model::modernbert_sentiment_profile,ModernBERT + Sentiment Profile,42
2321,1,1.6338157138306997e-06,0,0.02106755665214396,model::modernbert_sentiment_profile,ModernBERT + Sentiment Profile,42
11714,0,1.0909669754255449e-06,0,0.02106755665214396,model::modernbert_sentiment_profile,ModernBERT + Sentiment Profile,42
3655,0,1.516086172159703e-06,0,0.02106755665214396,model::modernbert_sentiment_profile,ModernBERT + Sentiment Profile,42
19633,0,1.596760284883203e-06,0,0.02106755665214396,model::modernbert_sentiment_profile,ModernBERT + Sentiment Profile,42
2593,0,2.3346692614723e-06,0,0.02106755665214396,model::modernbert_sentiment_profile,ModernBERT + Sentiment Profile,42
5964,0,9.629101214159164e-07,0,0.02106755665214396,model::modernbert_sentiment_profile,ModernBERT + Sentiment Profile,42
11822,0,1.5761690974613884e-06,0,0.02106755665214396,model::modernbert_sentiment_profile,ModernBERT + Sentiment Profile,42
12791,1,1.871196673164377e-06,0,0.02106755665214396,model::modernbert_sentiment_profile,ModernBERT + Sentiment Profile,42
3841,0,1.0558486565059866e-06,0,0.02106755665214396,model::modernbert_sentiment_profile,ModernBERT + Sentiment Profile,42
15763,0,1.9542428617569385e-06,0,0.02106755665214396,model::modernbert_sentiment_profile,ModernBERT + Sentiment Profile,42
9129,1,1.5479224657610755e-06,0,0.02106755665214396,model::modernbert_sentiment_profile,ModernBERT + Sentiment Profile,42
13046,1,1.3144093600203632e-06,0,0.02106755665214396,model::modernbert_sentiment_profile,ModernBERT + Sentiment Profile,42
1847,0,1.3907164202464628e-06,0,0.02106755665214396,model::modernbert_sentiment_profile,ModernBERT + Sentiment Profile,42
8591,1,1.250923673978832e-06,0,0.02106755665214396,model::modernbert_sentiment_profile,ModernBERT + Sentiment Profile,42
3209,0,1.0459557415742893e-06,0,0.02106755665214396,model::modernbert_sentiment_profile,ModernBERT + Sentiment Profile,42
11566,0,1.961751195267425e-06,0,0.02106755665214396,model::modernbert_sentiment_profile,ModernBERT + Sentiment Profile,42
18276,1,1.5002549389464548e-06,0,0.02106755665214396,model::modernbert_sentiment_profile,ModernBERT + Sentiment Profile,42
21121,0,1.4227135807232116e-06,0,0.02106755665214396,model::modernbert_sentiment_profile,ModernBERT + Sentiment Profile,42
19671,0,1.4798720258113462e-06,0,0.02106755665214396,model::modernbert_sentiment_profile,ModernBERT + Sentiment Profile,42
729,1,9.98370410343341e-07,0,0.02106755665214396,model::modernbert_sentiment_profile,ModernBERT + Sentiment Profile,42
17129,0,1.3667797702510145e-06,0,0.02106755665214396,model::modernbert_sentiment_profile,ModernBERT + Sentiment Profile,42
12185,1,1.8206289951194776e-06,0,0.02106755665214396,model::modernbert_sentiment_profile,ModernBERT + Sentiment Profile,42
1996,0,1.2190664619993186e-06,0,0.02106755665214396,model::modernbert_sentiment_profile,ModernBERT + Sentiment Profile,42
18477,0,1.1899742276000325e-06,0,0.02106755665214396,model::modernbert_sentiment_profile,ModernBERT + Sentiment Profile,42
13495,0,2.973465370814665e-06,0,0.02106755665214396,model::modernbert_sentiment_profile,ModernBERT + Sentiment Profile,42
3467,1,1.2821695918319165e-06,0,0.02106755665214396,model::modernbert_sentiment_profile,ModernBERT + Sentiment Profile,42
3100,1,1.3178736253394163e-06,0,0.02106755665214396,model::modernbert_sentiment_profile,ModernBERT + Sentiment Profile,42
19006,0,1.868951358119375e-06,0,0.02106755665214396,model::modernbert_sentiment_profile,ModernBERT + Sentiment Profile,42
2734,0,1.253132609235763e-06,0,0.02106755665214396,model::modernbert_sentiment_profile,ModernBERT + Sentiment Profile,42
7923,1,1.2938288591612943e-06,0,0.02106755665214396,model::modernbert_sentiment_profile,ModernBERT + Sentiment Profile,42
14593,1,1.344991915175342e-06,0,0.02106755665214396,model::modernbert_sentiment_profile,ModernBERT + Sentiment Profile,42
315,1,1.1316599284327822e-06,0,0.02106755665214396,model::modernbert_sentiment_profile,ModernBERT + Sentiment Profile,42
18937,0,1.2995445786145865e-06,0,0.02106755665214396,model::modernbert_sentiment_profile,ModernBERT + Sentiment Profile,42
7718,1,1.2617089168998064e-06,0,0.02106755665214396,model::modernbert_sentiment_profile,ModernBERT + Sentiment Profile,42
9619,1,1.4418872069654751e-06,0,0.02106755665214396,model::modernbert_sentiment_profile,ModernBERT + Sentiment Profile,42
6986,1,1.6248391148110386e-06,0,0.02106755665214396,model::modernbert_sentiment_profile,ModernBERT + Sentiment Profile,42
17354,1,1.0883835557251589e-06,0,0.02106755665214396,model::modernbert_sentiment_profile,ModernBERT + Sentiment Profile,42
16941,0,2.2557117063115584e-06,0,0.02106755665214396,model::modernbert_sentiment_profile,ModernBERT + Sentiment Profile,42
13328,1,1.42109047374106e-06,0,0.02106755665214396,model::modernbert_sentiment_profile,ModernBERT + Sentiment Profile,42
10753,1,1.2571639445013716e-06,0,0.02106755665214396,model::modernbert_sentiment_profile,ModernBERT + Sentiment Profile,42
730,1,1.2897756960228437e-06,0,0.02106755665214396,model::modernbert_sentiment_profile,ModernBERT + Sentiment Profile,42
15496,1,1.2659201047426905e-06,0,0.02106755665214396,model::modernbert_sentiment_profile,ModernBERT + Sentiment Profile,42
9203,1,1.337704475190549e-06,0,0.02106755665214396,model::modernbert_sentiment_profile,ModernBERT + Sentiment Profile,42
9971,1,1.7722084066917887e-06,0,0.02106755665214396,model::modernbert_sentiment_profile,ModernBERT + Sentiment Profile,42
14137,1,1.2715197499346689e-06,0,0.02106755665214396,model::modernbert_sentiment_profile,ModernBERT + Sentiment Profile,42
20659,1,1.3653285577674978e-06,0,0.02106755665214396,model::modernbert_sentiment_profile,ModernBERT + Sentiment Profile,42
1737,1,1.586647499607352e-06,0,0.02106755665214396,model::modernbert_sentiment_profile,ModernBERT + Sentiment Profile,42
18365,1,1.2463153780117864e-06,0,0.02106755665214396,model::modernbert_sentiment_profile,ModernBERT + Sentiment Profile,42
16948,1,1.2238704130140832e-06,0,0.02106755665214396,model::modernbert_sentiment_profile,ModernBERT + Sentiment Profile,42
4209,1,1.675280714152905e-06,0,0.02106755665214396,model::modernbert_sentiment_profile,ModernBERT + Sentiment Profile,42
11255,0,1.1318758197376155e-06,0,0.02106755665214396,model::modernbert_sentiment_profile,ModernBERT + Sentiment Profile,42
4818,0,1.841210064412735e-06,0,0.02106755665214396,model::modernbert_sentiment_profile,ModernBERT + Sentiment Profile,42
16989,0,1.8238978327644872e-06,0,0.02106755665214396,model::modernbert_sentiment_profile,ModernBERT + Sentiment Profile,42
13822,1,1.885225174191873e-06,0,0.02106755665214396,model::modernbert_sentiment_profile,ModernBERT + Sentiment Profile,42
18218,0,1.7944021237781271e-06,0,0.02106755665214396,model::modernbert_sentiment_profile,ModernBERT + Sentiment Profile,42
11069,0,1.443970518266724e-06,0,0.02106755665214396,model::modernbert_sentiment_profile,ModernBERT + Sentiment Profile,42
16576,1,1.380648086524161e-06,0,0.02106755665214396,model::modernbert_sentiment_profile,ModernBERT + Sentiment Profile,42
14690,1,1.1972274478466716e-06,0,0.02106755665214396,model::modernbert_sentiment_profile,ModernBERT + Sentiment Profile,42
7545,0,1.3620044683193555e-06,0,0.02106755665214396,model::modernbert_sentiment_profile,ModernBERT + Sentiment Profile,42
11793,0,1.4804677448410075e-06,0,0.02106755665214396,model::modernbert_sentiment_profile,ModernBERT + Sentiment Profile,42
11185,1,1.568933043927245e-06,0,0.02106755665214396,model::modernbert_sentiment_profile,ModernBERT + Sentiment Profile,42
14124,0,1.7702017203191645e-06,0,0.02106755665214396,model::modernbert_sentiment_profile,ModernBERT + Sentiment Profile,42
20861,0,1.873364340099215e-06,0,0.02106755665214396,model::modernbert_sentiment_profile,ModernBERT + Sentiment Profile,42
11618,0,1.4518357147608183e-06,0,0.02106755665214396,model::modernbert_sentiment_profile,ModernBERT + Sentiment Profile,42
744,1,1.6302094536513323e-06,0,0.02106755665214396,model::modernbert_sentiment_profile,ModernBERT + Sentiment Profile,42
261,0,1.7465441715103225e-06,0,0.02106755665214396,model::modernbert_sentiment_profile,ModernBERT + Sentiment Profile,42
11958,0,1.3955603890281054e-06,0,0.02106755665214396,model::modernbert_sentiment_profile,ModernBERT + Sentiment Profile,42
12663,1,1.63915478879062e-06,0,0.02106755665214396,model::modernbert_sentiment_profile,ModernBERT + Sentiment Profile,42
5696,1,1.2632210655283416e-06,0,0.02106755665214396,model::modernbert_sentiment_profile,ModernBERT + Sentiment Profile,42
7908,1,1.6096764738904312e-06,0,0.02106755665214396,model::modernbert_sentiment_profile,ModernBERT + Sentiment Profile,42
16295,0,1.2143739240855211e-06,0,0.02106755665214396,model::modernbert_sentiment_profile,ModernBERT + Sentiment Profile,42
254,1,1.4995468973211246e-06,0,0.02106755665214396,model::modernbert_sentiment_profile,ModernBERT + Sentiment Profile,42
5340,1,1.487954023104976e-06,0,0.02106755665214396,model::modernbert_sentiment_profile,ModernBERT + Sentiment Profile,42
8001,0,1.3611786471301457e-06,0,0.02106755665214396,model::modernbert_sentiment_profile,ModernBERT + Sentiment Profile,42
7354,1,1.5044701058286591e-06,0,0.02106755665214396,model::modernbert_sentiment_profile,ModernBERT + Sentiment Profile,42
7138,1,1.5327275377785554e-06,0,0.02106755665214396,model::modernbert_sentiment_profile,ModernBERT + Sentiment Profile,42
8105,1,1.2301225069677455e-06,0,0.02106755665214396,model::modernbert_sentiment_profile,ModernBERT + Sentiment Profile,42
6579,0,1.7577244761923794e-06,0,0.02106755665214396,model::modernbert_sentiment_profile,ModernBERT + Sentiment Profile,42
7934,1,1.160856413662259e-06,0,0.02106755665214396,model::modernbert_sentiment_profile,ModernBERT + Sentiment Profile,42
8606,1,1.8964919945574368e-06,0,0.02106755665214396,model::modernbert_sentiment_profile,ModernBERT + Sentiment Profile,42
7600,0,1.4068533573663444e-06,0,0.02106755665214396,model::modernbert_sentiment_profile,ModernBERT + Sentiment Profile,42
16101,1,1.2529437753983077e-06,0,0.02106755665214396,model::modernbert_sentiment_profile,ModernBERT + Sentiment Profile,42
1203,0,1.0358937743149e-06,0,0.02106755665214396,model::modernbert_sentiment_profile,ModernBERT + Sentiment Profile,42
5057,0,1.2294094631215555e-06,0,0.02106755665214396,model::modernbert_sentiment_profile,ModernBERT + Sentiment Profile,42
12089,0,1.6405482483605738e-06,0,0.02106755665214396,model::modernbert_sentiment_profile,ModernBERT + Sentiment Profile,42
4527,1,1.3812380075250983e-06,0,0.02106755665214396,model::modernbert_sentiment_profile,ModernBERT + Sentiment Profile,42
9382,1,1.357300106974435e-06,0,0.02106755665214396,model::modernbert_sentiment_profile,ModernBERT + Sentiment Profile,42
13521,1,1.5151712204897194e-06,0,0.02106755665214396,model::modernbert_sentiment_profile,ModernBERT + Sentiment Profile,42
3108,1,1.3676012713403909e-06,0,0.02106755665214396,model::modernbert_sentiment_profile,ModernBERT + Sentiment Profile,42
8712,0,0.0001050696664606,0,0.02106755665214396,model::modernbert_sentiment_profile,ModernBERT + Sentiment Profile,42
19949,1,1.585900236023008e-06,0,0.02106755665214396,model::modernbert_sentiment_profile,ModernBERT + Sentiment Profile,42
577,1,1.372693191115104e-06,0,0.02106755665214396,model::modernbert_sentiment_profile,ModernBERT + Sentiment Profile,42
2039,0,1.735486193865654e-06,0,0.02106755665214396,model::modernbert_sentiment_profile,ModernBERT + Sentiment Profile,42
17193,0,1.268975779566972e-06,0,0.02106755665214396,model::modernbert_sentiment_profile,ModernBERT + Sentiment Profile,42
14350,1,1.3545147794502554e-06,0,0.02106755665214396,model::modernbert_sentiment_profile,ModernBERT + Sentiment Profile,42
19730,1,1.4437116533372318e-06,0,0.02106755665214396,model::modernbert_sentiment_profile,ModernBERT + Sentiment Profile,42
20960,1,1.4832672832199023e-06,0,0.02106755665214396,model::modernbert_sentiment_profile,ModernBERT + Sentiment Profile,42
2547,1,1.2548091490316438e-06,0,0.02106755665214396,model::modernbert_sentiment_profile,ModernBERT + Sentiment Profile,42
13601,0,1.198169798044546e-06,0,0.02106755665214396,model::modernbert_sentiment_profile,ModernBERT + Sentiment Profile,42
5423,0,1.846915097303281e-06,0,0.02106755665214396,model::modernbert_sentiment_profile,ModernBERT + Sentiment Profile,42
13210,0,1.8610489860293451e-06,0,0.02106755665214396,model::modernbert_sentiment_profile,ModernBERT + Sentiment Profile,42
18396,1,1.6691632254151043e-06,0,0.02106755665214396,model::modernbert_sentiment_profile,ModernBERT + Sentiment Profile,42
6019,0,1.3070991826680256e-06,0,0.02106755665214396,model::modernbert_sentiment_profile,ModernBERT + Sentiment Profile,42
2872,0,1.4624860114054172e-06,0,0.02106755665214396,model::modernbert_sentiment_profile,ModernBERT + Sentiment Profile,42
6204,0,1.1753044191209483e-06,0,0.02106755665214396,model::modernbert_sentiment_profile,ModernBERT + Sentiment Profile,42
9717,1,1.4029170642970712e-06,0,0.02106755665214396,model::modernbert_sentiment_profile,ModernBERT + Sentiment Profile,42
3733,0,3.7710276501456974e-06,0,0.02106755665214396,model::modernbert_sentiment_profile,ModernBERT + Sentiment Profile,42
3150,1,1.2867558325524442e-06,0,0.02106755665214396,model::modernbert_sentiment_profile,ModernBERT + Sentiment Profile,42
12007,0,1.2701332252618158e-06,0,0.02106755665214396,model::modernbert_sentiment_profile,ModernBERT + Sentiment Profile,42
20412,0,1.181807647299138e-06,0,0.02106755665214396,model::modernbert_sentiment_profile,ModernBERT + Sentiment Profile,42
10966,1,1.296954451390775e-06,0,0.02106755665214396,model::modernbert_sentiment_profile,ModernBERT + Sentiment Profile,42
15297,1,1.294903995585628e-06,0,0.02106755665214396,model::modernbert_sentiment_profile,ModernBERT + Sentiment Profile,42
8581,0,1.4995297306086286e-06,0,0.02106755665214396,model::modernbert_sentiment_profile,ModernBERT + Sentiment Profile,42
9247,1,1.2695084024016978e-06,0,0.02106755665214396,model::modernbert_sentiment_profile,ModernBERT + Sentiment Profile,42
20802,1,1.5877525356700062e-06,0,0.02106755665214396,model::modernbert_sentiment_profile,ModernBERT + Sentiment Profile,42
11856,0,1.7172412754007382e-06,0,0.02106755665214396,model::modernbert_sentiment_profile,ModernBERT + Sentiment Profile,42
16750,0,1.4573652151739225e-06,0,0.02106755665214396,model::modernbert_sentiment_profile,ModernBERT + Sentiment Profile,42
14447,1,1.2778129985235864e-06,0,0.02106755665214396,model::modernbert_sentiment_profile,ModernBERT + Sentiment Profile,42
599,1,1.6850259498824016e-06,0,0.02106755665214396,model::modernbert_sentiment_profile,ModernBERT + Sentiment Profile,42
19339,1,1.162008402388892e-06,0,0.02106755665214396,model::modernbert_sentiment_profile,ModernBERT + Sentiment Profile,42
20904,0,1.5313687526941069e-06,0,0.02106755665214396,model::modernbert_sentiment_profile,ModernBERT + Sentiment Profile,42
18860,1,1.355304334538232e-06,0,0.02106755665214396,model::modernbert_sentiment_profile,ModernBERT + Sentiment Profile,42
7349,0,1.4858809436191225e-06,0,0.02106755665214396,model::modernbert_sentiment_profile,ModernBERT + Sentiment Profile,42
12739,0,1.2059122127539013e-06,0,0.02106755665214396,model::modernbert_sentiment_profile,ModernBERT + Sentiment Profile,42
1732,0,2.3593886453454616e-06,0,0.02106755665214396,model::modernbert_sentiment_profile,ModernBERT + Sentiment Profile,42
9070,1,1.1323584203637438e-06,0,0.02106755665214396,model::modernbert_sentiment_profile,ModernBERT + Sentiment Profile,42
20274,0,1.386731355523807e-06,0,0.02106755665214396,model::modernbert_sentiment_profile,ModernBERT + Sentiment Profile,42
16439,1,1.3465269148582593e-06,0,0.02106755665214396,model::modernbert_sentiment_profile,ModernBERT + Sentiment Profile,42
9723,0,4.159117452218197e-06,0,0.02106755665214396,model::modernbert_sentiment_profile,ModernBERT + Sentiment Profile,42
15367,0,1.8899704627983736e-06,0,0.02106755665214396,model::modernbert_sentiment_profile,ModernBERT + Sentiment Profile,42
21113,0,1.6962703739409335e-06,0,0.02106755665214396,model::modernbert_sentiment_profile,ModernBERT + Sentiment Profile,42
12151,1,1.4968164805395643e-06,0,0.02106755665214396,model::modernbert_sentiment_profile,ModernBERT + Sentiment Profile,42
4476,1,1.5665707451262278e-06,0,0.02106755665214396,model::modernbert_sentiment_profile,ModernBERT + Sentiment Profile,42
8093,1,1.3055605450063013e-06,0,0.02106755665214396,model::modernbert_sentiment_profile,ModernBERT + Sentiment Profile,42
6237,0,1.35390530431323e-06,0,0.02106755665214396,model::modernbert_sentiment_profile,ModernBERT + Sentiment Profile,42
19531,1,1.3905719242757186e-06,0,0.02106755665214396,model::modernbert_sentiment_profile,ModernBERT + Sentiment Profile,42
5192,0,1.1305660336802248e-06,0,0.02106755665214396,model::modernbert_sentiment_profile,ModernBERT + Sentiment Profile,42
16725,1,1.2624237797354e-06,0,0.02106755665214396,model::modernbert_sentiment_profile,ModernBERT + Sentiment Profile,42
7744,1,1.2972413969691845e-06,0,0.02106755665214396,model::modernbert_sentiment_profile,ModernBERT + Sentiment Profile,42
9746,0,1.2758767979903496e-06,0,0.02106755665214396,model::modernbert_sentiment_profile,ModernBERT + Sentiment Profile,42
2397,1,1.2000314200122375e-06,0,0.02106755665214396,model::modernbert_sentiment_profile,ModernBERT + Sentiment Profile,42
3746,0,1.0973320740959025e-06,0,0.02106755665214396,model::modernbert_sentiment_profile,ModernBERT + Sentiment Profile,42
5190,0,3.143724370602285e-06,0,0.02106755665214396,model::modernbert_sentiment_profile,ModernBERT + Sentiment Profile,42
19360,0,1.577083253323508e-06,0,0.02106755665214396,model::modernbert_sentiment_profile,ModernBERT + Sentiment Profile,42
5879,1,1.4695744994241975e-06,0,0.02106755665214396,model::modernbert_sentiment_profile,ModernBERT + Sentiment Profile,42
11527,1,1.3819548030369333e-06,0,0.02106755665214396,model::modernbert_sentiment_profile,ModernBERT + Sentiment Profile,42
2187,0,1.1091665328422096e-06,0,0.02106755665214396,model::modernbert_sentiment_profile,ModernBERT + Sentiment Profile,42
12869,0,1.6726545482015354e-06,0,0.02106755665214396,model::modernbert_sentiment_profile,ModernBERT + Sentiment Profile,42
5091,1,1.065183710124984e-06,0,0.02106755665214396,model::modernbert_sentiment_profile,ModernBERT + Sentiment Profile,42
14152,1,1.2521230701167951e-06,0,0.02106755665214396,model::modernbert_sentiment_profile,ModernBERT + Sentiment Profile,42
20776,0,1.3401573824012305e-06,0,0.02106755665214396,model::modernbert_sentiment_profile,ModernBERT + Sentiment Profile,42
20518,1,1.2963188282810734e-06,0,0.02106755665214396,model::modernbert_sentiment_profile,ModernBERT + Sentiment Profile,42
8641,1,1.6328841638824088e-06,0,0.02106755665214396,model::modernbert_sentiment_profile,ModernBERT + Sentiment Profile,42
11128,1,1.5420538375110482e-06,0,0.02106755665214396,model::modernbert_sentiment_profile,ModernBERT + Sentiment Profile,42
12306,0,1.7962136098503834e-06,0,0.02106755665214396,model::modernbert_sentiment_profile,ModernBERT + Sentiment Profile,42
8675,1,1.3731672652284033e-06,0,0.02106755665214396,model::modernbert_sentiment_profile,ModernBERT + Sentiment Profile,42
16643,1,1.3127782949595712e-06,0,0.02106755665214396,model::modernbert_sentiment_profile,ModernBERT + Sentiment Profile,42
16124,0,1.5204458350126515e-06,0,0.02106755665214396,model::modernbert_sentiment_profile,ModernBERT + Sentiment Profile,42
5838,0,1.7608770122023998e-06,0,0.02106755665214396,model::modernbert_sentiment_profile,ModernBERT + Sentiment Profile,42
8821,1,1.3248144341559964e-06,0,0.02106755665214396,model::modernbert_sentiment_profile,ModernBERT + Sentiment Profile,42
13942,1,1.2075510085196584e-06,0,0.02106755665214396,model::modernbert_sentiment_profile,ModernBERT + Sentiment Profile,42
7149,1,2.1159435164008755e-06,0,0.02106755665214396,model::modernbert_sentiment_profile,ModernBERT + Sentiment Profile,42
6690,1,1.6753382396927918e-06,0,0.02106755665214396,model::modernbert_sentiment_profile,ModernBERT + Sentiment Profile,42
18207,0,1.791604745449149e-06,0,0.02106755665214396,model::modernbert_sentiment_profile,ModernBERT + Sentiment Profile,42
20961,0,1.1414539358156617e-06,0,0.02106755665214396,model::modernbert_sentiment_profile,ModernBERT + Sentiment Profile,42
7895,1,2.0694762952189194e-06,0,0.02106755665214396,model::modernbert_sentiment_profile,ModernBERT + Sentiment Profile,42
18853,1,1.3184165936763748e-06,0,0.02106755665214396,model::modernbert_sentiment_profile,ModernBERT + Sentiment Profile,42
17705,0,1.166469587587926e-06,0,0.02106755665214396,model::modernbert_sentiment_profile,ModernBERT + Sentiment Profile,42
19169,0,1.2923873100589844e-06,0,0.02106755665214396,model::modernbert_sentiment_profile,ModernBERT + Sentiment Profile,42
17658,1,1.2375367077765986e-06,0,0.02106755665214396,model::modernbert_sentiment_profile,ModernBERT + Sentiment Profile,42
13277,0,2.600534799057641e-06,0,0.02106755665214396,model::modernbert_sentiment_profile,ModernBERT + Sentiment Profile,42
20062,1,2.234834710179712e-06,0,0.02106755665214396,model::modernbert_sentiment_profile,ModernBERT + Sentiment Profile,42
16652,1,1.3530403748518438e-06,0,0.02106755665214396,model::modernbert_sentiment_profile,ModernBERT + Sentiment Profile,42
11093,0,1.1122701835120097e-06,0,0.02106755665214396,model::modernbert_sentiment_profile,ModernBERT + Sentiment Profile,42
12262,0,1.2034341807520832e-06,0,0.02106755665214396,model::modernbert_sentiment_profile,ModernBERT + Sentiment Profile,42
3119,1,1.6292567579512252e-06,0,0.02106755665214396,model::modernbert_sentiment_profile,ModernBERT + Sentiment Profile,42
17297,0,1.4215310102372314e-06,0,0.02106755665214396,model::modernbert_sentiment_profile,ModernBERT + Sentiment Profile,42
10638,1,1.4931381429050816e-06,0,0.02106755665214396,model::modernbert_sentiment_profile,ModernBERT + Sentiment Profile,42
2783,1,1.4096025324761283e-06,0,0.02106755665214396,model::modernbert_sentiment_profile,ModernBERT + Sentiment Profile,42
14032,0,1.4758243196411058e-06,0,0.02106755665214396,model::modernbert_sentiment_profile,ModernBERT + Sentiment Profile,42
14851,0,1.5668008472857764e-06,0,0.02106755665214396,model::modernbert_sentiment_profile,ModernBERT + Sentiment Profile,42
12174,0,1.4460734973908984e-06,0,0.02106755665214396,model::modernbert_sentiment_profile,ModernBERT + Sentiment Profile,42
2004,1,1.6193783949347562e-06,0,0.02106755665214396,model::modernbert_sentiment_profile,ModernBERT + Sentiment Profile,42
18219,1,1.1658891025945195e-06,0,0.02106755665214396,model::modernbert_sentiment_profile,ModernBERT + Sentiment Profile,42
8168,0,2.0545703591778874e-06,0,0.02106755665214396,model::modernbert_sentiment_profile,ModernBERT + Sentiment Profile,42
20316,0,1.095289121622045e-06,0,0.02106755665214396,model::modernbert_sentiment_profile,ModernBERT + Sentiment Profile,42
4844,0,8.464741654279351e-07,0,0.02106755665214396,model::modernbert_sentiment_profile,ModernBERT + Sentiment Profile,42
11474,1,1.2455169553504677e-06,0,0.02106755665214396,model::modernbert_sentiment_profile,ModernBERT + Sentiment Profile,42
10047,0,1.615811697774916e-06,0,0.02106755665214396,model::modernbert_sentiment_profile,ModernBERT + Sentiment Profile,42
5861,1,2.5276935957663227e-06,0,0.02106755665214396,model::modernbert_sentiment_profile,ModernBERT + Sentiment Profile,42
9226,1,1.1123008789581943e-06,0,0.02106755665214396,model::modernbert_sentiment_profile,ModernBERT + Sentiment Profile,42
20898,0,2.128922005795175e-06,0,0.02106755665214396,model::modernbert_sentiment_profile,ModernBERT + Sentiment Profile,42
569,0,1.157087467618112e-06,0,0.02106755665214396,model::modernbert_sentiment_profile,ModernBERT + Sentiment Profile,42
4565,0,2.1337493762985105e-06,0,0.02106755665214396,model::modernbert_sentiment_profile,ModernBERT + Sentiment Profile,42
7145,1,1.4413619737752017e-06,0,0.02106755665214396,model::modernbert_sentiment_profile,ModernBERT + Sentiment Profile,42
11649,1,1.542237669127644e-06,0,0.02106755665214396,model::modernbert_sentiment_profile,ModernBERT + Sentiment Profile,42
13929,1,1.3730061709793515e-06,0,0.02106755665214396,model::modernbert_sentiment_profile,ModernBERT + Sentiment Profile,42
3753,1,1.795590151232318e-06,0,0.02106755665214396,model::modernbert_sentiment_profile,ModernBERT + Sentiment Profile,42
15158,1,1.4284794360719388e-06,0,0.02106755665214396,model::modernbert_sentiment_profile,ModernBERT + Sentiment Profile,42
16218,1,1.4675885040560388e-06,0,0.02106755665214396,model::modernbert_sentiment_profile,ModernBERT + Sentiment Profile,42
20386,1,9.220323136105436e-07,0,0.02106755665214396,model::modernbert_sentiment_profile,ModernBERT + Sentiment Profile,42
17498,0,1.279850948776584e-06,0,0.02106755665214396,model::modernbert_sentiment_profile,ModernBERT + Sentiment Profile,42
2167,0,1.4243059922591783e-06,0,0.02106755665214396,model::modernbert_sentiment_profile,ModernBERT + Sentiment Profile,42
2243,0,1.5257854784067604e-06,0,0.02106755665214396,model::modernbert_sentiment_profile,ModernBERT + Sentiment Profile,42
10786,0,1.435997319276794e-06,0,0.02106755665214396,model::modernbert_sentiment_profile,ModernBERT + Sentiment Profile,42
3657,0,5.748715921072289e-06,0,0.02106755665214396,model::modernbert_sentiment_profile,ModernBERT + Sentiment Profile,42
3062,1,1.356901520921383e-06,0,0.02106755665214396,model::modernbert_sentiment_profile,ModernBERT + Sentiment Profile,42
4628,0,1.1267052286711987e-06,0,0.02106755665214396,model::modernbert_sentiment_profile,ModernBERT + Sentiment Profile,42
9579,1,1.62677258686017e-06,0,0.02106755665214396,model::modernbert_sentiment_profile,ModernBERT + Sentiment Profile,42
2333,1,1.265908053937892e-06,0,0.02106755665214396,model::modernbert_sentiment_profile,ModernBERT + Sentiment Profile,42
20319,0,1.578762521603494e-06,0,0.02106755665214396,model::modernbert_sentiment_profile,ModernBERT + Sentiment Profile,42
16926,1,1.4105182799539762e-06,0,0.02106755665214396,model::modernbert_sentiment_profile,ModernBERT + Sentiment Profile,42
6800,1,1.4736302773599164e-06,0,0.02106755665214396,model::modernbert_sentiment_profile,ModernBERT + Sentiment Profile,42
5003,0,1.7598965769138886e-06,0,0.02106755665214396,model::modernbert_sentiment_profile,ModernBERT + Sentiment Profile,42
12074,1,1.3603947763840551e-06,0,0.02106755665214396,model::modernbert_sentiment_profile,ModernBERT + Sentiment Profile,42
6804,0,1.919766191349481e-06,0,0.02106755665214396,model::modernbert_sentiment_profile,ModernBERT + Sentiment Profile,42
10891,1,1.220086460307357e-06,0,0.02106755665214396,model::modernbert_sentiment_profile,ModernBERT + Sentiment Profile,42
12606,1,1.6430847153969808e-06,0,0.02106755665214396,model::modernbert_sentiment_profile,ModernBERT + Sentiment Profile,42
4490,0,1.3936491995991671e-06,0,0.02106755665214396,model::modernbert_sentiment_profile,ModernBERT + Sentiment Profile,42
9963,1,2.0734628378704656e-06,0,0.02106755665214396,model::modernbert_sentiment_profile,ModernBERT + Sentiment Profile,42
3158,0,1.4657338169854484e-06,0,0.02106755665214396,model::modernbert_sentiment_profile,ModernBERT + Sentiment Profile,42
16831,1,1.2027296634187223e-06,0,0.02106755665214396,model::modernbert_sentiment_profile,ModernBERT + Sentiment Profile,42
2875,1,1.5628863820893455e-06,0,0.02106755665214396,model::modernbert_sentiment_profile,ModernBERT + Sentiment Profile,42
7424,1,1.033606395139941e-06,0,0.02106755665214396,model::modernbert_sentiment_profile,ModernBERT + Sentiment Profile,42
3520,0,1.9090837213298077e-06,0,0.02106755665214396,model::modernbert_sentiment_profile,ModernBERT + Sentiment Profile,42
13077,0,1.2252379519850365e-06,0,0.02106755665214396,model::modernbert_sentiment_profile,ModernBERT + Sentiment Profile,42
10020,1,1.0656195854608086e-06,0,0.02106755665214396,model::modernbert_sentiment_profile,ModernBERT + Sentiment Profile,42
18236,1,1.193993739434518e-06,0,0.02106755665214396,model::modernbert_sentiment_profile,ModernBERT + Sentiment Profile,42
12740,1,8.707045253686374e-07,0,0.02106755665214396,model::modernbert_sentiment_profile,ModernBERT + Sentiment Profile,42
626,1,1.2997986686968943e-06,0,0.02106755665214396,model::modernbert_sentiment_profile,ModernBERT + Sentiment Profile,42
5714,1,1.3092125072944327e-06,0,0.02106755665214396,model::modernbert_sentiment_profile,ModernBERT + Sentiment Profile,42
13642,1,1.3625488008983666e-06,0,0.02106755665214396,model::modernbert_sentiment_profile,ModernBERT + Sentiment Profile,42
18508,1,1.5112690334717629e-06,0,0.02106755665214396,model::modernbert_sentiment_profile,ModernBERT + Sentiment Profile,42
3639,1,8.601666650065454e-07,0,0.02106755665214396,model::modernbert_sentiment_profile,ModernBERT + Sentiment Profile,42
15024,0,1.2488782203945448e-06,0,0.02106755665214396,model::modernbert_sentiment_profile,ModernBERT + Sentiment Profile,42
15804,1,1.701743713056203e-06,0,0.02106755665214396,model::modernbert_sentiment_profile,ModernBERT + Sentiment Profile,42
614,1,1.3551673418987775e-06,0,0.02106755665214396,model::modernbert_sentiment_profile,ModernBERT + Sentiment Profile,42
21007,0,1.2419574204614037e-06,0,0.02106755665214396,model::modernbert_sentiment_profile,ModernBERT + Sentiment Profile,42
48,0,1.467994479753543e-06,0,0.02106755665214396,model::modernbert_sentiment_profile,ModernBERT + Sentiment Profile,42
4659,0,1.4916950021870434e-06,0,0.02106755665214396,model::modernbert_sentiment_profile,ModernBERT + Sentiment Profile,42
2451,0,1.0899572089329013e-06,0,0.02106755665214396,model::modernbert_sentiment_profile,ModernBERT + Sentiment Profile,42
20014,1,1.294443563892855e-06,0,0.02106755665214396,model::modernbert_sentiment_profile,ModernBERT + Sentiment Profile,42
16523,1,1.279141997656552e-06,0,0.02106755665214396,model::modernbert_sentiment_profile,ModernBERT + Sentiment Profile,42
7588,0,1.4139526456347085e-06,0,0.02106755665214396,model::modernbert_sentiment_profile,ModernBERT + Sentiment Profile,42
10690,0,1.45154922392976e-06,0,0.02106755665214396,model::modernbert_sentiment_profile,ModernBERT + Sentiment Profile,42
11707,1,1.1427511026340651e-06,0,0.02106755665214396,model::modernbert_sentiment_profile,ModernBERT + Sentiment Profile,42
7072,0,1.2234153246026835e-06,0,0.02106755665214396,model::modernbert_sentiment_profile,ModernBERT + Sentiment Profile,42
2583,1,1.5647908639948582e-06,0,0.02106755665214396,model::modernbert_sentiment_profile,ModernBERT + Sentiment Profile,42
14906,1,1.8569359099274152e-06,0,0.02106755665214396,model::modernbert_sentiment_profile,ModernBERT + Sentiment Profile,42
7454,1,1.2846297750002122e-06,0,0.02106755665214396,model::modernbert_sentiment_profile,ModernBERT + Sentiment Profile,42
8783,1,1.2477246400521835e-06,0,0.02106755665214396,model::modernbert_sentiment_profile,ModernBERT + Sentiment Profile,42
6422,0,2.1923240183241437e-06,0,0.02106755665214396,model::modernbert_sentiment_profile,ModernBERT + Sentiment Profile,42
7361,1,1.4390394653673866e-06,0,0.02106755665214396,model::modernbert_sentiment_profile,ModernBERT + Sentiment Profile,42
10470,0,1.276082457479788e-06,0,0.02106755665214396,model::modernbert_sentiment_profile,ModernBERT + Sentiment Profile,42
13196,1,1.2527835906439575e-06,0,0.02106755665214396,model::modernbert_sentiment_profile,ModernBERT + Sentiment Profile,42
8823,0,1.4369220480148217e-06,0,0.02106755665214396,model::modernbert_sentiment_profile,ModernBERT + Sentiment Profile,42
13026,0,1.3102692264510551e-06,0,0.02106755665214396,model::modernbert_sentiment_profile,ModernBERT + Sentiment Profile,42
6243,1,1.2480567193051684e-06,0,0.02106755665214396,model::modernbert_sentiment_profile,ModernBERT + Sentiment Profile,42
11626,0,1.342952828053967e-06,0,0.02106755665214396,model::modernbert_sentiment_profile,ModernBERT + Sentiment Profile,42
4722,0,1.9831288682325976e-06,0,0.02106755665214396,model::modernbert_sentiment_profile,ModernBERT + Sentiment Profile,42
9105,0,1.3855218412572867e-06,0,0.02106755665214396,model::modernbert_sentiment_profile,ModernBERT + Sentiment Profile,42
7276,1,1.325305902355467e-06,0,0.02106755665214396,model::modernbert_sentiment_profile,ModernBERT + Sentiment Profile,42
13624,0,1.353489551547682e-06,0,0.02106755665214396,model::modernbert_sentiment_profile,ModernBERT + Sentiment Profile,42
1294,0,1.2764378425345058e-06,0,0.02106755665214396,model::modernbert_sentiment_profile,ModernBERT + Sentiment Profile,42
2762,1,1.1476756753836526e-06,0,0.02106755665214396,model::modernbert_sentiment_profile,ModernBERT + Sentiment Profile,42
11880,1,1.3070392697045463e-06,0,0.02106755665214396,model::modernbert_sentiment_profile,ModernBERT + Sentiment Profile,42
9542,1,1.2181970987512614e-06,0,0.02106755665214396,model::modernbert_sentiment_profile,ModernBERT + Sentiment Profile,42
354,1,2.4915830181271303e-06,0,0.02106755665214396,model::modernbert_sentiment_profile,ModernBERT + Sentiment Profile,42
11301,0,1.5339207948272815e-06,0,0.02106755665214396,model::modernbert_sentiment_profile,ModernBERT + Sentiment Profile,42
20095,0,1.562823740641761e-06,0,0.02106755665214396,model::modernbert_sentiment_profile,ModernBERT + Sentiment Profile,42
17999,1,1.2222980103615555e-06,0,0.02106755665214396,model::modernbert_sentiment_profile,ModernBERT + Sentiment Profile,42
2645,1,1.3813355508318637e-06,0,0.02106755665214396,model::modernbert_sentiment_profile,ModernBERT + Sentiment Profile,42
2234,1,1.5248864428940578e-06,0,0.02106755665214396,model::modernbert_sentiment_profile,ModernBERT + Sentiment Profile,42
11688,1,1.4014835869602391e-06,0,0.02106755665214396,model::modernbert_sentiment_profile,ModernBERT + Sentiment Profile,42
10725,0,3.3150738545373315e-06,0,0.02106755665214396,model::modernbert_sentiment_profile,ModernBERT + Sentiment Profile,42
6916,0,1.161044679065526e-06,0,0.02106755665214396,model::modernbert_sentiment_profile,ModernBERT + Sentiment Profile,42
9011,1,2.090849193336908e-06,0,0.02106755665214396,model::modernbert_sentiment_profile,ModernBERT + Sentiment Profile,42
18464,0,1.135432626142574e-06,0,0.02106755665214396,model::modernbert_sentiment_profile,ModernBERT + Sentiment Profile,42
19953,0,1.14227384528931e-06,0,0.02106755665214396,model::modernbert_sentiment_profile,ModernBERT + Sentiment Profile,42
8233,0,1.277927481169172e-06,0,0.02106755665214396,model::modernbert_sentiment_profile,ModernBERT + Sentiment Profile,42
3981,0,1.8223573761133596e-06,0,0.02106755665214396,model::modernbert_sentiment_profile,ModernBERT + Sentiment Profile,42
9752,1,1.358299869025359e-06,0,0.02106755665214396,model::modernbert_sentiment_profile,ModernBERT + Sentiment Profile,42
4575,0,1.5203850125544704e-06,0,0.02106755665214396,model::modernbert_sentiment_profile,ModernBERT + Sentiment Profile,42
14558,0,1.373744794364029e-06,0,0.02106755665214396,model::modernbert_sentiment_profile,ModernBERT + Sentiment Profile,42
11928,0,1.3569429029303135e-06,0,0.02106755665214396,model::modernbert_sentiment_profile,ModernBERT + Sentiment Profile,42
4444,0,1.4065703908272551e-06,0,0.02106755665214396,model::modernbert_sentiment_profile,ModernBERT + Sentiment Profile,42
18467,1,2.4341070457012397e-06,0,0.02106755665214396,model::modernbert_sentiment_profile,ModernBERT + Sentiment Profile,42
7606,0,1.2708360372926109e-06,0,0.02106755665214396,model::modernbert_sentiment_profile,ModernBERT + Sentiment Profile,42
18410,1,1.5334001091105165e-06,0,0.02106755665214396,model::modernbert_sentiment_profile,ModernBERT + Sentiment Profile,42
17983,1,1.3049120752839372e-06,0,0.02106755665214396,model::modernbert_sentiment_profile,ModernBERT + Sentiment Profile,42
15930,1,1.2389856465233606e-06,0,0.02106755665214396,model::modernbert_sentiment_profile,ModernBERT + Sentiment Profile,42
7429,0,1.3603350907942513e-06,0,0.02106755665214396,model::modernbert_sentiment_profile,ModernBERT + Sentiment Profile,42
7104,0,1.8248617834615288e-06,0,0.02106755665214396,model::modernbert_sentiment_profile,ModernBERT + Sentiment Profile,42
18949,1,1.2866073575423798e-06,0,0.02106755665214396,model::modernbert_sentiment_profile,ModernBERT + Sentiment Profile,42
10732,1,1.5128495078897686e-06,0,0.02106755665214396,model::modernbert_sentiment_profile,ModernBERT + Sentiment Profile,42
10381,1,1.055469056154834e-06,0,0.02106755665214396,model::modernbert_sentiment_profile,ModernBERT + Sentiment Profile,42
17604,0,9.719007039166172e-07,0,0.02106755665214396,model::modernbert_sentiment_profile,ModernBERT + Sentiment Profile,42
16909,1,1.5713902712377603e-06,0,0.02106755665214396,model::modernbert_sentiment_profile,ModernBERT + Sentiment Profile,42
18975,1,1.1893287137354491e-06,0,0.02106755665214396,model::modernbert_sentiment_profile,ModernBERT + Sentiment Profile,42
7951,1,1.4480552863460616e-06,0,0.02106755665214396,model::modernbert_sentiment_profile,ModernBERT + Sentiment Profile,42
10647,0,1.2937820201841532e-06,0,0.02106755665214396,model::modernbert_sentiment_profile,ModernBERT + Sentiment Profile,42
11217,0,1.196593871100049e-06,0,0.02106755665214396,model::modernbert_sentiment_profile,ModernBERT + Sentiment Profile,42
4794,0,1.6249429108938784e-06,0,0.02106755665214396,model::modernbert_sentiment_profile,ModernBERT + Sentiment Profile,42
17644,1,1.5418008842971176e-06,0,0.02106755665214396,model::modernbert_sentiment_profile,ModernBERT + Sentiment Profile,42
10081,1,1.321525928688061e-06,0,0.02106755665214396,model::modernbert_sentiment_profile,ModernBERT + Sentiment Profile,42
16527,0,1.1901978496098309e-06,0,0.02106755665214396,model::modernbert_sentiment_profile,ModernBERT + Sentiment Profile,42
18750,1,1.2913363889310858e-06,0,0.02106755665214396,model::modernbert_sentiment_profile,ModernBERT + Sentiment Profile,42
15382,1,1.6091257748485075e-06,0,0.02106755665214396,model::modernbert_sentiment_profile,ModernBERT + Sentiment Profile,42
4640,1,1.1444765277701665e-06,0,0.02106755665214396,model::modernbert_sentiment_profile,ModernBERT + Sentiment Profile,42
4407,0,1.3963632454760957e-06,0,0.02106755665214396,model::modernbert_sentiment_profile,ModernBERT + Sentiment Profile,42
19782,0,1.616782810742734e-06,0,0.02106755665214396,model::modernbert_sentiment_profile,ModernBERT + Sentiment Profile,42
14288,1,1.3399911722444813e-06,0,0.02106755665214396,model::modernbert_sentiment_profile,ModernBERT + Sentiment Profile,42
1967,0,1.3645449143950827e-06,0,0.02106755665214396,model::modernbert_sentiment_profile,ModernBERT + Sentiment Profile,42
9658,0,1.3266476344142577e-06,0,0.02106755665214396,model::modernbert_sentiment_profile,ModernBERT + Sentiment Profile,42
4808,0,1.3159934724171762e-06,0,0.02106755665214396,model::modernbert_sentiment_profile,ModernBERT + Sentiment Profile,42
5494,0,1.092659999812895e-06,0,0.02106755665214396,model::modernbert_sentiment_profile,ModernBERT + Sentiment Profile,42
20622,0,2.0484446849877717e-06,0,0.02106755665214396,model::modernbert_sentiment_profile,ModernBERT + Sentiment Profile,42
7209,0,1.5575684528812417e-06,0,0.02106755665214396,model::modernbert_sentiment_profile,ModernBERT + Sentiment Profile,42
10074,1,1.2958577144672745e-06,0,0.02106755665214396,model::modernbert_sentiment_profile,ModernBERT + Sentiment Profile,42
8835,0,1.870176220108988e-06,0,0.02106755665214396,model::modernbert_sentiment_profile,ModernBERT + Sentiment Profile,42
8186,0,8.549146741643199e-07,0,0.02106755665214396,model::modernbert_sentiment_profile,ModernBERT + Sentiment Profile,42
6294,1,1.3981567690279917e-06,0,0.02106755665214396,model::modernbert_sentiment_profile,ModernBERT + Sentiment Profile,42
5954,1,8.646473474982486e-07,0,0.02106755665214396,model::modernbert_sentiment_profile,ModernBERT + Sentiment Profile,42
20302,0,1.1578468956940924e-06,0,0.02106755665214396,model::modernbert_sentiment_profile,ModernBERT + Sentiment Profile,42
10236,1,1.3251606105768587e-06,0,0.02106755665214396,model::modernbert_sentiment_profile,ModernBERT + Sentiment Profile,42
11945,0,1.3301670378496055e-06,0,0.02106755665214396,model::modernbert_sentiment_profile,ModernBERT + Sentiment Profile,42
12336,0,1.2379899771985947e-06,0,0.02106755665214396,model::modernbert_sentiment_profile,ModernBERT + Sentiment Profile,42
9515,1,1.210680579788459e-06,0,0.02106755665214396,model::modernbert_sentiment_profile,ModernBERT + Sentiment Profile,42
8018,0,1.1183849437657043e-06,0,0.02106755665214396,model::modernbert_sentiment_profile,ModernBERT + Sentiment Profile,42
12779,0,1.5157103234741951e-06,0,0.02106755665214396,model::modernbert_sentiment_profile,ModernBERT + Sentiment Profile,42
17947,0,1.599952156539075e-06,0,0.02106755665214396,model::modernbert_sentiment_profile,ModernBERT + Sentiment Profile,42
18792,1,1.051458411893691e-06,0,0.02106755665214396,model::modernbert_sentiment_profile,ModernBERT + Sentiment Profile,42
18321,1,1.3728097201237688e-06,0,0.02106755665214396,model::modernbert_sentiment_profile,ModernBERT + Sentiment Profile,42
10611,1,1.6364276689273538e-06,0,0.02106755665214396,model::modernbert_sentiment_profile,ModernBERT + Sentiment Profile,42
16529,0,1.2248266330061597e-06,0,0.02106755665214396,model::modernbert_sentiment_profile,ModernBERT + Sentiment Profile,42
20670,0,1.2607611097337212e-06,0,0.02106755665214396,model::modernbert_sentiment_profile,ModernBERT + Sentiment Profile,42
2198,1,1.2696003750534146e-06,0,0.02106755665214396,model::modernbert_sentiment_profile,ModernBERT + Sentiment Profile,42
14419,1,1.2660782431339612e-06,0,0.02106755665214396,model::modernbert_sentiment_profile,ModernBERT + Sentiment Profile,42
17089,0,1.1994274018434226e-06,0,0.02106755665214396,model::modernbert_sentiment_profile,ModernBERT + Sentiment Profile,42
5803,1,2.7415719614509726e-06,0,0.02106755665214396,model::modernbert_sentiment_profile,ModernBERT + Sentiment Profile,42
11159,1,1.5933239865262294e-06,0,0.02106755665214396,model::modernbert_sentiment_profile,ModernBERT + Sentiment Profile,42
4982,1,1.2340847206360197e-06,0,0.02106755665214396,model::modernbert_sentiment_profile,ModernBERT + Sentiment Profile,42
18079,0,1.2395730664138682e-06,0,0.02106755665214396,model::modernbert_sentiment_profile,ModernBERT + Sentiment Profile,42
3152,1,1.5271233451130684e-06,0,0.02106755665214396,model::modernbert_sentiment_profile,ModernBERT + Sentiment Profile,42
2813,0,1.3544012062993716e-06,0,0.02106755665214396,model::modernbert_sentiment_profile,ModernBERT + Sentiment Profile,42
2818,1,1.3705781611861312e-06,0,0.02106755665214396,model::modernbert_sentiment_profile,ModernBERT + Sentiment Profile,42
9507,1,1.2601227581399144e-06,0,0.02106755665214396,model::modernbert_sentiment_profile,ModernBERT + Sentiment Profile,42
5872,1,1.4043547480468987e-06,0,0.02106755665214396,model::modernbert_sentiment_profile,ModernBERT + Sentiment Profile,42
4366,1,1.331128942183568e-06,0,0.02106755665214396,model::modernbert_sentiment_profile,ModernBERT + Sentiment Profile,42
2432,1,1.4313022802525666e-06,0,0.02106755665214396,model::modernbert_sentiment_profile,ModernBERT + Sentiment Profile,42
6574,1,1.1854333479277557e-06,0,0.02106755665214396,model::modernbert_sentiment_profile,ModernBERT + Sentiment Profile,42
13861,0,9.3463023631557e-07,0,0.02106755665214396,model::modernbert_sentiment_profile,ModernBERT + Sentiment Profile,42
18835,0,1.313033635597094e-06,0,0.02106755665214396,model::modernbert_sentiment_profile,ModernBERT + Sentiment Profile,42
1627,1,1.4576987723557977e-06,0,0.02106755665214396,model::modernbert_sentiment_profile,ModernBERT + Sentiment Profile,42
5263,1,1.983151605600142e-06,0,0.02106755665214396,model::modernbert_sentiment_profile,ModernBERT + Sentiment Profile,42
14743,1,1.5676482689741531e-06,0,0.02106755665214396,model::modernbert_sentiment_profile,ModernBERT + Sentiment Profile,42
7814,0,2.122621253874968e-06,0,0.02106755665214396,model::modernbert_sentiment_profile,ModernBERT + Sentiment Profile,42
14849,1,1.2596722172020236e-06,0,0.02106755665214396,model::modernbert_sentiment_profile,ModernBERT + Sentiment Profile,42
8244,0,1.4069460121390875e-06,0,0.02106755665214396,model::modernbert_sentiment_profile,ModernBERT + Sentiment Profile,42
12521,1,1.4525794540531931e-06,0,0.02106755665214396,model::modernbert_sentiment_profile,ModernBERT + Sentiment Profile,42
19236,1,1.2434376230885391e-06,0,0.02106755665214396,model::modernbert_sentiment_profile,ModernBERT + Sentiment Profile,42
559,0,1.5539985724899452e-06,0,0.02106755665214396,model::modernbert_sentiment_profile,ModernBERT + Sentiment Profile,42
9711,1,1.146039494415163e-06,0,0.02106755665214396,model::modernbert_sentiment_profile,ModernBERT + Sentiment Profile,42
14318,0,1.4666860579382046e-06,0,0.02106755665214396,model::modernbert_sentiment_profile,ModernBERT + Sentiment Profile,42
9456,1,1.2776557696270174e-06,0,0.02106755665214396,model::modernbert_sentiment_profile,ModernBERT + Sentiment Profile,42
221,0,1.4501586065307492e-06,0,0.02106755665214396,model::modernbert_sentiment_profile,ModernBERT + Sentiment Profile,42
5404,0,1.1425440789025745e-06,0,0.02106755665214396,model::modernbert_sentiment_profile,ModernBERT + Sentiment Profile,42
12978,0,1.3506579534805496e-06,0,0.02106755665214396,model::modernbert_sentiment_profile,ModernBERT + Sentiment Profile,42
13785,0,7.085376182658365e-06,0,0.02106755665214396,model::modernbert_sentiment_profile,ModernBERT + Sentiment Profile,42
7045,0,1.5746090866741724e-05,0,0.02106755665214396,model::modernbert_sentiment_profile,ModernBERT + Sentiment Profile,42
11761,1,1.6871083516889485e-06,0,0.02106755665214396,model::modernbert_sentiment_profile,ModernBERT + Sentiment Profile,42
10347,0,2.040970230154926e-06,0,0.02106755665214396,model::modernbert_sentiment_profile,ModernBERT + Sentiment Profile,42
16541,1,1.506439843979024e-06,0,0.02106755665214396,model::modernbert_sentiment_profile,ModernBERT + Sentiment Profile,42
12217,1,1.379668788104027e-06,0,0.02106755665214396,model::modernbert_sentiment_profile,ModernBERT + Sentiment Profile,42
3789,0,1.4830494592388277e-06,0,0.02106755665214396,model::modernbert_sentiment_profile,ModernBERT + Sentiment Profile,42
8363,1,1.5214684481179577e-06,0,0.02106755665214396,model::modernbert_sentiment_profile,ModernBERT + Sentiment Profile,42
17717,0,1.7040774764609523e-06,0,0.02106755665214396,model::modernbert_sentiment_profile,ModernBERT + Sentiment Profile,42
14020,0,1.3124640645401089e-06,0,0.02106755665214396,model::modernbert_sentiment_profile,ModernBERT + Sentiment Profile,42
7490,1,1.71446436070255e-06,0,0.02106755665214396,model::modernbert_sentiment_profile,ModernBERT + Sentiment Profile,42
13316,1,1.298414758821309e-06,0,0.02106755665214396,model::modernbert_sentiment_profile,ModernBERT + Sentiment Profile,42
227,0,9.596784593668415e-07,0,0.02106755665214396,model::modernbert_sentiment_profile,ModernBERT + Sentiment Profile,42
17201,1,1.2079817679477856e-06,0,0.02106755665214396,model::modernbert_sentiment_profile,ModernBERT + Sentiment Profile,42
6356,0,8.93934668511065e-07,0,0.02106755665214396,model::modernbert_sentiment_profile,ModernBERT + Sentiment Profile,42
1016,0,2.0012041659356328e-06,0,0.02106755665214396,model::modernbert_sentiment_profile,ModernBERT + Sentiment Profile,42
10615,0,2.073324594675796e-06,0,0.02106755665214396,model::modernbert_sentiment_profile,ModernBERT + Sentiment Profile,42
6432,1,1.4116122883933713e-06,0,0.02106755665214396,model::modernbert_sentiment_profile,ModernBERT + Sentiment Profile,42
556,1,1.4106689150139573e-06,0,0.02106755665214396,model::modernbert_sentiment_profile,ModernBERT + Sentiment Profile,42
16230,0,9.536324228065496e-07,0,0.02106755665214396,model::modernbert_sentiment_profile,ModernBERT + Sentiment Profile,42
6959,0,1.221428760800336e-06,0,0.02106755665214396,model::modernbert_sentiment_profile,ModernBERT + Sentiment Profile,42
12216,1,1.338162519459729e-06,0,0.02106755665214396,model::modernbert_sentiment_profile,ModernBERT + Sentiment Profile,42
12314,1,1.4102707837082562e-06,0,0.02106755665214396,model::modernbert_sentiment_profile,ModernBERT + Sentiment Profile,42
4822,0,1.3614369436254492e-06,0,0.02106755665214396,model::modernbert_sentiment_profile,ModernBERT + Sentiment Profile,42
3986,1,1.2207464124003309e-06,0,0.02106755665214396,model::modernbert_sentiment_profile,ModernBERT + Sentiment Profile,42
10498,1,1.2795458133041393e-06,0,0.02106755665214396,model::modernbert_sentiment_profile,ModernBERT + Sentiment Profile,42
11207,1,8.431820788246114e-07,0,0.02106755665214396,model::modernbert_sentiment_profile,ModernBERT + Sentiment Profile,42
8885,1,1.2300768048589816e-06,0,0.02106755665214396,model::modernbert_sentiment_profile,ModernBERT + Sentiment Profile,42
11347,1,2.5762155928532597e-06,0,0.02106755665214396,model::modernbert_sentiment_profile,ModernBERT + Sentiment Profile,42
16177,0,1.3528726867662044e-06,0,0.02106755665214396,model::modernbert_sentiment_profile,ModernBERT + Sentiment Profile,42
6396,0,1.129374254560389e-06,0,0.02106755665214396,model::modernbert_sentiment_profile,ModernBERT + Sentiment Profile,42
14011,1,1.2819373296224512e-06,0,0.02106755665214396,model::modernbert_sentiment_profile,ModernBERT + Sentiment Profile,42
8713,0,1.6073527149274014e-06,0,0.02106755665214396,model::modernbert_sentiment_profile,ModernBERT + Sentiment Profile,42
6917,0,1.550232923364092e-06,0,0.02106755665214396,model::modernbert_sentiment_profile,ModernBERT + Sentiment Profile,42
20398,0,1.2638066664294456e-06,0,0.02106755665214396,model::modernbert_sentiment_profile,ModernBERT + Sentiment Profile,42
19976,0,1.2249749943293864e-06,0,0.02106755665214396,model::modernbert_sentiment_profile,ModernBERT + Sentiment Profile,42
19008,1,1.224297648150241e-06,0,0.02106755665214396,model::modernbert_sentiment_profile,ModernBERT + Sentiment Profile,42
16593,1,1.4363506579684326e-06,0,0.02106755665214396,model::modernbert_sentiment_profile,ModernBERT + Sentiment Profile,42
11248,0,1.441194285689562e-06,0,0.02106755665214396,model::modernbert_sentiment_profile,ModernBERT + Sentiment Profile,42
20722,1,1.4288582406152273e-06,0,0.02106755665214396,model::modernbert_sentiment_profile,ModernBERT + Sentiment Profile,42
1924,1,1.4891650153003866e-06,0,0.02106755665214396,model::modernbert_sentiment_profile,ModernBERT + Sentiment Profile,42
9501,0,1.899246740322269e-06,0,0.02106755665214396,model::modernbert_sentiment_profile,ModernBERT + Sentiment Profile,42
14798,1,1.7583364524398348e-06,0,0.02106755665214396,model::modernbert_sentiment_profile,ModernBERT + Sentiment Profile,42
16378,0,2.1849477889190894e-06,0,0.02106755665214396,model::modernbert_sentiment_profile,ModernBERT + Sentiment Profile,42
9953,0,1.209888750963728e-06,0,0.02106755665214396,model::modernbert_sentiment_profile,ModernBERT + Sentiment Profile,42
2778,0,1.441914719180204e-06,0,0.02106755665214396,model::modernbert_sentiment_profile,ModernBERT + Sentiment Profile,42
7289,1,1.368770313092682e-06,0,0.02106755665214396,model::modernbert_sentiment_profile,ModernBERT + Sentiment Profile,42
4511,1,1.4422722642848385e-06,0,0.02106755665214396,model::modernbert_sentiment_profile,ModernBERT + Sentiment Profile,42
14006,0,1.7081174519262277e-06,0,0.02106755665214396,model::modernbert_sentiment_profile,ModernBERT + Sentiment Profile,42
10111,0,1.816894609873998e-06,0,0.02106755665214396,model::modernbert_sentiment_profile,ModernBERT + Sentiment Profile,42
2281,0,3.298237743365462e-06,0,0.02106755665214396,model::modernbert_sentiment_profile,ModernBERT + Sentiment Profile,42
12607,1,1.4578085938410368e-06,0,0.02106755665214396,model::modernbert_sentiment_profile,ModernBERT + Sentiment Profile,42
18157,0,1.416850750501908e-06,0,0.02106755665214396,model::modernbert_sentiment_profile,ModernBERT + Sentiment Profile,42
17548,1,1.3834225001119194e-06,0,0.02106755665214396,model::modernbert_sentiment_profile,ModernBERT + Sentiment Profile,42
15779,1,1.6248376368821482e-06,0,0.02106755665214396,model::modernbert_sentiment_profile,ModernBERT + Sentiment Profile,42
20594,0,1.7077835536838393e-06,0,0.02106755665214396,model::modernbert_sentiment_profile,ModernBERT + Sentiment Profile,42
15437,0,1.978240334210568e-06,0,0.02106755665214396,model::modernbert_sentiment_profile,ModernBERT + Sentiment Profile,42
11322,1,1.3367454130275291e-06,0,0.02106755665214396,model::modernbert_sentiment_profile,ModernBERT + Sentiment Profile,42
18605,1,1.47545836171048e-06,0,0.02106755665214396,model::modernbert_sentiment_profile,ModernBERT + Sentiment Profile,42
21053,1,1.709401544758293e-06,0,0.02106755665214396,model::modernbert_sentiment_profile,ModernBERT + Sentiment Profile,42
5662,1,1.265631567548553e-06,0,0.02106755665214396,model::modernbert_sentiment_profile,ModernBERT + Sentiment Profile,42
11892,0,1.4633844784839312e-06,0,0.02106755665214396,model::modernbert_sentiment_profile,ModernBERT + Sentiment Profile,42
5775,1,1.2990142295166152e-06,0,0.02106755665214396,model::modernbert_sentiment_profile,ModernBERT + Sentiment Profile,42
14139,1,1.340427047580306e-06,0,0.02106755665214396,model::modernbert_sentiment_profile,ModernBERT + Sentiment Profile,42
19692,1,1.4310347751234076e-06,0,0.02106755665214396,model::modernbert_sentiment_profile,ModernBERT + Sentiment Profile,42
4473,0,1.3441956525639398e-06,0,0.02106755665214396,model::modernbert_sentiment_profile,ModernBERT + Sentiment Profile,42
20647,1,1.3554193856180063e-06,0,0.02106755665214396,model::modernbert_sentiment_profile,ModernBERT + Sentiment Profile,42
19921,1,1.6091149745989242e-06,0,0.02106755665214396,model::modernbert_sentiment_profile,ModernBERT + Sentiment Profile,42
16487,0,1.321425088463002e-06,0,0.02106755665214396,model::modernbert_sentiment_profile,ModernBERT + Sentiment Profile,42
670,1,1.5729541473774589e-06,0,0.02106755665214396,model::modernbert_sentiment_profile,ModernBERT + Sentiment Profile,42
16860,0,2.1561259018199053e-06,0,0.02106755665214396,model::modernbert_sentiment_profile,ModernBERT + Sentiment Profile,42
6128,1,1.149828449342749e-06,0,0.02106755665214396,model::modernbert_sentiment_profile,ModernBERT + Sentiment Profile,42
12790,0,1.2779311191479792e-06,0,0.02106755665214396,model::modernbert_sentiment_profile,ModernBERT + Sentiment Profile,42
4849,0,1.5263268551279907e-06,0,0.02106755665214396,model::modernbert_sentiment_profile,ModernBERT + Sentiment Profile,42
18421,0,1.0124014124812677e-06,0,0.02106755665214396,model::modernbert_sentiment_profile,ModernBERT + Sentiment Profile,42
1477,0,1.515966118859069e-06,0,0.02106755665214396,model::modernbert_sentiment_profile,ModernBERT + Sentiment Profile,42
1422,0,4.80437302030623e-06,0,0.02106755665214396,model::modernbert_sentiment_profile,ModernBERT + Sentiment Profile,42
11260,0,9.396888458468312e-07,0,0.02106755665214396,model::modernbert_sentiment_profile,ModernBERT + Sentiment Profile,42
17332,0,1.086161432795052e-06,0,0.02106755665214396,model::modernbert_sentiment_profile,ModernBERT + Sentiment Profile,42
3713,0,1.7494780877314042e-06,0,0.02106755665214396,model::modernbert_sentiment_profile,ModernBERT + Sentiment Profile,42
4360,0,1.1206601584490272e-06,0,0.02106755665214396,model::modernbert_sentiment_profile,ModernBERT + Sentiment Profile,42
14527,0,1.400036808263394e-06,0,0.02106755665214396,model::modernbert_sentiment_profile,ModernBERT + Sentiment Profile,42
8526,1,1.9070785128860732e-06,0,0.02106755665214396,model::modernbert_sentiment_profile,ModernBERT + Sentiment Profile,42
3101,0,1.33247908706835e-06,0,0.02106755665214396,model::modernbert_sentiment_profile,ModernBERT + Sentiment Profile,42
8673,1,1.2943842193635646e-06,0,0.02106755665214396,model::modernbert_sentiment_profile,ModernBERT + Sentiment Profile,42
20321,0,2.2515960154123604e-06,0,0.02106755665214396,model::modernbert_sentiment_profile,ModernBERT + Sentiment Profile,42
2411,0,1.2111378282497751e-06,0,0.02106755665214396,model::modernbert_sentiment_profile,ModernBERT + Sentiment Profile,42
15912,1,1.5818973224668298e-06,0,0.02106755665214396,model::modernbert_sentiment_profile,ModernBERT + Sentiment Profile,42
16662,1,1.7412454553777934e-06,0,0.02106755665214396,model::modernbert_sentiment_profile,ModernBERT + Sentiment Profile,42
12940,0,9.378165850648656e-05,0,0.02106755665214396,model::modernbert_sentiment_profile,ModernBERT + Sentiment Profile,42
8926,1,1.4453759149546386e-06,0,0.02106755665214396,model::modernbert_sentiment_profile,ModernBERT + Sentiment Profile,42
20423,0,1.0798663652167306e-06,0,0.02106755665214396,model::modernbert_sentiment_profile,ModernBERT + Sentiment Profile,42
6242,1,1.6725557543395553e-06,0,0.02106755665214396,model::modernbert_sentiment_profile,ModernBERT + Sentiment Profile,42
5924,0,1.7495531210443005e-06,0,0.02106755665214396,model::modernbert_sentiment_profile,ModernBERT + Sentiment Profile,42
14214,0,1.899388053061557e-06,0,0.02106755665214396,model::modernbert_sentiment_profile,ModernBERT + Sentiment Profile,42
15557,1,1.2749560482916422e-06,0,0.02106755665214396,model::modernbert_sentiment_profile,ModernBERT + Sentiment Profile,42
2667,0,2.570213155195233e-06,0,0.02106755665214396,model::modernbert_sentiment_profile,ModernBERT + Sentiment Profile,42
14287,0,1.598280732650892e-06,0,0.02106755665214396,model::modernbert_sentiment_profile,ModernBERT + Sentiment Profile,42
7373,0,1.0817319662237423e-06,0,0.02106755665214396,model::modernbert_sentiment_profile,ModernBERT + Sentiment Profile,42
8547,1,1.1535935300344136e-06,0,0.02106755665214396,model::modernbert_sentiment_profile,ModernBERT + Sentiment Profile,42
3638,1,1.3330001138456282e-06,0,0.02106755665214396,model::modernbert_sentiment_profile,ModernBERT + Sentiment Profile,42
6776,0,1.2448603001757874e-06,0,0.02106755665214396,model::modernbert_sentiment_profile,ModernBERT + Sentiment Profile,42
17287,1,1.2064735983585706e-06,0,0.02106755665214396,model::modernbert_sentiment_profile,ModernBERT + Sentiment Profile,42
2915,0,1.9230644738854608e-06,0,0.02106755665214396,model::modernbert_sentiment_profile,ModernBERT + Sentiment Profile,42
18262,1,9.30029841583746e-07,0,0.02106755665214396,model::modernbert_sentiment_profile,ModernBERT + Sentiment Profile,42
16617,1,1.124349182646256e-06,0,0.02106755665214396,model::modernbert_sentiment_profile,ModernBERT + Sentiment Profile,42
11524,1,1.4930711813576636e-06,0,0.02106755665214396,model::modernbert_sentiment_profile,ModernBERT + Sentiment Profile,42
11482,1,1.3877156561648007e-06,0,0.02106755665214396,model::modernbert_sentiment_profile,ModernBERT + Sentiment Profile,42
7515,1,2.266294586661388e-06,0,0.02106755665214396,model::modernbert_sentiment_profile,ModernBERT + Sentiment Profile,42
16592,1,1.245407702299417e-06,0,0.02106755665214396,model::modernbert_sentiment_profile,ModernBERT + Sentiment Profile,42
1011,1,1.5670593711547554e-06,0,0.02106755665214396,model::modernbert_sentiment_profile,ModernBERT + Sentiment Profile,42
18744,0,1.3217679679655705e-06,0,0.02106755665214396,model::modernbert_sentiment_profile,ModernBERT + Sentiment Profile,42
9419,0,1.3803083902530489e-06,0,0.02106755665214396,model::modernbert_sentiment_profile,ModernBERT + Sentiment Profile,42
19969,0,1.4233826277632031e-06,0,0.02106755665214396,model::modernbert_sentiment_profile,ModernBERT + Sentiment Profile,42
11031,1,1.3700723684451075e-06,0,0.02106755665214396,model::modernbert_sentiment_profile,ModernBERT + Sentiment Profile,42
1336,1,1.4552541642842698e-06,0,0.02106755665214396,model::modernbert_sentiment_profile,ModernBERT + Sentiment Profile,42
2976,1,1.7235217910638312e-06,0,0.02106755665214396,model::modernbert_sentiment_profile,ModernBERT + Sentiment Profile,42
9188,1,1.1239332025070323e-06,0,0.02106755665214396,model::modernbert_sentiment_profile,ModernBERT + Sentiment Profile,42
4049,1,1.1940951480937656e-06,0,0.02106755665214396,model::modernbert_sentiment_profile,ModernBERT + Sentiment Profile,42
19567,0,1.4873227200951078e-06,0,0.02106755665214396,model::modernbert_sentiment_profile,ModernBERT + Sentiment Profile,42
14807,1,1.26871441352705e-06,0,0.02106755665214396,model::modernbert_sentiment_profile,ModernBERT + Sentiment Profile,42
1257,1,1.3534379377233563e-06,0,0.02106755665214396,model::modernbert_sentiment_profile,ModernBERT + Sentiment Profile,42
20326,0,1.2444519370546914e-06,0,0.02106755665214396,model::modernbert_sentiment_profile,ModernBERT + Sentiment Profile,42
11605,0,1.0564771173449117e-06,0,0.02106755665214396,model::modernbert_sentiment_profile,ModernBERT + Sentiment Profile,42
3365,0,1.600712153049244e-06,0,0.02106755665214396,model::modernbert_sentiment_profile,ModernBERT + Sentiment Profile,42
11378,0,1.140766130447446e-06,0,0.02106755665214396,model::modernbert_sentiment_profile,ModernBERT + Sentiment Profile,42
11665,1,1.6534939959456096e-06,0,0.02106755665214396,model::modernbert_sentiment_profile,ModernBERT + Sentiment Profile,42
5858,0,1.3867194184058462e-06,0,0.02106755665214396,model::modernbert_sentiment_profile,ModernBERT + Sentiment Profile,42
10405,1,1.4545048543368466e-06,0,0.02106755665214396,model::modernbert_sentiment_profile,ModernBERT + Sentiment Profile,42
8205,1,1.3371866316447267e-06,0,0.02106755665214396,model::modernbert_sentiment_profile,ModernBERT + Sentiment Profile,42
14304,1,1.320364503953897e-06,0,0.02106755665214396,model::modernbert_sentiment_profile,ModernBERT + Sentiment Profile,42
1405,1,1.4577349247701932e-06,0,0.02106755665214396,model::modernbert_sentiment_profile,ModernBERT + Sentiment Profile,42
4561,0,1.0801485359479557e-06,0,0.02106755665214396,model::modernbert_sentiment_profile,ModernBERT + Sentiment Profile,42
15932,0,1.3340289797270088e-06,0,0.02106755665214396,model::modernbert_sentiment_profile,ModernBERT + Sentiment Profile,42
18624,1,1.3015488775636186e-06,0,0.02106755665214396,model::modernbert_sentiment_profile,ModernBERT + Sentiment Profile,42
265,1,1.4980117839513696e-06,0,0.02106755665214396,model::modernbert_sentiment_profile,ModernBERT + Sentiment Profile,42
19066,0,1.1673665767375496e-06,0,0.02106755665214396,model::modernbert_sentiment_profile,ModernBERT + Sentiment Profile,42
11126,0,7.024762567198195e-07,0,0.02106755665214396,model::modernbert_sentiment_profile,ModernBERT + Sentiment Profile,42
11701,1,1.3026701708440669e-06,0,0.02106755665214396,model::modernbert_sentiment_profile,ModernBERT + Sentiment Profile,42
5097,1,1.3953887219031458e-06,0,0.02106755665214396,model::modernbert_sentiment_profile,ModernBERT + Sentiment Profile,42
19427,1,1.5015117469374673e-06,0,0.02106755665214396,model::modernbert_sentiment_profile,ModernBERT + Sentiment Profile,42
7818,1,1.1472817504909472e-06,0,0.02106755665214396,model::modernbert_sentiment_profile,ModernBERT + Sentiment Profile,42
1595,1,1.255264010069368e-06,0,0.02106755665214396,model::modernbert_sentiment_profile,ModernBERT + Sentiment Profile,42
15046,0,2.4006885723792948e-06,0,0.02106755665214396,model::modernbert_sentiment_profile,ModernBERT + Sentiment Profile,42
18178,1,1.4008020343680982e-06,0,0.02106755665214396,model::modernbert_sentiment_profile,ModernBERT + Sentiment Profile,42
8753,0,9.153587825494468e-07,0,0.02106755665214396,model::modernbert_sentiment_profile,ModernBERT + Sentiment Profile,42
12835,1,1.2695204532064963e-06,0,0.02106755665214396,model::modernbert_sentiment_profile,ModernBERT + Sentiment Profile,42
15736,0,1.150145408246317e-06,0,0.02106755665214396,model::modernbert_sentiment_profile,ModernBERT + Sentiment Profile,42
18109,1,1.6086071354948217e-06,0,0.02106755665214396,model::modernbert_sentiment_profile,ModernBERT + Sentiment Profile,42
13159,0,1.7837044197221983e-06,0,0.02106755665214396,model::modernbert_sentiment_profile,ModernBERT + Sentiment Profile,42
7253,0,1.2634620816243114e-06,0,0.02106755665214396,model::modernbert_sentiment_profile,ModernBERT + Sentiment Profile,42
7729,0,1.7416573427908588e-06,0,0.02106755665214396,model::modernbert_sentiment_profile,ModernBERT + Sentiment Profile,42
19005,0,1.0719584224716527e-06,0,0.02106755665214396,model::modernbert_sentiment_profile,ModernBERT + Sentiment Profile,42
2460,0,1.142185624303238e-06,0,0.02106755665214396,model::modernbert_sentiment_profile,ModernBERT + Sentiment Profile,42
18090,0,1.662361000853707e-06,0,0.02106755665214396,model::modernbert_sentiment_profile,ModernBERT + Sentiment Profile,42
2077,0,1.416534587406204e-06,0,0.02106755665214396,model::modernbert_sentiment_profile,ModernBERT + Sentiment Profile,42
4663,1,1.3798477311866009e-06,0,0.02106755665214396,model::modernbert_sentiment_profile,ModernBERT + Sentiment Profile,42
16139,0,1.2578043424582577e-06,0,0.02106755665214396,model::modernbert_sentiment_profile,ModernBERT + Sentiment Profile,42
10338,0,1.054818994816742e-06,0,0.02106755665214396,model::modernbert_sentiment_profile,ModernBERT + Sentiment Profile,42
14067,1,1.309271169702697e-06,0,0.02106755665214396,model::modernbert_sentiment_profile,ModernBERT + Sentiment Profile,42
1836,0,1.5055206858960446e-06,0,0.02106755665214396,model::modernbert_sentiment_profile,ModernBERT + Sentiment Profile,42
2134,0,1.8108764834323663e-06,0,0.02106755665214396,model::modernbert_sentiment_profile,ModernBERT + Sentiment Profile,42
17561,0,1.5469380514332445e-06,0,0.02106755665214396,model::modernbert_sentiment_profile,ModernBERT + Sentiment Profile,42
10345,0,1.5906397266007843e-06,0,0.02106755665214396,model::modernbert_sentiment_profile,ModernBERT + Sentiment Profile,42
3795,0,1.2151292594353436e-06,0,0.02106755665214396,model::modernbert_sentiment_profile,ModernBERT + Sentiment Profile,42
12517,1,1.5610258969900317e-06,0,0.02106755665214396,model::modernbert_sentiment_profile,ModernBERT + Sentiment Profile,42
16677,0,1.296994014410302e-06,0,0.02106755665214396,model::modernbert_sentiment_profile,ModernBERT + Sentiment Profile,42
15460,0,1.0884043604164615e-06,0,0.02106755665214396,model::modernbert_sentiment_profile,ModernBERT + Sentiment Profile,42
13065,1,1.2920039580421872e-06,0,0.02106755665214396,model::modernbert_sentiment_profile,ModernBERT + Sentiment Profile,42
1321,1,1.3539336123358223e-06,0,0.02106755665214396,model::modernbert_sentiment_profile,ModernBERT + Sentiment Profile,42
20250,1,1.2233313100296073e-06,0,0.02106755665214396,model::modernbert_sentiment_profile,ModernBERT + Sentiment Profile,42
11640,1,1.0217398767053965e-06,0,0.02106755665214396,model::modernbert_sentiment_profile,ModernBERT + Sentiment Profile,42
6580,1,1.1623608315858291e-06,0,0.02106755665214396,model::modernbert_sentiment_profile,ModernBERT + Sentiment Profile,42
6313,0,1.2052338433932164e-06,0,0.02106755665214396,model::modernbert_sentiment_profile,ModernBERT + Sentiment Profile,42
11111,1,1.0692272098822286e-06,0,0.02106755665214396,model::modernbert_sentiment_profile,ModernBERT + Sentiment Profile,42
2475,0,1.254745711776195e-06,0,0.02106755665214396,model::modernbert_sentiment_profile,ModernBERT + Sentiment Profile,42
10652,0,1.3802267631035647e-06,0,0.02106755665214396,model::modernbert_sentiment_profile,ModernBERT + Sentiment Profile,42
13222,1,1.1580081036299816e-06,0,0.02106755665214396,model::modernbert_sentiment_profile,ModernBERT + Sentiment Profile,42
5277,1,1.112299855776655e-06,0,0.02106755665214396,model::modernbert_sentiment_profile,ModernBERT + Sentiment Profile,42
21013,1,1.529754285911622e-06,0,0.02106755665214396,model::modernbert_sentiment_profile,ModernBERT + Sentiment Profile,42
9,0,1.2627754131244728e-06,0,0.02106755665214396,model::modernbert_sentiment_profile,ModernBERT + Sentiment Profile,42
20707,0,1.3041880038144882e-06,0,0.02106755665214396,model::modernbert_sentiment_profile,ModernBERT + Sentiment Profile,42
10325,1,1.7198832438225509e-06,0,0.02106755665214396,model::modernbert_sentiment_profile,ModernBERT + Sentiment Profile,42
10768,0,1.3024155123275705e-06,0,0.02106755665214396,model::modernbert_sentiment_profile,ModernBERT + Sentiment Profile,42
2987,0,1.2901226682515698e-06,0,0.02106755665214396,model::modernbert_sentiment_profile,ModernBERT + Sentiment Profile,42
11122,1,1.277161118196091e-06,0,0.02106755665214396,model::modernbert_sentiment_profile,ModernBERT + Sentiment Profile,42
15045,0,1.4468570270764758e-06,0,0.02106755665214396,model::modernbert_sentiment_profile,ModernBERT + Sentiment Profile,42
14538,0,2.151688931917306e-06,0,0.02106755665214396,model::modernbert_sentiment_profile,ModernBERT + Sentiment Profile,42
413,0,1.1695127568600585e-06,0,0.02106755665214396,model::modernbert_sentiment_profile,ModernBERT + Sentiment Profile,42
1205,0,1.185532823910762e-06,0,0.02106755665214396,model::modernbert_sentiment_profile,ModernBERT + Sentiment Profile,42
16379,0,1.39769679208257e-06,0,0.02106755665214396,model::modernbert_sentiment_profile,ModernBERT + Sentiment Profile,42
12654,0,9.52700702328002e-07,0,0.02106755665214396,model::modernbert_sentiment_profile,ModernBERT + Sentiment Profile,42
2629,0,2.123613285220926e-06,0,0.02106755665214396,model::modernbert_sentiment_profile,ModernBERT + Sentiment Profile,42
4403,1,1.343251369689824e-06,0,0.02106755665214396,model::modernbert_sentiment_profile,ModernBERT + Sentiment Profile,42
19138,1,1.3053538623353234e-06,0,0.02106755665214396,model::modernbert_sentiment_profile,ModernBERT + Sentiment Profile,42
628,0,1.73530577285419e-06,0,0.02106755665214396,model::modernbert_sentiment_profile,ModernBERT + Sentiment Profile,42
20890,1,1.0109715731232427e-06,0,0.02106755665214396,model::modernbert_sentiment_profile,ModernBERT + Sentiment Profile,42
20004,1,1.198304630634084e-06,0,0.02106755665214396,model::modernbert_sentiment_profile,ModernBERT + Sentiment Profile,42
9947,0,1.1888139397342457e-06,0,0.02106755665214396,model::modernbert_sentiment_profile,ModernBERT + Sentiment Profile,42
16144,0,1.444948566131643e-06,0,0.02106755665214396,model::modernbert_sentiment_profile,ModernBERT + Sentiment Profile,42
17524,1,1.5101322787813842e-06,0,0.02106755665214396,model::modernbert_sentiment_profile,ModernBERT + Sentiment Profile,42
10217,0,1.3217377272667363e-06,0,0.02106755665214396,model::modernbert_sentiment_profile,ModernBERT + Sentiment Profile,42
10363,0,1.5084223150552134e-06,0,0.02106755665214396,model::modernbert_sentiment_profile,ModernBERT + Sentiment Profile,42
16001,1,1.5933497934383922e-06,0,0.02106755665214396,model::modernbert_sentiment_profile,ModernBERT + Sentiment Profile,42
3976,0,1.105401906897896e-06,0,0.02106755665214396,model::modernbert_sentiment_profile,ModernBERT + Sentiment Profile,42
1978,0,1.469972517043061e-06,0,0.02106755665214396,model::modernbert_sentiment_profile,ModernBERT + Sentiment Profile,42
3445,0,1.3823133713231073e-06,0,0.02106755665214396,model::modernbert_sentiment_profile,ModernBERT + Sentiment Profile,42
20953,0,1.463023068026814e-06,0,0.02106755665214396,model::modernbert_sentiment_profile,ModernBERT + Sentiment Profile,42
17904,0,2.824676130330772e-06,0,0.02106755665214396,model::modernbert_sentiment_profile,ModernBERT + Sentiment Profile,42
6409,0,1.0214085932602757e-06,0,0.02106755665214396,model::modernbert_sentiment_profile,ModernBERT + Sentiment Profile,42
6020,0,1.2325815532676645e-06,0,0.02106755665214396,model::modernbert_sentiment_profile,ModernBERT + Sentiment Profile,42
19041,1,1.8698124222282784e-06,0,0.02106755665214396,model::modernbert_sentiment_profile,ModernBERT + Sentiment Profile,42
2889,1,1.462059344703448e-06,0,0.02106755665214396,model::modernbert_sentiment_profile,ModernBERT + Sentiment Profile,42
6607,0,1.26536974676128e-06,0,0.02106755665214396,model::modernbert_sentiment_profile,ModernBERT + Sentiment Profile,42
19231,1,1.3240905900602229e-06,0,0.02106755665214396,model::modernbert_sentiment_profile,ModernBERT + Sentiment Profile,42
14736,0,1.544787210150389e-06,0,0.02106755665214396,model::modernbert_sentiment_profile,ModernBERT + Sentiment Profile,42
18719,1,1.5481010677831364e-06,0,0.02106755665214396,model::modernbert_sentiment_profile,ModernBERT + Sentiment Profile,42
19248,1,1.2327378726695315e-06,0,0.02106755665214396,model::modernbert_sentiment_profile,ModernBERT + Sentiment Profile,42
10087,1,1.3218927961133886e-06,0,0.02106755665214396,model::modernbert_sentiment_profile,ModernBERT + Sentiment Profile,42
7423,1,1.6013550521165598e-06,0,0.02106755665214396,model::modernbert_sentiment_profile,ModernBERT + Sentiment Profile,42
5009,1,1.2354519185464596e-06,0,0.02106755665214396,model::modernbert_sentiment_profile,ModernBERT + Sentiment Profile,42
18142,0,2.9454674859152874e-06,0,0.02106755665214396,model::modernbert_sentiment_profile,ModernBERT + Sentiment Profile,42
12644,0,1.292484625992074e-06,0,0.02106755665214396,model::modernbert_sentiment_profile,ModernBERT + Sentiment Profile,42
18889,1,1.27770204016997e-06,0,0.02106755665214396,model::modernbert_sentiment_profile,ModernBERT + Sentiment Profile,42
9810,1,1.5167513538472122e-06,0,0.02106755665214396,model::modernbert_sentiment_profile,ModernBERT + Sentiment Profile,42
17310,0,2.560701204856741e-06,0,0.02106755665214396,model::modernbert_sentiment_profile,ModernBERT + Sentiment Profile,42
5329,1,1.4629840734414756e-06,0,0.02106755665214396,model::modernbert_sentiment_profile,ModernBERT + Sentiment Profile,42
15990,0,1.7541592569614297e-06,0,0.02106755665214396,model::modernbert_sentiment_profile,ModernBERT + Sentiment Profile,42
18161,0,1.5507815760429366e-06,0,0.02106755665214396,model::modernbert_sentiment_profile,ModernBERT + Sentiment Profile,42
20800,0,1.2525280226327595e-06,0,0.02106755665214396,model::modernbert_sentiment_profile,ModernBERT + Sentiment Profile,42
4388,0,1.5508480828430038e-06,0,0.02106755665214396,model::modernbert_sentiment_profile,ModernBERT + Sentiment Profile,42
12997,0,1.1412819276301889e-06,0,0.02106755665214396,model::modernbert_sentiment_profile,ModernBERT + Sentiment Profile,42
15529,1,1.4001102499605622e-06,0,0.02106755665214396,model::modernbert_sentiment_profile,ModernBERT + Sentiment Profile,42
4515,0,1.13235512344545e-06,0,0.02106755665214396,model::modernbert_sentiment_profile,ModernBERT + Sentiment Profile,42
8682,1,1.3996816505823515e-06,0,0.02106755665214396,model::modernbert_sentiment_profile,ModernBERT + Sentiment Profile,42
1964,1,1.561253611725988e-06,0,0.02106755665214396,model::modernbert_sentiment_profile,ModernBERT + Sentiment Profile,42
4004,1,1.2782212479578448e-06,0,0.02106755665214396,model::modernbert_sentiment_profile,ModernBERT + Sentiment Profile,42
16870,0,1.722266461001709e-06,0,0.02106755665214396,model::modernbert_sentiment_profile,ModernBERT + Sentiment Profile,42
9469,1,1.305844421040092e-06,0,0.02106755665214396,model::modernbert_sentiment_profile,ModernBERT + Sentiment Profile,42
16215,1,1.1111579851785791e-06,0,0.02106755665214396,model::modernbert_sentiment_profile,ModernBERT + Sentiment Profile,42
2736,0,1.6473807136208052e-06,0,0.02106755665214396,model::modernbert_sentiment_profile,ModernBERT + Sentiment Profile,42
5536,0,1.3998778740642592e-06,0,0.02106755665214396,model::modernbert_sentiment_profile,ModernBERT + Sentiment Profile,42
12685,0,1.1424492640799144e-06,0,0.02106755665214396,model::modernbert_sentiment_profile,ModernBERT + Sentiment Profile,42
2266,0,1.6588198832323542e-06,0,0.02106755665214396,model::modernbert_sentiment_profile,ModernBERT + Sentiment Profile,42
13911,1,1.021203047457675e-06,0,0.02106755665214396,model::modernbert_sentiment_profile,ModernBERT + Sentiment Profile,42
6424,1,1.7142796195912524e-06,0,0.02106755665214396,model::modernbert_sentiment_profile,ModernBERT + Sentiment Profile,42
9668,0,1.4458100849878974e-06,0,0.02106755665214396,model::modernbert_sentiment_profile,ModernBERT + Sentiment Profile,42
5980,1,1.5181753951765131e-06,0,0.02106755665214396,model::modernbert_sentiment_profile,ModernBERT + Sentiment Profile,42
13606,0,1.3827326483806246e-06,0,0.02106755665214396,model::modernbert_sentiment_profile,ModernBERT + Sentiment Profile,42
9254,0,1.6192548173421528e-06,0,0.02106755665214396,model::modernbert_sentiment_profile,ModernBERT + Sentiment Profile,42
14812,1,1.3476895901476382e-06,0,0.02106755665214396,model::modernbert_sentiment_profile,ModernBERT + Sentiment Profile,42
2368,0,1.3349325627132202e-06,0,0.02106755665214396,model::modernbert_sentiment_profile,ModernBERT + Sentiment Profile,42
1894,1,1.2273652600924834e-06,0,0.02106755665214396,model::modernbert_sentiment_profile,ModernBERT + Sentiment Profile,42
14639,1,1.854164679571113e-06,0,0.02106755665214396,model::modernbert_sentiment_profile,ModernBERT + Sentiment Profile,42
2984,0,1.796751575966482e-06,0,0.02106755665214396,model::modernbert_sentiment_profile,ModernBERT + Sentiment Profile,42
11783,0,9.492852086623316e-07,0,0.02106755665214396,model::modernbert_sentiment_profile,ModernBERT + Sentiment Profile,42
12490,1,1.101009388548846e-06,0,0.02106755665214396,model::modernbert_sentiment_profile,ModernBERT + Sentiment Profile,42
14023,1,1.5615678421454504e-06,0,0.02106755665214396,model::modernbert_sentiment_profile,ModernBERT + Sentiment Profile,42
2269,1,1.46110869536642e-06,0,0.02106755665214396,model::modernbert_sentiment_profile,ModernBERT + Sentiment Profile,42
8015,0,1.8231553440273276e-06,0,0.02106755665214396,model::modernbert_sentiment_profile,ModernBERT + Sentiment Profile,42
18677,0,1.3078747542749625e-06,0,0.02106755665214396,model::modernbert_sentiment_profile,ModernBERT + Sentiment Profile,42
5578,1,1.3644056480188738e-06,0,0.02106755665214396,model::modernbert_sentiment_profile,ModernBERT + Sentiment Profile,42
4643,1,2.748755832726601e-06,0,0.02106755665214396,model::modernbert_sentiment_profile,ModernBERT + Sentiment Profile,42
19156,1,1.3562029153035835e-06,0,0.02106755665214396,model::modernbert_sentiment_profile,ModernBERT + Sentiment Profile,42
3206,0,2.119552618751186e-06,0,0.02106755665214396,model::modernbert_sentiment_profile,ModernBERT + Sentiment Profile,42
15428,1,1.421926867806178e-06,0,0.02106755665214396,model::modernbert_sentiment_profile,ModernBERT + Sentiment Profile,42
16131,0,1.4364520666276803e-06,0,0.02106755665214396,model::modernbert_sentiment_profile,ModernBERT + Sentiment Profile,42
1989,0,2.109147999362904e-06,0,0.02106755665214396,model::modernbert_sentiment_profile,ModernBERT + Sentiment Profile,42
7293,1,1.3001358638575766e-06,0,0.02106755665214396,model::modernbert_sentiment_profile,ModernBERT + Sentiment Profile,42
18244,1,1.5917140672172536e-06,0,0.02106755665214396,model::modernbert_sentiment_profile,ModernBERT + Sentiment Profile,42
14079,1,1.4377403658727417e-06,0,0.02106755665214396,model::modernbert_sentiment_profile,ModernBERT + Sentiment Profile,42
7188,0,7.915867172414437e-06,0,0.02106755665214396,model::modernbert_sentiment_profile,ModernBERT + Sentiment Profile,42
20049,1,1.496797949585016e-06,0,0.02106755665214396,model::modernbert_sentiment_profile,ModernBERT + Sentiment Profile,42
16956,1,1.1098986760771368e-06,0,0.02106755665214396,model::modernbert_sentiment_profile,ModernBERT + Sentiment Profile,42
9372,1,1.4353045116877183e-06,0,0.02106755665214396,model::modernbert_sentiment_profile,ModernBERT + Sentiment Profile,42
14968,1,1.2108906730645683e-06,0,0.02106755665214396,model::modernbert_sentiment_profile,ModernBERT + Sentiment Profile,42
11974,0,1.892459408736613e-06,0,0.02106755665214396,model::modernbert_sentiment_profile,ModernBERT + Sentiment Profile,42
11821,1,1.2568020792969037e-06,0,0.02106755665214396,model::modernbert_sentiment_profile,ModernBERT + Sentiment Profile,42
6134,1,1.1637639545369891e-06,0,0.02106755665214396,model::modernbert_sentiment_profile,ModernBERT + Sentiment Profile,42
375,1,1.580778302923136e-06,0,0.02106755665214396,model::modernbert_sentiment_profile,ModernBERT + Sentiment Profile,42
18947,1,1.5322393664973788e-06,0,0.02106755665214396,model::modernbert_sentiment_profile,ModernBERT + Sentiment Profile,42
19941,1,1.5712583945060032e-06,0,0.02106755665214396,model::modernbert_sentiment_profile,ModernBERT + Sentiment Profile,42
7048,0,1.1273490372332162e-06,0,0.02106755665214396,model::modernbert_sentiment_profile,ModernBERT + Sentiment Profile,42
4931,0,1.5824193724256477e-06,0,0.02106755665214396,model::modernbert_sentiment_profile,ModernBERT + Sentiment Profile,42
19979,0,1.682036440797674e-06,0,0.02106755665214396,model::modernbert_sentiment_profile,ModernBERT + Sentiment Profile,42
16265,0,1.46707350268116e-06,0,0.02106755665214396,model::modernbert_sentiment_profile,ModernBERT + Sentiment Profile,42
4125,0,1.909701040858636e-06,0,0.02106755665214396,model::modernbert_sentiment_profile,ModernBERT + Sentiment Profile,42
3608,1,1.1628453648881989e-06,0,0.02106755665214396,model::modernbert_sentiment_profile,ModernBERT + Sentiment Profile,42
3270,0,1.773747044353513e-06,0,0.02106755665214396,model::modernbert_sentiment_profile,ModernBERT + Sentiment Profile,42
9878,0,1.3091824939692742e-06,0,0.02106755665214396,model::modernbert_sentiment_profile,ModernBERT + Sentiment Profile,42
13799,0,1.5066510741235106e-06,0,0.02106755665214396,model::modernbert_sentiment_profile,ModernBERT + Sentiment Profile,42
2917,1,1.5175920680121635e-06,0,0.02106755665214396,model::modernbert_sentiment_profile,ModernBERT + Sentiment Profile,42
4199,0,1.5416420637848205e-06,0,0.02106755665214396,model::modernbert_sentiment_profile,ModernBERT + Sentiment Profile,42
8159,1,1.2177335975138703e-06,0,0.02106755665214396,model::modernbert_sentiment_profile,ModernBERT + Sentiment Profile,42
10995,1,1.2747555047099013e-06,0,0.02106755665214396,model::modernbert_sentiment_profile,ModernBERT + Sentiment Profile,42
20100,1,1.4736625644218293e-06,0,0.02106755665214396,model::modernbert_sentiment_profile,ModernBERT + Sentiment Profile,42
3459,1,1.330102350038942e-06,0,0.02106755665214396,model::modernbert_sentiment_profile,ModernBERT + Sentiment Profile,42
10628,1,1.306659214606043e-06,0,0.02106755665214396,model::modernbert_sentiment_profile,ModernBERT + Sentiment Profile,42
7777,0,1.2755714351442291e-06,0,0.02106755665214396,model::modernbert_sentiment_profile,ModernBERT + Sentiment Profile,42
16485,0,1.4167655990604544e-06,0,0.02106755665214396,model::modernbert_sentiment_profile,ModernBERT + Sentiment Profile,42
2338,1,1.1556086292330292e-06,0,0.02106755665214396,model::modernbert_sentiment_profile,ModernBERT + Sentiment Profile,42
239,0,1.1379161151126027e-06,0,0.02106755665214396,model::modernbert_sentiment_profile,ModernBERT + Sentiment Profile,42
9970,1,1.1969362958552663e-06,0,0.02106755665214396,model::modernbert_sentiment_profile,ModernBERT + Sentiment Profile,42
13792,1,9.719117315398762e-07,0,0.02106755665214396,model::modernbert_sentiment_profile,ModernBERT + Sentiment Profile,42
20033,0,1.633465217310004e-06,0,0.02106755665214396,model::modernbert_sentiment_profile,ModernBERT + Sentiment Profile,42
19476,0,1.2479948736654478e-06,0,0.02106755665214396,model::modernbert_sentiment_profile,ModernBERT + Sentiment Profile,42
8937,1,1.2219868494867114e-06,0,0.02106755665214396,model::modernbert_sentiment_profile,ModernBERT + Sentiment Profile,42
7496,1,1.384974893881008e-06,0,0.02106755665214396,model::modernbert_sentiment_profile,ModernBERT + Sentiment Profile,42
16479,0,1.6476290056743892e-06,0,0.02106755665214396,model::modernbert_sentiment_profile,ModernBERT + Sentiment Profile,42
3878,1,1.4458336181633058e-06,0,0.02106755665214396,model::modernbert_sentiment_profile,ModernBERT + Sentiment Profile,42
8152,0,2.03879208129365e-05,0,0.02106755665214396,model::modernbert_sentiment_profile,ModernBERT + Sentiment Profile,42
4784,1,1.1992020745310583e-06,0,0.02106755665214396,model::modernbert_sentiment_profile,ModernBERT + Sentiment Profile,42
11310,1,1.8718232013270608e-06,0,0.02106755665214396,model::modernbert_sentiment_profile,ModernBERT + Sentiment Profile,42
3739,0,1.2109588851672015e-06,0,0.02106755665214396,model::modernbert_sentiment_profile,ModernBERT + Sentiment Profile,42
3404,0,1.915453822221025e-06,0,0.02106755665214396,model::modernbert_sentiment_profile,ModernBERT + Sentiment Profile,42
7311,1,1.181936227112601e-06,0,0.02106755665214396,model::modernbert_sentiment_profile,ModernBERT + Sentiment Profile,42
7672,1,1.2430475635483162e-06,0,0.02106755665214396,model::modernbert_sentiment_profile,ModernBERT + Sentiment Profile,42
13190,0,1.3792491699859966e-06,0,0.02106755665214396,model::modernbert_sentiment_profile,ModernBERT + Sentiment Profile,42
5887,0,1.678226226431434e-06,0,0.02106755665214396,model::modernbert_sentiment_profile,ModernBERT + Sentiment Profile,42
4656,0,1.08821234334755e-06,0,0.02106755665214396,model::modernbert_sentiment_profile,ModernBERT + Sentiment Profile,42
1535,1,1.2599413139469109e-06,0,0.02106755665214396,model::modernbert_sentiment_profile,ModernBERT + Sentiment Profile,42
6036,0,1.5444881000803434e-06,0,0.02106755665214396,model::modernbert_sentiment_profile,ModernBERT + Sentiment Profile,42
8774,1,1.3708684036828345e-06,0,0.02106755665214396,model::modernbert_sentiment_profile,ModernBERT + Sentiment Profile,42
7379,0,1.7889378796098754e-06,0,0.02106755665214396,model::modernbert_sentiment_profile,ModernBERT + Sentiment Profile,42
17063,1,1.2080405440428876e-06,0,0.02106755665214396,model::modernbert_sentiment_profile,ModernBERT + Sentiment Profile,42
9635,0,1.7704245465210988e-06,0,0.02106755665214396,model::modernbert_sentiment_profile,ModernBERT + Sentiment Profile,42
5991,1,1.654277980378538e-06,0,0.02106755665214396,model::modernbert_sentiment_profile,ModernBERT + Sentiment Profile,42
10222,1,1.5606105989718344e-06,0,0.02106755665214396,model::modernbert_sentiment_profile,ModernBERT + Sentiment Profile,42
242,0,1.1236780892431852e-06,0,0.02106755665214396,model::modernbert_sentiment_profile,ModernBERT + Sentiment Profile,42
1440,0,1.696160325082019e-06,0,0.02106755665214396,model::modernbert_sentiment_profile,ModernBERT + Sentiment Profile,42
17866,1,1.2951053349752328e-06,0,0.02106755665214396,model::modernbert_sentiment_profile,ModernBERT + Sentiment Profile,42
6262,1,1.4570691746484954e-06,0,0.02106755665214396,model::modernbert_sentiment_profile,ModernBERT + Sentiment Profile,42
525,0,2.46149852500821e-06,0,0.02106755665214396,model::modernbert_sentiment_profile,ModernBERT + Sentiment Profile,42
6760,1,1.4998315691627797e-06,0,0.02106755665214396,model::modernbert_sentiment_profile,ModernBERT + Sentiment Profile,42
10757,0,1.2320268751864203e-06,0,0.02106755665214396,model::modernbert_sentiment_profile,ModernBERT + Sentiment Profile,42
3745,1,1.2434387599569163e-06,0,0.02106755665214396,model::modernbert_sentiment_profile,ModernBERT + Sentiment Profile,42
13302,1,9.410932761966252e-07,0,0.02106755665214396,model::modernbert_sentiment_profile,ModernBERT + Sentiment Profile,42
2359,1,1.3705310948353144e-06,0,0.02106755665214396,model::modernbert_sentiment_profile,ModernBERT + Sentiment Profile,42
2230,0,1.1578700878089876e-06,0,0.02106755665214396,model::modernbert_sentiment_profile,ModernBERT + Sentiment Profile,42
8897,1,1.6197907370951723e-06,0,0.02106755665214396,model::modernbert_sentiment_profile,ModernBERT + Sentiment Profile,42
11327,0,0.0004162973782513,0,0.02106755665214396,model::modernbert_sentiment_profile,ModernBERT + Sentiment Profile,42
14905,0,1.1138898798890295e-06,0,0.02106755665214396,model::modernbert_sentiment_profile,ModernBERT + Sentiment Profile,42
3485,0,1.4078975709708177e-06,0,0.02106755665214396,model::modernbert_sentiment_profile,ModernBERT + Sentiment Profile,42
1823,0,1.4851611922495067e-06,0,0.02106755665214396,model::modernbert_sentiment_profile,ModernBERT + Sentiment Profile,42
151,0,1.4326556083688049e-06,0,0.02106755665214396,model::modernbert_sentiment_profile,ModernBERT + Sentiment Profile,42
8191,0,1.1614544064286747e-06,0,0.02106755665214396,model::modernbert_sentiment_profile,ModernBERT + Sentiment Profile,42
17469,0,1.3641467830893816e-06,0,0.02106755665214396,model::modernbert_sentiment_profile,ModernBERT + Sentiment Profile,42
3680,1,1.4730809425600455e-06,0,0.02106755665214396,model::modernbert_sentiment_profile,ModernBERT + Sentiment Profile,42
6676,1,1.0939080539174029e-06,0,0.02106755665214396,model::modernbert_sentiment_profile,ModernBERT + Sentiment Profile,42
8994,0,2.8862561975984136e-06,0,0.02106755665214396,model::modernbert_sentiment_profile,ModernBERT + Sentiment Profile,42
12011,1,1.4858228496450463e-06,0,0.02106755665214396,model::modernbert_sentiment_profile,ModernBERT + Sentiment Profile,42
12375,1,1.6751497469158494e-06,0,0.02106755665214396,model::modernbert_sentiment_profile,ModernBERT + Sentiment Profile,42
18281,1,1.4974662008171435e-06,0,0.02106755665214396,model::modernbert_sentiment_profile,ModernBERT + Sentiment Profile,42
2644,1,1.2836831047025044e-06,0,0.02106755665214396,model::modernbert_sentiment_profile,ModernBERT + Sentiment Profile,42
13136,1,1.051548679242842e-06,0,0.02106755665214396,model::modernbert_sentiment_profile,ModernBERT + Sentiment Profile,42
1455,1,1.5448107433257974e-06,0,0.02106755665214396,model::modernbert_sentiment_profile,ModernBERT + Sentiment Profile,42
12137,0,1.6003000382625032e-06,0,0.02106755665214396,model::modernbert_sentiment_profile,ModernBERT + Sentiment Profile,42
17338,0,1.399680286340299e-06,0,0.02106755665214396,model::modernbert_sentiment_profile,ModernBERT + Sentiment Profile,42
16904,1,1.320592332376691e-06,0,0.02106755665214396,model::modernbert_sentiment_profile,ModernBERT + Sentiment Profile,42
2775,1,1.3384739077082486e-06,0,0.02106755665214396,model::modernbert_sentiment_profile,ModernBERT + Sentiment Profile,42
19643,0,2.3819970920158084e-06,0,0.02106755665214396,model::modernbert_sentiment_profile,ModernBERT + Sentiment Profile,42
9795,1,1.0067939228974865e-06,0,0.02106755665214396,model::modernbert_sentiment_profile,ModernBERT + Sentiment Profile,42
11340,0,1.3137050700606778e-06,0,0.02106755665214396,model::modernbert_sentiment_profile,ModernBERT + Sentiment Profile,42
5544,0,1.5726180890851538e-06,0,0.02106755665214396,model::modernbert_sentiment_profile,ModernBERT + Sentiment Profile,42
11826,0,1.737647380650742e-06,0,0.02106755665214396,model::modernbert_sentiment_profile,ModernBERT + Sentiment Profile,42
10637,1,1.218750185216777e-06,0,0.02106755665214396,model::modernbert_sentiment_profile,ModernBERT + Sentiment Profile,42
13922,0,1.386425878990849e-06,0,0.02106755665214396,model::modernbert_sentiment_profile,ModernBERT + Sentiment Profile,42
20767,0,2.406120756859309e-06,0,0.02106755665214396,model::modernbert_sentiment_profile,ModernBERT + Sentiment Profile,42
6729,1,1.354073106085707e-06,0,0.02106755665214396,model::modernbert_sentiment_profile,ModernBERT + Sentiment Profile,42
18053,1,1.4186800854076864e-06,0,0.02106755665214396,model::modernbert_sentiment_profile,ModernBERT + Sentiment Profile,42
7363,1,1.2368358284220449e-06,0,0.02106755665214396,model::modernbert_sentiment_profile,ModernBERT + Sentiment Profile,42
17615,0,1.8271673525305232e-06,0,0.02106755665214396,model::modernbert_sentiment_profile,ModernBERT + Sentiment Profile,42
7070,0,1.6562464679736877e-06,0,0.02106755665214396,model::modernbert_sentiment_profile,ModernBERT + Sentiment Profile,42
3221,1,1.3620343679576763e-06,0,0.02106755665214396,model::modernbert_sentiment_profile,ModernBERT + Sentiment Profile,42
20612,1,1.4314155123429373e-06,0,0.02106755665214396,model::modernbert_sentiment_profile,ModernBERT + Sentiment Profile,42
13292,0,1.0889815484915744e-06,0,0.02106755665214396,model::modernbert_sentiment_profile,ModernBERT + Sentiment Profile,42
11406,1,1.4384713722392917e-06,0,0.02106755665214396,model::modernbert_sentiment_profile,ModernBERT + Sentiment Profile,42
8781,1,1.7101776847994188e-06,0,0.02106755665214396,model::modernbert_sentiment_profile,ModernBERT + Sentiment Profile,42
2577,1,1.817495899558708e-06,0,0.02106755665214396,model::modernbert_sentiment_profile,ModernBERT + Sentiment Profile,42
18682,0,1.6210378817049786e-06,0,0.02106755665214396,model::modernbert_sentiment_profile,ModernBERT + Sentiment Profile,42
17753,0,1.252936613127531e-06,0,0.02106755665214396,model::modernbert_sentiment_profile,ModernBERT + Sentiment Profile,42
15451,0,1.5249054285959571e-06,0,0.02106755665214396,model::modernbert_sentiment_profile,ModernBERT + Sentiment Profile,42
15590,1,1.3963073115519364e-06,0,0.02106755665214396,model::modernbert_sentiment_profile,ModernBERT + Sentiment Profile,42
3707,1,1.4777565411350224e-06,0,0.02106755665214396,model::modernbert_sentiment_profile,ModernBERT + Sentiment Profile,42
11516,0,1.6693956013114075e-06,0,0.02106755665214396,model::modernbert_sentiment_profile,ModernBERT + Sentiment Profile,42
7453,1,1.536778881927603e-06,0,0.02106755665214396,model::modernbert_sentiment_profile,ModernBERT + Sentiment Profile,42
7190,1,1.270654252039094e-06,0,0.02106755665214396,model::modernbert_sentiment_profile,ModernBERT + Sentiment Profile,42
5207,1,1.476286001889093e-06,0,0.02106755665214396,model::modernbert_sentiment_profile,ModernBERT + Sentiment Profile,42
19706,0,1.3312761666384176e-06,0,0.02106755665214396,model::modernbert_sentiment_profile,ModernBERT + Sentiment Profile,42
8327,0,1.5174327927525155e-06,0,0.02106755665214396,model::modernbert_sentiment_profile,ModernBERT + Sentiment Profile,42
19780,0,1.378721776745806e-06,0,0.02106755665214396,model::modernbert_sentiment_profile,ModernBERT + Sentiment Profile,42
10129,0,1.4019367426953977e-06,0,0.02106755665214396,model::modernbert_sentiment_profile,ModernBERT + Sentiment Profile,42
18764,0,1.8741041003522696e-06,0,0.02106755665214396,model::modernbert_sentiment_profile,ModernBERT + Sentiment Profile,42
15732,1,1.3405459640125628e-06,0,0.02106755665214396,model::modernbert_sentiment_profile,ModernBERT + Sentiment Profile,42
8398,1,1.950228806890664e-06,0,0.02106755665214396,model::modernbert_sentiment_profile,ModernBERT + Sentiment Profile,42
19062,1,1.6423640545326634e-06,0,0.02106755665214396,model::modernbert_sentiment_profile,ModernBERT + Sentiment Profile,42
17138,0,1.4833649402135052e-06,0,0.02106755665214396,model::modernbert_sentiment_profile,ModernBERT + Sentiment Profile,42
17158,1,1.606384216756851e-06,0,0.02106755665214396,model::modernbert_sentiment_profile,ModernBERT + Sentiment Profile,42
17888,0,1.6598643242105029e-06,0,0.02106755665214396,model::modernbert_sentiment_profile,ModernBERT + Sentiment Profile,42
3309,1,1.1110255400126334e-06,0,0.02106755665214396,model::modernbert_sentiment_profile,ModernBERT + Sentiment Profile,42
19842,0,1.543099756418087e-06,0,0.02106755665214396,model::modernbert_sentiment_profile,ModernBERT + Sentiment Profile,42
17826,0,1.6273684195766691e-06,0,0.02106755665214396,model::modernbert_sentiment_profile,ModernBERT + Sentiment Profile,42
6246,0,1.79664539246005e-06,0,0.02106755665214396,model::modernbert_sentiment_profile,ModernBERT + Sentiment Profile,42
5116,0,1.2286850505915936e-06,0,0.02106755665214396,model::modernbert_sentiment_profile,ModernBERT + Sentiment Profile,42
16300,0,1.5189385749181383e-06,0,0.02106755665214396,model::modernbert_sentiment_profile,ModernBERT + Sentiment Profile,42
10259,1,1.368757239106344e-06,0,0.02106755665214396,model::modernbert_sentiment_profile,ModernBERT + Sentiment Profile,42
2526,0,1.6346152733603958e-06,0,0.02106755665214396,model::modernbert_sentiment_profile,ModernBERT + Sentiment Profile,42
20569,1,1.272955046260904e-06,0,0.02106755665214396,model::modernbert_sentiment_profile,ModernBERT + Sentiment Profile,42
2697,1,1.467552124267968e-06,0,0.02106755665214396,model::modernbert_sentiment_profile,ModernBERT + Sentiment Profile,42
18743,0,1.640762548049679e-06,0,0.02106755665214396,model::modernbert_sentiment_profile,ModernBERT + Sentiment Profile,42
2507,1,1.144243015005486e-06,0,0.02106755665214396,model::modernbert_sentiment_profile,ModernBERT + Sentiment Profile,42
8194,0,1.2361944072836195e-06,0,0.02106755665214396,model::modernbert_sentiment_profile,ModernBERT + Sentiment Profile,42
4381,1,1.2584570185936172e-06,0,0.02106755665214396,model::modernbert_sentiment_profile,ModernBERT + Sentiment Profile,42
7795,1,1.5062330476212082e-06,0,0.02106755665214396,model::modernbert_sentiment_profile,ModernBERT + Sentiment Profile,42
10061,0,1.5579992123093689e-06,0,0.02106755665214396,model::modernbert_sentiment_profile,ModernBERT + Sentiment Profile,42
4693,0,1.074208853424352e-06,0,0.02106755665214396,model::modernbert_sentiment_profile,ModernBERT + Sentiment Profile,42
3826,0,3.641002876975108e-06,0,0.02106755665214396,model::modernbert_sentiment_profile,ModernBERT + Sentiment Profile,42
10152,0,1.3064012591712526e-06,0,0.02106755665214396,model::modernbert_sentiment_profile,ModernBERT + Sentiment Profile,42
16583,1,1.6205324300244683e-06,0,0.02106755665214396,model::modernbert_sentiment_profile,ModernBERT + Sentiment Profile,42
18831,1,1.384602455800632e-06,0,0.02106755665214396,model::modernbert_sentiment_profile,ModernBERT + Sentiment Profile,42
10597,0,1.3169501471566036e-06,0,0.02106755665214396,model::modernbert_sentiment_profile,ModernBERT + Sentiment Profile,42
20401,1,1.1451621730884654e-06,0,0.02106755665214396,model::modernbert_sentiment_profile,ModernBERT + Sentiment Profile,42
13777,1,1.8720355683399248e-06,0,0.02106755665214396,model::modernbert_sentiment_profile,ModernBERT + Sentiment Profile,42
13654,1,1.404587806064228e-06,0,0.02106755665214396,model::modernbert_sentiment_profile,ModernBERT + Sentiment Profile,42
8000,1,1.2156369848526085e-06,0,0.02106755665214396,model::modernbert_sentiment_profile,ModernBERT + Sentiment Profile,42
18174,1,1.1574395557545358e-06,0,0.02106755665214396,model::modernbert_sentiment_profile,ModernBERT + Sentiment Profile,42
19937,1,1.3419696642813506e-06,0,0.02106755665214396,model::modernbert_sentiment_profile,ModernBERT + Sentiment Profile,42
10938,0,1.2507757674029565e-06,0,0.02106755665214396,model::modernbert_sentiment_profile,ModernBERT + Sentiment Profile,42
2177,1,1.2416045365171158e-06,0,0.02106755665214396,model::modernbert_sentiment_profile,ModernBERT + Sentiment Profile,42
3002,0,1.5248399449774297e-06,0,0.02106755665214396,model::modernbert_sentiment_profile,ModernBERT + Sentiment Profile,42
15913,0,1.0514484074519714e-06,0,0.02106755665214396,model::modernbert_sentiment_profile,ModernBERT + Sentiment Profile,42
12837,1,1.2943768297191127e-06,0,0.02106755665214396,model::modernbert_sentiment_profile,ModernBERT + Sentiment Profile,42
18327,1,1.196978587358899e-06,0,0.02106755665214396,model::modernbert_sentiment_profile,ModernBERT + Sentiment Profile,42
9442,0,1.525398488411156e-06,0,0.02106755665214396,model::modernbert_sentiment_profile,ModernBERT + Sentiment Profile,42
124,0,1.221107368110097e-06,0,0.02106755665214396,model::modernbert_sentiment_profile,ModernBERT + Sentiment Profile,42
20857,0,1.3898692259317611e-06,0,0.02106755665214396,model::modernbert_sentiment_profile,ModernBERT + Sentiment Profile,42
10349,1,1.3614070439871284e-06,0,0.02106755665214396,model::modernbert_sentiment_profile,ModernBERT + Sentiment Profile,42
610,0,1.6705423604435057e-06,0,0.02106755665214396,model::modernbert_sentiment_profile,ModernBERT + Sentiment Profile,42
4769,0,1.2530250614872784e-06,0,0.02106755665214396,model::modernbert_sentiment_profile,ModernBERT + Sentiment Profile,42
13141,1,1.2185317928015138e-06,0,0.02106755665214396,model::modernbert_sentiment_profile,ModernBERT + Sentiment Profile,42
10987,1,1.2769687600666655e-06,0,0.02106755665214396,model::modernbert_sentiment_profile,ModernBERT + Sentiment Profile,42
19307,0,3.4835197766369674e-06,0,0.02106755665214396,model::modernbert_sentiment_profile,ModernBERT + Sentiment Profile,42
3091,0,1.3230001059127972e-06,0,0.02106755665214396,model::modernbert_sentiment_profile,ModernBERT + Sentiment Profile,42
5725,0,1.26228655972227e-06,0,0.02106755665214396,model::modernbert_sentiment_profile,ModernBERT + Sentiment Profile,42
14337,1,1.425162054147222e-06,0,0.02106755665214396,model::modernbert_sentiment_profile,ModernBERT + Sentiment Profile,42
5596,0,1.4421223113458836e-06,0,0.02106755665214396,model::modernbert_sentiment_profile,ModernBERT + Sentiment Profile,42
3771,1,1.393718321196502e-06,0,0.02106755665214396,model::modernbert_sentiment_profile,ModernBERT + Sentiment Profile,42
9317,0,1.3033275081397733e-06,0,0.02106755665214396,model::modernbert_sentiment_profile,ModernBERT + Sentiment Profile,42
15823,1,1.7747910305843106e-06,0,0.02106755665214396,model::modernbert_sentiment_profile,ModernBERT + Sentiment Profile,42
3948,0,1.0506164471735246e-06,0,0.02106755665214396,model::modernbert_sentiment_profile,ModernBERT + Sentiment Profile,42
6310,1,1.5899405525487964e-06,0,0.02106755665214396,model::modernbert_sentiment_profile,ModernBERT + Sentiment Profile,42
6088,0,1.1517468010424636e-06,0,0.02106755665214396,model::modernbert_sentiment_profile,ModernBERT + Sentiment Profile,42
6962,0,1.6610028978902849e-06,0,0.02106755665214396,model::modernbert_sentiment_profile,ModernBERT + Sentiment Profile,42
19675,1,1.322501816503063e-06,0,0.02106755665214396,model::modernbert_sentiment_profile,ModernBERT + Sentiment Profile,42
1569,1,1.65393407769443e-06,0,0.02106755665214396,model::modernbert_sentiment_profile,ModernBERT + Sentiment Profile,42
12189,0,1.4505195622405154e-06,0,0.02106755665214396,model::modernbert_sentiment_profile,ModernBERT + Sentiment Profile,42
17551,1,1.3051684391029994e-06,0,0.02106755665214396,model::modernbert_sentiment_profile,ModernBERT + Sentiment Profile,42
9669,1,1.2151629107393092e-06,0,0.02106755665214396,model::modernbert_sentiment_profile,ModernBERT + Sentiment Profile,42
16953,1,1.3152570090824156e-06,0,0.02106755665214396,model::modernbert_sentiment_profile,ModernBERT + Sentiment Profile,42
11277,1,1.6946567029663129e-06,0,0.02106755665214396,model::modernbert_sentiment_profile,ModernBERT + Sentiment Profile,42
3740,0,1.8463092601450624e-06,0,0.02106755665214396,model::modernbert_sentiment_profile,ModernBERT + Sentiment Profile,42
4848,0,1.2869718375441153e-06,0,0.02106755665214396,model::modernbert_sentiment_profile,ModernBERT + Sentiment Profile,42
9860,0,1.5424730008817278e-06,0,0.02106755665214396,model::modernbert_sentiment_profile,ModernBERT + Sentiment Profile,42
4686,0,1.2969048839295283e-06,0,0.02106755665214396,model::modernbert_sentiment_profile,ModernBERT + Sentiment Profile,42
10203,1,1.902237727335887e-06,0,0.02106755665214396,model::modernbert_sentiment_profile,ModernBERT + Sentiment Profile,42
10607,0,1.6242705669355928e-06,0,0.02106755665214396,model::modernbert_sentiment_profile,ModernBERT + Sentiment Profile,42
7476,1,1.4483895256489632e-06,0,0.02106755665214396,model::modernbert_sentiment_profile,ModernBERT + Sentiment Profile,42
2478,1,1.352828803646844e-06,0,0.02106755665214396,model::modernbert_sentiment_profile,ModernBERT + Sentiment Profile,42
5047,0,1.2760727940985817e-06,0,0.02106755665214396,model::modernbert_sentiment_profile,ModernBERT + Sentiment Profile,42
13934,0,1.071164433597005e-06,0,0.02106755665214396,model::modernbert_sentiment_profile,ModernBERT + Sentiment Profile,42
13460,0,3.835161624010652e-05,0,0.02106755665214396,model::modernbert_sentiment_profile,ModernBERT + Sentiment Profile,42
8026,1,1.187757675324974e-06,0,0.02106755665214396,model::modernbert_sentiment_profile,ModernBERT + Sentiment Profile,42
6166,0,1.5364140608653545e-06,0,0.02106755665214396,model::modernbert_sentiment_profile,ModernBERT + Sentiment Profile,42
14031,0,1.438061190128792e-06,0,0.02106755665214396,model::modernbert_sentiment_profile,ModernBERT + Sentiment Profile,42
2565,1,1.1534252735145856e-06,0,0.02106755665214396,model::modernbert_sentiment_profile,ModernBERT + Sentiment Profile,42
12486,1,1.0315895906387595e-06,0,0.02106755665214396,model::modernbert_sentiment_profile,ModernBERT + Sentiment Profile,42
4621,0,1.2045088624290656e-06,0,0.02106755665214396,model::modernbert_sentiment_profile,ModernBERT + Sentiment Profile,42
870,1,1.4157728855934693e-06,0,0.02106755665214396,model::modernbert_sentiment_profile,ModernBERT + Sentiment Profile,42
1840,1,1.5542713072136394e-06,0,0.02106755665214396,model::modernbert_sentiment_profile,ModernBERT + Sentiment Profile,42
2839,0,2.925666422015638e-06,0,0.02106755665214396,model::modernbert_sentiment_profile,ModernBERT + Sentiment Profile,42
7767,0,2.0522281829471467e-06,0,0.02106755665214396,model::modernbert_sentiment_profile,ModernBERT + Sentiment Profile,42
14793,0,1.1717902452801354e-06,0,0.02106755665214396,model::modernbert_sentiment_profile,ModernBERT + Sentiment Profile,42
5370,1,1.292006459152617e-06,0,0.02106755665214396,model::modernbert_sentiment_profile,ModernBERT + Sentiment Profile,42
13179,0,1.4967779407015769e-06,0,0.02106755665214396,model::modernbert_sentiment_profile,ModernBERT + Sentiment Profile,42
13151,1,1.1559018275875133e-06,0,0.02106755665214396,model::modernbert_sentiment_profile,ModernBERT + Sentiment Profile,42
18916,0,1.4472834664047696e-06,0,0.02106755665214396,model::modernbert_sentiment_profile,ModernBERT + Sentiment Profile,42
18199,0,1.3240969565231353e-06,0,0.02106755665214396,model::modernbert_sentiment_profile,ModernBERT + Sentiment Profile,42
10364,0,1.321377226304321e-06,0,0.02106755665214396,model::modernbert_sentiment_profile,ModernBERT + Sentiment Profile,42
393,0,1.03271077023237e-06,0,0.02106755665214396,model::modernbert_sentiment_profile,ModernBERT + Sentiment Profile,42
9570,0,1.2688632295976277e-06,0,0.02106755665214396,model::modernbert_sentiment_profile,ModernBERT + Sentiment Profile,42
229,1,1.7084416867874095e-06,0,0.02106755665214396,model::modernbert_sentiment_profile,ModernBERT + Sentiment Profile,42
12846,1,8.664931101520779e-07,0,0.02106755665214396,model::modernbert_sentiment_profile,ModernBERT + Sentiment Profile,42
14257,0,1.0536467698329943e-06,0,0.02106755665214396,model::modernbert_sentiment_profile,ModernBERT + Sentiment Profile,42
2316,1,1.2985410648980178e-06,0,0.02106755665214396,model::modernbert_sentiment_profile,ModernBERT + Sentiment Profile,42
8820,1,1.263472881873895e-06,0,0.02106755665214396,model::modernbert_sentiment_profile,ModernBERT + Sentiment Profile,42
1716,0,1.425922050657391e-06,0,0.02106755665214396,model::modernbert_sentiment_profile,ModernBERT + Sentiment Profile,42
15157,0,1.4866449191686115e-06,0,0.02106755665214396,model::modernbert_sentiment_profile,ModernBERT + Sentiment Profile,42
3297,1,1.221263346451451e-06,0,0.02106755665214396,model::modernbert_sentiment_profile,ModernBERT + Sentiment Profile,42
2229,0,1.2969061344847432e-06,0,0.02106755665214396,model::modernbert_sentiment_profile,ModernBERT + Sentiment Profile,42
18563,1,1.1473933909655898e-06,0,0.02106755665214396,model::modernbert_sentiment_profile,ModernBERT + Sentiment Profile,42
6354,1,1.513011056886171e-06,0,0.02106755665214396,model::modernbert_sentiment_profile,ModernBERT + Sentiment Profile,42
19632,0,1.4913848644937389e-06,0,0.02106755665214396,model::modernbert_sentiment_profile,ModernBERT + Sentiment Profile,42
3157,0,6.192694399942411e-06,0,0.02106755665214396,model::modernbert_sentiment_profile,ModernBERT + Sentiment Profile,42
8808,1,1.4590117416446446e-06,0,0.02106755665214396,model::modernbert_sentiment_profile,ModernBERT + Sentiment Profile,42
15058,0,1.3074158005110803e-06,0,0.02106755665214396,model::modernbert_sentiment_profile,ModernBERT + Sentiment Profile,42
6171,0,1.3166676353648654e-06,0,0.02106755665214396,model::modernbert_sentiment_profile,ModernBERT + Sentiment Profile,42
9116,0,1.0912864354395424e-06,0,0.02106755665214396,model::modernbert_sentiment_profile,ModernBERT + Sentiment Profile,42
8213,1,1.3331438140085083e-06,0,0.02106755665214396,model::modernbert_sentiment_profile,ModernBERT + Sentiment Profile,42
8860,1,1.2401879985191044e-06,0,0.02106755665214396,model::modernbert_sentiment_profile,ModernBERT + Sentiment Profile,42
1673,1,1.3033971981712966e-06,0,0.02106755665214396,model::modernbert_sentiment_profile,ModernBERT + Sentiment Profile,42
5464,1,1.6006663372536425e-06,0,0.02106755665214396,model::modernbert_sentiment_profile,ModernBERT + Sentiment Profile,42
9624,0,1.1342118568791193e-06,0,0.02106755665214396,model::modernbert_sentiment_profile,ModernBERT + Sentiment Profile,42
5868,0,1.3786008139504702e-06,0,0.02106755665214396,model::modernbert_sentiment_profile,ModernBERT + Sentiment Profile,42
4242,0,1.4928875771147432e-06,0,0.02106755665214396,model::modernbert_sentiment_profile,ModernBERT + Sentiment Profile,42
12906,0,1.3621045127365503e-06,0,0.02106755665214396,model::modernbert_sentiment_profile,ModernBERT + Sentiment Profile,42
10084,0,1.475874910283892e-06,0,0.02106755665214396,model::modernbert_sentiment_profile,ModernBERT + Sentiment Profile,42
3000,0,1.2782992371285218e-06,0,0.02106755665214396,model::modernbert_sentiment_profile,ModernBERT + Sentiment Profile,42
14235,0,1.248571038559021e-06,0,0.02106755665214396,model::modernbert_sentiment_profile,ModernBERT + Sentiment Profile,42
20644,0,1.6754084981585038e-06,0,0.02106755665214396,model::modernbert_sentiment_profile,ModernBERT + Sentiment Profile,42
4578,1,1.2506886832852615e-06,0,0.02106755665214396,model::modernbert_sentiment_profile,ModernBERT + Sentiment Profile,42
19505,0,1.3891841490476509e-06,0,0.02106755665214396,model::modernbert_sentiment_profile,ModernBERT + Sentiment Profile,42
3260,1,1.191828914670623e-06,0,0.02106755665214396,model::modernbert_sentiment_profile,ModernBERT + Sentiment Profile,42
10054,0,1.3638982636621222e-06,0,0.02106755665214396,model::modernbert_sentiment_profile,ModernBERT + Sentiment Profile,42
19294,1,1.317124770139344e-06,0,0.02106755665214396,model::modernbert_sentiment_profile,ModernBERT + Sentiment Profile,42
2766,1,1.163687443295203e-06,0,0.02106755665214396,model::modernbert_sentiment_profile,ModernBERT + Sentiment Profile,42
6407,0,1.0708027957662123e-06,0,0.02106755665214396,model::modernbert_sentiment_profile,ModernBERT + Sentiment Profile,42
13693,1,1.432378212484764e-06,0,0.02106755665214396,model::modernbert_sentiment_profile,ModernBERT + Sentiment Profile,42
6757,0,1.3760446790911374e-06,0,0.02106755665214396,model::modernbert_sentiment_profile,ModernBERT + Sentiment Profile,42
14999,1,1.2952239103469765e-06,0,0.02106755665214396,model::modernbert_sentiment_profile,ModernBERT + Sentiment Profile,42
20137,0,1.3938007441538502e-06,0,0.02106755665214396,model::modernbert_sentiment_profile,ModernBERT + Sentiment Profile,42
17303,0,1.031463625622564e-06,0,0.02106755665214396,model::modernbert_sentiment_profile,ModernBERT + Sentiment Profile,42
15307,1,1.75459933871025e-06,0,0.02106755665214396,model::modernbert_sentiment_profile,ModernBERT + Sentiment Profile,42
13326,1,1.298028450946731e-06,0,0.02106755665214396,model::modernbert_sentiment_profile,ModernBERT + Sentiment Profile,42
4557,1,1.6874880657269389e-06,0,0.02106755665214396,model::modernbert_sentiment_profile,ModernBERT + Sentiment Profile,42
6699,1,1.2343919024715433e-06,0,0.02106755665214396,model::modernbert_sentiment_profile,ModernBERT + Sentiment Profile,42
9280,0,1.1130064194730949e-06,0,0.02106755665214396,model::modernbert_sentiment_profile,ModernBERT + Sentiment Profile,42
209,0,1.6051070588218863e-06,0,0.02106755665214396,model::modernbert_sentiment_profile,ModernBERT + Sentiment Profile,42
11350,1,1.2897806982437032e-06,0,0.02106755665214396,model::modernbert_sentiment_profile,ModernBERT + Sentiment Profile,42
1969,1,1.2737456245304202e-06,0,0.02106755665214396,model::modernbert_sentiment_profile,ModernBERT + Sentiment Profile,42
20058,1,1.379959599034919e-06,0,0.02106755665214396,model::modernbert_sentiment_profile,ModernBERT + Sentiment Profile,42
20625,1,1.2551395229820628e-06,0,0.02106755665214396,model::modernbert_sentiment_profile,ModernBERT + Sentiment Profile,42
8212,0,3.273304400863708e-06,0,0.02106755665214396,model::modernbert_sentiment_profile,ModernBERT + Sentiment Profile,42
5525,0,1.3542861552195973e-06,0,0.02106755665214396,model::modernbert_sentiment_profile,ModernBERT + Sentiment Profile,42
11018,1,1.4023873973201262e-06,0,0.02106755665214396,model::modernbert_sentiment_profile,ModernBERT + Sentiment Profile,42
11943,1,1.400100927639869e-06,0,0.02106755665214396,model::modernbert_sentiment_profile,ModernBERT + Sentiment Profile,42
6611,1,1.3999006114318036e-06,0,0.02106755665214396,model::modernbert_sentiment_profile,ModernBERT + Sentiment Profile,42
5821,0,1.2491010465964791e-06,0,0.02106755665214396,model::modernbert_sentiment_profile,ModernBERT + Sentiment Profile,42
8492,0,1.6367866919608789e-06,0,0.02106755665214396,model::modernbert_sentiment_profile,ModernBERT + Sentiment Profile,42
9461,1,1.4210809240466915e-06,0,0.02106755665214396,model::modernbert_sentiment_profile,ModernBERT + Sentiment Profile,42
338,1,1.3294035170474672e-06,0,0.02106755665214396,model::modernbert_sentiment_profile,ModernBERT + Sentiment Profile,42
6973,0,2.4631799533381127e-06,0,0.02106755665214396,model::modernbert_sentiment_profile,ModernBERT + Sentiment Profile,42
20872,1,1.3377567711359006e-06,0,0.02106755665214396,model::modernbert_sentiment_profile,ModernBERT + Sentiment Profile,42
12986,1,1.1695640296238707e-06,0,0.02106755665214396,model::modernbert_sentiment_profile,ModernBERT + Sentiment Profile,42
13669,0,1.7734561197357834e-06,0,0.02106755665214396,model::modernbert_sentiment_profile,ModernBERT + Sentiment Profile,42
10890,0,1.1404746373955277e-06,0,0.02106755665214396,model::modernbert_sentiment_profile,ModernBERT + Sentiment Profile,42
9089,0,1.133618184212537e-06,0,0.02106755665214396,model::modernbert_sentiment_profile,ModernBERT + Sentiment Profile,42
2840,1,1.0427368124510394e-06,0,0.02106755665214396,model::modernbert_sentiment_profile,ModernBERT + Sentiment Profile,42
10318,0,1.5585997061862145e-06,0,0.02106755665214396,model::modernbert_sentiment_profile,ModernBERT + Sentiment Profile,42
16787,1,1.89530226180068e-06,0,0.02106755665214396,model::modernbert_sentiment_profile,ModernBERT + Sentiment Profile,42
4404,1,1.63134325248393e-06,0,0.02106755665214396,model::modernbert_sentiment_profile,ModernBERT + Sentiment Profile,42
15737,0,9.274302783524035e-07,0,0.02106755665214396,model::modernbert_sentiment_profile,ModernBERT + Sentiment Profile,42
3736,1,1.4257792599892127e-06,0,0.02106755665214396,model::modernbert_sentiment_profile,ModernBERT + Sentiment Profile,42
1264,1,1.7528046782899764e-06,0,0.02106755665214396,model::modernbert_sentiment_profile,ModernBERT + Sentiment Profile,42
13451,0,1.0888528549912737e-06,0,0.02106755665214396,model::modernbert_sentiment_profile,ModernBERT + Sentiment Profile,42
1855,0,1.3683148836207693e-06,0,0.02106755665214396,model::modernbert_sentiment_profile,ModernBERT + Sentiment Profile,42
1945,0,1.398571498612e-06,0,0.02106755665214396,model::modernbert_sentiment_profile,ModernBERT + Sentiment Profile,42
12976,0,1.3904352726967772e-06,0,0.02106755665214396,model::modernbert_sentiment_profile,ModernBERT + Sentiment Profile,42
12920,1,1.2369279147605994e-06,0,0.02106755665214396,model::modernbert_sentiment_profile,ModernBERT + Sentiment Profile,42
6410,1,1.4135644050838891e-06,0,0.02106755665214396,model::modernbert_sentiment_profile,ModernBERT + Sentiment Profile,42
6746,1,1.3462984043144388e-06,0,0.02106755665214396,model::modernbert_sentiment_profile,ModernBERT + Sentiment Profile,42
8067,1,2.069626361844712e-06,0,0.02106755665214396,model::modernbert_sentiment_profile,ModernBERT + Sentiment Profile,42
4846,1,1.3343051250558349e-06,0,0.02106755665214396,model::modernbert_sentiment_profile,ModernBERT + Sentiment Profile,42
4533,1,1.4254229654397932e-06,0,0.02106755665214396,model::modernbert_sentiment_profile,ModernBERT + Sentiment Profile,42
11794,1,1.218120473822637e-06,0,0.02106755665214396,model::modernbert_sentiment_profile,ModernBERT + Sentiment Profile,42
17267,0,2.410519073237083e-06,0,0.02106755665214396,model::modernbert_sentiment_profile,ModernBERT + Sentiment Profile,42
18522,0,2.0220093119860394e-06,0,0.02106755665214396,model::modernbert_sentiment_profile,ModernBERT + Sentiment Profile,42
2937,1,1.1789753671109793e-06,0,0.02106755665214396,model::modernbert_sentiment_profile,ModernBERT + Sentiment Profile,42
7387,1,1.2778629070453462e-06,0,0.02106755665214396,model::modernbert_sentiment_profile,ModernBERT + Sentiment Profile,42
16334,1,1.32853665490984e-06,0,0.02106755665214396,model::modernbert_sentiment_profile,ModernBERT + Sentiment Profile,42
4259,1,1.301542624787544e-06,0,0.02106755665214396,model::modernbert_sentiment_profile,ModernBERT + Sentiment Profile,42
