sample_id,y_true,y_prob_machine_generated,y_pred,threshold,system_key,system,seed
10379,1,9.335017966805026e-05,0,0.13417820632457733,model::deberta_v3_base,DeBERTa-v3,42
1092,1,0.00019277632236480713,0,0.13417820632457733,model::deberta_v3_base,DeBERTa-v3,42
8924,0,0.00011523395369295031,0,0.13417820632457733,model::deberta_v3_base,DeBERTa-v3,42
1291,0,0.00010153171024285257,0,0.13417820632457733,model::deberta_v3_base,DeBERTa-v3,42
13927,1,0.00013626703002955765,0,0.13417820632457733,model::deberta_v3_base,DeBERTa-v3,42
8035,0,9.746079740580171e-05,0,0.13417820632457733,model::deberta_v3_base,DeBERTa-v3,42
1632,1,0.00011024736159015447,0,0.13417820632457733,model::deberta_v3_base,DeBERTa-v3,42
17416,1,0.0001087576529243961,0,0.13417820632457733,model::deberta_v3_base,DeBERTa-v3,42
14654,1,0.00012725131819024682,0,0.13417820632457733,model::deberta_v3_base,DeBERTa-v3,42
5189,1,0.00015222901129163802,0,0.13417820632457733,model::deberta_v3_base,DeBERTa-v3,42
3026,1,8.481572876917198e-05,0,0.13417820632457733,model::deberta_v3_base,DeBERTa-v3,42
1353,1,0.00015177637396845967,0,0.13417820632457733,model::deberta_v3_base,DeBERTa-v3,42
13373,0,0.0001964641996892169,0,0.13417820632457733,model::deberta_v3_base,DeBERTa-v3,42
20409,1,7.197789091151208e-05,0,0.13417820632457733,model::deberta_v3_base,DeBERTa-v3,42
19701,0,7.644396828254685e-05,0,0.13417820632457733,model::deberta_v3_base,DeBERTa-v3,42
15296,0,6.498012953670695e-05,0,0.13417820632457733,model::deberta_v3_base,DeBERTa-v3,42
18991,0,7.326524792006239e-05,0,0.13417820632457733,model::deberta_v3_base,DeBERTa-v3,42
512,1,0.0001905046810861677,0,0.13417820632457733,model::deberta_v3_base,DeBERTa-v3,42
18295,0,0.00029670182266272604,0,0.13417820632457733,model::deberta_v3_base,DeBERTa-v3,42
18450,1,8.580167923355475e-05,0,0.13417820632457733,model::deberta_v3_base,DeBERTa-v3,42
15675,1,8.225357305491343e-05,0,0.13417820632457733,model::deberta_v3_base,DeBERTa-v3,42
20025,0,0.0001006693419185467,0,0.13417820632457733,model::deberta_v3_base,DeBERTa-v3,42
7229,0,8.83418251760304e-05,0,0.13417820632457733,model::deberta_v3_base,DeBERTa-v3,42
10752,1,8.717735181562603e-05,0,0.13417820632457733,model::deberta_v3_base,DeBERTa-v3,42
20566,0,8.33678714116104e-05,0,0.13417820632457733,model::deberta_v3_base,DeBERTa-v3,42
18854,0,0.00032496239873580635,0,0.13417820632457733,model::deberta_v3_base,DeBERTa-v3,42
9483,1,0.00011040653771487996,0,0.13417820632457733,model::deberta_v3_base,DeBERTa-v3,42
5666,0,0.0003280177479609847,0,0.13417820632457733,model::deberta_v3_base,DeBERTa-v3,42
7486,1,8.756860916037112e-05,0,0.13417820632457733,model::deberta_v3_base,DeBERTa-v3,42
16331,1,0.00012395603698678315,0,0.13417820632457733,model::deberta_v3_base,DeBERTa-v3,42
2999,1,0.00014571174688171595,0,0.13417820632457733,model::deberta_v3_base,DeBERTa-v3,42
3958,1,0.00010696251410990953,0,0.13417820632457733,model::deberta_v3_base,DeBERTa-v3,42
13982,0,9.427921759197488e-05,0,0.13417820632457733,model::deberta_v3_base,DeBERTa-v3,42
17720,1,0.0002463556593284011,0,0.13417820632457733,model::deberta_v3_base,DeBERTa-v3,42
18694,1,0.00021238352928776294,0,0.13417820632457733,model::deberta_v3_base,DeBERTa-v3,42
4466,0,8.048029849305749e-05,0,0.13417820632457733,model::deberta_v3_base,DeBERTa-v3,42
19676,1,0.00013169895100872964,0,0.13417820632457733,model::deberta_v3_base,DeBERTa-v3,42
20003,1,0.000130876709590666,0,0.13417820632457733,model::deberta_v3_base,DeBERTa-v3,42
8936,1,0.00012143218918936327,0,0.13417820632457733,model::deberta_v3_base,DeBERTa-v3,42
12592,0,7.194995123427361e-05,0,0.13417820632457733,model::deberta_v3_base,DeBERTa-v3,42
2861,0,0.00014737316814716905,0,0.13417820632457733,model::deberta_v3_base,DeBERTa-v3,42
16760,0,6.81558667565696e-05,0,0.13417820632457733,model::deberta_v3_base,DeBERTa-v3,42
4976,1,0.00010152009053854272,0,0.13417820632457733,model::deberta_v3_base,DeBERTa-v3,42
11506,0,0.0007095239707268775,0,0.13417820632457733,model::deberta_v3_base,DeBERTa-v3,42
4974,1,0.00026454436010681093,0,0.13417820632457733,model::deberta_v3_base,DeBERTa-v3,42
12865,1,0.00010141945676878095,0,0.13417820632457733,model::deberta_v3_base,DeBERTa-v3,42
10717,1,9.84538346529007e-05,0,0.13417820632457733,model::deberta_v3_base,DeBERTa-v3,42
8625,1,0.00020626053446903825,0,0.13417820632457733,model::deberta_v3_base,DeBERTa-v3,42
15748,0,0.00033777329372242093,0,0.13417820632457733,model::deberta_v3_base,DeBERTa-v3,42
3681,0,0.00019228397286497056,0,0.13417820632457733,model::deberta_v3_base,DeBERTa-v3,42
1600,0,0.00023936806246638298,0,0.13417820632457733,model::deberta_v3_base,DeBERTa-v3,42
11251,1,0.00010915515304077417,0,0.13417820632457733,model::deberta_v3_base,DeBERTa-v3,42
11286,1,0.00012004852760583162,0,0.13417820632457733,model::deberta_v3_base,DeBERTa-v3,42
2808,0,9.720250818645582e-05,0,0.13417820632457733,model::deberta_v3_base,DeBERTa-v3,42
159,0,6.172012945171446e-05,0,0.13417820632457733,model::deberta_v3_base,DeBERTa-v3,42
12797,0,0.00010880266199819744,0,0.13417820632457733,model::deberta_v3_base,DeBERTa-v3,42
3074,0,9.275124466512352e-05,0,0.13417820632457733,model::deberta_v3_base,DeBERTa-v3,42
14840,0,9.620062337489799e-05,0,0.13417820632457733,model::deberta_v3_base,DeBERTa-v3,42
12328,0,0.0005054418579675257,0,0.13417820632457733,model::deberta_v3_base,DeBERTa-v3,42
95,1,0.00010324359027436003,0,0.13417820632457733,model::deberta_v3_base,DeBERTa-v3,42
1308,0,0.00017688811931293458,0,0.13417820632457733,model::deberta_v3_base,DeBERTa-v3,42
3386,1,0.00011060484393965453,0,0.13417820632457733,model::deberta_v3_base,DeBERTa-v3,42
15472,0,0.00010542374366195872,0,0.13417820632457733,model::deberta_v3_base,DeBERTa-v3,42
16039,0,0.00013592405593954027,0,0.13417820632457733,model::deberta_v3_base,DeBERTa-v3,42
15903,1,9.177737956633791e-05,0,0.13417820632457733,model::deberta_v3_base,DeBERTa-v3,42
13242,1,0.00011621727753663436,0,0.13417820632457733,model::deberta_v3_base,DeBERTa-v3,42
5334,1,0.00015311717288568616,0,0.13417820632457733,model::deberta_v3_base,DeBERTa-v3,42
20678,1,0.00024952259263955057,0,0.13417820632457733,model::deberta_v3_base,DeBERTa-v3,42
7102,0,0.00010882653441512957,0,0.13417820632457733,model::deberta_v3_base,DeBERTa-v3,42
17456,1,8.725170482648537e-05,0,0.13417820632457733,model::deberta_v3_base,DeBERTa-v3,42
17207,1,8.628676005173475e-05,0,0.13417820632457733,model::deberta_v3_base,DeBERTa-v3,42
20060,0,0.00020990871416870505,0,0.13417820632457733,model::deberta_v3_base,DeBERTa-v3,42
8328,1,0.00017257023137062788,0,0.13417820632457733,model::deberta_v3_base,DeBERTa-v3,42
5697,1,0.00010659717372618616,0,0.13417820632457733,model::deberta_v3_base,DeBERTa-v3,42
3917,1,0.00017822864174377173,0,0.13417820632457733,model::deberta_v3_base,DeBERTa-v3,42
7890,0,0.0002496496890671551,0,0.13417820632457733,model::deberta_v3_base,DeBERTa-v3,42
20874,0,0.00026779179461300373,0,0.13417820632457733,model::deberta_v3_base,DeBERTa-v3,42
9228,0,0.00010598194057820365,0,0.13417820632457733,model::deberta_v3_base,DeBERTa-v3,42
7626,1,0.00013551833399105817,0,0.13417820632457733,model::deberta_v3_base,DeBERTa-v3,42
17701,1,0.00021511792147066444,0,0.13417820632457733,model::deberta_v3_base,DeBERTa-v3,42
2326,1,8.484274439979345e-05,0,0.13417820632457733,model::deberta_v3_base,DeBERTa-v3,42
10548,1,0.00011934248323086649,0,0.13417820632457733,model::deberta_v3_base,DeBERTa-v3,42
5550,0,0.00016046165546867996,0,0.13417820632457733,model::deberta_v3_base,DeBERTa-v3,42
20860,0,7.613085472257808e-05,0,0.13417820632457733,model::deberta_v3_base,DeBERTa-v3,42
14054,1,0.0004311657976359129,0,0.13417820632457733,model::deberta_v3_base,DeBERTa-v3,42
14852,0,0.00017196379485540092,0,0.13417820632457733,model::deberta_v3_base,DeBERTa-v3,42
11175,1,0.00016564976249355823,0,0.13417820632457733,model::deberta_v3_base,DeBERTa-v3,42
2207,0,0.00014688214287161827,0,0.13417820632457733,model::deberta_v3_base,DeBERTa-v3,42
6783,1,0.00011414567416068166,0,0.13417820632457733,model::deberta_v3_base,DeBERTa-v3,42
2699,0,0.00013835627760272473,0,0.13417820632457733,model::deberta_v3_base,DeBERTa-v3,42
4090,0,0.00011187539348611608,0,0.13417820632457733,model::deberta_v3_base,DeBERTa-v3,42
7244,0,0.0002894816570915282,0,0.13417820632457733,model::deberta_v3_base,DeBERTa-v3,42
11424,0,6.436212424887344e-05,0,0.13417820632457733,model::deberta_v3_base,DeBERTa-v3,42
16052,0,9.103413322009146e-05,0,0.13417820632457733,model::deberta_v3_base,DeBERTa-v3,42
12196,0,0.0001221403363160789,0,0.13417820632457733,model::deberta_v3_base,DeBERTa-v3,42
5583,1,0.00010364941408624873,0,0.13417820632457733,model::deberta_v3_base,DeBERTa-v3,42
7455,1,6.917762220837176e-05,0,0.13417820632457733,model::deberta_v3_base,DeBERTa-v3,42
846,0,8.995315147330984e-05,0,0.13417820632457733,model::deberta_v3_base,DeBERTa-v3,42
3005,1,0.0001291955850319937,0,0.13417820632457733,model::deberta_v3_base,DeBERTa-v3,42
4180,0,0.00014746031956747174,0,0.13417820632457733,model::deberta_v3_base,DeBERTa-v3,42
6266,0,0.00014266863581724465,0,0.13417820632457733,model::deberta_v3_base,DeBERTa-v3,42
7721,1,0.0003713949699886143,0,0.13417820632457733,model::deberta_v3_base,DeBERTa-v3,42
8374,1,0.00011859624646604061,0,0.13417820632457733,model::deberta_v3_base,DeBERTa-v3,42
14457,1,0.00010053207370219752,0,0.13417820632457733,model::deberta_v3_base,DeBERTa-v3,42
17052,1,0.00017147538892459124,0,0.13417820632457733,model::deberta_v3_base,DeBERTa-v3,42
15630,1,0.00015169981634244323,0,0.13417820632457733,model::deberta_v3_base,DeBERTa-v3,42
8013,1,0.000207263816264458,0,0.13417820632457733,model::deberta_v3_base,DeBERTa-v3,42
10556,0,0.00022778492711950094,0,0.13417820632457733,model::deberta_v3_base,DeBERTa-v3,42
6752,0,9.608061373000965e-05,0,0.13417820632457733,model::deberta_v3_base,DeBERTa-v3,42
4344,0,0.0009372339118272066,0,0.13417820632457733,model::deberta_v3_base,DeBERTa-v3,42
3687,1,0.0002463370910845697,0,0.13417820632457733,model::deberta_v3_base,DeBERTa-v3,42
4189,1,9.646195394452661e-05,0,0.13417820632457733,model::deberta_v3_base,DeBERTa-v3,42
10831,1,0.0005114256055094302,0,0.13417820632457733,model::deberta_v3_base,DeBERTa-v3,42
3743,0,6.704076804453507e-05,0,0.13417820632457733,model::deberta_v3_base,DeBERTa-v3,42
20504,0,6.630268762819469e-05,0,0.13417820632457733,model::deberta_v3_base,DeBERTa-v3,42
2869,1,0.00013434633729048073,0,0.13417820632457733,model::deberta_v3_base,DeBERTa-v3,42
14846,1,0.00010849930549738929,0,0.13417820632457733,model::deberta_v3_base,DeBERTa-v3,42
8988,0,6.888534699101001e-05,0,0.13417820632457733,model::deberta_v3_base,DeBERTa-v3,42
12023,1,0.0003867307386826724,0,0.13417820632457733,model::deberta_v3_base,DeBERTa-v3,42
14099,1,0.0001128718358813785,0,0.13417820632457733,model::deberta_v3_base,DeBERTa-v3,42
14724,0,0.00024842354469001293,0,0.13417820632457733,model::deberta_v3_base,DeBERTa-v3,42
4785,0,7.707154873060063e-05,0,0.13417820632457733,model::deberta_v3_base,DeBERTa-v3,42
20713,0,0.00011868448200402781,0,0.13417820632457733,model::deberta_v3_base,DeBERTa-v3,42
8986,0,0.000170839877682738,0,0.13417820632457733,model::deberta_v3_base,DeBERTa-v3,42
39,0,9.127621888183057e-05,0,0.13417820632457733,model::deberta_v3_base,DeBERTa-v3,42
15187,0,0.00023918917577248067,0,0.13417820632457733,model::deberta_v3_base,DeBERTa-v3,42
1492,1,0.00016201104153878987,0,0.13417820632457733,model::deberta_v3_base,DeBERTa-v3,42
20588,0,0.00017742814088705927,0,0.13417820632457733,model::deberta_v3_base,DeBERTa-v3,42
8231,1,8.912578778108582e-05,0,0.13417820632457733,model::deberta_v3_base,DeBERTa-v3,42
5094,1,0.00010586538701318204,0,0.13417820632457733,model::deberta_v3_base,DeBERTa-v3,42
7483,0,0.00010089933493873104,0,0.13417820632457733,model::deberta_v3_base,DeBERTa-v3,42
753,0,0.0002587017952464521,0,0.13417820632457733,model::deberta_v3_base,DeBERTa-v3,42
1416,0,0.00017954304348677397,0,0.13417820632457733,model::deberta_v3_base,DeBERTa-v3,42
6055,1,0.00012622217764146626,0,0.13417820632457733,model::deberta_v3_base,DeBERTa-v3,42
11306,1,8.788022387307137e-05,0,0.13417820632457733,model::deberta_v3_base,DeBERTa-v3,42
15807,1,8.428344881394878e-05,0,0.13417820632457733,model::deberta_v3_base,DeBERTa-v3,42
11393,0,0.00025196128990501165,0,0.13417820632457733,model::deberta_v3_base,DeBERTa-v3,42
1532,1,0.00017422789824195206,0,0.13417820632457733,model::deberta_v3_base,DeBERTa-v3,42
17823,1,0.00015626015374436975,0,0.13417820632457733,model::deberta_v3_base,DeBERTa-v3,42
912,1,0.00011491464101709425,0,0.13417820632457733,model::deberta_v3_base,DeBERTa-v3,42
9162,1,8.186700870282948e-05,0,0.13417820632457733,model::deberta_v3_base,DeBERTa-v3,42
12703,0,9.775408398127183e-05,0,0.13417820632457733,model::deberta_v3_base,DeBERTa-v3,42
14284,0,6.573012797161937e-05,0,0.13417820632457733,model::deberta_v3_base,DeBERTa-v3,42
11887,1,0.00023583161237183958,0,0.13417820632457733,model::deberta_v3_base,DeBERTa-v3,42
4680,1,0.00010047658724943176,0,0.13417820632457733,model::deberta_v3_base,DeBERTa-v3,42
9114,1,9.796759695746005e-05,0,0.13417820632457733,model::deberta_v3_base,DeBERTa-v3,42
15087,1,0.00017919654783327132,0,0.13417820632457733,model::deberta_v3_base,DeBERTa-v3,42
11501,0,0.9826036095619202,1,0.13417820632457733,model::deberta_v3_base,DeBERTa-v3,42
9261,1,0.00015941304445732385,0,0.13417820632457733,model::deberta_v3_base,DeBERTa-v3,42
17032,1,0.00010407866648165509,0,0.13417820632457733,model::deberta_v3_base,DeBERTa-v3,42
13742,0,9.81131597654894e-05,0,0.13417820632457733,model::deberta_v3_base,DeBERTa-v3,42
607,1,0.00018375198123976588,0,0.13417820632457733,model::deberta_v3_base,DeBERTa-v3,42
16065,1,0.0001461871579522267,0,0.13417820632457733,model::deberta_v3_base,DeBERTa-v3,42
1061,0,9.030474757310003e-05,0,0.13417820632457733,model::deberta_v3_base,DeBERTa-v3,42
9683,0,0.00011242808977840468,0,0.13417820632457733,model::deberta_v3_base,DeBERTa-v3,42
9767,1,0.00010610977187752724,0,0.13417820632457733,model::deberta_v3_base,DeBERTa-v3,42
1792,0,0.00010750742512755096,0,0.13417820632457733,model::deberta_v3_base,DeBERTa-v3,42
3351,0,0.0001275720860576257,0,0.13417820632457733,model::deberta_v3_base,DeBERTa-v3,42
4098,0,0.00015732522297184914,0,0.13417820632457733,model::deberta_v3_base,DeBERTa-v3,42
1194,0,0.0001155436912085861,0,0.13417820632457733,model::deberta_v3_base,DeBERTa-v3,42
12026,0,0.0001760410814313218,0,0.13417820632457733,model::deberta_v3_base,DeBERTa-v3,42
4868,1,0.00011933975474676117,0,0.13417820632457733,model::deberta_v3_base,DeBERTa-v3,42
19019,1,0.00017773480794858187,0,0.13417820632457733,model::deberta_v3_base,DeBERTa-v3,42
19855,1,9.277911158278584e-05,0,0.13417820632457733,model::deberta_v3_base,DeBERTa-v3,42
9565,1,0.00021546485368162394,0,0.13417820632457733,model::deberta_v3_base,DeBERTa-v3,42
1647,1,9.141175542026758e-05,0,0.13417820632457733,model::deberta_v3_base,DeBERTa-v3,42
15961,1,0.00010262110299663618,0,0.13417820632457733,model::deberta_v3_base,DeBERTa-v3,42
285,0,0.00010911416029557586,0,0.13417820632457733,model::deberta_v3_base,DeBERTa-v3,42
18138,0,0.00015228852862492204,0,0.13417820632457733,model::deberta_v3_base,DeBERTa-v3,42
3347,0,8.084643923211843e-05,0,0.13417820632457733,model::deberta_v3_base,DeBERTa-v3,42
19656,1,0.0002898561942856759,0,0.13417820632457733,model::deberta_v3_base,DeBERTa-v3,42
12678,1,0.00025140290381386876,0,0.13417820632457733,model::deberta_v3_base,DeBERTa-v3,42
4231,0,0.00014243349141906947,0,0.13417820632457733,model::deberta_v3_base,DeBERTa-v3,42
13425,1,0.00012737393262796104,0,0.13417820632457733,model::deberta_v3_base,DeBERTa-v3,42
6282,0,0.00012392258213367313,0,0.13417820632457733,model::deberta_v3_base,DeBERTa-v3,42
12418,1,0.00015844620065763593,0,0.13417820632457733,model::deberta_v3_base,DeBERTa-v3,42
10239,1,0.0001086691117961891,0,0.13417820632457733,model::deberta_v3_base,DeBERTa-v3,42
6212,1,0.00022645876742899418,0,0.13417820632457733,model::deberta_v3_base,DeBERTa-v3,42
24,1,0.00012813997454941273,0,0.13417820632457733,model::deberta_v3_base,DeBERTa-v3,42
6691,0,9.13195835892111e-05,0,0.13417820632457733,model::deberta_v3_base,DeBERTa-v3,42
3507,1,0.00010349317744839936,0,0.13417820632457733,model::deberta_v3_base,DeBERTa-v3,42
6583,1,0.00021018586994614452,0,0.13417820632457733,model::deberta_v3_base,DeBERTa-v3,42
15156,1,0.00011295506556052715,0,0.13417820632457733,model::deberta_v3_base,DeBERTa-v3,42
14876,0,0.00019314205565024167,0,0.13417820632457733,model::deberta_v3_base,DeBERTa-v3,42
15809,0,0.00013240282714832574,0,0.13417820632457733,model::deberta_v3_base,DeBERTa-v3,42
19948,0,0.00024972038227133453,0,0.13417820632457733,model::deberta_v3_base,DeBERTa-v3,42
20661,0,0.0002094840310746804,0,0.13417820632457733,model::deberta_v3_base,DeBERTa-v3,42
15457,1,0.00013043916260357946,0,0.13417820632457733,model::deberta_v3_base,DeBERTa-v3,42
16560,1,0.0001148047813330777,0,0.13417820632457733,model::deberta_v3_base,DeBERTa-v3,42
3353,0,0.0001991555909626186,0,0.13417820632457733,model::deberta_v3_base,DeBERTa-v3,42
15343,1,0.000133252571686171,0,0.13417820632457733,model::deberta_v3_base,DeBERTa-v3,42
139,1,6.650156865362078e-05,0,0.13417820632457733,model::deberta_v3_base,DeBERTa-v3,42
14673,1,8.5417166701518e-05,0,0.13417820632457733,model::deberta_v3_base,DeBERTa-v3,42
18413,1,7.426154479617253e-05,0,0.13417820632457733,model::deberta_v3_base,DeBERTa-v3,42
11800,0,8.389357390115038e-05,0,0.13417820632457733,model::deberta_v3_base,DeBERTa-v3,42
1827,0,0.0002480249968357384,0,0.13417820632457733,model::deberta_v3_base,DeBERTa-v3,42
18537,0,0.00015236261242534965,0,0.13417820632457733,model::deberta_v3_base,DeBERTa-v3,42
1799,0,0.00010911343269981444,0,0.13417820632457733,model::deberta_v3_base,DeBERTa-v3,42
326,1,0.00010444075451232493,0,0.13417820632457733,model::deberta_v3_base,DeBERTa-v3,42
11382,0,0.0001564476842759177,0,0.13417820632457733,model::deberta_v3_base,DeBERTa-v3,42
19498,1,0.00010089933493873104,0,0.13417820632457733,model::deberta_v3_base,DeBERTa-v3,42
14625,0,0.0001683490991126746,0,0.13417820632457733,model::deberta_v3_base,DeBERTa-v3,42
14044,1,9.011886140797287e-05,0,0.13417820632457733,model::deberta_v3_base,DeBERTa-v3,42
17779,0,0.00011159796122228727,0,0.13417820632457733,model::deberta_v3_base,DeBERTa-v3,42
19114,0,8.468917076243088e-05,0,0.13417820632457733,model::deberta_v3_base,DeBERTa-v3,42
1387,1,0.00010080816718982533,0,0.13417820632457733,model::deberta_v3_base,DeBERTa-v3,42
10624,1,0.00013549442519433796,0,0.13417820632457733,model::deberta_v3_base,DeBERTa-v3,42
20310,0,0.00026104741846211255,0,0.13417820632457733,model::deberta_v3_base,DeBERTa-v3,42
4592,0,0.0009198530460707843,0,0.13417820632457733,model::deberta_v3_base,DeBERTa-v3,42
10484,0,9.527462680125609e-05,0,0.13417820632457733,model::deberta_v3_base,DeBERTa-v3,42
819,0,7.263000588864088e-05,0,0.13417820632457733,model::deberta_v3_base,DeBERTa-v3,42
12702,1,0.00013458712783176452,0,0.13417820632457733,model::deberta_v3_base,DeBERTa-v3,42
11791,1,0.00015061047452036291,0,0.13417820632457733,model::deberta_v3_base,DeBERTa-v3,42
10008,0,8.545073069399223e-05,0,0.13417820632457733,model::deberta_v3_base,DeBERTa-v3,42
10395,0,0.00012419148697517812,0,0.13417820632457733,model::deberta_v3_base,DeBERTa-v3,42
2941,1,0.00016601377865299582,0,0.13417820632457733,model::deberta_v3_base,DeBERTa-v3,42
6203,0,7.131841994123533e-05,0,0.13417820632457733,model::deberta_v3_base,DeBERTa-v3,42
3563,1,0.00010842752089956775,0,0.13417820632457733,model::deberta_v3_base,DeBERTa-v3,42
14100,0,0.00012468166823964566,0,0.13417820632457733,model::deberta_v3_base,DeBERTa-v3,42
4129,0,0.0001422399509465322,0,0.13417820632457733,model::deberta_v3_base,DeBERTa-v3,42
7813,1,7.641823322046548e-05,0,0.13417820632457733,model::deberta_v3_base,DeBERTa-v3,42
16228,1,0.00018433950026519597,0,0.13417820632457733,model::deberta_v3_base,DeBERTa-v3,42
21120,1,0.0001194396973005496,0,0.13417820632457733,model::deberta_v3_base,DeBERTa-v3,42
13948,0,7.286921027116477e-05,0,0.13417820632457733,model::deberta_v3_base,DeBERTa-v3,42
9284,1,0.0002553441154304892,0,0.13417820632457733,model::deberta_v3_base,DeBERTa-v3,42
8347,0,0.0001166960209957324,0,0.13417820632457733,model::deberta_v3_base,DeBERTa-v3,42
5542,0,8.258775778813288e-05,0,0.13417820632457733,model::deberta_v3_base,DeBERTa-v3,42
13005,1,0.00010254090011585504,0,0.13417820632457733,model::deberta_v3_base,DeBERTa-v3,42
111,1,0.00012874181265942752,0,0.13417820632457733,model::deberta_v3_base,DeBERTa-v3,42
18715,0,0.00012949309893883765,0,0.13417820632457733,model::deberta_v3_base,DeBERTa-v3,42
9630,1,7.767805072944611e-05,0,0.13417820632457733,model::deberta_v3_base,DeBERTa-v3,42
14498,1,9.244782995665446e-05,0,0.13417820632457733,model::deberta_v3_base,DeBERTa-v3,42
16013,1,0.00020555767696350813,0,0.13417820632457733,model::deberta_v3_base,DeBERTa-v3,42
3862,1,9.213040175382048e-05,0,0.13417820632457733,model::deberta_v3_base,DeBERTa-v3,42
8953,1,0.0001804676285246387,0,0.13417820632457733,model::deberta_v3_base,DeBERTa-v3,42
4930,1,0.00014757113240193576,0,0.13417820632457733,model::deberta_v3_base,DeBERTa-v3,42
6229,0,0.00018623728828970343,0,0.13417820632457733,model::deberta_v3_base,DeBERTa-v3,42
11757,1,0.00015006502508185804,0,0.13417820632457733,model::deberta_v3_base,DeBERTa-v3,42
2247,0,0.00010660957195796072,0,0.13417820632457733,model::deberta_v3_base,DeBERTa-v3,42
10885,1,0.00013256072998046875,0,0.13417820632457733,model::deberta_v3_base,DeBERTa-v3,42
20406,0,0.00012233875168021768,0,0.13417820632457733,model::deberta_v3_base,DeBERTa-v3,42
15691,0,0.0002744287485256791,0,0.13417820632457733,model::deberta_v3_base,DeBERTa-v3,42
8914,0,6.961093458812684e-05,0,0.13417820632457733,model::deberta_v3_base,DeBERTa-v3,42
15641,1,0.0001395950821461156,0,0.13417820632457733,model::deberta_v3_base,DeBERTa-v3,42
18481,1,0.00012374500511214137,0,0.13417820632457733,model::deberta_v3_base,DeBERTa-v3,42
10771,0,0.0001762821339070797,0,0.13417820632457733,model::deberta_v3_base,DeBERTa-v3,42
632,0,0.00018459666171111166,0,0.13417820632457733,model::deberta_v3_base,DeBERTa-v3,42
4261,1,0.00010876511805690825,0,0.13417820632457733,model::deberta_v3_base,DeBERTa-v3,42
13653,0,0.0004444994265213609,0,0.13417820632457733,model::deberta_v3_base,DeBERTa-v3,42
6990,0,0.00013064578524790704,0,0.13417820632457733,model::deberta_v3_base,DeBERTa-v3,42
17412,1,0.0001783103944035247,0,0.13417820632457733,model::deberta_v3_base,DeBERTa-v3,42
8163,0,0.00019917686586268246,0,0.13417820632457733,model::deberta_v3_base,DeBERTa-v3,42
12223,1,0.0001257277326658368,0,0.13417820632457733,model::deberta_v3_base,DeBERTa-v3,42
7679,1,0.00013303813466336578,0,0.13417820632457733,model::deberta_v3_base,DeBERTa-v3,42
1839,1,0.00012134051212342456,0,0.13417820632457733,model::deberta_v3_base,DeBERTa-v3,42
1912,0,0.00012868031626567245,0,0.13417820632457733,model::deberta_v3_base,DeBERTa-v3,42
8034,0,0.00012975683785043657,0,0.13417820632457733,model::deberta_v3_base,DeBERTa-v3,42
6558,0,0.00010475962335476652,0,0.13417820632457733,model::deberta_v3_base,DeBERTa-v3,42
5357,0,0.0001355629210593179,0,0.13417820632457733,model::deberta_v3_base,DeBERTa-v3,42
18423,0,8.32739460747689e-05,0,0.13417820632457733,model::deberta_v3_base,DeBERTa-v3,42
14058,0,0.0002273193240398541,0,0.13417820632457733,model::deberta_v3_base,DeBERTa-v3,42
16942,0,0.00015979836462065578,0,0.13417820632457733,model::deberta_v3_base,DeBERTa-v3,42
5449,0,0.00032280650339089334,0,0.13417820632457733,model::deberta_v3_base,DeBERTa-v3,42
6530,0,0.0001065568212652579,0,0.13417820632457733,model::deberta_v3_base,DeBERTa-v3,42
13569,1,0.00011734646977856755,0,0.13417820632457733,model::deberta_v3_base,DeBERTa-v3,42
13881,1,9.300171223003417e-05,0,0.13417820632457733,model::deberta_v3_base,DeBERTa-v3,42
12804,0,8.59800711623393e-05,0,0.13417820632457733,model::deberta_v3_base,DeBERTa-v3,42
2770,0,0.0001756380224833265,0,0.13417820632457733,model::deberta_v3_base,DeBERTa-v3,42
3909,1,9.66601146501489e-05,0,0.13417820632457733,model::deberta_v3_base,DeBERTa-v3,42
5847,0,0.00025094213197007775,0,0.13417820632457733,model::deberta_v3_base,DeBERTa-v3,42
16422,1,0.0001509834692114964,0,0.13417820632457733,model::deberta_v3_base,DeBERTa-v3,42
6021,1,8.563085430068895e-05,0,0.13417820632457733,model::deberta_v3_base,DeBERTa-v3,42
10868,1,0.00012617667380254716,0,0.13417820632457733,model::deberta_v3_base,DeBERTa-v3,42
15790,0,7.749752694508061e-05,0,0.13417820632457733,model::deberta_v3_base,DeBERTa-v3,42
215,0,0.00013196218060329556,0,0.13417820632457733,model::deberta_v3_base,DeBERTa-v3,42
21127,0,9.204610250890255e-05,0,0.13417820632457733,model::deberta_v3_base,DeBERTa-v3,42
11090,1,0.00014281945186667144,0,0.13417820632457733,model::deberta_v3_base,DeBERTa-v3,42
14313,1,0.00022545566025655717,0,0.13417820632457733,model::deberta_v3_base,DeBERTa-v3,42
10978,0,0.00012102204345865175,0,0.13417820632457733,model::deberta_v3_base,DeBERTa-v3,42
20359,1,0.00016242556739598513,0,0.13417820632457733,model::deberta_v3_base,DeBERTa-v3,42
4636,1,8.808224811218679e-05,0,0.13417820632457733,model::deberta_v3_base,DeBERTa-v3,42
11619,1,0.00016022130148485303,0,0.13417820632457733,model::deberta_v3_base,DeBERTa-v3,42
193,0,6.613559526158497e-05,0,0.13417820632457733,model::deberta_v3_base,DeBERTa-v3,42
12479,0,8.723281644051895e-05,0,0.13417820632457733,model::deberta_v3_base,DeBERTa-v3,42
5040,1,0.00017693080008029938,0,0.13417820632457733,model::deberta_v3_base,DeBERTa-v3,42
9303,1,9.63804850471206e-05,0,0.13417820632457733,model::deberta_v3_base,DeBERTa-v3,42
11257,0,0.0007034789305180311,0,0.13417820632457733,model::deberta_v3_base,DeBERTa-v3,42
6146,0,0.0001796024589566514,0,0.13417820632457733,model::deberta_v3_base,DeBERTa-v3,42
18985,0,0.00015199896006379277,0,0.13417820632457733,model::deberta_v3_base,DeBERTa-v3,42
20553,1,8.70980802574195e-05,0,0.13417820632457733,model::deberta_v3_base,DeBERTa-v3,42
461,1,0.0002162265300285071,0,0.13417820632457733,model::deberta_v3_base,DeBERTa-v3,42
18330,1,0.00018442848522681743,0,0.13417820632457733,model::deberta_v3_base,DeBERTa-v3,42
3672,1,9.741499525262043e-05,0,0.13417820632457733,model::deberta_v3_base,DeBERTa-v3,42
1926,0,8.893409540178254e-05,0,0.13417820632457733,model::deberta_v3_base,DeBERTa-v3,42
10818,0,0.0041726273484528065,0,0.13417820632457733,model::deberta_v3_base,DeBERTa-v3,42
2357,1,0.0002511681232135743,0,0.13417820632457733,model::deberta_v3_base,DeBERTa-v3,42
20238,1,0.00016873124695848674,0,0.13417820632457733,model::deberta_v3_base,DeBERTa-v3,42
12538,0,6.892318924656138e-05,0,0.13417820632457733,model::deberta_v3_base,DeBERTa-v3,42
11460,1,0.00013219189713709056,0,0.13417820632457733,model::deberta_v3_base,DeBERTa-v3,42
8845,0,8.414178591920063e-05,0,0.13417820632457733,model::deberta_v3_base,DeBERTa-v3,42
6862,0,0.00011928024468943477,0,0.13417820632457733,model::deberta_v3_base,DeBERTa-v3,42
6486,0,8.065060683293268e-05,0,0.13417820632457733,model::deberta_v3_base,DeBERTa-v3,42
15654,1,0.00011832129530375823,0,0.13417820632457733,model::deberta_v3_base,DeBERTa-v3,42
19794,0,6.297357322182506e-05,0,0.13417820632457733,model::deberta_v3_base,DeBERTa-v3,42
19378,1,0.00012876809341832995,0,0.13417820632457733,model::deberta_v3_base,DeBERTa-v3,42
8941,0,8.651003736304119e-05,0,0.13417820632457733,model::deberta_v3_base,DeBERTa-v3,42
17423,0,0.0001410858239978552,0,0.13417820632457733,model::deberta_v3_base,DeBERTa-v3,42
13739,1,0.00011127447942271829,0,0.13417820632457733,model::deberta_v3_base,DeBERTa-v3,42
11920,0,8.644769695820287e-05,0,0.13417820632457733,model::deberta_v3_base,DeBERTa-v3,42
5298,0,7.15722781023942e-05,0,0.13417820632457733,model::deberta_v3_base,DeBERTa-v3,42
17987,1,0.00017506987205706537,0,0.13417820632457733,model::deberta_v3_base,DeBERTa-v3,42
17579,0,0.0002218352019554004,0,0.13417820632457733,model::deberta_v3_base,DeBERTa-v3,42
12541,0,0.0006393010844476521,0,0.13417820632457733,model::deberta_v3_base,DeBERTa-v3,42
8477,0,0.00012925696501042694,0,0.13417820632457733,model::deberta_v3_base,DeBERTa-v3,42
4734,0,0.00014320921036414802,0,0.13417820632457733,model::deberta_v3_base,DeBERTa-v3,42
7493,0,6.974169809836894e-05,0,0.13417820632457733,model::deberta_v3_base,DeBERTa-v3,42
15109,1,0.00024903775192797184,0,0.13417820632457733,model::deberta_v3_base,DeBERTa-v3,42
2100,0,0.00013648498861584812,0,0.13417820632457733,model::deberta_v3_base,DeBERTa-v3,42
1075,1,9.803778812056407e-05,0,0.13417820632457733,model::deberta_v3_base,DeBERTa-v3,42
1209,1,0.0001494425960117951,0,0.13417820632457733,model::deberta_v3_base,DeBERTa-v3,42
4692,1,0.00010007927630795166,0,0.13417820632457733,model::deberta_v3_base,DeBERTa-v3,42
5307,1,0.0002477073867339641,0,0.13417820632457733,model::deberta_v3_base,DeBERTa-v3,42
19342,0,0.00011234405246796086,0,0.13417820632457733,model::deberta_v3_base,DeBERTa-v3,42
4314,0,0.0028993769083172083,0,0.13417820632457733,model::deberta_v3_base,DeBERTa-v3,42
2980,1,0.00010409742390038446,0,0.13417820632457733,model::deberta_v3_base,DeBERTa-v3,42
13846,0,0.001917916932143271,0,0.13417820632457733,model::deberta_v3_base,DeBERTa-v3,42
18405,0,6.929012306500226e-05,0,0.13417820632457733,model::deberta_v3_base,DeBERTa-v3,42
9552,1,0.0002219655434601009,0,0.13417820632457733,model::deberta_v3_base,DeBERTa-v3,42
18882,1,0.00017181463772431016,0,0.13417820632457733,model::deberta_v3_base,DeBERTa-v3,42
15253,0,0.00010012795974034816,0,0.13417820632457733,model::deberta_v3_base,DeBERTa-v3,42
4815,0,0.00023089078604243696,0,0.13417820632457733,model::deberta_v3_base,DeBERTa-v3,42
8531,1,0.00010827047663042322,0,0.13417820632457733,model::deberta_v3_base,DeBERTa-v3,42
14005,1,0.00012785995204467326,0,0.13417820632457733,model::deberta_v3_base,DeBERTa-v3,42
3579,1,0.00013275111268740147,0,0.13417820632457733,model::deberta_v3_base,DeBERTa-v3,42
8311,1,0.00018525029008742422,0,0.13417820632457733,model::deberta_v3_base,DeBERTa-v3,42
6421,0,7.13222980266437e-05,0,0.13417820632457733,model::deberta_v3_base,DeBERTa-v3,42
15194,1,0.0002663892228156328,0,0.13417820632457733,model::deberta_v3_base,DeBERTa-v3,42
12840,1,9.847749606706202e-05,0,0.13417820632457733,model::deberta_v3_base,DeBERTa-v3,42
15793,0,6.654757453361526e-05,0,0.13417820632457733,model::deberta_v3_base,DeBERTa-v3,42
12661,0,6.661030056420714e-05,0,0.13417820632457733,model::deberta_v3_base,DeBERTa-v3,42
17329,0,0.00014048976299818605,0,0.13417820632457733,model::deberta_v3_base,DeBERTa-v3,42
20832,1,0.00021505396580323577,0,0.13417820632457733,model::deberta_v3_base,DeBERTa-v3,42
6802,0,0.00016928400145843625,0,0.13417820632457733,model::deberta_v3_base,DeBERTa-v3,42
16815,1,0.00014745397493243217,0,0.13417820632457733,model::deberta_v3_base,DeBERTa-v3,42
4850,0,0.021850710734725,0,0.13417820632457733,model::deberta_v3_base,DeBERTa-v3,42
15309,0,6.285634299274534e-05,0,0.13417820632457733,model::deberta_v3_base,DeBERTa-v3,42
8342,0,0.0014863740652799606,0,0.13417820632457733,model::deberta_v3_base,DeBERTa-v3,42
8878,1,9.867225890047848e-05,0,0.13417820632457733,model::deberta_v3_base,DeBERTa-v3,42
19332,1,8.884000999387354e-05,0,0.13417820632457733,model::deberta_v3_base,DeBERTa-v3,42
6987,1,0.0003285466809757054,0,0.13417820632457733,model::deberta_v3_base,DeBERTa-v3,42
17374,1,0.00016016508743632585,0,0.13417820632457733,model::deberta_v3_base,DeBERTa-v3,42
3848,1,7.956475019454956e-05,0,0.13417820632457733,model::deberta_v3_base,DeBERTa-v3,42
12077,1,9.51896290644072e-05,0,0.13417820632457733,model::deberta_v3_base,DeBERTa-v3,42
6620,1,0.0001250509958481416,0,0.13417820632457733,model::deberta_v3_base,DeBERTa-v3,42
14377,0,0.00012468999193515629,0,0.13417820632457733,model::deberta_v3_base,DeBERTa-v3,42
2816,1,0.0002961790014524013,0,0.13417820632457733,model::deberta_v3_base,DeBERTa-v3,42
6392,1,8.347247785422951e-05,0,0.13417820632457733,model::deberta_v3_base,DeBERTa-v3,42
16552,1,9.977815352613106e-05,0,0.13417820632457733,model::deberta_v3_base,DeBERTa-v3,42
13603,0,0.0007685269229114056,0,0.13417820632457733,model::deberta_v3_base,DeBERTa-v3,42
14546,0,0.00021455054229591042,0,0.13417820632457733,model::deberta_v3_base,DeBERTa-v3,42
4627,1,0.00012884053285233676,0,0.13417820632457733,model::deberta_v3_base,DeBERTa-v3,42
12923,1,0.0001751309901010245,0,0.13417820632457733,model::deberta_v3_base,DeBERTa-v3,42
18722,1,8.64887551870197e-05,0,0.13417820632457733,model::deberta_v3_base,DeBERTa-v3,42
7617,1,0.0001484314416302368,0,0.13417820632457733,model::deberta_v3_base,DeBERTa-v3,42
4668,0,0.00010189018212258816,0,0.13417820632457733,model::deberta_v3_base,DeBERTa-v3,42
6499,0,0.0001450164709240198,0,0.13417820632457733,model::deberta_v3_base,DeBERTa-v3,42
8288,0,0.00010976283374475315,0,0.13417820632457733,model::deberta_v3_base,DeBERTa-v3,42
2725,0,0.0001932131708599627,0,0.13417820632457733,model::deberta_v3_base,DeBERTa-v3,42
18557,0,0.0004297758569009602,0,0.13417820632457733,model::deberta_v3_base,DeBERTa-v3,42
2093,0,6.175969610922039e-05,0,0.13417820632457733,model::deberta_v3_base,DeBERTa-v3,42
8843,0,0.00012041310401400551,0,0.13417820632457733,model::deberta_v3_base,DeBERTa-v3,42
16318,0,0.00020620333089027554,0,0.13417820632457733,model::deberta_v3_base,DeBERTa-v3,42
4469,1,0.00010128840222023427,0,0.13417820632457733,model::deberta_v3_base,DeBERTa-v3,42
20318,0,0.00019557491759769619,0,0.13417820632457733,model::deberta_v3_base,DeBERTa-v3,42
18224,1,0.0001581379765411839,0,0.13417820632457733,model::deberta_v3_base,DeBERTa-v3,42
20399,1,0.0001257603580597788,0,0.13417820632457733,model::deberta_v3_base,DeBERTa-v3,42
6939,0,0.0001814673887565732,0,0.13417820632457733,model::deberta_v3_base,DeBERTa-v3,42
9990,0,0.00015632079157512635,0,0.13417820632457733,model::deberta_v3_base,DeBERTa-v3,42
10238,1,0.00019760870782192796,0,0.13417820632457733,model::deberta_v3_base,DeBERTa-v3,42
20987,0,0.0002123626763932407,0,0.13417820632457733,model::deberta_v3_base,DeBERTa-v3,42
15757,1,0.0001384624047204852,0,0.13417820632457733,model::deberta_v3_base,DeBERTa-v3,42
18082,0,0.0001898978662211448,0,0.13417820632457733,model::deberta_v3_base,DeBERTa-v3,42
1506,1,8.983434236142784e-05,0,0.13417820632457733,model::deberta_v3_base,DeBERTa-v3,42
19964,0,0.00018076712149195373,0,0.13417820632457733,model::deberta_v3_base,DeBERTa-v3,42
12627,1,9.552634583087638e-05,0,0.13417820632457733,model::deberta_v3_base,DeBERTa-v3,42
12100,0,0.00010626670700730756,0,0.13417820632457733,model::deberta_v3_base,DeBERTa-v3,42
8388,1,0.00023665216576773673,0,0.13417820632457733,model::deberta_v3_base,DeBERTa-v3,42
21083,0,7.437976455548778e-05,0,0.13417820632457733,model::deberta_v3_base,DeBERTa-v3,42
18678,1,0.00012627009709831327,0,0.13417820632457733,model::deberta_v3_base,DeBERTa-v3,42
832,0,0.00018545582133810967,0,0.13417820632457733,model::deberta_v3_base,DeBERTa-v3,42
6428,1,0.000177634836290963,0,0.13417820632457733,model::deberta_v3_base,DeBERTa-v3,42
14122,1,0.00011708000238286331,0,0.13417820632457733,model::deberta_v3_base,DeBERTa-v3,42
10830,0,0.00011179669672856107,0,0.13417820632457733,model::deberta_v3_base,DeBERTa-v3,42
6650,1,9.385834709974006e-05,0,0.13417820632457733,model::deberta_v3_base,DeBERTa-v3,42
2349,1,0.00014263135381042957,0,0.13417820632457733,model::deberta_v3_base,DeBERTa-v3,42
17693,0,9.382612188346684e-05,0,0.13417820632457733,model::deberta_v3_base,DeBERTa-v3,42
1505,1,0.0002793717721942812,0,0.13417820632457733,model::deberta_v3_base,DeBERTa-v3,42
20743,0,0.00010342489986214787,0,0.13417820632457733,model::deberta_v3_base,DeBERTa-v3,42
208,1,0.000113301670353394,0,0.13417820632457733,model::deberta_v3_base,DeBERTa-v3,42
5140,1,0.0002033387281699106,0,0.13417820632457733,model::deberta_v3_base,DeBERTa-v3,42
3077,1,0.00031270645558834076,0,0.13417820632457733,model::deberta_v3_base,DeBERTa-v3,42
10906,1,0.00012510037049651146,0,0.13417820632457733,model::deberta_v3_base,DeBERTa-v3,42
16467,1,9.230240539181978e-05,0,0.13417820632457733,model::deberta_v3_base,DeBERTa-v3,42
18995,1,8.765156962908804e-05,0,0.13417820632457733,model::deberta_v3_base,DeBERTa-v3,42
13964,0,0.00012339504610281438,0,0.13417820632457733,model::deberta_v3_base,DeBERTa-v3,42
19122,1,9.725219570100307e-05,0,0.13417820632457733,model::deberta_v3_base,DeBERTa-v3,42
12284,1,0.00013774629042018205,0,0.13417820632457733,model::deberta_v3_base,DeBERTa-v3,42
15030,0,7.045480742817745e-05,0,0.13417820632457733,model::deberta_v3_base,DeBERTa-v3,42
8464,0,7.028489199001342e-05,0,0.13417820632457733,model::deberta_v3_base,DeBERTa-v3,42
8716,1,0.0001329134829575196,0,0.13417820632457733,model::deberta_v3_base,DeBERTa-v3,42
1028,0,6.537698936881498e-05,0,0.13417820632457733,model::deberta_v3_base,DeBERTa-v3,42
5908,1,0.00011017452925443649,0,0.13417820632457733,model::deberta_v3_base,DeBERTa-v3,42
12457,1,0.00016260688425973058,0,0.13417820632457733,model::deberta_v3_base,DeBERTa-v3,42
17102,1,0.00022486915986519307,0,0.13417820632457733,model::deberta_v3_base,DeBERTa-v3,42
10844,0,0.00018135392747353762,0,0.13417820632457733,model::deberta_v3_base,DeBERTa-v3,42
20782,1,0.00011494194041006267,0,0.13417820632457733,model::deberta_v3_base,DeBERTa-v3,42
16211,0,9.179295739158988e-05,0,0.13417820632457733,model::deberta_v3_base,DeBERTa-v3,42
18610,1,8.632627577753738e-05,0,0.13417820632457733,model::deberta_v3_base,DeBERTa-v3,42
6018,1,7.068738341331482e-05,0,0.13417820632457733,model::deberta_v3_base,DeBERTa-v3,42
15466,1,0.00012080689339200035,0,0.13417820632457733,model::deberta_v3_base,DeBERTa-v3,42
716,0,9.368808241561055e-05,0,0.13417820632457733,model::deberta_v3_base,DeBERTa-v3,42
9034,0,0.00022811810777056962,0,0.13417820632457733,model::deberta_v3_base,DeBERTa-v3,42
13710,0,0.00011938731768168509,0,0.13417820632457733,model::deberta_v3_base,DeBERTa-v3,42
2365,1,0.00016065331874415278,0,0.13417820632457733,model::deberta_v3_base,DeBERTa-v3,42
19049,0,6.685083644697443e-05,0,0.13417820632457733,model::deberta_v3_base,DeBERTa-v3,42
6730,1,0.00012093206169083714,0,0.13417820632457733,model::deberta_v3_base,DeBERTa-v3,42
3653,0,0.00014189207286108285,0,0.13417820632457733,model::deberta_v3_base,DeBERTa-v3,42
18153,1,0.00024334301997441798,0,0.13417820632457733,model::deberta_v3_base,DeBERTa-v3,42
2392,1,0.00013753092207480222,0,0.13417820632457733,model::deberta_v3_base,DeBERTa-v3,42
12733,0,0.0006527997320517898,0,0.13417820632457733,model::deberta_v3_base,DeBERTa-v3,42
9310,0,0.00011995012027909979,0,0.13417820632457733,model::deberta_v3_base,DeBERTa-v3,42
7591,1,0.0001415675797034055,0,0.13417820632457733,model::deberta_v3_base,DeBERTa-v3,42
20265,0,0.0001668655313551426,0,0.13417820632457733,model::deberta_v3_base,DeBERTa-v3,42
12991,1,0.00019329425413161516,0,0.13417820632457733,model::deberta_v3_base,DeBERTa-v3,42
4602,1,0.0012732925824820995,0,0.13417820632457733,model::deberta_v3_base,DeBERTa-v3,42
5286,1,0.00015639698540326208,0,0.13417820632457733,model::deberta_v3_base,DeBERTa-v3,42
1544,0,0.00020623892487492412,0,0.13417820632457733,model::deberta_v3_base,DeBERTa-v3,42
12179,0,0.0001061699804267846,0,0.13417820632457733,model::deberta_v3_base,DeBERTa-v3,42
18950,0,0.00011266483488725498,0,0.13417820632457733,model::deberta_v3_base,DeBERTa-v3,42
299,1,0.00013452849816530943,0,0.13417820632457733,model::deberta_v3_base,DeBERTa-v3,42
9220,1,0.0001372786791762337,0,0.13417820632457733,model::deberta_v3_base,DeBERTa-v3,42
5996,0,7.562696555396542e-05,0,0.13417820632457733,model::deberta_v3_base,DeBERTa-v3,42
18391,1,7.601384277222678e-05,0,0.13417820632457733,model::deberta_v3_base,DeBERTa-v3,42
1344,0,7.115118205547333e-05,0,0.13417820632457733,model::deberta_v3_base,DeBERTa-v3,42
18727,1,0.00013448885874822736,0,0.13417820632457733,model::deberta_v3_base,DeBERTa-v3,42
2307,1,0.00014578150876332074,0,0.13417820632457733,model::deberta_v3_base,DeBERTa-v3,42
6844,1,8.357729529961944e-05,0,0.13417820632457733,model::deberta_v3_base,DeBERTa-v3,42
18049,1,0.00018184950749855489,0,0.13417820632457733,model::deberta_v3_base,DeBERTa-v3,42
16513,0,0.0004268264747224748,0,0.13417820632457733,model::deberta_v3_base,DeBERTa-v3,42
1636,1,0.00015182657807599753,0,0.13417820632457733,model::deberta_v3_base,DeBERTa-v3,42
5741,1,0.00018325923883821815,0,0.13417820632457733,model::deberta_v3_base,DeBERTa-v3,42
7792,0,0.00021577859297394753,0,0.13417820632457733,model::deberta_v3_base,DeBERTa-v3,42
17869,1,8.304683433379978e-05,0,0.13417820632457733,model::deberta_v3_base,DeBERTa-v3,42
5132,1,0.00011762698704842478,0,0.13417820632457733,model::deberta_v3_base,DeBERTa-v3,42
4576,1,8.319712651427835e-05,0,0.13417820632457733,model::deberta_v3_base,DeBERTa-v3,42
5222,0,0.00010365376510890201,0,0.13417820632457733,model::deberta_v3_base,DeBERTa-v3,42
7317,1,8.716488082427531e-05,0,0.13417820632457733,model::deberta_v3_base,DeBERTa-v3,42
20554,0,0.00014102179557085037,0,0.13417820632457733,model::deberta_v3_base,DeBERTa-v3,42
3513,0,0.000130471249576658,0,0.13417820632457733,model::deberta_v3_base,DeBERTa-v3,42
905,1,0.0001039370326907374,0,0.13417820632457733,model::deberta_v3_base,DeBERTa-v3,42
20667,0,0.00033911759965121746,0,0.13417820632457733,model::deberta_v3_base,DeBERTa-v3,42
9661,0,0.0023707253858447075,0,0.13417820632457733,model::deberta_v3_base,DeBERTa-v3,42
10254,1,0.00012394126679282635,0,0.13417820632457733,model::deberta_v3_base,DeBERTa-v3,42
8912,0,0.00015471380902454257,0,0.13417820632457733,model::deberta_v3_base,DeBERTa-v3,42
4089,0,0.00021626918169204146,0,0.13417820632457733,model::deberta_v3_base,DeBERTa-v3,42
17783,1,0.00012745401181746274,0,0.13417820632457733,model::deberta_v3_base,DeBERTa-v3,42
16845,1,0.00013458752073347569,0,0.13417820632457733,model::deberta_v3_base,DeBERTa-v3,42
17988,1,0.00013205544382799417,0,0.13417820632457733,model::deberta_v3_base,DeBERTa-v3,42
20016,0,6.536115688504651e-05,0,0.13417820632457733,model::deberta_v3_base,DeBERTa-v3,42
20641,1,9.868486813502386e-05,0,0.13417820632457733,model::deberta_v3_base,DeBERTa-v3,42
16492,1,0.00010201520490227267,0,0.13417820632457733,model::deberta_v3_base,DeBERTa-v3,42
5336,0,0.00013581821986008435,0,0.13417820632457733,model::deberta_v3_base,DeBERTa-v3,42
17733,1,0.00011451743921497837,0,0.13417820632457733,model::deberta_v3_base,DeBERTa-v3,42
14810,1,8.328117110067979e-05,0,0.13417820632457733,model::deberta_v3_base,DeBERTa-v3,42
9299,1,0.00011435311171226203,0,0.13417820632457733,model::deberta_v3_base,DeBERTa-v3,42
16433,0,0.00032877386547625065,0,0.13417820632457733,model::deberta_v3_base,DeBERTa-v3,42
1734,1,0.00011228366201976314,0,0.13417820632457733,model::deberta_v3_base,DeBERTa-v3,42
6052,0,0.00018063616880681366,0,0.13417820632457733,model::deberta_v3_base,DeBERTa-v3,42
5806,1,0.00011082591663580388,0,0.13417820632457733,model::deberta_v3_base,DeBERTa-v3,42
15588,0,8.147642074618489e-05,0,0.13417820632457733,model::deberta_v3_base,DeBERTa-v3,42
15626,1,0.00019553648598957807,0,0.13417820632457733,model::deberta_v3_base,DeBERTa-v3,42
9918,1,0.00010317971464246511,0,0.13417820632457733,model::deberta_v3_base,DeBERTa-v3,42
14579,0,0.0002444867859594524,0,0.13417820632457733,model::deberta_v3_base,DeBERTa-v3,42
16056,1,0.0001853243011282757,0,0.13417820632457733,model::deberta_v3_base,DeBERTa-v3,42
13238,0,0.00023174121452029794,0,0.13417820632457733,model::deberta_v3_base,DeBERTa-v3,42
11787,1,0.00017007580026984215,0,0.13417820632457733,model::deberta_v3_base,DeBERTa-v3,42
10176,1,9.479052823735401e-05,0,0.13417820632457733,model::deberta_v3_base,DeBERTa-v3,42
1360,0,0.0002476764202583581,0,0.13417820632457733,model::deberta_v3_base,DeBERTa-v3,42
3883,0,0.00014018360525369644,0,0.13417820632457733,model::deberta_v3_base,DeBERTa-v3,42
5387,0,0.00014250616368371993,0,0.13417820632457733,model::deberta_v3_base,DeBERTa-v3,42
20307,1,0.00010864456271519884,0,0.13417820632457733,model::deberta_v3_base,DeBERTa-v3,42
1963,0,0.00010919305350398645,0,0.13417820632457733,model::deberta_v3_base,DeBERTa-v3,42
16002,0,8.880214591044933e-05,0,0.13417820632457733,model::deberta_v3_base,DeBERTa-v3,42
19416,0,0.00010659168037818745,0,0.13417820632457733,model::deberta_v3_base,DeBERTa-v3,42
5518,0,0.00018827899475581944,0,0.13417820632457733,model::deberta_v3_base,DeBERTa-v3,42
17651,0,0.00016000420146156102,0,0.13417820632457733,model::deberta_v3_base,DeBERTa-v3,42
8179,0,0.00017708401719573885,0,0.13417820632457733,model::deberta_v3_base,DeBERTa-v3,42
10276,0,0.0004131922032684088,0,0.13417820632457733,model::deberta_v3_base,DeBERTa-v3,42
13812,0,0.00011584596359170973,0,0.13417820632457733,model::deberta_v3_base,DeBERTa-v3,42
12745,0,7.683832518523559e-05,0,0.13417820632457733,model::deberta_v3_base,DeBERTa-v3,42
11182,0,0.0002185527264373377,0,0.13417820632457733,model::deberta_v3_base,DeBERTa-v3,42
13950,0,0.00015688929124735296,0,0.13417820632457733,model::deberta_v3_base,DeBERTa-v3,42
16749,1,0.0001715586258796975,0,0.13417820632457733,model::deberta_v3_base,DeBERTa-v3,42
6368,0,0.00018324302800465375,0,0.13417820632457733,model::deberta_v3_base,DeBERTa-v3,42
9739,1,0.00010334978287573904,0,0.13417820632457733,model::deberta_v3_base,DeBERTa-v3,42
7749,0,0.0003139257605653256,0,0.13417820632457733,model::deberta_v3_base,DeBERTa-v3,42
20739,0,0.00010535811452427879,0,0.13417820632457733,model::deberta_v3_base,DeBERTa-v3,42
19228,1,0.00011052134505007416,0,0.13417820632457733,model::deberta_v3_base,DeBERTa-v3,42
2161,0,0.0001096437918022275,0,0.13417820632457733,model::deberta_v3_base,DeBERTa-v3,42
6302,0,0.000470419559860602,0,0.13417820632457733,model::deberta_v3_base,DeBERTa-v3,42
6784,1,0.00010384788038209081,0,0.13417820632457733,model::deberta_v3_base,DeBERTa-v3,42
20887,1,9.506045171292499e-05,0,0.13417820632457733,model::deberta_v3_base,DeBERTa-v3,42
5202,0,0.0006032386445440352,0,0.13417820632457733,model::deberta_v3_base,DeBERTa-v3,42
6877,1,0.0002080226840917021,0,0.13417820632457733,model::deberta_v3_base,DeBERTa-v3,42
11013,0,0.0005188501090742648,0,0.13417820632457733,model::deberta_v3_base,DeBERTa-v3,42
17333,1,8.539730333723128e-05,0,0.13417820632457733,model::deberta_v3_base,DeBERTa-v3,42
16463,0,0.0004070140130352229,0,0.13417820632457733,model::deberta_v3_base,DeBERTa-v3,42
12128,1,0.00013980221410747617,0,0.13417820632457733,model::deberta_v3_base,DeBERTa-v3,42
20941,0,0.00017051617032848299,0,0.13417820632457733,model::deberta_v3_base,DeBERTa-v3,42
5545,1,9.903065074468032e-05,0,0.13417820632457733,model::deberta_v3_base,DeBERTa-v3,42
16670,1,0.0001249211054528132,0,0.13417820632457733,model::deberta_v3_base,DeBERTa-v3,42
17613,1,0.00018542222096584737,0,0.13417820632457733,model::deberta_v3_base,DeBERTa-v3,42
3261,1,0.0002420162782073021,0,0.13417820632457733,model::deberta_v3_base,DeBERTa-v3,42
9418,0,0.0002855492348317057,0,0.13417820632457733,model::deberta_v3_base,DeBERTa-v3,42
7179,1,0.00012243421224411577,0,0.13417820632457733,model::deberta_v3_base,DeBERTa-v3,42
8831,0,7.382159674307331e-05,0,0.13417820632457733,model::deberta_v3_base,DeBERTa-v3,42
16949,1,0.00017688694060780108,0,0.13417820632457733,model::deberta_v3_base,DeBERTa-v3,42
1284,0,7.03993282513693e-05,0,0.13417820632457733,model::deberta_v3_base,DeBERTa-v3,42
12243,1,0.00011868798901559785,0,0.13417820632457733,model::deberta_v3_base,DeBERTa-v3,42
11706,1,0.00010962266969727352,0,0.13417820632457733,model::deberta_v3_base,DeBERTa-v3,42
20237,0,0.0014893208863213658,0,0.13417820632457733,model::deberta_v3_base,DeBERTa-v3,42
835,0,9.893069363897666e-05,0,0.13417820632457733,model::deberta_v3_base,DeBERTa-v3,42
16194,1,0.00012080447049811482,0,0.13417820632457733,model::deberta_v3_base,DeBERTa-v3,42
2330,1,9.434379899175838e-05,0,0.13417820632457733,model::deberta_v3_base,DeBERTa-v3,42
13622,1,0.00016440039325971156,0,0.13417820632457733,model::deberta_v3_base,DeBERTa-v3,42
18058,1,0.00010431871487526223,0,0.13417820632457733,model::deberta_v3_base,DeBERTa-v3,42
5015,0,0.00018487779016140848,0,0.13417820632457733,model::deberta_v3_base,DeBERTa-v3,42
10920,0,0.00031717930687591434,0,0.13417820632457733,model::deberta_v3_base,DeBERTa-v3,42
13464,0,0.00022815511329099536,0,0.13417820632457733,model::deberta_v3_base,DeBERTa-v3,42
20656,1,0.0016555341426283121,0,0.13417820632457733,model::deberta_v3_base,DeBERTa-v3,42
12789,0,0.00019593346223700792,0,0.13417820632457733,model::deberta_v3_base,DeBERTa-v3,42
19212,1,0.00022488801914732903,0,0.13417820632457733,model::deberta_v3_base,DeBERTa-v3,42
19282,1,0.00014496684889309108,0,0.13417820632457733,model::deberta_v3_base,DeBERTa-v3,42
288,0,9.358584065921605e-05,0,0.13417820632457733,model::deberta_v3_base,DeBERTa-v3,42
15250,0,8.8193264673464e-05,0,0.13417820632457733,model::deberta_v3_base,DeBERTa-v3,42
10506,0,9.726935240905732e-05,0,0.13417820632457733,model::deberta_v3_base,DeBERTa-v3,42
3269,1,0.00010737382399383932,0,0.13417820632457733,model::deberta_v3_base,DeBERTa-v3,42
2241,1,0.0001484985405113548,0,0.13417820632457733,model::deberta_v3_base,DeBERTa-v3,42
12807,1,0.0001394944847561419,0,0.13417820632457733,model::deberta_v3_base,DeBERTa-v3,42
21086,0,0.00011746937525458634,0,0.13417820632457733,model::deberta_v3_base,DeBERTa-v3,42
20188,0,0.00042793198372237384,0,0.13417820632457733,model::deberta_v3_base,DeBERTa-v3,42
11548,0,7.1363800088875e-05,0,0.13417820632457733,model::deberta_v3_base,DeBERTa-v3,42
12955,1,8.745895320316777e-05,0,0.13417820632457733,model::deberta_v3_base,DeBERTa-v3,42
10288,1,0.00012189460539957508,0,0.13417820632457733,model::deberta_v3_base,DeBERTa-v3,42
6633,1,9.918573778122663e-05,0,0.13417820632457733,model::deberta_v3_base,DeBERTa-v3,42
13995,0,5.989267083350569e-05,0,0.13417820632457733,model::deberta_v3_base,DeBERTa-v3,42
14659,1,0.00014116684906184673,0,0.13417820632457733,model::deberta_v3_base,DeBERTa-v3,42
3708,1,0.00014620579895563424,0,0.13417820632457733,model::deberta_v3_base,DeBERTa-v3,42
14245,0,0.00018608856771606952,0,0.13417820632457733,model::deberta_v3_base,DeBERTa-v3,42
10751,0,9.190848504658788e-05,0,0.13417820632457733,model::deberta_v3_base,DeBERTa-v3,42
20867,1,0.00022230888134799898,0,0.13417820632457733,model::deberta_v3_base,DeBERTa-v3,42
16297,1,0.00010629701864672825,0,0.13417820632457733,model::deberta_v3_base,DeBERTa-v3,42
19176,0,0.00023327681992668658,0,0.13417820632457733,model::deberta_v3_base,DeBERTa-v3,42
10463,1,0.0001106862910091877,0,0.13417820632457733,model::deberta_v3_base,DeBERTa-v3,42
5943,0,0.00012535066343843937,0,0.13417820632457733,model::deberta_v3_base,DeBERTa-v3,42
6274,0,0.00060331478016451,0,0.13417820632457733,model::deberta_v3_base,DeBERTa-v3,42
7012,1,0.00013819306332152337,0,0.13417820632457733,model::deberta_v3_base,DeBERTa-v3,42
2528,0,7.409870158880949e-05,0,0.13417820632457733,model::deberta_v3_base,DeBERTa-v3,42
5244,1,0.00011128106416435912,0,0.13417820632457733,model::deberta_v3_base,DeBERTa-v3,42
3228,1,0.00012571312254294753,0,0.13417820632457733,model::deberta_v3_base,DeBERTa-v3,42
13679,1,0.00012168463581474498,0,0.13417820632457733,model::deberta_v3_base,DeBERTa-v3,42
2353,0,6.480672891484573e-05,0,0.13417820632457733,model::deberta_v3_base,DeBERTa-v3,42
17868,0,0.00011867338616866618,0,0.13417820632457733,model::deberta_v3_base,DeBERTa-v3,42
10911,0,0.0001354785345029086,0,0.13417820632457733,model::deberta_v3_base,DeBERTa-v3,42
17795,0,0.00023415479518007487,0,0.13417820632457733,model::deberta_v3_base,DeBERTa-v3,42
4064,0,0.00016286618483718485,0,0.13417820632457733,model::deberta_v3_base,DeBERTa-v3,42
11220,1,0.00017073971685022116,0,0.13417820632457733,model::deberta_v3_base,DeBERTa-v3,42
6330,0,7.381483737844974e-05,0,0.13417820632457733,model::deberta_v3_base,DeBERTa-v3,42
3160,1,0.0001476516481488943,0,0.13417820632457733,model::deberta_v3_base,DeBERTa-v3,42
9211,0,5.5801741837058216e-05,0,0.13417820632457733,model::deberta_v3_base,DeBERTa-v3,42
13829,1,7.935681787785143e-05,0,0.13417820632457733,model::deberta_v3_base,DeBERTa-v3,42
20040,0,8.819713548291475e-05,0,0.13417820632457733,model::deberta_v3_base,DeBERTa-v3,42
8151,0,0.00022221416293177754,0,0.13417820632457733,model::deberta_v3_base,DeBERTa-v3,42
19258,1,0.00016398394654970616,0,0.13417820632457733,model::deberta_v3_base,DeBERTa-v3,42
18899,0,7.782448665238917e-05,0,0.13417820632457733,model::deberta_v3_base,DeBERTa-v3,42
21008,0,8.879824599716812e-05,0,0.13417820632457733,model::deberta_v3_base,DeBERTa-v3,42
17324,1,0.0002062202402157709,0,0.13417820632457733,model::deberta_v3_base,DeBERTa-v3,42
944,1,0.00014709404786117375,0,0.13417820632457733,model::deberta_v3_base,DeBERTa-v3,42
8278,0,0.00010113177995663136,0,0.13417820632457733,model::deberta_v3_base,DeBERTa-v3,42
17555,1,0.00011324269144097343,0,0.13417820632457733,model::deberta_v3_base,DeBERTa-v3,42
3857,1,0.00011878343502758071,0,0.13417820632457733,model::deberta_v3_base,DeBERTa-v3,42
12737,1,7.882540376158431e-05,0,0.13417820632457733,model::deberta_v3_base,DeBERTa-v3,42
15545,0,8.990907372208312e-05,0,0.13417820632457733,model::deberta_v3_base,DeBERTa-v3,42
8693,1,0.0001379768509650603,0,0.13417820632457733,model::deberta_v3_base,DeBERTa-v3,42
2521,1,0.0001866351522039622,0,0.13417820632457733,model::deberta_v3_base,DeBERTa-v3,42
5398,1,0.0001758267026161775,0,0.13417820632457733,model::deberta_v3_base,DeBERTa-v3,42
14372,1,0.00013626222789753228,0,0.13417820632457733,model::deberta_v3_base,DeBERTa-v3,42
14629,0,0.00015786696167197078,0,0.13417820632457733,model::deberta_v3_base,DeBERTa-v3,42
5149,0,0.0010324198519811034,0,0.13417820632457733,model::deberta_v3_base,DeBERTa-v3,42
1411,1,0.00010319339344277978,0,0.13417820632457733,model::deberta_v3_base,DeBERTa-v3,42
20931,1,0.00012516517017502338,0,0.13417820632457733,model::deberta_v3_base,DeBERTa-v3,42
7180,0,0.00017395235772710294,0,0.13417820632457733,model::deberta_v3_base,DeBERTa-v3,42
2091,0,0.00027433535433374345,0,0.13417820632457733,model::deberta_v3_base,DeBERTa-v3,42
2141,1,0.00012029260687995702,0,0.13417820632457733,model::deberta_v3_base,DeBERTa-v3,42
6695,0,0.00012728529691230506,0,0.13417820632457733,model::deberta_v3_base,DeBERTa-v3,42
7950,0,8.712964336154982e-05,0,0.13417820632457733,model::deberta_v3_base,DeBERTa-v3,42
17601,1,0.00012669195712078363,0,0.13417820632457733,model::deberta_v3_base,DeBERTa-v3,42
14362,0,0.00010806068166857585,0,0.13417820632457733,model::deberta_v3_base,DeBERTa-v3,42
9196,1,0.00012054545368300751,0,0.13417820632457733,model::deberta_v3_base,DeBERTa-v3,42
18311,1,0.0001439382031094283,0,0.13417820632457733,model::deberta_v3_base,DeBERTa-v3,42
18325,0,0.00011025419371435419,0,0.13417820632457733,model::deberta_v3_base,DeBERTa-v3,42
2602,0,0.00033989004441536963,0,0.13417820632457733,model::deberta_v3_base,DeBERTa-v3,42
17256,0,7.169564923970029e-05,0,0.13417820632457733,model::deberta_v3_base,DeBERTa-v3,42
2691,1,0.00015640893252566457,0,0.13417820632457733,model::deberta_v3_base,DeBERTa-v3,42
19058,0,7.213110802695155e-05,0,0.13417820632457733,model::deberta_v3_base,DeBERTa-v3,42
9185,1,0.00015336221258621663,0,0.13417820632457733,model::deberta_v3_base,DeBERTa-v3,42
20745,0,0.00010785221820697188,0,0.13417820632457733,model::deberta_v3_base,DeBERTa-v3,42
9544,0,0.00016135828627739102,0,0.13417820632457733,model::deberta_v3_base,DeBERTa-v3,42
11431,1,9.017224510898814e-05,0,0.13417820632457733,model::deberta_v3_base,DeBERTa-v3,42
11528,0,0.00018913672829512507,0,0.13417820632457733,model::deberta_v3_base,DeBERTa-v3,42
12441,0,0.0003059428127016872,0,0.13417820632457733,model::deberta_v3_base,DeBERTa-v3,42
11925,0,0.0001334597181994468,0,0.13417820632457733,model::deberta_v3_base,DeBERTa-v3,42
2900,0,0.0008897887310013175,0,0.13417820632457733,model::deberta_v3_base,DeBERTa-v3,42
16701,1,7.862376514822245e-05,0,0.13417820632457733,model::deberta_v3_base,DeBERTa-v3,42
5660,0,0.0001185753135359846,0,0.13417820632457733,model::deberta_v3_base,DeBERTa-v3,42
346,1,8.97795325727202e-05,0,0.13417820632457733,model::deberta_v3_base,DeBERTa-v3,42
13438,1,0.00011673832341330126,0,0.13417820632457733,model::deberta_v3_base,DeBERTa-v3,42
1650,0,8.810416329652071e-05,0,0.13417820632457733,model::deberta_v3_base,DeBERTa-v3,42
7861,0,7.205548899946734e-05,0,0.13417820632457733,model::deberta_v3_base,DeBERTa-v3,42
21098,0,7.881352939875796e-05,0,0.13417820632457733,model::deberta_v3_base,DeBERTa-v3,42
3888,1,0.00015124717901926488,0,0.13417820632457733,model::deberta_v3_base,DeBERTa-v3,42
19944,0,0.00014309232938103378,0,0.13417820632457733,model::deberta_v3_base,DeBERTa-v3,42
6096,1,0.0001340203161817044,0,0.13417820632457733,model::deberta_v3_base,DeBERTa-v3,42
12443,1,0.0001418336178176105,0,0.13417820632457733,model::deberta_v3_base,DeBERTa-v3,42
18921,0,6.922394095454365e-05,0,0.13417820632457733,model::deberta_v3_base,DeBERTa-v3,42
19057,1,0.00022027152590453625,0,0.13417820632457733,model::deberta_v3_base,DeBERTa-v3,42
10696,0,0.00016710962518118322,0,0.13417820632457733,model::deberta_v3_base,DeBERTa-v3,42
1091,0,0.00014210640802048147,0,0.13417820632457733,model::deberta_v3_base,DeBERTa-v3,42
10496,1,0.00011926853039767593,0,0.13417820632457733,model::deberta_v3_base,DeBERTa-v3,42
5579,1,0.00019514797895681113,0,0.13417820632457733,model::deberta_v3_base,DeBERTa-v3,42
348,0,0.0002559763961471617,0,0.13417820632457733,model::deberta_v3_base,DeBERTa-v3,42
7791,0,0.00021320463565643877,0,0.13417820632457733,model::deberta_v3_base,DeBERTa-v3,42
6921,0,8.683386113261804e-05,0,0.13417820632457733,model::deberta_v3_base,DeBERTa-v3,42
5961,0,0.0006212882581166923,0,0.13417820632457733,model::deberta_v3_base,DeBERTa-v3,42
423,0,9.294629126088694e-05,0,0.13417820632457733,model::deberta_v3_base,DeBERTa-v3,42
5252,1,0.00016745191533118486,0,0.13417820632457733,model::deberta_v3_base,DeBERTa-v3,42
6483,1,0.00010587235738057643,0,0.13417820632457733,model::deberta_v3_base,DeBERTa-v3,42
9998,0,0.00013054354349151254,0,0.13417820632457733,model::deberta_v3_base,DeBERTa-v3,42
11973,1,0.000123052072012797,0,0.13417820632457733,model::deberta_v3_base,DeBERTa-v3,42
10073,0,0.00015127226652111858,0,0.13417820632457733,model::deberta_v3_base,DeBERTa-v3,42
16291,1,0.00010198816744377837,0,0.13417820632457733,model::deberta_v3_base,DeBERTa-v3,42
15117,0,6.424378079827875e-05,0,0.13417820632457733,model::deberta_v3_base,DeBERTa-v3,42
6412,1,0.00012617354514077306,0,0.13417820632457733,model::deberta_v3_base,DeBERTa-v3,42
14392,0,0.00019772537052631378,0,0.13417820632457733,model::deberta_v3_base,DeBERTa-v3,42
13991,1,0.00023846847761888057,0,0.13417820632457733,model::deberta_v3_base,DeBERTa-v3,42
5799,0,0.0002081242564599961,0,0.13417820632457733,model::deberta_v3_base,DeBERTa-v3,42
14778,1,0.0001288850326091051,0,0.13417820632457733,model::deberta_v3_base,DeBERTa-v3,42
15503,0,0.0004286250041332096,0,0.13417820632457733,model::deberta_v3_base,DeBERTa-v3,42
13030,1,7.838083547540009e-05,0,0.13417820632457733,model::deberta_v3_base,DeBERTa-v3,42
5198,1,0.00013858576130587608,0,0.13417820632457733,model::deberta_v3_base,DeBERTa-v3,42
6892,1,0.00011278501187916845,0,0.13417820632457733,model::deberta_v3_base,DeBERTa-v3,42
3729,0,0.0006877223495393991,0,0.13417820632457733,model::deberta_v3_base,DeBERTa-v3,42
8235,1,0.00010344275506213307,0,0.13417820632457733,model::deberta_v3_base,DeBERTa-v3,42
21073,0,0.00033374998020008206,0,0.13417820632457733,model::deberta_v3_base,DeBERTa-v3,42
19901,0,0.00014809919230174273,0,0.13417820632457733,model::deberta_v3_base,DeBERTa-v3,42
16269,0,0.00036845949944108725,0,0.13417820632457733,model::deberta_v3_base,DeBERTa-v3,42
415,0,0.00013804581249132752,0,0.13417820632457733,model::deberta_v3_base,DeBERTa-v3,42
619,1,8.848051948007196e-05,0,0.13417820632457733,model::deberta_v3_base,DeBERTa-v3,42
9421,1,0.00015387695748358965,0,0.13417820632457733,model::deberta_v3_base,DeBERTa-v3,42
1992,1,8.140870340866968e-05,0,0.13417820632457733,model::deberta_v3_base,DeBERTa-v3,42
9633,0,0.0002792671148199588,0,0.13417820632457733,model::deberta_v3_base,DeBERTa-v3,42
790,0,0.0001987176074180752,0,0.13417820632457733,model::deberta_v3_base,DeBERTa-v3,42
7410,1,0.0002330212009837851,0,0.13417820632457733,model::deberta_v3_base,DeBERTa-v3,42
5427,0,8.307400275953114e-05,0,0.13417820632457733,model::deberta_v3_base,DeBERTa-v3,42
12704,0,8.183001045836136e-05,0,0.13417820632457733,model::deberta_v3_base,DeBERTa-v3,42
7225,1,0.00018808073946274817,0,0.13417820632457733,model::deberta_v3_base,DeBERTa-v3,42
3310,0,0.00017972254136111587,0,0.13417820632457733,model::deberta_v3_base,DeBERTa-v3,42
11385,0,0.0001294185349252075,0,0.13417820632457733,model::deberta_v3_base,DeBERTa-v3,42
490,1,9.782065899344161e-05,0,0.13417820632457733,model::deberta_v3_base,DeBERTa-v3,42
1730,1,0.00017109126201830804,0,0.13417820632457733,model::deberta_v3_base,DeBERTa-v3,42
20113,1,0.00010838432353921235,0,0.13417820632457733,model::deberta_v3_base,DeBERTa-v3,42
13770,0,8.168639033101499e-05,0,0.13417820632457733,model::deberta_v3_base,DeBERTa-v3,42
12039,1,0.000158851602463983,0,0.13417820632457733,model::deberta_v3_base,DeBERTa-v3,42
8972,0,6.661486986558884e-05,0,0.13417820632457733,model::deberta_v3_base,DeBERTa-v3,42
5955,0,6.847136683063582e-05,0,0.13417820632457733,model::deberta_v3_base,DeBERTa-v3,42
18914,1,0.0001873401051852852,0,0.13417820632457733,model::deberta_v3_base,DeBERTa-v3,42
13109,1,0.0001168774178950116,0,0.13417820632457733,model::deberta_v3_base,DeBERTa-v3,42
14314,0,0.00011531277414178476,0,0.13417820632457733,model::deberta_v3_base,DeBERTa-v3,42
487,1,0.00010672268399503082,0,0.13417820632457733,model::deberta_v3_base,DeBERTa-v3,42
613,0,0.00015272916061803699,0,0.13417820632457733,model::deberta_v3_base,DeBERTa-v3,42
18712,0,6.635105819441378e-05,0,0.13417820632457733,model::deberta_v3_base,DeBERTa-v3,42
20055,0,0.00032531144097447395,0,0.13417820632457733,model::deberta_v3_base,DeBERTa-v3,42
18631,0,0.0001806878426577896,0,0.13417820632457733,model::deberta_v3_base,DeBERTa-v3,42
4749,1,9.437095286557451e-05,0,0.13417820632457733,model::deberta_v3_base,DeBERTa-v3,42
13940,0,0.00014555122470483184,0,0.13417820632457733,model::deberta_v3_base,DeBERTa-v3,42
18683,0,0.00027630594559013844,0,0.13417820632457733,model::deberta_v3_base,DeBERTa-v3,42
7674,1,0.00017302697233390063,0,0.13417820632457733,model::deberta_v3_base,DeBERTa-v3,42
13468,0,0.00014113655197434127,0,0.13417820632457733,model::deberta_v3_base,DeBERTa-v3,42
1488,1,0.00011481562250992283,0,0.13417820632457733,model::deberta_v3_base,DeBERTa-v3,42
17143,0,6.242684321478009e-05,0,0.13417820632457733,model::deberta_v3_base,DeBERTa-v3,42
8932,1,0.00010672909411368892,0,0.13417820632457733,model::deberta_v3_base,DeBERTa-v3,42
10240,1,0.00012414446973707527,0,0.13417820632457733,model::deberta_v3_base,DeBERTa-v3,42
5794,0,0.00011979580449406058,0,0.13417820632457733,model::deberta_v3_base,DeBERTa-v3,42
429,1,0.00026993275969289243,0,0.13417820632457733,model::deberta_v3_base,DeBERTa-v3,42
14203,1,0.000133444438688457,0,0.13417820632457733,model::deberta_v3_base,DeBERTa-v3,42
1602,0,0.000252065306995064,0,0.13417820632457733,model::deberta_v3_base,DeBERTa-v3,42
10137,1,9.85398655757308e-05,0,0.13417820632457733,model::deberta_v3_base,DeBERTa-v3,42
21093,1,0.00032932317117229104,0,0.13417820632457733,model::deberta_v3_base,DeBERTa-v3,42
20550,0,0.00019666134903673083,0,0.13417820632457733,model::deberta_v3_base,DeBERTa-v3,42
16419,1,0.0001248711923835799,0,0.13417820632457733,model::deberta_v3_base,DeBERTa-v3,42
3435,0,0.00010821308387676254,0,0.13417820632457733,model::deberta_v3_base,DeBERTa-v3,42
19747,0,0.00011020383681170642,0,0.13417820632457733,model::deberta_v3_base,DeBERTa-v3,42
896,0,8.762457582633942e-05,0,0.13417820632457733,model::deberta_v3_base,DeBERTa-v3,42
1158,0,0.00010918867337750271,0,0.13417820632457733,model::deberta_v3_base,DeBERTa-v3,42
3961,0,7.997261127457023e-05,0,0.13417820632457733,model::deberta_v3_base,DeBERTa-v3,42
5649,1,0.00018268839630763978,0,0.13417820632457733,model::deberta_v3_base,DeBERTa-v3,42
19197,0,0.0002064358559437096,0,0.13417820632457733,model::deberta_v3_base,DeBERTa-v3,42
634,0,0.00013900638441555202,0,0.13417820632457733,model::deberta_v3_base,DeBERTa-v3,42
15856,1,0.00013320580183062702,0,0.13417820632457733,model::deberta_v3_base,DeBERTa-v3,42
11681,1,0.0001755389093887061,0,0.13417820632457733,model::deberta_v3_base,DeBERTa-v3,42
18629,1,8.009304292500019e-05,0,0.13417820632457733,model::deberta_v3_base,DeBERTa-v3,42
908,1,0.00013221737754065543,0,0.13417820632457733,model::deberta_v3_base,DeBERTa-v3,42
10067,0,7.221852138172835e-05,0,0.13417820632457733,model::deberta_v3_base,DeBERTa-v3,42
18318,1,0.0001000088668661192,0,0.13417820632457733,model::deberta_v3_base,DeBERTa-v3,42
8724,1,0.0001483411469962448,0,0.13417820632457733,model::deberta_v3_base,DeBERTa-v3,42
17763,0,0.00026395355234853923,0,0.13417820632457733,model::deberta_v3_base,DeBERTa-v3,42
10931,0,6.559436587849632e-05,0,0.13417820632457733,model::deberta_v3_base,DeBERTa-v3,42
5300,1,9.287569264415652e-05,0,0.13417820632457733,model::deberta_v3_base,DeBERTa-v3,42
14296,0,0.00029323663329705596,0,0.13417820632457733,model::deberta_v3_base,DeBERTa-v3,42
6517,0,0.0001894793240353465,0,0.13417820632457733,model::deberta_v3_base,DeBERTa-v3,42
9698,0,6.791646592319012e-05,0,0.13417820632457733,model::deberta_v3_base,DeBERTa-v3,42
3299,1,0.0001296336849918589,0,0.13417820632457733,model::deberta_v3_base,DeBERTa-v3,42
15057,0,0.00011468726734165102,0,0.13417820632457733,model::deberta_v3_base,DeBERTa-v3,42
18724,1,0.00011407287820475176,0,0.13417820632457733,model::deberta_v3_base,DeBERTa-v3,42
4523,0,0.0001356230495730415,0,0.13417820632457733,model::deberta_v3_base,DeBERTa-v3,42
15341,1,0.00010010981350205839,0,0.13417820632457733,model::deberta_v3_base,DeBERTa-v3,42
20812,0,0.0005802896921522915,0,0.13417820632457733,model::deberta_v3_base,DeBERTa-v3,42
10438,1,0.00012117758888052776,0,0.13417820632457733,model::deberta_v3_base,DeBERTa-v3,42
4214,0,0.00012539380986709148,0,0.13417820632457733,model::deberta_v3_base,DeBERTa-v3,42
17013,0,0.00012971974501851946,0,0.13417820632457733,model::deberta_v3_base,DeBERTa-v3,42
6937,1,0.00016783043975010514,0,0.13417820632457733,model::deberta_v3_base,DeBERTa-v3,42
1126,0,0.00025076468591578305,0,0.13417820632457733,model::deberta_v3_base,DeBERTa-v3,42
10572,0,6.817204848630354e-05,0,0.13417820632457733,model::deberta_v3_base,DeBERTa-v3,42
10926,1,0.00015553575940430164,0,0.13417820632457733,model::deberta_v3_base,DeBERTa-v3,42
6536,1,9.687658894108608e-05,0,0.13417820632457733,model::deberta_v3_base,DeBERTa-v3,42
18459,0,0.000414791313232854,0,0.13417820632457733,model::deberta_v3_base,DeBERTa-v3,42
11808,0,0.0001553814363433048,0,0.13417820632457733,model::deberta_v3_base,DeBERTa-v3,42
11380,0,6.0202000895515084e-05,0,0.13417820632457733,model::deberta_v3_base,DeBERTa-v3,42
808,1,0.00013433686399366707,0,0.13417820632457733,model::deberta_v3_base,DeBERTa-v3,42
128,0,0.00010054501763079315,0,0.13417820632457733,model::deberta_v3_base,DeBERTa-v3,42
2751,0,0.00018281386292073876,0,0.13417820632457733,model::deberta_v3_base,DeBERTa-v3,42
12590,1,0.00015467897173948586,0,0.13417820632457733,model::deberta_v3_base,DeBERTa-v3,42
14014,0,0.0005911855259910226,0,0.13417820632457733,model::deberta_v3_base,DeBERTa-v3,42
18569,0,0.0002555927785579115,0,0.13417820632457733,model::deberta_v3_base,DeBERTa-v3,42
3436,1,0.0001684296876192093,0,0.13417820632457733,model::deberta_v3_base,DeBERTa-v3,42
3401,0,0.00010410467075416818,0,0.13417820632457733,model::deberta_v3_base,DeBERTa-v3,42
15971,0,8.908084419090301e-05,0,0.13417820632457733,model::deberta_v3_base,DeBERTa-v3,42
9490,0,0.0001504699612269178,0,0.13417820632457733,model::deberta_v3_base,DeBERTa-v3,42
20368,0,0.00018578750314190984,0,0.13417820632457733,model::deberta_v3_base,DeBERTa-v3,42
6327,1,0.00011529572657309473,0,0.13417820632457733,model::deberta_v3_base,DeBERTa-v3,42
14955,0,0.00014333418221212924,0,0.13417820632457733,model::deberta_v3_base,DeBERTa-v3,42
4579,1,0.00010904311056947336,0,0.13417820632457733,model::deberta_v3_base,DeBERTa-v3,42
982,1,0.000125170307001099,0,0.13417820632457733,model::deberta_v3_base,DeBERTa-v3,42
8426,1,0.0001136590726673603,0,0.13417820632457733,model::deberta_v3_base,DeBERTa-v3,42
6009,1,8.733876893529668e-05,0,0.13417820632457733,model::deberta_v3_base,DeBERTa-v3,42
334,0,0.00013823008339386433,0,0.13417820632457733,model::deberta_v3_base,DeBERTa-v3,42
19831,1,0.00013595203927252442,0,0.13417820632457733,model::deberta_v3_base,DeBERTa-v3,42
6688,1,0.00015909565263427794,0,0.13417820632457733,model::deberta_v3_base,DeBERTa-v3,42
2448,0,0.0002810918085742742,0,0.13417820632457733,model::deberta_v3_base,DeBERTa-v3,42
17841,1,0.00014388990530278534,0,0.13417820632457733,model::deberta_v3_base,DeBERTa-v3,42
16629,0,0.000299946463201195,0,0.13417820632457733,model::deberta_v3_base,DeBERTa-v3,42
5068,1,0.0002011299366131425,0,0.13417820632457733,model::deberta_v3_base,DeBERTa-v3,42
5234,1,0.00011696194997057319,0,0.13417820632457733,model::deberta_v3_base,DeBERTa-v3,42
13878,1,9.494947880739346e-05,0,0.13417820632457733,model::deberta_v3_base,DeBERTa-v3,42
14440,1,8.527637692168355e-05,0,0.13417820632457733,model::deberta_v3_base,DeBERTa-v3,42
10785,1,0.00024326462880708277,0,0.13417820632457733,model::deberta_v3_base,DeBERTa-v3,42
5471,0,0.00013372085231821984,0,0.13417820632457733,model::deberta_v3_base,DeBERTa-v3,42
13068,0,9.64367573033087e-05,0,0.13417820632457733,model::deberta_v3_base,DeBERTa-v3,42
11483,1,0.00028292497154325247,0,0.13417820632457733,model::deberta_v3_base,DeBERTa-v3,42
8732,0,0.00015805716975592077,0,0.13417820632457733,model::deberta_v3_base,DeBERTa-v3,42
19263,1,0.0001287349296035245,0,0.13417820632457733,model::deberta_v3_base,DeBERTa-v3,42
9360,0,0.00022310642816592008,0,0.13417820632457733,model::deberta_v3_base,DeBERTa-v3,42
14206,1,0.0001144707202911377,0,0.13417820632457733,model::deberta_v3_base,DeBERTa-v3,42
688,0,0.0005494255456142128,0,0.13417820632457733,model::deberta_v3_base,DeBERTa-v3,42
4075,0,0.00021783749980386347,0,0.13417820632457733,model::deberta_v3_base,DeBERTa-v3,42
11274,0,0.00011029163579223678,0,0.13417820632457733,model::deberta_v3_base,DeBERTa-v3,42
13925,1,0.00013789122749585658,0,0.13417820632457733,model::deberta_v3_base,DeBERTa-v3,42
7279,0,0.00014446552086155862,0,0.13417820632457733,model::deberta_v3_base,DeBERTa-v3,42
15247,0,0.00016238965326920152,0,0.13417820632457733,model::deberta_v3_base,DeBERTa-v3,42
7024,0,0.00025819000438787043,0,0.13417820632457733,model::deberta_v3_base,DeBERTa-v3,42
7278,1,9.37812146730721e-05,0,0.13417820632457733,model::deberta_v3_base,DeBERTa-v3,42
17680,1,0.00022496801102533937,0,0.13417820632457733,model::deberta_v3_base,DeBERTa-v3,42
6777,1,0.00018981167522724718,0,0.13417820632457733,model::deberta_v3_base,DeBERTa-v3,42
13849,0,0.0005103469593450427,0,0.13417820632457733,model::deberta_v3_base,DeBERTa-v3,42
3985,1,0.0001028978222166188,0,0.13417820632457733,model::deberta_v3_base,DeBERTa-v3,42
6058,1,0.00023946711735334247,0,0.13417820632457733,model::deberta_v3_base,DeBERTa-v3,42
1079,0,9.254027099814266e-05,0,0.13417820632457733,model::deberta_v3_base,DeBERTa-v3,42
19594,0,0.00011028353765141219,0,0.13417820632457733,model::deberta_v3_base,DeBERTa-v3,42
850,0,0.0003030594962183386,0,0.13417820632457733,model::deberta_v3_base,DeBERTa-v3,42
4983,0,9.7281503258273e-05,0,0.13417820632457733,model::deberta_v3_base,DeBERTa-v3,42
174,1,0.0001510938018327579,0,0.13417820632457733,model::deberta_v3_base,DeBERTa-v3,42
20094,0,7.973427273100242e-05,0,0.13417820632457733,model::deberta_v3_base,DeBERTa-v3,42
20213,1,0.00015208768309094012,0,0.13417820632457733,model::deberta_v3_base,DeBERTa-v3,42
8534,0,0.00034908248926512897,0,0.13417820632457733,model::deberta_v3_base,DeBERTa-v3,42
11858,0,0.00010083469533128664,0,0.13417820632457733,model::deberta_v3_base,DeBERTa-v3,42
367,1,0.00017715497233439237,0,0.13417820632457733,model::deberta_v3_base,DeBERTa-v3,42
7143,0,0.0005384016549214721,0,0.13417820632457733,model::deberta_v3_base,DeBERTa-v3,42
10376,0,0.00019196540233679116,0,0.13417820632457733,model::deberta_v3_base,DeBERTa-v3,42
8199,0,0.0003043749602511525,0,0.13417820632457733,model::deberta_v3_base,DeBERTa-v3,42
20114,0,0.0001735836995067075,0,0.13417820632457733,model::deberta_v3_base,DeBERTa-v3,42
11262,0,9.127482189796865e-05,0,0.13417820632457733,model::deberta_v3_base,DeBERTa-v3,42
9563,1,0.00016088326810859144,0,0.13417820632457733,model::deberta_v3_base,DeBERTa-v3,42
12761,1,0.00012163059000158682,0,0.13417820632457733,model::deberta_v3_base,DeBERTa-v3,42
17570,1,9.17648576432839e-05,0,0.13417820632457733,model::deberta_v3_base,DeBERTa-v3,42
16713,0,0.00013727162149734795,0,0.13417820632457733,model::deberta_v3_base,DeBERTa-v3,42
5713,1,7.992640894372016e-05,0,0.13417820632457733,model::deberta_v3_base,DeBERTa-v3,42
5414,0,0.00013967255654279143,0,0.13417820632457733,model::deberta_v3_base,DeBERTa-v3,42
18494,1,0.00010549997386988252,0,0.13417820632457733,model::deberta_v3_base,DeBERTa-v3,42
1935,1,8.257586159743369e-05,0,0.13417820632457733,model::deberta_v3_base,DeBERTa-v3,42
16113,1,0.000134375412017107,0,0.13417820632457733,model::deberta_v3_base,DeBERTa-v3,42
1441,0,0.7453389763832092,1,0.13417820632457733,model::deberta_v3_base,DeBERTa-v3,42
1228,0,0.00041784756467677653,0,0.13417820632457733,model::deberta_v3_base,DeBERTa-v3,42
19144,1,0.00021329408627934754,0,0.13417820632457733,model::deberta_v3_base,DeBERTa-v3,42
4712,1,0.00014952284982427955,0,0.13417820632457733,model::deberta_v3_base,DeBERTa-v3,42
11466,0,0.00018523864855524153,0,0.13417820632457733,model::deberta_v3_base,DeBERTa-v3,42
17459,0,9.719462832435966e-05,0,0.13417820632457733,model::deberta_v3_base,DeBERTa-v3,42
8967,0,0.00016484381922055036,0,0.13417820632457733,model::deberta_v3_base,DeBERTa-v3,42
14341,0,0.00013401023170445114,0,0.13417820632457733,model::deberta_v3_base,DeBERTa-v3,42
3632,0,0.0001789144880603999,0,0.13417820632457733,model::deberta_v3_base,DeBERTa-v3,42
3480,1,7.597624062327668e-05,0,0.13417820632457733,model::deberta_v3_base,DeBERTa-v3,42
6585,1,0.00015861564315855503,0,0.13417820632457733,model::deberta_v3_base,DeBERTa-v3,42
6008,0,0.0003472693497315049,0,0.13417820632457733,model::deberta_v3_base,DeBERTa-v3,42
1254,0,9.583738574292511e-05,0,0.13417820632457733,model::deberta_v3_base,DeBERTa-v3,42
17474,0,0.00011652510875137523,0,0.13417820632457733,model::deberta_v3_base,DeBERTa-v3,42
1177,1,0.00015441153664141893,0,0.13417820632457733,model::deberta_v3_base,DeBERTa-v3,42
11781,1,0.00038449966814368963,0,0.13417820632457733,model::deberta_v3_base,DeBERTa-v3,42
2146,1,0.00016130984295159578,0,0.13417820632457733,model::deberta_v3_base,DeBERTa-v3,42
18172,1,0.00014171873044688255,0,0.13417820632457733,model::deberta_v3_base,DeBERTa-v3,42
7548,0,6.787185702705756e-05,0,0.13417820632457733,model::deberta_v3_base,DeBERTa-v3,42
764,0,8.933647768571973e-05,0,0.13417820632457733,model::deberta_v3_base,DeBERTa-v3,42
14320,1,0.00011757585889426991,0,0.13417820632457733,model::deberta_v3_base,DeBERTa-v3,42
15706,1,0.00011616531264735386,0,0.13417820632457733,model::deberta_v3_base,DeBERTa-v3,42
780,0,7.89329715189524e-05,0,0.13417820632457733,model::deberta_v3_base,DeBERTa-v3,42
3599,1,0.00018035444372799248,0,0.13417820632457733,model::deberta_v3_base,DeBERTa-v3,42
6337,0,8.356382022611797e-05,0,0.13417820632457733,model::deberta_v3_base,DeBERTa-v3,42
8245,0,6.96259448886849e-05,0,0.13417820632457733,model::deberta_v3_base,DeBERTa-v3,42
4228,1,0.0001551275490783155,0,0.13417820632457733,model::deberta_v3_base,DeBERTa-v3,42
11837,0,6.507692887680605e-05,0,0.13417820632457733,model::deberta_v3_base,DeBERTa-v3,42
3082,1,8.348020492121577e-05,0,0.13417820632457733,model::deberta_v3_base,DeBERTa-v3,42
13788,1,0.00012650895223487169,0,0.13417820632457733,model::deberta_v3_base,DeBERTa-v3,42
18100,0,6.628074334003031e-05,0,0.13417820632457733,model::deberta_v3_base,DeBERTa-v3,42
3378,0,9.526990470476449e-05,0,0.13417820632457733,model::deberta_v3_base,DeBERTa-v3,42
15236,1,0.00010343368194298819,0,0.13417820632457733,model::deberta_v3_base,DeBERTa-v3,42
6983,1,0.00017676435527391732,0,0.13417820632457733,model::deberta_v3_base,DeBERTa-v3,42
2555,1,0.00011071416520280764,0,0.13417820632457733,model::deberta_v3_base,DeBERTa-v3,42
12868,0,0.00010791302338475361,0,0.13417820632457733,model::deberta_v3_base,DeBERTa-v3,42
13479,1,0.00014239382289815694,0,0.13417820632457733,model::deberta_v3_base,DeBERTa-v3,42
14049,0,7.228535105241463e-05,0,0.13417820632457733,model::deberta_v3_base,DeBERTa-v3,42
6635,0,0.0003200189967174083,0,0.13417820632457733,model::deberta_v3_base,DeBERTa-v3,42
7378,1,0.00018838189134839922,0,0.13417820632457733,model::deberta_v3_base,DeBERTa-v3,42
20958,1,8.633648394607008e-05,0,0.13417820632457733,model::deberta_v3_base,DeBERTa-v3,42
14303,1,9.915197006193921e-05,0,0.13417820632457733,model::deberta_v3_base,DeBERTa-v3,42
20001,0,0.0002411111636320129,0,0.13417820632457733,model::deberta_v3_base,DeBERTa-v3,42
2340,0,0.00021907432528678328,0,0.13417820632457733,model::deberta_v3_base,DeBERTa-v3,42
6722,0,0.00014206183550413698,0,0.13417820632457733,model::deberta_v3_base,DeBERTa-v3,42
10561,0,0.0003539883764460683,0,0.13417820632457733,model::deberta_v3_base,DeBERTa-v3,42
8073,0,0.00013451193808577955,0,0.13417820632457733,model::deberta_v3_base,DeBERTa-v3,42
8739,1,8.983913721749559e-05,0,0.13417820632457733,model::deberta_v3_base,DeBERTa-v3,42
7683,0,8.277872257167473e-05,0,0.13417820632457733,model::deberta_v3_base,DeBERTa-v3,42
562,1,0.00016532157314941287,0,0.13417820632457733,model::deberta_v3_base,DeBERTa-v3,42
481,0,9.720786329125986e-05,0,0.13417820632457733,model::deberta_v3_base,DeBERTa-v3,42
11690,0,0.0001462526706745848,0,0.13417820632457733,model::deberta_v3_base,DeBERTa-v3,42
8968,0,0.0005379286594688892,0,0.13417820632457733,model::deberta_v3_base,DeBERTa-v3,42
10874,0,0.00013029793626628816,0,0.13417820632457733,model::deberta_v3_base,DeBERTa-v3,42
210,1,9.073480032384396e-05,0,0.13417820632457733,model::deberta_v3_base,DeBERTa-v3,42
4549,1,0.00016736140241846442,0,0.13417820632457733,model::deberta_v3_base,DeBERTa-v3,42
1413,0,9.194574522553012e-05,0,0.13417820632457733,model::deberta_v3_base,DeBERTa-v3,42
15997,1,0.00012153296120231971,0,0.13417820632457733,model::deberta_v3_base,DeBERTa-v3,42
75,0,0.00017434787878300995,0,0.13417820632457733,model::deberta_v3_base,DeBERTa-v3,42
2717,0,0.0001074458341463469,0,0.13417820632457733,model::deberta_v3_base,DeBERTa-v3,42
19926,1,0.00013010945986025035,0,0.13417820632457733,model::deberta_v3_base,DeBERTa-v3,42
15315,1,0.00013462116476148367,0,0.13417820632457733,model::deberta_v3_base,DeBERTa-v3,42
9835,0,0.0003021887387149036,0,0.13417820632457733,model::deberta_v3_base,DeBERTa-v3,42
5659,0,0.00010098992061102763,0,0.13417820632457733,model::deberta_v3_base,DeBERTa-v3,42
18648,0,0.00025769148487597704,0,0.13417820632457733,model::deberta_v3_base,DeBERTa-v3,42
9603,0,0.0005203131586313248,0,0.13417820632457733,model::deberta_v3_base,DeBERTa-v3,42
18453,0,0.0001261977304238826,0,0.13417820632457733,model::deberta_v3_base,DeBERTa-v3,42
16468,1,0.0001817969896364957,0,0.13417820632457733,model::deberta_v3_base,DeBERTa-v3,42
16588,1,0.00010898168693529442,0,0.13417820632457733,model::deberta_v3_base,DeBERTa-v3,42
16650,1,0.0001352798572042957,0,0.13417820632457733,model::deberta_v3_base,DeBERTa-v3,42
15928,0,0.00011955114314332604,0,0.13417820632457733,model::deberta_v3_base,DeBERTa-v3,42
13095,0,0.00015378528041765094,0,0.13417820632457733,model::deberta_v3_base,DeBERTa-v3,42
14860,0,8.216866990551353e-05,0,0.13417820632457733,model::deberta_v3_base,DeBERTa-v3,42
4139,0,0.0003749364404939115,0,0.13417820632457733,model::deberta_v3_base,DeBERTa-v3,42
20110,0,8.84749460965395e-05,0,0.13417820632457733,model::deberta_v3_base,DeBERTa-v3,42
4560,1,0.00020071306789759547,0,0.13417820632457733,model::deberta_v3_base,DeBERTa-v3,42
19539,1,0.00020427793788257986,0,0.13417820632457733,model::deberta_v3_base,DeBERTa-v3,42
9745,0,9.765067079570144e-05,0,0.13417820632457733,model::deberta_v3_base,DeBERTa-v3,42
5156,1,0.00010745546751422808,0,0.13417820632457733,model::deberta_v3_base,DeBERTa-v3,42
20760,0,0.00011682773765642196,0,0.13417820632457733,model::deberta_v3_base,DeBERTa-v3,42
16958,1,0.00010115926124854013,0,0.13417820632457733,model::deberta_v3_base,DeBERTa-v3,42
11575,0,0.00040236706263385713,0,0.13417820632457733,model::deberta_v3_base,DeBERTa-v3,42
3619,1,0.0001558028016006574,0,0.13417820632457733,model::deberta_v3_base,DeBERTa-v3,42
10185,0,0.0003887225757353008,0,0.13417820632457733,model::deberta_v3_base,DeBERTa-v3,42
2926,0,0.00017685741477180272,0,0.13417820632457733,model::deberta_v3_base,DeBERTa-v3,42
2115,1,0.00010396023571956903,0,0.13417820632457733,model::deberta_v3_base,DeBERTa-v3,42
1055,1,0.00018028616614174098,0,0.13417820632457733,model::deberta_v3_base,DeBERTa-v3,42
8123,1,0.0002167258207919076,0,0.13417820632457733,model::deberta_v3_base,DeBERTa-v3,42
12769,0,0.00028602388920262456,0,0.13417820632457733,model::deberta_v3_base,DeBERTa-v3,42
15160,0,0.00852742325514555,0,0.13417820632457733,model::deberta_v3_base,DeBERTa-v3,42
5461,0,8.953193901106715e-05,0,0.13417820632457733,model::deberta_v3_base,DeBERTa-v3,42
17879,0,8.482785779051483e-05,0,0.13417820632457733,model::deberta_v3_base,DeBERTa-v3,42
10608,0,7.794636621838436e-05,0,0.13417820632457733,model::deberta_v3_base,DeBERTa-v3,42
7532,0,7.293176895473152e-05,0,0.13417820632457733,model::deberta_v3_base,DeBERTa-v3,42
17132,0,0.00034341964055784047,0,0.13417820632457733,model::deberta_v3_base,DeBERTa-v3,42
8408,1,0.0001632469502510503,0,0.13417820632457733,model::deberta_v3_base,DeBERTa-v3,42
10165,1,0.00020608775957953185,0,0.13417820632457733,model::deberta_v3_base,DeBERTa-v3,42
21091,1,8.491381595376879e-05,0,0.13417820632457733,model::deberta_v3_base,DeBERTa-v3,42
12766,0,7.861416088417172e-05,0,0.13417820632457733,model::deberta_v3_base,DeBERTa-v3,42
2251,0,0.0008635395206511021,0,0.13417820632457733,model::deberta_v3_base,DeBERTa-v3,42
8615,0,7.964445103425533e-05,0,0.13417820632457733,model::deberta_v3_base,DeBERTa-v3,42
8378,0,9.931341628544033e-05,0,0.13417820632457733,model::deberta_v3_base,DeBERTa-v3,42
14277,0,8.627195347798988e-05,0,0.13417820632457733,model::deberta_v3_base,DeBERTa-v3,42
19458,0,9.384768782183528e-05,0,0.13417820632457733,model::deberta_v3_base,DeBERTa-v3,42
20796,0,0.0014358145417645574,0,0.13417820632457733,model::deberta_v3_base,DeBERTa-v3,42
5845,1,0.00011563318548724055,0,0.13417820632457733,model::deberta_v3_base,DeBERTa-v3,42
1310,0,7.403288327623159e-05,0,0.13417820632457733,model::deberta_v3_base,DeBERTa-v3,42
4280,1,0.00012388739560265094,0,0.13417820632457733,model::deberta_v3_base,DeBERTa-v3,42
15389,1,0.00028061759076081216,0,0.13417820632457733,model::deberta_v3_base,DeBERTa-v3,42
496,1,0.00016059588233474642,0,0.13417820632457733,model::deberta_v3_base,DeBERTa-v3,42
18252,1,0.00011193078535143286,0,0.13417820632457733,model::deberta_v3_base,DeBERTa-v3,42
6519,0,8.789380808593705e-05,0,0.13417820632457733,model::deberta_v3_base,DeBERTa-v3,42
11741,0,0.00026550047914497554,0,0.13417820632457733,model::deberta_v3_base,DeBERTa-v3,42
484,1,8.70188741828315e-05,0,0.13417820632457733,model::deberta_v3_base,DeBERTa-v3,42
9895,0,9.06402783584781e-05,0,0.13417820632457733,model::deberta_v3_base,DeBERTa-v3,42
923,0,6.817263783887029e-05,0,0.13417820632457733,model::deberta_v3_base,DeBERTa-v3,42
3798,0,0.00014038156950846314,0,0.13417820632457733,model::deberta_v3_base,DeBERTa-v3,42
18139,0,0.0005951392813585699,0,0.13417820632457733,model::deberta_v3_base,DeBERTa-v3,42
17468,1,0.00027687475085258484,0,0.13417820632457733,model::deberta_v3_base,DeBERTa-v3,42
15063,1,0.00011452049511717632,0,0.13417820632457733,model::deberta_v3_base,DeBERTa-v3,42
126,1,9.702636452857405e-05,0,0.13417820632457733,model::deberta_v3_base,DeBERTa-v3,42
21095,1,0.00010929410200333223,0,0.13417820632457733,model::deberta_v3_base,DeBERTa-v3,42
15130,0,0.00010064757225336507,0,0.13417820632457733,model::deberta_v3_base,DeBERTa-v3,42
19359,1,9.299666271544993e-05,0,0.13417820632457733,model::deberta_v3_base,DeBERTa-v3,42
9491,1,0.00012679831706918776,0,0.13417820632457733,model::deberta_v3_base,DeBERTa-v3,42
19796,1,0.00012065366900060326,0,0.13417820632457733,model::deberta_v3_base,DeBERTa-v3,42
13646,1,0.00012077257997589186,0,0.13417820632457733,model::deberta_v3_base,DeBERTa-v3,42
466,1,9.679255890659988e-05,0,0.13417820632457733,model::deberta_v3_base,DeBERTa-v3,42
6094,0,8.940840052673593e-05,0,0.13417820632457733,model::deberta_v3_base,DeBERTa-v3,42
15145,0,0.0001291642984142527,0,0.13417820632457733,model::deberta_v3_base,DeBERTa-v3,42
16604,1,0.0001889874693006277,0,0.13417820632457733,model::deberta_v3_base,DeBERTa-v3,42
17821,1,0.00010306476178811863,0,0.13417820632457733,model::deberta_v3_base,DeBERTa-v3,42
17419,1,0.0001254757517017424,0,0.13417820632457733,model::deberta_v3_base,DeBERTa-v3,42
14877,1,0.00021742601529695094,0,0.13417820632457733,model::deberta_v3_base,DeBERTa-v3,42
8393,1,0.0001702111039776355,0,0.13417820632457733,model::deberta_v3_base,DeBERTa-v3,42
18878,1,8.70610456331633e-05,0,0.13417820632457733,model::deberta_v3_base,DeBERTa-v3,42
6177,1,0.00021270230354275554,0,0.13417820632457733,model::deberta_v3_base,DeBERTa-v3,42
7263,1,9.197449981002137e-05,0,0.13417820632457733,model::deberta_v3_base,DeBERTa-v3,42
15386,0,9.683198732091114e-05,0,0.13417820632457733,model::deberta_v3_base,DeBERTa-v3,42
14349,1,0.0001853274879977107,0,0.13417820632457733,model::deberta_v3_base,DeBERTa-v3,42
21131,1,0.0002976035757455975,0,0.13417820632457733,model::deberta_v3_base,DeBERTa-v3,42
9817,0,0.9898560047149658,1,0.13417820632457733,model::deberta_v3_base,DeBERTa-v3,42
10877,0,9.257336932932958e-05,0,0.13417820632457733,model::deberta_v3_base,DeBERTa-v3,42
18463,1,0.00017021955864038318,0,0.13417820632457733,model::deberta_v3_base,DeBERTa-v3,42
6629,1,0.00025759448180906475,0,0.13417820632457733,model::deberta_v3_base,DeBERTa-v3,42
14541,1,0.00016782034072093666,0,0.13417820632457733,model::deberta_v3_base,DeBERTa-v3,42
14884,1,0.00010471150017110631,0,0.13417820632457733,model::deberta_v3_base,DeBERTa-v3,42
2215,0,6.956513971090317e-05,0,0.13417820632457733,model::deberta_v3_base,DeBERTa-v3,42
9773,1,9.522248728899285e-05,0,0.13417820632457733,model::deberta_v3_base,DeBERTa-v3,42
18562,0,0.00020991312339901924,0,0.13417820632457733,model::deberta_v3_base,DeBERTa-v3,42
6143,1,0.00012080619490006939,0,0.13417820632457733,model::deberta_v3_base,DeBERTa-v3,42
11551,0,0.00012573324784170836,0,0.13417820632457733,model::deberta_v3_base,DeBERTa-v3,42
13996,1,0.0001328017533523962,0,0.13417820632457733,model::deberta_v3_base,DeBERTa-v3,42
9568,1,0.00016951787983998656,0,0.13417820632457733,model::deberta_v3_base,DeBERTa-v3,42
19372,1,0.0001901584182633087,0,0.13417820632457733,model::deberta_v3_base,DeBERTa-v3,42
8080,1,0.00017839287465903908,0,0.13417820632457733,model::deberta_v3_base,DeBERTa-v3,42
7987,1,0.0001579502277309075,0,0.13417820632457733,model::deberta_v3_base,DeBERTa-v3,42
20784,1,0.00019514741143211722,0,0.13417820632457733,model::deberta_v3_base,DeBERTa-v3,42
16157,0,0.0001386112708132714,0,0.13417820632457733,model::deberta_v3_base,DeBERTa-v3,42
13696,1,9.478745778324082e-05,0,0.13417820632457733,model::deberta_v3_base,DeBERTa-v3,42
10440,1,0.00016454247816000134,0,0.13417820632457733,model::deberta_v3_base,DeBERTa-v3,42
15548,1,0.00025840720627456903,0,0.13417820632457733,model::deberta_v3_base,DeBERTa-v3,42
19883,0,0.0002840807428583503,0,0.13417820632457733,model::deberta_v3_base,DeBERTa-v3,42
12834,1,0.0001512315939180553,0,0.13417820632457733,model::deberta_v3_base,DeBERTa-v3,42
20620,0,8.893349877325818e-05,0,0.13417820632457733,model::deberta_v3_base,DeBERTa-v3,42
5767,0,0.00021771145111415535,0,0.13417820632457733,model::deberta_v3_base,DeBERTa-v3,42
17817,0,9.941669122781605e-05,0,0.13417820632457733,model::deberta_v3_base,DeBERTa-v3,42
20158,0,7.870313129387796e-05,0,0.13417820632457733,model::deberta_v3_base,DeBERTa-v3,42
880,0,0.00013609563757199794,0,0.13417820632457733,model::deberta_v3_base,DeBERTa-v3,42
12576,0,6.656572804786265e-05,0,0.13417820632457733,model::deberta_v3_base,DeBERTa-v3,42
644,1,0.00018424216250423342,0,0.13417820632457733,model::deberta_v3_base,DeBERTa-v3,42
19510,0,0.0001744383480399847,0,0.13417820632457733,model::deberta_v3_base,DeBERTa-v3,42
15492,0,0.9281274676322937,1,0.13417820632457733,model::deberta_v3_base,DeBERTa-v3,42
7563,0,9.351919288747013e-05,0,0.13417820632457733,model::deberta_v3_base,DeBERTa-v3,42
11597,0,0.00010515395842958242,0,0.13417820632457733,model::deberta_v3_base,DeBERTa-v3,42
16398,0,0.0002207852085120976,0,0.13417820632457733,model::deberta_v3_base,DeBERTa-v3,42
11855,1,0.00015656767936889082,0,0.13417820632457733,model::deberta_v3_base,DeBERTa-v3,42
2772,1,0.00027228437829762697,0,0.13417820632457733,model::deberta_v3_base,DeBERTa-v3,42
21125,1,8.735893061384559e-05,0,0.13417820632457733,model::deberta_v3_base,DeBERTa-v3,42
10189,1,0.0001483780943090096,0,0.13417820632457733,model::deberta_v3_base,DeBERTa-v3,42
5790,0,0.00026263113250024617,0,0.13417820632457733,model::deberta_v3_base,DeBERTa-v3,42
9368,0,5.9826677897945046e-05,0,0.13417820632457733,model::deberta_v3_base,DeBERTa-v3,42
6941,0,0.00011260253813816234,0,0.13417820632457733,model::deberta_v3_base,DeBERTa-v3,42
3266,0,8.171678200596943e-05,0,0.13417820632457733,model::deberta_v3_base,DeBERTa-v3,42
11833,0,8.77278289408423e-05,0,0.13417820632457733,model::deberta_v3_base,DeBERTa-v3,42
6764,1,0.00016615884669590741,0,0.13417820632457733,model::deberta_v3_base,DeBERTa-v3,42
13066,1,0.00026142250862903893,0,0.13417820632457733,model::deberta_v3_base,DeBERTa-v3,42
20392,0,9.389056504005566e-05,0,0.13417820632457733,model::deberta_v3_base,DeBERTa-v3,42
394,0,0.00014359617489390075,0,0.13417820632457733,model::deberta_v3_base,DeBERTa-v3,42
1023,0,9.849271009443328e-05,0,0.13417820632457733,model::deberta_v3_base,DeBERTa-v3,42
13531,1,8.841034286888316e-05,0,0.13417820632457733,model::deberta_v3_base,DeBERTa-v3,42
12092,0,0.0001639501570025459,0,0.13417820632457733,model::deberta_v3_base,DeBERTa-v3,42
13760,1,0.00010960009967675433,0,0.13417820632457733,model::deberta_v3_base,DeBERTa-v3,42
2190,1,7.324373291339725e-05,0,0.13417820632457733,model::deberta_v3_base,DeBERTa-v3,42
18934,0,0.00027378901722840965,0,0.13417820632457733,model::deberta_v3_base,DeBERTa-v3,42
19211,1,0.00020637975831050426,0,0.13417820632457733,model::deberta_v3_base,DeBERTa-v3,42
11587,0,0.00010600519453873858,0,0.13417820632457733,model::deberta_v3_base,DeBERTa-v3,42
17062,0,0.00013955448230262846,0,0.13417820632457733,model::deberta_v3_base,DeBERTa-v3,42
2259,1,0.000167219914146699,0,0.13417820632457733,model::deberta_v3_base,DeBERTa-v3,42
13809,1,0.00017458328511565924,0,0.13417820632457733,model::deberta_v3_base,DeBERTa-v3,42
1803,1,0.00014905803254805505,0,0.13417820632457733,model::deberta_v3_base,DeBERTa-v3,42
12667,1,0.00012882886221632361,0,0.13417820632457733,model::deberta_v3_base,DeBERTa-v3,42
17411,0,0.00010031642159447074,0,0.13417820632457733,model::deberta_v3_base,DeBERTa-v3,42
8698,1,9.966005745809525e-05,0,0.13417820632457733,model::deberta_v3_base,DeBERTa-v3,42
6460,1,0.00010776062845252454,0,0.13417820632457733,model::deberta_v3_base,DeBERTa-v3,42
13965,1,0.00010296691471012309,0,0.13417820632457733,model::deberta_v3_base,DeBERTa-v3,42
11339,0,7.140184607123956e-05,0,0.13417820632457733,model::deberta_v3_base,DeBERTa-v3,42
7569,1,0.0001586666185176,0,0.13417820632457733,model::deberta_v3_base,DeBERTa-v3,42
7963,1,0.00010209860192844644,0,0.13417820632457733,model::deberta_v3_base,DeBERTa-v3,42
3414,1,0.00012367279850877821,0,0.13417820632457733,model::deberta_v3_base,DeBERTa-v3,42
2590,1,9.88152896752581e-05,0,0.13417820632457733,model::deberta_v3_base,DeBERTa-v3,42
14210,1,9.036858682520688e-05,0,0.13417820632457733,model::deberta_v3_base,DeBERTa-v3,42
10156,1,0.00021283111709635705,0,0.13417820632457733,model::deberta_v3_base,DeBERTa-v3,42
8969,0,0.00033587837242521346,0,0.13417820632457733,model::deberta_v3_base,DeBERTa-v3,42
4717,1,0.00023088416492100805,0,0.13417820632457733,model::deberta_v3_base,DeBERTa-v3,42
16809,0,0.00014844928227830678,0,0.13417820632457733,model::deberta_v3_base,DeBERTa-v3,42
4177,1,0.00011927967716474086,0,0.13417820632457733,model::deberta_v3_base,DeBERTa-v3,42
4534,1,0.0001633849024074152,0,0.13417820632457733,model::deberta_v3_base,DeBERTa-v3,42
14469,0,8.473375783069059e-05,0,0.13417820632457733,model::deberta_v3_base,DeBERTa-v3,42
11927,1,0.0001465740497224033,0,0.13417820632457733,model::deberta_v3_base,DeBERTa-v3,42
19264,0,0.0001772999530658126,0,0.13417820632457733,model::deberta_v3_base,DeBERTa-v3,42
16944,0,0.0003056970308534801,0,0.13417820632457733,model::deberta_v3_base,DeBERTa-v3,42
20919,1,9.006558684632182e-05,0,0.13417820632457733,model::deberta_v3_base,DeBERTa-v3,42
5177,0,0.00043929004459641874,0,0.13417820632457733,model::deberta_v3_base,DeBERTa-v3,42
18181,1,0.00011139381240354851,0,0.13417820632457733,model::deberta_v3_base,DeBERTa-v3,42
19414,1,0.00012047512427670881,0,0.13417820632457733,model::deberta_v3_base,DeBERTa-v3,42
191,1,0.0001735610276227817,0,0.13417820632457733,model::deberta_v3_base,DeBERTa-v3,42
13914,1,8.189581421902403e-05,0,0.13417820632457733,model::deberta_v3_base,DeBERTa-v3,42
20969,1,0.00011480402463348582,0,0.13417820632457733,model::deberta_v3_base,DeBERTa-v3,42
8565,1,0.00019084136874880642,0,0.13417820632457733,model::deberta_v3_base,DeBERTa-v3,42
15773,1,0.0002070712362183258,0,0.13417820632457733,model::deberta_v3_base,DeBERTa-v3,42
9829,1,0.00010664779256330803,0,0.13417820632457733,model::deberta_v3_base,DeBERTa-v3,42
14330,0,0.000203899631742388,0,0.13417820632457733,model::deberta_v3_base,DeBERTa-v3,42
19291,0,0.00010694374213926494,0,0.13417820632457733,model::deberta_v3_base,DeBERTa-v3,42
10709,1,0.00011444451956776902,0,0.13417820632457733,model::deberta_v3_base,DeBERTa-v3,42
1170,0,0.0002802633389364928,0,0.13417820632457733,model::deberta_v3_base,DeBERTa-v3,42
15340,1,8.850212907418609e-05,0,0.13417820632457733,model::deberta_v3_base,DeBERTa-v3,42
14324,1,0.0001962807000381872,0,0.13417820632457733,model::deberta_v3_base,DeBERTa-v3,42
18346,0,0.00037574543966911733,0,0.13417820632457733,model::deberta_v3_base,DeBERTa-v3,42
14941,1,0.0001665850868448615,0,0.13417820632457733,model::deberta_v3_base,DeBERTa-v3,42
19736,0,0.00011278028250671923,0,0.13417820632457733,model::deberta_v3_base,DeBERTa-v3,42
17760,1,0.00013476253661792725,0,0.13417820632457733,model::deberta_v3_base,DeBERTa-v3,42
10372,1,9.991593105951324e-05,0,0.13417820632457733,model::deberta_v3_base,DeBERTa-v3,42
7236,1,0.00019528013945091516,0,0.13417820632457733,model::deberta_v3_base,DeBERTa-v3,42
4339,1,0.0002139289426850155,0,0.13417820632457733,model::deberta_v3_base,DeBERTa-v3,42
6041,0,0.0008647401118651032,0,0.13417820632457733,model::deberta_v3_base,DeBERTa-v3,42
5369,0,0.00012895817053504288,0,0.13417820632457733,model::deberta_v3_base,DeBERTa-v3,42
16730,0,0.00039307313272729516,0,0.13417820632457733,model::deberta_v3_base,DeBERTa-v3,42
20508,1,0.00037466915091499686,0,0.13417820632457733,model::deberta_v3_base,DeBERTa-v3,42
13592,1,0.00013092064182274044,0,0.13417820632457733,model::deberta_v3_base,DeBERTa-v3,42
8155,1,0.00014499711687676609,0,0.13417820632457733,model::deberta_v3_base,DeBERTa-v3,42
18328,0,0.0001164953428087756,0,0.13417820632457733,model::deberta_v3_base,DeBERTa-v3,42
19562,1,0.000142398988828063,0,0.13417820632457733,model::deberta_v3_base,DeBERTa-v3,42
17565,0,0.00014648240176029503,0,0.13417820632457733,model::deberta_v3_base,DeBERTa-v3,42
1493,0,0.00011382720549590886,0,0.13417820632457733,model::deberta_v3_base,DeBERTa-v3,42
15789,1,0.00010854411084437743,0,0.13417820632457733,model::deberta_v3_base,DeBERTa-v3,42
4254,1,0.00020005503029096872,0,0.13417820632457733,model::deberta_v3_base,DeBERTa-v3,42
19938,1,0.0003023957251571119,0,0.13417820632457733,model::deberta_v3_base,DeBERTa-v3,42
2511,0,7.76755332481116e-05,0,0.13417820632457733,model::deberta_v3_base,DeBERTa-v3,42
3060,1,9.65823492151685e-05,0,0.13417820632457733,model::deberta_v3_base,DeBERTa-v3,42
5849,1,0.00016457604942843318,0,0.13417820632457733,model::deberta_v3_base,DeBERTa-v3,42
18804,1,0.00010520621435716748,0,0.13417820632457733,model::deberta_v3_base,DeBERTa-v3,42
2992,1,0.00011221740714972839,0,0.13417820632457733,model::deberta_v3_base,DeBERTa-v3,42
1449,1,0.00016977396444417536,0,0.13417820632457733,model::deberta_v3_base,DeBERTa-v3,42
20007,0,8.720236655790359e-05,0,0.13417820632457733,model::deberta_v3_base,DeBERTa-v3,42
19349,1,6.802769348723814e-05,0,0.13417820632457733,model::deberta_v3_base,DeBERTa-v3,42
17116,1,8.945667650550604e-05,0,0.13417820632457733,model::deberta_v3_base,DeBERTa-v3,42
1129,0,0.00030866015003994107,0,0.13417820632457733,model::deberta_v3_base,DeBERTa-v3,42
17084,1,0.00014745384396519512,0,0.13417820632457733,model::deberta_v3_base,DeBERTa-v3,42
11028,0,6.857114203739911e-05,0,0.13417820632457733,model::deberta_v3_base,DeBERTa-v3,42
9985,1,0.00021543813636526465,0,0.13417820632457733,model::deberta_v3_base,DeBERTa-v3,42
9096,0,6.688054418191314e-05,0,0.13417820632457733,model::deberta_v3_base,DeBERTa-v3,42
20664,0,0.00011097439710283652,0,0.13417820632457733,model::deberta_v3_base,DeBERTa-v3,42
6968,1,0.0001448227558284998,0,0.13417820632457733,model::deberta_v3_base,DeBERTa-v3,42
15681,0,0.0006362523999996483,0,0.13417820632457733,model::deberta_v3_base,DeBERTa-v3,42
7172,0,9.302228863816708e-05,0,0.13417820632457733,model::deberta_v3_base,DeBERTa-v3,42
10656,0,9.035928815137595e-05,0,0.13417820632457733,model::deberta_v3_base,DeBERTa-v3,42
3398,0,0.0016929664416238666,0,0.13417820632457733,model::deberta_v3_base,DeBERTa-v3,42
1970,1,0.0001031798092299141,0,0.13417820632457733,model::deberta_v3_base,DeBERTa-v3,42
3690,1,0.00018856518727261573,0,0.13417820632457733,model::deberta_v3_base,DeBERTa-v3,42
5829,0,0.00010817223665071651,0,0.13417820632457733,model::deberta_v3_base,DeBERTa-v3,42
8905,0,9.367950406158343e-05,0,0.13417820632457733,model::deberta_v3_base,DeBERTa-v3,42
15440,0,0.0002526169701013714,0,0.13417820632457733,model::deberta_v3_base,DeBERTa-v3,42
49,1,0.00011068164167227224,0,0.13417820632457733,model::deberta_v3_base,DeBERTa-v3,42
2412,1,0.00010542212839936838,0,0.13417820632457733,model::deberta_v3_base,DeBERTa-v3,42
13478,0,7.93311555753462e-05,0,0.13417820632457733,model::deberta_v3_base,DeBERTa-v3,42
17514,0,0.00021617396851070225,0,0.13417820632457733,model::deberta_v3_base,DeBERTa-v3,42
3723,0,0.00011184083996340632,0,0.13417820632457733,model::deberta_v3_base,DeBERTa-v3,42
7471,0,0.28820496797561646,1,0.13417820632457733,model::deberta_v3_base,DeBERTa-v3,42
25,1,0.0002125198661815375,0,0.13417820632457733,model::deberta_v3_base,DeBERTa-v3,42
17971,1,8.311837882502005e-05,0,0.13417820632457733,model::deberta_v3_base,DeBERTa-v3,42
5061,1,0.00011225389607716352,0,0.13417820632457733,model::deberta_v3_base,DeBERTa-v3,42
11342,0,0.00011748148244805634,0,0.13417820632457733,model::deberta_v3_base,DeBERTa-v3,42
4069,1,0.0001267125189770013,0,0.13417820632457733,model::deberta_v3_base,DeBERTa-v3,42
1796,0,0.27010658383369446,1,0.13417820632457733,model::deberta_v3_base,DeBERTa-v3,42
13682,0,0.00010733839735621586,0,0.13417820632457733,model::deberta_v3_base,DeBERTa-v3,42
8867,1,0.00014334649313241243,0,0.13417820632457733,model::deberta_v3_base,DeBERTa-v3,42
15767,1,0.0001480842474848032,0,0.13417820632457733,model::deberta_v3_base,DeBERTa-v3,42
20628,1,0.00016826740466058254,0,0.13417820632457733,model::deberta_v3_base,DeBERTa-v3,42
6935,1,0.00012409500777721405,0,0.13417820632457733,model::deberta_v3_base,DeBERTa-v3,42
20056,1,0.00010007602395489812,0,0.13417820632457733,model::deberta_v3_base,DeBERTa-v3,42
5592,1,0.00017985350859817117,0,0.13417820632457733,model::deberta_v3_base,DeBERTa-v3,42
19316,1,0.00011714141874108464,0,0.13417820632457733,model::deberta_v3_base,DeBERTa-v3,42
7887,1,0.00015712014283053577,0,0.13417820632457733,model::deberta_v3_base,DeBERTa-v3,42
10219,1,0.00019135992624796927,0,0.13417820632457733,model::deberta_v3_base,DeBERTa-v3,42
15212,0,0.00017411164299119264,0,0.13417820632457733,model::deberta_v3_base,DeBERTa-v3,42
8530,0,8.810710278339684e-05,0,0.13417820632457733,model::deberta_v3_base,DeBERTa-v3,42
11428,1,0.00015544872439932078,0,0.13417820632457733,model::deberta_v3_base,DeBERTa-v3,42
4217,0,0.00013145328557584435,0,0.13417820632457733,model::deberta_v3_base,DeBERTa-v3,42
15424,0,9.639096242608503e-05,0,0.13417820632457733,model::deberta_v3_base,DeBERTa-v3,42
21114,1,8.614765829406679e-05,0,0.13417820632457733,model::deberta_v3_base,DeBERTa-v3,42
5793,1,0.00013981993834022433,0,0.13417820632457733,model::deberta_v3_base,DeBERTa-v3,42
14533,1,9.558766760164872e-05,0,0.13417820632457733,model::deberta_v3_base,DeBERTa-v3,42
7866,1,0.0001612031483091414,0,0.13417820632457733,model::deberta_v3_base,DeBERTa-v3,42
19695,1,0.00016086730465758592,0,0.13417820632457733,model::deberta_v3_base,DeBERTa-v3,42
16004,1,0.0001486679830122739,0,0.13417820632457733,model::deberta_v3_base,DeBERTa-v3,42
3239,0,9.699045767774805e-05,0,0.13417820632457733,model::deberta_v3_base,DeBERTa-v3,42
3527,0,0.00015306725981645286,0,0.13417820632457733,model::deberta_v3_base,DeBERTa-v3,42
16501,1,0.00013526824477594346,0,0.13417820632457733,model::deberta_v3_base,DeBERTa-v3,42
18416,0,0.00011243130575167015,0,0.13417820632457733,model::deberta_v3_base,DeBERTa-v3,42
19251,0,7.843594357836992e-05,0,0.13417820632457733,model::deberta_v3_base,DeBERTa-v3,42
2961,1,7.843220373615623e-05,0,0.13417820632457733,model::deberta_v3_base,DeBERTa-v3,42
11149,0,0.00014217864372767508,0,0.13417820632457733,model::deberta_v3_base,DeBERTa-v3,42
12669,1,8.631729724584147e-05,0,0.13417820632457733,model::deberta_v3_base,DeBERTa-v3,42
20575,0,7.501428626710549e-05,0,0.13417820632457733,model::deberta_v3_base,DeBERTa-v3,42
19971,0,0.00021228939294815063,0,0.13417820632457733,model::deberta_v3_base,DeBERTa-v3,42
10848,0,8.078693645074964e-05,0,0.13417820632457733,model::deberta_v3_base,DeBERTa-v3,42
9864,1,0.00010057867621071637,0,0.13417820632457733,model::deberta_v3_base,DeBERTa-v3,42
20475,0,0.00016936229076236486,0,0.13417820632457733,model::deberta_v3_base,DeBERTa-v3,42
13271,1,8.93568285391666e-05,0,0.13417820632457733,model::deberta_v3_base,DeBERTa-v3,42
15921,1,0.0001507484121248126,0,0.13417820632457733,model::deberta_v3_base,DeBERTa-v3,42
10018,1,0.00013343426689971238,0,0.13417820632457733,model::deberta_v3_base,DeBERTa-v3,42
16642,0,9.245321416528895e-05,0,0.13417820632457733,model::deberta_v3_base,DeBERTa-v3,42
10634,0,0.00026352860732004046,0,0.13417820632457733,model::deberta_v3_base,DeBERTa-v3,42
16120,1,8.883509144652635e-05,0,0.13417820632457733,model::deberta_v3_base,DeBERTa-v3,42
14174,1,0.00011276629811618477,0,0.13417820632457733,model::deberta_v3_base,DeBERTa-v3,42
11296,0,0.00035165759618394077,0,0.13417820632457733,model::deberta_v3_base,DeBERTa-v3,42
2168,1,0.00026418923516757786,0,0.13417820632457733,model::deberta_v3_base,DeBERTa-v3,42
5118,1,0.0001234067021869123,0,0.13417820632457733,model::deberta_v3_base,DeBERTa-v3,42
2608,0,0.25179752707481384,1,0.13417820632457733,model::deberta_v3_base,DeBERTa-v3,42
13813,1,0.00015799043467268348,0,0.13417820632457733,model::deberta_v3_base,DeBERTa-v3,42
8051,1,9.806050366023555e-05,0,0.13417820632457733,model::deberta_v3_base,DeBERTa-v3,42
17462,0,7.44931967346929e-05,0,0.13417820632457733,model::deberta_v3_base,DeBERTa-v3,42
6082,1,0.00018112390534952283,0,0.13417820632457733,model::deberta_v3_base,DeBERTa-v3,42
14585,1,0.0001282854500459507,0,0.13417820632457733,model::deberta_v3_base,DeBERTa-v3,42
17465,0,9.798852988751605e-05,0,0.13417820632457733,model::deberta_v3_base,DeBERTa-v3,42
4921,0,7.763880421407521e-05,0,0.13417820632457733,model::deberta_v3_base,DeBERTa-v3,42
4263,0,5.908699313295074e-05,0,0.13417820632457733,model::deberta_v3_base,DeBERTa-v3,42
6430,1,0.00013055263843853027,0,0.13417820632457733,model::deberta_v3_base,DeBERTa-v3,42
7255,1,0.00010750751971499994,0,0.13417820632457733,model::deberta_v3_base,DeBERTa-v3,42
13883,1,0.00012676567712333053,0,0.13417820632457733,model::deberta_v3_base,DeBERTa-v3,42
7334,0,7.379717862932011e-05,0,0.13417820632457733,model::deberta_v3_base,DeBERTa-v3,42
14839,0,6.82202517054975e-05,0,0.13417820632457733,model::deberta_v3_base,DeBERTa-v3,42
947,0,8.798696217127144e-05,0,0.13417820632457733,model::deberta_v3_base,DeBERTa-v3,42
9665,1,0.00023583522124681622,0,0.13417820632457733,model::deberta_v3_base,DeBERTa-v3,42
9765,1,0.00018802440899889916,0,0.13417820632457733,model::deberta_v3_base,DeBERTa-v3,42
12532,0,0.0001128947624238208,0,0.13417820632457733,model::deberta_v3_base,DeBERTa-v3,42
6202,1,0.0001300563890254125,0,0.13417820632457733,model::deberta_v3_base,DeBERTa-v3,42
3441,0,8.146710752043873e-05,0,0.13417820632457733,model::deberta_v3_base,DeBERTa-v3,42
11841,1,0.0001203109641210176,0,0.13417820632457733,model::deberta_v3_base,DeBERTa-v3,42
12968,0,9.892145317280665e-05,0,0.13417820632457733,model::deberta_v3_base,DeBERTa-v3,42
913,0,0.00012718993821181357,0,0.13417820632457733,model::deberta_v3_base,DeBERTa-v3,42
1365,1,0.0001363334449706599,0,0.13417820632457733,model::deberta_v3_base,DeBERTa-v3,42
849,0,0.00011764225200749934,0,0.13417820632457733,model::deberta_v3_base,DeBERTa-v3,42
18962,0,9.697705536382273e-05,0,0.13417820632457733,model::deberta_v3_base,DeBERTa-v3,42
20352,1,0.00011918098607566208,0,0.13417820632457733,model::deberta_v3_base,DeBERTa-v3,42
9798,1,0.00019636678916867822,0,0.13417820632457733,model::deberta_v3_base,DeBERTa-v3,42
14501,0,8.871057070791721e-05,0,0.13417820632457733,model::deberta_v3_base,DeBERTa-v3,42
3732,1,0.00016062971553765237,0,0.13417820632457733,model::deberta_v3_base,DeBERTa-v3,42
12595,1,0.00012273693573661149,0,0.13417820632457733,model::deberta_v3_base,DeBERTa-v3,42
6974,1,0.00010097393533214927,0,0.13417820632457733,model::deberta_v3_base,DeBERTa-v3,42
8882,1,8.21577850729227e-05,0,0.13417820632457733,model::deberta_v3_base,DeBERTa-v3,42
16266,0,9.098563168663532e-05,0,0.13417820632457733,model::deberta_v3_base,DeBERTa-v3,42
15334,1,0.00041142053669318557,0,0.13417820632457733,model::deberta_v3_base,DeBERTa-v3,42
6697,1,7.446783274644986e-05,0,0.13417820632457733,model::deberta_v3_base,DeBERTa-v3,42
4665,1,0.00022388677462004125,0,0.13417820632457733,model::deberta_v3_base,DeBERTa-v3,42
20143,0,6.904119800310582e-05,0,0.13417820632457733,model::deberta_v3_base,DeBERTa-v3,42
6868,0,0.00010169556480832398,0,0.13417820632457733,model::deberta_v3_base,DeBERTa-v3,42
5364,1,9.473125101067126e-05,0,0.13417820632457733,model::deberta_v3_base,DeBERTa-v3,42
6120,1,9.34026247705333e-05,0,0.13417820632457733,model::deberta_v3_base,DeBERTa-v3,42
11173,0,0.0001432292629033327,0,0.13417820632457733,model::deberta_v3_base,DeBERTa-v3,42
15071,0,0.0009662612574175,0,0.13417820632457733,model::deberta_v3_base,DeBERTa-v3,42
10881,0,0.00010553408355917782,0,0.13417820632457733,model::deberta_v3_base,DeBERTa-v3,42
12164,1,0.000176787783857435,0,0.13417820632457733,model::deberta_v3_base,DeBERTa-v3,42
3926,1,0.00016647219308651984,0,0.13417820632457733,model::deberta_v3_base,DeBERTa-v3,42
5021,1,0.00012987047375645489,0,0.13417820632457733,model::deberta_v3_base,DeBERTa-v3,42
11604,1,8.485018770443276e-05,0,0.13417820632457733,model::deberta_v3_base,DeBERTa-v3,42
18608,1,0.0001165228895843029,0,0.13417820632457733,model::deberta_v3_base,DeBERTa-v3,42
8138,0,8.932318451115862e-05,0,0.13417820632457733,model::deberta_v3_base,DeBERTa-v3,42
20209,0,0.0003619468479882926,0,0.13417820632457733,model::deberta_v3_base,DeBERTa-v3,42
12932,0,8.580225403420627e-05,0,0.13417820632457733,model::deberta_v3_base,DeBERTa-v3,42
17276,1,0.0001099191140383482,0,0.13417820632457733,model::deberta_v3_base,DeBERTa-v3,42
2885,1,0.00011473507038317621,0,0.13417820632457733,model::deberta_v3_base,DeBERTa-v3,42
8594,0,0.00018115794227924198,0,0.13417820632457733,model::deberta_v3_base,DeBERTa-v3,42
12423,1,0.00019147766579408199,0,0.13417820632457733,model::deberta_v3_base,DeBERTa-v3,42
15119,0,0.00012029948993586004,0,0.13417820632457733,model::deberta_v3_base,DeBERTa-v3,42
10228,0,8.233981498051435e-05,0,0.13417820632457733,model::deberta_v3_base,DeBERTa-v3,42
5378,1,8.105732558760792e-05,0,0.13417820632457733,model::deberta_v3_base,DeBERTa-v3,42
18305,1,0.00010753788228612393,0,0.13417820632457733,model::deberta_v3_base,DeBERTa-v3,42
1619,0,6.739189120708033e-05,0,0.13417820632457733,model::deberta_v3_base,DeBERTa-v3,42
10250,1,0.00015772086044307798,0,0.13417820632457733,model::deberta_v3_base,DeBERTa-v3,42
13321,0,0.00010461558122187853,0,0.13417820632457733,model::deberta_v3_base,DeBERTa-v3,42
14508,1,0.00015859703125897795,0,0.13417820632457733,model::deberta_v3_base,DeBERTa-v3,42
18074,1,0.00013370069791562855,0,0.13417820632457733,model::deberta_v3_base,DeBERTa-v3,42
18548,1,0.00013462320202961564,0,0.13417820632457733,model::deberta_v3_base,DeBERTa-v3,42
16401,1,0.00012609007535502315,0,0.13417820632457733,model::deberta_v3_base,DeBERTa-v3,42
18906,0,0.0001643452123971656,0,0.13417820632457733,model::deberta_v3_base,DeBERTa-v3,42
11862,0,0.00011297219316475093,0,0.13417820632457733,model::deberta_v3_base,DeBERTa-v3,42
21074,0,9.48435117607005e-05,0,0.13417820632457733,model::deberta_v3_base,DeBERTa-v3,42
19687,1,0.00010425486834719777,0,0.13417820632457733,model::deberta_v3_base,DeBERTa-v3,42
18495,1,0.0002832696191035211,0,0.13417820632457733,model::deberta_v3_base,DeBERTa-v3,42
9398,1,0.00021744966215919703,0,0.13417820632457733,model::deberta_v3_base,DeBERTa-v3,42
11589,0,8.883154077921063e-05,0,0.13417820632457733,model::deberta_v3_base,DeBERTa-v3,42
702,0,0.00011519935651449487,0,0.13417820632457733,model::deberta_v3_base,DeBERTa-v3,42
6624,1,0.00014722540799994022,0,0.13417820632457733,model::deberta_v3_base,DeBERTa-v3,42
2681,1,8.839221118250862e-05,0,0.13417820632457733,model::deberta_v3_base,DeBERTa-v3,42
4359,1,0.00011454802006483078,0,0.13417820632457733,model::deberta_v3_base,DeBERTa-v3,42
8981,1,0.00022314771194942296,0,0.13417820632457733,model::deberta_v3_base,DeBERTa-v3,42
201,0,0.00011787850235123187,0,0.13417820632457733,model::deberta_v3_base,DeBERTa-v3,42
4761,0,0.0003379739646334201,0,0.13417820632457733,model::deberta_v3_base,DeBERTa-v3,42
19171,0,0.0004847449017688632,0,0.13417820632457733,model::deberta_v3_base,DeBERTa-v3,42
18927,0,0.00012258911738172174,0,0.13417820632457733,model::deberta_v3_base,DeBERTa-v3,42
2522,1,0.00018822084530256689,0,0.13417820632457733,model::deberta_v3_base,DeBERTa-v3,42
20437,0,9.792266791919246e-05,0,0.13417820632457733,model::deberta_v3_base,DeBERTa-v3,42
16968,1,0.0001580490352353081,0,0.13417820632457733,model::deberta_v3_base,DeBERTa-v3,42
2417,0,0.00018291760352440178,0,0.13417820632457733,model::deberta_v3_base,DeBERTa-v3,42
20291,0,0.00016635065549053252,0,0.13417820632457733,model::deberta_v3_base,DeBERTa-v3,42
10430,0,0.00023190608771983534,0,0.13417820632457733,model::deberta_v3_base,DeBERTa-v3,42
14417,0,0.00013178210065234452,0,0.13417820632457733,model::deberta_v3_base,DeBERTa-v3,42
20335,1,0.0001036728426697664,0,0.13417820632457733,model::deberta_v3_base,DeBERTa-v3,42
12330,0,8.947560854721814e-05,0,0.13417820632457733,model::deberta_v3_base,DeBERTa-v3,42
12502,0,5.161050648894161e-05,0,0.13417820632457733,model::deberta_v3_base,DeBERTa-v3,42
9690,1,0.00010373802069807425,0,0.13417820632457733,model::deberta_v3_base,DeBERTa-v3,42
11811,1,9.853902156464756e-05,0,0.13417820632457733,model::deberta_v3_base,DeBERTa-v3,42
13900,0,0.0009903579484671354,0,0.13417820632457733,model::deberta_v3_base,DeBERTa-v3,42
10589,0,8.970106136985123e-05,0,0.13417820632457733,model::deberta_v3_base,DeBERTa-v3,42
11457,0,0.0001619088143343106,0,0.13417820632457733,model::deberta_v3_base,DeBERTa-v3,42
11593,0,7.984672993188724e-05,0,0.13417820632457733,model::deberta_v3_base,DeBERTa-v3,42
19874,1,0.00011017515498679131,0,0.13417820632457733,model::deberta_v3_base,DeBERTa-v3,42
8546,1,9.619814227335155e-05,0,0.13417820632457733,model::deberta_v3_base,DeBERTa-v3,42
13087,1,0.00019344747124705464,0,0.13417820632457733,model::deberta_v3_base,DeBERTa-v3,42
4053,1,0.00021338157239370048,0,0.13417820632457733,model::deberta_v3_base,DeBERTa-v3,42
11035,0,0.00012504146434366703,0,0.13417820632457733,model::deberta_v3_base,DeBERTa-v3,42
7106,0,0.00021826288138981909,0,0.13417820632457733,model::deberta_v3_base,DeBERTa-v3,42
16967,1,0.00023442532983608544,0,0.13417820632457733,model::deberta_v3_base,DeBERTa-v3,42
14055,0,0.00010456192831043154,0,0.13417820632457733,model::deberta_v3_base,DeBERTa-v3,42
18254,1,6.307418516371399e-05,0,0.13417820632457733,model::deberta_v3_base,DeBERTa-v3,42
4141,1,0.00011649778753053397,0,0.13417820632457733,model::deberta_v3_base,DeBERTa-v3,42
14685,1,0.00018007899052463472,0,0.13417820632457733,model::deberta_v3_base,DeBERTa-v3,42
3870,1,8.92135503818281e-05,0,0.13417820632457733,model::deberta_v3_base,DeBERTa-v3,42
12585,1,0.00010517743794480339,0,0.13417820632457733,model::deberta_v3_base,DeBERTa-v3,42
20856,0,6.271200254559517e-05,0,0.13417820632457733,model::deberta_v3_base,DeBERTa-v3,42
15655,1,9.65500294114463e-05,0,0.13417820632457733,model::deberta_v3_base,DeBERTa-v3,42
12360,1,9.420140122529119e-05,0,0.13417820632457733,model::deberta_v3_base,DeBERTa-v3,42
4962,0,0.00017324685177300125,0,0.13417820632457733,model::deberta_v3_base,DeBERTa-v3,42
13155,1,9.6996380307246e-05,0,0.13417820632457733,model::deberta_v3_base,DeBERTa-v3,42
12601,0,9.699267684482038e-05,0,0.13417820632457733,model::deberta_v3_base,DeBERTa-v3,42
1625,1,8.140334102790803e-05,0,0.13417820632457733,model::deberta_v3_base,DeBERTa-v3,42
6045,1,8.907081792131066e-05,0,0.13417820632457733,model::deberta_v3_base,DeBERTa-v3,42
9783,0,8.838144276523963e-05,0,0.13417820632457733,model::deberta_v3_base,DeBERTa-v3,42
4525,0,6.705603300360963e-05,0,0.13417820632457733,model::deberta_v3_base,DeBERTa-v3,42
18524,0,0.00012365631118882447,0,0.13417820632457733,model::deberta_v3_base,DeBERTa-v3,42
1911,1,0.00016499904450029135,0,0.13417820632457733,model::deberta_v3_base,DeBERTa-v3,42
6497,1,0.0001305247424170375,0,0.13417820632457733,model::deberta_v3_base,DeBERTa-v3,42
2439,0,0.00021990765526425093,0,0.13417820632457733,model::deberta_v3_base,DeBERTa-v3,42
19139,1,0.0001014734516502358,0,0.13417820632457733,model::deberta_v3_base,DeBERTa-v3,42
9705,0,0.0002930818300228566,0,0.13417820632457733,model::deberta_v3_base,DeBERTa-v3,42
13888,0,0.0004836625885218382,0,0.13417820632457733,model::deberta_v3_base,DeBERTa-v3,42
1130,1,0.00016341047012247145,0,0.13417820632457733,model::deberta_v3_base,DeBERTa-v3,42
2383,1,0.00020721736655104905,0,0.13417820632457733,model::deberta_v3_base,DeBERTa-v3,42
19105,0,8.071563206613064e-05,0,0.13417820632457733,model::deberta_v3_base,DeBERTa-v3,42
9378,1,0.0003017833805643022,0,0.13417820632457733,model::deberta_v3_base,DeBERTa-v3,42
12134,0,0.00014468705921899527,0,0.13417820632457733,model::deberta_v3_base,DeBERTa-v3,42
1229,1,0.00013240774569567293,0,0.13417820632457733,model::deberta_v3_base,DeBERTa-v3,42
3541,0,0.00012979967868886888,0,0.13417820632457733,model::deberta_v3_base,DeBERTa-v3,42
18869,0,0.0001668489712756127,0,0.13417820632457733,model::deberta_v3_base,DeBERTa-v3,42
14407,1,0.0001750204828567803,0,0.13417820632457733,model::deberta_v3_base,DeBERTa-v3,42
10759,1,0.00011485043069114909,0,0.13417820632457733,model::deberta_v3_base,DeBERTa-v3,42
16389,0,0.00011073529458371922,0,0.13417820632457733,model::deberta_v3_base,DeBERTa-v3,42
14450,1,0.00014153913070913404,0,0.13417820632457733,model::deberta_v3_base,DeBERTa-v3,42
12180,1,9.098181180888787e-05,0,0.13417820632457733,model::deberta_v3_base,DeBERTa-v3,42
2887,1,0.0002483846910763532,0,0.13417820632457733,model::deberta_v3_base,DeBERTa-v3,42
8839,0,0.00011481966794235632,0,0.13417820632457733,model::deberta_v3_base,DeBERTa-v3,42
14721,1,0.0002210006641689688,0,0.13417820632457733,model::deberta_v3_base,DeBERTa-v3,42
7710,1,9.147322998614982e-05,0,0.13417820632457733,model::deberta_v3_base,DeBERTa-v3,42
20750,0,0.00011340835771989077,0,0.13417820632457733,model::deberta_v3_base,DeBERTa-v3,42
658,1,0.00020374920859467238,0,0.13417820632457733,model::deberta_v3_base,DeBERTa-v3,42
16111,0,0.00010247011960018426,0,0.13417820632457733,model::deberta_v3_base,DeBERTa-v3,42
19833,1,0.00011231643293285742,0,0.13417820632457733,model::deberta_v3_base,DeBERTa-v3,42
6161,0,0.00018165905203204602,0,0.13417820632457733,model::deberta_v3_base,DeBERTa-v3,42
16884,1,7.485315290978178e-05,0,0.13417820632457733,model::deberta_v3_base,DeBERTa-v3,42
5903,1,0.00016716285608708858,0,0.13417820632457733,model::deberta_v3_base,DeBERTa-v3,42
4020,0,0.00012502024765126407,0,0.13417820632457733,model::deberta_v3_base,DeBERTa-v3,42
2822,0,8.388444985030219e-05,0,0.13417820632457733,model::deberta_v3_base,DeBERTa-v3,42
17899,1,0.00011182281741639599,0,0.13417820632457733,model::deberta_v3_base,DeBERTa-v3,42
11967,0,0.0007663001306355,0,0.13417820632457733,model::deberta_v3_base,DeBERTa-v3,42
16633,1,0.00010033708531409502,0,0.13417820632457733,model::deberta_v3_base,DeBERTa-v3,42
15481,1,0.00024985827622003853,0,0.13417820632457733,model::deberta_v3_base,DeBERTa-v3,42
10860,1,9.844744636211544e-05,0,0.13417820632457733,model::deberta_v3_base,DeBERTa-v3,42
8770,1,0.00014476336946245283,0,0.13417820632457733,model::deberta_v3_base,DeBERTa-v3,42
647,1,0.0001489648420829326,0,0.13417820632457733,model::deberta_v3_base,DeBERTa-v3,42
9453,1,0.00018453929806128144,0,0.13417820632457733,model::deberta_v3_base,DeBERTa-v3,42
11535,1,0.00013268277689348906,0,0.13417820632457733,model::deberta_v3_base,DeBERTa-v3,42
17005,1,0.0001710357901174575,0,0.13417820632457733,model::deberta_v3_base,DeBERTa-v3,42
3022,1,7.810135139152408e-05,0,0.13417820632457733,model::deberta_v3_base,DeBERTa-v3,42
14896,0,8.210765372496098e-05,0,0.13417820632457733,model::deberta_v3_base,DeBERTa-v3,42
3587,1,0.0001428543182555586,0,0.13417820632457733,model::deberta_v3_base,DeBERTa-v3,42
12652,1,0.0001397514424752444,0,0.13417820632457733,model::deberta_v3_base,DeBERTa-v3,42
17345,0,9.541082545183599e-05,0,0.13417820632457733,model::deberta_v3_base,DeBERTa-v3,42
15517,1,0.00012677873019129038,0,0.13417820632457733,model::deberta_v3_base,DeBERTa-v3,42
17189,1,0.00011065844591939822,0,0.13417820632457733,model::deberta_v3_base,DeBERTa-v3,42
9134,1,0.00016320399299729615,0,0.13417820632457733,model::deberta_v3_base,DeBERTa-v3,42
12200,1,0.00010498733900021762,0,0.13417820632457733,model::deberta_v3_base,DeBERTa-v3,42
4839,1,0.00021124028717167675,0,0.13417820632457733,model::deberta_v3_base,DeBERTa-v3,42
8432,0,0.00014531852502841502,0,0.13417820632457733,model::deberta_v3_base,DeBERTa-v3,42
6609,0,0.00013119608047418296,0,0.13417820632457733,model::deberta_v3_base,DeBERTa-v3,42
11117,1,0.00010764611215563491,0,0.13417820632457733,model::deberta_v3_base,DeBERTa-v3,42
18588,0,8.473311027046293e-05,0,0.13417820632457733,model::deberta_v3_base,DeBERTa-v3,42
11898,1,0.00011345659731887281,0,0.13417820632457733,model::deberta_v3_base,DeBERTa-v3,42
4684,1,0.00015424478624481708,0,0.13417820632457733,model::deberta_v3_base,DeBERTa-v3,42
8985,1,9.57549927989021e-05,0,0.13417820632457733,model::deberta_v3_base,DeBERTa-v3,42
3148,0,9.477679850533605e-05,0,0.13417820632457733,model::deberta_v3_base,DeBERTa-v3,42
16635,1,0.00021540529269259423,0,0.13417820632457733,model::deberta_v3_base,DeBERTa-v3,42
20623,1,0.00014951358025427908,0,0.13417820632457733,model::deberta_v3_base,DeBERTa-v3,42
3382,1,0.00011757283209590241,0,0.13417820632457733,model::deberta_v3_base,DeBERTa-v3,42
16006,0,8.450893801636994e-05,0,0.13417820632457733,model::deberta_v3_base,DeBERTa-v3,42
15846,1,0.00027132604736834764,0,0.13417820632457733,model::deberta_v3_base,DeBERTa-v3,42
2724,0,8.749649714445695e-05,0,0.13417820632457733,model::deberta_v3_base,DeBERTa-v3,42
14423,0,8.431584137724712e-05,0,0.13417820632457733,model::deberta_v3_base,DeBERTa-v3,42
19181,0,0.00027620582841336727,0,0.13417820632457733,model::deberta_v3_base,DeBERTa-v3,42
13906,1,0.00011082390847150236,0,0.13417820632457733,model::deberta_v3_base,DeBERTa-v3,42
6906,0,7.171527249738574e-05,0,0.13417820632457733,model::deberta_v3_base,DeBERTa-v3,42
14746,0,6.212510197656229e-05,0,0.13417820632457733,model::deberta_v3_base,DeBERTa-v3,42
18165,0,0.0001958083303179592,0,0.13417820632457733,model::deberta_v3_base,DeBERTa-v3,42
10178,1,0.00027654258883558214,0,0.13417820632457733,model::deberta_v3_base,DeBERTa-v3,42
11965,0,7.975799962878227e-05,0,0.13417820632457733,model::deberta_v3_base,DeBERTa-v3,42
6514,0,0.00021959672449156642,0,0.13417820632457733,model::deberta_v3_base,DeBERTa-v3,42
12259,1,6.809532351326197e-05,0,0.13417820632457733,model::deberta_v3_base,DeBERTa-v3,42
4443,0,0.0001349554513581097,0,0.13417820632457733,model::deberta_v3_base,DeBERTa-v3,42
17788,1,0.0001174879798782058,0,0.13417820632457733,model::deberta_v3_base,DeBERTa-v3,42
20738,1,0.00011504390568006784,0,0.13417820632457733,model::deberta_v3_base,DeBERTa-v3,42
694,1,0.00012406885798554868,0,0.13417820632457733,model::deberta_v3_base,DeBERTa-v3,42
16476,1,0.00017336154996883124,0,0.13417820632457733,model::deberta_v3_base,DeBERTa-v3,42
9628,1,0.00015772011829540133,0,0.13417820632457733,model::deberta_v3_base,DeBERTa-v3,42
13808,0,0.0003259823424741626,0,0.13417820632457733,model::deberta_v3_base,DeBERTa-v3,42
13474,1,8.593285747338086e-05,0,0.13417820632457733,model::deberta_v3_base,DeBERTa-v3,42
16807,0,0.0002971813955809921,0,0.13417820632457733,model::deberta_v3_base,DeBERTa-v3,42
9251,1,0.00021392609050963074,0,0.13417820632457733,model::deberta_v3_base,DeBERTa-v3,42
4372,0,0.00013017276069149375,0,0.13417820632457733,model::deberta_v3_base,DeBERTa-v3,42
5210,0,0.0001938379864441231,0,0.13417820632457733,model::deberta_v3_base,DeBERTa-v3,42
16415,1,0.0003047948412131518,0,0.13417820632457733,model::deberta_v3_base,DeBERTa-v3,42
18154,1,0.0001439804764231667,0,0.13417820632457733,model::deberta_v3_base,DeBERTa-v3,42
7981,0,0.00015728111611679196,0,0.13417820632457733,model::deberta_v3_base,DeBERTa-v3,42
7735,0,0.00038745105848647654,0,0.13417820632457733,model::deberta_v3_base,DeBERTa-v3,42
1586,0,0.00035101434332318604,0,0.13417820632457733,model::deberta_v3_base,DeBERTa-v3,42
3996,0,0.0001418046886101365,0,0.13417820632457733,model::deberta_v3_base,DeBERTa-v3,42
8136,0,8.450636232737452e-05,0,0.13417820632457733,model::deberta_v3_base,DeBERTa-v3,42
10160,0,7.145144627429545e-05,0,0.13417820632457733,model::deberta_v3_base,DeBERTa-v3,42
17517,0,0.00010307616321370006,0,0.13417820632457733,model::deberta_v3_base,DeBERTa-v3,42
11299,1,0.00013391199172474444,0,0.13417820632457733,model::deberta_v3_base,DeBERTa-v3,42
18883,0,0.00017481499526184052,0,0.13417820632457733,model::deberta_v3_base,DeBERTa-v3,42
13217,1,0.00018413923680782318,0,0.13417820632457733,model::deberta_v3_base,DeBERTa-v3,42
17518,1,0.0002013049233937636,0,0.13417820632457733,model::deberta_v3_base,DeBERTa-v3,42
17572,1,9.906125342240557e-05,0,0.13417820632457733,model::deberta_v3_base,DeBERTa-v3,42
992,1,9.612203575670719e-05,0,0.13417820632457733,model::deberta_v3_base,DeBERTa-v3,42
18566,1,0.0001053800224326551,0,0.13417820632457733,model::deberta_v3_base,DeBERTa-v3,42
1408,0,0.00036439092946238816,0,0.13417820632457733,model::deberta_v3_base,DeBERTa-v3,42
18302,1,0.00018779293168336153,0,0.13417820632457733,model::deberta_v3_base,DeBERTa-v3,42
18924,1,9.595022856956348e-05,0,0.13417820632457733,model::deberta_v3_base,DeBERTa-v3,42
17217,1,0.0002033369819400832,0,0.13417820632457733,model::deberta_v3_base,DeBERTa-v3,42
15180,0,0.00012020637950627133,0,0.13417820632457733,model::deberta_v3_base,DeBERTa-v3,42
5612,1,9.8757169325836e-05,0,0.13417820632457733,model::deberta_v3_base,DeBERTa-v3,42
20230,0,0.00013447552919387817,0,0.13417820632457733,model::deberta_v3_base,DeBERTa-v3,42
19044,1,0.0001539776276331395,0,0.13417820632457733,model::deberta_v3_base,DeBERTa-v3,42
11003,1,0.00012434115342330188,0,0.13417820632457733,model::deberta_v3_base,DeBERTa-v3,42
1719,0,0.000164069322636351,0,0.13417820632457733,model::deberta_v3_base,DeBERTa-v3,42
12564,1,0.0001321997115155682,0,0.13417820632457733,model::deberta_v3_base,DeBERTa-v3,42
3399,1,0.00014514458598569036,0,0.13417820632457733,model::deberta_v3_base,DeBERTa-v3,42
13910,1,0.0001443958462914452,0,0.13417820632457733,model::deberta_v3_base,DeBERTa-v3,42
6487,1,9.584752842783928e-05,0,0.13417820632457733,model::deberta_v3_base,DeBERTa-v3,42
2142,0,0.0001494882017141208,0,0.13417820632457733,model::deberta_v3_base,DeBERTa-v3,42
13431,1,0.00011174681276315823,0,0.13417820632457733,model::deberta_v3_base,DeBERTa-v3,42
1180,1,0.00011327575339237228,0,0.13417820632457733,model::deberta_v3_base,DeBERTa-v3,42
4332,1,0.00012594972213264555,0,0.13417820632457733,model::deberta_v3_base,DeBERTa-v3,42
7629,0,8.848929428495467e-05,0,0.13417820632457733,model::deberta_v3_base,DeBERTa-v3,42
1938,0,7.66122539062053e-05,0,0.13417820632457733,model::deberta_v3_base,DeBERTa-v3,42
9064,0,0.0014531629858538508,0,0.13417820632457733,model::deberta_v3_base,DeBERTa-v3,42
11771,1,0.00013282644795253873,0,0.13417820632457733,model::deberta_v3_base,DeBERTa-v3,42
10164,0,5.986502947052941e-05,0,0.13417820632457733,model::deberta_v3_base,DeBERTa-v3,42
20501,1,0.00014124735025689006,0,0.13417820632457733,model::deberta_v3_base,DeBERTa-v3,42
13574,1,9.884432074613869e-05,0,0.13417820632457733,model::deberta_v3_base,DeBERTa-v3,42
14784,1,0.00014271681720856577,0,0.13417820632457733,model::deberta_v3_base,DeBERTa-v3,42
12696,0,0.00017173487867694348,0,0.13417820632457733,model::deberta_v3_base,DeBERTa-v3,42
16175,0,0.000246850133407861,0,0.13417820632457733,model::deberta_v3_base,DeBERTa-v3,42
1047,1,0.00015840372361708432,0,0.13417820632457733,model::deberta_v3_base,DeBERTa-v3,42
1896,1,0.00027657553437165916,0,0.13417820632457733,model::deberta_v3_base,DeBERTa-v3,42
15528,0,6.560982001246884e-05,0,0.13417820632457733,model::deberta_v3_base,DeBERTa-v3,42
20703,0,0.00029452721355482936,0,0.13417820632457733,model::deberta_v3_base,DeBERTa-v3,42
4700,0,0.00016424339264631271,0,0.13417820632457733,model::deberta_v3_base,DeBERTa-v3,42
7086,0,9.956715803127736e-05,0,0.13417820632457733,model::deberta_v3_base,DeBERTa-v3,42
17127,1,0.0002488564350642264,0,0.13417820632457733,model::deberta_v3_base,DeBERTa-v3,42
11904,1,0.00021805839787703007,0,0.13417820632457733,model::deberta_v3_base,DeBERTa-v3,42
17366,0,0.0003692612226586789,0,0.13417820632457733,model::deberta_v3_base,DeBERTa-v3,42
6440,0,0.00010746857151389122,0,0.13417820632457733,model::deberta_v3_base,DeBERTa-v3,42
11789,0,0.00011798769264714792,0,0.13417820632457733,model::deberta_v3_base,DeBERTa-v3,42
13514,0,0.0001396889565512538,0,0.13417820632457733,model::deberta_v3_base,DeBERTa-v3,42
19817,0,0.00051852036267519,0,0.13417820632457733,model::deberta_v3_base,DeBERTa-v3,42
9850,0,8.570682257413864e-05,0,0.13417820632457733,model::deberta_v3_base,DeBERTa-v3,42
19653,1,9.675176988821477e-05,0,0.13417820632457733,model::deberta_v3_base,DeBERTa-v3,42
8248,1,0.0001247803884325549,0,0.13417820632457733,model::deberta_v3_base,DeBERTa-v3,42
6993,0,0.00010224446305073798,0,0.13417820632457733,model::deberta_v3_base,DeBERTa-v3,42
869,1,0.00011421491944929585,0,0.13417820632457733,model::deberta_v3_base,DeBERTa-v3,42
4531,0,7.828678644727916e-05,0,0.13417820632457733,model::deberta_v3_base,DeBERTa-v3,42
4600,0,0.00014750192349310964,0,0.13417820632457733,model::deberta_v3_base,DeBERTa-v3,42
20600,1,0.00011402991367504,0,0.13417820632457733,model::deberta_v3_base,DeBERTa-v3,42
11615,1,0.00014446057321038097,0,0.13417820632457733,model::deberta_v3_base,DeBERTa-v3,42
11622,1,0.0001049081765813753,0,0.13417820632457733,model::deberta_v3_base,DeBERTa-v3,42
13650,0,0.00010938522609649226,0,0.13417820632457733,model::deberta_v3_base,DeBERTa-v3,42
16735,1,0.00012289013830013573,0,0.13417820632457733,model::deberta_v3_base,DeBERTa-v3,42
8640,1,9.474137186771259e-05,0,0.13417820632457733,model::deberta_v3_base,DeBERTa-v3,42
6830,0,7.66024604672566e-05,0,0.13417820632457733,model::deberta_v3_base,DeBERTa-v3,42
5077,0,8.536921086488292e-05,0,0.13417820632457733,model::deberta_v3_base,DeBERTa-v3,42
14749,1,0.00011854061449412256,0,0.13417820632457733,model::deberta_v3_base,DeBERTa-v3,42
771,1,0.00023343680368270725,0,0.13417820632457733,model::deberta_v3_base,DeBERTa-v3,42
9405,0,7.011793786659837e-05,0,0.13417820632457733,model::deberta_v3_base,DeBERTa-v3,42
10887,1,0.0001301655574934557,0,0.13417820632457733,model::deberta_v3_base,DeBERTa-v3,42
1780,1,0.0001225659652845934,0,0.13417820632457733,model::deberta_v3_base,DeBERTa-v3,42
6717,0,0.00012917391723021865,0,0.13417820632457733,model::deberta_v3_base,DeBERTa-v3,42
19911,0,6.58279750496149e-05,0,0.13417820632457733,model::deberta_v3_base,DeBERTa-v3,42
14298,1,8.776540198596194e-05,0,0.13417820632457733,model::deberta_v3_base,DeBERTa-v3,42
15411,0,6.85427658027038e-05,0,0.13417820632457733,model::deberta_v3_base,DeBERTa-v3,42
15019,1,8.37475381558761e-05,0,0.13417820632457733,model::deberta_v3_base,DeBERTa-v3,42
9610,0,0.00017027603462338448,0,0.13417820632457733,model::deberta_v3_base,DeBERTa-v3,42
1303,1,8.091954805422574e-05,0,0.13417820632457733,model::deberta_v3_base,DeBERTa-v3,42
19490,1,0.0001275173417525366,0,0.13417820632457733,model::deberta_v3_base,DeBERTa-v3,42
6822,1,0.00022446880757343024,0,0.13417820632457733,model::deberta_v3_base,DeBERTa-v3,42
4488,0,0.00015135883586481214,0,0.13417820632457733,model::deberta_v3_base,DeBERTa-v3,42
7461,1,0.00016684626461938024,0,0.13417820632457733,model::deberta_v3_base,DeBERTa-v3,42
13029,0,0.0001787979999789968,0,0.13417820632457733,model::deberta_v3_base,DeBERTa-v3,42
14146,0,7.352168177021667e-05,0,0.13417820632457733,model::deberta_v3_base,DeBERTa-v3,42
18257,0,0.0007687810575589538,0,0.13417820632457733,model::deberta_v3_base,DeBERTa-v3,42
9122,0,0.00020672442042268813,0,0.13417820632457733,model::deberta_v3_base,DeBERTa-v3,42
15865,0,6.553415005328134e-05,0,0.13417820632457733,model::deberta_v3_base,DeBERTa-v3,42
6557,0,0.00015612640709150583,0,0.13417820632457733,model::deberta_v3_base,DeBERTa-v3,42
11588,1,0.00018410237680654973,0,0.13417820632457733,model::deberta_v3_base,DeBERTa-v3,42
6186,0,6.952575495233759e-05,0,0.13417820632457733,model::deberta_v3_base,DeBERTa-v3,42
1900,0,9.675564797362313e-05,0,0.13417820632457733,model::deberta_v3_base,DeBERTa-v3,42
73,1,9.747158037498593e-05,0,0.13417820632457733,model::deberta_v3_base,DeBERTa-v3,42
1997,1,9.866670734481886e-05,0,0.13417820632457733,model::deberta_v3_base,DeBERTa-v3,42
17534,0,0.00016138477076310664,0,0.13417820632457733,model::deberta_v3_base,DeBERTa-v3,42
9958,1,8.981241990113631e-05,0,0.13417820632457733,model::deberta_v3_base,DeBERTa-v3,42
17511,0,0.002818471286445856,0,0.13417820632457733,model::deberta_v3_base,DeBERTa-v3,42
16955,0,8.83402390172705e-05,0,0.13417820632457733,model::deberta_v3_base,DeBERTa-v3,42
15570,1,0.0001523896207800135,0,0.13417820632457733,model::deberta_v3_base,DeBERTa-v3,42
14801,0,0.0010024694493040442,0,0.13417820632457733,model::deberta_v3_base,DeBERTa-v3,42
21136,1,0.0001070888465619646,0,0.13417820632457733,model::deberta_v3_base,DeBERTa-v3,42
13584,0,8.322917710756883e-05,0,0.13417820632457733,model::deberta_v3_base,DeBERTa-v3,42
140,0,0.00012066505587426946,0,0.13417820632457733,model::deberta_v3_base,DeBERTa-v3,42
12883,0,0.00014258798910304904,0,0.13417820632457733,model::deberta_v3_base,DeBERTa-v3,42
2537,1,0.00011558512051124126,0,0.13417820632457733,model::deberta_v3_base,DeBERTa-v3,42
14346,1,0.0002126949984813109,0,0.13417820632457733,model::deberta_v3_base,DeBERTa-v3,42
12273,0,0.00012433498341124505,0,0.13417820632457733,model::deberta_v3_base,DeBERTa-v3,42
17739,0,0.00035536003997549415,0,0.13417820632457733,model::deberta_v3_base,DeBERTa-v3,42
2964,0,8.036893996177241e-05,0,0.13417820632457733,model::deberta_v3_base,DeBERTa-v3,42
1868,0,0.9947541952133179,1,0.13417820632457733,model::deberta_v3_base,DeBERTa-v3,42
4967,0,0.000648468965664506,0,0.13417820632457733,model::deberta_v3_base,DeBERTa-v3,42
983,0,0.00012884569878224283,0,0.13417820632457733,model::deberta_v3_base,DeBERTa-v3,42
8412,0,0.0002713110879994929,0,0.13417820632457733,model::deberta_v3_base,DeBERTa-v3,42
11817,0,0.0001416770974174142,0,0.13417820632457733,model::deberta_v3_base,DeBERTa-v3,42
9858,0,0.0009281093371100724,0,0.13417820632457733,model::deberta_v3_base,DeBERTa-v3,42
5689,0,0.00029107800219208,0,0.13417820632457733,model::deberta_v3_base,DeBERTa-v3,42
15542,1,0.00020214988035149872,0,0.13417820632457733,model::deberta_v3_base,DeBERTa-v3,42
6656,0,0.00010700902930693701,0,0.13417820632457733,model::deberta_v3_base,DeBERTa-v3,42
13243,0,0.00014035908679943532,0,0.13417820632457733,model::deberta_v3_base,DeBERTa-v3,42
4093,0,0.001630472601391375,0,0.13417820632457733,model::deberta_v3_base,DeBERTa-v3,42
2931,1,0.00010975247278111055,0,0.13417820632457733,model::deberta_v3_base,DeBERTa-v3,42
16447,0,0.0005580606521107256,0,0.13417820632457733,model::deberta_v3_base,DeBERTa-v3,42
12140,0,0.0003090724057983607,0,0.13417820632457733,model::deberta_v3_base,DeBERTa-v3,42
2519,1,0.00010128724534297362,0,0.13417820632457733,model::deberta_v3_base,DeBERTa-v3,42
5451,1,0.00010764211037894711,0,0.13417820632457733,model::deberta_v3_base,DeBERTa-v3,42
19200,0,6.779727118555456e-05,0,0.13417820632457733,model::deberta_v3_base,DeBERTa-v3,42
10442,1,0.00019322756270412356,0,0.13417820632457733,model::deberta_v3_base,DeBERTa-v3,42
12549,0,0.00013023904466535896,0,0.13417820632457733,model::deberta_v3_base,DeBERTa-v3,42
9431,0,0.00014173818635754287,0,0.13417820632457733,model::deberta_v3_base,DeBERTa-v3,42
990,0,0.9903774857521057,1,0.13417820632457733,model::deberta_v3_base,DeBERTa-v3,42
15110,1,0.00014398913481272757,0,0.13417820632457733,model::deberta_v3_base,DeBERTa-v3,42
3788,1,0.0002045827714027837,0,0.13417820632457733,model::deberta_v3_base,DeBERTa-v3,42
9914,1,0.00017258702428080142,0,0.13417820632457733,model::deberta_v3_base,DeBERTa-v3,42
12594,1,0.00011689024540828541,0,0.13417820632457733,model::deberta_v3_base,DeBERTa-v3,42
11580,1,0.00017355904856231064,0,0.13417820632457733,model::deberta_v3_base,DeBERTa-v3,42
20231,1,0.00015071190136950463,0,0.13417820632457733,model::deberta_v3_base,DeBERTa-v3,42
21023,1,7.041315984679386e-05,0,0.13417820632457733,model::deberta_v3_base,DeBERTa-v3,42
2728,1,9.152566781267524e-05,0,0.13417820632457733,model::deberta_v3_base,DeBERTa-v3,42
11422,0,0.00012587588571477681,0,0.13417820632457733,model::deberta_v3_base,DeBERTa-v3,42
58,1,8.949489711085334e-05,0,0.13417820632457733,model::deberta_v3_base,DeBERTa-v3,42
17977,0,0.00012691081792581826,0,0.13417820632457733,model::deberta_v3_base,DeBERTa-v3,42
14416,0,7.684580486966297e-05,0,0.13417820632457733,model::deberta_v3_base,DeBERTa-v3,42
10629,0,0.0017212934326380491,0,0.13417820632457733,model::deberta_v3_base,DeBERTa-v3,42
4138,0,0.00011163945600856096,0,0.13417820632457733,model::deberta_v3_base,DeBERTa-v3,42
2877,1,0.00010477251635165885,0,0.13417820632457733,model::deberta_v3_base,DeBERTa-v3,42
17097,1,0.00013036889140494168,0,0.13417820632457733,model::deberta_v3_base,DeBERTa-v3,42
4870,0,0.00023088284069672227,0,0.13417820632457733,model::deberta_v3_base,DeBERTa-v3,42
15207,0,0.00017624934844207019,0,0.13417820632457733,model::deberta_v3_base,DeBERTa-v3,42
4160,1,8.79463623277843e-05,0,0.13417820632457733,model::deberta_v3_base,DeBERTa-v3,42
16079,1,8.612334204372019e-05,0,0.13417820632457733,model::deberta_v3_base,DeBERTa-v3,42
16506,0,8.447357686236501e-05,0,0.13417820632457733,model::deberta_v3_base,DeBERTa-v3,42
7357,0,0.00016071707068476826,0,0.13417820632457733,model::deberta_v3_base,DeBERTa-v3,42
2804,1,0.00023577161482535303,0,0.13417820632457733,model::deberta_v3_base,DeBERTa-v3,42
4393,0,0.00021629930415656418,0,0.13417820632457733,model::deberta_v3_base,DeBERTa-v3,42
16123,0,5.7821562222670764e-05,0,0.13417820632457733,model::deberta_v3_base,DeBERTa-v3,42
14689,0,0.00010137035133084282,0,0.13417820632457733,model::deberta_v3_base,DeBERTa-v3,42
2098,1,0.00018816035299096256,0,0.13417820632457733,model::deberta_v3_base,DeBERTa-v3,42
4123,0,7.844656647648662e-05,0,0.13417820632457733,model::deberta_v3_base,DeBERTa-v3,42
2710,1,8.834174514049664e-05,0,0.13417820632457733,model::deberta_v3_base,DeBERTa-v3,42
13111,0,0.00019870340474881232,0,0.13417820632457733,model::deberta_v3_base,DeBERTa-v3,42
12692,0,7.387610821751878e-05,0,0.13417820632457733,model::deberta_v3_base,DeBERTa-v3,42
13520,1,0.00019967333355452865,0,0.13417820632457733,model::deberta_v3_base,DeBERTa-v3,42
5758,1,9.3095499323681e-05,0,0.13417820632457733,model::deberta_v3_base,DeBERTa-v3,42
1923,0,7.689887570450082e-05,0,0.13417820632457733,model::deberta_v3_base,DeBERTa-v3,42
16691,1,0.0001288732310058549,0,0.13417820632457733,model::deberta_v3_base,DeBERTa-v3,42
2843,1,9.390596096636727e-05,0,0.13417820632457733,model::deberta_v3_base,DeBERTa-v3,42
6914,0,0.0007276838296093047,0,0.13417820632457733,model::deberta_v3_base,DeBERTa-v3,42
262,1,7.946010737214237e-05,0,0.13417820632457733,model::deberta_v3_base,DeBERTa-v3,42
19118,1,0.00012752876500599086,0,0.13417820632457733,model::deberta_v3_base,DeBERTa-v3,42
13201,0,0.0001298378047067672,0,0.13417820632457733,model::deberta_v3_base,DeBERTa-v3,42
15079,1,7.949617429403588e-05,0,0.13417820632457733,model::deberta_v3_base,DeBERTa-v3,42
19957,1,0.00015877332771196961,0,0.13417820632457733,model::deberta_v3_base,DeBERTa-v3,42
18151,0,0.0002753930166363716,0,0.13417820632457733,model::deberta_v3_base,DeBERTa-v3,42
10389,1,0.00010624057904351503,0,0.13417820632457733,model::deberta_v3_base,DeBERTa-v3,42
15721,0,0.000194855296285823,0,0.13417820632457733,model::deberta_v3_base,DeBERTa-v3,42
8334,0,0.0005057285306975245,0,0.13417820632457733,model::deberta_v3_base,DeBERTa-v3,42
9060,1,0.0001714402314973995,0,0.13417820632457733,model::deberta_v3_base,DeBERTa-v3,42
15608,0,0.014815778471529484,0,0.13417820632457733,model::deberta_v3_base,DeBERTa-v3,42
6900,1,0.00018002319848164916,0,0.13417820632457733,model::deberta_v3_base,DeBERTa-v3,42
8360,0,0.0001805428328225389,0,0.13417820632457733,model::deberta_v3_base,DeBERTa-v3,42
20748,0,0.00011882399121532217,0,0.13417820632457733,model::deberta_v3_base,DeBERTa-v3,42
9035,0,9.950953972293064e-05,0,0.13417820632457733,model::deberta_v3_base,DeBERTa-v3,42
21063,1,0.0001537490461487323,0,0.13417820632457733,model::deberta_v3_base,DeBERTa-v3,42
9584,0,0.00014543633733410388,0,0.13417820632457733,model::deberta_v3_base,DeBERTa-v3,42
6997,0,0.00018805831496138126,0,0.13417820632457733,model::deberta_v3_base,DeBERTa-v3,42
6627,1,0.00015552314289379865,0,0.13417820632457733,model::deberta_v3_base,DeBERTa-v3,42
11010,0,0.0008286529337055981,0,0.13417820632457733,model::deberta_v3_base,DeBERTa-v3,42
1758,1,0.00021157004812266678,0,0.13417820632457733,model::deberta_v3_base,DeBERTa-v3,42
13549,1,0.00019688124302774668,0,0.13417820632457733,model::deberta_v3_base,DeBERTa-v3,42
10221,0,0.00014911990729160607,0,0.13417820632457733,model::deberta_v3_base,DeBERTa-v3,42
10909,0,0.00010050734999822453,0,0.13417820632457733,model::deberta_v3_base,DeBERTa-v3,42
18920,1,9.01810999494046e-05,0,0.13417820632457733,model::deberta_v3_base,DeBERTa-v3,42
2552,1,0.00016479370242450386,0,0.13417820632457733,model::deberta_v3_base,DeBERTa-v3,42
8331,0,0.00011745248775696382,0,0.13417820632457733,model::deberta_v3_base,DeBERTa-v3,42
10710,0,0.0011664939811453223,0,0.13417820632457733,model::deberta_v3_base,DeBERTa-v3,42
7649,0,0.00010617696534609422,0,0.13417820632457733,model::deberta_v3_base,DeBERTa-v3,42
5626,1,0.0002891264157369733,0,0.13417820632457733,model::deberta_v3_base,DeBERTa-v3,42
1752,1,0.00021111582464072853,0,0.13417820632457733,model::deberta_v3_base,DeBERTa-v3,42
8963,0,0.00011294515570625663,0,0.13417820632457733,model::deberta_v3_base,DeBERTa-v3,42
3156,0,0.0002352418814552948,0,0.13417820632457733,model::deberta_v3_base,DeBERTa-v3,42
10116,1,9.065098856808618e-05,0,0.13417820632457733,model::deberta_v3_base,DeBERTa-v3,42
15902,1,0.00010287094482919201,0,0.13417820632457733,model::deberta_v3_base,DeBERTa-v3,42
5167,0,0.0001758535363478586,0,0.13417820632457733,model::deberta_v3_base,DeBERTa-v3,42
14813,0,0.00017319615290034562,0,0.13417820632457733,model::deberta_v3_base,DeBERTa-v3,42
19699,1,0.00010177336662309244,0,0.13417820632457733,model::deberta_v3_base,DeBERTa-v3,42
2287,1,0.00010308541095582768,0,0.13417820632457733,model::deberta_v3_base,DeBERTa-v3,42
3792,1,0.00010110544826602563,0,0.13417820632457733,model::deberta_v3_base,DeBERTa-v3,42
11717,1,0.0001338826259598136,0,0.13417820632457733,model::deberta_v3_base,DeBERTa-v3,42
12060,1,0.0001086210468201898,0,0.13417820632457733,model::deberta_v3_base,DeBERTa-v3,42
4459,0,8.826496195979416e-05,0,0.13417820632457733,model::deberta_v3_base,DeBERTa-v3,42
18589,1,0.00010074483725475147,0,0.13417820632457733,model::deberta_v3_base,DeBERTa-v3,42
12309,1,0.00011890367022715509,0,0.13417820632457733,model::deberta_v3_base,DeBERTa-v3,42
3518,1,0.00017986826424021274,0,0.13417820632457733,model::deberta_v3_base,DeBERTa-v3,42
2605,0,0.00014603236922994256,0,0.13417820632457733,model::deberta_v3_base,DeBERTa-v3,42
2708,1,0.00016999634681269526,0,0.13417820632457733,model::deberta_v3_base,DeBERTa-v3,42
18702,0,0.00017647822096478194,0,0.13417820632457733,model::deberta_v3_base,DeBERTa-v3,42
13381,1,0.00011424553667893633,0,0.13417820632457733,model::deberta_v3_base,DeBERTa-v3,42
15131,1,0.000115377435577102,0,0.13417820632457733,model::deberta_v3_base,DeBERTa-v3,42
11910,0,0.00011488515883684158,0,0.13417820632457733,model::deberta_v3_base,DeBERTa-v3,42
8854,0,0.00018572907720226794,0,0.13417820632457733,model::deberta_v3_base,DeBERTa-v3,42
18940,1,8.962608262663707e-05,0,0.13417820632457733,model::deberta_v3_base,DeBERTa-v3,42
4387,1,0.00016937375767156482,0,0.13417820632457733,model::deberta_v3_base,DeBERTa-v3,42
20660,1,9.48572633205913e-05,0,0.13417820632457733,model::deberta_v3_base,DeBERTa-v3,42
20305,1,7.493534940294921e-05,0,0.13417820632457733,model::deberta_v3_base,DeBERTa-v3,42
14420,1,0.00013651128392666578,0,0.13417820632457733,model::deberta_v3_base,DeBERTa-v3,42
1708,0,0.00028208785806782544,0,0.13417820632457733,model::deberta_v3_base,DeBERTa-v3,42
6131,0,0.00016199728997889906,0,0.13417820632457733,model::deberta_v3_base,DeBERTa-v3,42
2669,0,8.074673678493127e-05,0,0.13417820632457733,model::deberta_v3_base,DeBERTa-v3,42
4759,0,0.00010289174679201096,0,0.13417820632457733,model::deberta_v3_base,DeBERTa-v3,42
5305,1,0.00012575603614095598,0,0.13417820632457733,model::deberta_v3_base,DeBERTa-v3,42
1262,0,0.00031036543077789247,0,0.13417820632457733,model::deberta_v3_base,DeBERTa-v3,42
18111,0,0.0001163479100796394,0,0.13417820632457733,model::deberta_v3_base,DeBERTa-v3,42
19422,0,0.0001747283386066556,0,0.13417820632457733,model::deberta_v3_base,DeBERTa-v3,42
15033,0,0.0008832066087052226,0,0.13417820632457733,model::deberta_v3_base,DeBERTa-v3,42
11051,0,0.0004702460137195885,0,0.13417820632457733,model::deberta_v3_base,DeBERTa-v3,42
16591,0,0.001279970514588058,0,0.13417820632457733,model::deberta_v3_base,DeBERTa-v3,42
2053,1,8.312940190080553e-05,0,0.13417820632457733,model::deberta_v3_base,DeBERTa-v3,42
7319,0,0.00010175249190069735,0,0.13417820632457733,model::deberta_v3_base,DeBERTa-v3,42
7997,0,0.0012053251266479492,0,0.13417820632457733,model::deberta_v3_base,DeBERTa-v3,42
2440,1,0.00011580012505874038,0,0.13417820632457733,model::deberta_v3_base,DeBERTa-v3,42
7873,1,0.00012132858682889491,0,0.13417820632457733,model::deberta_v3_base,DeBERTa-v3,42
1101,1,0.00011016475764336064,0,0.13417820632457733,model::deberta_v3_base,DeBERTa-v3,42
3293,1,9.786171722225845e-05,0,0.13417820632457733,model::deberta_v3_base,DeBERTa-v3,42
8649,0,6.150625995360315e-05,0,0.13417820632457733,model::deberta_v3_base,DeBERTa-v3,42
9112,0,0.00023309806420002133,0,0.13417820632457733,model::deberta_v3_base,DeBERTa-v3,42
18634,1,0.00024197246239054948,0,0.13417820632457733,model::deberta_v3_base,DeBERTa-v3,42
6069,0,8.465057180728763e-05,0,0.13417820632457733,model::deberta_v3_base,DeBERTa-v3,42
11843,0,0.00014187069609761238,0,0.13417820632457733,model::deberta_v3_base,DeBERTa-v3,42
1064,1,0.00021533051040023565,0,0.13417820632457733,model::deberta_v3_base,DeBERTa-v3,42
19432,1,0.00016896823944989592,0,0.13417820632457733,model::deberta_v3_base,DeBERTa-v3,42
20396,1,0.00015092763351276517,0,0.13417820632457733,model::deberta_v3_base,DeBERTa-v3,42
175,1,9.056286216946319e-05,0,0.13417820632457733,model::deberta_v3_base,DeBERTa-v3,42
973,1,7.027417450444773e-05,0,0.13417820632457733,model::deberta_v3_base,DeBERTa-v3,42
13368,1,0.00027623740606941283,0,0.13417820632457733,model::deberta_v3_base,DeBERTa-v3,42
43,0,5.828448411193676e-05,0,0.13417820632457733,model::deberta_v3_base,DeBERTa-v3,42
13811,0,7.467199611710384e-05,0,0.13417820632457733,model::deberta_v3_base,DeBERTa-v3,42
14588,1,0.00016215354844462126,0,0.13417820632457733,model::deberta_v3_base,DeBERTa-v3,42
10266,1,0.00012622469512280077,0,0.13417820632457733,model::deberta_v3_base,DeBERTa-v3,42
18433,1,0.00038107766886241734,0,0.13417820632457733,model::deberta_v3_base,DeBERTa-v3,42
4570,1,9.227969712810591e-05,0,0.13417820632457733,model::deberta_v3_base,DeBERTa-v3,42
6306,0,0.00018186631496064365,0,0.13417820632457733,model::deberta_v3_base,DeBERTa-v3,42
14540,0,7.902606012066826e-05,0,0.13417820632457733,model::deberta_v3_base,DeBERTa-v3,42
17165,0,8.456990326521918e-05,0,0.13417820632457733,model::deberta_v3_base,DeBERTa-v3,42
641,1,0.00013736277469433844,0,0.13417820632457733,model::deberta_v3_base,DeBERTa-v3,42
5502,0,9.68496169662103e-05,0,0.13417820632457733,model::deberta_v3_base,DeBERTa-v3,42
20592,0,0.00017708992527332157,0,0.13417820632457733,model::deberta_v3_base,DeBERTa-v3,42
18238,1,0.00020187000336591154,0,0.13417820632457733,model::deberta_v3_base,DeBERTa-v3,42
8128,1,0.00013380400196183473,0,0.13417820632457733,model::deberta_v3_base,DeBERTa-v3,42
19729,0,0.0002937722601927817,0,0.13417820632457733,model::deberta_v3_base,DeBERTa-v3,42
15926,1,0.0001990610471693799,0,0.13417820632457733,model::deberta_v3_base,DeBERTa-v3,42
19177,1,0.0004622779961209744,0,0.13417820632457733,model::deberta_v3_base,DeBERTa-v3,42
17990,1,0.00010913184087257832,0,0.13417820632457733,model::deberta_v3_base,DeBERTa-v3,42
4899,1,0.00029233976965770125,0,0.13417820632457733,model::deberta_v3_base,DeBERTa-v3,42
19461,1,0.00012294652697164565,0,0.13417820632457733,model::deberta_v3_base,DeBERTa-v3,42
616,1,9.667264384916052e-05,0,0.13417820632457733,model::deberta_v3_base,DeBERTa-v3,42
5886,0,0.00012940667511429638,0,0.13417820632457733,model::deberta_v3_base,DeBERTa-v3,42
11169,1,0.00013704261800739914,0,0.13417820632457733,model::deberta_v3_base,DeBERTa-v3,42
16365,1,0.00021674729941878468,0,0.13417820632457733,model::deberta_v3_base,DeBERTa-v3,42
5788,1,0.00016141463129315525,0,0.13417820632457733,model::deberta_v3_base,DeBERTa-v3,42
10187,1,9.211854194290936e-05,0,0.13417820632457733,model::deberta_v3_base,DeBERTa-v3,42
9084,1,0.0001868641411419958,0,0.13417820632457733,model::deberta_v3_base,DeBERTa-v3,42
243,0,0.00016967166448011994,0,0.13417820632457733,model::deberta_v3_base,DeBERTa-v3,42
12047,1,0.00019355429685674608,0,0.13417820632457733,model::deberta_v3_base,DeBERTa-v3,42
13921,0,0.00015280388470273465,0,0.13417820632457733,model::deberta_v3_base,DeBERTa-v3,42
10155,0,8.421403617830947e-05,0,0.13417820632457733,model::deberta_v3_base,DeBERTa-v3,42
9309,1,0.0001309528452111408,0,0.13417820632457733,model::deberta_v3_base,DeBERTa-v3,42
15515,1,0.00041967970901168883,0,0.13417820632457733,model::deberta_v3_base,DeBERTa-v3,42
10662,0,8.019951201276854e-05,0,0.13417820632457733,model::deberta_v3_base,DeBERTa-v3,42
12693,0,0.00015382177662104368,0,0.13417820632457733,model::deberta_v3_base,DeBERTa-v3,42
16574,0,0.0001664134906604886,0,0.13417820632457733,model::deberta_v3_base,DeBERTa-v3,42
20044,0,0.00012197833711979911,0,0.13417820632457733,model::deberta_v3_base,DeBERTa-v3,42
15500,1,9.931881504599005e-05,0,0.13417820632457733,model::deberta_v3_base,DeBERTa-v3,42
1029,0,0.00047528446884825826,0,0.13417820632457733,model::deberta_v3_base,DeBERTa-v3,42
11614,1,0.00015739243826828897,0,0.13417820632457733,model::deberta_v3_base,DeBERTa-v3,42
9822,1,0.00010283896699547768,0,0.13417820632457733,model::deberta_v3_base,DeBERTa-v3,42
20524,0,0.00014491182810161263,0,0.13417820632457733,model::deberta_v3_base,DeBERTa-v3,42
7741,1,0.00014237509458325803,0,0.13417820632457733,model::deberta_v3_base,DeBERTa-v3,42
14573,0,0.00019317743135616183,0,0.13417820632457733,model::deberta_v3_base,DeBERTa-v3,42
19611,0,0.00010697148536564782,0,0.13417820632457733,model::deberta_v3_base,DeBERTa-v3,42
3277,0,0.0008484945865347981,0,0.13417820632457733,model::deberta_v3_base,DeBERTa-v3,42
12554,1,0.00013861431216355413,0,0.13417820632457733,model::deberta_v3_base,DeBERTa-v3,42
12526,1,9.817876707529649e-05,0,0.13417820632457733,model::deberta_v3_base,DeBERTa-v3,42
20390,1,0.00013580733502749354,0,0.13417820632457733,model::deberta_v3_base,DeBERTa-v3,42
5242,0,0.00012528421939350665,0,0.13417820632457733,model::deberta_v3_base,DeBERTa-v3,42
7776,0,0.00015581083425786346,0,0.13417820632457733,model::deberta_v3_base,DeBERTa-v3,42
13747,1,0.00011213085963390768,0,0.13417820632457733,model::deberta_v3_base,DeBERTa-v3,42
14769,1,0.00017148435290437192,0,0.13417820632457733,model::deberta_v3_base,DeBERTa-v3,42
15408,0,0.00018273404566571116,0,0.13417820632457733,model::deberta_v3_base,DeBERTa-v3,42
8850,0,0.00019779513240791857,0,0.13417820632457733,model::deberta_v3_base,DeBERTa-v3,42
6341,0,9.093444532481954e-05,0,0.13417820632457733,model::deberta_v3_base,DeBERTa-v3,42
7677,1,0.0001545734121464193,0,0.13417820632457733,model::deberta_v3_base,DeBERTa-v3,42
12610,0,0.00010347698844270781,0,0.13417820632457733,model::deberta_v3_base,DeBERTa-v3,42
15436,1,0.0001358645677100867,0,0.13417820632457733,model::deberta_v3_base,DeBERTa-v3,42
248,1,0.00017457111971452832,0,0.13417820632457733,model::deberta_v3_base,DeBERTa-v3,42
8795,0,0.0002082854334730655,0,0.13417820632457733,model::deberta_v3_base,DeBERTa-v3,42
683,1,0.00010266535537084565,0,0.13417820632457733,model::deberta_v3_base,DeBERTa-v3,42
10619,0,5.970778511255048e-05,0,0.13417820632457733,model::deberta_v3_base,DeBERTa-v3,42
901,1,0.0001445142988814041,0,0.13417820632457733,model::deberta_v3_base,DeBERTa-v3,42
6945,0,8.019637607503682e-05,0,0.13417820632457733,model::deberta_v3_base,DeBERTa-v3,42
112,1,0.00013956817565485835,0,0.13417820632457733,model::deberta_v3_base,DeBERTa-v3,42
14601,0,0.0007926554535515606,0,0.13417820632457733,model::deberta_v3_base,DeBERTa-v3,42
9124,1,0.00025759890559129417,0,0.13417820632457733,model::deberta_v3_base,DeBERTa-v3,42
12747,0,0.00014322435890790075,0,0.13417820632457733,model::deberta_v3_base,DeBERTa-v3,42
20252,1,0.00020700368622783571,0,0.13417820632457733,model::deberta_v3_base,DeBERTa-v3,42
18768,0,0.00013735989341512322,0,0.13417820632457733,model::deberta_v3_base,DeBERTa-v3,42
16844,1,0.0001091984668164514,0,0.13417820632457733,model::deberta_v3_base,DeBERTa-v3,42
5992,0,8.108315523713827e-05,0,0.13417820632457733,model::deberta_v3_base,DeBERTa-v3,42
16312,1,0.00016142446838784963,0,0.13417820632457733,model::deberta_v3_base,DeBERTa-v3,42
8930,1,6.775745714548975e-05,0,0.13417820632457733,model::deberta_v3_base,DeBERTa-v3,42
10000,1,0.0001262085570488125,0,0.13417820632457733,model::deberta_v3_base,DeBERTa-v3,42
8083,0,0.00017422558448743075,0,0.13417820632457733,model::deberta_v3_base,DeBERTa-v3,42
1356,0,0.0003076823486480862,0,0.13417820632457733,model::deberta_v3_base,DeBERTa-v3,42
14307,0,0.0001306252379436046,0,0.13417820632457733,model::deberta_v3_base,DeBERTa-v3,42
13423,0,8.154848183039576e-05,0,0.13417820632457733,model::deberta_v3_base,DeBERTa-v3,42
19674,0,6.461000884883106e-05,0,0.13417820632457733,model::deberta_v3_base,DeBERTa-v3,42
16406,0,0.00014264266064856201,0,0.13417820632457733,model::deberta_v3_base,DeBERTa-v3,42
17846,1,0.00014893671323079616,0,0.13417820632457733,model::deberta_v3_base,DeBERTa-v3,42
12642,1,0.0002540907298680395,0,0.13417820632457733,model::deberta_v3_base,DeBERTa-v3,42
13004,0,0.0001717730483505875,0,0.13417820632457733,model::deberta_v3_base,DeBERTa-v3,42
20367,1,9.201240027323365e-05,0,0.13417820632457733,model::deberta_v3_base,DeBERTa-v3,42
16778,1,0.0001255428942386061,0,0.13417820632457733,model::deberta_v3_base,DeBERTa-v3,42
20433,0,0.00018367804295849055,0,0.13417820632457733,model::deberta_v3_base,DeBERTa-v3,42
20928,0,6.25129250693135e-05,0,0.13417820632457733,model::deberta_v3_base,DeBERTa-v3,42
7440,1,6.699263758491725e-05,0,0.13417820632457733,model::deberta_v3_base,DeBERTa-v3,42
10613,0,0.00013537534687202424,0,0.13417820632457733,model::deberta_v3_base,DeBERTa-v3,42
8465,0,0.00010061436478281394,0,0.13417820632457733,model::deberta_v3_base,DeBERTa-v3,42
18203,0,6.79529330227524e-05,0,0.13417820632457733,model::deberta_v3_base,DeBERTa-v3,42
6170,0,7.889037078712136e-05,0,0.13417820632457733,model::deberta_v3_base,DeBERTa-v3,42
11685,1,9.122750634560362e-05,0,0.13417820632457733,model::deberta_v3_base,DeBERTa-v3,42
10932,1,0.00010191582987317815,0,0.13417820632457733,model::deberta_v3_base,DeBERTa-v3,42
12424,0,0.00010628029122017324,0,0.13417820632457733,model::deberta_v3_base,DeBERTa-v3,42
9968,1,0.00010330189252272248,0,0.13417820632457733,model::deberta_v3_base,DeBERTa-v3,42
10475,1,0.00010576872591627762,0,0.13417820632457733,model::deberta_v3_base,DeBERTa-v3,42
11525,1,0.00012920546578243375,0,0.13417820632457733,model::deberta_v3_base,DeBERTa-v3,42
7042,1,0.00025957816978916526,0,0.13417820632457733,model::deberta_v3_base,DeBERTa-v3,42
3558,0,0.0001538826763862744,0,0.13417820632457733,model::deberta_v3_base,DeBERTa-v3,42
13588,0,6.428532651625574e-05,0,0.13417820632457733,model::deberta_v3_base,DeBERTa-v3,42
11379,1,0.0001680474088061601,0,0.13417820632457733,model::deberta_v3_base,DeBERTa-v3,42
18014,0,0.0001065402539097704,0,0.13417820632457733,model::deberta_v3_base,DeBERTa-v3,42
1072,1,0.0001022265205392614,0,0.13417820632457733,model::deberta_v3_base,DeBERTa-v3,42
12006,1,8.75899859238416e-05,0,0.13417820632457733,model::deberta_v3_base,DeBERTa-v3,42
8759,0,0.001987759955227375,0,0.13417820632457733,model::deberta_v3_base,DeBERTa-v3,42
10957,0,0.0001072269951691851,0,0.13417820632457733,model::deberta_v3_base,DeBERTa-v3,42
6046,0,0.00010814026609295979,0,0.13417820632457733,model::deberta_v3_base,DeBERTa-v3,42
16763,0,0.0005160319851711392,0,0.13417820632457733,model::deberta_v3_base,DeBERTa-v3,42
18932,1,0.00015002711734268814,0,0.13417820632457733,model::deberta_v3_base,DeBERTa-v3,42
10362,0,0.0001623628631932661,0,0.13417820632457733,model::deberta_v3_base,DeBERTa-v3,42
11711,0,0.00047749350778758526,0,0.13417820632457733,model::deberta_v3_base,DeBERTa-v3,42
7514,0,0.0002794708707369864,0,0.13417820632457733,model::deberta_v3_base,DeBERTa-v3,42
8935,0,0.00016967150440905243,0,0.13417820632457733,model::deberta_v3_base,DeBERTa-v3,42
10058,1,0.00013095834583509713,0,0.13417820632457733,model::deberta_v3_base,DeBERTa-v3,42
16718,1,0.0001792136172298342,0,0.13417820632457733,model::deberta_v3_base,DeBERTa-v3,42
16317,0,0.0025211365427821875,0,0.13417820632457733,model::deberta_v3_base,DeBERTa-v3,42
19108,1,9.650510037317872e-05,0,0.13417820632457733,model::deberta_v3_base,DeBERTa-v3,42
1682,1,9.060406591743231e-05,0,0.13417820632457733,model::deberta_v3_base,DeBERTa-v3,42
10385,0,6.527027289848775e-05,0,0.13417820632457733,model::deberta_v3_base,DeBERTa-v3,42
18795,1,0.0001833228743635118,0,0.13417820632457733,model::deberta_v3_base,DeBERTa-v3,42
19579,0,0.00013735123502556235,0,0.13417820632457733,model::deberta_v3_base,DeBERTa-v3,42
428,1,0.00011016539065167308,0,0.13417820632457733,model::deberta_v3_base,DeBERTa-v3,42
14232,1,0.00011166074546054006,0,0.13417820632457733,model::deberta_v3_base,DeBERTa-v3,42
12476,1,0.00014662578178104013,0,0.13417820632457733,model::deberta_v3_base,DeBERTa-v3,42
15738,0,0.00014539697440341115,0,0.13417820632457733,model::deberta_v3_base,DeBERTa-v3,42
16924,0,0.0001194258002215065,0,0.13417820632457733,model::deberta_v3_base,DeBERTa-v3,42
1646,0,0.00027638388564810157,0,0.13417820632457733,model::deberta_v3_base,DeBERTa-v3,42
15008,1,9.051986853592098e-05,0,0.13417820632457733,model::deberta_v3_base,DeBERTa-v3,42
6317,1,0.00015519133012276143,0,0.13417820632457733,model::deberta_v3_base,DeBERTa-v3,42
3032,0,0.00015551869000773877,0,0.13417820632457733,model::deberta_v3_base,DeBERTa-v3,42
492,0,0.00020171493815723807,0,0.13417820632457733,model::deberta_v3_base,DeBERTa-v3,42
15815,0,0.0001544308033771813,0,0.13417820632457733,model::deberta_v3_base,DeBERTa-v3,42
1378,0,8.24999951873906e-05,0,0.13417820632457733,model::deberta_v3_base,DeBERTa-v3,42
3999,1,9.076343849301338e-05,0,0.13417820632457733,model::deberta_v3_base,DeBERTa-v3,42
16561,0,0.0004800807510036975,0,0.13417820632457733,model::deberta_v3_base,DeBERTa-v3,42
17155,0,0.00011194466060260311,0,0.13417820632457733,model::deberta_v3_base,DeBERTa-v3,42
12823,0,0.000211243488593027,0,0.13417820632457733,model::deberta_v3_base,DeBERTa-v3,42
10019,1,0.00011892770999111235,0,0.13417820632457733,model::deberta_v3_base,DeBERTa-v3,42
12458,1,0.00019066348613705486,0,0.13417820632457733,model::deberta_v3_base,DeBERTa-v3,42
4243,0,0.001319156028330326,0,0.13417820632457733,model::deberta_v3_base,DeBERTa-v3,42
16512,1,8.765918028075248e-05,0,0.13417820632457733,model::deberta_v3_base,DeBERTa-v3,42
16146,0,6.523921911139041e-05,0,0.13417820632457733,model::deberta_v3_base,DeBERTa-v3,42
17428,0,0.00017612804367672652,0,0.13417820632457733,model::deberta_v3_base,DeBERTa-v3,42
14070,1,0.00018757389625534415,0,0.13417820632457733,model::deberta_v3_base,DeBERTa-v3,42
1741,1,0.00014081313565839082,0,0.13417820632457733,model::deberta_v3_base,DeBERTa-v3,42
20962,0,0.0001315107219852507,0,0.13417820632457733,model::deberta_v3_base,DeBERTa-v3,42
15911,1,9.937839058693498e-05,0,0.13417820632457733,model::deberta_v3_base,DeBERTa-v3,42
13593,0,0.00010642531560733914,0,0.13417820632457733,model::deberta_v3_base,DeBERTa-v3,42
8964,0,0.00041553255869075656,0,0.13417820632457733,model::deberta_v3_base,DeBERTa-v3,42
10530,0,9.474344551563263e-05,0,0.13417820632457733,model::deberta_v3_base,DeBERTa-v3,42
3502,0,0.00020193624368403107,0,0.13417820632457733,model::deberta_v3_base,DeBERTa-v3,42
7557,0,7.210057810880244e-05,0,0.13417820632457733,model::deberta_v3_base,DeBERTa-v3,42
19547,1,0.00011360577627783641,0,0.13417820632457733,model::deberta_v3_base,DeBERTa-v3,42
14635,0,8.183703175745904e-05,0,0.13417820632457733,model::deberta_v3_base,DeBERTa-v3,42
12168,0,0.00017627488705329597,0,0.13417820632457733,model::deberta_v3_base,DeBERTa-v3,42
3189,0,0.00012016649270663038,0,0.13417820632457733,model::deberta_v3_base,DeBERTa-v3,42
2560,0,0.0001285281468881294,0,0.13417820632457733,model::deberta_v3_base,DeBERTa-v3,42
18150,1,0.0001228821638505906,0,0.13417820632457733,model::deberta_v3_base,DeBERTa-v3,42
2062,0,0.0002151552907889709,0,0.13417820632457733,model::deberta_v3_base,DeBERTa-v3,42
17970,0,8.343141234945506e-05,0,0.13417820632457733,model::deberta_v3_base,DeBERTa-v3,42
14679,0,0.00016859134484548122,0,0.13417820632457733,model::deberta_v3_base,DeBERTa-v3,42
8099,0,8.370690193260089e-05,0,0.13417820632457733,model::deberta_v3_base,DeBERTa-v3,42
3192,0,0.0012805028818547726,0,0.13417820632457733,model::deberta_v3_base,DeBERTa-v3,42
19761,0,7.12027758709155e-05,0,0.13417820632457733,model::deberta_v3_base,DeBERTa-v3,42
65,1,0.00010378252773080021,0,0.13417820632457733,model::deberta_v3_base,DeBERTa-v3,42
1424,0,0.00015921190788503736,0,0.13417820632457733,model::deberta_v3_base,DeBERTa-v3,42
18050,0,7.2486225690227e-05,0,0.13417820632457733,model::deberta_v3_base,DeBERTa-v3,42
14331,0,9.679625509306788e-05,0,0.13417820632457733,model::deberta_v3_base,DeBERTa-v3,42
4106,1,0.00014922756236046553,0,0.13417820632457733,model::deberta_v3_base,DeBERTa-v3,42
5060,1,9.01505773072131e-05,0,0.13417820632457733,model::deberta_v3_base,DeBERTa-v3,42
8701,0,8.110573253361508e-05,0,0.13417820632457733,model::deberta_v3_base,DeBERTa-v3,42
17019,0,8.185662591131404e-05,0,0.13417820632457733,model::deberta_v3_base,DeBERTa-v3,42
4095,1,0.00011982974683633074,0,0.13417820632457733,model::deberta_v3_base,DeBERTa-v3,42
14548,1,0.0001256923860637471,0,0.13417820632457733,model::deberta_v3_base,DeBERTa-v3,42
15632,0,0.0001356494176434353,0,0.13417820632457733,model::deberta_v3_base,DeBERTa-v3,42
13320,0,0.00016669632168486714,0,0.13417820632457733,model::deberta_v3_base,DeBERTa-v3,42
13035,1,8.089902257779613e-05,0,0.13417820632457733,model::deberta_v3_base,DeBERTa-v3,42
8147,0,0.0001117685460485518,0,0.13417820632457733,model::deberta_v3_base,DeBERTa-v3,42
6933,1,8.047277515288442e-05,0,0.13417820632457733,model::deberta_v3_base,DeBERTa-v3,42
1687,1,0.0006978415767662227,0,0.13417820632457733,model::deberta_v3_base,DeBERTa-v3,42
14159,1,0.00023206004698295146,0,0.13417820632457733,model::deberta_v3_base,DeBERTa-v3,42
12864,0,0.00031413353281095624,0,0.13417820632457733,model::deberta_v3_base,DeBERTa-v3,42
7414,0,8.297131716972217e-05,0,0.13417820632457733,model::deberta_v3_base,DeBERTa-v3,42
10319,0,0.00012392766075208783,0,0.13417820632457733,model::deberta_v3_base,DeBERTa-v3,42
5750,0,0.0001078934728866443,0,0.13417820632457733,model::deberta_v3_base,DeBERTa-v3,42
19293,0,0.00032047543209046125,0,0.13417820632457733,model::deberta_v3_base,DeBERTa-v3,42
2232,0,0.0001278263225685805,0,0.13417820632457733,model::deberta_v3_base,DeBERTa-v3,42
13229,1,0.00013827768270857632,0,0.13417820632457733,model::deberta_v3_base,DeBERTa-v3,42
10707,0,0.0002086440217681229,0,0.13417820632457733,model::deberta_v3_base,DeBERTa-v3,42
8561,1,0.00028278824174776673,0,0.13417820632457733,model::deberta_v3_base,DeBERTa-v3,42
13985,1,0.00014258595183491707,0,0.13417820632457733,model::deberta_v3_base,DeBERTa-v3,42
2854,1,0.00013009508256800473,0,0.13417820632457733,model::deberta_v3_base,DeBERTa-v3,42
2236,1,0.0001669868070166558,0,0.13417820632457733,model::deberta_v3_base,DeBERTa-v3,42
3868,0,0.00015444021846633404,0,0.13417820632457733,model::deberta_v3_base,DeBERTa-v3,42
10796,0,0.00014147690671961755,0,0.13417820632457733,model::deberta_v3_base,DeBERTa-v3,42
17402,1,0.00017750599363353103,0,0.13417820632457733,model::deberta_v3_base,DeBERTa-v3,42
7141,1,0.00019352549861650914,0,0.13417820632457733,model::deberta_v3_base,DeBERTa-v3,42
14597,1,0.0001523658138466999,0,0.13417820632457733,model::deberta_v3_base,DeBERTa-v3,42
9934,0,7.79757319833152e-05,0,0.13417820632457733,model::deberta_v3_base,DeBERTa-v3,42
18619,0,8.152756345225498e-05,0,0.13417820632457733,model::deberta_v3_base,DeBERTa-v3,42
3695,1,0.0001637932873563841,0,0.13417820632457733,model::deberta_v3_base,DeBERTa-v3,42
8344,0,0.00012884766329079866,0,0.13417820632457733,model::deberta_v3_base,DeBERTa-v3,42
15114,0,0.00021514235413633287,0,0.13417820632457733,model::deberta_v3_base,DeBERTa-v3,42
12391,1,0.00026405826793052256,0,0.13417820632457733,model::deberta_v3_base,DeBERTa-v3,42
4632,1,0.0001254584058187902,0,0.13417820632457733,model::deberta_v3_base,DeBERTa-v3,42
15102,0,0.0002479034592397511,0,0.13417820632457733,model::deberta_v3_base,DeBERTa-v3,42
5842,0,0.00034402371966280043,0,0.13417820632457733,model::deberta_v3_base,DeBERTa-v3,42
5498,0,0.00015364441787824035,0,0.13417820632457733,model::deberta_v3_base,DeBERTa-v3,42
3589,0,7.083523814799264e-05,0,0.13417820632457733,model::deberta_v3_base,DeBERTa-v3,42
3086,1,0.0001152885815827176,0,0.13417820632457733,model::deberta_v3_base,DeBERTa-v3,42
13493,1,0.00019063659419771284,0,0.13417820632457733,model::deberta_v3_base,DeBERTa-v3,42
10682,0,0.00014605672913603485,0,0.13417820632457733,model::deberta_v3_base,DeBERTa-v3,42
10036,0,8.288828394142911e-05,0,0.13417820632457733,model::deberta_v3_base,DeBERTa-v3,42
19345,0,9.962698095478117e-05,0,0.13417820632457733,model::deberta_v3_base,DeBERTa-v3,42
2750,0,0.00031254993518814445,0,0.13417820632457733,model::deberta_v3_base,DeBERTa-v3,42
15614,1,8.115640230244026e-05,0,0.13417820632457733,model::deberta_v3_base,DeBERTa-v3,42
5002,1,0.00010234961519017816,0,0.13417820632457733,model::deberta_v3_base,DeBERTa-v3,42
13930,1,0.00011386151163605973,0,0.13417820632457733,model::deberta_v3_base,DeBERTa-v3,42
10120,0,8.559607522329316e-05,0,0.13417820632457733,model::deberta_v3_base,DeBERTa-v3,42
18713,1,9.478817810304463e-05,0,0.13417820632457733,model::deberta_v3_base,DeBERTa-v3,42
8232,1,0.00013980900985188782,0,0.13417820632457733,model::deberta_v3_base,DeBERTa-v3,42
7129,0,9.555448923492804e-05,0,0.13417820632457733,model::deberta_v3_base,DeBERTa-v3,42
18752,1,9.619061165722087e-05,0,0.13417820632457733,model::deberta_v3_base,DeBERTa-v3,42
6196,1,0.0001230160560226068,0,0.13417820632457733,model::deberta_v3_base,DeBERTa-v3,42
7708,0,0.0001497719786129892,0,0.13417820632457733,model::deberta_v3_base,DeBERTa-v3,42
11980,1,8.561664435546845e-05,0,0.13417820632457733,model::deberta_v3_base,DeBERTa-v3,42
6870,1,8.868527947925031e-05,0,0.13417820632457733,model::deberta_v3_base,DeBERTa-v3,42
14038,1,0.00024831813061609864,0,0.13417820632457733,model::deberta_v3_base,DeBERTa-v3,42
9212,0,0.00016048902762122452,0,0.13417820632457733,model::deberta_v3_base,DeBERTa-v3,42
20144,1,0.00013707464677281678,0,0.13417820632457733,model::deberta_v3_base,DeBERTa-v3,42
12670,1,0.00022467543021775782,0,0.13417820632457733,model::deberta_v3_base,DeBERTa-v3,42
197,0,6.37178382021375e-05,0,0.13417820632457733,model::deberta_v3_base,DeBERTa-v3,42
5786,0,0.0001442289212718606,0,0.13417820632457733,model::deberta_v3_base,DeBERTa-v3,42
19596,1,0.00023280845198314637,0,0.13417820632457733,model::deberta_v3_base,DeBERTa-v3,42
14263,1,0.00011921123223146424,0,0.13417820632457733,model::deberta_v3_base,DeBERTa-v3,42
5527,0,7.678508700337261e-05,0,0.13417820632457733,model::deberta_v3_base,DeBERTa-v3,42
3613,1,0.0001396380685037002,0,0.13417820632457733,model::deberta_v3_base,DeBERTa-v3,42
19069,0,0.00024151474644895643,0,0.13417820632457733,model::deberta_v3_base,DeBERTa-v3,42
11053,1,0.00015228996926452965,0,0.13417820632457733,model::deberta_v3_base,DeBERTa-v3,42
10188,0,0.39573222398757935,1,0.13417820632457733,model::deberta_v3_base,DeBERTa-v3,42
5807,1,0.00020160053099971265,0,0.13417820632457733,model::deberta_v3_base,DeBERTa-v3,42
16841,0,9.804731234908104e-05,0,0.13417820632457733,model::deberta_v3_base,DeBERTa-v3,42
19452,1,0.00012285602861084044,0,0.13417820632457733,model::deberta_v3_base,DeBERTa-v3,42
14754,1,0.00016834365669637918,0,0.13417820632457733,model::deberta_v3_base,DeBERTa-v3,42
15299,0,0.00015858765982557088,0,0.13417820632457733,model::deberta_v3_base,DeBERTa-v3,42
8336,1,0.0004166777362115681,0,0.13417820632457733,model::deberta_v3_base,DeBERTa-v3,42
9523,1,0.00021160696633160114,0,0.13417820632457733,model::deberta_v3_base,DeBERTa-v3,42
12154,1,0.00010461558122187853,0,0.13417820632457733,model::deberta_v3_base,DeBERTa-v3,42
19454,0,9.605587547412142e-05,0,0.13417820632457733,model::deberta_v3_base,DeBERTa-v3,42
20356,0,0.00010362946341047063,0,0.13417820632457733,model::deberta_v3_base,DeBERTa-v3,42
20645,0,9.785910515347496e-05,0,0.13417820632457733,model::deberta_v3_base,DeBERTa-v3,42
4937,0,7.616157381562516e-05,0,0.13417820632457733,model::deberta_v3_base,DeBERTa-v3,42
14311,0,0.0001470402057748288,0,0.13417820632457733,model::deberta_v3_base,DeBERTa-v3,42
15899,1,0.00010448158718645573,0,0.13417820632457733,model::deberta_v3_base,DeBERTa-v3,42
12221,1,0.00014086320879869163,0,0.13417820632457733,model::deberta_v3_base,DeBERTa-v3,42
6235,1,0.00017401705554220825,0,0.13417820632457733,model::deberta_v3_base,DeBERTa-v3,42
4530,0,7.056689355522394e-05,0,0.13417820632457733,model::deberta_v3_base,DeBERTa-v3,42
11047,0,7.293149246834219e-05,0,0.13417820632457733,model::deberta_v3_base,DeBERTa-v3,42
6030,1,0.0001294195099035278,0,0.13417820632457733,model::deberta_v3_base,DeBERTa-v3,42
11784,0,0.0002575217804405838,0,0.13417820632457733,model::deberta_v3_base,DeBERTa-v3,42
16240,1,8.559786510886624e-05,0,0.13417820632457733,model::deberta_v3_base,DeBERTa-v3,42
6814,0,0.000478371832286939,0,0.13417820632457733,model::deberta_v3_base,DeBERTa-v3,42
9480,0,0.00014855180052109063,0,0.13417820632457733,model::deberta_v3_base,DeBERTa-v3,42
18776,0,7.015659502940252e-05,0,0.13417820632457733,model::deberta_v3_base,DeBERTa-v3,42
19473,1,0.0001120682354667224,0,0.13417820632457733,model::deberta_v3_base,DeBERTa-v3,42
21029,0,9.106800280278549e-05,0,0.13417820632457733,model::deberta_v3_base,DeBERTa-v3,42
9437,0,8.452466136077419e-05,0,0.13417820632457733,model::deberta_v3_base,DeBERTa-v3,42
9842,1,0.00013556652993429452,0,0.13417820632457733,model::deberta_v3_base,DeBERTa-v3,42
3009,1,0.00018704116519074887,0,0.13417820632457733,model::deberta_v3_base,DeBERTa-v3,42
11712,0,0.0001558436342747882,0,0.13417820632457733,model::deberta_v3_base,DeBERTa-v3,42
16729,1,0.00010585488780634478,0,0.13417820632457733,model::deberta_v3_base,DeBERTa-v3,42
5237,1,9.793798380997032e-05,0,0.13417820632457733,model::deberta_v3_base,DeBERTa-v3,42
7020,1,0.001502955099567771,0,0.13417820632457733,model::deberta_v3_base,DeBERTa-v3,42
11806,0,9.487046918366104e-05,0,0.13417820632457733,model::deberta_v3_base,DeBERTa-v3,42
12464,0,0.0001780020829755813,0,0.13417820632457733,model::deberta_v3_base,DeBERTa-v3,42
792,0,0.00010180297249462456,0,0.13417820632457733,model::deberta_v3_base,DeBERTa-v3,42
1233,1,0.00011298134631942958,0,0.13417820632457733,model::deberta_v3_base,DeBERTa-v3,42
16456,1,0.00037432287354022264,0,0.13417820632457733,model::deberta_v3_base,DeBERTa-v3,42
20327,1,0.0001170317773357965,0,0.13417820632457733,model::deberta_v3_base,DeBERTa-v3,42
14791,1,0.0001381261390633881,0,0.13417820632457733,model::deberta_v3_base,DeBERTa-v3,42
2125,0,0.000141185664688237,0,0.13417820632457733,model::deberta_v3_base,DeBERTa-v3,42
20580,0,8.432782487943769e-05,0,0.13417820632457733,model::deberta_v3_base,DeBERTa-v3,42
1352,0,0.00025820350856520236,0,0.13417820632457733,model::deberta_v3_base,DeBERTa-v3,42
9413,0,0.00011483500566100702,0,0.13417820632457733,model::deberta_v3_base,DeBERTa-v3,42
16103,0,0.001486856141127646,0,0.13417820632457733,model::deberta_v3_base,DeBERTa-v3,42
5733,1,0.0002247975644422695,0,0.13417820632457733,model::deberta_v3_base,DeBERTa-v3,42
6147,0,0.0007827019435353577,0,0.13417820632457733,model::deberta_v3_base,DeBERTa-v3,42
10220,1,9.934636909747496e-05,0,0.13417820632457733,model::deberta_v3_base,DeBERTa-v3,42
13001,1,0.00015435264504048973,0,0.13417820632457733,model::deberta_v3_base,DeBERTa-v3,42
7442,1,0.00019443810742814094,0,0.13417820632457733,model::deberta_v3_base,DeBERTa-v3,42
6884,0,6.899551954120398e-05,0,0.13417820632457733,model::deberta_v3_base,DeBERTa-v3,42
4949,1,0.0001281079457839951,0,0.13417820632457733,model::deberta_v3_base,DeBERTa-v3,42
9301,1,0.00013238463725429028,0,0.13417820632457733,model::deberta_v3_base,DeBERTa-v3,42
16483,0,9.427742043044418e-05,0,0.13417820632457733,model::deberta_v3_base,DeBERTa-v3,42
12858,0,0.00012267306738067418,0,0.13417820632457733,model::deberta_v3_base,DeBERTa-v3,42
2490,0,8.508800965500996e-05,0,0.13417820632457733,model::deberta_v3_base,DeBERTa-v3,42
2298,0,0.00018446575268171728,0,0.13417820632457733,model::deberta_v3_base,DeBERTa-v3,42
20372,0,0.003843872807919979,0,0.13417820632457733,model::deberta_v3_base,DeBERTa-v3,42
16026,1,0.0001008221079246141,0,0.13417820632457733,model::deberta_v3_base,DeBERTa-v3,42
1654,1,0.0001379575114697218,0,0.13417820632457733,model::deberta_v3_base,DeBERTa-v3,42
5270,1,0.00017305073561146855,0,0.13417820632457733,model::deberta_v3_base,DeBERTa-v3,42
20611,1,0.00011268944217590615,0,0.13417820632457733,model::deberta_v3_base,DeBERTa-v3,42
19998,0,0.00013088344712741673,0,0.13417820632457733,model::deberta_v3_base,DeBERTa-v3,42
9193,0,7.046259997878224e-05,0,0.13417820632457733,model::deberta_v3_base,DeBERTa-v3,42
11269,0,0.0001806547661544755,0,0.13417820632457733,model::deberta_v3_base,DeBERTa-v3,42
2088,0,0.00015056008123792708,0,0.13417820632457733,model::deberta_v3_base,DeBERTa-v3,42
6637,0,0.00015047584020067006,0,0.13417820632457733,model::deberta_v3_base,DeBERTa-v3,42
6554,1,0.0001226507156388834,0,0.13417820632457733,model::deberta_v3_base,DeBERTa-v3,42
2779,1,0.00012237162445671856,0,0.13417820632457733,model::deberta_v3_base,DeBERTa-v3,42
14704,1,0.00012673545279540122,0,0.13417820632457733,model::deberta_v3_base,DeBERTa-v3,42
9470,0,0.00010387283691670746,0,0.13417820632457733,model::deberta_v3_base,DeBERTa-v3,42
13502,1,8.259287278633565e-05,0,0.13417820632457733,model::deberta_v3_base,DeBERTa-v3,42
11886,1,0.0001249425404239446,0,0.13417820632457733,model::deberta_v3_base,DeBERTa-v3,42
9976,1,9.953535482054576e-05,0,0.13417820632457733,model::deberta_v3_base,DeBERTa-v3,42
9870,0,0.00010622679837979376,0,0.13417820632457733,model::deberta_v3_base,DeBERTa-v3,42
3216,0,8.428521687164903e-05,0,0.13417820632457733,model::deberta_v3_base,DeBERTa-v3,42
11857,1,0.0002915748627856374,0,0.13417820632457733,model::deberta_v3_base,DeBERTa-v3,42
2564,1,6.833764200564474e-05,0,0.13417820632457733,model::deberta_v3_base,DeBERTa-v3,42
11284,1,0.0004048485716339201,0,0.13417820632457733,model::deberta_v3_base,DeBERTa-v3,42
1669,0,9.330789907835424e-05,0,0.13417820632457733,model::deberta_v3_base,DeBERTa-v3,42
1031,0,0.00018657252076081932,0,0.13417820632457733,model::deberta_v3_base,DeBERTa-v3,42
20648,1,0.00012303658877499402,0,0.13417820632457733,model::deberta_v3_base,DeBERTa-v3,42
17870,0,7.2068753070198e-05,0,0.13417820632457733,model::deberta_v3_base,DeBERTa-v3,42
15836,0,0.00012713490286841989,0,0.13417820632457733,model::deberta_v3_base,DeBERTa-v3,42
7602,1,0.00010086211113957688,0,0.13417820632457733,model::deberta_v3_base,DeBERTa-v3,42
6097,0,0.0001629419857636094,0,0.13417820632457733,model::deberta_v3_base,DeBERTa-v3,42
11780,1,9.944703197106719e-05,0,0.13417820632457733,model::deberta_v3_base,DeBERTa-v3,42
12327,1,0.00010789861698867753,0,0.13417820632457733,model::deberta_v3_base,DeBERTa-v3,42
7422,0,0.0001086937845684588,0,0.13417820632457733,model::deberta_v3_base,DeBERTa-v3,42
1605,0,0.0001026966783683747,0,0.13417820632457733,model::deberta_v3_base,DeBERTa-v3,42
9219,0,0.00017339014448225498,0,0.13417820632457733,model::deberta_v3_base,DeBERTa-v3,42
1998,0,0.0002970134373754263,0,0.13417820632457733,model::deberta_v3_base,DeBERTa-v3,42
7787,1,0.00010349081276217476,0,0.13417820632457733,model::deberta_v3_base,DeBERTa-v3,42
6209,1,9.785612201085314e-05,0,0.13417820632457733,model::deberta_v3_base,DeBERTa-v3,42
14715,0,0.00022787008492741734,0,0.13417820632457733,model::deberta_v3_base,DeBERTa-v3,42
274,0,9.8114185675513e-05,0,0.13417820632457733,model::deberta_v3_base,DeBERTa-v3,42
1200,0,0.0009905148763209581,0,0.13417820632457733,model::deberta_v3_base,DeBERTa-v3,42
1804,1,0.00038451215368695557,0,0.13417820632457733,model::deberta_v3_base,DeBERTa-v3,42
18547,1,0.00041693876846693456,0,0.13417820632457733,model::deberta_v3_base,DeBERTa-v3,42
4952,0,8.221608732128516e-05,0,0.13417820632457733,model::deberta_v3_base,DeBERTa-v3,42
10413,1,0.00012888232595287263,0,0.13417820632457733,model::deberta_v3_base,DeBERTa-v3,42
20278,0,8.61709049786441e-05,0,0.13417820632457733,model::deberta_v3_base,DeBERTa-v3,42
15260,0,0.00010591465252218768,0,0.13417820632457733,model::deberta_v3_base,DeBERTa-v3,42
9825,0,0.00014293525600805879,0,0.13417820632457733,model::deberta_v3_base,DeBERTa-v3,42
13644,1,0.00016474060248583555,0,0.13417820632457733,model::deberta_v3_base,DeBERTa-v3,42
2384,1,0.0001240783167304471,0,0.13417820632457733,model::deberta_v3_base,DeBERTa-v3,42
9493,1,0.00015116066788323224,0,0.13417820632457733,model::deberta_v3_base,DeBERTa-v3,42
15687,1,0.00012600138143170625,0,0.13417820632457733,model::deberta_v3_base,DeBERTa-v3,42
15144,0,0.00020569298067130148,0,0.13417820632457733,model::deberta_v3_base,DeBERTa-v3,42
20175,1,0.00010374612611485645,0,0.13417820632457733,model::deberta_v3_base,DeBERTa-v3,42
20844,1,9.98330651782453e-05,0,0.13417820632457733,model::deberta_v3_base,DeBERTa-v3,42
5744,1,0.00012030315701849759,0,0.13417820632457733,model::deberta_v3_base,DeBERTa-v3,42
20183,0,0.0001166729925898835,0,0.13417820632457733,model::deberta_v3_base,DeBERTa-v3,42
1277,0,0.0001548912114230916,0,0.13417820632457733,model::deberta_v3_base,DeBERTa-v3,42
1051,0,0.0001806623477023095,0,0.13417820632457733,model::deberta_v3_base,DeBERTa-v3,42
980,0,0.00017681409372016788,0,0.13417820632457733,model::deberta_v3_base,DeBERTa-v3,42
3443,0,0.00012473292008507997,0,0.13417820632457733,model::deberta_v3_base,DeBERTa-v3,42
13908,1,0.00019245802832301706,0,0.13417820632457733,model::deberta_v3_base,DeBERTa-v3,42
21046,1,0.00012255707406438887,0,0.13417820632457733,model::deberta_v3_base,DeBERTa-v3,42
6179,1,0.0004732435627374798,0,0.13417820632457733,model::deberta_v3_base,DeBERTa-v3,42
19724,1,0.0001232426438946277,0,0.13417820632457733,model::deberta_v3_base,DeBERTa-v3,42
20341,1,9.27164001041092e-05,0,0.13417820632457733,model::deberta_v3_base,DeBERTa-v3,42
3028,1,0.00014889895101077855,0,0.13417820632457733,model::deberta_v3_base,DeBERTa-v3,42
6737,0,0.00013120684889145195,0,0.13417820632457733,model::deberta_v3_base,DeBERTa-v3,42
12004,0,0.00011901642574230209,0,0.13417820632457733,model::deberta_v3_base,DeBERTa-v3,42
21054,0,0.00040683578117750585,0,0.13417820632457733,model::deberta_v3_base,DeBERTa-v3,42
735,1,0.0001295524853048846,0,0.13417820632457733,model::deberta_v3_base,DeBERTa-v3,42
845,1,9.598812175681815e-05,0,0.13417820632457733,model::deberta_v3_base,DeBERTa-v3,42
2659,0,0.00012852763757109642,0,0.13417820632457733,model::deberta_v3_base,DeBERTa-v3,42
11691,1,0.00039098632987588644,0,0.13417820632457733,model::deberta_v3_base,DeBERTa-v3,42
220,0,0.00014135702804196626,0,0.13417820632457733,model::deberta_v3_base,DeBERTa-v3,42
14073,1,0.00015126619837246835,0,0.13417820632457733,model::deberta_v3_base,DeBERTa-v3,42
14089,0,0.00018816861847881228,0,0.13417820632457733,model::deberta_v3_base,DeBERTa-v3,42
15991,0,8.731611887924373e-05,0,0.13417820632457733,model::deberta_v3_base,DeBERTa-v3,42
17752,1,0.0001729326177155599,0,0.13417820632457733,model::deberta_v3_base,DeBERTa-v3,42
1093,1,0.0001083816314348951,0,0.13417820632457733,model::deberta_v3_base,DeBERTa-v3,42
9141,1,0.00014121636922936887,0,0.13417820632457733,model::deberta_v3_base,DeBERTa-v3,42
715,1,0.0002551324141677469,0,0.13417820632457733,model::deberta_v3_base,DeBERTa-v3,42
14951,1,0.00017225329065695405,0,0.13417820632457733,model::deberta_v3_base,DeBERTa-v3,42
3193,1,9.06809073057957e-05,0,0.13417820632457733,model::deberta_v3_base,DeBERTa-v3,42
15844,1,0.0001298009156016633,0,0.13417820632457733,model::deberta_v3_base,DeBERTa-v3,42
10910,1,0.0001256035902770236,0,0.13417820632457733,model::deberta_v3_base,DeBERTa-v3,42
9172,1,0.00012233687448315322,0,0.13417820632457733,model::deberta_v3_base,DeBERTa-v3,42
5017,1,0.00013498992484528571,0,0.13417820632457733,model::deberta_v3_base,DeBERTa-v3,42
8474,1,0.00010724847379606217,0,0.13417820632457733,model::deberta_v3_base,DeBERTa-v3,42
7041,0,0.00038519201916642487,0,0.13417820632457733,model::deberta_v3_base,DeBERTa-v3,42
19785,0,0.00011541705316631123,0,0.13417820632457733,model::deberta_v3_base,DeBERTa-v3,42
1706,0,0.0007149932207539678,0,0.13417820632457733,model::deberta_v3_base,DeBERTa-v3,42
18644,1,9.601064812159166e-05,0,0.13417820632457733,model::deberta_v3_base,DeBERTa-v3,42
20618,1,0.00011588144116103649,0,0.13417820632457733,model::deberta_v3_base,DeBERTa-v3,42
10680,0,0.00016377282736357301,0,0.13417820632457733,model::deberta_v3_base,DeBERTa-v3,42
1137,1,7.73696374380961e-05,0,0.13417820632457733,model::deberta_v3_base,DeBERTa-v3,42
5984,1,0.00015953589172568172,0,0.13417820632457733,model::deberta_v3_base,DeBERTa-v3,42
8627,0,0.0005321653443388641,0,0.13417820632457733,model::deberta_v3_base,DeBERTa-v3,42
3083,0,8.649452502140775e-05,0,0.13417820632457733,model::deberta_v3_base,DeBERTa-v3,42
1335,0,0.0001018559851218015,0,0.13417820632457733,model::deberta_v3_base,DeBERTa-v3,42
7661,1,0.0001017503600451164,0,0.13417820632457733,model::deberta_v3_base,DeBERTa-v3,42
20122,1,0.00019671049085445702,0,0.13417820632457733,model::deberta_v3_base,DeBERTa-v3,42
16125,1,0.00024556188145652413,0,0.13417820632457733,model::deberta_v3_base,DeBERTa-v3,42
8998,1,0.00010367857612436637,0,0.13417820632457733,model::deberta_v3_base,DeBERTa-v3,42
19137,1,0.00016887273523025215,0,0.13417820632457733,model::deberta_v3_base,DeBERTa-v3,42
9285,0,6.500275776488706e-05,0,0.13417820632457733,model::deberta_v3_base,DeBERTa-v3,42
10260,1,8.574459207011387e-05,0,0.13417820632457733,model::deberta_v3_base,DeBERTa-v3,42
5406,0,0.00018821617413777858,0,0.13417820632457733,model::deberta_v3_base,DeBERTa-v3,42
445,0,7.830785034457222e-05,0,0.13417820632457733,model::deberta_v3_base,DeBERTa-v3,42
11938,1,0.00014635646948590875,0,0.13417820632457733,model::deberta_v3_base,DeBERTa-v3,42
10326,0,0.0002155558904632926,0,0.13417820632457733,model::deberta_v3_base,DeBERTa-v3,42
20045,0,0.00033651237026788294,0,0.13417820632457733,model::deberta_v3_base,DeBERTa-v3,42
4939,1,0.00012498328578658402,0,0.13417820632457733,model::deberta_v3_base,DeBERTa-v3,42
12602,1,9.470000804867595e-05,0,0.13417820632457733,model::deberta_v3_base,DeBERTa-v3,42
12820,0,0.00014113022189121693,0,0.13417820632457733,model::deberta_v3_base,DeBERTa-v3,42
4707,1,0.00019343179883435369,0,0.13417820632457733,model::deberta_v3_base,DeBERTa-v3,42
2740,1,9.319533273810521e-05,0,0.13417820632457733,model::deberta_v3_base,DeBERTa-v3,42
15206,0,8.965240704128519e-05,0,0.13417820632457733,model::deberta_v3_base,DeBERTa-v3,42
20765,1,0.0001688769116299227,0,0.13417820632457733,model::deberta_v3_base,DeBERTa-v3,42
13867,1,0.0002313945587957278,0,0.13417820632457733,model::deberta_v3_base,DeBERTa-v3,42
10393,0,0.00035303013282828033,0,0.13417820632457733,model::deberta_v3_base,DeBERTa-v3,42
18360,0,9.918073192238808e-05,0,0.13417820632457733,model::deberta_v3_base,DeBERTa-v3,42
16306,0,6.472464883700013e-05,0,0.13417820632457733,model::deberta_v3_base,DeBERTa-v3,42
16392,0,0.0003060373419430107,0,0.13417820632457733,model::deberta_v3_base,DeBERTa-v3,42
223,1,0.0001666583411861211,0,0.13417820632457733,model::deberta_v3_base,DeBERTa-v3,42
13724,1,0.00029659830033779144,0,0.13417820632457733,model::deberta_v3_base,DeBERTa-v3,42
10533,1,0.00024715272593311965,0,0.13417820632457733,model::deberta_v3_base,DeBERTa-v3,42
14919,1,8.957804675446823e-05,0,0.13417820632457733,model::deberta_v3_base,DeBERTa-v3,42
4826,0,0.00010310457582818344,0,0.13417820632457733,model::deberta_v3_base,DeBERTa-v3,42
12828,1,7.075481698848307e-05,0,0.13417820632457733,model::deberta_v3_base,DeBERTa-v3,42
1508,1,0.00015291947056539357,0,0.13417820632457733,model::deberta_v3_base,DeBERTa-v3,42
14590,0,0.00012732342293020338,0,0.13417820632457733,model::deberta_v3_base,DeBERTa-v3,42
8866,1,8.339864143636078e-05,0,0.13417820632457733,model::deberta_v3_base,DeBERTa-v3,42
4409,0,0.00011249198723817244,0,0.13417820632457733,model::deberta_v3_base,DeBERTa-v3,42
18033,1,0.00019175045599695295,0,0.13417820632457733,model::deberta_v3_base,DeBERTa-v3,42
12087,1,0.00012675746984314173,0,0.13417820632457733,model::deberta_v3_base,DeBERTa-v3,42
10834,0,0.0002493416250217706,0,0.13417820632457733,model::deberta_v3_base,DeBERTa-v3,42
3238,1,0.000127479899674654,0,0.13417820632457733,model::deberta_v3_base,DeBERTa-v3,42
15827,0,0.00010568099969532341,0,0.13417820632457733,model::deberta_v3_base,DeBERTa-v3,42
3656,1,8.208674262277782e-05,0,0.13417820632457733,model::deberta_v3_base,DeBERTa-v3,42
8955,0,0.00010325226321583614,0,0.13417820632457733,model::deberta_v3_base,DeBERTa-v3,42
890,1,0.00015876817633397877,0,0.13417820632457733,model::deberta_v3_base,DeBERTa-v3,42
2516,1,0.00010440211917739362,0,0.13417820632457733,model::deberta_v3_base,DeBERTa-v3,42
18073,1,0.0003419910790398717,0,0.13417820632457733,model::deberta_v3_base,DeBERTa-v3,42
8460,1,0.00010320314322598279,0,0.13417820632457733,model::deberta_v3_base,DeBERTa-v3,42
13913,1,0.00014375332102645189,0,0.13417820632457733,model::deberta_v3_base,DeBERTa-v3,42
14989,0,0.00010912934521911666,0,0.13417820632457733,model::deberta_v3_base,DeBERTa-v3,42
12550,0,0.00017644744366407394,0,0.13417820632457733,model::deberta_v3_base,DeBERTa-v3,42
8601,0,0.0001030072889989242,0,0.13417820632457733,model::deberta_v3_base,DeBERTa-v3,42
11106,1,8.14847371657379e-05,0,0.13417820632457733,model::deberta_v3_base,DeBERTa-v3,42
18688,0,6.224595563253388e-05,0,0.13417820632457733,model::deberta_v3_base,DeBERTa-v3,42
8130,0,0.0005298411706462502,0,0.13417820632457733,model::deberta_v3_base,DeBERTa-v3,42
4465,1,0.00015810361946932971,0,0.13417820632457733,model::deberta_v3_base,DeBERTa-v3,42
17215,1,0.00014897082292009145,0,0.13417820632457733,model::deberta_v3_base,DeBERTa-v3,42
8438,1,9.514380508335307e-05,0,0.13417820632457733,model::deberta_v3_base,DeBERTa-v3,42
10332,1,0.00011821799853350967,0,0.13417820632457733,model::deberta_v3_base,DeBERTa-v3,42
7194,1,0.000110483197204303,0,0.13417820632457733,model::deberta_v3_base,DeBERTa-v3,42
7211,1,0.00011183465539943427,0,0.13417820632457733,model::deberta_v3_base,DeBERTa-v3,42
7652,0,7.360306335613132e-05,0,0.13417820632457733,model::deberta_v3_base,DeBERTa-v3,42
20393,1,0.00012939174484927207,0,0.13417820632457733,model::deberta_v3_base,DeBERTa-v3,42
7624,0,0.00011422919487813488,0,0.13417820632457733,model::deberta_v3_base,DeBERTa-v3,42
19363,1,0.00011175906547578052,0,0.13417820632457733,model::deberta_v3_base,DeBERTa-v3,42
7628,1,0.0001702716399449855,0,0.13417820632457733,model::deberta_v3_base,DeBERTa-v3,42
13143,0,6.608232797589153e-05,0,0.13417820632457733,model::deberta_v3_base,DeBERTa-v3,42
18653,1,6.904284964548424e-05,0,0.13417820632457733,model::deberta_v3_base,DeBERTa-v3,42
910,0,0.0012036063708364964,0,0.13417820632457733,model::deberta_v3_base,DeBERTa-v3,42
257,1,0.0003023034369107336,0,0.13417820632457733,model::deberta_v3_base,DeBERTa-v3,42
8122,1,0.00014994075172580779,0,0.13417820632457733,model::deberta_v3_base,DeBERTa-v3,42
9065,1,8.601073932368308e-05,0,0.13417820632457733,model::deberta_v3_base,DeBERTa-v3,42
18774,0,0.0001708835334284231,0,0.13417820632457733,model::deberta_v3_base,DeBERTa-v3,42
8840,1,0.00011848128633573651,0,0.13417820632457733,model::deberta_v3_base,DeBERTa-v3,42
9083,1,0.00020913875778205693,0,0.13417820632457733,model::deberta_v3_base,DeBERTa-v3,42
1188,1,0.00015287061978597194,0,0.13417820632457733,model::deberta_v3_base,DeBERTa-v3,42
10566,0,0.0005312010180205107,0,0.13417820632457733,model::deberta_v3_base,DeBERTa-v3,42
19405,1,0.00015318376244977117,0,0.13417820632457733,model::deberta_v3_base,DeBERTa-v3,42
8459,1,0.00015314944903366268,0,0.13417820632457733,model::deberta_v3_base,DeBERTa-v3,42
17679,1,0.0002264875074615702,0,0.13417820632457733,model::deberta_v3_base,DeBERTa-v3,42
12760,0,0.001017161412164569,0,0.13417820632457733,model::deberta_v3_base,DeBERTa-v3,42
11399,1,0.00011436041677370667,0,0.13417820632457733,model::deberta_v3_base,DeBERTa-v3,42
1972,1,0.00010465548984939232,0,0.13417820632457733,model::deberta_v3_base,DeBERTa-v3,42
11132,0,0.000100842778920196,0,0.13417820632457733,model::deberta_v3_base,DeBERTa-v3,42
1578,1,8.689391688676551e-05,0,0.13417820632457733,model::deberta_v3_base,DeBERTa-v3,42
407,1,0.0001641328854020685,0,0.13417820632457733,model::deberta_v3_base,DeBERTa-v3,42
10444,1,0.00010951787407975644,0,0.13417820632457733,model::deberta_v3_base,DeBERTa-v3,42
6758,0,0.00011605471081566066,0,0.13417820632457733,model::deberta_v3_base,DeBERTa-v3,42
12226,0,7.594421185785905e-05,0,0.13417820632457733,model::deberta_v3_base,DeBERTa-v3,42
15551,1,0.00015477104170713574,0,0.13417820632457733,model::deberta_v3_base,DeBERTa-v3,42
2313,1,0.0001428661635145545,0,0.13417820632457733,model::deberta_v3_base,DeBERTa-v3,42
11015,1,0.00013940683857072145,0,0.13417820632457733,model::deberta_v3_base,DeBERTa-v3,42
35,1,0.00012224963575135916,0,0.13417820632457733,model::deberta_v3_base,DeBERTa-v3,42
20481,0,0.00013439873873721808,0,0.13417820632457733,model::deberta_v3_base,DeBERTa-v3,42
10167,0,0.00026152023929171264,0,0.13417820632457733,model::deberta_v3_base,DeBERTa-v3,42
19682,1,0.00010600226232782006,0,0.13417820632457733,model::deberta_v3_base,DeBERTa-v3,42
4811,0,0.00023296386643778533,0,0.13417820632457733,model::deberta_v3_base,DeBERTa-v3,42
19927,1,0.00019700404664035887,0,0.13417820632457733,model::deberta_v3_base,DeBERTa-v3,42
2122,1,7.740137516520917e-05,0,0.13417820632457733,model::deberta_v3_base,DeBERTa-v3,42
19791,1,0.00017563365690875798,0,0.13417820632457733,model::deberta_v3_base,DeBERTa-v3,42
14532,1,7.971905870363116e-05,0,0.13417820632457733,model::deberta_v3_base,DeBERTa-v3,42
6234,1,9.72597990767099e-05,0,0.13417820632457733,model::deberta_v3_base,DeBERTa-v3,42
13877,1,9.535170102026314e-05,0,0.13417820632457733,model::deberta_v3_base,DeBERTa-v3,42
13949,1,0.00010214155918220058,0,0.13417820632457733,model::deberta_v3_base,DeBERTa-v3,42
16838,0,9.01760213309899e-05,0,0.13417820632457733,model::deberta_v3_base,DeBERTa-v3,42
4456,0,0.00012246877304278314,0,0.13417820632457733,model::deberta_v3_base,DeBERTa-v3,42
10744,1,0.00022529668058268726,0,0.13417820632457733,model::deberta_v3_base,DeBERTa-v3,42
18984,1,0.00011742201604647562,0,0.13417820632457733,model::deberta_v3_base,DeBERTa-v3,42
20496,0,0.00021399666729848832,0,0.13417820632457733,model::deberta_v3_base,DeBERTa-v3,42
5594,1,0.0001365443313261494,0,0.13417820632457733,model::deberta_v3_base,DeBERTa-v3,42
130,1,8.894511847756803e-05,0,0.13417820632457733,model::deberta_v3_base,DeBERTa-v3,42
4873,0,0.00019226672884542495,0,0.13417820632457733,model::deberta_v3_base,DeBERTa-v3,42
19469,1,0.0002355224423808977,0,0.13417820632457733,model::deberta_v3_base,DeBERTa-v3,42
7641,0,0.00021275038307067007,0,0.13417820632457733,model::deberta_v3_base,DeBERTa-v3,42
9028,1,7.973791798576713e-05,0,0.13417820632457733,model::deberta_v3_base,DeBERTa-v3,42
1377,0,0.000144146426464431,0,0.13417820632457733,model::deberta_v3_base,DeBERTa-v3,42
8451,0,6.706140993628651e-05,0,0.13417820632457733,model::deberta_v3_base,DeBERTa-v3,42
13056,1,0.0001673618971835822,0,0.13417820632457733,model::deberta_v3_base,DeBERTa-v3,42
9516,0,6.316910730674863e-05,0,0.13417820632457733,model::deberta_v3_base,DeBERTa-v3,42
11571,0,0.00010075300087919459,0,0.13417820632457733,model::deberta_v3_base,DeBERTa-v3,42
15549,0,8.748081017984077e-05,0,0.13417820632457733,model::deberta_v3_base,DeBERTa-v3,42
6838,0,0.0005457986844703555,0,0.13417820632457733,model::deberta_v3_base,DeBERTa-v3,42
14624,0,6.687091808998957e-05,0,0.13417820632457733,model::deberta_v3_base,DeBERTa-v3,42
20203,1,0.00020549146574921906,0,0.13417820632457733,model::deberta_v3_base,DeBERTa-v3,42
17249,0,0.00015018486010376364,0,0.13417820632457733,model::deberta_v3_base,DeBERTa-v3,42
7666,1,0.00017777342873159796,0,0.13417820632457733,model::deberta_v3_base,DeBERTa-v3,42
14003,0,0.00011904197162948549,0,0.13417820632457733,model::deberta_v3_base,DeBERTa-v3,42
8295,1,0.00011387954145902768,0,0.13417820632457733,model::deberta_v3_base,DeBERTa-v3,42
7750,0,7.278843258973211e-05,0,0.13417820632457733,model::deberta_v3_base,DeBERTa-v3,42
15845,0,0.00037503294879570603,0,0.13417820632457733,model::deberta_v3_base,DeBERTa-v3,42
18290,1,0.00015214469749480486,0,0.13417820632457733,model::deberta_v3_base,DeBERTa-v3,42
15259,0,0.0001673935039434582,0,0.13417820632457733,model::deberta_v3_base,DeBERTa-v3,42
12818,0,0.0001252491056220606,0,0.13417820632457733,model::deberta_v3_base,DeBERTa-v3,42
1307,0,0.00017591255891602486,0,0.13417820632457733,model::deberta_v3_base,DeBERTa-v3,42
11666,0,0.0021806464064866304,0,0.13417820632457733,model::deberta_v3_base,DeBERTa-v3,42
10098,0,0.00015970133244991302,0,0.13417820632457733,model::deberta_v3_base,DeBERTa-v3,42
14991,0,0.0004898656043224037,0,0.13417820632457733,model::deberta_v3_base,DeBERTa-v3,42
3536,1,0.0001643311115913093,0,0.13417820632457733,model::deberta_v3_base,DeBERTa-v3,42
793,0,7.48097590985708e-05,0,0.13417820632457733,model::deberta_v3_base,DeBERTa-v3,42
6444,1,0.0001419246691511944,0,0.13417820632457733,model::deberta_v3_base,DeBERTa-v3,42
21037,1,7.114941399777308e-05,0,0.13417820632457733,model::deberta_v3_base,DeBERTa-v3,42
1046,1,0.00010146493150386959,0,0.13417820632457733,model::deberta_v3_base,DeBERTa-v3,42
17091,1,0.0002022391272475943,0,0.13417820632457733,model::deberta_v3_base,DeBERTa-v3,42
10760,1,0.00015782586706336588,0,0.13417820632457733,model::deberta_v3_base,DeBERTa-v3,42
19789,1,0.00011717091547325253,0,0.13417820632457733,model::deberta_v3_base,DeBERTa-v3,42
14570,0,9.885062900139019e-05,0,0.13417820632457733,model::deberta_v3_base,DeBERTa-v3,42
4501,0,0.00025622767861932516,0,0.13417820632457733,model::deberta_v3_base,DeBERTa-v3,42
17804,1,0.00010253649088554084,0,0.13417820632457733,model::deberta_v3_base,DeBERTa-v3,42
20930,1,0.00015418449766002595,0,0.13417820632457733,model::deberta_v3_base,DeBERTa-v3,42
5681,0,0.0001269264321308583,0,0.13417820632457733,model::deberta_v3_base,DeBERTa-v3,42
19492,0,9.648091509006917e-05,0,0.13417820632457733,model::deberta_v3_base,DeBERTa-v3,42
15199,0,0.00016890960978344083,0,0.13417820632457733,model::deberta_v3_base,DeBERTa-v3,42
19773,1,0.000139415220473893,0,0.13417820632457733,model::deberta_v3_base,DeBERTa-v3,42
8648,1,0.0001039019480231218,0,0.13417820632457733,model::deberta_v3_base,DeBERTa-v3,42
19415,0,0.0003317682130727917,0,0.13417820632457733,model::deberta_v3_base,DeBERTa-v3,42
7801,0,0.00014670465316157788,0,0.13417820632457733,model::deberta_v3_base,DeBERTa-v3,42
8,1,0.0001561326498631388,0,0.13417820632457733,model::deberta_v3_base,DeBERTa-v3,42
20689,0,9.362744458485395e-05,0,0.13417820632457733,model::deberta_v3_base,DeBERTa-v3,42
8222,0,0.00018941574671771377,0,0.13417820632457733,model::deberta_v3_base,DeBERTa-v3,42
2404,0,0.00011749626719392836,0,0.13417820632457733,model::deberta_v3_base,DeBERTa-v3,42
16855,0,0.00011156602704431862,0,0.13417820632457733,model::deberta_v3_base,DeBERTa-v3,42
16043,0,0.00021138752344995737,0,0.13417820632457733,model::deberta_v3_base,DeBERTa-v3,42
3970,1,0.0001028879196383059,0,0.13417820632457733,model::deberta_v3_base,DeBERTa-v3,42
15080,0,9.272205352317542e-05,0,0.13417820632457733,model::deberta_v3_base,DeBERTa-v3,42
12208,1,0.00011817089398391545,0,0.13417820632457733,model::deberta_v3_base,DeBERTa-v3,42
16329,0,0.00014225106860976666,0,0.13417820632457733,model::deberta_v3_base,DeBERTa-v3,42
16072,0,8.327092655235901e-05,0,0.13417820632457733,model::deberta_v3_base,DeBERTa-v3,42
7193,0,7.595479110023007e-05,0,0.13417820632457733,model::deberta_v3_base,DeBERTa-v3,42
9127,0,0.00010392414696980268,0,0.13417820632457733,model::deberta_v3_base,DeBERTa-v3,42
8752,0,9.855170355876908e-05,0,0.13417820632457733,model::deberta_v3_base,DeBERTa-v3,42
15219,0,7.11195680196397e-05,0,0.13417820632457733,model::deberta_v3_base,DeBERTa-v3,42
3972,1,0.00013056460011284798,0,0.13417820632457733,model::deberta_v3_base,DeBERTa-v3,42
17228,0,0.00023951163166202605,0,0.13417820632457733,model::deberta_v3_base,DeBERTa-v3,42
11729,1,0.0001184576831292361,0,0.13417820632457733,model::deberta_v3_base,DeBERTa-v3,42
10278,0,0.00011559526319615543,0,0.13417820632457733,model::deberta_v3_base,DeBERTa-v3,42
6727,1,0.00014042574912309647,0,0.13417820632457733,model::deberta_v3_base,DeBERTa-v3,42
13215,0,0.00047728317440487444,0,0.13417820632457733,model::deberta_v3_base,DeBERTa-v3,42
15369,1,0.0001443143410142511,0,0.13417820632457733,model::deberta_v3_base,DeBERTa-v3,42
6047,0,0.01979118026793003,0,0.13417820632457733,model::deberta_v3_base,DeBERTa-v3,42
3678,1,0.00032853949232958257,0,0.13417820632457733,model::deberta_v3_base,DeBERTa-v3,42
7108,1,0.00014506351726595312,0,0.13417820632457733,model::deberta_v3_base,DeBERTa-v3,42
12819,1,0.0001747936476022005,0,0.13417820632457733,model::deberta_v3_base,DeBERTa-v3,42
1116,1,0.00015669132699258626,0,0.13417820632457733,model::deberta_v3_base,DeBERTa-v3,42
11919,1,0.00026703919866122305,0,0.13417820632457733,model::deberta_v3_base,DeBERTa-v3,42
20150,1,0.00014033366460353136,0,0.13417820632457733,model::deberta_v3_base,DeBERTa-v3,42
15363,1,0.00020992752979509532,0,0.13417820632457733,model::deberta_v3_base,DeBERTa-v3,42
9926,0,0.00018260272918269038,0,0.13417820632457733,model::deberta_v3_base,DeBERTa-v3,42
1315,1,0.0002475250803399831,0,0.13417820632457733,model::deberta_v3_base,DeBERTa-v3,42
12578,1,0.00010631739132804796,0,0.13417820632457733,model::deberta_v3_base,DeBERTa-v3,42
9256,1,0.00019917459576390684,0,0.13417820632457733,model::deberta_v3_base,DeBERTa-v3,42
2825,1,0.00011784702655859292,0,0.13417820632457733,model::deberta_v3_base,DeBERTa-v3,42
12249,1,0.0001483605446992442,0,0.13417820632457733,model::deberta_v3_base,DeBERTa-v3,42
2998,1,0.00011736917804228142,0,0.13417820632457733,model::deberta_v3_base,DeBERTa-v3,42
12377,0,8.232882100855932e-05,0,0.13417820632457733,model::deberta_v3_base,DeBERTa-v3,42
14586,0,0.00012001831055385992,0,0.13417820632457733,model::deberta_v3_base,DeBERTa-v3,42
232,0,7.126050331862643e-05,0,0.13417820632457733,model::deberta_v3_base,DeBERTa-v3,42
11854,0,0.0002282453642692417,0,0.13417820632457733,model::deberta_v3_base,DeBERTa-v3,42
20165,0,0.00029787098173983395,0,0.13417820632457733,model::deberta_v3_base,DeBERTa-v3,42
14236,0,0.0001641312992433086,0,0.13417820632457733,model::deberta_v3_base,DeBERTa-v3,42
19570,0,0.00010049134289147332,0,0.13417820632457733,model::deberta_v3_base,DeBERTa-v3,42
12489,0,0.00012940086890012026,0,0.13417820632457733,model::deberta_v3_base,DeBERTa-v3,42
10124,1,0.0001947810233104974,0,0.13417820632457733,model::deberta_v3_base,DeBERTa-v3,42
1189,1,0.00015830514894332737,0,0.13417820632457733,model::deberta_v3_base,DeBERTa-v3,42
12081,1,9.761156979948282e-05,0,0.13417820632457733,model::deberta_v3_base,DeBERTa-v3,42
3134,0,0.0001140541717177257,0,0.13417820632457733,model::deberta_v3_base,DeBERTa-v3,42
14002,1,0.00010769211803562939,0,0.13417820632457733,model::deberta_v3_base,DeBERTa-v3,42
15576,0,0.00012076532584615052,0,0.13417820632457733,model::deberta_v3_base,DeBERTa-v3,42
1697,1,8.09188568382524e-05,0,0.13417820632457733,model::deberta_v3_base,DeBERTa-v3,42
4042,1,0.0001961740490514785,0,0.13417820632457733,model::deberta_v3_base,DeBERTa-v3,42
15141,1,0.0007284689345397055,0,0.13417820632457733,model::deberta_v3_base,DeBERTa-v3,42
9519,1,0.0001964495750144124,0,0.13417820632457733,model::deberta_v3_base,DeBERTa-v3,42
5313,1,0.00010037048195954412,0,0.13417820632457733,model::deberta_v3_base,DeBERTa-v3,42
6119,0,7.704002928221598e-05,0,0.13417820632457733,model::deberta_v3_base,DeBERTa-v3,42
1040,1,0.00021103530889376998,0,0.13417820632457733,model::deberta_v3_base,DeBERTa-v3,42
19078,0,0.00013275527453515679,0,0.13417820632457733,model::deberta_v3_base,DeBERTa-v3,42
17454,0,6.981143087614328e-05,0,0.13417820632457733,model::deberta_v3_base,DeBERTa-v3,42
7896,1,9.7036907391157e-05,0,0.13417820632457733,model::deberta_v3_base,DeBERTa-v3,42
2774,1,8.714659634279087e-05,0,0.13417820632457733,model::deberta_v3_base,DeBERTa-v3,42
4384,1,0.00017410534201189876,0,0.13417820632457733,model::deberta_v3_base,DeBERTa-v3,42
10964,1,0.0001057330155163072,0,0.13417820632457733,model::deberta_v3_base,DeBERTa-v3,42
14351,0,8.533226355211809e-05,0,0.13417820632457733,model::deberta_v3_base,DeBERTa-v3,42
2623,0,0.00012712810712400824,0,0.13417820632457733,model::deberta_v3_base,DeBERTa-v3,42
16957,0,0.0002446308499202132,0,0.13417820632457733,model::deberta_v3_base,DeBERTa-v3,42
3957,0,0.00010175366332987323,0,0.13417820632457733,model::deberta_v3_base,DeBERTa-v3,42
10091,1,7.816706784069538e-05,0,0.13417820632457733,model::deberta_v3_base,DeBERTa-v3,42
5191,0,7.214480137918144e-05,0,0.13417820632457733,model::deberta_v3_base,DeBERTa-v3,42
18187,1,0.00022511542192660272,0,0.13417820632457733,model::deberta_v3_base,DeBERTa-v3,42
18204,0,8.307146345032379e-05,0,0.13417820632457733,model::deberta_v3_base,DeBERTa-v3,42
20699,0,7.753536920063198e-05,0,0.13417820632457733,model::deberta_v3_base,DeBERTa-v3,42
10673,1,0.00010199147800449282,0,0.13417820632457733,model::deberta_v3_base,DeBERTa-v3,42
11601,1,9.439517452847213e-05,0,0.13417820632457733,model::deberta_v3_base,DeBERTa-v3,42
18930,1,0.00013877965102437884,0,0.13417820632457733,model::deberta_v3_base,DeBERTa-v3,42
20037,1,0.00010995977936545387,0,0.13417820632457733,model::deberta_v3_base,DeBERTa-v3,42
14499,1,0.00011152953811688349,0,0.13417820632457733,model::deberta_v3_base,DeBERTa-v3,42
19267,0,0.00018548678781371564,0,0.13417820632457733,model::deberta_v3_base,DeBERTa-v3,42
15555,1,9.603755461284891e-05,0,0.13417820632457733,model::deberta_v3_base,DeBERTa-v3,42
4094,0,7.732036465313286e-05,0,0.13417820632457733,model::deberta_v3_base,DeBERTa-v3,42
6491,0,0.00012015136599075049,0,0.13417820632457733,model::deberta_v3_base,DeBERTa-v3,42
2925,1,0.00013562808453571051,0,0.13417820632457733,model::deberta_v3_base,DeBERTa-v3,42
15798,0,0.00011244632332818583,0,0.13417820632457733,model::deberta_v3_base,DeBERTa-v3,42
20639,1,0.00017045943241100758,0,0.13417820632457733,model::deberta_v3_base,DeBERTa-v3,42
11212,1,8.015523781068623e-05,0,0.13417820632457733,model::deberta_v3_base,DeBERTa-v3,42
2422,0,0.0005497495294548571,0,0.13417820632457733,model::deberta_v3_base,DeBERTa-v3,42
5012,1,7.890233973739669e-05,0,0.13417820632457733,model::deberta_v3_base,DeBERTa-v3,42
6603,1,9.597210009815171e-05,0,0.13417820632457733,model::deberta_v3_base,DeBERTa-v3,42
4997,0,6.734583439538255e-05,0,0.13417820632457733,model::deberta_v3_base,DeBERTa-v3,42
5034,1,9.963363118004054e-05,0,0.13417820632457733,model::deberta_v3_base,DeBERTa-v3,42
2639,0,8.246483776019886e-05,0,0.13417820632457733,model::deberta_v3_base,DeBERTa-v3,42
10947,1,0.00010967411799356341,0,0.13417820632457733,model::deberta_v3_base,DeBERTa-v3,42
4724,0,0.0002661638136487454,0,0.13417820632457733,model::deberta_v3_base,DeBERTa-v3,42
11645,1,0.00011753751459764317,0,0.13417820632457733,model::deberta_v3_base,DeBERTa-v3,42
825,0,0.00018567382358014584,0,0.13417820632457733,model::deberta_v3_base,DeBERTa-v3,42
3923,1,0.00015773170161992311,0,0.13417820632457733,model::deberta_v3_base,DeBERTa-v3,42
8746,0,0.00019115296890959144,0,0.13417820632457733,model::deberta_v3_base,DeBERTa-v3,42
14833,1,0.0001101877714972943,0,0.13417820632457733,model::deberta_v3_base,DeBERTa-v3,42
16281,0,0.00015479643479920924,0,0.13417820632457733,model::deberta_v3_base,DeBERTa-v3,42
5044,0,0.0001072775266948156,0,0.13417820632457733,model::deberta_v3_base,DeBERTa-v3,42
6285,0,0.00011536708916537464,0,0.13417820632457733,model::deberta_v3_base,DeBERTa-v3,42
8873,0,0.003983275964856148,0,0.13417820632457733,model::deberta_v3_base,DeBERTa-v3,42
14231,0,0.013685873709619045,0,0.13417820632457733,model::deberta_v3_base,DeBERTa-v3,42
2040,1,0.00015858947881497443,0,0.13417820632457733,model::deberta_v3_base,DeBERTa-v3,42
13075,1,0.00022917281603440642,0,0.13417820632457733,model::deberta_v3_base,DeBERTa-v3,42
11080,0,0.00010800341260619462,0,0.13417820632457733,model::deberta_v3_base,DeBERTa-v3,42
15958,1,0.00010195316281169653,0,0.13417820632457733,model::deberta_v3_base,DeBERTa-v3,42
546,0,0.00010261582065140828,0,0.13417820632457733,model::deberta_v3_base,DeBERTa-v3,42
798,0,9.924032201524824e-05,0,0.13417820632457733,model::deberta_v3_base,DeBERTa-v3,42
15907,1,0.0001659109111642465,0,0.13417820632457733,model::deberta_v3_base,DeBERTa-v3,42
271,1,0.0003001564182341099,0,0.13417820632457733,model::deberta_v3_base,DeBERTa-v3,42
4130,0,8.735159644857049e-05,0,0.13417820632457733,model::deberta_v3_base,DeBERTa-v3,42
10142,0,0.00010912394645856693,0,0.13417820632457733,model::deberta_v3_base,DeBERTa-v3,42
16117,0,0.001483275438658893,0,0.13417820632457733,model::deberta_v3_base,DeBERTa-v3,42
7121,0,0.00012500022421590984,0,0.13417820632457733,model::deberta_v3_base,DeBERTa-v3,42
4788,0,0.0003367052413523197,0,0.13417820632457733,model::deberta_v3_base,DeBERTa-v3,42
1574,0,0.00018515934061724693,0,0.13417820632457733,model::deberta_v3_base,DeBERTa-v3,42
9657,1,0.00014775276940781623,0,0.13417820632457733,model::deberta_v3_base,DeBERTa-v3,42
15674,1,9.393838263349608e-05,0,0.13417820632457733,model::deberta_v3_base,DeBERTa-v3,42
14017,0,0.0001752061361912638,0,0.13417820632457733,model::deberta_v3_base,DeBERTa-v3,42
18691,0,0.0004055446188431233,0,0.13417820632457733,model::deberta_v3_base,DeBERTa-v3,42
19684,0,0.0005413131439127028,0,0.13417820632457733,model::deberta_v3_base,DeBERTa-v3,42
19741,1,0.0002321177744306624,0,0.13417820632457733,model::deberta_v3_base,DeBERTa-v3,42
3141,1,8.006982534425333e-05,0,0.13417820632457733,model::deberta_v3_base,DeBERTa-v3,42
2968,1,0.00014763447688892484,0,0.13417820632457733,model::deberta_v3_base,DeBERTa-v3,42
10633,1,0.00013295799726620317,0,0.13417820632457733,model::deberta_v3_base,DeBERTa-v3,42
11195,0,9.434199455427006e-05,0,0.13417820632457733,model::deberta_v3_base,DeBERTa-v3,42
17044,0,0.0009008400957100093,0,0.13417820632457733,model::deberta_v3_base,DeBERTa-v3,42
17321,0,6.872465019114316e-05,0,0.13417820632457733,model::deberta_v3_base,DeBERTa-v3,42
12886,1,8.407377026742324e-05,0,0.13417820632457733,model::deberta_v3_base,DeBERTa-v3,42
18709,0,7.271683716680855e-05,0,0.13417820632457733,model::deberta_v3_base,DeBERTa-v3,42
8346,1,0.00017003880930133164,0,0.13417820632457733,model::deberta_v3_base,DeBERTa-v3,42
18967,0,0.00016719249833840877,0,0.13417820632457733,model::deberta_v3_base,DeBERTa-v3,42
8952,0,0.00011723572970367968,0,0.13417820632457733,model::deberta_v3_base,DeBERTa-v3,42
20168,0,0.001017603324726224,0,0.13417820632457733,model::deberta_v3_base,DeBERTa-v3,42
10331,0,9.571445843903348e-05,0,0.13417820632457733,model::deberta_v3_base,DeBERTa-v3,42
18336,1,0.00012353456986602396,0,0.13417820632457733,model::deberta_v3_base,DeBERTa-v3,42
19721,0,0.0003090323298238218,0,0.13417820632457733,model::deberta_v3_base,DeBERTa-v3,42
2895,0,0.00011819996871054173,0,0.13417820632457733,model::deberta_v3_base,DeBERTa-v3,42
9311,1,0.00012694373435806483,0,0.13417820632457733,model::deberta_v3_base,DeBERTa-v3,42
19159,0,0.0001483717205701396,0,0.13417820632457733,model::deberta_v3_base,DeBERTa-v3,42
1740,0,9.49025052250363e-05,0,0.13417820632457733,model::deberta_v3_base,DeBERTa-v3,42
7063,0,6.644763197982684e-05,0,0.13417820632457733,model::deberta_v3_base,DeBERTa-v3,42
1117,0,0.00014364163507707417,0,0.13417820632457733,model::deberta_v3_base,DeBERTa-v3,42
17864,0,0.04952597618103027,0,0.13417820632457733,model::deberta_v3_base,DeBERTa-v3,42
4091,1,0.00014347024261951447,0,0.13417820632457733,model::deberta_v3_base,DeBERTa-v3,42
14084,0,7.818145968485624e-05,0,0.13417820632457733,model::deberta_v3_base,DeBERTa-v3,42
18286,0,0.0001343217445537448,0,0.13417820632457733,model::deberta_v3_base,DeBERTa-v3,42
20021,1,7.029654807411134e-05,0,0.13417820632457733,model::deberta_v3_base,DeBERTa-v3,42
11050,0,0.00015824867296032608,0,0.13417820632457733,model::deberta_v3_base,DeBERTa-v3,42
4650,1,0.00013489341654349118,0,0.13417820632457733,model::deberta_v3_base,DeBERTa-v3,42
14381,1,9.900685108732432e-05,0,0.13417820632457733,model::deberta_v3_base,DeBERTa-v3,42
2274,0,0.000427359453169629,0,0.13417820632457733,model::deberta_v3_base,DeBERTa-v3,42
2975,1,9.850454807747155e-05,0,0.13417820632457733,model::deberta_v3_base,DeBERTa-v3,42
18110,1,0.00010011353879235685,0,0.13417820632457733,model::deberta_v3_base,DeBERTa-v3,42
13568,1,0.00013825447240378708,0,0.13417820632457733,model::deberta_v3_base,DeBERTa-v3,42
20984,0,0.00011877710494445637,0,0.13417820632457733,model::deberta_v3_base,DeBERTa-v3,42
10928,1,0.00017766465316526592,0,0.13417820632457733,model::deberta_v3_base,DeBERTa-v3,42
4169,1,0.00010282739094691351,0,0.13417820632457733,model::deberta_v3_base,DeBERTa-v3,42
9177,1,0.00017745369405020028,0,0.13417820632457733,model::deberta_v3_base,DeBERTa-v3,42
13388,0,0.00010461298370501027,0,0.13417820632457733,model::deberta_v3_base,DeBERTa-v3,42
12785,0,0.00010452214337419719,0,0.13417820632457733,model::deberta_v3_base,DeBERTa-v3,42
15272,1,0.00027341442182660103,0,0.13417820632457733,model::deberta_v3_base,DeBERTa-v3,42
10296,0,8.434792107436806e-05,0,0.13417820632457733,model::deberta_v3_base,DeBERTa-v3,42
1854,1,0.00012907639029435813,0,0.13417820632457733,model::deberta_v3_base,DeBERTa-v3,42
16449,0,0.00016085748211480677,0,0.13417820632457733,model::deberta_v3_base,DeBERTa-v3,42
4113,1,0.00016257757670246065,0,0.13417820632457733,model::deberta_v3_base,DeBERTa-v3,42
14894,0,0.000242495778365992,0,0.13417820632457733,model::deberta_v3_base,DeBERTa-v3,42
19635,1,0.0001345483906334266,0,0.13417820632457733,model::deberta_v3_base,DeBERTa-v3,42
816,1,0.00011560121492948383,0,0.13417820632457733,model::deberta_v3_base,DeBERTa-v3,42
20057,0,0.00014441207167692482,0,0.13417820632457733,model::deberta_v3_base,DeBERTa-v3,42
13410,0,0.00012674271420110017,0,0.13417820632457733,model::deberta_v3_base,DeBERTa-v3,42
10307,0,0.00012333999620750546,0,0.13417820632457733,model::deberta_v3_base,DeBERTa-v3,42
2188,1,0.00031335497624240816,0,0.13417820632457733,model::deberta_v3_base,DeBERTa-v3,42
6244,0,9.086130012292415e-05,0,0.13417820632457733,model::deberta_v3_base,DeBERTa-v3,42
19435,1,0.0001387738302582875,0,0.13417820632457733,model::deberta_v3_base,DeBERTa-v3,42
2773,1,0.00013383808254729956,0,0.13417820632457733,model::deberta_v3_base,DeBERTa-v3,42
17667,0,0.0001599651441210881,0,0.13417820632457733,model::deberta_v3_base,DeBERTa-v3,42
18611,0,0.0001475618628319353,0,0.13417820632457733,model::deberta_v3_base,DeBERTa-v3,42
14694,0,0.0002604860346764326,0,0.13417820632457733,model::deberta_v3_base,DeBERTa-v3,42
17911,1,0.00011139168782392517,0,0.13417820632457733,model::deberta_v3_base,DeBERTa-v3,42
14524,1,0.00010276858665747568,0,0.13417820632457733,model::deberta_v3_base,DeBERTa-v3,42
16528,0,0.00010410725371912122,0,0.13417820632457733,model::deberta_v3_base,DeBERTa-v3,42
3412,0,0.00011684668425004929,0,0.13417820632457733,model::deberta_v3_base,DeBERTa-v3,42
16238,0,7.257766264956445e-05,0,0.13417820632457733,model::deberta_v3_base,DeBERTa-v3,42
14091,1,0.00013669964391738176,0,0.13417820632457733,model::deberta_v3_base,DeBERTa-v3,42
10747,0,0.0014958069659769535,0,0.13417820632457733,model::deberta_v3_base,DeBERTa-v3,42
13544,0,7.298980199266225e-05,0,0.13417820632457733,model::deberta_v3_base,DeBERTa-v3,42
1956,0,0.00015607342356815934,0,0.13417820632457733,model::deberta_v3_base,DeBERTa-v3,42
5540,0,0.0007333586690947413,0,0.13417820632457733,model::deberta_v3_base,DeBERTa-v3,42
4946,1,0.00013625313295051455,0,0.13417820632457733,model::deberta_v3_base,DeBERTa-v3,42
9335,0,7.807127258274704e-05,0,0.13417820632457733,model::deberta_v3_base,DeBERTa-v3,42
6785,1,0.0001249503984581679,0,0.13417820632457733,model::deberta_v3_base,DeBERTa-v3,42
3545,0,0.00014849229773972183,0,0.13417820632457733,model::deberta_v3_base,DeBERTa-v3,42
10811,0,0.0006160217453725636,0,0.13417820632457733,model::deberta_v3_base,DeBERTa-v3,42
7712,0,0.00010186287545366213,0,0.13417820632457733,model::deberta_v3_base,DeBERTa-v3,42
11797,0,0.0003877619747072458,0,0.13417820632457733,model::deberta_v3_base,DeBERTa-v3,42
16705,1,0.00012533763947430998,0,0.13417820632457733,model::deberta_v3_base,DeBERTa-v3,42
17307,1,0.00015678908675909042,0,0.13417820632457733,model::deberta_v3_base,DeBERTa-v3,42
9386,1,9.201661305269226e-05,0,0.13417820632457733,model::deberta_v3_base,DeBERTa-v3,42
2510,0,0.00010041922359960154,0,0.13417820632457733,model::deberta_v3_base,DeBERTa-v3,42
9672,0,0.0002204715710831806,0,0.13417820632457733,model::deberta_v3_base,DeBERTa-v3,42
2290,1,0.00012773882190231234,0,0.13417820632457733,model::deberta_v3_base,DeBERTa-v3,42
13123,1,0.00011709876707755029,0,0.13417820632457733,model::deberta_v3_base,DeBERTa-v3,42
1322,0,0.0003917832800652832,0,0.13417820632457733,model::deberta_v3_base,DeBERTa-v3,42
5841,1,0.0001272952649742365,0,0.13417820632457733,model::deberta_v3_base,DeBERTa-v3,42
9513,0,0.0001882572687463835,0,0.13417820632457733,model::deberta_v3_base,DeBERTa-v3,42
12211,1,0.00011811681179096922,0,0.13417820632457733,model::deberta_v3_base,DeBERTa-v3,42
21058,1,0.00014381390064954758,0,0.13417820632457733,model::deberta_v3_base,DeBERTa-v3,42
10357,1,0.00019684125436469913,0,0.13417820632457733,model::deberta_v3_base,DeBERTa-v3,42
6183,1,0.00017828249838203192,0,0.13417820632457733,model::deberta_v3_base,DeBERTa-v3,42
18633,0,9.487789793638512e-05,0,0.13417820632457733,model::deberta_v3_base,DeBERTa-v3,42
19725,0,0.00010612615733407438,0,0.13417820632457733,model::deberta_v3_base,DeBERTa-v3,42
16923,0,0.00010073868179460987,0,0.13417820632457733,model::deberta_v3_base,DeBERTa-v3,42
13020,1,0.00014160755381453782,0,0.13417820632457733,model::deberta_v3_base,DeBERTa-v3,42
540,0,5.727388270315714e-05,0,0.13417820632457733,model::deberta_v3_base,DeBERTa-v3,42
4871,1,0.00015979897580109537,0,0.13417820632457733,model::deberta_v3_base,DeBERTa-v3,42
8695,0,8.337773033417761e-05,0,0.13417820632457733,model::deberta_v3_base,DeBERTa-v3,42
17258,0,5.706191586796194e-05,0,0.13417820632457733,model::deberta_v3_base,DeBERTa-v3,42
6848,1,0.00014435977209359407,0,0.13417820632457733,model::deberta_v3_base,DeBERTa-v3,42
15205,1,8.394671749556437e-05,0,0.13417820632457733,model::deberta_v3_base,DeBERTa-v3,42
11072,0,0.00024304624821525067,0,0.13417820632457733,model::deberta_v3_base,DeBERTa-v3,42
13487,1,0.0001326937781414017,0,0.13417820632457733,model::deberta_v3_base,DeBERTa-v3,42
6640,1,0.00019852879631798714,0,0.13417820632457733,model::deberta_v3_base,DeBERTa-v3,42
6326,1,9.470631630392745e-05,0,0.13417820632457733,model::deberta_v3_base,DeBERTa-v3,42
10867,1,0.00024300454242620617,0,0.13417820632457733,model::deberta_v3_base,DeBERTa-v3,42
8939,1,0.00016754055104684085,0,0.13417820632457733,model::deberta_v3_base,DeBERTa-v3,42
9486,0,9.697853965917602e-05,0,0.13417820632457733,model::deberta_v3_base,DeBERTa-v3,42
6563,1,0.00013519462663680315,0,0.13417820632457733,model::deberta_v3_base,DeBERTa-v3,42
20362,1,0.00020539999241009355,0,0.13417820632457733,model::deberta_v3_base,DeBERTa-v3,42
17141,0,0.00017710175598040223,0,0.13417820632457733,model::deberta_v3_base,DeBERTa-v3,42
5695,0,7.367524813162163e-05,0,0.13417820632457733,model::deberta_v3_base,DeBERTa-v3,42
19571,0,0.00014861526142340153,0,0.13417820632457733,model::deberta_v3_base,DeBERTa-v3,42
18271,1,0.00012235180474817753,0,0.13417820632457733,model::deberta_v3_base,DeBERTa-v3,42
9009,0,0.0004493846499826759,0,0.13417820632457733,model::deberta_v3_base,DeBERTa-v3,42
687,0,0.00012670525757130235,0,0.13417820632457733,model::deberta_v3_base,DeBERTa-v3,42
7481,1,9.246731497114524e-05,0,0.13417820632457733,model::deberta_v3_base,DeBERTa-v3,42
437,1,0.00013615729403682053,0,0.13417820632457733,model::deberta_v3_base,DeBERTa-v3,42
2543,1,0.00015260586224030703,0,0.13417820632457733,model::deberta_v3_base,DeBERTa-v3,42
1100,0,0.0001544428669149056,0,0.13417820632457733,model::deberta_v3_base,DeBERTa-v3,42
8900,0,0.000125720544019714,0,0.13417820632457733,model::deberta_v3_base,DeBERTa-v3,42
18697,0,0.00036467835889197886,0,0.13417820632457733,model::deberta_v3_base,DeBERTa-v3,42
13305,1,0.0001414286089129746,0,0.13417820632457733,model::deberta_v3_base,DeBERTa-v3,42
17723,0,8.01647111074999e-05,0,0.13417820632457733,model::deberta_v3_base,DeBERTa-v3,42
5755,0,0.0006529512465931475,0,0.13417820632457733,model::deberta_v3_base,DeBERTa-v3,42
1390,0,7.741731678834185e-05,0,0.13417820632457733,model::deberta_v3_base,DeBERTa-v3,42
3759,0,0.00015629800327587873,0,0.13417820632457733,model::deberta_v3_base,DeBERTa-v3,42
3392,0,8.870718738762662e-05,0,0.13417820632457733,model::deberta_v3_base,DeBERTa-v3,42
11785,0,0.00014765953528694808,0,0.13417820632457733,model::deberta_v3_base,DeBERTa-v3,42
12707,0,8.051039185374975e-05,0,0.13417820632457733,model::deberta_v3_base,DeBERTa-v3,42
5593,0,0.0003413335944060236,0,0.13417820632457733,model::deberta_v3_base,DeBERTa-v3,42
19115,0,9.686578414402902e-05,0,0.13417820632457733,model::deberta_v3_base,DeBERTa-v3,42
6726,1,8.356414036825299e-05,0,0.13417820632457733,model::deberta_v3_base,DeBERTa-v3,42
3046,1,0.00014566424943041056,0,0.13417820632457733,model::deberta_v3_base,DeBERTa-v3,42
301,0,0.00011289648682577536,0,0.13417820632457733,model::deberta_v3_base,DeBERTa-v3,42
8395,1,0.00017915587523020804,0,0.13417820632457733,model::deberta_v3_base,DeBERTa-v3,42
19689,0,6.24224339844659e-05,0,0.13417820632457733,model::deberta_v3_base,DeBERTa-v3,42
7687,1,0.00016210977628361434,0,0.13417820632457733,model::deberta_v3_base,DeBERTa-v3,42
7664,0,8.311655255965889e-05,0,0.13417820632457733,model::deberta_v3_base,DeBERTa-v3,42
4550,1,9.776472143130377e-05,0,0.13417820632457733,model::deberta_v3_base,DeBERTa-v3,42
14612,1,0.0001296699047088623,0,0.13417820632457733,model::deberta_v3_base,DeBERTa-v3,42
17535,0,7.7688047895208e-05,0,0.13417820632457733,model::deberta_v3_base,DeBERTa-v3,42
14500,0,0.00016240357945207506,0,0.13417820632457733,model::deberta_v3_base,DeBERTa-v3,42
11181,1,0.00018777683726511896,0,0.13417820632457733,model::deberta_v3_base,DeBERTa-v3,42
12882,1,0.00029951095348224044,0,0.13417820632457733,model::deberta_v3_base,DeBERTa-v3,42
14542,0,0.00013797830615658313,0,0.13417820632457733,model::deberta_v3_base,DeBERTa-v3,42
12856,1,0.00013354972179513425,0,0.13417820632457733,model::deberta_v3_base,DeBERTa-v3,42
16543,1,0.0001799914607545361,0,0.13417820632457733,model::deberta_v3_base,DeBERTa-v3,42
12935,0,9.25278291106224e-05,0,0.13417820632457733,model::deberta_v3_base,DeBERTa-v3,42
20507,1,0.00014276050205808133,0,0.13417820632457733,model::deberta_v3_base,DeBERTa-v3,42
20281,1,0.00010715289681684226,0,0.13417820632457733,model::deberta_v3_base,DeBERTa-v3,42
11670,1,0.00020999438129365444,0,0.13417820632457733,model::deberta_v3_base,DeBERTa-v3,42
13377,0,0.00012378665269352496,0,0.13417820632457733,model::deberta_v3_base,DeBERTa-v3,42
16106,1,0.00010152764298254624,0,0.13417820632457733,model::deberta_v3_base,DeBERTa-v3,42
16093,0,0.0001523015962447971,0,0.13417820632457733,model::deberta_v3_base,DeBERTa-v3,42
17762,1,0.00016440698527731001,0,0.13417820632457733,model::deberta_v3_base,DeBERTa-v3,42
3947,0,7.62681956985034e-05,0,0.13417820632457733,model::deberta_v3_base,DeBERTa-v3,42
4666,1,0.00010354341065976769,0,0.13417820632457733,model::deberta_v3_base,DeBERTa-v3,42
13764,0,0.0001032711734296754,0,0.13417820632457733,model::deberta_v3_base,DeBERTa-v3,42
1338,0,0.00011839512444566935,0,0.13417820632457733,model::deberta_v3_base,DeBERTa-v3,42
15915,0,9.893267997540534e-05,0,0.13417820632457733,model::deberta_v3_base,DeBERTa-v3,42
19418,1,0.0002292801218573004,0,0.13417820632457733,model::deberta_v3_base,DeBERTa-v3,42
5541,0,0.00020639982540160418,0,0.13417820632457733,model::deberta_v3_base,DeBERTa-v3,42
11345,1,0.00014976042439229786,0,0.13417820632457733,model::deberta_v3_base,DeBERTa-v3,42
13047,1,0.0001538753422209993,0,0.13417820632457733,model::deberta_v3_base,DeBERTa-v3,42
10206,1,0.00023802666692063212,0,0.13417820632457733,model::deberta_v3_base,DeBERTa-v3,42
6940,1,0.00014170899521559477,0,0.13417820632457733,model::deberta_v3_base,DeBERTa-v3,42
11720,1,8.752076973905787e-05,0,0.13417820632457733,model::deberta_v3_base,DeBERTa-v3,42
2120,0,0.00018725778500083834,0,0.13417820632457733,model::deberta_v3_base,DeBERTa-v3,42
21003,0,0.000158601877046749,0,0.13417820632457733,model::deberta_v3_base,DeBERTa-v3,42
6534,1,8.132335642585531e-05,0,0.13417820632457733,model::deberta_v3_base,DeBERTa-v3,42
20927,1,8.375464676646516e-05,0,0.13417820632457733,model::deberta_v3_base,DeBERTa-v3,42
13107,0,0.00011637932038865983,0,0.13417820632457733,model::deberta_v3_base,DeBERTa-v3,42
20603,0,0.0001142320252256468,0,0.13417820632457733,model::deberta_v3_base,DeBERTa-v3,42
9452,1,0.00022019677271600813,0,0.13417820632457733,model::deberta_v3_base,DeBERTa-v3,42
4005,0,0.00013853266136720777,0,0.13417820632457733,model::deberta_v3_base,DeBERTa-v3,42
2041,1,0.0001826985098887235,0,0.13417820632457733,model::deberta_v3_base,DeBERTa-v3,42
12589,1,0.00015441181312780827,0,0.13417820632457733,model::deberta_v3_base,DeBERTa-v3,42
99,1,0.00015321795945055783,0,0.13417820632457733,model::deberta_v3_base,DeBERTa-v3,42
4646,0,0.00027132188552059233,0,0.13417820632457733,model::deberta_v3_base,DeBERTa-v3,42
1275,0,0.00018888369959313422,0,0.13417820632457733,model::deberta_v3_base,DeBERTa-v3,42
9606,0,0.0009486032067798078,0,0.13417820632457733,model::deberta_v3_base,DeBERTa-v3,42
15552,0,0.00020089111058041453,0,0.13417820632457733,model::deberta_v3_base,DeBERTa-v3,42
15416,1,0.00012242917728144675,0,0.13417820632457733,model::deberta_v3_base,DeBERTa-v3,42
3899,1,0.00015776927466504276,0,0.13417820632457733,model::deberta_v3_base,DeBERTa-v3,42
9168,1,0.00020883091201540083,0,0.13417820632457733,model::deberta_v3_base,DeBERTa-v3,42
20325,1,0.0002676616422832012,0,0.13417820632457733,model::deberta_v3_base,DeBERTa-v3,42
19870,0,5.773395605501719e-05,0,0.13417820632457733,model::deberta_v3_base,DeBERTa-v3,42
1973,0,0.00012968461669515818,0,0.13417820632457733,model::deberta_v3_base,DeBERTa-v3,42
16233,1,0.0001364873314741999,0,0.13417820632457733,model::deberta_v3_base,DeBERTa-v3,42
8004,1,9.740496170707047e-05,0,0.13417820632457733,model::deberta_v3_base,DeBERTa-v3,42
7704,1,0.00012982245243620127,0,0.13417820632457733,model::deberta_v3_base,DeBERTa-v3,42
14453,0,0.00015163040370680392,0,0.13417820632457733,model::deberta_v3_base,DeBERTa-v3,42
19283,1,0.0001535703195258975,0,0.13417820632457733,model::deberta_v3_base,DeBERTa-v3,42
13121,0,9.664158278610557e-05,0,0.13417820632457733,model::deberta_v3_base,DeBERTa-v3,42
933,1,0.00014078023377805948,0,0.13417820632457733,model::deberta_v3_base,DeBERTa-v3,42
16534,1,9.45969222811982e-05,0,0.13417820632457733,model::deberta_v3_base,DeBERTa-v3,42
13551,0,7.52464184188284e-05,0,0.13417820632457733,model::deberta_v3_base,DeBERTa-v3,42
20584,0,6.344839493976906e-05,0,0.13417820632457733,model::deberta_v3_base,DeBERTa-v3,42
8329,1,0.00015250200522132218,0,0.13417820632457733,model::deberta_v3_base,DeBERTa-v3,42
442,1,0.00014595591346733272,0,0.13417820632457733,model::deberta_v3_base,DeBERTa-v3,42
9517,0,7.242002902785316e-05,0,0.13417820632457733,model::deberta_v3_base,DeBERTa-v3,42
15277,0,0.0002011333854170516,0,0.13417820632457733,model::deberta_v3_base,DeBERTa-v3,42
8177,0,0.0002093159273499623,0,0.13417820632457733,model::deberta_v3_base,DeBERTa-v3,42
9740,0,0.00043044958147220314,0,0.13417820632457733,model::deberta_v3_base,DeBERTa-v3,42
18612,0,9.768587187863886e-05,0,0.13417820632457733,model::deberta_v3_base,DeBERTa-v3,42
7065,1,0.00015343126142397523,0,0.13417820632457733,model::deberta_v3_base,DeBERTa-v3,42
17108,1,0.00018502346938475966,0,0.13417820632457733,model::deberta_v3_base,DeBERTa-v3,42
623,1,0.00010321072477381676,0,0.13417820632457733,model::deberta_v3_base,DeBERTa-v3,42
450,1,0.00013907597167417407,0,0.13417820632457733,model::deberta_v3_base,DeBERTa-v3,42
14789,1,0.0001863493671407923,0,0.13417820632457733,model::deberta_v3_base,DeBERTa-v3,42
20505,1,0.00010555097833275795,0,0.13417820632457733,model::deberta_v3_base,DeBERTa-v3,42
6836,1,0.00013149641745258123,0,0.13417820632457733,model::deberta_v3_base,DeBERTa-v3,42
1568,0,0.0004452725115697831,0,0.13417820632457733,model::deberta_v3_base,DeBERTa-v3,42
4933,0,6.342032429529354e-05,0,0.13417820632457733,model::deberta_v3_base,DeBERTa-v3,42
1934,1,0.00015643902588635683,0,0.13417820632457733,model::deberta_v3_base,DeBERTa-v3,42
3849,0,0.00014012317114975303,0,0.13417820632457733,model::deberta_v3_base,DeBERTa-v3,42
8418,1,0.0002760144416242838,0,0.13417820632457733,model::deberta_v3_base,DeBERTa-v3,42
11146,0,0.00013159388618078083,0,0.13417820632457733,model::deberta_v3_base,DeBERTa-v3,42
2858,0,0.00012279408110771328,0,0.13417820632457733,model::deberta_v3_base,DeBERTa-v3,42
11360,0,0.00022006708604749292,0,0.13417820632457733,model::deberta_v3_base,DeBERTa-v3,42
6587,1,0.00010701575229177251,0,0.13417820632457733,model::deberta_v3_base,DeBERTa-v3,42
16519,0,0.00025317954714410007,0,0.13417820632457733,model::deberta_v3_base,DeBERTa-v3,42
4196,0,7.260424899868667e-05,0,0.13417820632457733,model::deberta_v3_base,DeBERTa-v3,42
7775,1,0.00023939268430694938,0,0.13417820632457733,model::deberta_v3_base,DeBERTa-v3,42
16531,1,0.00013324900646694005,0,0.13417820632457733,model::deberta_v3_base,DeBERTa-v3,42
4179,0,0.0005769827985204756,0,0.13417820632457733,model::deberta_v3_base,DeBERTa-v3,42
12064,1,0.0009168935939669609,0,0.13417820632457733,model::deberta_v3_base,DeBERTa-v3,42
6925,0,0.00010708640184020624,0,0.13417820632457733,model::deberta_v3_base,DeBERTa-v3,42
14658,1,0.0001112305762944743,0,0.13417820632457733,model::deberta_v3_base,DeBERTa-v3,42
8300,1,0.00011039200035156682,0,0.13417820632457733,model::deberta_v3_base,DeBERTa-v3,42
7488,1,0.000128156942082569,0,0.13417820632457733,model::deberta_v3_base,DeBERTa-v3,42
6391,1,0.00014654500409960747,0,0.13417820632457733,model::deberta_v3_base,DeBERTa-v3,42
2972,1,0.00010033210855908692,0,0.13417820632457733,model::deberta_v3_base,DeBERTa-v3,42
4309,1,0.00017314479919150472,0,0.13417820632457733,model::deberta_v3_base,DeBERTa-v3,42
14302,0,0.00015031937800813466,0,0.13417820632457733,model::deberta_v3_base,DeBERTa-v3,42
2721,0,0.00013248920731712133,0,0.13417820632457733,model::deberta_v3_base,DeBERTa-v3,42
9113,0,0.00011609876673901454,0,0.13417820632457733,model::deberta_v3_base,DeBERTa-v3,42
5905,1,0.0001365508505841717,0,0.13417820632457733,model::deberta_v3_base,DeBERTa-v3,42
13630,1,6.501155439764261e-05,0,0.13417820632457733,model::deberta_v3_base,DeBERTa-v3,42
11675,1,0.00013581302482634783,0,0.13417820632457733,model::deberta_v3_base,DeBERTa-v3,42
2821,1,0.00012695402256213129,0,0.13417820632457733,model::deberta_v3_base,DeBERTa-v3,42
13740,0,0.0002899996470659971,0,0.13417820632457733,model::deberta_v3_base,DeBERTa-v3,42
10802,1,0.0002463826967868954,0,0.13417820632457733,model::deberta_v3_base,DeBERTa-v3,42
16566,1,0.00015960315067786723,0,0.13417820632457733,model::deberta_v3_base,DeBERTa-v3,42
13407,1,9.92705172393471e-05,0,0.13417820632457733,model::deberta_v3_base,DeBERTa-v3,42
21118,0,0.00014064711285755038,0,0.13417820632457733,model::deberta_v3_base,DeBERTa-v3,42
10513,1,0.0001973300240933895,0,0.13417820632457733,model::deberta_v3_base,DeBERTa-v3,42
9566,0,8.765316306380555e-05,0,0.13417820632457733,model::deberta_v3_base,DeBERTa-v3,42
13783,1,0.0001251965732080862,0,0.13417820632457733,model::deberta_v3_base,DeBERTa-v3,42
560,1,0.00011005629494320601,0,0.13417820632457733,model::deberta_v3_base,DeBERTa-v3,42
17002,1,0.0001161193722509779,0,0.13417820632457733,model::deberta_v3_base,DeBERTa-v3,42
5175,1,0.00014816531620454043,0,0.13417820632457733,model::deberta_v3_base,DeBERTa-v3,42
5690,1,9.413359657628462e-05,0,0.13417820632457733,model::deberta_v3_base,DeBERTa-v3,42
15444,1,0.00010124399705091491,0,0.13417820632457733,model::deberta_v3_base,DeBERTa-v3,42
10214,1,0.00010625871072988957,0,0.13417820632457733,model::deberta_v3_base,DeBERTa-v3,42
3049,1,9.828227484831586e-05,0,0.13417820632457733,model::deberta_v3_base,DeBERTa-v3,42
2883,0,0.00012825486192014068,0,0.13417820632457733,model::deberta_v3_base,DeBERTa-v3,42
975,1,0.00011580797581700608,0,0.13417820632457733,model::deberta_v3_base,DeBERTa-v3,42
71,0,7.505077519454062e-05,0,0.13417820632457733,model::deberta_v3_base,DeBERTa-v3,42
4599,1,0.00011988310870947316,0,0.13417820632457733,model::deberta_v3_base,DeBERTa-v3,42
18275,0,0.0003074195992667228,0,0.13417820632457733,model::deberta_v3_base,DeBERTa-v3,42
17571,1,0.00018078125140164047,0,0.13417820632457733,model::deberta_v3_base,DeBERTa-v3,42
8416,0,0.00010716597898863256,0,0.13417820632457733,model::deberta_v3_base,DeBERTa-v3,42
3943,0,7.005136285442859e-05,0,0.13417820632457733,model::deberta_v3_base,DeBERTa-v3,42
5303,0,0.00010672084317775443,0,0.13417820632457733,model::deberta_v3_base,DeBERTa-v3,42
16788,1,0.00012787630839738995,0,0.13417820632457733,model::deberta_v3_base,DeBERTa-v3,42
18501,0,0.00011861433449666947,0,0.13417820632457733,model::deberta_v3_base,DeBERTa-v3,42
2130,1,0.00011474271741462871,0,0.13417820632457733,model::deberta_v3_base,DeBERTa-v3,42
17344,1,0.00016098791093099862,0,0.13417820632457733,model::deberta_v3_base,DeBERTa-v3,42
19397,1,0.0001607687008799985,0,0.13417820632457733,model::deberta_v3_base,DeBERTa-v3,42
19239,1,0.00011639517470030114,0,0.13417820632457733,model::deberta_v3_base,DeBERTa-v3,42
17745,0,7.631941844010726e-05,0,0.13417820632457733,model::deberta_v3_base,DeBERTa-v3,42
18320,0,0.0007164160488173366,0,0.13417820632457733,model::deberta_v3_base,DeBERTa-v3,42
1295,1,9.450117067899555e-05,0,0.13417820632457733,model::deberta_v3_base,DeBERTa-v3,42
16517,0,0.00020424208196345717,0,0.13417820632457733,model::deberta_v3_base,DeBERTa-v3,42
14688,1,0.0001213253490277566,0,0.13417820632457733,model::deberta_v3_base,DeBERTa-v3,42
14603,1,0.00011569936032174155,0,0.13417820632457733,model::deberta_v3_base,DeBERTa-v3,42
6744,1,9.897684503812343e-05,0,0.13417820632457733,model::deberta_v3_base,DeBERTa-v3,42
6995,1,0.0001293634995818138,0,0.13417820632457733,model::deberta_v3_base,DeBERTa-v3,42
17663,1,0.0001377471926389262,0,0.13417820632457733,model::deberta_v3_base,DeBERTa-v3,42
4851,1,0.00015414626977872103,0,0.13417820632457733,model::deberta_v3_base,DeBERTa-v3,42
958,1,0.0001212093629874289,0,0.13417820632457733,model::deberta_v3_base,DeBERTa-v3,42
19857,0,0.00014308307436294854,0,0.13417820632457733,model::deberta_v3_base,DeBERTa-v3,42
349,1,0.00012858696572948247,0,0.13417820632457733,model::deberta_v3_base,DeBERTa-v3,42
16537,1,0.00015108486695680767,0,0.13417820632457733,model::deberta_v3_base,DeBERTa-v3,42
2859,0,6.553978164447471e-05,0,0.13417820632457733,model::deberta_v3_base,DeBERTa-v3,42
1002,1,0.0001666894822847098,0,0.13417820632457733,model::deberta_v3_base,DeBERTa-v3,42
19216,1,0.00019295304082334042,0,0.13417820632457733,model::deberta_v3_base,DeBERTa-v3,42
8488,0,0.00017818344349507242,0,0.13417820632457733,model::deberta_v3_base,DeBERTa-v3,42
10341,1,0.00014103687135502696,0,0.13417820632457733,model::deberta_v3_base,DeBERTa-v3,42
5760,1,0.00012826366582885385,0,0.13417820632457733,model::deberta_v3_base,DeBERTa-v3,42
20532,0,8.710920519661158e-05,0,0.13417820632457733,model::deberta_v3_base,DeBERTa-v3,42
3037,1,0.0001294097601203248,0,0.13417820632457733,model::deberta_v3_base,DeBERTa-v3,42
13980,0,7.653163629584014e-05,0,0.13417820632457733,model::deberta_v3_base,DeBERTa-v3,42
3036,1,0.00010661038686521351,0,0.13417820632457733,model::deberta_v3_base,DeBERTa-v3,42
21108,0,0.00013175020285416394,0,0.13417820632457733,model::deberta_v3_base,DeBERTa-v3,42
12034,0,0.0002171958185499534,0,0.13417820632457733,model::deberta_v3_base,DeBERTa-v3,42
240,1,0.00010257892427034676,0,0.13417820632457733,model::deberta_v3_base,DeBERTa-v3,42
15026,0,9.895305265672505e-05,0,0.13417820632457733,model::deberta_v3_base,DeBERTa-v3,42
5678,1,0.00015931045345496386,0,0.13417820632457733,model::deberta_v3_base,DeBERTa-v3,42
4760,1,0.00013399527233559638,0,0.13417820632457733,model::deberta_v3_base,DeBERTa-v3,42
19464,0,0.00027780921664088964,0,0.13417820632457733,model::deberta_v3_base,DeBERTa-v3,42
5420,1,0.00015577010344713926,0,0.13417820632457733,model::deberta_v3_base,DeBERTa-v3,42
12307,0,0.00013759336434304714,0,0.13417820632457733,model::deberta_v3_base,DeBERTa-v3,42
14776,1,9.072398097487167e-05,0,0.13417820632457733,model::deberta_v3_base,DeBERTa-v3,42
7210,1,0.00020310370018705726,0,0.13417820632457733,model::deberta_v3_base,DeBERTa-v3,42
19302,0,0.000203121526283212,0,0.13417820632457733,model::deberta_v3_base,DeBERTa-v3,42
7499,0,8.506382437190041e-05,0,0.13417820632457733,model::deberta_v3_base,DeBERTa-v3,42
11150,1,0.00015411012282129377,0,0.13417820632457733,model::deberta_v3_base,DeBERTa-v3,42
4167,1,0.00019871552649419755,0,0.13417820632457733,model::deberta_v3_base,DeBERTa-v3,42
1192,0,6.883950118208304e-05,0,0.13417820632457733,model::deberta_v3_base,DeBERTa-v3,42
15361,1,0.0002567595802247524,0,0.13417820632457733,model::deberta_v3_base,DeBERTa-v3,42
7651,0,0.00012318110384512693,0,0.13417820632457733,model::deberta_v3_base,DeBERTa-v3,42
15504,0,6.908874638611451e-05,0,0.13417820632457733,model::deberta_v3_base,DeBERTa-v3,42
14752,0,8.328363765031099e-05,0,0.13417820632457733,model::deberta_v3_base,DeBERTa-v3,42
2178,1,0.00017819127242546529,0,0.13417820632457733,model::deberta_v3_base,DeBERTa-v3,42
18332,0,0.0007568304426968098,0,0.13417820632457733,model::deberta_v3_base,DeBERTa-v3,42
13009,0,0.00021669670240953565,0,0.13417820632457733,model::deberta_v3_base,DeBERTa-v3,42
8134,0,0.0011491735931485891,0,0.13417820632457733,model::deberta_v3_base,DeBERTa-v3,42
20680,0,8.916863589547575e-05,0,0.13417820632457733,model::deberta_v3_base,DeBERTa-v3,42
5438,0,0.00021068046044092625,0,0.13417820632457733,model::deberta_v3_base,DeBERTa-v3,42
1743,1,0.00015016079123597592,0,0.13417820632457733,model::deberta_v3_base,DeBERTa-v3,42
6833,1,0.00013765358016826212,0,0.13417820632457733,model::deberta_v3_base,DeBERTa-v3,42
5762,0,0.00013024016516283154,0,0.13417820632457733,model::deberta_v3_base,DeBERTa-v3,42
2603,1,0.00020425124967005104,0,0.13417820632457733,model::deberta_v3_base,DeBERTa-v3,42
16252,0,0.00021810225734952837,0,0.13417820632457733,model::deberta_v3_base,DeBERTa-v3,42
11280,1,0.0001518106582807377,0,0.13417820632457733,model::deberta_v3_base,DeBERTa-v3,42
20734,1,0.00021777022629976273,0,0.13417820632457733,model::deberta_v3_base,DeBERTa-v3,42
18310,0,0.00045590722584165633,0,0.13417820632457733,model::deberta_v3_base,DeBERTa-v3,42
2826,1,0.00020879367366433144,0,0.13417820632457733,model::deberta_v3_base,DeBERTa-v3,42
9081,0,0.00012132060510339215,0,0.13417820632457733,model::deberta_v3_base,DeBERTa-v3,42
11562,0,8.510171028319746e-05,0,0.13417820632457733,model::deberta_v3_base,DeBERTa-v3,42
19919,0,0.0001528024295112118,0,0.13417820632457733,model::deberta_v3_base,DeBERTa-v3,42
2044,0,0.00021537487918976694,0,0.13417820632457733,model::deberta_v3_base,DeBERTa-v3,42
11372,1,0.00012525077909231186,0,0.13417820632457733,model::deberta_v3_base,DeBERTa-v3,42
3645,0,0.00023972619965206832,0,0.13417820632457733,model::deberta_v3_base,DeBERTa-v3,42
18497,0,6.737229705322534e-05,0,0.13417820632457733,model::deberta_v3_base,DeBERTa-v3,42
9128,1,0.00012332104961387813,0,0.13417820632457733,model::deberta_v3_base,DeBERTa-v3,42
16396,0,8.41300716274418e-05,0,0.13417820632457733,model::deberta_v3_base,DeBERTa-v3,42
10989,0,0.0003380364505574107,0,0.13417820632457733,model::deberta_v3_base,DeBERTa-v3,42
10863,1,0.00010169856977881864,0,0.13417820632457733,model::deberta_v3_base,DeBERTa-v3,42
15927,1,0.00010512738663237542,0,0.13417820632457733,model::deberta_v3_base,DeBERTa-v3,42
8657,0,7.536821794928983e-05,0,0.13417820632457733,model::deberta_v3_base,DeBERTa-v3,42
15322,0,0.00022842867474537343,0,0.13417820632457733,model::deberta_v3_base,DeBERTa-v3,42
356,1,0.00010952779848594218,0,0.13417820632457733,model::deberta_v3_base,DeBERTa-v3,42
1379,0,6.839488196419552e-05,0,0.13417820632457733,model::deberta_v3_base,DeBERTa-v3,42
18572,1,0.000132745539303869,0,0.13417820632457733,model::deberta_v3_base,DeBERTa-v3,42
4491,1,7.730547076789662e-05,0,0.13417820632457733,model::deberta_v3_base,DeBERTa-v3,42
11479,1,0.00014274619752541184,0,0.13417820632457733,model::deberta_v3_base,DeBERTa-v3,42
1809,1,0.00010977299825754017,0,0.13417820632457733,model::deberta_v3_base,DeBERTa-v3,42
7043,0,0.00011117965914309025,0,0.13417820632457733,model::deberta_v3_base,DeBERTa-v3,42
1571,1,0.00011413827451178804,0,0.13417820632457733,model::deberta_v3_base,DeBERTa-v3,42
12700,0,0.00010905163799179718,0,0.13417820632457733,model::deberta_v3_base,DeBERTa-v3,42
4120,1,0.00016626788419671357,0,0.13417820632457733,model::deberta_v3_base,DeBERTa-v3,42
8406,0,0.00010511515574762598,0,0.13417820632457733,model::deberta_v3_base,DeBERTa-v3,42
7007,0,0.00016191160830203444,0,0.13417820632457733,model::deberta_v3_base,DeBERTa-v3,42
17529,1,0.00024153840786311775,0,0.13417820632457733,model::deberta_v3_base,DeBERTa-v3,42
16354,1,0.00010614113853080198,0,0.13417820632457733,model::deberta_v3_base,DeBERTa-v3,42
2532,1,0.00014534070214722306,0,0.13417820632457733,model::deberta_v3_base,DeBERTa-v3,42
5685,0,0.00011700632603606209,0,0.13417820632457733,model::deberta_v3_base,DeBERTa-v3,42
2546,0,0.0002953254443127662,0,0.13417820632457733,model::deberta_v3_base,DeBERTa-v3,42
10159,1,0.00015336675278376788,0,0.13417820632457733,model::deberta_v3_base,DeBERTa-v3,42
12958,1,0.0001551025634398684,0,0.13417820632457733,model::deberta_v3_base,DeBERTa-v3,42
18460,1,0.00021589054085779935,0,0.13417820632457733,model::deberta_v3_base,DeBERTa-v3,42
2067,0,9.601119381841272e-05,0,0.13417820632457733,model::deberta_v3_base,DeBERTa-v3,42
12297,0,8.192472159862518e-05,0,0.13417820632457733,model::deberta_v3_base,DeBERTa-v3,42
19561,0,0.00013892605784349144,0,0.13417820632457733,model::deberta_v3_base,DeBERTa-v3,42
8142,1,0.00011628290667431429,0,0.13417820632457733,model::deberta_v3_base,DeBERTa-v3,42
922,0,7.837567682145163e-05,0,0.13417820632457733,model::deberta_v3_base,DeBERTa-v3,42
3496,0,0.00010466336971148849,0,0.13417820632457733,model::deberta_v3_base,DeBERTa-v3,42
5346,0,0.025614380836486816,0,0.13417820632457733,model::deberta_v3_base,DeBERTa-v3,42
19890,1,0.00014044129056856036,0,0.13417820632457733,model::deberta_v3_base,DeBERTa-v3,42
16429,0,0.00011339018965372816,0,0.13417820632457733,model::deberta_v3_base,DeBERTa-v3,42
10869,0,0.00013394697452895343,0,0.13417820632457733,model::deberta_v3_base,DeBERTa-v3,42
8273,1,0.00010747339547378942,0,0.13417820632457733,model::deberta_v3_base,DeBERTa-v3,42
10339,1,0.0002315777528565377,0,0.13417820632457733,model::deberta_v3_base,DeBERTa-v3,42
9749,0,0.00010234629735350609,0,0.13417820632457733,model::deberta_v3_base,DeBERTa-v3,42
17167,0,0.00023672757379245013,0,0.13417820632457733,model::deberta_v3_base,DeBERTa-v3,42
5026,1,0.0001299956056755036,0,0.13417820632457733,model::deberta_v3_base,DeBERTa-v3,42
10248,0,6.827894685557112e-05,0,0.13417820632457733,model::deberta_v3_base,DeBERTa-v3,42
14065,0,0.0008665695204399526,0,0.13417820632457733,model::deberta_v3_base,DeBERTa-v3,42
6297,1,0.00010002813360188156,0,0.13417820632457733,model::deberta_v3_base,DeBERTa-v3,42
16078,1,0.00011818059283541515,0,0.13417820632457733,model::deberta_v3_base,DeBERTa-v3,42
16743,0,0.0001179366372525692,0,0.13417820632457733,model::deberta_v3_base,DeBERTa-v3,42
8902,0,0.0002445781428832561,0,0.13417820632457733,model::deberta_v3_base,DeBERTa-v3,42
14127,1,0.00013598355872090906,0,0.13417820632457733,model::deberta_v3_base,DeBERTa-v3,42
5936,0,0.0002686500665731728,0,0.13417820632457733,model::deberta_v3_base,DeBERTa-v3,42
20673,0,5.8702284150058404e-05,0,0.13417820632457733,model::deberta_v3_base,DeBERTa-v3,42
13323,0,8.981926657725126e-05,0,0.13417820632457733,model::deberta_v3_base,DeBERTa-v3,42
7763,1,0.0002980888821184635,0,0.13417820632457733,model::deberta_v3_base,DeBERTa-v3,42
18230,1,0.00010262148862238973,0,0.13417820632457733,model::deberta_v3_base,DeBERTa-v3,42
11361,1,0.0001431951386621222,0,0.13417820632457733,model::deberta_v3_base,DeBERTa-v3,42
9224,1,0.00016539108764845878,0,0.13417820632457733,model::deberta_v3_base,DeBERTa-v3,42
17556,1,0.00021585720242001116,0,0.13417820632457733,model::deberta_v3_base,DeBERTa-v3,42
3794,1,0.00010030589328380302,0,0.13417820632457733,model::deberta_v3_base,DeBERTa-v3,42
3683,0,5.547242108150385e-05,0,0.13417820632457733,model::deberta_v3_base,DeBERTa-v3,42
8623,1,9.666407277109101e-05,0,0.13417820632457733,model::deberta_v3_base,DeBERTa-v3,42
7348,1,9.736837091622874e-05,0,0.13417820632457733,model::deberta_v3_base,DeBERTa-v3,42
17574,0,0.0001517283235443756,0,0.13417820632457733,model::deberta_v3_base,DeBERTa-v3,42
19168,0,0.0005670489044860005,0,0.13417820632457733,model::deberta_v3_base,DeBERTa-v3,42
6346,0,0.000114418551675044,0,0.13417820632457733,model::deberta_v3_base,DeBERTa-v3,42
2109,0,0.0001387743541272357,0,0.13417820632457733,model::deberta_v3_base,DeBERTa-v3,42
5736,1,0.00019123499805573374,0,0.13417820632457733,model::deberta_v3_base,DeBERTa-v3,42
3677,0,9.983963536797091e-05,0,0.13417820632457733,model::deberta_v3_base,DeBERTa-v3,42
14181,0,0.0001710530777927488,0,0.13417820632457733,model::deberta_v3_base,DeBERTa-v3,42
16696,0,0.00024941438459791243,0,0.13417820632457733,model::deberta_v3_base,DeBERTa-v3,42
18115,0,0.0008093636715784669,0,0.13417820632457733,model::deberta_v3_base,DeBERTa-v3,42
1098,1,0.00014131685020402074,0,0.13417820632457733,model::deberta_v3_base,DeBERTa-v3,42
5422,0,9.39697420108132e-05,0,0.13417820632457733,model::deberta_v3_base,DeBERTa-v3,42
703,0,0.00016882219642866403,0,0.13417820632457733,model::deberta_v3_base,DeBERTa-v3,42
12024,1,0.00011554049706319347,0,0.13417820632457733,model::deberta_v3_base,DeBERTa-v3,42
19715,1,0.00030668548424728215,0,0.13417820632457733,model::deberta_v3_base,DeBERTa-v3,42
16386,1,0.00013852235861122608,0,0.13417820632457733,model::deberta_v3_base,DeBERTa-v3,42
18231,1,0.000162897864356637,0,0.13417820632457733,model::deberta_v3_base,DeBERTa-v3,42
8966,1,0.00011254006676608697,0,0.13417820632457733,model::deberta_v3_base,DeBERTa-v3,42
19704,1,0.0001743681641528383,0,0.13417820632457733,model::deberta_v3_base,DeBERTa-v3,42
11636,0,0.00017235777340829372,0,0.13417820632457733,model::deberta_v3_base,DeBERTa-v3,42
10984,1,0.00016890799452085048,0,0.13417820632457733,model::deberta_v3_base,DeBERTa-v3,42
9195,1,8.474798232782632e-05,0,0.13417820632457733,model::deberta_v3_base,DeBERTa-v3,42
1893,1,0.00027758069336414337,0,0.13417820632457733,model::deberta_v3_base,DeBERTa-v3,42
11198,1,0.00028901672339998186,0,0.13417820632457733,model::deberta_v3_base,DeBERTa-v3,42
433,0,0.00016568008868489414,0,0.13417820632457733,model::deberta_v3_base,DeBERTa-v3,42
18411,1,9.575882722856477e-05,0,0.13417820632457733,model::deberta_v3_base,DeBERTa-v3,42
11101,0,8.165268081938848e-05,0,0.13417820632457733,model::deberta_v3_base,DeBERTa-v3,42
11375,0,7.752797682769597e-05,0,0.13417820632457733,model::deberta_v3_base,DeBERTa-v3,42
1442,1,8.605750190326944e-05,0,0.13417820632457733,model::deberta_v3_base,DeBERTa-v3,42
10872,0,6.568844401044771e-05,0,0.13417820632457733,model::deberta_v3_base,DeBERTa-v3,42
17480,0,0.00047728343633934855,0,0.13417820632457733,model::deberta_v3_base,DeBERTa-v3,42
9183,0,0.00028289880719967186,0,0.13417820632457733,model::deberta_v3_base,DeBERTa-v3,42
13866,1,0.0001209034671774134,0,0.13417820632457733,model::deberta_v3_base,DeBERTa-v3,42
5929,0,0.00017054934869520366,0,0.13417820632457733,model::deberta_v3_base,DeBERTa-v3,42
10569,1,0.00023180263815447688,0,0.13417820632457733,model::deberta_v3_base,DeBERTa-v3,42
6481,1,8.317967149196193e-05,0,0.13417820632457733,model::deberta_v3_base,DeBERTa-v3,42
5854,0,7.632553752046078e-05,0,0.13417820632457733,model::deberta_v3_base,DeBERTa-v3,42
5637,0,7.240526610985398e-05,0,0.13417820632457733,model::deberta_v3_base,DeBERTa-v3,42
21022,0,0.00011432377505116165,0,0.13417820632457733,model::deberta_v3_base,DeBERTa-v3,42
20695,0,0.0022200781386345625,0,0.13417820632457733,model::deberta_v3_base,DeBERTa-v3,42
6808,1,0.00013386666250880808,0,0.13417820632457733,model::deberta_v3_base,DeBERTa-v3,42
1191,1,0.00010660551197361201,0,0.13417820632457733,model::deberta_v3_base,DeBERTa-v3,42
17878,0,7.063293742248788e-05,0,0.13417820632457733,model::deberta_v3_base,DeBERTa-v3,42
11825,1,9.375349327456206e-05,0,0.13417820632457733,model::deberta_v3_base,DeBERTa-v3,42
19889,1,0.000105267834442202,0,0.13417820632457733,model::deberta_v3_base,DeBERTa-v3,42
10247,0,9.642847726354375e-05,0,0.13417820632457733,model::deberta_v3_base,DeBERTa-v3,42
3557,1,0.00015347353473771363,0,0.13417820632457733,model::deberta_v3_base,DeBERTa-v3,42
7942,0,0.00015855561650823802,0,0.13417820632457733,model::deberta_v3_base,DeBERTa-v3,42
6347,0,0.0002069571492029354,0,0.13417820632457733,model::deberta_v3_base,DeBERTa-v3,42
10139,1,0.00014264333003666252,0,0.13417820632457733,model::deberta_v3_base,DeBERTa-v3,42
13933,0,5.778804552392103e-05,0,0.13417820632457733,model::deberta_v3_base,DeBERTa-v3,42
15745,1,0.00010058875341201201,0,0.13417820632457733,model::deberta_v3_base,DeBERTa-v3,42
5715,1,0.0001484918757341802,0,0.13417820632457733,model::deberta_v3_base,DeBERTa-v3,42
17278,0,0.0001376304862787947,0,0.13417820632457733,model::deberta_v3_base,DeBERTa-v3,42
11436,0,8.203588367905468e-05,0,0.13417820632457733,model::deberta_v3_base,DeBERTa-v3,42
4647,0,0.00021891332289669663,0,0.13417820632457733,model::deberta_v3_base,DeBERTa-v3,42
15980,0,6.766692240489647e-05,0,0.13417820632457733,model::deberta_v3_base,DeBERTa-v3,42
18355,0,0.0002784485404845327,0,0.13417820632457733,model::deberta_v3_base,DeBERTa-v3,42
16337,0,9.715857595438138e-05,0,0.13417820632457733,model::deberta_v3_base,DeBERTa-v3,42
2361,0,0.00010806170757859945,0,0.13417820632457733,model::deberta_v3_base,DeBERTa-v3,42
4623,1,0.0002797470660880208,0,0.13417820632457733,model::deberta_v3_base,DeBERTa-v3,42
20871,0,0.0003245249390602112,0,0.13417820632457733,model::deberta_v3_base,DeBERTa-v3,42
16550,1,0.00014224484039004892,0,0.13417820632457733,model::deberta_v3_base,DeBERTa-v3,42
15950,1,0.00013266112364362925,0,0.13417820632457733,model::deberta_v3_base,DeBERTa-v3,42
2200,0,7.737701525911689e-05,0,0.13417820632457733,model::deberta_v3_base,DeBERTa-v3,42
19326,1,0.0001238618860952556,0,0.13417820632457733,model::deberta_v3_base,DeBERTa-v3,42
4522,0,0.00047588220331817865,0,0.13417820632457733,model::deberta_v3_base,DeBERTa-v3,42
18987,1,0.0001114973274525255,0,0.13417820632457733,model::deberta_v3_base,DeBERTa-v3,42
10913,0,0.00018361151160206646,0,0.13417820632457733,model::deberta_v3_base,DeBERTa-v3,42
18340,0,0.0001702893350739032,0,0.13417820632457733,model::deberta_v3_base,DeBERTa-v3,42
14800,0,0.0001368124212604016,0,0.13417820632457733,model::deberta_v3_base,DeBERTa-v3,42
2248,1,0.00013039735495112836,0,0.13417820632457733,model::deberta_v3_base,DeBERTa-v3,42
14467,0,0.00013958096678834409,0,0.13417820632457733,model::deberta_v3_base,DeBERTa-v3,42
78,1,0.00018684774113353342,0,0.13417820632457733,model::deberta_v3_base,DeBERTa-v3,42
4625,0,0.0009125550277531147,0,0.13417820632457733,model::deberta_v3_base,DeBERTa-v3,42
4323,1,0.00011040380195481703,0,0.13417820632457733,model::deberta_v3_base,DeBERTa-v3,42
4510,0,0.024175407364964485,0,0.13417820632457733,model::deberta_v3_base,DeBERTa-v3,42
293,1,9.911642700899392e-05,0,0.13417820632457733,model::deberta_v3_base,DeBERTa-v3,42
1271,0,0.00012695656914729625,0,0.13417820632457733,model::deberta_v3_base,DeBERTa-v3,42
5374,0,0.00020631994993891567,0,0.13417820632457733,model::deberta_v3_base,DeBERTa-v3,42
14898,1,0.0001470763818360865,0,0.13417820632457733,model::deberta_v3_base,DeBERTa-v3,42
5107,1,0.00012412245268933475,0,0.13417820632457733,model::deberta_v3_base,DeBERTa-v3,42
573,1,0.0001056505789165385,0,0.13417820632457733,model::deberta_v3_base,DeBERTa-v3,42
19652,0,0.0006601416971534491,0,0.13417820632457733,model::deberta_v3_base,DeBERTa-v3,42
8391,1,0.00014707328227814287,0,0.13417820632457733,model::deberta_v3_base,DeBERTa-v3,42
6472,0,0.00010118569480255246,0,0.13417820632457733,model::deberta_v3_base,DeBERTa-v3,42
5633,1,0.0001300516742048785,0,0.13417820632457733,model::deberta_v3_base,DeBERTa-v3,42
4581,1,8.372287265956402e-05,0,0.13417820632457733,model::deberta_v3_base,DeBERTa-v3,42
18214,1,7.944252865854651e-05,0,0.13417820632457733,model::deberta_v3_base,DeBERTa-v3,42
17119,0,9.291394962929189e-05,0,0.13417820632457733,model::deberta_v3_base,DeBERTa-v3,42
20170,1,0.00011372434528311715,0,0.13417820632457733,model::deberta_v3_base,DeBERTa-v3,42
18229,0,9.611488349037245e-05,0,0.13417820632457733,model::deberta_v3_base,DeBERTa-v3,42
19907,0,0.0002662960614543408,0,0.13417820632457733,model::deberta_v3_base,DeBERTa-v3,42
18168,0,0.00013341162411961704,0,0.13417820632457733,model::deberta_v3_base,DeBERTa-v3,42
10285,1,0.0002208742662332952,0,0.13417820632457733,model::deberta_v3_base,DeBERTa-v3,42
9229,0,0.00014024910342413932,0,0.13417820632457733,model::deberta_v3_base,DeBERTa-v3,42
4426,0,0.00019366339256521314,0,0.13417820632457733,model::deberta_v3_base,DeBERTa-v3,42
19485,1,0.0001300893782172352,0,0.13417820632457733,model::deberta_v3_base,DeBERTa-v3,42
20520,0,0.00017669325461611152,0,0.13417820632457733,model::deberta_v3_base,DeBERTa-v3,42
16322,1,0.00013761487207375467,0,0.13417820632457733,model::deberta_v3_base,DeBERTa-v3,42
11621,1,0.0001639529800741002,0,0.13417820632457733,model::deberta_v3_base,DeBERTa-v3,42
3376,1,0.00018088711658492684,0,0.13417820632457733,model::deberta_v3_base,DeBERTa-v3,42
20041,0,6.963729538256302e-05,0,0.13417820632457733,model::deberta_v3_base,DeBERTa-v3,42
7166,1,9.649065032135695e-05,0,0.13417820632457733,model::deberta_v3_base,DeBERTa-v3,42
6506,1,0.00015342861297540367,0,0.13417820632457733,model::deberta_v3_base,DeBERTa-v3,42
20862,1,0.00012471972149796784,0,0.13417820632457733,model::deberta_v3_base,DeBERTa-v3,42
18690,0,0.00012029031495330855,0,0.13417820632457733,model::deberta_v3_base,DeBERTa-v3,42
7607,1,0.00018476677360013127,0,0.13417820632457733,model::deberta_v3_base,DeBERTa-v3,42
10060,1,0.0001157303704530932,0,0.13417820632457733,model::deberta_v3_base,DeBERTa-v3,42
20271,1,8.165174222085625e-05,0,0.13417820632457733,model::deberta_v3_base,DeBERTa-v3,42
5211,1,9.521450556349009e-05,0,0.13417820632457733,model::deberta_v3_base,DeBERTa-v3,42
12121,1,0.00014051950711291283,0,0.13417820632457733,model::deberta_v3_base,DeBERTa-v3,42
7567,1,0.00022887780505698174,0,0.13417820632457733,model::deberta_v3_base,DeBERTa-v3,42
9710,1,0.0001143502740887925,0,0.13417820632457733,model::deberta_v3_base,DeBERTa-v3,42
6786,0,0.00010384698543930426,0,0.13417820632457733,model::deberta_v3_base,DeBERTa-v3,42
17521,0,6.95380222168751e-05,0,0.13417820632457733,model::deberta_v3_base,DeBERTa-v3,42
21034,1,0.00017199167632497847,0,0.13417820632457733,model::deberta_v3_base,DeBERTa-v3,42
3187,0,0.00015726688434369862,0,0.13417820632457733,model::deberta_v3_base,DeBERTa-v3,42
3973,1,8.223859185818583e-05,0,0.13417820632457733,model::deberta_v3_base,DeBERTa-v3,42
8214,1,0.00010884562652790919,0,0.13417820632457733,model::deberta_v3_base,DeBERTa-v3,42
18871,0,0.00016516336472705007,0,0.13417820632457733,model::deberta_v3_base,DeBERTa-v3,42
18245,0,6.515180575661361e-05,0,0.13417820632457733,model::deberta_v3_base,DeBERTa-v3,42
10798,0,8.850127778714523e-05,0,0.13417820632457733,model::deberta_v3_base,DeBERTa-v3,42
5409,0,0.00032687175553292036,0,0.13417820632457733,model::deberta_v3_base,DeBERTa-v3,42
16226,0,0.0035267602652311325,0,0.13417820632457733,model::deberta_v3_base,DeBERTa-v3,42
4468,1,0.0002564872265793383,0,0.13417820632457733,model::deberta_v3_base,DeBERTa-v3,42
15849,0,0.0012924352195113897,0,0.13417820632457733,model::deberta_v3_base,DeBERTa-v3,42
14462,0,0.0010025110095739365,0,0.13417820632457733,model::deberta_v3_base,DeBERTa-v3,42
19720,0,0.00020382655202411115,0,0.13417820632457733,model::deberta_v3_base,DeBERTa-v3,42
4146,0,0.0005359097267501056,0,0.13417820632457733,model::deberta_v3_base,DeBERTa-v3,42
4386,0,0.0001834678405430168,0,0.13417820632457733,model::deberta_v3_base,DeBERTa-v3,42
13526,1,8.890254684956744e-05,0,0.13417820632457733,model::deberta_v3_base,DeBERTa-v3,42
18523,1,0.00013116205809637904,0,0.13417820632457733,model::deberta_v3_base,DeBERTa-v3,42
19751,0,0.0001721869339235127,0,0.13417820632457733,model::deberta_v3_base,DeBERTa-v3,42
1179,0,0.0003357466484885663,0,0.13417820632457733,model::deberta_v3_base,DeBERTa-v3,42
16424,1,9.010390931507573e-05,0,0.13417820632457733,model::deberta_v3_base,DeBERTa-v3,42
8875,0,0.00010893263970501721,0,0.13417820632457733,model::deberta_v3_base,DeBERTa-v3,42
2267,0,9.597191819921136e-05,0,0.13417820632457733,model::deberta_v3_base,DeBERTa-v3,42
12942,0,0.00023804165539331734,0,0.13417820632457733,model::deberta_v3_base,DeBERTa-v3,42
2832,0,0.0001267050247406587,0,0.13417820632457733,model::deberta_v3_base,DeBERTa-v3,42
1021,0,0.00012142372725065798,0,0.13417820632457733,model::deberta_v3_base,DeBERTa-v3,42
7945,0,0.0001447769027436152,0,0.13417820632457733,model::deberta_v3_base,DeBERTa-v3,42
4843,1,0.00011807469854829833,0,0.13417820632457733,model::deberta_v3_base,DeBERTa-v3,42
3236,0,0.00016120205691549927,0,0.13417820632457733,model::deberta_v3_base,DeBERTa-v3,42
9186,1,0.00019894473371095955,0,0.13417820632457733,model::deberta_v3_base,DeBERTa-v3,42
13491,0,0.00011996820103377104,0,0.13417820632457733,model::deberta_v3_base,DeBERTa-v3,42
10371,0,0.00010114044562214985,0,0.13417820632457733,model::deberta_v3_base,DeBERTa-v3,42
551,0,8.533966320101172e-05,0,0.13417820632457733,model::deberta_v3_base,DeBERTa-v3,42
444,1,0.0001671466015977785,0,0.13417820632457733,model::deberta_v3_base,DeBERTa-v3,42
1591,1,0.00010509350249776617,0,0.13417820632457733,model::deberta_v3_base,DeBERTa-v3,42
6736,1,0.0001320939918514341,0,0.13417820632457733,model::deberta_v3_base,DeBERTa-v3,42
4134,0,0.00033856165828183293,0,0.13417820632457733,model::deberta_v3_base,DeBERTa-v3,42
12473,0,7.716583058936521e-05,0,0.13417820632457733,model::deberta_v3_base,DeBERTa-v3,42
2556,1,0.00010105050751008093,0,0.13417820632457733,model::deberta_v3_base,DeBERTa-v3,42
10416,1,0.0001319211587542668,0,0.13417820632457733,model::deberta_v3_base,DeBERTa-v3,42
16237,1,0.00020893268811050802,0,0.13417820632457733,model::deberta_v3_base,DeBERTa-v3,42
96,1,0.00013477513857651502,0,0.13417820632457733,model::deberta_v3_base,DeBERTa-v3,42
4673,1,0.00014426482084672898,0,0.13417820632457733,model::deberta_v3_base,DeBERTa-v3,42
3115,0,0.00010060515342047438,0,0.13417820632457733,model::deberta_v3_base,DeBERTa-v3,42
7640,0,0.00013308100460562855,0,0.13417820632457733,model::deberta_v3_base,DeBERTa-v3,42
18818,1,0.00020918564405292273,0,0.13417820632457733,model::deberta_v3_base,DeBERTa-v3,42
3550,1,0.00010550600563874468,0,0.13417820632457733,model::deberta_v3_base,DeBERTa-v3,42
15293,1,9.24683699849993e-05,0,0.13417820632457733,model::deberta_v3_base,DeBERTa-v3,42
10902,1,8.401919330935925e-05,0,0.13417820632457733,model::deberta_v3_base,DeBERTa-v3,42
16425,0,0.00015175739827100188,0,0.13417820632457733,model::deberta_v3_base,DeBERTa-v3,42
1649,0,0.00010396161815151572,0,0.13417820632457733,model::deberta_v3_base,DeBERTa-v3,42
9946,0,0.0001652994833420962,0,0.13417820632457733,model::deberta_v3_base,DeBERTa-v3,42
18354,0,0.00011227359937038273,0,0.13417820632457733,model::deberta_v3_base,DeBERTa-v3,42
15802,0,8.238820009864867e-05,0,0.13417820632457733,model::deberta_v3_base,DeBERTa-v3,42
8471,1,0.000163387565407902,0,0.13417820632457733,model::deberta_v3_base,DeBERTa-v3,42
4029,1,0.0002463702403474599,0,0.13417820632457733,model::deberta_v3_base,DeBERTa-v3,42
3806,0,0.00013361696619540453,0,0.13417820632457733,model::deberta_v3_base,DeBERTa-v3,42
9240,1,0.00010264596494380385,0,0.13417820632457733,model::deberta_v3_base,DeBERTa-v3,42
20407,1,7.891881978139281e-05,0,0.13417820632457733,model::deberta_v3_base,DeBERTa-v3,42
20442,1,8.536082896171138e-05,0,0.13417820632457733,model::deberta_v3_base,DeBERTa-v3,42
12406,0,0.00014295760774984956,0,0.13417820632457733,model::deberta_v3_base,DeBERTa-v3,42
20870,0,0.00012481751036830246,0,0.13417820632457733,model::deberta_v3_base,DeBERTa-v3,42
17718,1,0.00018038660346064717,0,0.13417820632457733,model::deberta_v3_base,DeBERTa-v3,42
17043,1,0.00020217128621879965,0,0.13417820632457733,model::deberta_v3_base,DeBERTa-v3,42
14805,1,0.00015410924970638007,0,0.13417820632457733,model::deberta_v3_base,DeBERTa-v3,42
12105,1,0.00018158629245590419,0,0.13417820632457733,model::deberta_v3_base,DeBERTa-v3,42
13440,1,7.295305113075301e-05,0,0.13417820632457733,model::deberta_v3_base,DeBERTa-v3,42
8420,0,0.00012193099973956123,0,0.13417820632457733,model::deberta_v3_base,DeBERTa-v3,42
6543,1,0.00029435791657306254,0,0.13417820632457733,model::deberta_v3_base,DeBERTa-v3,42
14425,0,0.0001475530007155612,0,0.13417820632457733,model::deberta_v3_base,DeBERTa-v3,42
11002,1,8.811963198240846e-05,0,0.13417820632457733,model::deberta_v3_base,DeBERTa-v3,42
1148,1,8.031592005863786e-05,0,0.13417820632457733,model::deberta_v3_base,DeBERTa-v3,42
12116,1,0.0001062126102624461,0,0.13417820632457733,model::deberta_v3_base,DeBERTa-v3,42
1173,0,8.132064249366522e-05,0,0.13417820632457733,model::deberta_v3_base,DeBERTa-v3,42
19460,0,0.00013949608546681702,0,0.13417820632457733,model::deberta_v3_base,DeBERTa-v3,42
5391,1,0.00017705482605379075,0,0.13417820632457733,model::deberta_v3_base,DeBERTa-v3,42
12339,0,7.462793291779235e-05,0,0.13417820632457733,model::deberta_v3_base,DeBERTa-v3,42
8041,1,9.434774256078526e-05,0,0.13417820632457733,model::deberta_v3_base,DeBERTa-v3,42
14605,1,0.00011392417218303308,0,0.13417820632457733,model::deberta_v3_base,DeBERTa-v3,42
2291,1,0.00013411632971838117,0,0.13417820632457733,model::deberta_v3_base,DeBERTa-v3,42
7120,0,0.00012575388245750219,0,0.13417820632457733,model::deberta_v3_base,DeBERTa-v3,42
587,0,7.485151581931859e-05,0,0.13417820632457733,model::deberta_v3_base,DeBERTa-v3,42
16321,1,0.00016605810378678143,0,0.13417820632457733,model::deberta_v3_base,DeBERTa-v3,42
18541,1,0.00012521876487880945,0,0.13417820632457733,model::deberta_v3_base,DeBERTa-v3,42
12598,0,0.00022871984401717782,0,0.13417820632457733,model::deberta_v3_base,DeBERTa-v3,42
13419,1,0.00011217087012482807,0,0.13417820632457733,model::deberta_v3_base,DeBERTa-v3,42
8543,0,0.00042226887308061123,0,0.13417820632457733,model::deberta_v3_base,DeBERTa-v3,42
20439,0,0.0008717149030417204,0,0.13417820632457733,model::deberta_v3_base,DeBERTa-v3,42
15320,0,8.806301048025489e-05,0,0.13417820632457733,model::deberta_v3_base,DeBERTa-v3,42
9800,0,9.342177509097382e-05,0,0.13417820632457733,model::deberta_v3_base,DeBERTa-v3,42
16021,1,0.00010357393330195919,0,0.13417820632457733,model::deberta_v3_base,DeBERTa-v3,42
8382,1,0.0001421453052898869,0,0.13417820632457733,model::deberta_v3_base,DeBERTa-v3,42
2867,1,8.480748510919511e-05,0,0.13417820632457733,model::deberta_v3_base,DeBERTa-v3,42
20212,0,0.00018483513849787414,0,0.13417820632457733,model::deberta_v3_base,DeBERTa-v3,42
9481,1,0.00015504134353250265,0,0.13417820632457733,model::deberta_v3_base,DeBERTa-v3,42
12286,1,0.0001277073024539277,0,0.13417820632457733,model::deberta_v3_base,DeBERTa-v3,42
19149,0,9.109763050219044e-05,0,0.13417820632457733,model::deberta_v3_base,DeBERTa-v3,42
16239,1,0.0001601156109245494,0,0.13417820632457733,model::deberta_v3_base,DeBERTa-v3,42
17829,1,0.0001268377382075414,0,0.13417820632457733,model::deberta_v3_base,DeBERTa-v3,42
20947,0,7.0168636739254e-05,0,0.13417820632457733,model::deberta_v3_base,DeBERTa-v3,42
9400,0,5.869847518624738e-05,0,0.13417820632457733,model::deberta_v3_base,DeBERTa-v3,42
18451,1,0.00011376210750313476,0,0.13417820632457733,model::deberta_v3_base,DeBERTa-v3,42
19994,1,0.00010134542390005663,0,0.13417820632457733,model::deberta_v3_base,DeBERTa-v3,42
10829,0,7.77861278038472e-05,0,0.13417820632457733,model::deberta_v3_base,DeBERTa-v3,42
1980,0,0.00013677460083272308,0,0.13417820632457733,model::deberta_v3_base,DeBERTa-v3,42
829,0,0.00032332551199942827,0,0.13417820632457733,model::deberta_v3_base,DeBERTa-v3,42
7876,1,0.0001410671102348715,0,0.13417820632457733,model::deberta_v3_base,DeBERTa-v3,42
965,0,0.00011997219553450122,0,0.13417820632457733,model::deberta_v3_base,DeBERTa-v3,42
18189,1,0.0001170710675069131,0,0.13417820632457733,model::deberta_v3_base,DeBERTa-v3,42
12645,1,0.000171661376953125,0,0.13417820632457733,model::deberta_v3_base,DeBERTa-v3,42
12073,0,0.0001175662109744735,0,0.13417820632457733,model::deberta_v3_base,DeBERTa-v3,42
241,1,0.00014247016224544495,0,0.13417820632457733,model::deberta_v3_base,DeBERTa-v3,42
8318,0,7.17914299457334e-05,0,0.13417820632457733,model::deberta_v3_base,DeBERTa-v3,42
2294,0,8.727849490242079e-05,0,0.13417820632457733,model::deberta_v3_base,DeBERTa-v3,42
15189,1,0.00010745935287559405,0,0.13417820632457733,model::deberta_v3_base,DeBERTa-v3,42
15462,0,0.0002662706538103521,0,0.13417820632457733,model::deberta_v3_base,DeBERTa-v3,42
6769,0,9.403086733072996e-05,0,0.13417820632457733,model::deberta_v3_base,DeBERTa-v3,42
21078,0,0.0001483083760831505,0,0.13417820632457733,model::deberta_v3_base,DeBERTa-v3,42
2498,0,0.00016476228483952582,0,0.13417820632457733,model::deberta_v3_base,DeBERTa-v3,42
20875,0,6.960396422073245e-05,0,0.13417820632457733,model::deberta_v3_base,DeBERTa-v3,42
2694,0,7.091667066561058e-05,0,0.13417820632457733,model::deberta_v3_base,DeBERTa-v3,42
8380,0,9.595956362318248e-05,0,0.13417820632457733,model::deberta_v3_base,DeBERTa-v3,42
2683,1,0.00017536561063025147,0,0.13417820632457733,model::deberta_v3_base,DeBERTa-v3,42
12903,1,0.00011349663691362366,0,0.13417820632457733,model::deberta_v3_base,DeBERTa-v3,42
3395,1,0.00016169990703929216,0,0.13417820632457733,model::deberta_v3_base,DeBERTa-v3,42
14670,0,0.00027257739566266537,0,0.13417820632457733,model::deberta_v3_base,DeBERTa-v3,42
3815,1,0.00018808504682965577,0,0.13417820632457733,model::deberta_v3_base,DeBERTa-v3,42
9823,0,0.00015476602129638195,0,0.13417820632457733,model::deberta_v3_base,DeBERTa-v3,42
3971,0,9.536588186165318e-05,0,0.13417820632457733,model::deberta_v3_base,DeBERTa-v3,42
19954,0,0.00024826370645314455,0,0.13417820632457733,model::deberta_v3_base,DeBERTa-v3,42
19163,1,8.531899220542982e-05,0,0.13417820632457733,model::deberta_v3_base,DeBERTa-v3,42
11315,0,0.00029379045008681715,0,0.13417820632457733,model::deberta_v3_base,DeBERTa-v3,42
16475,1,0.00016153810429386795,0,0.13417820632457733,model::deberta_v3_base,DeBERTa-v3,42
8298,1,0.00013655071961693466,0,0.13417820632457733,model::deberta_v3_base,DeBERTa-v3,42
6704,0,0.00017469834710936993,0,0.13417820632457733,model::deberta_v3_base,DeBERTa-v3,42
1867,0,8.897430961951613e-05,0,0.13417820632457733,model::deberta_v3_base,DeBERTa-v3,42
3479,1,0.00015700931544415653,0,0.13417820632457733,model::deberta_v3_base,DeBERTa-v3,42
14387,0,0.00015880556020420045,0,0.13417820632457733,model::deberta_v3_base,DeBERTa-v3,42
21099,0,7.125071715563536e-05,0,0.13417820632457733,model::deberta_v3_base,DeBERTa-v3,42
10173,0,0.0002102139260387048,0,0.13417820632457733,model::deberta_v3_base,DeBERTa-v3,42
14584,1,0.0004984636325389147,0,0.13417820632457733,model::deberta_v3_base,DeBERTa-v3,42
18579,0,0.002037334255874157,0,0.13417820632457733,model::deberta_v3_base,DeBERTa-v3,42
6719,0,0.0006715101189911366,0,0.13417820632457733,model::deberta_v3_base,DeBERTa-v3,42
13994,1,0.00013238779501989484,0,0.13417820632457733,model::deberta_v3_base,DeBERTa-v3,42
15409,0,9.207129187416285e-05,0,0.13417820632457733,model::deberta_v3_base,DeBERTa-v3,42
10287,0,0.00017834150639828295,0,0.13417820632457733,model::deberta_v3_base,DeBERTa-v3,42
14182,0,9.188149124383926e-05,0,0.13417820632457733,model::deberta_v3_base,DeBERTa-v3,42
1866,0,6.311407923931256e-05,0,0.13417820632457733,model::deberta_v3_base,DeBERTa-v3,42
5840,1,0.00011999038542853668,0,0.13417820632457733,model::deberta_v3_base,DeBERTa-v3,42
8508,0,0.00013136908819433302,0,0.13417820632457733,model::deberta_v3_base,DeBERTa-v3,42
16600,0,6.968438538024202e-05,0,0.13417820632457733,model::deberta_v3_base,DeBERTa-v3,42
12136,1,0.00013388159277383238,0,0.13417820632457733,model::deberta_v3_base,DeBERTa-v3,42
15175,1,8.724437793716788e-05,0,0.13417820632457733,model::deberta_v3_base,DeBERTa-v3,42
1171,0,0.00019484007498249412,0,0.13417820632457733,model::deberta_v3_base,DeBERTa-v3,42
10626,0,0.00011380104115232825,0,0.13417820632457733,model::deberta_v3_base,DeBERTa-v3,42
17816,0,0.000443791359430179,0,0.13417820632457733,model::deberta_v3_base,DeBERTa-v3,42
7438,1,0.00010376857972005382,0,0.13417820632457733,model::deberta_v3_base,DeBERTa-v3,42
4132,1,0.00017362457583658397,0,0.13417820632457733,model::deberta_v3_base,DeBERTa-v3,42
12929,0,0.00010905486124102026,0,0.13417820632457733,model::deberta_v3_base,DeBERTa-v3,42
17018,1,8.007868746062741e-05,0,0.13417820632457733,model::deberta_v3_base,DeBERTa-v3,42
14608,0,9.386317833559588e-05,0,0.13417820632457733,model::deberta_v3_base,DeBERTa-v3,42
16274,0,0.00012520146265160292,0,0.13417820632457733,model::deberta_v3_base,DeBERTa-v3,42
2408,0,9.828535257838666e-05,0,0.13417820632457733,model::deberta_v3_base,DeBERTa-v3,42
7731,0,0.00012989575043320656,0,0.13417820632457733,model::deberta_v3_base,DeBERTa-v3,42
1204,1,0.00018065786571241915,0,0.13417820632457733,model::deberta_v3_base,DeBERTa-v3,42
15159,1,0.0002283128269482404,0,0.13417820632457733,model::deberta_v3_base,DeBERTa-v3,42
13621,0,0.00036245386581867933,0,0.13417820632457733,model::deberta_v3_base,DeBERTa-v3,42
1729,0,7.737553823972121e-05,0,0.13417820632457733,model::deberta_v3_base,DeBERTa-v3,42
16466,0,0.00012832264474127442,0,0.13417820632457733,model::deberta_v3_base,DeBERTa-v3,42
1197,1,0.00010687522444641218,0,0.13417820632457733,model::deberta_v3_base,DeBERTa-v3,42
14491,0,9.747604781296104e-05,0,0.13417820632457733,model::deberta_v3_base,DeBERTa-v3,42
3338,1,9.694258187664673e-05,0,0.13417820632457733,model::deberta_v3_base,DeBERTa-v3,42
3165,1,9.026360203279182e-05,0,0.13417820632457733,model::deberta_v3_base,DeBERTa-v3,42
3852,0,0.9989911913871765,1,0.13417820632457733,model::deberta_v3_base,DeBERTa-v3,42
16232,1,0.00010040188499260694,0,0.13417820632457733,model::deberta_v3_base,DeBERTa-v3,42
3551,1,0.00014565519813913852,0,0.13417820632457733,model::deberta_v3_base,DeBERTa-v3,42
18200,1,0.0001058667985489592,0,0.13417820632457733,model::deberta_v3_base,DeBERTa-v3,42
1750,1,0.00011150901264045388,0,0.13417820632457733,model::deberta_v3_base,DeBERTa-v3,42
13356,1,0.00011348300176905468,0,0.13417820632457733,model::deberta_v3_base,DeBERTa-v3,42
14029,0,0.00017848033166956156,0,0.13417820632457733,model::deberta_v3_base,DeBERTa-v3,42
15702,1,0.000138397459522821,0,0.13417820632457733,model::deberta_v3_base,DeBERTa-v3,42
6671,0,9.571883856551722e-05,0,0.13417820632457733,model::deberta_v3_base,DeBERTa-v3,42
1598,1,0.00010035067680291831,0,0.13417820632457733,model::deberta_v3_base,DeBERTa-v3,42
14361,0,6.0990529163973406e-05,0,0.13417820632457733,model::deberta_v3_base,DeBERTa-v3,42
8832,0,0.00010775405098684132,0,0.13417820632457733,model::deberta_v3_base,DeBERTa-v3,42
9975,1,0.00015795367653481662,0,0.13417820632457733,model::deberta_v3_base,DeBERTa-v3,42
13954,0,0.00012654803867917508,0,0.13417820632457733,model::deberta_v3_base,DeBERTa-v3,42
9267,0,0.0005408177385106683,0,0.13417820632457733,model::deberta_v3_base,DeBERTa-v3,42
13091,1,0.0002084262960124761,0,0.13417820632457733,model::deberta_v3_base,DeBERTa-v3,42
17553,1,0.000126512095448561,0,0.13417820632457733,model::deberta_v3_base,DeBERTa-v3,42
11555,0,0.00011305334192002192,0,0.13417820632457733,model::deberta_v3_base,DeBERTa-v3,42
11748,1,0.00012081322347512469,0,0.13417820632457733,model::deberta_v3_base,DeBERTa-v3,42
10804,0,8.231579704442993e-05,0,0.13417820632457733,model::deberta_v3_base,DeBERTa-v3,42
12854,0,9.155893349088728e-05,0,0.13417820632457733,model::deberta_v3_base,DeBERTa-v3,42
16115,0,0.0001638007815927267,0,0.13417820632457733,model::deberta_v3_base,DeBERTa-v3,42
7308,1,0.00012613266881089658,0,0.13417820632457733,model::deberta_v3_base,DeBERTa-v3,42
6556,1,8.482413977617398e-05,0,0.13417820632457733,model::deberta_v3_base,DeBERTa-v3,42
14549,1,0.00013721534924115986,0,0.13417820632457733,model::deberta_v3_base,DeBERTa-v3,42
6787,0,0.00010059786291094497,0,0.13417820632457733,model::deberta_v3_base,DeBERTa-v3,42
11776,0,6.573858991032466e-05,0,0.13417820632457733,model::deberta_v3_base,DeBERTa-v3,42
9577,0,0.00026255028205923736,0,0.13417820632457733,model::deberta_v3_base,DeBERTa-v3,42
19107,0,0.00011022139369742945,0,0.13417820632457733,model::deberta_v3_base,DeBERTa-v3,42
3818,0,0.00011099545372417197,0,0.13417820632457733,model::deberta_v3_base,DeBERTa-v3,42
6319,0,0.00012985045032110065,0,0.13417820632457733,model::deberta_v3_base,DeBERTa-v3,42
7931,1,0.00010840313916560262,0,0.13417820632457733,model::deberta_v3_base,DeBERTa-v3,42
18516,1,0.00015695212641730905,0,0.13417820632457733,model::deberta_v3_base,DeBERTa-v3,42
19974,1,0.00016943189257290214,0,0.13417820632457733,model::deberta_v3_base,DeBERTa-v3,42
8003,1,0.00014098630344960839,0,0.13417820632457733,model::deberta_v3_base,DeBERTa-v3,42
14855,1,9.261866944143549e-05,0,0.13417820632457733,model::deberta_v3_base,DeBERTa-v3,42
935,0,0.00012826488818973303,0,0.13417820632457733,model::deberta_v3_base,DeBERTa-v3,42
3623,1,0.00024377868976444006,0,0.13417820632457733,model::deberta_v3_base,DeBERTa-v3,42
2857,0,0.0008449506713077426,0,0.13417820632457733,model::deberta_v3_base,DeBERTa-v3,42
15100,1,0.00011551945499377325,0,0.13417820632457733,model::deberta_v3_base,DeBERTa-v3,42
12647,1,0.00020809608395211399,0,0.13417820632457733,model::deberta_v3_base,DeBERTa-v3,42
16571,0,8.800979412626475e-05,0,0.13417820632457733,model::deberta_v3_base,DeBERTa-v3,42
18098,1,0.00019939042977057397,0,0.13417820632457733,model::deberta_v3_base,DeBERTa-v3,42
18736,1,0.00015232017904054374,0,0.13417820632457733,model::deberta_v3_base,DeBERTa-v3,42
8920,1,0.00011637565330602229,0,0.13417820632457733,model::deberta_v3_base,DeBERTa-v3,42
11186,1,0.000100362827652134,0,0.13417820632457733,model::deberta_v3_base,DeBERTa-v3,42
15711,1,9.759964450495318e-05,0,0.13417820632457733,model::deberta_v3_base,DeBERTa-v3,42
5958,1,0.0001015685047605075,0,0.13417820632457733,model::deberta_v3_base,DeBERTa-v3,42
7558,0,0.002166670048609376,0,0.13417820632457733,model::deberta_v3_base,DeBERTa-v3,42
20149,1,0.00015652677393518388,0,0.13417820632457733,model::deberta_v3_base,DeBERTa-v3,42
9778,0,0.0003442348388489336,0,0.13417820632457733,model::deberta_v3_base,DeBERTa-v3,42
8502,1,8.414483454544097e-05,0,0.13417820632457733,model::deberta_v3_base,DeBERTa-v3,42
1642,1,0.00022746696777176112,0,0.13417820632457733,model::deberta_v3_base,DeBERTa-v3,42
21039,0,0.0003553635615389794,0,0.13417820632457733,model::deberta_v3_base,DeBERTa-v3,42
11515,0,0.0001817937009036541,0,0.13417820632457733,model::deberta_v3_base,DeBERTa-v3,42
5310,0,9.353650239063427e-05,0,0.13417820632457733,model::deberta_v3_base,DeBERTa-v3,42
20759,0,0.0001305745536228642,0,0.13417820632457733,model::deberta_v3_base,DeBERTa-v3,42
12683,0,0.00015994028944987804,0,0.13417820632457733,model::deberta_v3_base,DeBERTa-v3,42
5142,0,0.00017703506455291063,0,0.13417820632457733,model::deberta_v3_base,DeBERTa-v3,42
11672,1,0.00014166251639835536,0,0.13417820632457733,model::deberta_v3_base,DeBERTa-v3,42
6976,1,9.904982289299369e-05,0,0.13417820632457733,model::deberta_v3_base,DeBERTa-v3,42
10148,0,0.0002418548392597586,0,0.13417820632457733,model::deberta_v3_base,DeBERTa-v3,42
18578,0,6.733478221576661e-05,0,0.13417820632457733,model::deberta_v3_base,DeBERTa-v3,42
19362,1,0.00011065316357417032,0,0.13417820632457733,model::deberta_v3_base,DeBERTa-v3,42
5241,1,0.00019068804976996034,0,0.13417820632457733,model::deberta_v3_base,DeBERTa-v3,42
664,0,0.00031074145226739347,0,0.13417820632457733,model::deberta_v3_base,DeBERTa-v3,42
12453,0,0.0001307128113694489,0,0.13417820632457733,model::deberta_v3_base,DeBERTa-v3,42
2205,1,0.00012149693066021428,0,0.13417820632457733,model::deberta_v3_base,DeBERTa-v3,42
9896,0,0.00012385621084831655,0,0.13417820632457733,model::deberta_v3_base,DeBERTa-v3,42
15733,0,0.0002441508404444903,0,0.13417820632457733,model::deberta_v3_base,DeBERTa-v3,42
6070,0,8.080989209702238e-05,0,0.13417820632457733,model::deberta_v3_base,DeBERTa-v3,42
3994,0,9.126246732193977e-05,0,0.13417820632457733,model::deberta_v3_base,DeBERTa-v3,42
11962,0,0.00010157819633604959,0,0.13417820632457733,model::deberta_v3_base,DeBERTa-v3,42
13923,0,0.0005251751863397658,0,0.13417820632457733,model::deberta_v3_base,DeBERTa-v3,42
3512,0,8.515221270499751e-05,0,0.13417820632457733,model::deberta_v3_base,DeBERTa-v3,42
8737,0,9.962279727915302e-05,0,0.13417820632457733,model::deberta_v3_base,DeBERTa-v3,42
17758,1,0.00010702035069698468,0,0.13417820632457733,model::deberta_v3_base,DeBERTa-v3,42
11250,1,0.00010526903497520834,0,0.13417820632457733,model::deberta_v3_base,DeBERTa-v3,42
8102,0,6.459454743890092e-05,0,0.13417820632457733,model::deberta_v3_base,DeBERTa-v3,42
3614,0,7.206133159343153e-05,0,0.13417820632457733,model::deberta_v3_base,DeBERTa-v3,42
6659,1,0.0002154578542103991,0,0.13417820632457733,model::deberta_v3_base,DeBERTa-v3,42
12125,0,9.880445577437058e-05,0,0.13417820632457733,model::deberta_v3_base,DeBERTa-v3,42
13471,1,0.00012894623796455562,0,0.13417820632457733,model::deberta_v3_base,DeBERTa-v3,42
5246,0,0.00012798828538507223,0,0.13417820632457733,model::deberta_v3_base,DeBERTa-v3,42
2612,1,0.00010940900392597541,0,0.13417820632457733,model::deberta_v3_base,DeBERTa-v3,42
16686,1,0.00017394157475791872,0,0.13417820632457733,model::deberta_v3_base,DeBERTa-v3,42
4569,0,0.00010281464346917346,0,0.13417820632457733,model::deberta_v3_base,DeBERTa-v3,42
16586,1,9.41656471695751e-05,0,0.13417820632457733,model::deberta_v3_base,DeBERTa-v3,42
9777,0,0.00021204684162512422,0,0.13417820632457733,model::deberta_v3_base,DeBERTa-v3,42
10194,1,0.00015968472871463746,0,0.13417820632457733,model::deberta_v3_base,DeBERTa-v3,42
13439,0,0.000269329670118168,0,0.13417820632457733,model::deberta_v3_base,DeBERTa-v3,42
12371,1,0.00015159945178311318,0,0.13417820632457733,model::deberta_v3_base,DeBERTa-v3,42
20902,0,6.822376599302515e-05,0,0.13417820632457733,model::deberta_v3_base,DeBERTa-v3,42
7768,1,0.00011838089267257601,0,0.13417820632457733,model::deberta_v3_base,DeBERTa-v3,42
2321,1,0.00016576859343331307,0,0.13417820632457733,model::deberta_v3_base,DeBERTa-v3,42
11714,0,0.0002702829660847783,0,0.13417820632457733,model::deberta_v3_base,DeBERTa-v3,42
3655,0,0.0001155392819782719,0,0.13417820632457733,model::deberta_v3_base,DeBERTa-v3,42
19633,0,0.0001116316780098714,0,0.13417820632457733,model::deberta_v3_base,DeBERTa-v3,42
2593,0,0.0001162222761195153,0,0.13417820632457733,model::deberta_v3_base,DeBERTa-v3,42
5964,0,9.546615183353424e-05,0,0.13417820632457733,model::deberta_v3_base,DeBERTa-v3,42
11822,0,0.0001158601080533117,0,0.13417820632457733,model::deberta_v3_base,DeBERTa-v3,42
12791,1,0.0002220516762463376,0,0.13417820632457733,model::deberta_v3_base,DeBERTa-v3,42
3841,0,0.0003688657598104328,0,0.13417820632457733,model::deberta_v3_base,DeBERTa-v3,42
15763,0,0.000221413210965693,0,0.13417820632457733,model::deberta_v3_base,DeBERTa-v3,42
9129,1,0.0001072583909262903,0,0.13417820632457733,model::deberta_v3_base,DeBERTa-v3,42
13046,1,0.0001433657598681748,0,0.13417820632457733,model::deberta_v3_base,DeBERTa-v3,42
1847,0,0.0001257375697605312,0,0.13417820632457733,model::deberta_v3_base,DeBERTa-v3,42
8591,1,8.795575558906421e-05,0,0.13417820632457733,model::deberta_v3_base,DeBERTa-v3,42
3209,0,0.000261255307123065,0,0.13417820632457733,model::deberta_v3_base,DeBERTa-v3,42
11566,0,0.00010479310731170699,0,0.13417820632457733,model::deberta_v3_base,DeBERTa-v3,42
18276,1,0.00010438150638947263,0,0.13417820632457733,model::deberta_v3_base,DeBERTa-v3,42
21121,0,8.376886398764327e-05,0,0.13417820632457733,model::deberta_v3_base,DeBERTa-v3,42
19671,0,0.00021233998995739967,0,0.13417820632457733,model::deberta_v3_base,DeBERTa-v3,42
729,1,0.00019597139908000827,0,0.13417820632457733,model::deberta_v3_base,DeBERTa-v3,42
17129,0,0.0006132064736448228,0,0.13417820632457733,model::deberta_v3_base,DeBERTa-v3,42
12185,1,0.00011980997078353539,0,0.13417820632457733,model::deberta_v3_base,DeBERTa-v3,42
1996,0,0.0001586071593919769,0,0.13417820632457733,model::deberta_v3_base,DeBERTa-v3,42
18477,0,9.380858682561666e-05,0,0.13417820632457733,model::deberta_v3_base,DeBERTa-v3,42
13495,0,0.00038101087557151914,0,0.13417820632457733,model::deberta_v3_base,DeBERTa-v3,42
3467,1,9.057961869984865e-05,0,0.13417820632457733,model::deberta_v3_base,DeBERTa-v3,42
3100,1,0.00012934301048517227,0,0.13417820632457733,model::deberta_v3_base,DeBERTa-v3,42
19006,0,0.00010177346121054143,0,0.13417820632457733,model::deberta_v3_base,DeBERTa-v3,42
2734,0,0.0001179273021989502,0,0.13417820632457733,model::deberta_v3_base,DeBERTa-v3,42
7923,1,0.0001431613927707076,0,0.13417820632457733,model::deberta_v3_base,DeBERTa-v3,42
14593,1,9.80049735517241e-05,0,0.13417820632457733,model::deberta_v3_base,DeBERTa-v3,42
315,1,7.763155008433387e-05,0,0.13417820632457733,model::deberta_v3_base,DeBERTa-v3,42
18937,0,6.372695497702807e-05,0,0.13417820632457733,model::deberta_v3_base,DeBERTa-v3,42
7718,1,0.00013653055066242814,0,0.13417820632457733,model::deberta_v3_base,DeBERTa-v3,42
9619,1,0.00011484311107778922,0,0.13417820632457733,model::deberta_v3_base,DeBERTa-v3,42
6986,1,0.00010566045966697857,0,0.13417820632457733,model::deberta_v3_base,DeBERTa-v3,42
17354,1,0.00021372365881688893,0,0.13417820632457733,model::deberta_v3_base,DeBERTa-v3,42
16941,0,0.0001913245505420491,0,0.13417820632457733,model::deberta_v3_base,DeBERTa-v3,42
13328,1,0.0001305408077314496,0,0.13417820632457733,model::deberta_v3_base,DeBERTa-v3,42
10753,1,0.00022836292919237167,0,0.13417820632457733,model::deberta_v3_base,DeBERTa-v3,42
730,1,0.0001720500731607899,0,0.13417820632457733,model::deberta_v3_base,DeBERTa-v3,42
15496,1,0.00011894643103005365,0,0.13417820632457733,model::deberta_v3_base,DeBERTa-v3,42
9203,1,0.0001245123567059636,0,0.13417820632457733,model::deberta_v3_base,DeBERTa-v3,42
9971,1,0.00015143273049034178,0,0.13417820632457733,model::deberta_v3_base,DeBERTa-v3,42
14137,1,0.00018003828881774098,0,0.13417820632457733,model::deberta_v3_base,DeBERTa-v3,42
20659,1,0.0001650610356591642,0,0.13417820632457733,model::deberta_v3_base,DeBERTa-v3,42
1737,1,0.00015581646584905684,0,0.13417820632457733,model::deberta_v3_base,DeBERTa-v3,42
18365,1,0.0001244241720996797,0,0.13417820632457733,model::deberta_v3_base,DeBERTa-v3,42
16948,1,8.41026267153211e-05,0,0.13417820632457733,model::deberta_v3_base,DeBERTa-v3,42
4209,1,0.00012504146434366703,0,0.13417820632457733,model::deberta_v3_base,DeBERTa-v3,42
11255,0,8.14379018265754e-05,0,0.13417820632457733,model::deberta_v3_base,DeBERTa-v3,42
4818,0,7.860262121539563e-05,0,0.13417820632457733,model::deberta_v3_base,DeBERTa-v3,42
16989,0,7.520925282733515e-05,0,0.13417820632457733,model::deberta_v3_base,DeBERTa-v3,42
13822,1,0.0001396782899973914,0,0.13417820632457733,model::deberta_v3_base,DeBERTa-v3,42
18218,0,0.00010058519546873868,0,0.13417820632457733,model::deberta_v3_base,DeBERTa-v3,42
11069,0,0.0002794362371787429,0,0.13417820632457733,model::deberta_v3_base,DeBERTa-v3,42
16576,1,0.0001548392465338111,0,0.13417820632457733,model::deberta_v3_base,DeBERTa-v3,42
14690,1,0.0001888991828309372,0,0.13417820632457733,model::deberta_v3_base,DeBERTa-v3,42
7545,0,0.00010505203681532294,0,0.13417820632457733,model::deberta_v3_base,DeBERTa-v3,42
11793,0,0.00012175336451036856,0,0.13417820632457733,model::deberta_v3_base,DeBERTa-v3,42
11185,1,0.00014273912529461086,0,0.13417820632457733,model::deberta_v3_base,DeBERTa-v3,42
14124,0,0.00021617459424305707,0,0.13417820632457733,model::deberta_v3_base,DeBERTa-v3,42
20861,0,0.0001451462449040264,0,0.13417820632457733,model::deberta_v3_base,DeBERTa-v3,42
11618,0,0.0001735011173877865,0,0.13417820632457733,model::deberta_v3_base,DeBERTa-v3,42
744,1,0.00014342990471050143,0,0.13417820632457733,model::deberta_v3_base,DeBERTa-v3,42
261,0,0.00011996865941910073,0,0.13417820632457733,model::deberta_v3_base,DeBERTa-v3,42
11958,0,0.0001852405839599669,0,0.13417820632457733,model::deberta_v3_base,DeBERTa-v3,42
12663,1,0.00025840671150945127,0,0.13417820632457733,model::deberta_v3_base,DeBERTa-v3,42
5696,1,0.00017118279356509447,0,0.13417820632457733,model::deberta_v3_base,DeBERTa-v3,42
7908,1,0.00012410400086082518,0,0.13417820632457733,model::deberta_v3_base,DeBERTa-v3,42
16295,0,0.00012837318354286253,0,0.13417820632457733,model::deberta_v3_base,DeBERTa-v3,42
254,1,0.0011440700618550181,0,0.13417820632457733,model::deberta_v3_base,DeBERTa-v3,42
5340,1,0.0001021596763166599,0,0.13417820632457733,model::deberta_v3_base,DeBERTa-v3,42
8001,0,0.0006129213725216687,0,0.13417820632457733,model::deberta_v3_base,DeBERTa-v3,42
7354,1,0.00016123279056046158,0,0.13417820632457733,model::deberta_v3_base,DeBERTa-v3,42
7138,1,0.00016748960479162633,0,0.13417820632457733,model::deberta_v3_base,DeBERTa-v3,42
8105,1,0.0001872820866992697,0,0.13417820632457733,model::deberta_v3_base,DeBERTa-v3,42
6579,0,7.934848690638319e-05,0,0.13417820632457733,model::deberta_v3_base,DeBERTa-v3,42
7934,1,0.00013201440742705017,0,0.13417820632457733,model::deberta_v3_base,DeBERTa-v3,42
8606,1,7.496851321775466e-05,0,0.13417820632457733,model::deberta_v3_base,DeBERTa-v3,42
7600,0,5.398811845225282e-05,0,0.13417820632457733,model::deberta_v3_base,DeBERTa-v3,42
16101,1,0.00014314884901978076,0,0.13417820632457733,model::deberta_v3_base,DeBERTa-v3,42
1203,0,0.00010216687951469794,0,0.13417820632457733,model::deberta_v3_base,DeBERTa-v3,42
5057,0,9.820123523240909e-05,0,0.13417820632457733,model::deberta_v3_base,DeBERTa-v3,42
12089,0,8.906003495212644e-05,0,0.13417820632457733,model::deberta_v3_base,DeBERTa-v3,42
4527,1,0.00011317210010020062,0,0.13417820632457733,model::deberta_v3_base,DeBERTa-v3,42
9382,1,0.00011930947948712856,0,0.13417820632457733,model::deberta_v3_base,DeBERTa-v3,42
13521,1,0.00018373969942331314,0,0.13417820632457733,model::deberta_v3_base,DeBERTa-v3,42
3108,1,0.00019062533101532608,0,0.13417820632457733,model::deberta_v3_base,DeBERTa-v3,42
8712,0,0.0010843254858627915,0,0.13417820632457733,model::deberta_v3_base,DeBERTa-v3,42
19949,1,0.0002320843777852133,0,0.13417820632457733,model::deberta_v3_base,DeBERTa-v3,42
577,1,0.00016222111298702657,0,0.13417820632457733,model::deberta_v3_base,DeBERTa-v3,42
2039,0,0.00014888703299220651,0,0.13417820632457733,model::deberta_v3_base,DeBERTa-v3,42
17193,0,0.00018104932678397745,0,0.13417820632457733,model::deberta_v3_base,DeBERTa-v3,42
14350,1,0.0001540729426778853,0,0.13417820632457733,model::deberta_v3_base,DeBERTa-v3,42
19730,1,0.00011186378105776384,0,0.13417820632457733,model::deberta_v3_base,DeBERTa-v3,42
20960,1,8.812635496724397e-05,0,0.13417820632457733,model::deberta_v3_base,DeBERTa-v3,42
2547,1,0.00015128785162232816,0,0.13417820632457733,model::deberta_v3_base,DeBERTa-v3,42
13601,0,8.008380245883018e-05,0,0.13417820632457733,model::deberta_v3_base,DeBERTa-v3,42
5423,0,0.0003409363271202892,0,0.13417820632457733,model::deberta_v3_base,DeBERTa-v3,42
13210,0,0.00019382133905310184,0,0.13417820632457733,model::deberta_v3_base,DeBERTa-v3,42
18396,1,0.00013507556286640465,0,0.13417820632457733,model::deberta_v3_base,DeBERTa-v3,42
6019,0,0.0001595766661921516,0,0.13417820632457733,model::deberta_v3_base,DeBERTa-v3,42
2872,0,7.792444375809282e-05,0,0.13417820632457733,model::deberta_v3_base,DeBERTa-v3,42
6204,0,8.0555459135212e-05,0,0.13417820632457733,model::deberta_v3_base,DeBERTa-v3,42
9717,1,0.0001317809656029567,0,0.13417820632457733,model::deberta_v3_base,DeBERTa-v3,42
3733,0,0.00010191116598434746,0,0.13417820632457733,model::deberta_v3_base,DeBERTa-v3,42
3150,1,0.00014641440066043288,0,0.13417820632457733,model::deberta_v3_base,DeBERTa-v3,42
12007,0,0.00024242691870313138,0,0.13417820632457733,model::deberta_v3_base,DeBERTa-v3,42
20412,0,7.591264875372872e-05,0,0.13417820632457733,model::deberta_v3_base,DeBERTa-v3,42
10966,1,0.00020416849292814732,0,0.13417820632457733,model::deberta_v3_base,DeBERTa-v3,42
15297,1,0.00010374672274338081,0,0.13417820632457733,model::deberta_v3_base,DeBERTa-v3,42
8581,0,0.00033178876037709415,0,0.13417820632457733,model::deberta_v3_base,DeBERTa-v3,42
9247,1,0.0001738437422318384,0,0.13417820632457733,model::deberta_v3_base,DeBERTa-v3,42
20802,1,0.0001851330598583445,0,0.13417820632457733,model::deberta_v3_base,DeBERTa-v3,42
11856,0,0.00011561488645384088,0,0.13417820632457733,model::deberta_v3_base,DeBERTa-v3,42
16750,0,8.13875813037157e-05,0,0.13417820632457733,model::deberta_v3_base,DeBERTa-v3,42
14447,1,0.0002346728724660352,0,0.13417820632457733,model::deberta_v3_base,DeBERTa-v3,42
599,1,0.0002007184230023995,0,0.13417820632457733,model::deberta_v3_base,DeBERTa-v3,42
19339,1,0.0003995375009253621,0,0.13417820632457733,model::deberta_v3_base,DeBERTa-v3,42
20904,0,8.952929056249559e-05,0,0.13417820632457733,model::deberta_v3_base,DeBERTa-v3,42
18860,1,7.621541590197012e-05,0,0.13417820632457733,model::deberta_v3_base,DeBERTa-v3,42
7349,0,5.921633783145808e-05,0,0.13417820632457733,model::deberta_v3_base,DeBERTa-v3,42
12739,0,7.461911445716396e-05,0,0.13417820632457733,model::deberta_v3_base,DeBERTa-v3,42
1732,0,6.894889520481229e-05,0,0.13417820632457733,model::deberta_v3_base,DeBERTa-v3,42
9070,1,0.00010086893598781899,0,0.13417820632457733,model::deberta_v3_base,DeBERTa-v3,42
20274,0,8.81195446709171e-05,0,0.13417820632457733,model::deberta_v3_base,DeBERTa-v3,42
16439,1,0.00013073587615508586,0,0.13417820632457733,model::deberta_v3_base,DeBERTa-v3,42
9723,0,0.0008799172355793417,0,0.13417820632457733,model::deberta_v3_base,DeBERTa-v3,42
15367,0,0.00032853352604433894,0,0.13417820632457733,model::deberta_v3_base,DeBERTa-v3,42
21113,0,0.00019860889005940408,0,0.13417820632457733,model::deberta_v3_base,DeBERTa-v3,42
12151,1,0.00013426924124360085,0,0.13417820632457733,model::deberta_v3_base,DeBERTa-v3,42
4476,1,0.00010925741662504151,0,0.13417820632457733,model::deberta_v3_base,DeBERTa-v3,42
8093,1,9.289419540436938e-05,0,0.13417820632457733,model::deberta_v3_base,DeBERTa-v3,42
6237,0,9.586773376213387e-05,0,0.13417820632457733,model::deberta_v3_base,DeBERTa-v3,42
19531,1,0.00019172685279045254,0,0.13417820632457733,model::deberta_v3_base,DeBERTa-v3,42
5192,0,0.00014525893493555486,0,0.13417820632457733,model::deberta_v3_base,DeBERTa-v3,42
16725,1,0.000110514389234595,0,0.13417820632457733,model::deberta_v3_base,DeBERTa-v3,42
7744,1,0.00013771923840977252,0,0.13417820632457733,model::deberta_v3_base,DeBERTa-v3,42
9746,0,0.0001470407732995227,0,0.13417820632457733,model::deberta_v3_base,DeBERTa-v3,42
2397,1,0.0001750915835145861,0,0.13417820632457733,model::deberta_v3_base,DeBERTa-v3,42
3746,0,9.458655404159799e-05,0,0.13417820632457733,model::deberta_v3_base,DeBERTa-v3,42
5190,0,0.00016926752869039774,0,0.13417820632457733,model::deberta_v3_base,DeBERTa-v3,42
19360,0,0.0018685073591768742,0,0.13417820632457733,model::deberta_v3_base,DeBERTa-v3,42
5879,1,0.00012772786431014538,0,0.13417820632457733,model::deberta_v3_base,DeBERTa-v3,42
11527,1,0.00013083651720080525,0,0.13417820632457733,model::deberta_v3_base,DeBERTa-v3,42
2187,0,0.0001375028514303267,0,0.13417820632457733,model::deberta_v3_base,DeBERTa-v3,42
12869,0,0.00016991044685710222,0,0.13417820632457733,model::deberta_v3_base,DeBERTa-v3,42
5091,1,8.491462358506396e-05,0,0.13417820632457733,model::deberta_v3_base,DeBERTa-v3,42
14152,1,9.758085798239335e-05,0,0.13417820632457733,model::deberta_v3_base,DeBERTa-v3,42
20776,0,0.00011093630746472627,0,0.13417820632457733,model::deberta_v3_base,DeBERTa-v3,42
20518,1,0.00011664495832519606,0,0.13417820632457733,model::deberta_v3_base,DeBERTa-v3,42
8641,1,9.909224900184199e-05,0,0.13417820632457733,model::deberta_v3_base,DeBERTa-v3,42
11128,1,9.505239722784609e-05,0,0.13417820632457733,model::deberta_v3_base,DeBERTa-v3,42
12306,0,0.00016043380310293287,0,0.13417820632457733,model::deberta_v3_base,DeBERTa-v3,42
8675,1,0.00021727803687099367,0,0.13417820632457733,model::deberta_v3_base,DeBERTa-v3,42
16643,1,0.00015409132174681872,0,0.13417820632457733,model::deberta_v3_base,DeBERTa-v3,42
16124,0,0.0008552639046683908,0,0.13417820632457733,model::deberta_v3_base,DeBERTa-v3,42
5838,0,9.375581430504099e-05,0,0.13417820632457733,model::deberta_v3_base,DeBERTa-v3,42
8821,1,0.00014473605551756918,0,0.13417820632457733,model::deberta_v3_base,DeBERTa-v3,42
13942,1,0.00014390375872608274,0,0.13417820632457733,model::deberta_v3_base,DeBERTa-v3,42
7149,1,0.00021456957620102912,0,0.13417820632457733,model::deberta_v3_base,DeBERTa-v3,42
6690,1,0.00014887198631186038,0,0.13417820632457733,model::deberta_v3_base,DeBERTa-v3,42
18207,0,0.00019544814131222665,0,0.13417820632457733,model::deberta_v3_base,DeBERTa-v3,42
20961,0,7.450043631251901e-05,0,0.13417820632457733,model::deberta_v3_base,DeBERTa-v3,42
7895,1,0.00015512209211010486,0,0.13417820632457733,model::deberta_v3_base,DeBERTa-v3,42
18853,1,0.0001188159512821585,0,0.13417820632457733,model::deberta_v3_base,DeBERTa-v3,42
17705,0,0.00017381359066348523,0,0.13417820632457733,model::deberta_v3_base,DeBERTa-v3,42
19169,0,0.0001285999605897814,0,0.13417820632457733,model::deberta_v3_base,DeBERTa-v3,42
17658,1,0.00014397209451999515,0,0.13417820632457733,model::deberta_v3_base,DeBERTa-v3,42
13277,0,0.00024328689323738217,0,0.13417820632457733,model::deberta_v3_base,DeBERTa-v3,42
20062,1,0.00016939443594310433,0,0.13417820632457733,model::deberta_v3_base,DeBERTa-v3,42
16652,1,0.00012865026656072587,0,0.13417820632457733,model::deberta_v3_base,DeBERTa-v3,42
11093,0,7.08918523741886e-05,0,0.13417820632457733,model::deberta_v3_base,DeBERTa-v3,42
12262,0,0.0001688492193352431,0,0.13417820632457733,model::deberta_v3_base,DeBERTa-v3,42
3119,1,0.0001623427524464205,0,0.13417820632457733,model::deberta_v3_base,DeBERTa-v3,42
17297,0,0.00015014703967608511,0,0.13417820632457733,model::deberta_v3_base,DeBERTa-v3,42
10638,1,0.0001125647613662295,0,0.13417820632457733,model::deberta_v3_base,DeBERTa-v3,42
2783,1,9.380687697557732e-05,0,0.13417820632457733,model::deberta_v3_base,DeBERTa-v3,42
14032,0,0.00010928419214906171,0,0.13417820632457733,model::deberta_v3_base,DeBERTa-v3,42
14851,0,0.00014503762940876186,0,0.13417820632457733,model::deberta_v3_base,DeBERTa-v3,42
12174,0,0.0001275285321753472,0,0.13417820632457733,model::deberta_v3_base,DeBERTa-v3,42
2004,1,0.00010102969099534675,0,0.13417820632457733,model::deberta_v3_base,DeBERTa-v3,42
18219,1,0.0001010285341180861,0,0.13417820632457733,model::deberta_v3_base,DeBERTa-v3,42
8168,0,0.0002219896559836343,0,0.13417820632457733,model::deberta_v3_base,DeBERTa-v3,42
20316,0,0.000129812047816813,0,0.13417820632457733,model::deberta_v3_base,DeBERTa-v3,42
4844,0,8.38429550640285e-05,0,0.13417820632457733,model::deberta_v3_base,DeBERTa-v3,42
11474,1,8.825695840641856e-05,0,0.13417820632457733,model::deberta_v3_base,DeBERTa-v3,42
10047,0,0.00033335472107864916,0,0.13417820632457733,model::deberta_v3_base,DeBERTa-v3,42
5861,1,0.0001401999033987522,0,0.13417820632457733,model::deberta_v3_base,DeBERTa-v3,42
9226,1,0.00010970905714202672,0,0.13417820632457733,model::deberta_v3_base,DeBERTa-v3,42
20898,0,0.00017884965927805752,0,0.13417820632457733,model::deberta_v3_base,DeBERTa-v3,42
569,0,0.0003537197189871222,0,0.13417820632457733,model::deberta_v3_base,DeBERTa-v3,42
4565,0,8.461522520519793e-05,0,0.13417820632457733,model::deberta_v3_base,DeBERTa-v3,42
7145,1,0.00010168548033107072,0,0.13417820632457733,model::deberta_v3_base,DeBERTa-v3,42
11649,1,0.00019751903892029077,0,0.13417820632457733,model::deberta_v3_base,DeBERTa-v3,42
13929,1,8.755842281971127e-05,0,0.13417820632457733,model::deberta_v3_base,DeBERTa-v3,42
3753,1,0.00017539618420414627,0,0.13417820632457733,model::deberta_v3_base,DeBERTa-v3,42
15158,1,0.00014933888451196253,0,0.13417820632457733,model::deberta_v3_base,DeBERTa-v3,42
16218,1,0.00021780595125164837,0,0.13417820632457733,model::deberta_v3_base,DeBERTa-v3,42
20386,1,0.00011613553942879662,0,0.13417820632457733,model::deberta_v3_base,DeBERTa-v3,42
17498,0,0.00013413923443295062,0,0.13417820632457733,model::deberta_v3_base,DeBERTa-v3,42
2167,0,0.00022095411259215325,0,0.13417820632457733,model::deberta_v3_base,DeBERTa-v3,42
2243,0,0.0005666653160005808,0,0.13417820632457733,model::deberta_v3_base,DeBERTa-v3,42
10786,0,0.00012340987450443208,0,0.13417820632457733,model::deberta_v3_base,DeBERTa-v3,42
3657,0,0.0004515475011430681,0,0.13417820632457733,model::deberta_v3_base,DeBERTa-v3,42
3062,1,0.0002533379301894456,0,0.13417820632457733,model::deberta_v3_base,DeBERTa-v3,42
4628,0,0.00010322754678782076,0,0.13417820632457733,model::deberta_v3_base,DeBERTa-v3,42
9579,1,9.373732609674335e-05,0,0.13417820632457733,model::deberta_v3_base,DeBERTa-v3,42
2333,1,9.005974425235763e-05,0,0.13417820632457733,model::deberta_v3_base,DeBERTa-v3,42
20319,0,0.00010236191155854613,0,0.13417820632457733,model::deberta_v3_base,DeBERTa-v3,42
16926,1,0.000111519439087715,0,0.13417820632457733,model::deberta_v3_base,DeBERTa-v3,42
6800,1,8.097149839159101e-05,0,0.13417820632457733,model::deberta_v3_base,DeBERTa-v3,42
5003,0,5.947088357061148e-05,0,0.13417820632457733,model::deberta_v3_base,DeBERTa-v3,42
12074,1,0.0001818847085814923,0,0.13417820632457733,model::deberta_v3_base,DeBERTa-v3,42
6804,0,0.00012260708899702877,0,0.13417820632457733,model::deberta_v3_base,DeBERTa-v3,42
10891,1,8.803512901067734e-05,0,0.13417820632457733,model::deberta_v3_base,DeBERTa-v3,42
12606,1,0.00010069172276416793,0,0.13417820632457733,model::deberta_v3_base,DeBERTa-v3,42
4490,0,7.952468877192587e-05,0,0.13417820632457733,model::deberta_v3_base,DeBERTa-v3,42
9963,1,0.00023718482407275587,0,0.13417820632457733,model::deberta_v3_base,DeBERTa-v3,42
3158,0,0.00013733237574342638,0,0.13417820632457733,model::deberta_v3_base,DeBERTa-v3,42
16831,1,0.0001654130028327927,0,0.13417820632457733,model::deberta_v3_base,DeBERTa-v3,42
2875,1,0.00014983725850470364,0,0.13417820632457733,model::deberta_v3_base,DeBERTa-v3,42
7424,1,0.00012175615120213479,0,0.13417820632457733,model::deberta_v3_base,DeBERTa-v3,42
3520,0,0.00020729939569719136,0,0.13417820632457733,model::deberta_v3_base,DeBERTa-v3,42
13077,0,0.00012310616148170084,0,0.13417820632457733,model::deberta_v3_base,DeBERTa-v3,42
10020,1,0.0001256830437341705,0,0.13417820632457733,model::deberta_v3_base,DeBERTa-v3,42
18236,1,0.00014688271039631218,0,0.13417820632457733,model::deberta_v3_base,DeBERTa-v3,42
12740,1,8.488984894938767e-05,0,0.13417820632457733,model::deberta_v3_base,DeBERTa-v3,42
626,1,9.836768731474876e-05,0,0.13417820632457733,model::deberta_v3_base,DeBERTa-v3,42
5714,1,0.00011627028288785368,0,0.13417820632457733,model::deberta_v3_base,DeBERTa-v3,42
13642,1,0.00010669845505617559,0,0.13417820632457733,model::deberta_v3_base,DeBERTa-v3,42
18508,1,0.00015371797780971974,0,0.13417820632457733,model::deberta_v3_base,DeBERTa-v3,42
3639,1,7.780542364344001e-05,0,0.13417820632457733,model::deberta_v3_base,DeBERTa-v3,42
15024,0,0.0001000169722829014,0,0.13417820632457733,model::deberta_v3_base,DeBERTa-v3,42
15804,1,0.0002291686541866511,0,0.13417820632457733,model::deberta_v3_base,DeBERTa-v3,42
614,1,0.00017005469999276102,0,0.13417820632457733,model::deberta_v3_base,DeBERTa-v3,42
21007,0,9.488115028943866e-05,0,0.13417820632457733,model::deberta_v3_base,DeBERTa-v3,42
48,0,7.909857959020883e-05,0,0.13417820632457733,model::deberta_v3_base,DeBERTa-v3,42
4659,0,0.000449679879238829,0,0.13417820632457733,model::deberta_v3_base,DeBERTa-v3,42
2451,0,0.0001116921630455181,0,0.13417820632457733,model::deberta_v3_base,DeBERTa-v3,42
20014,1,0.0002310162817593664,0,0.13417820632457733,model::deberta_v3_base,DeBERTa-v3,42
16523,1,0.00013374380068853498,0,0.13417820632457733,model::deberta_v3_base,DeBERTa-v3,42
7588,0,0.00024580833269283175,0,0.13417820632457733,model::deberta_v3_base,DeBERTa-v3,42
10690,0,9.311041503679007e-05,0,0.13417820632457733,model::deberta_v3_base,DeBERTa-v3,42
11707,1,0.0002008685260079801,0,0.13417820632457733,model::deberta_v3_base,DeBERTa-v3,42
7072,0,7.32619664631784e-05,0,0.13417820632457733,model::deberta_v3_base,DeBERTa-v3,42
2583,1,0.00017264019697904587,0,0.13417820632457733,model::deberta_v3_base,DeBERTa-v3,42
14906,1,0.0001232083304785192,0,0.13417820632457733,model::deberta_v3_base,DeBERTa-v3,42
7454,1,0.00015159974282141775,0,0.13417820632457733,model::deberta_v3_base,DeBERTa-v3,42
8783,1,0.00014474020281340927,0,0.13417820632457733,model::deberta_v3_base,DeBERTa-v3,42
6422,0,0.0009894910035654902,0,0.13417820632457733,model::deberta_v3_base,DeBERTa-v3,42
7361,1,0.00010508739069337025,0,0.13417820632457733,model::deberta_v3_base,DeBERTa-v3,42
10470,0,7.169373566284776e-05,0,0.13417820632457733,model::deberta_v3_base,DeBERTa-v3,42
13196,1,0.00016153902106452733,0,0.13417820632457733,model::deberta_v3_base,DeBERTa-v3,42
8823,0,0.00016173723270185292,0,0.13417820632457733,model::deberta_v3_base,DeBERTa-v3,42
13026,0,0.0001962818205356598,0,0.13417820632457733,model::deberta_v3_base,DeBERTa-v3,42
6243,1,0.00025893200654536486,0,0.13417820632457733,model::deberta_v3_base,DeBERTa-v3,42
11626,0,0.00010379045124864206,0,0.13417820632457733,model::deberta_v3_base,DeBERTa-v3,42
4722,0,0.00010139663936570287,0,0.13417820632457733,model::deberta_v3_base,DeBERTa-v3,42
9105,0,6.396031676558778e-05,0,0.13417820632457733,model::deberta_v3_base,DeBERTa-v3,42
7276,1,0.00016506937390659004,0,0.13417820632457733,model::deberta_v3_base,DeBERTa-v3,42
13624,0,0.00030583259649574757,0,0.13417820632457733,model::deberta_v3_base,DeBERTa-v3,42
1294,0,0.00010507567640161142,0,0.13417820632457733,model::deberta_v3_base,DeBERTa-v3,42
2762,1,0.00011012137838406488,0,0.13417820632457733,model::deberta_v3_base,DeBERTa-v3,42
11880,1,9.295834752265364e-05,0,0.13417820632457733,model::deberta_v3_base,DeBERTa-v3,42
9542,1,9.944835619535297e-05,0,0.13417820632457733,model::deberta_v3_base,DeBERTa-v3,42
354,1,0.00011899203673237935,0,0.13417820632457733,model::deberta_v3_base,DeBERTa-v3,42
11301,0,0.00019334440003149211,0,0.13417820632457733,model::deberta_v3_base,DeBERTa-v3,42
20095,0,0.0001331904495600611,0,0.13417820632457733,model::deberta_v3_base,DeBERTa-v3,42
17999,1,0.00016066634270828217,0,0.13417820632457733,model::deberta_v3_base,DeBERTa-v3,42
2645,1,0.00010027903044829145,0,0.13417820632457733,model::deberta_v3_base,DeBERTa-v3,42
2234,1,0.00015513923426624388,0,0.13417820632457733,model::deberta_v3_base,DeBERTa-v3,42
11688,1,0.00010694067896110937,0,0.13417820632457733,model::deberta_v3_base,DeBERTa-v3,42
10725,0,0.0023239385336637497,0,0.13417820632457733,model::deberta_v3_base,DeBERTa-v3,42
6916,0,6.779261457268149e-05,0,0.13417820632457733,model::deberta_v3_base,DeBERTa-v3,42
9011,1,0.00019706174498423934,0,0.13417820632457733,model::deberta_v3_base,DeBERTa-v3,42
18464,0,7.867573731346056e-05,0,0.13417820632457733,model::deberta_v3_base,DeBERTa-v3,42
19953,0,0.00027287687407806516,0,0.13417820632457733,model::deberta_v3_base,DeBERTa-v3,42
8233,0,7.305302278837189e-05,0,0.13417820632457733,model::deberta_v3_base,DeBERTa-v3,42
3981,0,0.0001818859309423715,0,0.13417820632457733,model::deberta_v3_base,DeBERTa-v3,42
9752,1,0.00016050248814281076,0,0.13417820632457733,model::deberta_v3_base,DeBERTa-v3,42
4575,0,9.594456059858203e-05,0,0.13417820632457733,model::deberta_v3_base,DeBERTa-v3,42
14558,0,0.00018733012257143855,0,0.13417820632457733,model::deberta_v3_base,DeBERTa-v3,42
11928,0,0.00018070887017529458,0,0.13417820632457733,model::deberta_v3_base,DeBERTa-v3,42
4444,0,0.00020852508896496147,0,0.13417820632457733,model::deberta_v3_base,DeBERTa-v3,42
18467,1,0.00013850029790773988,0,0.13417820632457733,model::deberta_v3_base,DeBERTa-v3,42
7606,0,8.508127211825922e-05,0,0.13417820632457733,model::deberta_v3_base,DeBERTa-v3,42
18410,1,0.00018883294251281768,0,0.13417820632457733,model::deberta_v3_base,DeBERTa-v3,42
17983,1,0.0002049869654001668,0,0.13417820632457733,model::deberta_v3_base,DeBERTa-v3,42
15930,1,0.0001749612420098856,0,0.13417820632457733,model::deberta_v3_base,DeBERTa-v3,42
7429,0,0.00019234669161960483,0,0.13417820632457733,model::deberta_v3_base,DeBERTa-v3,42
7104,0,0.00011209474178031087,0,0.13417820632457733,model::deberta_v3_base,DeBERTa-v3,42
18949,1,0.00014029807061888278,0,0.13417820632457733,model::deberta_v3_base,DeBERTa-v3,42
10732,1,8.093174255918711e-05,0,0.13417820632457733,model::deberta_v3_base,DeBERTa-v3,42
10381,1,7.531073060818017e-05,0,0.13417820632457733,model::deberta_v3_base,DeBERTa-v3,42
17604,0,0.00011654467380139977,0,0.13417820632457733,model::deberta_v3_base,DeBERTa-v3,42
16909,1,0.00011739962064893916,0,0.13417820632457733,model::deberta_v3_base,DeBERTa-v3,42
18975,1,0.00019885315850842744,0,0.13417820632457733,model::deberta_v3_base,DeBERTa-v3,42
7951,1,0.00015023024752736092,0,0.13417820632457733,model::deberta_v3_base,DeBERTa-v3,42
10647,0,0.00013261951971799135,0,0.13417820632457733,model::deberta_v3_base,DeBERTa-v3,42
11217,0,0.002686351304873824,0,0.13417820632457733,model::deberta_v3_base,DeBERTa-v3,42
4794,0,0.00015216019528452307,0,0.13417820632457733,model::deberta_v3_base,DeBERTa-v3,42
17644,1,0.00011029624874936417,0,0.13417820632457733,model::deberta_v3_base,DeBERTa-v3,42
10081,1,0.0001656102976994589,0,0.13417820632457733,model::deberta_v3_base,DeBERTa-v3,42
16527,0,0.00020400775247253478,0,0.13417820632457733,model::deberta_v3_base,DeBERTa-v3,42
18750,1,6.145612860564142e-05,0,0.13417820632457733,model::deberta_v3_base,DeBERTa-v3,42
15382,1,0.00011723572970367968,0,0.13417820632457733,model::deberta_v3_base,DeBERTa-v3,42
4640,1,0.00012905424227938056,0,0.13417820632457733,model::deberta_v3_base,DeBERTa-v3,42
4407,0,0.00012246129335835576,0,0.13417820632457733,model::deberta_v3_base,DeBERTa-v3,42
19782,0,9.08826186787337e-05,0,0.13417820632457733,model::deberta_v3_base,DeBERTa-v3,42
14288,1,0.00017101671255659312,0,0.13417820632457733,model::deberta_v3_base,DeBERTa-v3,42
1967,0,0.0003114057471975684,0,0.13417820632457733,model::deberta_v3_base,DeBERTa-v3,42
9658,0,7.362482574535534e-05,0,0.13417820632457733,model::deberta_v3_base,DeBERTa-v3,42
4808,0,0.0010135796619579196,0,0.13417820632457733,model::deberta_v3_base,DeBERTa-v3,42
5494,0,0.00027669023256748915,0,0.13417820632457733,model::deberta_v3_base,DeBERTa-v3,42
20622,0,7.973191532073542e-05,0,0.13417820632457733,model::deberta_v3_base,DeBERTa-v3,42
7209,0,0.00014152102812658995,0,0.13417820632457733,model::deberta_v3_base,DeBERTa-v3,42
10074,1,7.814671698724851e-05,0,0.13417820632457733,model::deberta_v3_base,DeBERTa-v3,42
8835,0,0.00032857610494829714,0,0.13417820632457733,model::deberta_v3_base,DeBERTa-v3,42
8186,0,6.730544555466622e-05,0,0.13417820632457733,model::deberta_v3_base,DeBERTa-v3,42
6294,1,0.00011785186507040635,0,0.13417820632457733,model::deberta_v3_base,DeBERTa-v3,42
5954,1,0.0001169505703728646,0,0.13417820632457733,model::deberta_v3_base,DeBERTa-v3,42
20302,0,0.00017529554315842688,0,0.13417820632457733,model::deberta_v3_base,DeBERTa-v3,42
10236,1,0.0001178202946903184,0,0.13417820632457733,model::deberta_v3_base,DeBERTa-v3,42
11945,0,0.0001363693445455283,0,0.13417820632457733,model::deberta_v3_base,DeBERTa-v3,42
12336,0,0.00016397440049331635,0,0.13417820632457733,model::deberta_v3_base,DeBERTa-v3,42
9515,1,0.0001317223213845864,0,0.13417820632457733,model::deberta_v3_base,DeBERTa-v3,42
8018,0,0.00013976848276797682,0,0.13417820632457733,model::deberta_v3_base,DeBERTa-v3,42
12779,0,0.0002632109390106052,0,0.13417820632457733,model::deberta_v3_base,DeBERTa-v3,42
17947,0,0.00012070487719029188,0,0.13417820632457733,model::deberta_v3_base,DeBERTa-v3,42
18792,1,0.0001528935245005414,0,0.13417820632457733,model::deberta_v3_base,DeBERTa-v3,42
18321,1,9.720472735352814e-05,0,0.13417820632457733,model::deberta_v3_base,DeBERTa-v3,42
10611,1,8.626816998003051e-05,0,0.13417820632457733,model::deberta_v3_base,DeBERTa-v3,42
16529,0,7.82945571700111e-05,0,0.13417820632457733,model::deberta_v3_base,DeBERTa-v3,42
20670,0,8.462071127723902e-05,0,0.13417820632457733,model::deberta_v3_base,DeBERTa-v3,42
2198,1,0.00011490400356706232,0,0.13417820632457733,model::deberta_v3_base,DeBERTa-v3,42
14419,1,0.00012854812666773796,0,0.13417820632457733,model::deberta_v3_base,DeBERTa-v3,42
17089,0,9.138456516666338e-05,0,0.13417820632457733,model::deberta_v3_base,DeBERTa-v3,42
5803,1,0.00035542738623917103,0,0.13417820632457733,model::deberta_v3_base,DeBERTa-v3,42
11159,1,0.00016831923858262599,0,0.13417820632457733,model::deberta_v3_base,DeBERTa-v3,42
4982,1,0.00015566084766760468,0,0.13417820632457733,model::deberta_v3_base,DeBERTa-v3,42
18079,0,6.942704203538597e-05,0,0.13417820632457733,model::deberta_v3_base,DeBERTa-v3,42
3152,1,0.00010079903586301953,0,0.13417820632457733,model::deberta_v3_base,DeBERTa-v3,42
2813,0,0.00040285641443915665,0,0.13417820632457733,model::deberta_v3_base,DeBERTa-v3,42
2818,1,7.548012217739597e-05,0,0.13417820632457733,model::deberta_v3_base,DeBERTa-v3,42
9507,1,0.0001336056157015264,0,0.13417820632457733,model::deberta_v3_base,DeBERTa-v3,42
5872,1,0.00014630149235017598,0,0.13417820632457733,model::deberta_v3_base,DeBERTa-v3,42
4366,1,0.00011554313823580742,0,0.13417820632457733,model::deberta_v3_base,DeBERTa-v3,42
2432,1,0.00014891642786096781,0,0.13417820632457733,model::deberta_v3_base,DeBERTa-v3,42
6574,1,8.621020242571831e-05,0,0.13417820632457733,model::deberta_v3_base,DeBERTa-v3,42
13861,0,0.0009017019183374941,0,0.13417820632457733,model::deberta_v3_base,DeBERTa-v3,42
18835,0,0.00017615324759390205,0,0.13417820632457733,model::deberta_v3_base,DeBERTa-v3,42
1627,1,0.00013781381130684167,0,0.13417820632457733,model::deberta_v3_base,DeBERTa-v3,42
5263,1,0.00017107411986216903,0,0.13417820632457733,model::deberta_v3_base,DeBERTa-v3,42
14743,1,0.00010213960922555998,0,0.13417820632457733,model::deberta_v3_base,DeBERTa-v3,42
7814,0,0.00017603386368136853,0,0.13417820632457733,model::deberta_v3_base,DeBERTa-v3,42
14849,1,8.180676377378404e-05,0,0.13417820632457733,model::deberta_v3_base,DeBERTa-v3,42
8244,0,0.00016250135377049446,0,0.13417820632457733,model::deberta_v3_base,DeBERTa-v3,42
12521,1,0.00012268172577023506,0,0.13417820632457733,model::deberta_v3_base,DeBERTa-v3,42
19236,1,0.00013589864829555154,0,0.13417820632457733,model::deberta_v3_base,DeBERTa-v3,42
559,0,0.00010813697008416057,0,0.13417820632457733,model::deberta_v3_base,DeBERTa-v3,42
9711,1,0.00021533379913307726,0,0.13417820632457733,model::deberta_v3_base,DeBERTa-v3,42
14318,0,0.0007107786950655282,0,0.13417820632457733,model::deberta_v3_base,DeBERTa-v3,42
9456,1,0.00022488224203698337,0,0.13417820632457733,model::deberta_v3_base,DeBERTa-v3,42
221,0,0.0001042704752762802,0,0.13417820632457733,model::deberta_v3_base,DeBERTa-v3,42
5404,0,7.857309537939727e-05,0,0.13417820632457733,model::deberta_v3_base,DeBERTa-v3,42
12978,0,8.958976104622707e-05,0,0.13417820632457733,model::deberta_v3_base,DeBERTa-v3,42
13785,0,8.502531272824854e-05,0,0.13417820632457733,model::deberta_v3_base,DeBERTa-v3,42
7045,0,0.0032484084367752075,0,0.13417820632457733,model::deberta_v3_base,DeBERTa-v3,42
11761,1,8.98763319128193e-05,0,0.13417820632457733,model::deberta_v3_base,DeBERTa-v3,42
10347,0,0.00035806026426143944,0,0.13417820632457733,model::deberta_v3_base,DeBERTa-v3,42
16541,1,0.00013357492571230978,0,0.13417820632457733,model::deberta_v3_base,DeBERTa-v3,42
12217,1,0.00019188120495527983,0,0.13417820632457733,model::deberta_v3_base,DeBERTa-v3,42
3789,0,7.711889338679612e-05,0,0.13417820632457733,model::deberta_v3_base,DeBERTa-v3,42
8363,1,0.0001471476280130446,0,0.13417820632457733,model::deberta_v3_base,DeBERTa-v3,42
17717,0,0.0001870226114988327,0,0.13417820632457733,model::deberta_v3_base,DeBERTa-v3,42
14020,0,0.00011128573532914743,0,0.13417820632457733,model::deberta_v3_base,DeBERTa-v3,42
7490,1,0.0001484036911278963,0,0.13417820632457733,model::deberta_v3_base,DeBERTa-v3,42
13316,1,0.00011090860061813146,0,0.13417820632457733,model::deberta_v3_base,DeBERTa-v3,42
227,0,9.57719748839736e-05,0,0.13417820632457733,model::deberta_v3_base,DeBERTa-v3,42
17201,1,8.343228546436876e-05,0,0.13417820632457733,model::deberta_v3_base,DeBERTa-v3,42
6356,0,5.232451803749427e-05,0,0.13417820632457733,model::deberta_v3_base,DeBERTa-v3,42
1016,0,0.00012819934636354446,0,0.13417820632457733,model::deberta_v3_base,DeBERTa-v3,42
10615,0,0.00011689525854308158,0,0.13417820632457733,model::deberta_v3_base,DeBERTa-v3,42
6432,1,0.00024269564892165363,0,0.13417820632457733,model::deberta_v3_base,DeBERTa-v3,42
556,1,0.00012852960207965225,0,0.13417820632457733,model::deberta_v3_base,DeBERTa-v3,42
16230,0,0.0001296705158893019,0,0.13417820632457733,model::deberta_v3_base,DeBERTa-v3,42
6959,0,0.00014009367441758513,0,0.13417820632457733,model::deberta_v3_base,DeBERTa-v3,42
12216,1,0.00016068396507762372,0,0.13417820632457733,model::deberta_v3_base,DeBERTa-v3,42
12314,1,0.00013482167560141534,0,0.13417820632457733,model::deberta_v3_base,DeBERTa-v3,42
4822,0,0.00042088862392120063,0,0.13417820632457733,model::deberta_v3_base,DeBERTa-v3,42
3986,1,7.441133493557572e-05,0,0.13417820632457733,model::deberta_v3_base,DeBERTa-v3,42
10498,1,0.00010457140160724521,0,0.13417820632457733,model::deberta_v3_base,DeBERTa-v3,42
11207,1,0.00017280453175771981,0,0.13417820632457733,model::deberta_v3_base,DeBERTa-v3,42
8885,1,0.0001505751715740189,0,0.13417820632457733,model::deberta_v3_base,DeBERTa-v3,42
11347,1,0.0001294124813284725,0,0.13417820632457733,model::deberta_v3_base,DeBERTa-v3,42
16177,0,9.364091965835541e-05,0,0.13417820632457733,model::deberta_v3_base,DeBERTa-v3,42
6396,0,0.0001203715437441133,0,0.13417820632457733,model::deberta_v3_base,DeBERTa-v3,42
14011,1,0.00012072743265889585,0,0.13417820632457733,model::deberta_v3_base,DeBERTa-v3,42
8713,0,0.0001087290293071419,0,0.13417820632457733,model::deberta_v3_base,DeBERTa-v3,42
6917,0,0.00010752741218311712,0,0.13417820632457733,model::deberta_v3_base,DeBERTa-v3,42
20398,0,7.832614937797189e-05,0,0.13417820632457733,model::deberta_v3_base,DeBERTa-v3,42
19976,0,8.84152323123999e-05,0,0.13417820632457733,model::deberta_v3_base,DeBERTa-v3,42
19008,1,0.00021010893397033215,0,0.13417820632457733,model::deberta_v3_base,DeBERTa-v3,42
16593,1,0.00010510022548260167,0,0.13417820632457733,model::deberta_v3_base,DeBERTa-v3,42
11248,0,0.0001607431040611118,0,0.13417820632457733,model::deberta_v3_base,DeBERTa-v3,42
20722,1,0.0001903610536828637,0,0.13417820632457733,model::deberta_v3_base,DeBERTa-v3,42
1924,1,8.411963790422305e-05,0,0.13417820632457733,model::deberta_v3_base,DeBERTa-v3,42
9501,0,0.0001174187709693797,0,0.13417820632457733,model::deberta_v3_base,DeBERTa-v3,42
14798,1,0.00013178965309634805,0,0.13417820632457733,model::deberta_v3_base,DeBERTa-v3,42
16378,0,0.00015061967133078724,0,0.13417820632457733,model::deberta_v3_base,DeBERTa-v3,42
9953,0,9.922774188453332e-05,0,0.13417820632457733,model::deberta_v3_base,DeBERTa-v3,42
2778,0,0.0001388564269291237,0,0.13417820632457733,model::deberta_v3_base,DeBERTa-v3,42
7289,1,0.00014205885236151516,0,0.13417820632457733,model::deberta_v3_base,DeBERTa-v3,42
4511,1,0.00017913758347276598,0,0.13417820632457733,model::deberta_v3_base,DeBERTa-v3,42
14006,0,0.00010465230297995731,0,0.13417820632457733,model::deberta_v3_base,DeBERTa-v3,42
10111,0,0.00020720946486108005,0,0.13417820632457733,model::deberta_v3_base,DeBERTa-v3,42
2281,0,0.00017800141358748078,0,0.13417820632457733,model::deberta_v3_base,DeBERTa-v3,42
12607,1,0.00013414255226962268,0,0.13417820632457733,model::deberta_v3_base,DeBERTa-v3,42
18157,0,0.0008580596768297255,0,0.13417820632457733,model::deberta_v3_base,DeBERTa-v3,42
17548,1,0.0001595410576555878,0,0.13417820632457733,model::deberta_v3_base,DeBERTa-v3,42
15779,1,9.51491529121995e-05,0,0.13417820632457733,model::deberta_v3_base,DeBERTa-v3,42
20594,0,9.276919445255771e-05,0,0.13417820632457733,model::deberta_v3_base,DeBERTa-v3,42
15437,0,0.00021154864225536585,0,0.13417820632457733,model::deberta_v3_base,DeBERTa-v3,42
11322,1,0.00015895644901320338,0,0.13417820632457733,model::deberta_v3_base,DeBERTa-v3,42
18605,1,0.00016627993318252265,0,0.13417820632457733,model::deberta_v3_base,DeBERTa-v3,42
21053,1,0.00021885927708353847,0,0.13417820632457733,model::deberta_v3_base,DeBERTa-v3,42
5662,1,0.00011793697922257707,0,0.13417820632457733,model::deberta_v3_base,DeBERTa-v3,42
11892,0,0.000701075536198914,0,0.13417820632457733,model::deberta_v3_base,DeBERTa-v3,42
5775,1,0.00011145608004881069,0,0.13417820632457733,model::deberta_v3_base,DeBERTa-v3,42
14139,1,8.914398495107889e-05,0,0.13417820632457733,model::deberta_v3_base,DeBERTa-v3,42
19692,1,0.00029882529634051025,0,0.13417820632457733,model::deberta_v3_base,DeBERTa-v3,42
4473,0,0.00014244230987969786,0,0.13417820632457733,model::deberta_v3_base,DeBERTa-v3,42
20647,1,9.057858551386744e-05,0,0.13417820632457733,model::deberta_v3_base,DeBERTa-v3,42
19921,1,0.0003288964508101344,0,0.13417820632457733,model::deberta_v3_base,DeBERTa-v3,42
16487,0,0.00020492561452556401,0,0.13417820632457733,model::deberta_v3_base,DeBERTa-v3,42
670,1,9.242413216270506e-05,0,0.13417820632457733,model::deberta_v3_base,DeBERTa-v3,42
16860,0,0.00015687178529333323,0,0.13417820632457733,model::deberta_v3_base,DeBERTa-v3,42
6128,1,0.00010091723379446194,0,0.13417820632457733,model::deberta_v3_base,DeBERTa-v3,42
12790,0,7.87106400821358e-05,0,0.13417820632457733,model::deberta_v3_base,DeBERTa-v3,42
4849,0,0.00012822086864616722,0,0.13417820632457733,model::deberta_v3_base,DeBERTa-v3,42
18421,0,0.0002105420862790197,0,0.13417820632457733,model::deberta_v3_base,DeBERTa-v3,42
1477,0,0.0001674142258707434,0,0.13417820632457733,model::deberta_v3_base,DeBERTa-v3,42
1422,0,0.00026234262622892857,0,0.13417820632457733,model::deberta_v3_base,DeBERTa-v3,42
11260,0,0.0003269764711149037,0,0.13417820632457733,model::deberta_v3_base,DeBERTa-v3,42
17332,0,8.518403774360195e-05,0,0.13417820632457733,model::deberta_v3_base,DeBERTa-v3,42
3713,0,8.356605394510552e-05,0,0.13417820632457733,model::deberta_v3_base,DeBERTa-v3,42
4360,0,0.00015065529441926628,0,0.13417820632457733,model::deberta_v3_base,DeBERTa-v3,42
14527,0,0.00010520942305447534,0,0.13417820632457733,model::deberta_v3_base,DeBERTa-v3,42
8526,1,9.419420530321077e-05,0,0.13417820632457733,model::deberta_v3_base,DeBERTa-v3,42
3101,0,0.00026069203158840537,0,0.13417820632457733,model::deberta_v3_base,DeBERTa-v3,42
8673,1,9.845787280937657e-05,0,0.13417820632457733,model::deberta_v3_base,DeBERTa-v3,42
20321,0,6.58217613818124e-05,0,0.13417820632457733,model::deberta_v3_base,DeBERTa-v3,42
2411,0,8.143138256855309e-05,0,0.13417820632457733,model::deberta_v3_base,DeBERTa-v3,42
15912,1,0.00016673367645125836,0,0.13417820632457733,model::deberta_v3_base,DeBERTa-v3,42
16662,1,8.735177107155323e-05,0,0.13417820632457733,model::deberta_v3_base,DeBERTa-v3,42
12940,0,0.0003844465536531061,0,0.13417820632457733,model::deberta_v3_base,DeBERTa-v3,42
8926,1,0.00011533937504282221,0,0.13417820632457733,model::deberta_v3_base,DeBERTa-v3,42
20423,0,0.0001231303613167256,0,0.13417820632457733,model::deberta_v3_base,DeBERTa-v3,42
6242,1,0.00018399498367216438,0,0.13417820632457733,model::deberta_v3_base,DeBERTa-v3,42
5924,0,9.753322956385091e-05,0,0.13417820632457733,model::deberta_v3_base,DeBERTa-v3,42
14214,0,8.294662984553725e-05,0,0.13417820632457733,model::deberta_v3_base,DeBERTa-v3,42
15557,1,0.00013800001761410385,0,0.13417820632457733,model::deberta_v3_base,DeBERTa-v3,42
2667,0,0.00016093604790512472,0,0.13417820632457733,model::deberta_v3_base,DeBERTa-v3,42
14287,0,0.0001336541899945587,0,0.13417820632457733,model::deberta_v3_base,DeBERTa-v3,42
7373,0,7.109733269317076e-05,0,0.13417820632457733,model::deberta_v3_base,DeBERTa-v3,42
8547,1,0.00013954636233393103,0,0.13417820632457733,model::deberta_v3_base,DeBERTa-v3,42
3638,1,0.00010648846364347264,0,0.13417820632457733,model::deberta_v3_base,DeBERTa-v3,42
6776,0,0.00014375688624568284,0,0.13417820632457733,model::deberta_v3_base,DeBERTa-v3,42
17287,1,8.396688645007089e-05,0,0.13417820632457733,model::deberta_v3_base,DeBERTa-v3,42
2915,0,0.00019252742640674114,0,0.13417820632457733,model::deberta_v3_base,DeBERTa-v3,42
18262,1,0.00011997917317785323,0,0.13417820632457733,model::deberta_v3_base,DeBERTa-v3,42
16617,1,0.0001166259462479502,0,0.13417820632457733,model::deberta_v3_base,DeBERTa-v3,42
11524,1,0.00024874586961232126,0,0.13417820632457733,model::deberta_v3_base,DeBERTa-v3,42
11482,1,0.00015243700181599706,0,0.13417820632457733,model::deberta_v3_base,DeBERTa-v3,42
7515,1,0.00017273981939069927,0,0.13417820632457733,model::deberta_v3_base,DeBERTa-v3,42
16592,1,0.00010463652870384976,0,0.13417820632457733,model::deberta_v3_base,DeBERTa-v3,42
1011,1,0.00015394504589494318,0,0.13417820632457733,model::deberta_v3_base,DeBERTa-v3,42
18744,0,0.00016723394219297916,0,0.13417820632457733,model::deberta_v3_base,DeBERTa-v3,42
9419,0,9.056735143531114e-05,0,0.13417820632457733,model::deberta_v3_base,DeBERTa-v3,42
19969,0,0.0006699194200336933,0,0.13417820632457733,model::deberta_v3_base,DeBERTa-v3,42
11031,1,0.00022474955767393112,0,0.13417820632457733,model::deberta_v3_base,DeBERTa-v3,42
1336,1,0.000418368901591748,0,0.13417820632457733,model::deberta_v3_base,DeBERTa-v3,42
2976,1,0.00017171834770124406,0,0.13417820632457733,model::deberta_v3_base,DeBERTa-v3,42
9188,1,0.00015813330537639558,0,0.13417820632457733,model::deberta_v3_base,DeBERTa-v3,42
4049,1,0.00015555074787698686,0,0.13417820632457733,model::deberta_v3_base,DeBERTa-v3,42
19567,0,9.283114195568487e-05,0,0.13417820632457733,model::deberta_v3_base,DeBERTa-v3,42
14807,1,8.443911065114662e-05,0,0.13417820632457733,model::deberta_v3_base,DeBERTa-v3,42
1257,1,0.00013026886153966188,0,0.13417820632457733,model::deberta_v3_base,DeBERTa-v3,42
20326,0,0.0001254702510777861,0,0.13417820632457733,model::deberta_v3_base,DeBERTa-v3,42
11605,0,0.00021971276146359742,0,0.13417820632457733,model::deberta_v3_base,DeBERTa-v3,42
3365,0,0.00010760412988020107,0,0.13417820632457733,model::deberta_v3_base,DeBERTa-v3,42
11378,0,0.00017400976503267884,0,0.13417820632457733,model::deberta_v3_base,DeBERTa-v3,42
11665,1,0.00010867117816815153,0,0.13417820632457733,model::deberta_v3_base,DeBERTa-v3,42
5858,0,0.00018774157797452062,0,0.13417820632457733,model::deberta_v3_base,DeBERTa-v3,42
10405,1,7.405011274386197e-05,0,0.13417820632457733,model::deberta_v3_base,DeBERTa-v3,42
8205,1,9.426653559785336e-05,0,0.13417820632457733,model::deberta_v3_base,DeBERTa-v3,42
14304,1,0.00013390560343395919,0,0.13417820632457733,model::deberta_v3_base,DeBERTa-v3,42
1405,1,9.066171332960948e-05,0,0.13417820632457733,model::deberta_v3_base,DeBERTa-v3,42
4561,0,0.00015224728849716485,0,0.13417820632457733,model::deberta_v3_base,DeBERTa-v3,42
15932,0,0.00012789337779395282,0,0.13417820632457733,model::deberta_v3_base,DeBERTa-v3,42
18624,1,0.0001444196532247588,0,0.13417820632457733,model::deberta_v3_base,DeBERTa-v3,42
265,1,0.00012209064152557403,0,0.13417820632457733,model::deberta_v3_base,DeBERTa-v3,42
19066,0,0.00013009012036491185,0,0.13417820632457733,model::deberta_v3_base,DeBERTa-v3,42
11126,0,0.00022704465663991868,0,0.13417820632457733,model::deberta_v3_base,DeBERTa-v3,42
11701,1,0.00012514644186012447,0,0.13417820632457733,model::deberta_v3_base,DeBERTa-v3,42
5097,1,7.984582043718547e-05,0,0.13417820632457733,model::deberta_v3_base,DeBERTa-v3,42
19427,1,0.0001221592101501301,0,0.13417820632457733,model::deberta_v3_base,DeBERTa-v3,42
7818,1,0.0001232095091836527,0,0.13417820632457733,model::deberta_v3_base,DeBERTa-v3,42
1595,1,0.00014480976096820086,0,0.13417820632457733,model::deberta_v3_base,DeBERTa-v3,42
15046,0,0.00011719539179466665,0,0.13417820632457733,model::deberta_v3_base,DeBERTa-v3,42
18178,1,0.00010343515896238387,0,0.13417820632457733,model::deberta_v3_base,DeBERTa-v3,42
8753,0,0.0001249337219633162,0,0.13417820632457733,model::deberta_v3_base,DeBERTa-v3,42
12835,1,0.00018411465862300247,0,0.13417820632457733,model::deberta_v3_base,DeBERTa-v3,42
15736,0,0.00012834565131925046,0,0.13417820632457733,model::deberta_v3_base,DeBERTa-v3,42
18109,1,0.00010330927761970088,0,0.13417820632457733,model::deberta_v3_base,DeBERTa-v3,42
13159,0,8.05923409643583e-05,0,0.13417820632457733,model::deberta_v3_base,DeBERTa-v3,42
7253,0,0.00011216659186175093,0,0.13417820632457733,model::deberta_v3_base,DeBERTa-v3,42
7729,0,0.00034002441680058837,0,0.13417820632457733,model::deberta_v3_base,DeBERTa-v3,42
19005,0,6.0491234762594104e-05,0,0.13417820632457733,model::deberta_v3_base,DeBERTa-v3,42
2460,0,0.0001353214174741879,0,0.13417820632457733,model::deberta_v3_base,DeBERTa-v3,42
18090,0,0.0001032698928611353,0,0.13417820632457733,model::deberta_v3_base,DeBERTa-v3,42
2077,0,0.00010881137859541923,0,0.13417820632457733,model::deberta_v3_base,DeBERTa-v3,42
4663,1,0.00011001201346516609,0,0.13417820632457733,model::deberta_v3_base,DeBERTa-v3,42
16139,0,7.89294354035519e-05,0,0.13417820632457733,model::deberta_v3_base,DeBERTa-v3,42
10338,0,0.00011641272431006655,0,0.13417820632457733,model::deberta_v3_base,DeBERTa-v3,42
14067,1,0.0003235320618841797,0,0.13417820632457733,model::deberta_v3_base,DeBERTa-v3,42
1836,0,0.00013611263420898467,0,0.13417820632457733,model::deberta_v3_base,DeBERTa-v3,42
2134,0,8.525328303221613e-05,0,0.13417820632457733,model::deberta_v3_base,DeBERTa-v3,42
17561,0,0.0001424209913238883,0,0.13417820632457733,model::deberta_v3_base,DeBERTa-v3,42
10345,0,0.00022500191698782146,0,0.13417820632457733,model::deberta_v3_base,DeBERTa-v3,42
3795,0,7.96067834016867e-05,0,0.13417820632457733,model::deberta_v3_base,DeBERTa-v3,42
12517,1,9.989448881242424e-05,0,0.13417820632457733,model::deberta_v3_base,DeBERTa-v3,42
16677,0,7.576713687740266e-05,0,0.13417820632457733,model::deberta_v3_base,DeBERTa-v3,42
15460,0,9.713495092000812e-05,0,0.13417820632457733,model::deberta_v3_base,DeBERTa-v3,42
13065,1,0.00012330120080150664,0,0.13417820632457733,model::deberta_v3_base,DeBERTa-v3,42
1321,1,0.00022712173813488334,0,0.13417820632457733,model::deberta_v3_base,DeBERTa-v3,42
20250,1,0.00011573710071388632,0,0.13417820632457733,model::deberta_v3_base,DeBERTa-v3,42
11640,1,0.0003749348397832364,0,0.13417820632457733,model::deberta_v3_base,DeBERTa-v3,42
6580,1,0.0002284600486746058,0,0.13417820632457733,model::deberta_v3_base,DeBERTa-v3,42
6313,0,0.00010308963101124391,0,0.13417820632457733,model::deberta_v3_base,DeBERTa-v3,42
11111,1,0.00021727370040025562,0,0.13417820632457733,model::deberta_v3_base,DeBERTa-v3,42
2475,0,7.6242235081736e-05,0,0.13417820632457733,model::deberta_v3_base,DeBERTa-v3,42
10652,0,0.0001561633253004402,0,0.13417820632457733,model::deberta_v3_base,DeBERTa-v3,42
13222,1,0.00011908284068340436,0,0.13417820632457733,model::deberta_v3_base,DeBERTa-v3,42
5277,1,0.00011306972737656906,0,0.13417820632457733,model::deberta_v3_base,DeBERTa-v3,42
21013,1,0.00011633925896603614,0,0.13417820632457733,model::deberta_v3_base,DeBERTa-v3,42
9,0,0.00025889623793773353,0,0.13417820632457733,model::deberta_v3_base,DeBERTa-v3,42
20707,0,8.220793097279966e-05,0,0.13417820632457733,model::deberta_v3_base,DeBERTa-v3,42
10325,1,0.00011731671111192554,0,0.13417820632457733,model::deberta_v3_base,DeBERTa-v3,42
10768,0,0.00022485372028313577,0,0.13417820632457733,model::deberta_v3_base,DeBERTa-v3,42
2987,0,0.0010494855232536793,0,0.13417820632457733,model::deberta_v3_base,DeBERTa-v3,42
11122,1,0.00013892898277845234,0,0.13417820632457733,model::deberta_v3_base,DeBERTa-v3,42
15045,0,7.960382936289534e-05,0,0.13417820632457733,model::deberta_v3_base,DeBERTa-v3,42
14538,0,0.00011537061800481752,0,0.13417820632457733,model::deberta_v3_base,DeBERTa-v3,42
413,0,6.874091195641086e-05,0,0.13417820632457733,model::deberta_v3_base,DeBERTa-v3,42
1205,0,6.152697460493073e-05,0,0.13417820632457733,model::deberta_v3_base,DeBERTa-v3,42
16379,0,0.00011553157673915848,0,0.13417820632457733,model::deberta_v3_base,DeBERTa-v3,42
12654,0,8.001853711903095e-05,0,0.13417820632457733,model::deberta_v3_base,DeBERTa-v3,42
2629,0,9.456401312490925e-05,0,0.13417820632457733,model::deberta_v3_base,DeBERTa-v3,42
4403,1,0.00012501797755248845,0,0.13417820632457733,model::deberta_v3_base,DeBERTa-v3,42
19138,1,0.00021638510224875063,0,0.13417820632457733,model::deberta_v3_base,DeBERTa-v3,42
628,0,5.865174898644909e-05,0,0.13417820632457733,model::deberta_v3_base,DeBERTa-v3,42
20890,1,0.00010633453348418698,0,0.13417820632457733,model::deberta_v3_base,DeBERTa-v3,42
20004,1,9.621502977097407e-05,0,0.13417820632457733,model::deberta_v3_base,DeBERTa-v3,42
9947,0,0.0001300052972510457,0,0.13417820632457733,model::deberta_v3_base,DeBERTa-v3,42
16144,0,7.75757507653907e-05,0,0.13417820632457733,model::deberta_v3_base,DeBERTa-v3,42
17524,1,0.00011850422743009403,0,0.13417820632457733,model::deberta_v3_base,DeBERTa-v3,42
10217,0,0.0001427608949597925,0,0.13417820632457733,model::deberta_v3_base,DeBERTa-v3,42
10363,0,0.000915443291887641,0,0.13417820632457733,model::deberta_v3_base,DeBERTa-v3,42
16001,1,0.00011581371654756367,0,0.13417820632457733,model::deberta_v3_base,DeBERTa-v3,42
3976,0,0.00011375277244951576,0,0.13417820632457733,model::deberta_v3_base,DeBERTa-v3,42
1978,0,8.025145507417619e-05,0,0.13417820632457733,model::deberta_v3_base,DeBERTa-v3,42
3445,0,9.031844092532992e-05,0,0.13417820632457733,model::deberta_v3_base,DeBERTa-v3,42
20953,0,8.444595005130395e-05,0,0.13417820632457733,model::deberta_v3_base,DeBERTa-v3,42
17904,0,0.00011747318785637617,0,0.13417820632457733,model::deberta_v3_base,DeBERTa-v3,42
6409,0,9.609133121557534e-05,0,0.13417820632457733,model::deberta_v3_base,DeBERTa-v3,42
6020,0,0.00026325639919377863,0,0.13417820632457733,model::deberta_v3_base,DeBERTa-v3,42
19041,1,0.00011562369763851166,0,0.13417820632457733,model::deberta_v3_base,DeBERTa-v3,42
2889,1,0.0001062126102624461,0,0.13417820632457733,model::deberta_v3_base,DeBERTa-v3,42
6607,0,6.764332647435367e-05,0,0.13417820632457733,model::deberta_v3_base,DeBERTa-v3,42
19231,1,0.0009586936212144792,0,0.13417820632457733,model::deberta_v3_base,DeBERTa-v3,42
14736,0,0.0001265461032744497,0,0.13417820632457733,model::deberta_v3_base,DeBERTa-v3,42
18719,1,0.0001309029321419075,0,0.13417820632457733,model::deberta_v3_base,DeBERTa-v3,42
19248,1,8.558839908801019e-05,0,0.13417820632457733,model::deberta_v3_base,DeBERTa-v3,42
10087,1,0.0001693427620921284,0,0.13417820632457733,model::deberta_v3_base,DeBERTa-v3,42
7423,1,0.0001331640378339216,0,0.13417820632457733,model::deberta_v3_base,DeBERTa-v3,42
5009,1,0.0001042308213072829,0,0.13417820632457733,model::deberta_v3_base,DeBERTa-v3,42
18142,0,6.933242548257113e-05,0,0.13417820632457733,model::deberta_v3_base,DeBERTa-v3,42
12644,0,0.0003174827725160867,0,0.13417820632457733,model::deberta_v3_base,DeBERTa-v3,42
18889,1,0.00019939651247113943,0,0.13417820632457733,model::deberta_v3_base,DeBERTa-v3,42
9810,1,0.00016090981080196798,0,0.13417820632457733,model::deberta_v3_base,DeBERTa-v3,42
17310,0,0.00022467155940830708,0,0.13417820632457733,model::deberta_v3_base,DeBERTa-v3,42
5329,1,0.00010081008804263547,0,0.13417820632457733,model::deberta_v3_base,DeBERTa-v3,42
15990,0,5.915098518016748e-05,0,0.13417820632457733,model::deberta_v3_base,DeBERTa-v3,42
18161,0,0.0001546630373923108,0,0.13417820632457733,model::deberta_v3_base,DeBERTa-v3,42
20800,0,0.00013159801892470568,0,0.13417820632457733,model::deberta_v3_base,DeBERTa-v3,42
4388,0,0.0001401071494910866,0,0.13417820632457733,model::deberta_v3_base,DeBERTa-v3,42
12997,0,0.0001640524569666013,0,0.13417820632457733,model::deberta_v3_base,DeBERTa-v3,42
15529,1,0.0002664694911800325,0,0.13417820632457733,model::deberta_v3_base,DeBERTa-v3,42
4515,0,0.0009136807639151812,0,0.13417820632457733,model::deberta_v3_base,DeBERTa-v3,42
8682,1,0.00021277778432704508,0,0.13417820632457733,model::deberta_v3_base,DeBERTa-v3,42
1964,1,0.00011723226634785533,0,0.13417820632457733,model::deberta_v3_base,DeBERTa-v3,42
4004,1,0.00011724199430318549,0,0.13417820632457733,model::deberta_v3_base,DeBERTa-v3,42
16870,0,0.00015428863116540015,0,0.13417820632457733,model::deberta_v3_base,DeBERTa-v3,42
9469,1,0.00011998236732324585,0,0.13417820632457733,model::deberta_v3_base,DeBERTa-v3,42
16215,1,0.00013787321222480386,0,0.13417820632457733,model::deberta_v3_base,DeBERTa-v3,42
2736,0,0.0001396035950165242,0,0.13417820632457733,model::deberta_v3_base,DeBERTa-v3,42
5536,0,0.00021788528829347342,0,0.13417820632457733,model::deberta_v3_base,DeBERTa-v3,42
12685,0,6.138146272860467e-05,0,0.13417820632457733,model::deberta_v3_base,DeBERTa-v3,42
2266,0,8.870694000506774e-05,0,0.13417820632457733,model::deberta_v3_base,DeBERTa-v3,42
13911,1,0.00019442809571046382,0,0.13417820632457733,model::deberta_v3_base,DeBERTa-v3,42
6424,1,0.00016870873514562845,0,0.13417820632457733,model::deberta_v3_base,DeBERTa-v3,42
9668,0,0.0001940310321515426,0,0.13417820632457733,model::deberta_v3_base,DeBERTa-v3,42
5980,1,0.0001299760479014367,0,0.13417820632457733,model::deberta_v3_base,DeBERTa-v3,42
13606,0,0.00011368456034688279,0,0.13417820632457733,model::deberta_v3_base,DeBERTa-v3,42
9254,0,0.0002406355197308585,0,0.13417820632457733,model::deberta_v3_base,DeBERTa-v3,42
14812,1,0.0001169369716080837,0,0.13417820632457733,model::deberta_v3_base,DeBERTa-v3,42
2368,0,0.00020622673036996275,0,0.13417820632457733,model::deberta_v3_base,DeBERTa-v3,42
1894,1,0.00012565942597575486,0,0.13417820632457733,model::deberta_v3_base,DeBERTa-v3,42
14639,1,0.00011147191980853677,0,0.13417820632457733,model::deberta_v3_base,DeBERTa-v3,42
2984,0,0.0004323496832512319,0,0.13417820632457733,model::deberta_v3_base,DeBERTa-v3,42
11783,0,0.00021819504036102444,0,0.13417820632457733,model::deberta_v3_base,DeBERTa-v3,42
12490,1,7.779101724736392e-05,0,0.13417820632457733,model::deberta_v3_base,DeBERTa-v3,42
14023,1,8.388893184019253e-05,0,0.13417820632457733,model::deberta_v3_base,DeBERTa-v3,42
2269,1,8.80305960890837e-05,0,0.13417820632457733,model::deberta_v3_base,DeBERTa-v3,42
8015,0,7.660187839064747e-05,0,0.13417820632457733,model::deberta_v3_base,DeBERTa-v3,42
18677,0,0.00010277622641297057,0,0.13417820632457733,model::deberta_v3_base,DeBERTa-v3,42
5578,1,0.00011837141209980473,0,0.13417820632457733,model::deberta_v3_base,DeBERTa-v3,42
4643,1,0.00018210960843134671,0,0.13417820632457733,model::deberta_v3_base,DeBERTa-v3,42
19156,1,0.00012961811444256455,0,0.13417820632457733,model::deberta_v3_base,DeBERTa-v3,42
3206,0,0.000807455915492028,0,0.13417820632457733,model::deberta_v3_base,DeBERTa-v3,42
15428,1,0.0001255492534255609,0,0.13417820632457733,model::deberta_v3_base,DeBERTa-v3,42
16131,0,7.653463399037719e-05,0,0.13417820632457733,model::deberta_v3_base,DeBERTa-v3,42
1989,0,8.256200817413628e-05,0,0.13417820632457733,model::deberta_v3_base,DeBERTa-v3,42
7293,1,7.727445336058736e-05,0,0.13417820632457733,model::deberta_v3_base,DeBERTa-v3,42
18244,1,0.00016365839110221714,0,0.13417820632457733,model::deberta_v3_base,DeBERTa-v3,42
14079,1,0.00010512709559407085,0,0.13417820632457733,model::deberta_v3_base,DeBERTa-v3,42
7188,0,0.000917638186365366,0,0.13417820632457733,model::deberta_v3_base,DeBERTa-v3,42
20049,1,0.00011129337508464232,0,0.13417820632457733,model::deberta_v3_base,DeBERTa-v3,42
16956,1,0.00011981716670561582,0,0.13417820632457733,model::deberta_v3_base,DeBERTa-v3,42
9372,1,0.0001232321810675785,0,0.13417820632457733,model::deberta_v3_base,DeBERTa-v3,42
14968,1,0.00011548310430953279,0,0.13417820632457733,model::deberta_v3_base,DeBERTa-v3,42
11974,0,0.00010728274355642498,0,0.13417820632457733,model::deberta_v3_base,DeBERTa-v3,42
11821,1,0.00012327521108090878,0,0.13417820632457733,model::deberta_v3_base,DeBERTa-v3,42
6134,1,8.985585009213537e-05,0,0.13417820632457733,model::deberta_v3_base,DeBERTa-v3,42
375,1,9.627448162063956e-05,0,0.13417820632457733,model::deberta_v3_base,DeBERTa-v3,42
18947,1,0.00011620166333159432,0,0.13417820632457733,model::deberta_v3_base,DeBERTa-v3,42
19941,1,0.00010931588622042909,0,0.13417820632457733,model::deberta_v3_base,DeBERTa-v3,42
7048,0,0.0001583095290698111,0,0.13417820632457733,model::deberta_v3_base,DeBERTa-v3,42
4931,0,0.00015435367822647095,0,0.13417820632457733,model::deberta_v3_base,DeBERTa-v3,42
19979,0,7.483730587409809e-05,0,0.13417820632457733,model::deberta_v3_base,DeBERTa-v3,42
16265,0,0.00010128859867108986,0,0.13417820632457733,model::deberta_v3_base,DeBERTa-v3,42
4125,0,0.0001279569260077551,0,0.13417820632457733,model::deberta_v3_base,DeBERTa-v3,42
3608,1,0.00019843189511448145,0,0.13417820632457733,model::deberta_v3_base,DeBERTa-v3,42
3270,0,0.0002139866992365569,0,0.13417820632457733,model::deberta_v3_base,DeBERTa-v3,42
9878,0,0.00022430984245147556,0,0.13417820632457733,model::deberta_v3_base,DeBERTa-v3,42
13799,0,6.274513725657016e-05,0,0.13417820632457733,model::deberta_v3_base,DeBERTa-v3,42
2917,1,0.00013608380686491728,0,0.13417820632457733,model::deberta_v3_base,DeBERTa-v3,42
4199,0,0.0001031346691888757,0,0.13417820632457733,model::deberta_v3_base,DeBERTa-v3,42
8159,1,0.00017192840459756553,0,0.13417820632457733,model::deberta_v3_base,DeBERTa-v3,42
10995,1,0.00017707979714032263,0,0.13417820632457733,model::deberta_v3_base,DeBERTa-v3,42
20100,1,0.00011538634862517938,0,0.13417820632457733,model::deberta_v3_base,DeBERTa-v3,42
3459,1,0.00010673743236111477,0,0.13417820632457733,model::deberta_v3_base,DeBERTa-v3,42
10628,1,0.00016216404037550092,0,0.13417820632457733,model::deberta_v3_base,DeBERTa-v3,42
7777,0,7.668410398764536e-05,0,0.13417820632457733,model::deberta_v3_base,DeBERTa-v3,42
16485,0,0.00011177622218383476,0,0.13417820632457733,model::deberta_v3_base,DeBERTa-v3,42
2338,1,0.00010967391426675022,0,0.13417820632457733,model::deberta_v3_base,DeBERTa-v3,42
239,0,8.794174937065691e-05,0,0.13417820632457733,model::deberta_v3_base,DeBERTa-v3,42
9970,1,0.00013661141565535218,0,0.13417820632457733,model::deberta_v3_base,DeBERTa-v3,42
13792,1,0.00025650826864875853,0,0.13417820632457733,model::deberta_v3_base,DeBERTa-v3,42
20033,0,9.556907752994448e-05,0,0.13417820632457733,model::deberta_v3_base,DeBERTa-v3,42
19476,0,0.00015519576845690608,0,0.13417820632457733,model::deberta_v3_base,DeBERTa-v3,42
8937,1,0.00011942091077798977,0,0.13417820632457733,model::deberta_v3_base,DeBERTa-v3,42
7496,1,0.00012558970774989575,0,0.13417820632457733,model::deberta_v3_base,DeBERTa-v3,42
16479,0,8.972800424089655e-05,0,0.13417820632457733,model::deberta_v3_base,DeBERTa-v3,42
3878,1,0.00010617889347486198,0,0.13417820632457733,model::deberta_v3_base,DeBERTa-v3,42
8152,0,0.0007262144354172051,0,0.13417820632457733,model::deberta_v3_base,DeBERTa-v3,42
4784,1,0.00017920420214068145,0,0.13417820632457733,model::deberta_v3_base,DeBERTa-v3,42
11310,1,0.00010592404578346759,0,0.13417820632457733,model::deberta_v3_base,DeBERTa-v3,42
3739,0,0.00010056687460746616,0,0.13417820632457733,model::deberta_v3_base,DeBERTa-v3,42
3404,0,0.0003746750298887491,0,0.13417820632457733,model::deberta_v3_base,DeBERTa-v3,42
7311,1,0.00014560423733200878,0,0.13417820632457733,model::deberta_v3_base,DeBERTa-v3,42
7672,1,9.480228618485853e-05,0,0.13417820632457733,model::deberta_v3_base,DeBERTa-v3,42
13190,0,0.00016280997078865767,0,0.13417820632457733,model::deberta_v3_base,DeBERTa-v3,42
5887,0,6.959951133467257e-05,0,0.13417820632457733,model::deberta_v3_base,DeBERTa-v3,42
4656,0,9.187860268866643e-05,0,0.13417820632457733,model::deberta_v3_base,DeBERTa-v3,42
1535,1,7.151265162974596e-05,0,0.13417820632457733,model::deberta_v3_base,DeBERTa-v3,42
6036,0,7.969185389811173e-05,0,0.13417820632457733,model::deberta_v3_base,DeBERTa-v3,42
8774,1,0.00011488472227938473,0,0.13417820632457733,model::deberta_v3_base,DeBERTa-v3,42
7379,0,6.0187303461134434e-05,0,0.13417820632457733,model::deberta_v3_base,DeBERTa-v3,42
17063,1,0.0001251974026672542,0,0.13417820632457733,model::deberta_v3_base,DeBERTa-v3,42
9635,0,0.00016046012751758099,0,0.13417820632457733,model::deberta_v3_base,DeBERTa-v3,42
5991,1,0.00017721392214298248,0,0.13417820632457733,model::deberta_v3_base,DeBERTa-v3,42
10222,1,0.00019581150263547897,0,0.13417820632457733,model::deberta_v3_base,DeBERTa-v3,42
242,0,9.401096758665517e-05,0,0.13417820632457733,model::deberta_v3_base,DeBERTa-v3,42
1440,0,0.0001905097597045824,0,0.13417820632457733,model::deberta_v3_base,DeBERTa-v3,42
17866,1,0.00011494763020891696,0,0.13417820632457733,model::deberta_v3_base,DeBERTa-v3,42
6262,1,0.00011489721509860829,0,0.13417820632457733,model::deberta_v3_base,DeBERTa-v3,42
525,0,0.00011148552584927529,0,0.13417820632457733,model::deberta_v3_base,DeBERTa-v3,42
6760,1,0.0001548560830997303,0,0.13417820632457733,model::deberta_v3_base,DeBERTa-v3,42
10757,0,0.00046928931260481477,0,0.13417820632457733,model::deberta_v3_base,DeBERTa-v3,42
3745,1,0.0001095994739443995,0,0.13417820632457733,model::deberta_v3_base,DeBERTa-v3,42
13302,1,0.00019123154925182462,0,0.13417820632457733,model::deberta_v3_base,DeBERTa-v3,42
2359,1,0.0001217862154589966,0,0.13417820632457733,model::deberta_v3_base,DeBERTa-v3,42
2230,0,0.00010325482435291633,0,0.13417820632457733,model::deberta_v3_base,DeBERTa-v3,42
8897,1,0.00014200549048837274,0,0.13417820632457733,model::deberta_v3_base,DeBERTa-v3,42
11327,0,0.9895121455192566,1,0.13417820632457733,model::deberta_v3_base,DeBERTa-v3,42
14905,0,7.843400089768693e-05,0,0.13417820632457733,model::deberta_v3_base,DeBERTa-v3,42
3485,0,0.0001106638228520751,0,0.13417820632457733,model::deberta_v3_base,DeBERTa-v3,42
1823,0,0.00014549015031661838,0,0.13417820632457733,model::deberta_v3_base,DeBERTa-v3,42
151,0,0.0001317780843237415,0,0.13417820632457733,model::deberta_v3_base,DeBERTa-v3,42
8191,0,0.0001278220588574186,0,0.13417820632457733,model::deberta_v3_base,DeBERTa-v3,42
17469,0,8.175567199941725e-05,0,0.13417820632457733,model::deberta_v3_base,DeBERTa-v3,42
3680,1,0.00010689235205063596,0,0.13417820632457733,model::deberta_v3_base,DeBERTa-v3,42
6676,1,0.0003198262129444629,0,0.13417820632457733,model::deberta_v3_base,DeBERTa-v3,42
8994,0,8.284371142508462e-05,0,0.13417820632457733,model::deberta_v3_base,DeBERTa-v3,42
12011,1,0.0001699762506177649,0,0.13417820632457733,model::deberta_v3_base,DeBERTa-v3,42
12375,1,9.493662946624681e-05,0,0.13417820632457733,model::deberta_v3_base,DeBERTa-v3,42
18281,1,0.00013204713468439877,0,0.13417820632457733,model::deberta_v3_base,DeBERTa-v3,42
2644,1,8.800266368780285e-05,0,0.13417820632457733,model::deberta_v3_base,DeBERTa-v3,42
13136,1,0.0004561315290629864,0,0.13417820632457733,model::deberta_v3_base,DeBERTa-v3,42
1455,1,0.00012000033893855289,0,0.13417820632457733,model::deberta_v3_base,DeBERTa-v3,42
12137,0,0.0007874974980950356,0,0.13417820632457733,model::deberta_v3_base,DeBERTa-v3,42
17338,0,0.00012914164108224213,0,0.13417820632457733,model::deberta_v3_base,DeBERTa-v3,42
16904,1,0.0001006176316877827,0,0.13417820632457733,model::deberta_v3_base,DeBERTa-v3,42
2775,1,0.0001017229151329957,0,0.13417820632457733,model::deberta_v3_base,DeBERTa-v3,42
19643,0,8.005776180652902e-05,0,0.13417820632457733,model::deberta_v3_base,DeBERTa-v3,42
9795,1,0.00013025135558564216,0,0.13417820632457733,model::deberta_v3_base,DeBERTa-v3,42
11340,0,8.666577195981517e-05,0,0.13417820632457733,model::deberta_v3_base,DeBERTa-v3,42
5544,0,0.00012130325194448233,0,0.13417820632457733,model::deberta_v3_base,DeBERTa-v3,42
11826,0,0.0001291430089622736,0,0.13417820632457733,model::deberta_v3_base,DeBERTa-v3,42
10637,1,0.00011645702761597931,0,0.13417820632457733,model::deberta_v3_base,DeBERTa-v3,42
13922,0,9.439310088055208e-05,0,0.13417820632457733,model::deberta_v3_base,DeBERTa-v3,42
20767,0,0.0006132754497230053,0,0.13417820632457733,model::deberta_v3_base,DeBERTa-v3,42
6729,1,8.113960939226672e-05,0,0.13417820632457733,model::deberta_v3_base,DeBERTa-v3,42
18053,1,0.00020631482766475528,0,0.13417820632457733,model::deberta_v3_base,DeBERTa-v3,42
7363,1,0.00012108160444768146,0,0.13417820632457733,model::deberta_v3_base,DeBERTa-v3,42
17615,0,0.00018549563537817448,0,0.13417820632457733,model::deberta_v3_base,DeBERTa-v3,42
7070,0,0.00015420594718307257,0,0.13417820632457733,model::deberta_v3_base,DeBERTa-v3,42
3221,1,0.00010671900963643566,0,0.13417820632457733,model::deberta_v3_base,DeBERTa-v3,42
20612,1,0.00012891943333670497,0,0.13417820632457733,model::deberta_v3_base,DeBERTa-v3,42
13292,0,9.409581980435178e-05,0,0.13417820632457733,model::deberta_v3_base,DeBERTa-v3,42
11406,1,0.0001027182224788703,0,0.13417820632457733,model::deberta_v3_base,DeBERTa-v3,42
8781,1,0.00014046431169845164,0,0.13417820632457733,model::deberta_v3_base,DeBERTa-v3,42
2577,1,0.00027117918943986297,0,0.13417820632457733,model::deberta_v3_base,DeBERTa-v3,42
18682,0,7.700880814809352e-05,0,0.13417820632457733,model::deberta_v3_base,DeBERTa-v3,42
17753,0,9.682543168310076e-05,0,0.13417820632457733,model::deberta_v3_base,DeBERTa-v3,42
15451,0,0.00012108021473977715,0,0.13417820632457733,model::deberta_v3_base,DeBERTa-v3,42
15590,1,0.00015072469250299037,0,0.13417820632457733,model::deberta_v3_base,DeBERTa-v3,42
3707,1,0.00015622407954651862,0,0.13417820632457733,model::deberta_v3_base,DeBERTa-v3,42
11516,0,0.00037409382639452815,0,0.13417820632457733,model::deberta_v3_base,DeBERTa-v3,42
7453,1,0.0002759391791187227,0,0.13417820632457733,model::deberta_v3_base,DeBERTa-v3,42
7190,1,0.0003621414944063872,0,0.13417820632457733,model::deberta_v3_base,DeBERTa-v3,42
5207,1,0.0004994991468265653,0,0.13417820632457733,model::deberta_v3_base,DeBERTa-v3,42
19706,0,7.376058783847839e-05,0,0.13417820632457733,model::deberta_v3_base,DeBERTa-v3,42
8327,0,0.00014943873975425959,0,0.13417820632457733,model::deberta_v3_base,DeBERTa-v3,42
19780,0,7.084503158694133e-05,0,0.13417820632457733,model::deberta_v3_base,DeBERTa-v3,42
10129,0,6.995956937316805e-05,0,0.13417820632457733,model::deberta_v3_base,DeBERTa-v3,42
18764,0,0.00012537994189187884,0,0.13417820632457733,model::deberta_v3_base,DeBERTa-v3,42
15732,1,0.00013046925596427172,0,0.13417820632457733,model::deberta_v3_base,DeBERTa-v3,42
8398,1,0.0001235872186953202,0,0.13417820632457733,model::deberta_v3_base,DeBERTa-v3,42
19062,1,9.461370791541412e-05,0,0.13417820632457733,model::deberta_v3_base,DeBERTa-v3,42
17138,0,0.000507031858433038,0,0.13417820632457733,model::deberta_v3_base,DeBERTa-v3,42
17158,1,0.00016174015763681382,0,0.13417820632457733,model::deberta_v3_base,DeBERTa-v3,42
17888,0,8.620551670901477e-05,0,0.13417820632457733,model::deberta_v3_base,DeBERTa-v3,42
3309,1,7.058560731820762e-05,0,0.13417820632457733,model::deberta_v3_base,DeBERTa-v3,42
19842,0,0.0008677425212226808,0,0.13417820632457733,model::deberta_v3_base,DeBERTa-v3,42
17826,0,8.85253248270601e-05,0,0.13417820632457733,model::deberta_v3_base,DeBERTa-v3,42
6246,0,0.0001261540746781975,0,0.13417820632457733,model::deberta_v3_base,DeBERTa-v3,42
5116,0,0.00014588134945370257,0,0.13417820632457733,model::deberta_v3_base,DeBERTa-v3,42
16300,0,9.75412258412689e-05,0,0.13417820632457733,model::deberta_v3_base,DeBERTa-v3,42
10259,1,0.00012492990936152637,0,0.13417820632457733,model::deberta_v3_base,DeBERTa-v3,42
2526,0,7.708889461355284e-05,0,0.13417820632457733,model::deberta_v3_base,DeBERTa-v3,42
20569,1,0.00013394327834248543,0,0.13417820632457733,model::deberta_v3_base,DeBERTa-v3,42
2697,1,0.0002127355692209676,0,0.13417820632457733,model::deberta_v3_base,DeBERTa-v3,42
18743,0,0.00013194505299907178,0,0.13417820632457733,model::deberta_v3_base,DeBERTa-v3,42
2507,1,0.00020388096163515002,0,0.13417820632457733,model::deberta_v3_base,DeBERTa-v3,42
8194,0,0.00017484300769865513,0,0.13417820632457733,model::deberta_v3_base,DeBERTa-v3,42
4381,1,0.0007146482821553946,0,0.13417820632457733,model::deberta_v3_base,DeBERTa-v3,42
7795,1,0.0001980081869987771,0,0.13417820632457733,model::deberta_v3_base,DeBERTa-v3,42
10061,0,0.00013586599379777908,0,0.13417820632457733,model::deberta_v3_base,DeBERTa-v3,42
4693,0,6.690032023470849e-05,0,0.13417820632457733,model::deberta_v3_base,DeBERTa-v3,42
3826,0,0.001512260059826076,0,0.13417820632457733,model::deberta_v3_base,DeBERTa-v3,42
10152,0,0.0002835106279235333,0,0.13417820632457733,model::deberta_v3_base,DeBERTa-v3,42
16583,1,9.267935820389539e-05,0,0.13417820632457733,model::deberta_v3_base,DeBERTa-v3,42
18831,1,7.441345951519907e-05,0,0.13417820632457733,model::deberta_v3_base,DeBERTa-v3,42
10597,0,7.52026608097367e-05,0,0.13417820632457733,model::deberta_v3_base,DeBERTa-v3,42
20401,1,0.00014498621749226004,0,0.13417820632457733,model::deberta_v3_base,DeBERTa-v3,42
13777,1,0.0001451971911592409,0,0.13417820632457733,model::deberta_v3_base,DeBERTa-v3,42
13654,1,0.00016653063357807696,0,0.13417820632457733,model::deberta_v3_base,DeBERTa-v3,42
8000,1,8.52386438054964e-05,0,0.13417820632457733,model::deberta_v3_base,DeBERTa-v3,42
18174,1,0.00016787702043075114,0,0.13417820632457733,model::deberta_v3_base,DeBERTa-v3,42
19937,1,0.00010340991138946265,0,0.13417820632457733,model::deberta_v3_base,DeBERTa-v3,42
10938,0,0.00010473276779521257,0,0.13417820632457733,model::deberta_v3_base,DeBERTa-v3,42
2177,1,0.00010828927770489827,0,0.13417820632457733,model::deberta_v3_base,DeBERTa-v3,42
3002,0,6.865462637506425e-05,0,0.13417820632457733,model::deberta_v3_base,DeBERTa-v3,42
15913,0,8.074643119471148e-05,0,0.13417820632457733,model::deberta_v3_base,DeBERTa-v3,42
12837,1,0.000155983681906946,0,0.13417820632457733,model::deberta_v3_base,DeBERTa-v3,42
18327,1,9.607373795006424e-05,0,0.13417820632457733,model::deberta_v3_base,DeBERTa-v3,42
9442,0,0.00011657467985060066,0,0.13417820632457733,model::deberta_v3_base,DeBERTa-v3,42
124,0,7.034068403299898e-05,0,0.13417820632457733,model::deberta_v3_base,DeBERTa-v3,42
20857,0,0.0001913041342049837,0,0.13417820632457733,model::deberta_v3_base,DeBERTa-v3,42
10349,1,9.624759695725515e-05,0,0.13417820632457733,model::deberta_v3_base,DeBERTa-v3,42
610,0,0.0002029366442002356,0,0.13417820632457733,model::deberta_v3_base,DeBERTa-v3,42
4769,0,0.00010492608998902142,0,0.13417820632457733,model::deberta_v3_base,DeBERTa-v3,42
13141,1,7.92451246525161e-05,0,0.13417820632457733,model::deberta_v3_base,DeBERTa-v3,42
10987,1,0.00011509151227073744,0,0.13417820632457733,model::deberta_v3_base,DeBERTa-v3,42
19307,0,0.00012536189751699567,0,0.13417820632457733,model::deberta_v3_base,DeBERTa-v3,42
3091,0,7.558067591162398e-05,0,0.13417820632457733,model::deberta_v3_base,DeBERTa-v3,42
5725,0,0.00010860116162803024,0,0.13417820632457733,model::deberta_v3_base,DeBERTa-v3,42
14337,1,0.00015722954412922263,0,0.13417820632457733,model::deberta_v3_base,DeBERTa-v3,42
5596,0,0.00015955993148963898,0,0.13417820632457733,model::deberta_v3_base,DeBERTa-v3,42
3771,1,0.00010622224363032728,0,0.13417820632457733,model::deberta_v3_base,DeBERTa-v3,42
9317,0,0.0001123050824389793,0,0.13417820632457733,model::deberta_v3_base,DeBERTa-v3,42
15823,1,0.00018403655849397182,0,0.13417820632457733,model::deberta_v3_base,DeBERTa-v3,42
3948,0,0.0010951337171718478,0,0.13417820632457733,model::deberta_v3_base,DeBERTa-v3,42
6310,1,0.00011545921006472781,0,0.13417820632457733,model::deberta_v3_base,DeBERTa-v3,42
6088,0,0.0001592399930814281,0,0.13417820632457733,model::deberta_v3_base,DeBERTa-v3,42
6962,0,0.00025355303660035133,0,0.13417820632457733,model::deberta_v3_base,DeBERTa-v3,42
19675,1,0.00020412274170666933,0,0.13417820632457733,model::deberta_v3_base,DeBERTa-v3,42
1569,1,0.00010235917579848319,0,0.13417820632457733,model::deberta_v3_base,DeBERTa-v3,42
12189,0,6.452325760619715e-05,0,0.13417820632457733,model::deberta_v3_base,DeBERTa-v3,42
17551,1,0.00012488679203670472,0,0.13417820632457733,model::deberta_v3_base,DeBERTa-v3,42
9669,1,8.89623406692408e-05,0,0.13417820632457733,model::deberta_v3_base,DeBERTa-v3,42
16953,1,0.00022040600015316159,0,0.13417820632457733,model::deberta_v3_base,DeBERTa-v3,42
11277,1,0.00013882834173273295,0,0.13417820632457733,model::deberta_v3_base,DeBERTa-v3,42
3740,0,0.0007485078531317413,0,0.13417820632457733,model::deberta_v3_base,DeBERTa-v3,42
4848,0,0.00010834163549588993,0,0.13417820632457733,model::deberta_v3_base,DeBERTa-v3,42
9860,0,6.790272891521454e-05,0,0.13417820632457733,model::deberta_v3_base,DeBERTa-v3,42
4686,0,0.00011723841453203931,0,0.13417820632457733,model::deberta_v3_base,DeBERTa-v3,42
10203,1,0.00011366493708919734,0,0.13417820632457733,model::deberta_v3_base,DeBERTa-v3,42
10607,0,0.00017783886869437993,0,0.13417820632457733,model::deberta_v3_base,DeBERTa-v3,42
7476,1,9.570669499225914e-05,0,0.13417820632457733,model::deberta_v3_base,DeBERTa-v3,42
2478,1,0.00015269262075889856,0,0.13417820632457733,model::deberta_v3_base,DeBERTa-v3,42
5047,0,0.00013717716501560062,0,0.13417820632457733,model::deberta_v3_base,DeBERTa-v3,42
13934,0,9.422672155778855e-05,0,0.13417820632457733,model::deberta_v3_base,DeBERTa-v3,42
13460,0,0.0016100277425721288,0,0.13417820632457733,model::deberta_v3_base,DeBERTa-v3,42
8026,1,0.00013316250988282263,0,0.13417820632457733,model::deberta_v3_base,DeBERTa-v3,42
6166,0,0.00017304478387814015,0,0.13417820632457733,model::deberta_v3_base,DeBERTa-v3,42
14031,0,0.00020154939556960016,0,0.13417820632457733,model::deberta_v3_base,DeBERTa-v3,42
2565,1,0.00012784507998730987,0,0.13417820632457733,model::deberta_v3_base,DeBERTa-v3,42
12486,1,0.0001920476061059162,0,0.13417820632457733,model::deberta_v3_base,DeBERTa-v3,42
4621,0,0.00010686126915970817,0,0.13417820632457733,model::deberta_v3_base,DeBERTa-v3,42
870,1,0.00022277800599113107,0,0.13417820632457733,model::deberta_v3_base,DeBERTa-v3,42
1840,1,9.42915357882157e-05,0,0.13417820632457733,model::deberta_v3_base,DeBERTa-v3,42
2839,0,0.00022096569591667503,0,0.13417820632457733,model::deberta_v3_base,DeBERTa-v3,42
7767,0,0.00013386781211011112,0,0.13417820632457733,model::deberta_v3_base,DeBERTa-v3,42
14793,0,9.546177898300812e-05,0,0.13417820632457733,model::deberta_v3_base,DeBERTa-v3,42
5370,1,0.00017476550419814885,0,0.13417820632457733,model::deberta_v3_base,DeBERTa-v3,42
13179,0,0.00010660347470548004,0,0.13417820632457733,model::deberta_v3_base,DeBERTa-v3,42
13151,1,0.00018929045472759753,0,0.13417820632457733,model::deberta_v3_base,DeBERTa-v3,42
18916,0,0.00010040734196081758,0,0.13417820632457733,model::deberta_v3_base,DeBERTa-v3,42
18199,0,9.348523599328473e-05,0,0.13417820632457733,model::deberta_v3_base,DeBERTa-v3,42
10364,0,0.0004163553239777684,0,0.13417820632457733,model::deberta_v3_base,DeBERTa-v3,42
393,0,0.00016737019177526236,0,0.13417820632457733,model::deberta_v3_base,DeBERTa-v3,42
9570,0,0.0001942298113135621,0,0.13417820632457733,model::deberta_v3_base,DeBERTa-v3,42
229,1,9.493002289673313e-05,0,0.13417820632457733,model::deberta_v3_base,DeBERTa-v3,42
12846,1,9.624768426874653e-05,0,0.13417820632457733,model::deberta_v3_base,DeBERTa-v3,42
14257,0,8.889736636774614e-05,0,0.13417820632457733,model::deberta_v3_base,DeBERTa-v3,42
2316,1,0.00011569924390641972,0,0.13417820632457733,model::deberta_v3_base,DeBERTa-v3,42
8820,1,6.849088822491467e-05,0,0.13417820632457733,model::deberta_v3_base,DeBERTa-v3,42
1716,0,8.060748950811103e-05,0,0.13417820632457733,model::deberta_v3_base,DeBERTa-v3,42
15157,0,7.282738806679845e-05,0,0.13417820632457733,model::deberta_v3_base,DeBERTa-v3,42
3297,1,6.960263999644667e-05,0,0.13417820632457733,model::deberta_v3_base,DeBERTa-v3,42
2229,0,0.0001810624380595982,0,0.13417820632457733,model::deberta_v3_base,DeBERTa-v3,42
18563,1,0.00014997247490100563,0,0.13417820632457733,model::deberta_v3_base,DeBERTa-v3,42
6354,1,0.0001581277174409479,0,0.13417820632457733,model::deberta_v3_base,DeBERTa-v3,42
19632,0,0.00010716076212702319,0,0.13417820632457733,model::deberta_v3_base,DeBERTa-v3,42
3157,0,0.00227936077862978,0,0.13417820632457733,model::deberta_v3_base,DeBERTa-v3,42
8808,1,0.00010117469355463982,0,0.13417820632457733,model::deberta_v3_base,DeBERTa-v3,42
15058,0,8.114556840155274e-05,0,0.13417820632457733,model::deberta_v3_base,DeBERTa-v3,42
6171,0,0.00010296604159520939,0,0.13417820632457733,model::deberta_v3_base,DeBERTa-v3,42
9116,0,0.00011743635695893317,0,0.13417820632457733,model::deberta_v3_base,DeBERTa-v3,42
8213,1,0.00011303221253911033,0,0.13417820632457733,model::deberta_v3_base,DeBERTa-v3,42
8860,1,0.00016289616178255528,0,0.13417820632457733,model::deberta_v3_base,DeBERTa-v3,42
1673,1,0.00017012187163345516,0,0.13417820632457733,model::deberta_v3_base,DeBERTa-v3,42
5464,1,9.345627040602267e-05,0,0.13417820632457733,model::deberta_v3_base,DeBERTa-v3,42
9624,0,6.504118937300518e-05,0,0.13417820632457733,model::deberta_v3_base,DeBERTa-v3,42
5868,0,9.586627129465342e-05,0,0.13417820632457733,model::deberta_v3_base,DeBERTa-v3,42
4242,0,0.00016120927466545254,0,0.13417820632457733,model::deberta_v3_base,DeBERTa-v3,42
12906,0,9.22346516745165e-05,0,0.13417820632457733,model::deberta_v3_base,DeBERTa-v3,42
10084,0,7.594790804432705e-05,0,0.13417820632457733,model::deberta_v3_base,DeBERTa-v3,42
3000,0,7.10915046511218e-05,0,0.13417820632457733,model::deberta_v3_base,DeBERTa-v3,42
14235,0,6.831301288912073e-05,0,0.13417820632457733,model::deberta_v3_base,DeBERTa-v3,42
20644,0,6.411690264940262e-05,0,0.13417820632457733,model::deberta_v3_base,DeBERTa-v3,42
4578,1,0.0001181154657388106,0,0.13417820632457733,model::deberta_v3_base,DeBERTa-v3,42
19505,0,9.949046943802387e-05,0,0.13417820632457733,model::deberta_v3_base,DeBERTa-v3,42
3260,1,0.00012689593131653965,0,0.13417820632457733,model::deberta_v3_base,DeBERTa-v3,42
10054,0,0.00019732213695533574,0,0.13417820632457733,model::deberta_v3_base,DeBERTa-v3,42
19294,1,0.00012747541768476367,0,0.13417820632457733,model::deberta_v3_base,DeBERTa-v3,42
2766,1,0.0003814114897977561,0,0.13417820632457733,model::deberta_v3_base,DeBERTa-v3,42
6407,0,7.580356759717688e-05,0,0.13417820632457733,model::deberta_v3_base,DeBERTa-v3,42
13693,1,0.0001786187494872138,0,0.13417820632457733,model::deberta_v3_base,DeBERTa-v3,42
6757,0,0.0001056621695170179,0,0.13417820632457733,model::deberta_v3_base,DeBERTa-v3,42
14999,1,0.00017325048975180835,0,0.13417820632457733,model::deberta_v3_base,DeBERTa-v3,42
20137,0,8.388436981476843e-05,0,0.13417820632457733,model::deberta_v3_base,DeBERTa-v3,42
17303,0,0.00033558407449163496,0,0.13417820632457733,model::deberta_v3_base,DeBERTa-v3,42
15307,1,0.00017568359908182174,0,0.13417820632457733,model::deberta_v3_base,DeBERTa-v3,42
13326,1,0.0001207817840622738,0,0.13417820632457733,model::deberta_v3_base,DeBERTa-v3,42
4557,1,0.00012401527783367783,0,0.13417820632457733,model::deberta_v3_base,DeBERTa-v3,42
6699,1,8.956661622505635e-05,0,0.13417820632457733,model::deberta_v3_base,DeBERTa-v3,42
9280,0,0.0009243001695722342,0,0.13417820632457733,model::deberta_v3_base,DeBERTa-v3,42
209,0,0.00012130765389883891,0,0.13417820632457733,model::deberta_v3_base,DeBERTa-v3,42
11350,1,9.535442950436845e-05,0,0.13417820632457733,model::deberta_v3_base,DeBERTa-v3,42
1969,1,9.203294030157849e-05,0,0.13417820632457733,model::deberta_v3_base,DeBERTa-v3,42
20058,1,6.25276516075246e-05,0,0.13417820632457733,model::deberta_v3_base,DeBERTa-v3,42
20625,1,0.000384643382858485,0,0.13417820632457733,model::deberta_v3_base,DeBERTa-v3,42
8212,0,0.0007499144994653761,0,0.13417820632457733,model::deberta_v3_base,DeBERTa-v3,42
5525,0,0.000134958783746697,0,0.13417820632457733,model::deberta_v3_base,DeBERTa-v3,42
11018,1,0.00010681502317311242,0,0.13417820632457733,model::deberta_v3_base,DeBERTa-v3,42
11943,1,0.00014650559751316905,0,0.13417820632457733,model::deberta_v3_base,DeBERTa-v3,42
6611,1,0.00019665085710585117,0,0.13417820632457733,model::deberta_v3_base,DeBERTa-v3,42
5821,0,9.1593770775944e-05,0,0.13417820632457733,model::deberta_v3_base,DeBERTa-v3,42
8492,0,0.00021499737340491265,0,0.13417820632457733,model::deberta_v3_base,DeBERTa-v3,42
9461,1,0.00012422216241247952,0,0.13417820632457733,model::deberta_v3_base,DeBERTa-v3,42
338,1,0.00015275391342584044,0,0.13417820632457733,model::deberta_v3_base,DeBERTa-v3,42
6973,0,0.0002072568895528093,0,0.13417820632457733,model::deberta_v3_base,DeBERTa-v3,42
20872,1,0.00014291671686805785,0,0.13417820632457733,model::deberta_v3_base,DeBERTa-v3,42
12986,1,0.00010461237980052829,0,0.13417820632457733,model::deberta_v3_base,DeBERTa-v3,42
13669,0,0.0001528926513856277,0,0.13417820632457733,model::deberta_v3_base,DeBERTa-v3,42
10890,0,0.00019885049550794065,0,0.13417820632457733,model::deberta_v3_base,DeBERTa-v3,42
9089,0,8.37070620036684e-05,0,0.13417820632457733,model::deberta_v3_base,DeBERTa-v3,42
2840,1,9.079079609364271e-05,0,0.13417820632457733,model::deberta_v3_base,DeBERTa-v3,42
10318,0,0.0003770336043089628,0,0.13417820632457733,model::deberta_v3_base,DeBERTa-v3,42
16787,1,0.00025428435765206814,0,0.13417820632457733,model::deberta_v3_base,DeBERTa-v3,42
4404,1,0.0002031742042163387,0,0.13417820632457733,model::deberta_v3_base,DeBERTa-v3,42
15737,0,0.0001102611277019605,0,0.13417820632457733,model::deberta_v3_base,DeBERTa-v3,42
3736,1,0.00016217301890719682,0,0.13417820632457733,model::deberta_v3_base,DeBERTa-v3,42
1264,1,0.00016483267245348543,0,0.13417820632457733,model::deberta_v3_base,DeBERTa-v3,42
13451,0,5.9758716815849766e-05,0,0.13417820632457733,model::deberta_v3_base,DeBERTa-v3,42
1855,0,8.184522448573261e-05,0,0.13417820632457733,model::deberta_v3_base,DeBERTa-v3,42
1945,0,0.00012668858107645065,0,0.13417820632457733,model::deberta_v3_base,DeBERTa-v3,42
12976,0,0.0001712742232484743,0,0.13417820632457733,model::deberta_v3_base,DeBERTa-v3,42
12920,1,0.00017415417823940516,0,0.13417820632457733,model::deberta_v3_base,DeBERTa-v3,42
6410,1,0.00010512458538869396,0,0.13417820632457733,model::deberta_v3_base,DeBERTa-v3,42
6746,1,0.0001532535970909521,0,0.13417820632457733,model::deberta_v3_base,DeBERTa-v3,42
8067,1,0.00021267392730806023,0,0.13417820632457733,model::deberta_v3_base,DeBERTa-v3,42
4846,1,0.00013639534881804138,0,0.13417820632457733,model::deberta_v3_base,DeBERTa-v3,42
4533,1,0.00017900593229569495,0,0.13417820632457733,model::deberta_v3_base,DeBERTa-v3,42
11794,1,0.00011714051652234048,0,0.13417820632457733,model::deberta_v3_base,DeBERTa-v3,42
17267,0,0.0010482165962457657,0,0.13417820632457733,model::deberta_v3_base,DeBERTa-v3,42
18522,0,0.0005080105038359761,0,0.13417820632457733,model::deberta_v3_base,DeBERTa-v3,42
2937,1,8.732177957426757e-05,0,0.13417820632457733,model::deberta_v3_base,DeBERTa-v3,42
7387,1,0.00018409606127534062,0,0.13417820632457733,model::deberta_v3_base,DeBERTa-v3,42
16334,1,0.00011897615331690758,0,0.13417820632457733,model::deberta_v3_base,DeBERTa-v3,42
4259,1,0.00010212246706942096,0,0.13417820632457733,model::deberta_v3_base,DeBERTa-v3,42
