sample_id,y_true,y_prob_machine_generated,y_pred,threshold,system_key,system,seed
10379,1,0.0002592862874735,0,0.9739435122241902,model::electra_base,ELECTRA,42
1092,1,0.0002717234310694,0,0.9739435122241902,model::electra_base,ELECTRA,42
8924,0,0.0005199217121116,0,0.9739435122241902,model::electra_base,ELECTRA,42
1291,0,0.0002322464133612,0,0.9739435122241902,model::electra_base,ELECTRA,42
13927,1,0.0003984113282058,0,0.9739435122241902,model::electra_base,ELECTRA,42
8035,0,0.0002638217411004,0,0.9739435122241902,model::electra_base,ELECTRA,42
1632,1,0.0002982497389893,0,0.9739435122241902,model::electra_base,ELECTRA,42
17416,1,0.0002556720282882,0,0.9739435122241902,model::electra_base,ELECTRA,42
14654,1,0.0003946202050428,0,0.9739435122241902,model::electra_base,ELECTRA,42
5189,1,0.0002644452615641,0,0.9739435122241902,model::electra_base,ELECTRA,42
3026,1,0.0002938562538474,0,0.9739435122241902,model::electra_base,ELECTRA,42
1353,1,0.0003884939942508,0,0.9739435122241902,model::electra_base,ELECTRA,42
13373,0,0.0006114935968071,0,0.9739435122241902,model::electra_base,ELECTRA,42
20409,1,0.000265170878265,0,0.9739435122241902,model::electra_base,ELECTRA,42
19701,0,0.0003403566370252,0,0.9739435122241902,model::electra_base,ELECTRA,42
15296,0,0.000231977974181,0,0.9739435122241902,model::electra_base,ELECTRA,42
18991,0,0.0003039547300431,0,0.9739435122241902,model::electra_base,ELECTRA,42
512,1,0.000358236458851,0,0.9739435122241902,model::electra_base,ELECTRA,42
18295,0,0.0002594747056718,0,0.9739435122241902,model::electra_base,ELECTRA,42
18450,1,0.0003590385604184,0,0.9739435122241902,model::electra_base,ELECTRA,42
15675,1,0.0002845436974894,0,0.9739435122241902,model::electra_base,ELECTRA,42
20025,0,0.000296381796943,0,0.9739435122241902,model::electra_base,ELECTRA,42
7229,0,0.0002398857614025,0,0.9739435122241902,model::electra_base,ELECTRA,42
10752,1,0.0002780998765956,0,0.9739435122241902,model::electra_base,ELECTRA,42
20566,0,0.0003112365375272,0,0.9739435122241902,model::electra_base,ELECTRA,42
18854,0,0.0003123548813164,0,0.9739435122241902,model::electra_base,ELECTRA,42
9483,1,0.0003989768447354,0,0.9739435122241902,model::electra_base,ELECTRA,42
5666,0,0.0003919300797861,0,0.9739435122241902,model::electra_base,ELECTRA,42
7486,1,0.0003695330815389,0,0.9739435122241902,model::electra_base,ELECTRA,42
16331,1,0.0003436733095441,0,0.9739435122241902,model::electra_base,ELECTRA,42
2999,1,0.0002745936799328,0,0.9739435122241902,model::electra_base,ELECTRA,42
3958,1,0.000251460209256,0,0.9739435122241902,model::electra_base,ELECTRA,42
13982,0,0.0002200781891588,0,0.9739435122241902,model::electra_base,ELECTRA,42
17720,1,0.0006548538804054,0,0.9739435122241902,model::electra_base,ELECTRA,42
18694,1,0.0004126363783143,0,0.9739435122241902,model::electra_base,ELECTRA,42
4466,0,0.0003801606362685,0,0.9739435122241902,model::electra_base,ELECTRA,42
19676,1,0.0003847673360724,0,0.9739435122241902,model::electra_base,ELECTRA,42
20003,1,0.0003997047315351,0,0.9739435122241902,model::electra_base,ELECTRA,42
8936,1,0.0002849775773938,0,0.9739435122241902,model::electra_base,ELECTRA,42
12592,0,0.0003289726155344,0,0.9739435122241902,model::electra_base,ELECTRA,42
2861,0,0.0007107838173396,0,0.9739435122241902,model::electra_base,ELECTRA,42
16760,0,0.0002383000683039,0,0.9739435122241902,model::electra_base,ELECTRA,42
4976,1,0.0002661160833667,0,0.9739435122241902,model::electra_base,ELECTRA,42
11506,0,0.0005020616808906,0,0.9739435122241902,model::electra_base,ELECTRA,42
4974,1,0.0004622013657353,0,0.9739435122241902,model::electra_base,ELECTRA,42
12865,1,0.0002483482239767,0,0.9739435122241902,model::electra_base,ELECTRA,42
10717,1,0.0003995833685621,0,0.9739435122241902,model::electra_base,ELECTRA,42
8625,1,0.0005267594824545,0,0.9739435122241902,model::electra_base,ELECTRA,42
15748,0,0.0003839015844278,0,0.9739435122241902,model::electra_base,ELECTRA,42
3681,0,0.0002400953526375,0,0.9739435122241902,model::electra_base,ELECTRA,42
1600,0,0.0005028272280469,0,0.9739435122241902,model::electra_base,ELECTRA,42
11251,1,0.0003255109477322,0,0.9739435122241902,model::electra_base,ELECTRA,42
11286,1,0.0003201752260793,0,0.9739435122241902,model::electra_base,ELECTRA,42
2808,0,0.0006094623240642,0,0.9739435122241902,model::electra_base,ELECTRA,42
159,0,0.0002138488198397,0,0.9739435122241902,model::electra_base,ELECTRA,42
12797,0,0.0002700249024201,0,0.9739435122241902,model::electra_base,ELECTRA,42
3074,0,0.0002169106301153,0,0.9739435122241902,model::electra_base,ELECTRA,42
14840,0,0.0005288921529427,0,0.9739435122241902,model::electra_base,ELECTRA,42
12328,0,0.0002991576620843,0,0.9739435122241902,model::electra_base,ELECTRA,42
95,1,0.0002722262288443,0,0.9739435122241902,model::electra_base,ELECTRA,42
1308,0,0.0003123977512586,0,0.9739435122241902,model::electra_base,ELECTRA,42
3386,1,0.0002468383463565,0,0.9739435122241902,model::electra_base,ELECTRA,42
15472,0,0.0003194495802745,0,0.9739435122241902,model::electra_base,ELECTRA,42
16039,0,0.0002511771745048,0,0.9739435122241902,model::electra_base,ELECTRA,42
15903,1,0.0003166641690768,0,0.9739435122241902,model::electra_base,ELECTRA,42
13242,1,0.0002745999663602,0,0.9739435122241902,model::electra_base,ELECTRA,42
5334,1,0.0003660437068901,0,0.9739435122241902,model::electra_base,ELECTRA,42
20678,1,0.0004040914645884,0,0.9739435122241902,model::electra_base,ELECTRA,42
7102,0,0.0002534108934924,0,0.9739435122241902,model::electra_base,ELECTRA,42
17456,1,0.0002529826306272,0,0.9739435122241902,model::electra_base,ELECTRA,42
17207,1,0.0002309088304173,0,0.9739435122241902,model::electra_base,ELECTRA,42
20060,0,0.0005808427813462,0,0.9739435122241902,model::electra_base,ELECTRA,42
8328,1,0.0003432006633374,0,0.9739435122241902,model::electra_base,ELECTRA,42
5697,1,0.0002800315269269,0,0.9739435122241902,model::electra_base,ELECTRA,42
3917,1,0.0004508576530497,0,0.9739435122241902,model::electra_base,ELECTRA,42
7890,0,0.0003549760440364,0,0.9739435122241902,model::electra_base,ELECTRA,42
20874,0,0.0013689707266166,0,0.9739435122241902,model::electra_base,ELECTRA,42
9228,0,0.0002741047937888,0,0.9739435122241902,model::electra_base,ELECTRA,42
7626,1,0.0002293898724019,0,0.9739435122241902,model::electra_base,ELECTRA,42
17701,1,0.0004454597947187,0,0.9739435122241902,model::electra_base,ELECTRA,42
2326,1,0.0002292549761477,0,0.9739435122241902,model::electra_base,ELECTRA,42
10548,1,0.0002410430897725,0,0.9739435122241902,model::electra_base,ELECTRA,42
5550,0,0.0003540508332662,0,0.9739435122241902,model::electra_base,ELECTRA,42
20860,0,0.0002692985872272,0,0.9739435122241902,model::electra_base,ELECTRA,42
14054,1,0.0006098272278904,0,0.9739435122241902,model::electra_base,ELECTRA,42
14852,0,0.0002700532204471,0,0.9739435122241902,model::electra_base,ELECTRA,42
11175,1,0.0004144814447499,0,0.9739435122241902,model::electra_base,ELECTRA,42
2207,0,0.000403463258408,0,0.9739435122241902,model::electra_base,ELECTRA,42
6783,1,0.00022750296921,0,0.9739435122241902,model::electra_base,ELECTRA,42
2699,0,0.0002236071013612,0,0.9739435122241902,model::electra_base,ELECTRA,42
4090,0,0.000242737296503,0,0.9739435122241902,model::electra_base,ELECTRA,42
7244,0,0.0010453196009621,0,0.9739435122241902,model::electra_base,ELECTRA,42
11424,0,0.0002171366068068,0,0.9739435122241902,model::electra_base,ELECTRA,42
16052,0,0.0003210500581189,0,0.9739435122241902,model::electra_base,ELECTRA,42
12196,0,0.0002825394913088,0,0.9739435122241902,model::electra_base,ELECTRA,42
5583,1,0.0002563591406214,0,0.9739435122241902,model::electra_base,ELECTRA,42
7455,1,0.0002502482966519,0,0.9739435122241902,model::electra_base,ELECTRA,42
846,0,0.0002355213073315,0,0.9739435122241902,model::electra_base,ELECTRA,42
3005,1,0.0003443689492996,0,0.9739435122241902,model::electra_base,ELECTRA,42
4180,0,0.0003845117753371,0,0.9739435122241902,model::electra_base,ELECTRA,42
6266,0,0.0002901733096223,0,0.9739435122241902,model::electra_base,ELECTRA,42
7721,1,0.0013440223410725,0,0.9739435122241902,model::electra_base,ELECTRA,42
8374,1,0.0005223948974162,0,0.9739435122241902,model::electra_base,ELECTRA,42
14457,1,0.0002752840809989,0,0.9739435122241902,model::electra_base,ELECTRA,42
17052,1,0.0004207935708109,0,0.9739435122241902,model::electra_base,ELECTRA,42
15630,1,0.0002543985610827,0,0.9739435122241902,model::electra_base,ELECTRA,42
8013,1,0.0006423042505048,0,0.9739435122241902,model::electra_base,ELECTRA,42
10556,0,0.0005875178030692,0,0.9739435122241902,model::electra_base,ELECTRA,42
6752,0,0.0002763548982329,0,0.9739435122241902,model::electra_base,ELECTRA,42
4344,0,0.0010254443623125,0,0.9739435122241902,model::electra_base,ELECTRA,42
3687,1,0.0003321223193779,0,0.9739435122241902,model::electra_base,ELECTRA,42
4189,1,0.0003068705846089,0,0.9739435122241902,model::electra_base,ELECTRA,42
10831,1,0.0020333367865532,0,0.9739435122241902,model::electra_base,ELECTRA,42
3743,0,0.0003750533505808,0,0.9739435122241902,model::electra_base,ELECTRA,42
20504,0,0.0002259333996335,0,0.9739435122241902,model::electra_base,ELECTRA,42
2869,1,0.0002422836405457,0,0.9739435122241902,model::electra_base,ELECTRA,42
14846,1,0.0002485002914909,0,0.9739435122241902,model::electra_base,ELECTRA,42
8988,0,0.0002566770708654,0,0.9739435122241902,model::electra_base,ELECTRA,42
12023,1,0.0007170232711359,0,0.9739435122241902,model::electra_base,ELECTRA,42
14099,1,0.0002541609865147,0,0.9739435122241902,model::electra_base,ELECTRA,42
14724,0,0.0004437852185219,0,0.9739435122241902,model::electra_base,ELECTRA,42
4785,0,0.0002980476710945,0,0.9739435122241902,model::electra_base,ELECTRA,42
20713,0,0.0003642857191152,0,0.9739435122241902,model::electra_base,ELECTRA,42
8986,0,0.0002116596151608,0,0.9739435122241902,model::electra_base,ELECTRA,42
39,0,0.0002717325114645,0,0.9739435122241902,model::electra_base,ELECTRA,42
15187,0,0.0004309976939111,0,0.9739435122241902,model::electra_base,ELECTRA,42
1492,1,0.0003374592924956,0,0.9739435122241902,model::electra_base,ELECTRA,42
20588,0,0.0002678490418475,0,0.9739435122241902,model::electra_base,ELECTRA,42
8231,1,0.000253884907579,0,0.9739435122241902,model::electra_base,ELECTRA,42
5094,1,0.0003631456638686,0,0.9739435122241902,model::electra_base,ELECTRA,42
7483,0,0.0002279604668729,0,0.9739435122241902,model::electra_base,ELECTRA,42
753,0,0.0002971242065541,0,0.9739435122241902,model::electra_base,ELECTRA,42
1416,0,0.0002595462428871,0,0.9739435122241902,model::electra_base,ELECTRA,42
6055,1,0.0003217124613001,0,0.9739435122241902,model::electra_base,ELECTRA,42
11306,1,0.0002284275979036,0,0.9739435122241902,model::electra_base,ELECTRA,42
15807,1,0.0003470710653346,0,0.9739435122241902,model::electra_base,ELECTRA,42
11393,0,0.0003487317299004,0,0.9739435122241902,model::electra_base,ELECTRA,42
1532,1,0.0003402700531296,0,0.9739435122241902,model::electra_base,ELECTRA,42
17823,1,0.0004095133917871,0,0.9739435122241902,model::electra_base,ELECTRA,42
912,1,0.0004023735818918,0,0.9739435122241902,model::electra_base,ELECTRA,42
9162,1,0.000272111792583,0,0.9739435122241902,model::electra_base,ELECTRA,42
12703,0,0.0003159928310196,0,0.9739435122241902,model::electra_base,ELECTRA,42
14284,0,0.0003046780475415,0,0.9739435122241902,model::electra_base,ELECTRA,42
11887,1,0.0004168471787124,0,0.9739435122241902,model::electra_base,ELECTRA,42
4680,1,0.0003262584214098,0,0.9739435122241902,model::electra_base,ELECTRA,42
9114,1,0.0002745208912529,0,0.9739435122241902,model::electra_base,ELECTRA,42
15087,1,0.0002910638577304,0,0.9739435122241902,model::electra_base,ELECTRA,42
11501,0,0.0069376793690025,0,0.9739435122241902,model::electra_base,ELECTRA,42
9261,1,0.0002849601733032,0,0.9739435122241902,model::electra_base,ELECTRA,42
17032,1,0.0002830193843692,0,0.9739435122241902,model::electra_base,ELECTRA,42
13742,0,0.0003410123754292,0,0.9739435122241902,model::electra_base,ELECTRA,42
607,1,0.0002722311764955,0,0.9739435122241902,model::electra_base,ELECTRA,42
16065,1,0.0003805206506513,0,0.9739435122241902,model::electra_base,ELECTRA,42
1061,0,0.0002769409911707,0,0.9739435122241902,model::electra_base,ELECTRA,42
9683,0,0.0002785063988994,0,0.9739435122241902,model::electra_base,ELECTRA,42
9767,1,0.0003684524563141,0,0.9739435122241902,model::electra_base,ELECTRA,42
1792,0,0.0002650748356245,0,0.9739435122241902,model::electra_base,ELECTRA,42
3351,0,0.0002156403643311,0,0.9739435122241902,model::electra_base,ELECTRA,42
4098,0,0.0004951935843564,0,0.9739435122241902,model::electra_base,ELECTRA,42
1194,0,0.0005700042820535,0,0.9739435122241902,model::electra_base,ELECTRA,42
12026,0,0.0003084827330894,0,0.9739435122241902,model::electra_base,ELECTRA,42
4868,1,0.0002732893044594,0,0.9739435122241902,model::electra_base,ELECTRA,42
19019,1,0.0002443749108351,0,0.9739435122241902,model::electra_base,ELECTRA,42
19855,1,0.0002618306025397,0,0.9739435122241902,model::electra_base,ELECTRA,42
9565,1,0.0003589122497942,0,0.9739435122241902,model::electra_base,ELECTRA,42
1647,1,0.0003194264718331,0,0.9739435122241902,model::electra_base,ELECTRA,42
15961,1,0.000281723390799,0,0.9739435122241902,model::electra_base,ELECTRA,42
285,0,0.0005504004075191,0,0.9739435122241902,model::electra_base,ELECTRA,42
18138,0,0.0003146161034237,0,0.9739435122241902,model::electra_base,ELECTRA,42
3347,0,0.0002644167980179,0,0.9739435122241902,model::electra_base,ELECTRA,42
19656,1,0.0003632398147601,0,0.9739435122241902,model::electra_base,ELECTRA,42
12678,1,0.0003040985320694,0,0.9739435122241902,model::electra_base,ELECTRA,42
4231,0,0.0002388441644143,0,0.9739435122241902,model::electra_base,ELECTRA,42
13425,1,0.0003258664801251,0,0.9739435122241902,model::electra_base,ELECTRA,42
6282,0,0.0006036213017068,0,0.9739435122241902,model::electra_base,ELECTRA,42
12418,1,0.0002659973397385,0,0.9739435122241902,model::electra_base,ELECTRA,42
10239,1,0.000310756789986,0,0.9739435122241902,model::electra_base,ELECTRA,42
6212,1,0.0002950535854324,0,0.9739435122241902,model::electra_base,ELECTRA,42
24,1,0.0004847892269026,0,0.9739435122241902,model::electra_base,ELECTRA,42
6691,0,0.0003933227853849,0,0.9739435122241902,model::electra_base,ELECTRA,42
3507,1,0.0002730731503106,0,0.9739435122241902,model::electra_base,ELECTRA,42
6583,1,0.0004887566319666,0,0.9739435122241902,model::electra_base,ELECTRA,42
15156,1,0.0003103949711658,0,0.9739435122241902,model::electra_base,ELECTRA,42
14876,0,0.0003261514648329,0,0.9739435122241902,model::electra_base,ELECTRA,42
15809,0,0.0004304247268009,0,0.9739435122241902,model::electra_base,ELECTRA,42
19948,0,0.0007597002550028,0,0.9739435122241902,model::electra_base,ELECTRA,42
20661,0,0.000508228491526,0,0.9739435122241902,model::electra_base,ELECTRA,42
15457,1,0.0003463787143118,0,0.9739435122241902,model::electra_base,ELECTRA,42
16560,1,0.0002766728575807,0,0.9739435122241902,model::electra_base,ELECTRA,42
3353,0,0.0003378360706847,0,0.9739435122241902,model::electra_base,ELECTRA,42
15343,1,0.0004411562113091,0,0.9739435122241902,model::electra_base,ELECTRA,42
139,1,0.0002457187802065,0,0.9739435122241902,model::electra_base,ELECTRA,42
14673,1,0.0003430150682106,0,0.9739435122241902,model::electra_base,ELECTRA,42
18413,1,0.0002963041188195,0,0.9739435122241902,model::electra_base,ELECTRA,42
11800,0,0.0002284652728121,0,0.9739435122241902,model::electra_base,ELECTRA,42
1827,0,0.0003071202372666,0,0.9739435122241902,model::electra_base,ELECTRA,42
18537,0,0.0003186289395671,0,0.9739435122241902,model::electra_base,ELECTRA,42
1799,0,0.0003286654246039,0,0.9739435122241902,model::electra_base,ELECTRA,42
326,1,0.0002450519823469,0,0.9739435122241902,model::electra_base,ELECTRA,42
11382,0,0.0008964933222159,0,0.9739435122241902,model::electra_base,ELECTRA,42
19498,1,0.0003096194704994,0,0.9739435122241902,model::electra_base,ELECTRA,42
14625,0,0.0005785831599496,0,0.9739435122241902,model::electra_base,ELECTRA,42
14044,1,0.0002984770399052,0,0.9739435122241902,model::electra_base,ELECTRA,42
17779,0,0.0004142973339185,0,0.9739435122241902,model::electra_base,ELECTRA,42
19114,0,0.0003689033619593,0,0.9739435122241902,model::electra_base,ELECTRA,42
1387,1,0.0002943977888207,0,0.9739435122241902,model::electra_base,ELECTRA,42
10624,1,0.000249883509241,0,0.9739435122241902,model::electra_base,ELECTRA,42
20310,0,0.0006823864532634,0,0.9739435122241902,model::electra_base,ELECTRA,42
4592,0,0.0005626814672723,0,0.9739435122241902,model::electra_base,ELECTRA,42
10484,0,0.0003261965466663,0,0.9739435122241902,model::electra_base,ELECTRA,42
819,0,0.0003446055343374,0,0.9739435122241902,model::electra_base,ELECTRA,42
12702,1,0.0002528391196392,0,0.9739435122241902,model::electra_base,ELECTRA,42
11791,1,0.0004196826776023,0,0.9739435122241902,model::electra_base,ELECTRA,42
10008,0,0.0002416432253085,0,0.9739435122241902,model::electra_base,ELECTRA,42
10395,0,0.0002332708245376,0,0.9739435122241902,model::electra_base,ELECTRA,42
2941,1,0.0003450164513196,0,0.9739435122241902,model::electra_base,ELECTRA,42
6203,0,0.0002173033426515,0,0.9739435122241902,model::electra_base,ELECTRA,42
3563,1,0.0002668961242306,0,0.9739435122241902,model::electra_base,ELECTRA,42
14100,0,0.0002543074078857,0,0.9739435122241902,model::electra_base,ELECTRA,42
4129,0,0.0003279808734077,0,0.9739435122241902,model::electra_base,ELECTRA,42
7813,1,0.0002722833596635,0,0.9739435122241902,model::electra_base,ELECTRA,42
16228,1,0.0003713496844284,0,0.9739435122241902,model::electra_base,ELECTRA,42
21120,1,0.0003815957461483,0,0.9739435122241902,model::electra_base,ELECTRA,42
13948,0,0.0003055492707062,0,0.9739435122241902,model::electra_base,ELECTRA,42
9284,1,0.0005805998225696,0,0.9739435122241902,model::electra_base,ELECTRA,42
8347,0,0.0004129319277126,0,0.9739435122241902,model::electra_base,ELECTRA,42
5542,0,0.0003630103019531,0,0.9739435122241902,model::electra_base,ELECTRA,42
13005,1,0.0003163660294376,0,0.9739435122241902,model::electra_base,ELECTRA,42
111,1,0.0005616621347144,0,0.9739435122241902,model::electra_base,ELECTRA,42
18715,0,0.0003719569649547,0,0.9739435122241902,model::electra_base,ELECTRA,42
9630,1,0.000319279381074,0,0.9739435122241902,model::electra_base,ELECTRA,42
14498,1,0.0002969644556287,0,0.9739435122241902,model::electra_base,ELECTRA,42
16013,1,0.0004330172378104,0,0.9739435122241902,model::electra_base,ELECTRA,42
3862,1,0.0002309407573193,0,0.9739435122241902,model::electra_base,ELECTRA,42
8953,1,0.0002476143126841,0,0.9739435122241902,model::electra_base,ELECTRA,42
4930,1,0.0003157651808578,0,0.9739435122241902,model::electra_base,ELECTRA,42
6229,0,0.0003126587544102,0,0.9739435122241902,model::electra_base,ELECTRA,42
11757,1,0.0002541397116146,0,0.9739435122241902,model::electra_base,ELECTRA,42
2247,0,0.0004436255258042,0,0.9739435122241902,model::electra_base,ELECTRA,42
10885,1,0.0003474279656074,0,0.9739435122241902,model::electra_base,ELECTRA,42
20406,0,0.0004012933350168,0,0.9739435122241902,model::electra_base,ELECTRA,42
15691,0,0.0004483944794628,0,0.9739435122241902,model::electra_base,ELECTRA,42
8914,0,0.0002102408034261,0,0.9739435122241902,model::electra_base,ELECTRA,42
15641,1,0.0002704577636905,0,0.9739435122241902,model::electra_base,ELECTRA,42
18481,1,0.0002567279734648,0,0.9739435122241902,model::electra_base,ELECTRA,42
10771,0,0.0004321926971897,0,0.9739435122241902,model::electra_base,ELECTRA,42
632,0,0.0003792411880567,0,0.9739435122241902,model::electra_base,ELECTRA,42
4261,1,0.0002658482990227,0,0.9739435122241902,model::electra_base,ELECTRA,42
13653,0,0.0003504198975861,0,0.9739435122241902,model::electra_base,ELECTRA,42
6990,0,0.0008692858391441,0,0.9739435122241902,model::electra_base,ELECTRA,42
17412,1,0.0005607716739177,0,0.9739435122241902,model::electra_base,ELECTRA,42
8163,0,0.0003762816777452,0,0.9739435122241902,model::electra_base,ELECTRA,42
12223,1,0.0002934699004981,0,0.9739435122241902,model::electra_base,ELECTRA,42
7679,1,0.0003087751974817,0,0.9739435122241902,model::electra_base,ELECTRA,42
1839,1,0.0004091320151928,0,0.9739435122241902,model::electra_base,ELECTRA,42
1912,0,0.0002885261201299,0,0.9739435122241902,model::electra_base,ELECTRA,42
8034,0,0.0003047414065804,0,0.9739435122241902,model::electra_base,ELECTRA,42
6558,0,0.0002715532900765,0,0.9739435122241902,model::electra_base,ELECTRA,42
5357,0,0.0002648505324032,0,0.9739435122241902,model::electra_base,ELECTRA,42
18423,0,0.0002248861128464,0,0.9739435122241902,model::electra_base,ELECTRA,42
14058,0,0.0005746404640376,0,0.9739435122241902,model::electra_base,ELECTRA,42
16942,0,0.0004318263381719,0,0.9739435122241902,model::electra_base,ELECTRA,42
5449,0,0.0004722267913166,0,0.9739435122241902,model::electra_base,ELECTRA,42
6530,0,0.0003820618439931,0,0.9739435122241902,model::electra_base,ELECTRA,42
13569,1,0.0002704717044252,0,0.9739435122241902,model::electra_base,ELECTRA,42
13881,1,0.0002570750657469,0,0.9739435122241902,model::electra_base,ELECTRA,42
12804,0,0.0003088726953137,0,0.9739435122241902,model::electra_base,ELECTRA,42
2770,0,0.0003402388829272,0,0.9739435122241902,model::electra_base,ELECTRA,42
3909,1,0.0002956000971607,0,0.9739435122241902,model::electra_base,ELECTRA,42
5847,0,0.0004426938248798,0,0.9739435122241902,model::electra_base,ELECTRA,42
16422,1,0.0003127115196548,0,0.9739435122241902,model::electra_base,ELECTRA,42
6021,1,0.0002541881403885,0,0.9739435122241902,model::electra_base,ELECTRA,42
10868,1,0.0004810027894563,0,0.9739435122241902,model::electra_base,ELECTRA,42
15790,0,0.0002383100509177,0,0.9739435122241902,model::electra_base,ELECTRA,42
215,0,0.0003435940598137,0,0.9739435122241902,model::electra_base,ELECTRA,42
21127,0,0.0002831975580193,0,0.9739435122241902,model::electra_base,ELECTRA,42
11090,1,0.0004006990930065,0,0.9739435122241902,model::electra_base,ELECTRA,42
14313,1,0.000639940786641,0,0.9739435122241902,model::electra_base,ELECTRA,42
10978,0,0.0003186064423061,0,0.9739435122241902,model::electra_base,ELECTRA,42
20359,1,0.0004470596613828,0,0.9739435122241902,model::electra_base,ELECTRA,42
4636,1,0.0002753864682745,0,0.9739435122241902,model::electra_base,ELECTRA,42
11619,1,0.0003114983846899,0,0.9739435122241902,model::electra_base,ELECTRA,42
193,0,0.0003317805530969,0,0.9739435122241902,model::electra_base,ELECTRA,42
12479,0,0.0004214318178128,0,0.9739435122241902,model::electra_base,ELECTRA,42
5040,1,0.0004787897050846,0,0.9739435122241902,model::electra_base,ELECTRA,42
9303,1,0.0002994324313476,0,0.9739435122241902,model::electra_base,ELECTRA,42
11257,0,0.0028957286849617,0,0.9739435122241902,model::electra_base,ELECTRA,42
6146,0,0.0004067011759616,0,0.9739435122241902,model::electra_base,ELECTRA,42
18985,0,0.0002829967124853,0,0.9739435122241902,model::electra_base,ELECTRA,42
20553,1,0.0002804443065542,0,0.9739435122241902,model::electra_base,ELECTRA,42
461,1,0.0002764521341305,0,0.9739435122241902,model::electra_base,ELECTRA,42
18330,1,0.000246091542067,0,0.9739435122241902,model::electra_base,ELECTRA,42
3672,1,0.0002651551913004,0,0.9739435122241902,model::electra_base,ELECTRA,42
1926,0,0.0003464183537289,0,0.9739435122241902,model::electra_base,ELECTRA,42
10818,0,0.0010686945170164,0,0.9739435122241902,model::electra_base,ELECTRA,42
2357,1,0.0003321691765449,0,0.9739435122241902,model::electra_base,ELECTRA,42
20238,1,0.0003106549265794,0,0.9739435122241902,model::electra_base,ELECTRA,42
12538,0,0.0002522052382119,0,0.9739435122241902,model::electra_base,ELECTRA,42
11460,1,0.0003077929432038,0,0.9739435122241902,model::electra_base,ELECTRA,42
8845,0,0.0002615536213852,0,0.9739435122241902,model::electra_base,ELECTRA,42
6862,0,0.0003548208915162,0,0.9739435122241902,model::electra_base,ELECTRA,42
6486,0,0.0002326389076188,0,0.9739435122241902,model::electra_base,ELECTRA,42
15654,1,0.000334831624059,0,0.9739435122241902,model::electra_base,ELECTRA,42
19794,0,0.0002744187950156,0,0.9739435122241902,model::electra_base,ELECTRA,42
19378,1,0.0003228671557735,0,0.9739435122241902,model::electra_base,ELECTRA,42
8941,0,0.0002271706907777,0,0.9739435122241902,model::electra_base,ELECTRA,42
17423,0,0.0005046181613579,0,0.9739435122241902,model::electra_base,ELECTRA,42
13739,1,0.000284825451672,0,0.9739435122241902,model::electra_base,ELECTRA,42
11920,0,0.0003095303545705,0,0.9739435122241902,model::electra_base,ELECTRA,42
5298,0,0.000317798287142,0,0.9739435122241902,model::electra_base,ELECTRA,42
17987,1,0.0008061266271397,0,0.9739435122241902,model::electra_base,ELECTRA,42
17579,0,0.0002802013768814,0,0.9739435122241902,model::electra_base,ELECTRA,42
12541,0,0.0009180786437354,0,0.9739435122241902,model::electra_base,ELECTRA,42
8477,0,0.0002228512894362,0,0.9739435122241902,model::electra_base,ELECTRA,42
4734,0,0.0004218583344481,0,0.9739435122241902,model::electra_base,ELECTRA,42
7493,0,0.0002457792288623,0,0.9739435122241902,model::electra_base,ELECTRA,42
15109,1,0.0007820261525921,0,0.9739435122241902,model::electra_base,ELECTRA,42
2100,0,0.0003192979493178,0,0.9739435122241902,model::electra_base,ELECTRA,42
1075,1,0.0003224144165869,0,0.9739435122241902,model::electra_base,ELECTRA,42
1209,1,0.0003814495285041,0,0.9739435122241902,model::electra_base,ELECTRA,42
4692,1,0.0002526364987716,0,0.9739435122241902,model::electra_base,ELECTRA,42
5307,1,0.000324948458001,0,0.9739435122241902,model::electra_base,ELECTRA,42
19342,0,0.0004670145863201,0,0.9739435122241902,model::electra_base,ELECTRA,42
4314,0,0.0022109760902822,0,0.9739435122241902,model::electra_base,ELECTRA,42
2980,1,0.0002923517895396,0,0.9739435122241902,model::electra_base,ELECTRA,42
13846,0,0.0009834512602537,0,0.9739435122241902,model::electra_base,ELECTRA,42
18405,0,0.000288995768642,0,0.9739435122241902,model::electra_base,ELECTRA,42
9552,1,0.0002985291357617,0,0.9739435122241902,model::electra_base,ELECTRA,42
18882,1,0.0007200361578725,0,0.9739435122241902,model::electra_base,ELECTRA,42
15253,0,0.0002644972410053,0,0.9739435122241902,model::electra_base,ELECTRA,42
4815,0,0.0003492574032861,0,0.9739435122241902,model::electra_base,ELECTRA,42
8531,1,0.0003699782828334,0,0.9739435122241902,model::electra_base,ELECTRA,42
14005,1,0.000281801825622,0,0.9739435122241902,model::electra_base,ELECTRA,42
3579,1,0.0003416107792872,0,0.9739435122241902,model::electra_base,ELECTRA,42
8311,1,0.0005043479613959,0,0.9739435122241902,model::electra_base,ELECTRA,42
6421,0,0.0003343343269079,0,0.9739435122241902,model::electra_base,ELECTRA,42
15194,1,0.0004652040079236,0,0.9739435122241902,model::electra_base,ELECTRA,42
12840,1,0.000325413479004,0,0.9739435122241902,model::electra_base,ELECTRA,42
15793,0,0.0002765525714494,0,0.9739435122241902,model::electra_base,ELECTRA,42
12661,0,0.0002245143841719,0,0.9739435122241902,model::electra_base,ELECTRA,42
17329,0,0.0007059847121126,0,0.9739435122241902,model::electra_base,ELECTRA,42
20832,1,0.0006426006439141,0,0.9739435122241902,model::electra_base,ELECTRA,42
6802,0,0.0003926153003703,0,0.9739435122241902,model::electra_base,ELECTRA,42
16815,1,0.0004021649656351,0,0.9739435122241902,model::electra_base,ELECTRA,42
4850,0,0.9974396228790284,1,0.9739435122241902,model::electra_base,ELECTRA,42
15309,0,0.0002317273028893,0,0.9739435122241902,model::electra_base,ELECTRA,42
8342,0,0.0003887166385538,0,0.9739435122241902,model::electra_base,ELECTRA,42
8878,1,0.0002547189651522,0,0.9739435122241902,model::electra_base,ELECTRA,42
19332,1,0.0002869755262508,0,0.9739435122241902,model::electra_base,ELECTRA,42
6987,1,0.0006199160707183,0,0.9739435122241902,model::electra_base,ELECTRA,42
17374,1,0.0002456771035213,0,0.9739435122241902,model::electra_base,ELECTRA,42
3848,1,0.0002468891907483,0,0.9739435122241902,model::electra_base,ELECTRA,42
12077,1,0.0002462678530719,0,0.9739435122241902,model::electra_base,ELECTRA,42
6620,1,0.0002732379944063,0,0.9739435122241902,model::electra_base,ELECTRA,42
14377,0,0.0004555846971925,0,0.9739435122241902,model::electra_base,ELECTRA,42
2816,1,0.0003763326385524,0,0.9739435122241902,model::electra_base,ELECTRA,42
6392,1,0.0002475373621564,0,0.9739435122241902,model::electra_base,ELECTRA,42
16552,1,0.0003784516884479,0,0.9739435122241902,model::electra_base,ELECTRA,42
13603,0,0.0019113164162263,0,0.9739435122241902,model::electra_base,ELECTRA,42
14546,0,0.0004589538148138,0,0.9739435122241902,model::electra_base,ELECTRA,42
4627,1,0.000275626021903,0,0.9739435122241902,model::electra_base,ELECTRA,42
12923,1,0.0004400098114274,0,0.9739435122241902,model::electra_base,ELECTRA,42
18722,1,0.0004287482006475,0,0.9739435122241902,model::electra_base,ELECTRA,42
7617,1,0.0002971808135043,0,0.9739435122241902,model::electra_base,ELECTRA,42
4668,0,0.0004262702423147,0,0.9739435122241902,model::electra_base,ELECTRA,42
6499,0,0.0003085945209022,0,0.9739435122241902,model::electra_base,ELECTRA,42
8288,0,0.0002729945117607,0,0.9739435122241902,model::electra_base,ELECTRA,42
2725,0,0.0003075597633142,0,0.9739435122241902,model::electra_base,ELECTRA,42
18557,0,0.0003173725854139,0,0.9739435122241902,model::electra_base,ELECTRA,42
2093,0,0.0002277679741382,0,0.9739435122241902,model::electra_base,ELECTRA,42
8843,0,0.0005918685346841,0,0.9739435122241902,model::electra_base,ELECTRA,42
16318,0,0.000607693218626,0,0.9739435122241902,model::electra_base,ELECTRA,42
4469,1,0.000277328887023,0,0.9739435122241902,model::electra_base,ELECTRA,42
20318,0,0.0014815877657383,0,0.9739435122241902,model::electra_base,ELECTRA,42
18224,1,0.0002425041166134,0,0.9739435122241902,model::electra_base,ELECTRA,42
20399,1,0.0003022118180524,0,0.9739435122241902,model::electra_base,ELECTRA,42
6939,0,0.000390842789784,0,0.9739435122241902,model::electra_base,ELECTRA,42
9990,0,0.0002667427470441,0,0.9739435122241902,model::electra_base,ELECTRA,42
10238,1,0.000274870020803,0,0.9739435122241902,model::electra_base,ELECTRA,42
20987,0,0.0005877620424143,0,0.9739435122241902,model::electra_base,ELECTRA,42
15757,1,0.0003616126195993,0,0.9739435122241902,model::electra_base,ELECTRA,42
18082,0,0.0003531332768034,0,0.9739435122241902,model::electra_base,ELECTRA,42
1506,1,0.00025070249103,0,0.9739435122241902,model::electra_base,ELECTRA,42
19964,0,0.0003568256797734,0,0.9739435122241902,model::electra_base,ELECTRA,42
12627,1,0.0002777522313408,0,0.9739435122241902,model::electra_base,ELECTRA,42
12100,0,0.0003117675660178,0,0.9739435122241902,model::electra_base,ELECTRA,42
8388,1,0.0006316202343441,0,0.9739435122241902,model::electra_base,ELECTRA,42
21083,0,0.0002761521027423,0,0.9739435122241902,model::electra_base,ELECTRA,42
18678,1,0.0003445224429015,0,0.9739435122241902,model::electra_base,ELECTRA,42
832,0,0.0003699172812048,0,0.9739435122241902,model::electra_base,ELECTRA,42
6428,1,0.0002947221510112,0,0.9739435122241902,model::electra_base,ELECTRA,42
14122,1,0.0002734837471507,0,0.9739435122241902,model::electra_base,ELECTRA,42
10830,0,0.0006185992970131,0,0.9739435122241902,model::electra_base,ELECTRA,42
6650,1,0.0003200330247636,0,0.9739435122241902,model::electra_base,ELECTRA,42
2349,1,0.0003066328063141,0,0.9739435122241902,model::electra_base,ELECTRA,42
17693,0,0.0003465622430667,0,0.9739435122241902,model::electra_base,ELECTRA,42
1505,1,0.0005715964362025,0,0.9739435122241902,model::electra_base,ELECTRA,42
20743,0,0.0010653493227437,0,0.9739435122241902,model::electra_base,ELECTRA,42
208,1,0.0002780007198452,0,0.9739435122241902,model::electra_base,ELECTRA,42
5140,1,0.0003591943532228,0,0.9739435122241902,model::electra_base,ELECTRA,42
3077,1,0.0007601050892844,0,0.9739435122241902,model::electra_base,ELECTRA,42
10906,1,0.0003723231202457,0,0.9739435122241902,model::electra_base,ELECTRA,42
16467,1,0.0003573631984181,0,0.9739435122241902,model::electra_base,ELECTRA,42
18995,1,0.000335549673764,0,0.9739435122241902,model::electra_base,ELECTRA,42
13964,0,0.0002857224608305,0,0.9739435122241902,model::electra_base,ELECTRA,42
19122,1,0.0003527905791997,0,0.9739435122241902,model::electra_base,ELECTRA,42
12284,1,0.0002281207125633,0,0.9739435122241902,model::electra_base,ELECTRA,42
15030,0,0.0002173988614231,0,0.9739435122241902,model::electra_base,ELECTRA,42
8464,0,0.0002788741257973,0,0.9739435122241902,model::electra_base,ELECTRA,42
8716,1,0.0002579478896223,0,0.9739435122241902,model::electra_base,ELECTRA,42
1028,0,0.0002247980009997,0,0.9739435122241902,model::electra_base,ELECTRA,42
5908,1,0.0002549318014644,0,0.9739435122241902,model::electra_base,ELECTRA,42
12457,1,0.0003379571717232,0,0.9739435122241902,model::electra_base,ELECTRA,42
17102,1,0.0003911700914613,0,0.9739435122241902,model::electra_base,ELECTRA,42
10844,0,0.0004788910446222,0,0.9739435122241902,model::electra_base,ELECTRA,42
20782,1,0.0002687033265829,0,0.9739435122241902,model::electra_base,ELECTRA,42
16211,0,0.0003538019664119,0,0.9739435122241902,model::electra_base,ELECTRA,42
18610,1,0.0002921255363617,0,0.9739435122241902,model::electra_base,ELECTRA,42
6018,1,0.0002641599858179,0,0.9739435122241902,model::electra_base,ELECTRA,42
15466,1,0.0003312075859867,0,0.9739435122241902,model::electra_base,ELECTRA,42
716,0,0.0002952154027298,0,0.9739435122241902,model::electra_base,ELECTRA,42
9034,0,0.0002895093057304,0,0.9739435122241902,model::electra_base,ELECTRA,42
13710,0,0.0002982323931064,0,0.9739435122241902,model::electra_base,ELECTRA,42
2365,1,0.0004539752262644,0,0.9739435122241902,model::electra_base,ELECTRA,42
19049,0,0.0002349359565414,0,0.9739435122241902,model::electra_base,ELECTRA,42
6730,1,0.0002937700191978,0,0.9739435122241902,model::electra_base,ELECTRA,42
3653,0,0.0002679614408407,0,0.9739435122241902,model::electra_base,ELECTRA,42
18153,1,0.0006801782292313,0,0.9739435122241902,model::electra_base,ELECTRA,42
2392,1,0.0004074311291333,0,0.9739435122241902,model::electra_base,ELECTRA,42
12733,0,0.0004396000294946,0,0.9739435122241902,model::electra_base,ELECTRA,42
9310,0,0.0003184227680321,0,0.9739435122241902,model::electra_base,ELECTRA,42
7591,1,0.0003672513412311,0,0.9739435122241902,model::electra_base,ELECTRA,42
20265,0,0.0004128533764742,0,0.9739435122241902,model::electra_base,ELECTRA,42
12991,1,0.0004626383888535,0,0.9739435122241902,model::electra_base,ELECTRA,42
4602,1,0.002411781810224,0,0.9739435122241902,model::electra_base,ELECTRA,42
5286,1,0.0002526996540836,0,0.9739435122241902,model::electra_base,ELECTRA,42
1544,0,0.0003429558710195,0,0.9739435122241902,model::electra_base,ELECTRA,42
12179,0,0.000261363456957,0,0.9739435122241902,model::electra_base,ELECTRA,42
18950,0,0.0002208704972872,0,0.9739435122241902,model::electra_base,ELECTRA,42
299,1,0.0002691125264391,0,0.9739435122241902,model::electra_base,ELECTRA,42
9220,1,0.000403748214012,0,0.9739435122241902,model::electra_base,ELECTRA,42
5996,0,0.0002588945208117,0,0.9739435122241902,model::electra_base,ELECTRA,42
18391,1,0.0003177789039909,0,0.9739435122241902,model::electra_base,ELECTRA,42
1344,0,0.0002801284135784,0,0.9739435122241902,model::electra_base,ELECTRA,42
18727,1,0.0003503856714814,0,0.9739435122241902,model::electra_base,ELECTRA,42
2307,1,0.0004473876906558,0,0.9739435122241902,model::electra_base,ELECTRA,42
6844,1,0.0002489095495548,0,0.9739435122241902,model::electra_base,ELECTRA,42
18049,1,0.0002400257799308,0,0.9739435122241902,model::electra_base,ELECTRA,42
16513,0,0.0005353663000278,0,0.9739435122241902,model::electra_base,ELECTRA,42
1636,1,0.0003173350705765,0,0.9739435122241902,model::electra_base,ELECTRA,42
5741,1,0.0004526600823737,0,0.9739435122241902,model::electra_base,ELECTRA,42
7792,0,0.0003694925399031,0,0.9739435122241902,model::electra_base,ELECTRA,42
17869,1,0.0002911201736424,0,0.9739435122241902,model::electra_base,ELECTRA,42
5132,1,0.0003417080442886,0,0.9739435122241902,model::electra_base,ELECTRA,42
4576,1,0.0002493339998181,0,0.9739435122241902,model::electra_base,ELECTRA,42
5222,0,0.0002482520940247,0,0.9739435122241902,model::electra_base,ELECTRA,42
7317,1,0.0003315354988444,0,0.9739435122241902,model::electra_base,ELECTRA,42
20554,0,0.0002425323473289,0,0.9739435122241902,model::electra_base,ELECTRA,42
3513,0,0.000289850635454,0,0.9739435122241902,model::electra_base,ELECTRA,42
905,1,0.0003344236174598,0,0.9739435122241902,model::electra_base,ELECTRA,42
20667,0,0.0014157594414427,0,0.9739435122241902,model::electra_base,ELECTRA,42
9661,0,0.000531262718141,0,0.9739435122241902,model::electra_base,ELECTRA,42
10254,1,0.0004708627820946,0,0.9739435122241902,model::electra_base,ELECTRA,42
8912,0,0.0006258687935769,0,0.9739435122241902,model::electra_base,ELECTRA,42
4089,0,0.0002518378314562,0,0.9739435122241902,model::electra_base,ELECTRA,42
17783,1,0.0003885747282765,0,0.9739435122241902,model::electra_base,ELECTRA,42
16845,1,0.0003737875958904,0,0.9739435122241902,model::electra_base,ELECTRA,42
17988,1,0.0002589818905107,0,0.9739435122241902,model::electra_base,ELECTRA,42
20016,0,0.0002626722271088,0,0.9739435122241902,model::electra_base,ELECTRA,42
20641,1,0.0002485419972799,0,0.9739435122241902,model::electra_base,ELECTRA,42
16492,1,0.0002803392708301,0,0.9739435122241902,model::electra_base,ELECTRA,42
5336,0,0.0006928714574314,0,0.9739435122241902,model::electra_base,ELECTRA,42
17733,1,0.0002808073768392,0,0.9739435122241902,model::electra_base,ELECTRA,42
14810,1,0.0003695836639963,0,0.9739435122241902,model::electra_base,ELECTRA,42
9299,1,0.0003072877589147,0,0.9739435122241902,model::electra_base,ELECTRA,42
16433,0,0.0003112597332801,0,0.9739435122241902,model::electra_base,ELECTRA,42
1734,1,0.0003360080881975,0,0.9739435122241902,model::electra_base,ELECTRA,42
6052,0,0.0004877199826296,0,0.9739435122241902,model::electra_base,ELECTRA,42
5806,1,0.0003220350190531,0,0.9739435122241902,model::electra_base,ELECTRA,42
15588,0,0.0002369237918173,0,0.9739435122241902,model::electra_base,ELECTRA,42
15626,1,0.0004880920459982,0,0.9739435122241902,model::electra_base,ELECTRA,42
9918,1,0.000229553101235,0,0.9739435122241902,model::electra_base,ELECTRA,42
14579,0,0.0003074510022997,0,0.9739435122241902,model::electra_base,ELECTRA,42
16056,1,0.0003701825335156,0,0.9739435122241902,model::electra_base,ELECTRA,42
13238,0,0.0010626752628013,0,0.9739435122241902,model::electra_base,ELECTRA,42
11787,1,0.0005327368853613,0,0.9739435122241902,model::electra_base,ELECTRA,42
10176,1,0.0003746541333384,0,0.9739435122241902,model::electra_base,ELECTRA,42
1360,0,0.0003153944853693,0,0.9739435122241902,model::electra_base,ELECTRA,42
3883,0,0.0002496156375855,0,0.9739435122241902,model::electra_base,ELECTRA,42
5387,0,0.0002419170923531,0,0.9739435122241902,model::electra_base,ELECTRA,42
20307,1,0.000302650645608,0,0.9739435122241902,model::electra_base,ELECTRA,42
1963,0,0.0002619796723593,0,0.9739435122241902,model::electra_base,ELECTRA,42
16002,0,0.0002723378420341,0,0.9739435122241902,model::electra_base,ELECTRA,42
19416,0,0.0002656539727468,0,0.9739435122241902,model::electra_base,ELECTRA,42
5518,0,0.0003936144348699,0,0.9739435122241902,model::electra_base,ELECTRA,42
17651,0,0.0003654154425021,0,0.9739435122241902,model::electra_base,ELECTRA,42
8179,0,0.0008815624169073,0,0.9739435122241902,model::electra_base,ELECTRA,42
10276,0,0.0004260957357473,0,0.9739435122241902,model::electra_base,ELECTRA,42
13812,0,0.0003011740627698,0,0.9739435122241902,model::electra_base,ELECTRA,42
12745,0,0.000279622268863,0,0.9739435122241902,model::electra_base,ELECTRA,42
11182,0,0.0004462770884856,0,0.9739435122241902,model::electra_base,ELECTRA,42
13950,0,0.0002261713234474,0,0.9739435122241902,model::electra_base,ELECTRA,42
16749,1,0.0003189620329067,0,0.9739435122241902,model::electra_base,ELECTRA,42
6368,0,0.0005295670125633,0,0.9739435122241902,model::electra_base,ELECTRA,42
9739,1,0.0003268044674769,0,0.9739435122241902,model::electra_base,ELECTRA,42
7749,0,0.000364553037798,0,0.9739435122241902,model::electra_base,ELECTRA,42
20739,0,0.0002639948506839,0,0.9739435122241902,model::electra_base,ELECTRA,42
19228,1,0.0003399987763259,0,0.9739435122241902,model::electra_base,ELECTRA,42
2161,0,0.0003534010320436,0,0.9739435122241902,model::electra_base,ELECTRA,42
6302,0,0.0007448738906532,0,0.9739435122241902,model::electra_base,ELECTRA,42
6784,1,0.0003161133499816,0,0.9739435122241902,model::electra_base,ELECTRA,42
20887,1,0.0002367370470892,0,0.9739435122241902,model::electra_base,ELECTRA,42
5202,0,0.0012512661051005,0,0.9739435122241902,model::electra_base,ELECTRA,42
6877,1,0.0003096496220678,0,0.9739435122241902,model::electra_base,ELECTRA,42
11013,0,0.0003374099323991,0,0.9739435122241902,model::electra_base,ELECTRA,42
17333,1,0.0002571748336777,0,0.9739435122241902,model::electra_base,ELECTRA,42
16463,0,0.0009122628835029,0,0.9739435122241902,model::electra_base,ELECTRA,42
12128,1,0.000349853769876,0,0.9739435122241902,model::electra_base,ELECTRA,42
20941,0,0.0007232436328195,0,0.9739435122241902,model::electra_base,ELECTRA,42
5545,1,0.0002536884276196,0,0.9739435122241902,model::electra_base,ELECTRA,42
16670,1,0.0002738589537329,0,0.9739435122241902,model::electra_base,ELECTRA,42
17613,1,0.0003295298083685,0,0.9739435122241902,model::electra_base,ELECTRA,42
3261,1,0.0002724560326896,0,0.9739435122241902,model::electra_base,ELECTRA,42
9418,0,0.0005286116502247,0,0.9739435122241902,model::electra_base,ELECTRA,42
7179,1,0.0003040475421585,0,0.9739435122241902,model::electra_base,ELECTRA,42
8831,0,0.0002737185568548,0,0.9739435122241902,model::electra_base,ELECTRA,42
16949,1,0.0004202739801257,0,0.9739435122241902,model::electra_base,ELECTRA,42
1284,0,0.0002283520443597,0,0.9739435122241902,model::electra_base,ELECTRA,42
12243,1,0.0003216922632418,0,0.9739435122241902,model::electra_base,ELECTRA,42
11706,1,0.0002523392322473,0,0.9739435122241902,model::electra_base,ELECTRA,42
20237,0,0.0003587137034628,0,0.9739435122241902,model::electra_base,ELECTRA,42
835,0,0.0003010462969541,0,0.9739435122241902,model::electra_base,ELECTRA,42
16194,1,0.0004111980379093,0,0.9739435122241902,model::electra_base,ELECTRA,42
2330,1,0.0002613049000501,0,0.9739435122241902,model::electra_base,ELECTRA,42
13622,1,0.0007415062864311,0,0.9739435122241902,model::electra_base,ELECTRA,42
18058,1,0.0002701356133911,0,0.9739435122241902,model::electra_base,ELECTRA,42
5015,0,0.0003389797639101,0,0.9739435122241902,model::electra_base,ELECTRA,42
10920,0,0.0004243171424604,0,0.9739435122241902,model::electra_base,ELECTRA,42
13464,0,0.0002489015168976,0,0.9739435122241902,model::electra_base,ELECTRA,42
20656,1,0.0066030393354594,0,0.9739435122241902,model::electra_base,ELECTRA,42
12789,0,0.0004995015333406,0,0.9739435122241902,model::electra_base,ELECTRA,42
19212,1,0.0003747271839529,0,0.9739435122241902,model::electra_base,ELECTRA,42
19282,1,0.0005349026178009,0,0.9739435122241902,model::electra_base,ELECTRA,42
288,0,0.0003070458769798,0,0.9739435122241902,model::electra_base,ELECTRA,42
15250,0,0.0002285859809489,0,0.9739435122241902,model::electra_base,ELECTRA,42
10506,0,0.0002201069437433,0,0.9739435122241902,model::electra_base,ELECTRA,42
3269,1,0.0003386870957911,0,0.9739435122241902,model::electra_base,ELECTRA,42
2241,1,0.0004955529584549,0,0.9739435122241902,model::electra_base,ELECTRA,42
12807,1,0.0003939163871109,0,0.9739435122241902,model::electra_base,ELECTRA,42
21086,0,0.0003541166370268,0,0.9739435122241902,model::electra_base,ELECTRA,42
20188,0,0.0008941865526139,0,0.9739435122241902,model::electra_base,ELECTRA,42
11548,0,0.0002780490031,0,0.9739435122241902,model::electra_base,ELECTRA,42
12955,1,0.0002871216856874,0,0.9739435122241902,model::electra_base,ELECTRA,42
10288,1,0.0002861318935174,0,0.9739435122241902,model::electra_base,ELECTRA,42
6633,1,0.0002758365590125,0,0.9739435122241902,model::electra_base,ELECTRA,42
13995,0,0.0002652052789926,0,0.9739435122241902,model::electra_base,ELECTRA,42
14659,1,0.0002555014216341,0,0.9739435122241902,model::electra_base,ELECTRA,42
3708,1,0.0002979627170134,0,0.9739435122241902,model::electra_base,ELECTRA,42
14245,0,0.0002948682813439,0,0.9739435122241902,model::electra_base,ELECTRA,42
10751,0,0.0002599620493128,0,0.9739435122241902,model::electra_base,ELECTRA,42
20867,1,0.0003200263017788,0,0.9739435122241902,model::electra_base,ELECTRA,42
16297,1,0.0003310333122499,0,0.9739435122241902,model::electra_base,ELECTRA,42
19176,0,0.0004093329189345,0,0.9739435122241902,model::electra_base,ELECTRA,42
10463,1,0.0002826494164764,0,0.9739435122241902,model::electra_base,ELECTRA,42
5943,0,0.0004129106819164,0,0.9739435122241902,model::electra_base,ELECTRA,42
6274,0,0.0015695947222411,0,0.9739435122241902,model::electra_base,ELECTRA,42
7012,1,0.0002386267879046,0,0.9739435122241902,model::electra_base,ELECTRA,42
2528,0,0.000339881167747,0,0.9739435122241902,model::electra_base,ELECTRA,42
5244,1,0.0003956567088607,0,0.9739435122241902,model::electra_base,ELECTRA,42
3228,1,0.000367163476767,0,0.9739435122241902,model::electra_base,ELECTRA,42
13679,1,0.000332663883455,0,0.9739435122241902,model::electra_base,ELECTRA,42
2353,0,0.0002652542898431,0,0.9739435122241902,model::electra_base,ELECTRA,42
17868,0,0.0002446467115078,0,0.9739435122241902,model::electra_base,ELECTRA,42
10911,0,0.0004233201907481,0,0.9739435122241902,model::electra_base,ELECTRA,42
17795,0,0.0003762838314287,0,0.9739435122241902,model::electra_base,ELECTRA,42
4064,0,0.0003718364459928,0,0.9739435122241902,model::electra_base,ELECTRA,42
11220,1,0.0002859459200408,0,0.9739435122241902,model::electra_base,ELECTRA,42
6330,0,0.0002328352857148,0,0.9739435122241902,model::electra_base,ELECTRA,42
3160,1,0.0002673066337592,0,0.9739435122241902,model::electra_base,ELECTRA,42
9211,0,0.0003200256905984,0,0.9739435122241902,model::electra_base,ELECTRA,42
13829,1,0.0002936896344181,0,0.9739435122241902,model::electra_base,ELECTRA,42
20040,0,0.0002887052251026,0,0.9739435122241902,model::electra_base,ELECTRA,42
8151,0,0.0006274975021369,0,0.9739435122241902,model::electra_base,ELECTRA,42
19258,1,0.000413512578234,0,0.9739435122241902,model::electra_base,ELECTRA,42
18899,0,0.0002236373693449,0,0.9739435122241902,model::electra_base,ELECTRA,42
21008,0,0.0002627188223414,0,0.9739435122241902,model::electra_base,ELECTRA,42
17324,1,0.0003935361746698,0,0.9739435122241902,model::electra_base,ELECTRA,42
944,1,0.0003772982163354,0,0.9739435122241902,model::electra_base,ELECTRA,42
8278,0,0.0005084808799438,0,0.9739435122241902,model::electra_base,ELECTRA,42
17555,1,0.0002902145206462,0,0.9739435122241902,model::electra_base,ELECTRA,42
3857,1,0.0003498207079246,0,0.9739435122241902,model::electra_base,ELECTRA,42
12737,1,0.0003596493625082,0,0.9739435122241902,model::electra_base,ELECTRA,42
15545,0,0.0002727775718085,0,0.9739435122241902,model::electra_base,ELECTRA,42
8693,1,0.0003728081937879,0,0.9739435122241902,model::electra_base,ELECTRA,42
2521,1,0.0004327766655478,0,0.9739435122241902,model::electra_base,ELECTRA,42
5398,1,0.0002656851138453,0,0.9739435122241902,model::electra_base,ELECTRA,42
14372,1,0.0003045505727641,0,0.9739435122241902,model::electra_base,ELECTRA,42
14629,0,0.000485252472572,0,0.9739435122241902,model::electra_base,ELECTRA,42
5149,0,0.0007684046286158,0,0.9739435122241902,model::electra_base,ELECTRA,42
1411,1,0.000301222258713,0,0.9739435122241902,model::electra_base,ELECTRA,42
20931,1,0.0003266524581704,0,0.9739435122241902,model::electra_base,ELECTRA,42
7180,0,0.000639152363874,0,0.9739435122241902,model::electra_base,ELECTRA,42
2091,0,0.0003579764743335,0,0.9739435122241902,model::electra_base,ELECTRA,42
2141,1,0.0003309714666102,0,0.9739435122241902,model::electra_base,ELECTRA,42
6695,0,0.000517324253451,0,0.9739435122241902,model::electra_base,ELECTRA,42
7950,0,0.0003248056455049,0,0.9739435122241902,model::electra_base,ELECTRA,42
17601,1,0.0003612081345636,0,0.9739435122241902,model::electra_base,ELECTRA,42
14362,0,0.0002587928320281,0,0.9739435122241902,model::electra_base,ELECTRA,42
9196,1,0.0002433488261885,0,0.9739435122241902,model::electra_base,ELECTRA,42
18311,1,0.0004720922152046,0,0.9739435122241902,model::electra_base,ELECTRA,42
18325,0,0.0004687145992647,0,0.9739435122241902,model::electra_base,ELECTRA,42
2602,0,0.0007822470506653,0,0.9739435122241902,model::electra_base,ELECTRA,42
17256,0,0.0002467169251758,0,0.9739435122241902,model::electra_base,ELECTRA,42
2691,1,0.0002743542136158,0,0.9739435122241902,model::electra_base,ELECTRA,42
19058,0,0.0004204651049803,0,0.9739435122241902,model::electra_base,ELECTRA,42
9185,1,0.0002791662409435,0,0.9739435122241902,model::electra_base,ELECTRA,42
20745,0,0.0006601577042602,0,0.9739435122241902,model::electra_base,ELECTRA,42
9544,0,0.0003210714785382,0,0.9739435122241902,model::electra_base,ELECTRA,42
11431,1,0.0002417644427623,0,0.9739435122241902,model::electra_base,ELECTRA,42
11528,0,0.000350216141669,0,0.9739435122241902,model::electra_base,ELECTRA,42
12441,0,0.0004485051904339,0,0.9739435122241902,model::electra_base,ELECTRA,42
11925,0,0.0003012883244082,0,0.9739435122241902,model::electra_base,ELECTRA,42
2900,0,0.0015675529139116,0,0.9739435122241902,model::electra_base,ELECTRA,42
16701,1,0.0002722698263823,0,0.9739435122241902,model::electra_base,ELECTRA,42
5660,0,0.0003579797048587,0,0.9739435122241902,model::electra_base,ELECTRA,42
346,1,0.0003870739019475,0,0.9739435122241902,model::electra_base,ELECTRA,42
13438,1,0.0002847032737918,0,0.9739435122241902,model::electra_base,ELECTRA,42
1650,0,0.0002398343203822,0,0.9739435122241902,model::electra_base,ELECTRA,42
7861,0,0.0003063225303776,0,0.9739435122241902,model::electra_base,ELECTRA,42
21098,0,0.0003180201456416,0,0.9739435122241902,model::electra_base,ELECTRA,42
3888,1,0.0002550030185375,0,0.9739435122241902,model::electra_base,ELECTRA,42
19944,0,0.0003130888799205,0,0.9739435122241902,model::electra_base,ELECTRA,42
6096,1,0.0002563332382123,0,0.9739435122241902,model::electra_base,ELECTRA,42
12443,1,0.0003443561436142,0,0.9739435122241902,model::electra_base,ELECTRA,42
18921,0,0.000765363452956,0,0.9739435122241902,model::electra_base,ELECTRA,42
19057,1,0.0004118922224733,0,0.9739435122241902,model::electra_base,ELECTRA,42
10696,0,0.000419224059442,0,0.9739435122241902,model::electra_base,ELECTRA,42
1091,0,0.000258531916188,0,0.9739435122241902,model::electra_base,ELECTRA,42
10496,1,0.0003028168866876,0,0.9739435122241902,model::electra_base,ELECTRA,42
5579,1,0.0003347694000694,0,0.9739435122241902,model::electra_base,ELECTRA,42
348,0,0.001064965268597,0,0.9739435122241902,model::electra_base,ELECTRA,42
7791,0,0.0024818340316414,0,0.9739435122241902,model::electra_base,ELECTRA,42
6921,0,0.0002465234720148,0,0.9739435122241902,model::electra_base,ELECTRA,42
5961,0,0.0007505524554289,0,0.9739435122241902,model::electra_base,ELECTRA,42
423,0,0.0002234866697108,0,0.9739435122241902,model::electra_base,ELECTRA,42
5252,1,0.0003238607023376,0,0.9739435122241902,model::electra_base,ELECTRA,42
6483,1,0.0002335414174012,0,0.9739435122241902,model::electra_base,ELECTRA,42
9998,0,0.0002399690565653,0,0.9739435122241902,model::electra_base,ELECTRA,42
11973,1,0.0003110698307864,0,0.9739435122241902,model::electra_base,ELECTRA,42
10073,0,0.0003916960558854,0,0.9739435122241902,model::electra_base,ELECTRA,42
16291,1,0.0003328802704345,0,0.9739435122241902,model::electra_base,ELECTRA,42
15117,0,0.0002385960833635,0,0.9739435122241902,model::electra_base,ELECTRA,42
6412,1,0.0003293538757134,0,0.9739435122241902,model::electra_base,ELECTRA,42
14392,0,0.0002336258330615,0,0.9739435122241902,model::electra_base,ELECTRA,42
13991,1,0.0006959371385164,0,0.9739435122241902,model::electra_base,ELECTRA,42
5799,0,0.0003910291707143,0,0.9739435122241902,model::electra_base,ELECTRA,42
14778,1,0.0003570649132598,0,0.9739435122241902,model::electra_base,ELECTRA,42
15503,0,0.0005878235679119,0,0.9739435122241902,model::electra_base,ELECTRA,42
13030,1,0.000252437632298,0,0.9739435122241902,model::electra_base,ELECTRA,42
5198,1,0.0003766086301766,0,0.9739435122241902,model::electra_base,ELECTRA,42
6892,1,0.0004258945118635,0,0.9739435122241902,model::electra_base,ELECTRA,42
3729,0,0.0007790728705003,0,0.9739435122241902,model::electra_base,ELECTRA,42
8235,1,0.0003214485186617,0,0.9739435122241902,model::electra_base,ELECTRA,42
21073,0,0.0003381889255251,0,0.9739435122241902,model::electra_base,ELECTRA,42
19901,0,0.0002918593818321,0,0.9739435122241902,model::electra_base,ELECTRA,42
16269,0,0.0004527185519691,0,0.9739435122241902,model::electra_base,ELECTRA,42
415,0,0.0003392739745322,0,0.9739435122241902,model::electra_base,ELECTRA,42
619,1,0.0003184255037922,0,0.9739435122241902,model::electra_base,ELECTRA,42
9421,1,0.00027424673317,0,0.9739435122241902,model::electra_base,ELECTRA,42
1992,1,0.000237270767684,0,0.9739435122241902,model::electra_base,ELECTRA,42
9633,0,0.0003697744687087,0,0.9739435122241902,model::electra_base,ELECTRA,42
790,0,0.0005210792296566,0,0.9739435122241902,model::electra_base,ELECTRA,42
7410,1,0.0007465158123522,0,0.9739435122241902,model::electra_base,ELECTRA,42
5427,0,0.0003178858605679,0,0.9739435122241902,model::electra_base,ELECTRA,42
12704,0,0.0003264111874159,0,0.9739435122241902,model::electra_base,ELECTRA,42
7225,1,0.0004672984068747,0,0.9739435122241902,model::electra_base,ELECTRA,42
3310,0,0.0002718330360949,0,0.9739435122241902,model::electra_base,ELECTRA,42
11385,0,0.0002386133710388,0,0.9739435122241902,model::electra_base,ELECTRA,42
490,1,0.0003106069925706,0,0.9739435122241902,model::electra_base,ELECTRA,42
1730,1,0.0005679408786818,0,0.9739435122241902,model::electra_base,ELECTRA,42
20113,1,0.0003041185264009,0,0.9739435122241902,model::electra_base,ELECTRA,42
13770,0,0.0002750461571849,0,0.9739435122241902,model::electra_base,ELECTRA,42
12039,1,0.0003898589347954,0,0.9739435122241902,model::electra_base,ELECTRA,42
8972,0,0.0002187224454246,0,0.9739435122241902,model::electra_base,ELECTRA,42
5955,0,0.0002857270592357,0,0.9739435122241902,model::electra_base,ELECTRA,42
18914,1,0.000472170242574,0,0.9739435122241902,model::electra_base,ELECTRA,42
13109,1,0.0002545451279729,0,0.9739435122241902,model::electra_base,ELECTRA,42
14314,0,0.0002193025284213,0,0.9739435122241902,model::electra_base,ELECTRA,42
487,1,0.0003610048734117,0,0.9739435122241902,model::electra_base,ELECTRA,42
613,0,0.0002687704691197,0,0.9739435122241902,model::electra_base,ELECTRA,42
18712,0,0.0002595825935713,0,0.9739435122241902,model::electra_base,ELECTRA,42
20055,0,0.0008037826046347,0,0.9739435122241902,model::electra_base,ELECTRA,42
18631,0,0.0003938191512133,0,0.9739435122241902,model::electra_base,ELECTRA,42
4749,1,0.0002489337639417,0,0.9739435122241902,model::electra_base,ELECTRA,42
13940,0,0.0003216330369468,0,0.9739435122241902,model::electra_base,ELECTRA,42
18683,0,0.0006511626997962,0,0.9739435122241902,model::electra_base,ELECTRA,42
7674,1,0.0004412350535858,0,0.9739435122241902,model::electra_base,ELECTRA,42
13468,0,0.0002680728503037,0,0.9739435122241902,model::electra_base,ELECTRA,42
1488,1,0.0002771659928839,0,0.9739435122241902,model::electra_base,ELECTRA,42
17143,0,0.0003221741062588,0,0.9739435122241902,model::electra_base,ELECTRA,42
8932,1,0.0003447677299845,0,0.9739435122241902,model::electra_base,ELECTRA,42
10240,1,0.0004794166889041,0,0.9739435122241902,model::electra_base,ELECTRA,42
5794,0,0.0004456670721992,0,0.9739435122241902,model::electra_base,ELECTRA,42
429,1,0.0013411669060587,0,0.9739435122241902,model::electra_base,ELECTRA,42
14203,1,0.0005957226967439,0,0.9739435122241902,model::electra_base,ELECTRA,42
1602,0,0.0003580029297154,0,0.9739435122241902,model::electra_base,ELECTRA,42
10137,1,0.0002851161698345,0,0.9739435122241902,model::electra_base,ELECTRA,42
21093,1,0.0004906323738396,0,0.9739435122241902,model::electra_base,ELECTRA,42
20550,0,0.0003566651721484,0,0.9739435122241902,model::electra_base,ELECTRA,42
16419,1,0.0002615783305373,0,0.9739435122241902,model::electra_base,ELECTRA,42
3435,0,0.00038427542313,0,0.9739435122241902,model::electra_base,ELECTRA,42
19747,0,0.0003578476607799,0,0.9739435122241902,model::electra_base,ELECTRA,42
896,0,0.0002790352737065,0,0.9739435122241902,model::electra_base,ELECTRA,42
1158,0,0.0004002997593488,0,0.9739435122241902,model::electra_base,ELECTRA,42
3961,0,0.0002174166875192,0,0.9739435122241902,model::electra_base,ELECTRA,42
5649,1,0.000363421626389,0,0.9739435122241902,model::electra_base,ELECTRA,42
19197,0,0.0003466631751507,0,0.9739435122241902,model::electra_base,ELECTRA,42
634,0,0.0004769469378516,0,0.9739435122241902,model::electra_base,ELECTRA,42
15856,1,0.0003905530902557,0,0.9739435122241902,model::electra_base,ELECTRA,42
11681,1,0.0005754582234658,0,0.9739435122241902,model::electra_base,ELECTRA,42
18629,1,0.0002737075847107,0,0.9739435122241902,model::electra_base,ELECTRA,42
908,1,0.0002934433578047,0,0.9739435122241902,model::electra_base,ELECTRA,42
10067,0,0.0003249032597523,0,0.9739435122241902,model::electra_base,ELECTRA,42
18318,1,0.0002527815522626,0,0.9739435122241902,model::electra_base,ELECTRA,42
8724,1,0.0003289776504971,0,0.9739435122241902,model::electra_base,ELECTRA,42
17763,0,0.0003709558804985,0,0.9739435122241902,model::electra_base,ELECTRA,42
10931,0,0.000277309824014,0,0.9739435122241902,model::electra_base,ELECTRA,42
5300,1,0.0002918922400567,0,0.9739435122241902,model::electra_base,ELECTRA,42
14296,0,0.0004264909366611,0,0.9739435122241902,model::electra_base,ELECTRA,42
6517,0,0.0004607989685609,0,0.9739435122241902,model::electra_base,ELECTRA,42
9698,0,0.0002921703562606,0,0.9739435122241902,model::electra_base,ELECTRA,42
3299,1,0.0003185220411978,0,0.9739435122241902,model::electra_base,ELECTRA,42
15057,0,0.0003825472958851,0,0.9739435122241902,model::electra_base,ELECTRA,42
18724,1,0.0002813146275002,0,0.9739435122241902,model::electra_base,ELECTRA,42
4523,0,0.0003915198030881,0,0.9739435122241902,model::electra_base,ELECTRA,42
15341,1,0.0003076480061281,0,0.9739435122241902,model::electra_base,ELECTRA,42
20812,0,0.0010394279379397,0,0.9739435122241902,model::electra_base,ELECTRA,42
10438,1,0.0003101899928878,0,0.9739435122241902,model::electra_base,ELECTRA,42
4214,0,0.0003013104724232,0,0.9739435122241902,model::electra_base,ELECTRA,42
17013,0,0.0003534397692419,0,0.9739435122241902,model::electra_base,ELECTRA,42
6937,1,0.0003606697719078,0,0.9739435122241902,model::electra_base,ELECTRA,42
1126,0,0.000423050543759,0,0.9739435122241902,model::electra_base,ELECTRA,42
10572,0,0.0002438856317894,0,0.9739435122241902,model::electra_base,ELECTRA,42
10926,1,0.0005423208349384,0,0.9739435122241902,model::electra_base,ELECTRA,42
6536,1,0.000302590051433,0,0.9739435122241902,model::electra_base,ELECTRA,42
18459,0,0.0053856940940022,0,0.9739435122241902,model::electra_base,ELECTRA,42
11808,0,0.0005623517208732,0,0.9739435122241902,model::electra_base,ELECTRA,42
11380,0,0.0002244698698632,0,0.9739435122241902,model::electra_base,ELECTRA,42
808,1,0.0005122171132825,0,0.9739435122241902,model::electra_base,ELECTRA,42
128,0,0.0004212908388581,0,0.9739435122241902,model::electra_base,ELECTRA,42
2751,0,0.0002560869907028,0,0.9739435122241902,model::electra_base,ELECTRA,42
12590,1,0.0002424807607894,0,0.9739435122241902,model::electra_base,ELECTRA,42
14014,0,0.0007834029966033,0,0.9739435122241902,model::electra_base,ELECTRA,42
18569,0,0.0005140784778632,0,0.9739435122241902,model::electra_base,ELECTRA,42
3436,1,0.0002606783236842,0,0.9739435122241902,model::electra_base,ELECTRA,42
3401,0,0.0003061394963879,0,0.9739435122241902,model::electra_base,ELECTRA,42
15971,0,0.0002624982153065,0,0.9739435122241902,model::electra_base,ELECTRA,42
9490,0,0.0004982640966773,0,0.9739435122241902,model::electra_base,ELECTRA,42
20368,0,0.0003195967001374,0,0.9739435122241902,model::electra_base,ELECTRA,42
6327,1,0.000290793395834,0,0.9739435122241902,model::electra_base,ELECTRA,42
14955,0,0.0002458359522279,0,0.9739435122241902,model::electra_base,ELECTRA,42
4579,1,0.0002355882315896,0,0.9739435122241902,model::electra_base,ELECTRA,42
982,1,0.0002351501607336,0,0.9739435122241902,model::electra_base,ELECTRA,42
8426,1,0.0002793867024593,0,0.9739435122241902,model::electra_base,ELECTRA,42
6009,1,0.000315491342917,0,0.9739435122241902,model::electra_base,ELECTRA,42
334,0,0.000365871033864,0,0.9739435122241902,model::electra_base,ELECTRA,42
19831,1,0.0003836314135696,0,0.9739435122241902,model::electra_base,ELECTRA,42
6688,1,0.0002643509942572,0,0.9739435122241902,model::electra_base,ELECTRA,42
2448,0,0.0010894092265516,0,0.9739435122241902,model::electra_base,ELECTRA,42
17841,1,0.0003220491344109,0,0.9739435122241902,model::electra_base,ELECTRA,42
16629,0,0.001674550701864,0,0.9739435122241902,model::electra_base,ELECTRA,42
5068,1,0.0003665483091026,0,0.9739435122241902,model::electra_base,ELECTRA,42
5234,1,0.0002779413771349,0,0.9739435122241902,model::electra_base,ELECTRA,42
13878,1,0.0002912006748374,0,0.9739435122241902,model::electra_base,ELECTRA,42
14440,1,0.0003336427907925,0,0.9739435122241902,model::electra_base,ELECTRA,42
10785,1,0.0005658517475239,0,0.9739435122241902,model::electra_base,ELECTRA,42
5471,0,0.0004928093403577,0,0.9739435122241902,model::electra_base,ELECTRA,42
13068,0,0.000297946826322,0,0.9739435122241902,model::electra_base,ELECTRA,42
11483,1,0.0003647242265287,0,0.9739435122241902,model::electra_base,ELECTRA,42
8732,0,0.0004294759128242,0,0.9739435122241902,model::electra_base,ELECTRA,42
19263,1,0.000315660436172,0,0.9739435122241902,model::electra_base,ELECTRA,42
9360,0,0.0003697247302625,0,0.9739435122241902,model::electra_base,ELECTRA,42
14206,1,0.0003472734824754,0,0.9739435122241902,model::electra_base,ELECTRA,42
688,0,0.0008351535070687,0,0.9739435122241902,model::electra_base,ELECTRA,42
4075,0,0.0003160506894346,0,0.9739435122241902,model::electra_base,ELECTRA,42
11274,0,0.0003645810647867,0,0.9739435122241902,model::electra_base,ELECTRA,42
13925,1,0.0002415197668597,0,0.9739435122241902,model::electra_base,ELECTRA,42
7279,0,0.0002633749099913,0,0.9739435122241902,model::electra_base,ELECTRA,42
15247,0,0.0002736548776738,0,0.9739435122241902,model::electra_base,ELECTRA,42
7024,0,0.0005118366680108,0,0.9739435122241902,model::electra_base,ELECTRA,42
7278,1,0.0002719424373935,0,0.9739435122241902,model::electra_base,ELECTRA,42
17680,1,0.0004560814995784,0,0.9739435122241902,model::electra_base,ELECTRA,42
6777,1,0.0003222724189981,0,0.9739435122241902,model::electra_base,ELECTRA,42
13849,0,0.0015934925759211,0,0.9739435122241902,model::electra_base,ELECTRA,42
3985,1,0.0002549925702624,0,0.9739435122241902,model::electra_base,ELECTRA,42
6058,1,0.0003782884450629,0,0.9739435122241902,model::electra_base,ELECTRA,42
1079,0,0.0002616120327729,0,0.9739435122241902,model::electra_base,ELECTRA,42
19594,0,0.0003249639412388,0,0.9739435122241902,model::electra_base,ELECTRA,42
850,0,0.0005982022848911,0,0.9739435122241902,model::electra_base,ELECTRA,42
4983,0,0.0002877631923183,0,0.9739435122241902,model::electra_base,ELECTRA,42
174,1,0.0003861674049403,0,0.9739435122241902,model::electra_base,ELECTRA,42
20094,0,0.0004187278100289,0,0.9739435122241902,model::electra_base,ELECTRA,42
20213,1,0.0002660572354216,0,0.9739435122241902,model::electra_base,ELECTRA,42
8534,0,0.0163921657949686,0,0.9739435122241902,model::electra_base,ELECTRA,42
11858,0,0.0002180585870519,0,0.9739435122241902,model::electra_base,ELECTRA,42
367,1,0.0009576926822774,0,0.9739435122241902,model::electra_base,ELECTRA,42
7143,0,0.0007496838807128,0,0.9739435122241902,model::electra_base,ELECTRA,42
10376,0,0.0002650452952366,0,0.9739435122241902,model::electra_base,ELECTRA,42
8199,0,0.0007599251111969,0,0.9739435122241902,model::electra_base,ELECTRA,42
20114,0,0.003231085371226,0,0.9739435122241902,model::electra_base,ELECTRA,42
11262,0,0.0002543913142289,0,0.9739435122241902,model::electra_base,ELECTRA,42
9563,1,0.0002232338738394,0,0.9739435122241902,model::electra_base,ELECTRA,42
12761,1,0.0003035528352484,0,0.9739435122241902,model::electra_base,ELECTRA,42
17570,1,0.000242382986471,0,0.9739435122241902,model::electra_base,ELECTRA,42
16713,0,0.0003649254504125,0,0.9739435122241902,model::electra_base,ELECTRA,42
5713,1,0.0002541941939853,0,0.9739435122241902,model::electra_base,ELECTRA,42
5414,0,0.0003387401811778,0,0.9739435122241902,model::electra_base,ELECTRA,42
18494,1,0.0003058710426557,0,0.9739435122241902,model::electra_base,ELECTRA,42
1935,1,0.0002637533179949,0,0.9739435122241902,model::electra_base,ELECTRA,42
16113,1,0.0002368573768762,0,0.9739435122241902,model::electra_base,ELECTRA,42
1441,0,0.0019731854554265,0,0.9739435122241902,model::electra_base,ELECTRA,42
1228,0,0.0005448553129099,0,0.9739435122241902,model::electra_base,ELECTRA,42
19144,1,0.0003306548169348,0,0.9739435122241902,model::electra_base,ELECTRA,42
4712,1,0.0003126310475636,0,0.9739435122241902,model::electra_base,ELECTRA,42
11466,0,0.0003584861988201,0,0.9739435122241902,model::electra_base,ELECTRA,42
17459,0,0.0003476229321677,0,0.9739435122241902,model::electra_base,ELECTRA,42
8967,0,0.0003626474644988,0,0.9739435122241902,model::electra_base,ELECTRA,42
14341,0,0.000283825705992,0,0.9739435122241902,model::electra_base,ELECTRA,42
3632,0,0.0007126103155314,0,0.9739435122241902,model::electra_base,ELECTRA,42
3480,1,0.0002638811129145,0,0.9739435122241902,model::electra_base,ELECTRA,42
6585,1,0.0003691235615406,0,0.9739435122241902,model::electra_base,ELECTRA,42
6008,0,0.0009283088729716,0,0.9739435122241902,model::electra_base,ELECTRA,42
1254,0,0.0002187011414207,0,0.9739435122241902,model::electra_base,ELECTRA,42
17474,0,0.0002323875087313,0,0.9739435122241902,model::electra_base,ELECTRA,42
1177,1,0.0002732559805735,0,0.9739435122241902,model::electra_base,ELECTRA,42
11781,1,0.0005292718997225,0,0.9739435122241902,model::electra_base,ELECTRA,42
2146,1,0.0002278844185639,0,0.9739435122241902,model::electra_base,ELECTRA,42
18172,1,0.0004027078393846,0,0.9739435122241902,model::electra_base,ELECTRA,42
7548,0,0.000227148149861,0,0.9739435122241902,model::electra_base,ELECTRA,42
764,0,0.000274519843515,0,0.9739435122241902,model::electra_base,ELECTRA,42
14320,1,0.0002738119801506,0,0.9739435122241902,model::electra_base,ELECTRA,42
15706,1,0.0003367649333085,0,0.9739435122241902,model::electra_base,ELECTRA,42
780,0,0.0002368688874412,0,0.9739435122241902,model::electra_base,ELECTRA,42
3599,1,0.0004415320872794,0,0.9739435122241902,model::electra_base,ELECTRA,42
6337,0,0.0002486730518285,0,0.9739435122241902,model::electra_base,ELECTRA,42
8245,0,0.0002742208307608,0,0.9739435122241902,model::electra_base,ELECTRA,42
4228,1,0.0002815875341184,0,0.9739435122241902,model::electra_base,ELECTRA,42
11837,0,0.0002513813378755,0,0.9739435122241902,model::electra_base,ELECTRA,42
3082,1,0.0002707335515879,0,0.9739435122241902,model::electra_base,ELECTRA,42
13788,1,0.0002771031286101,0,0.9739435122241902,model::electra_base,ELECTRA,42
18100,0,0.0002225671923952,0,0.9739435122241902,model::electra_base,ELECTRA,42
3378,0,0.0002826844865921,0,0.9739435122241902,model::electra_base,ELECTRA,42
15236,1,0.0003003923047799,0,0.9739435122241902,model::electra_base,ELECTRA,42
6983,1,0.0004157750809099,0,0.9739435122241902,model::electra_base,ELECTRA,42
2555,1,0.0003030277148354,0,0.9739435122241902,model::electra_base,ELECTRA,42
12868,0,0.0002740182972047,0,0.9739435122241902,model::electra_base,ELECTRA,42
13479,1,0.0002265149087179,0,0.9739435122241902,model::electra_base,ELECTRA,42
14049,0,0.0002775113680399,0,0.9739435122241902,model::electra_base,ELECTRA,42
6635,0,0.0007041294593364,0,0.9739435122241902,model::electra_base,ELECTRA,42
7378,1,0.0002671947877388,0,0.9739435122241902,model::electra_base,ELECTRA,42
20958,1,0.0002996863331645,0,0.9739435122241902,model::electra_base,ELECTRA,42
14303,1,0.0003235283656977,0,0.9739435122241902,model::electra_base,ELECTRA,42
20001,0,0.0004264974559191,0,0.9739435122241902,model::electra_base,ELECTRA,42
2340,0,0.0003844527818728,0,0.9739435122241902,model::electra_base,ELECTRA,42
6722,0,0.0002809452998917,0,0.9739435122241902,model::electra_base,ELECTRA,42
10561,0,0.002334366319701,0,0.9739435122241902,model::electra_base,ELECTRA,42
8073,0,0.0003396330284886,0,0.9739435122241902,model::electra_base,ELECTRA,42
8739,1,0.0002703206264413,0,0.9739435122241902,model::electra_base,ELECTRA,42
7683,0,0.0002546783944126,0,0.9739435122241902,model::electra_base,ELECTRA,42
562,1,0.0002534321683924,0,0.9739435122241902,model::electra_base,ELECTRA,42
481,0,0.0004229320038575,0,0.9739435122241902,model::electra_base,ELECTRA,42
11690,0,0.0004937988705933,0,0.9739435122241902,model::electra_base,ELECTRA,42
8968,0,0.0006021950975991,0,0.9739435122241902,model::electra_base,ELECTRA,42
10874,0,0.0002912192430812,0,0.9739435122241902,model::electra_base,ELECTRA,42
210,1,0.0003119953325949,0,0.9739435122241902,model::electra_base,ELECTRA,42
4549,1,0.0003554480790626,0,0.9739435122241902,model::electra_base,ELECTRA,42
1413,0,0.0003607664548326,0,0.9739435122241902,model::electra_base,ELECTRA,42
15997,1,0.0003007473424077,0,0.9739435122241902,model::electra_base,ELECTRA,42
75,0,0.0002645597560331,0,0.9739435122241902,model::electra_base,ELECTRA,42
2717,0,0.0002840249508153,0,0.9739435122241902,model::electra_base,ELECTRA,42
19926,1,0.0004930035793222,0,0.9739435122241902,model::electra_base,ELECTRA,42
15315,1,0.0003378654073458,0,0.9739435122241902,model::electra_base,ELECTRA,42
9835,0,0.0004456279275473,0,0.9739435122241902,model::electra_base,ELECTRA,42
5659,0,0.0002187733189202,0,0.9739435122241902,model::electra_base,ELECTRA,42
18648,0,0.0003036961134057,0,0.9739435122241902,model::electra_base,ELECTRA,42
9603,0,0.000373643299099,0,0.9739435122241902,model::electra_base,ELECTRA,42
18453,0,0.0002699193719308,0,0.9739435122241902,model::electra_base,ELECTRA,42
16468,1,0.000542014138773,0,0.9739435122241902,model::electra_base,ELECTRA,42
16588,1,0.000301726424368,0,0.9739435122241902,model::electra_base,ELECTRA,42
16650,1,0.0003542405611369,0,0.9739435122241902,model::electra_base,ELECTRA,42
15928,0,0.0002824312250595,0,0.9739435122241902,model::electra_base,ELECTRA,42
13095,0,0.0002583261521067,0,0.9739435122241902,model::electra_base,ELECTRA,42
14860,0,0.0003500282473396,0,0.9739435122241902,model::electra_base,ELECTRA,42
4139,0,0.0007436525193043,0,0.9739435122241902,model::electra_base,ELECTRA,42
20110,0,0.0002632458345033,0,0.9739435122241902,model::electra_base,ELECTRA,42
4560,1,0.000465276709292,0,0.9739435122241902,model::electra_base,ELECTRA,42
19539,1,0.0005373316816985,0,0.9739435122241902,model::electra_base,ELECTRA,42
9745,0,0.0002753617882262,0,0.9739435122241902,model::electra_base,ELECTRA,42
5156,1,0.0002993696543853,0,0.9739435122241902,model::electra_base,ELECTRA,42
20760,0,0.0003721917746588,0,0.9739435122241902,model::electra_base,ELECTRA,42
16958,1,0.0003162764478474,0,0.9739435122241902,model::electra_base,ELECTRA,42
11575,0,0.0005998659180477,0,0.9739435122241902,model::electra_base,ELECTRA,42
3619,1,0.0003487456706352,0,0.9739435122241902,model::electra_base,ELECTRA,42
10185,0,0.0006326455622911,0,0.9739435122241902,model::electra_base,ELECTRA,42
2926,0,0.000613484531641,0,0.9739435122241902,model::electra_base,ELECTRA,42
2115,1,0.0002541549620218,0,0.9739435122241902,model::electra_base,ELECTRA,42
1055,1,0.0002526417956687,0,0.9739435122241902,model::electra_base,ELECTRA,42
8123,1,0.0003803527215495,0,0.9739435122241902,model::electra_base,ELECTRA,42
12769,0,0.0011541558196768,0,0.9739435122241902,model::electra_base,ELECTRA,42
15160,0,0.0037026484496891,0,0.9739435122241902,model::electra_base,ELECTRA,42
5461,0,0.0002170078660128,0,0.9739435122241902,model::electra_base,ELECTRA,42
17879,0,0.0002551185316406,0,0.9739435122241902,model::electra_base,ELECTRA,42
10608,0,0.0003167251416016,0,0.9739435122241902,model::electra_base,ELECTRA,42
7532,0,0.0002496572851669,0,0.9739435122241902,model::electra_base,ELECTRA,42
17132,0,0.000524045608472,0,0.9739435122241902,model::electra_base,ELECTRA,42
8408,1,0.000317490339512,0,0.9739435122241902,model::electra_base,ELECTRA,42
10165,1,0.0002800208167172,0,0.9739435122241902,model::electra_base,ELECTRA,42
21091,1,0.0002521242131479,0,0.9739435122241902,model::electra_base,ELECTRA,42
12766,0,0.0003118116001132,0,0.9739435122241902,model::electra_base,ELECTRA,42
2251,0,0.1851708143949508,0,0.9739435122241902,model::electra_base,ELECTRA,42
8615,0,0.0003004877071361,0,0.9739435122241902,model::electra_base,ELECTRA,42
8378,0,0.0002305520174559,0,0.9739435122241902,model::electra_base,ELECTRA,42
14277,0,0.0002215500571765,0,0.9739435122241902,model::electra_base,ELECTRA,42
19458,0,0.0003736682119779,0,0.9739435122241902,model::electra_base,ELECTRA,42
20796,0,0.0007985560805536,0,0.9739435122241902,model::electra_base,ELECTRA,42
5845,1,0.0003933724656235,0,0.9739435122241902,model::electra_base,ELECTRA,42
1310,0,0.0002267124218633,0,0.9739435122241902,model::electra_base,ELECTRA,42
4280,1,0.0002478627720847,0,0.9739435122241902,model::electra_base,ELECTRA,42
15389,1,0.000450588442618,0,0.9739435122241902,model::electra_base,ELECTRA,42
496,1,0.0002860364329535,0,0.9739435122241902,model::electra_base,ELECTRA,42
18252,1,0.0002917642414104,0,0.9739435122241902,model::electra_base,ELECTRA,42
6519,0,0.0002941976999863,0,0.9739435122241902,model::electra_base,ELECTRA,42
11741,0,0.0003603807417675,0,0.9739435122241902,model::electra_base,ELECTRA,42
484,1,0.0002375016192672,0,0.9739435122241902,model::electra_base,ELECTRA,42
9895,0,0.0002732106659095,0,0.9739435122241902,model::electra_base,ELECTRA,42
923,0,0.0002695498114917,0,0.9739435122241902,model::electra_base,ELECTRA,42
3798,0,0.0003027037600986,0,0.9739435122241902,model::electra_base,ELECTRA,42
18139,0,0.0008426615386269,0,0.9739435122241902,model::electra_base,ELECTRA,42
17468,1,0.0003278673975728,0,0.9739435122241902,model::electra_base,ELECTRA,42
15063,1,0.0002984289894811,0,0.9739435122241902,model::electra_base,ELECTRA,42
126,1,0.0002440530806779,0,0.9739435122241902,model::electra_base,ELECTRA,42
21095,1,0.0003030606603715,0,0.9739435122241902,model::electra_base,ELECTRA,42
15130,0,0.0002872153418138,0,0.9739435122241902,model::electra_base,ELECTRA,42
19359,1,0.000267238356173,0,0.9739435122241902,model::electra_base,ELECTRA,42
9491,1,0.0002946372842416,0,0.9739435122241902,model::electra_base,ELECTRA,42
19796,1,0.0002996269322466,0,0.9739435122241902,model::electra_base,ELECTRA,42
13646,1,0.0002786073018796,0,0.9739435122241902,model::electra_base,ELECTRA,42
466,1,0.000427181017585,0,0.9739435122241902,model::electra_base,ELECTRA,42
6094,0,0.000213579434785,0,0.9739435122241902,model::electra_base,ELECTRA,42
15145,0,0.0002522403665352,0,0.9739435122241902,model::electra_base,ELECTRA,42
16604,1,0.0013572972966358,0,0.9739435122241902,model::electra_base,ELECTRA,42
17821,1,0.000309336814098,0,0.9739435122241902,model::electra_base,ELECTRA,42
17419,1,0.0002643520128913,0,0.9739435122241902,model::electra_base,ELECTRA,42
14877,1,0.0003300516982562,0,0.9739435122241902,model::electra_base,ELECTRA,42
8393,1,0.0002852409670595,0,0.9739435122241902,model::electra_base,ELECTRA,42
18878,1,0.000267946626991,0,0.9739435122241902,model::electra_base,ELECTRA,42
6177,1,0.000672101683449,0,0.9739435122241902,model::electra_base,ELECTRA,42
7263,1,0.0002655650605447,0,0.9739435122241902,model::electra_base,ELECTRA,42
15386,0,0.0002871014294214,0,0.9739435122241902,model::electra_base,ELECTRA,42
14349,1,0.0003625160898081,0,0.9739435122241902,model::electra_base,ELECTRA,42
21131,1,0.0005631879903376,0,0.9739435122241902,model::electra_base,ELECTRA,42
9817,0,0.999091386795044,1,0.9739435122241902,model::electra_base,ELECTRA,42
10877,0,0.0002489257021807,0,0.9739435122241902,model::electra_base,ELECTRA,42
18463,1,0.0004820314061362,0,0.9739435122241902,model::electra_base,ELECTRA,42
6629,1,0.0013098426861688,0,0.9739435122241902,model::electra_base,ELECTRA,42
14541,1,0.0004701985453721,0,0.9739435122241902,model::electra_base,ELECTRA,42
14884,1,0.0003588308754842,0,0.9739435122241902,model::electra_base,ELECTRA,42
2215,0,0.0002614696277305,0,0.9739435122241902,model::electra_base,ELECTRA,42
9773,1,0.0002423543337499,0,0.9739435122241902,model::electra_base,ELECTRA,42
18562,0,0.0003376284148544,0,0.9739435122241902,model::electra_base,ELECTRA,42
6143,1,0.0003007562481798,0,0.9739435122241902,model::electra_base,ELECTRA,42
11551,0,0.0011223631445318,0,0.9739435122241902,model::electra_base,ELECTRA,42
13996,1,0.000249051983701,0,0.9739435122241902,model::electra_base,ELECTRA,42
9568,1,0.0003279786615166,0,0.9739435122241902,model::electra_base,ELECTRA,42
19372,1,0.0004228814214002,0,0.9739435122241902,model::electra_base,ELECTRA,42
8080,1,0.000457569520222,0,0.9739435122241902,model::electra_base,ELECTRA,42
7987,1,0.0003870204091072,0,0.9739435122241902,model::electra_base,ELECTRA,42
20784,1,0.0004580953391268,0,0.9739435122241902,model::electra_base,ELECTRA,42
16157,0,0.0005353571032173,0,0.9739435122241902,model::electra_base,ELECTRA,42
13696,1,0.0004119295626878,0,0.9739435122241902,model::electra_base,ELECTRA,42
10440,1,0.0002773579326458,0,0.9739435122241902,model::electra_base,ELECTRA,42
15548,1,0.0009174424340017,0,0.9739435122241902,model::electra_base,ELECTRA,42
19883,0,0.0006060944870114,0,0.9739435122241902,model::electra_base,ELECTRA,42
12834,1,0.0002511752827558,0,0.9739435122241902,model::electra_base,ELECTRA,42
20620,0,0.0002540468703955,0,0.9739435122241902,model::electra_base,ELECTRA,42
5767,0,0.0011055002687498,0,0.9739435122241902,model::electra_base,ELECTRA,42
17817,0,0.0003123816568404,0,0.9739435122241902,model::electra_base,ELECTRA,42
20158,0,0.0002474425127729,0,0.9739435122241902,model::electra_base,ELECTRA,42
880,0,0.0002799591748043,0,0.9739435122241902,model::electra_base,ELECTRA,42
12576,0,0.0002479195245541,0,0.9739435122241902,model::electra_base,ELECTRA,42
644,1,0.0002897354133892,0,0.9739435122241902,model::electra_base,ELECTRA,42
19510,0,0.000232978753047,0,0.9739435122241902,model::electra_base,ELECTRA,42
15492,0,0.9916035532951356,1,0.9739435122241902,model::electra_base,ELECTRA,42
7563,0,0.00037187433918,0,0.9739435122241902,model::electra_base,ELECTRA,42
11597,0,0.0002914273063652,0,0.9739435122241902,model::electra_base,ELECTRA,42
16398,0,0.0002159662981284,0,0.9739435122241902,model::electra_base,ELECTRA,42
11855,1,0.0002417022187728,0,0.9739435122241902,model::electra_base,ELECTRA,42
2772,1,0.000305544323055,0,0.9739435122241902,model::electra_base,ELECTRA,42
21125,1,0.0002511374768801,0,0.9739435122241902,model::electra_base,ELECTRA,42
10189,1,0.0003332787891849,0,0.9739435122241902,model::electra_base,ELECTRA,42
5790,0,0.0003039570874534,0,0.9739435122241902,model::electra_base,ELECTRA,42
9368,0,0.0002708001702558,0,0.9739435122241902,model::electra_base,ELECTRA,42
6941,0,0.0002168769133277,0,0.9739435122241902,model::electra_base,ELECTRA,42
3266,0,0.0002742833748925,0,0.9739435122241902,model::electra_base,ELECTRA,42
11833,0,0.0003391210047993,0,0.9739435122241902,model::electra_base,ELECTRA,42
6764,1,0.000276658887742,0,0.9739435122241902,model::electra_base,ELECTRA,42
13066,1,0.0004957451601512,0,0.9739435122241902,model::electra_base,ELECTRA,42
20392,0,0.0002608921786304,0,0.9739435122241902,model::electra_base,ELECTRA,42
394,0,0.0003915482084266,0,0.9739435122241902,model::electra_base,ELECTRA,42
1023,0,0.0003002783632837,0,0.9739435122241902,model::electra_base,ELECTRA,42
13531,1,0.0002616563870105,0,0.9739435122241902,model::electra_base,ELECTRA,42
12092,0,0.0002133376256097,0,0.9739435122241902,model::electra_base,ELECTRA,42
13760,1,0.0002597658021841,0,0.9739435122241902,model::electra_base,ELECTRA,42
2190,1,0.0002614578988868,0,0.9739435122241902,model::electra_base,ELECTRA,42
18934,0,0.0003642841475084,0,0.9739435122241902,model::electra_base,ELECTRA,42
19211,1,0.000581132073421,0,0.9739435122241902,model::electra_base,ELECTRA,42
11587,0,0.000347676599631,0,0.9739435122241902,model::electra_base,ELECTRA,42
17062,0,0.0002449258463457,0,0.9739435122241902,model::electra_base,ELECTRA,42
2259,1,0.000293295684969,0,0.9739435122241902,model::electra_base,ELECTRA,42
13809,1,0.000363418192137,0,0.9739435122241902,model::electra_base,ELECTRA,42
1803,1,0.000260319939116,0,0.9739435122241902,model::electra_base,ELECTRA,42
12667,1,0.0003326404257677,0,0.9739435122241902,model::electra_base,ELECTRA,42
17411,0,0.0002427738800179,0,0.9739435122241902,model::electra_base,ELECTRA,42
8698,1,0.0002833714534062,0,0.9739435122241902,model::electra_base,ELECTRA,42
6460,1,0.0003187884576618,0,0.9739435122241902,model::electra_base,ELECTRA,42
13965,1,0.0002357306802878,0,0.9739435122241902,model::electra_base,ELECTRA,42
11339,0,0.0002704387006815,0,0.9739435122241902,model::electra_base,ELECTRA,42
7569,1,0.0003700400411617,0,0.9739435122241902,model::electra_base,ELECTRA,42
7963,1,0.0002786737168207,0,0.9739435122241902,model::electra_base,ELECTRA,42
3414,1,0.0002748917031567,0,0.9739435122241902,model::electra_base,ELECTRA,42
2590,1,0.0002587903873063,0,0.9739435122241902,model::electra_base,ELECTRA,42
14210,1,0.000285418034764,0,0.9739435122241902,model::electra_base,ELECTRA,42
10156,1,0.0004298004787415,0,0.9739435122241902,model::electra_base,ELECTRA,42
8969,0,0.0004728611966129,0,0.9739435122241902,model::electra_base,ELECTRA,42
4717,1,0.000273427227512,0,0.9739435122241902,model::electra_base,ELECTRA,42
16809,0,0.0003295920032542,0,0.9739435122241902,model::electra_base,ELECTRA,42
4177,1,0.0003616593312472,0,0.9739435122241902,model::electra_base,ELECTRA,42
4534,1,0.0007487180409952,0,0.9739435122241902,model::electra_base,ELECTRA,42
14469,0,0.0002438735245959,0,0.9739435122241902,model::electra_base,ELECTRA,42
11927,1,0.0003459233266767,0,0.9739435122241902,model::electra_base,ELECTRA,42
19264,0,0.0002992318186443,0,0.9739435122241902,model::electra_base,ELECTRA,42
16944,0,0.0007034989539533,0,0.9739435122241902,model::electra_base,ELECTRA,42
20919,1,0.0002702074998524,0,0.9739435122241902,model::electra_base,ELECTRA,42
5177,0,0.0011016183998435,0,0.9739435122241902,model::electra_base,ELECTRA,42
18181,1,0.0002444497076794,0,0.9739435122241902,model::electra_base,ELECTRA,42
19414,1,0.0003036581911146,0,0.9739435122241902,model::electra_base,ELECTRA,42
191,1,0.0002966944593936,0,0.9739435122241902,model::electra_base,ELECTRA,42
13914,1,0.0002665955107659,0,0.9739435122241902,model::electra_base,ELECTRA,42
20969,1,0.0002928980102296,0,0.9739435122241902,model::electra_base,ELECTRA,42
8565,1,0.0002599672588985,0,0.9739435122241902,model::electra_base,ELECTRA,42
15773,1,0.0002620178856886,0,0.9739435122241902,model::electra_base,ELECTRA,42
9829,1,0.0002321343927178,0,0.9739435122241902,model::electra_base,ELECTRA,42
14330,0,0.000218457338633,0,0.9739435122241902,model::electra_base,ELECTRA,42
19291,0,0.0003174215962644,0,0.9739435122241902,model::electra_base,ELECTRA,42
10709,1,0.0003541480400599,0,0.9739435122241902,model::electra_base,ELECTRA,42
1170,0,0.0005264085484668,0,0.9739435122241902,model::electra_base,ELECTRA,42
15340,1,0.0002665193169377,0,0.9739435122241902,model::electra_base,ELECTRA,42
14324,1,0.0003791681665461,0,0.9739435122241902,model::electra_base,ELECTRA,42
18346,0,0.0424548797309398,0,0.9739435122241902,model::electra_base,ELECTRA,42
14941,1,0.0002612147363834,0,0.9739435122241902,model::electra_base,ELECTRA,42
19736,0,0.0002794527390506,0,0.9739435122241902,model::electra_base,ELECTRA,42
17760,1,0.0003156839229632,0,0.9739435122241902,model::electra_base,ELECTRA,42
10372,1,0.0002488848986104,0,0.9739435122241902,model::electra_base,ELECTRA,42
7236,1,0.0005164753529243,0,0.9739435122241902,model::electra_base,ELECTRA,42
4339,1,0.0005228207446634,0,0.9739435122241902,model::electra_base,ELECTRA,42
6041,0,0.0022375176195055,0,0.9739435122241902,model::electra_base,ELECTRA,42
5369,0,0.0002702458587009,0,0.9739435122241902,model::electra_base,ELECTRA,42
16730,0,0.0006074506090953,0,0.9739435122241902,model::electra_base,ELECTRA,42
20508,1,0.0009152003913186,0,0.9739435122241902,model::electra_base,ELECTRA,42
13592,1,0.0006599387270398,0,0.9739435122241902,model::electra_base,ELECTRA,42
8155,1,0.0003317394002806,0,0.9739435122241902,model::electra_base,ELECTRA,42
18328,0,0.0003463433822616,0,0.9739435122241902,model::electra_base,ELECTRA,42
19562,1,0.0002492985804565,0,0.9739435122241902,model::electra_base,ELECTRA,42
17565,0,0.0002533963997848,0,0.9739435122241902,model::electra_base,ELECTRA,42
1493,0,0.0002377377240918,0,0.9739435122241902,model::electra_base,ELECTRA,42
15789,1,0.0002683336497284,0,0.9739435122241902,model::electra_base,ELECTRA,42
4254,1,0.0004054690070915,0,0.9739435122241902,model::electra_base,ELECTRA,42
19938,1,0.0006585816736333,0,0.9739435122241902,model::electra_base,ELECTRA,42
2511,0,0.0002861539833247,0,0.9739435122241902,model::electra_base,ELECTRA,42
3060,1,0.0002344937238376,0,0.9739435122241902,model::electra_base,ELECTRA,42
5849,1,0.0006215956527739,0,0.9739435122241902,model::electra_base,ELECTRA,42
18804,1,0.0002717791649047,0,0.9739435122241902,model::electra_base,ELECTRA,42
2992,1,0.0003499058075249,0,0.9739435122241902,model::electra_base,ELECTRA,42
1449,1,0.0005217329598963,0,0.9739435122241902,model::electra_base,ELECTRA,42
20007,0,0.0003869278007186,0,0.9739435122241902,model::electra_base,ELECTRA,42
19349,1,0.0002474493521731,0,0.9739435122241902,model::electra_base,ELECTRA,42
17116,1,0.0002919551334343,0,0.9739435122241902,model::electra_base,ELECTRA,42
1129,0,0.0006053007091395,0,0.9739435122241902,model::electra_base,ELECTRA,42
17084,1,0.0004553309408947,0,0.9739435122241902,model::electra_base,ELECTRA,42
11028,0,0.0003598420880734,0,0.9739435122241902,model::electra_base,ELECTRA,42
9985,1,0.0003716434293892,0,0.9739435122241902,model::electra_base,ELECTRA,42
9096,0,0.0002931511262431,0,0.9739435122241902,model::electra_base,ELECTRA,42
20664,0,0.0003217428456991,0,0.9739435122241902,model::electra_base,ELECTRA,42
6968,1,0.0003732748446054,0,0.9739435122241902,model::electra_base,ELECTRA,42
15681,0,0.0005582005251199,0,0.9739435122241902,model::electra_base,ELECTRA,42
7172,0,0.0002550198114477,0,0.9739435122241902,model::electra_base,ELECTRA,42
10656,0,0.0003584544174373,0,0.9739435122241902,model::electra_base,ELECTRA,42
3398,0,0.0045027253217995,0,0.9739435122241902,model::electra_base,ELECTRA,42
1970,1,0.0002650594105944,0,0.9739435122241902,model::electra_base,ELECTRA,42
3690,1,0.0002659988822415,0,0.9739435122241902,model::electra_base,ELECTRA,42
5829,0,0.0003039744624402,0,0.9739435122241902,model::electra_base,ELECTRA,42
8905,0,0.00047117084614,0,0.9739435122241902,model::electra_base,ELECTRA,42
15440,0,0.0005166599876247,0,0.9739435122241902,model::electra_base,ELECTRA,42
49,1,0.000307197246002,0,0.9739435122241902,model::electra_base,ELECTRA,42
2412,1,0.0003037742862943,0,0.9739435122241902,model::electra_base,ELECTRA,42
13478,0,0.0002216478751506,0,0.9739435122241902,model::electra_base,ELECTRA,42
17514,0,0.0003731262986548,0,0.9739435122241902,model::electra_base,ELECTRA,42
3723,0,0.0003209613205399,0,0.9739435122241902,model::electra_base,ELECTRA,42
7471,0,0.999536156654358,1,0.9739435122241902,model::electra_base,ELECTRA,42
25,1,0.0005961736897006,0,0.9739435122241902,model::electra_base,ELECTRA,42
17971,1,0.000308869726723,0,0.9739435122241902,model::electra_base,ELECTRA,42
5061,1,0.0002736209717113,0,0.9739435122241902,model::electra_base,ELECTRA,42
11342,0,0.0002445926074869,0,0.9739435122241902,model::electra_base,ELECTRA,42
4069,1,0.0002879762032534,0,0.9739435122241902,model::electra_base,ELECTRA,42
1796,0,0.99913090467453,1,0.9739435122241902,model::electra_base,ELECTRA,42
13682,0,0.0002383666433161,0,0.9739435122241902,model::electra_base,ELECTRA,42
8867,1,0.0002784944081213,0,0.9739435122241902,model::electra_base,ELECTRA,42
15767,1,0.0003526380751281,0,0.9739435122241902,model::electra_base,ELECTRA,42
20628,1,0.0002851588360499,0,0.9739435122241902,model::electra_base,ELECTRA,42
6935,1,0.0003859830030705,0,0.9739435122241902,model::electra_base,ELECTRA,42
20056,1,0.0002770857245195,0,0.9739435122241902,model::electra_base,ELECTRA,42
5592,1,0.0006457985145971,0,0.9739435122241902,model::electra_base,ELECTRA,42
19316,1,0.0003110502730123,0,0.9739435122241902,model::electra_base,ELECTRA,42
7887,1,0.0004084953980054,0,0.9739435122241902,model::electra_base,ELECTRA,42
10219,1,0.0003517285222187,0,0.9739435122241902,model::electra_base,ELECTRA,42
15212,0,0.0003772106720134,0,0.9739435122241902,model::electra_base,ELECTRA,42
8530,0,0.0004135023045819,0,0.9739435122241902,model::electra_base,ELECTRA,42
11428,1,0.0004721720470115,0,0.9739435122241902,model::electra_base,ELECTRA,42
4217,0,0.0008428568253293,0,0.9739435122241902,model::electra_base,ELECTRA,42
15424,0,0.0002699196338653,0,0.9739435122241902,model::electra_base,ELECTRA,42
21114,1,0.0002592501696199,0,0.9739435122241902,model::electra_base,ELECTRA,42
5793,1,0.0003560371987987,0,0.9739435122241902,model::electra_base,ELECTRA,42
14533,1,0.0002576524275355,0,0.9739435122241902,model::electra_base,ELECTRA,42
7866,1,0.0003842138976324,0,0.9739435122241902,model::electra_base,ELECTRA,42
19695,1,0.000414132111473,0,0.9739435122241902,model::electra_base,ELECTRA,42
16004,1,0.00050196290249,0,0.9739435122241902,model::electra_base,ELECTRA,42
3239,0,0.0003430531651247,0,0.9739435122241902,model::electra_base,ELECTRA,42
3527,0,0.0002742043870966,0,0.9739435122241902,model::electra_base,ELECTRA,42
16501,1,0.0003465385816525,0,0.9739435122241902,model::electra_base,ELECTRA,42
18416,0,0.0002838035288732,0,0.9739435122241902,model::electra_base,ELECTRA,42
19251,0,0.000423055171268,0,0.9739435122241902,model::electra_base,ELECTRA,42
2961,1,0.0002317624021088,0,0.9739435122241902,model::electra_base,ELECTRA,42
11149,0,0.0003291608591098,0,0.9739435122241902,model::electra_base,ELECTRA,42
12669,1,0.0002401983947493,0,0.9739435122241902,model::electra_base,ELECTRA,42
20575,0,0.0002312110591446,0,0.9739435122241902,model::electra_base,ELECTRA,42
19971,0,0.000477952969959,0,0.9739435122241902,model::electra_base,ELECTRA,42
10848,0,0.0002940658887382,0,0.9739435122241902,model::electra_base,ELECTRA,42
9864,1,0.0002544704184401,0,0.9739435122241902,model::electra_base,ELECTRA,42
20475,0,0.0002949590852949,0,0.9739435122241902,model::electra_base,ELECTRA,42
13271,1,0.000257203791989,0,0.9739435122241902,model::electra_base,ELECTRA,42
15921,1,0.0003269914595875,0,0.9739435122241902,model::electra_base,ELECTRA,42
10018,1,0.0003129420801997,0,0.9739435122241902,model::electra_base,ELECTRA,42
16642,0,0.0003052377724088,0,0.9739435122241902,model::electra_base,ELECTRA,42
10634,0,0.0003621768846642,0,0.9739435122241902,model::electra_base,ELECTRA,42
16120,1,0.0002759397320915,0,0.9739435122241902,model::electra_base,ELECTRA,42
14174,1,0.0003397389373276,0,0.9739435122241902,model::electra_base,ELECTRA,42
11296,0,0.0003089757228735,0,0.9739435122241902,model::electra_base,ELECTRA,42
2168,1,0.0005768838454969,0,0.9739435122241902,model::electra_base,ELECTRA,42
5118,1,0.0003376887470949,0,0.9739435122241902,model::electra_base,ELECTRA,42
2608,0,0.0008870925521478,0,0.9739435122241902,model::electra_base,ELECTRA,42
13813,1,0.0003409971250221,0,0.9739435122241902,model::electra_base,ELECTRA,42
8051,1,0.00023155346571,0,0.9739435122241902,model::electra_base,ELECTRA,42
17462,0,0.0003710380697157,0,0.9739435122241902,model::electra_base,ELECTRA,42
6082,1,0.000274737161817,0,0.9739435122241902,model::electra_base,ELECTRA,42
14585,1,0.0002899169630836,0,0.9739435122241902,model::electra_base,ELECTRA,42
17465,0,0.0002127826592186,0,0.9739435122241902,model::electra_base,ELECTRA,42
4921,0,0.0002305445232195,0,0.9739435122241902,model::electra_base,ELECTRA,42
4263,0,0.0002630265662446,0,0.9739435122241902,model::electra_base,ELECTRA,42
6430,1,0.0005343041266314,0,0.9739435122241902,model::electra_base,ELECTRA,42
7255,1,0.000263029069174,0,0.9739435122241902,model::electra_base,ELECTRA,42
13883,1,0.0003951291146222,0,0.9739435122241902,model::electra_base,ELECTRA,42
7334,0,0.0002477720554452,0,0.9739435122241902,model::electra_base,ELECTRA,42
14839,0,0.000264503294602,0,0.9739435122241902,model::electra_base,ELECTRA,42
947,0,0.0003264195984229,0,0.9739435122241902,model::electra_base,ELECTRA,42
9665,1,0.0002616179990582,0,0.9739435122241902,model::electra_base,ELECTRA,42
9765,1,0.0003629082348197,0,0.9739435122241902,model::electra_base,ELECTRA,42
12532,0,0.0004231665225233,0,0.9739435122241902,model::electra_base,ELECTRA,42
6202,1,0.0003761755069717,0,0.9739435122241902,model::electra_base,ELECTRA,42
3441,0,0.0004799183225259,0,0.9739435122241902,model::electra_base,ELECTRA,42
11841,1,0.0003700290690176,0,0.9739435122241902,model::electra_base,ELECTRA,42
12968,0,0.0002514546795282,0,0.9739435122241902,model::electra_base,ELECTRA,42
913,0,0.0002232962433481,0,0.9739435122241902,model::electra_base,ELECTRA,42
1365,1,0.0003404396993573,0,0.9739435122241902,model::electra_base,ELECTRA,42
849,0,0.0003071963437832,0,0.9739435122241902,model::electra_base,ELECTRA,42
18962,0,0.0003278348594903,0,0.9739435122241902,model::electra_base,ELECTRA,42
20352,1,0.0002893431519623,0,0.9739435122241902,model::electra_base,ELECTRA,42
9798,1,0.0002942210121545,0,0.9739435122241902,model::electra_base,ELECTRA,42
14501,0,0.0006597406463697,0,0.9739435122241902,model::electra_base,ELECTRA,42
3732,1,0.0002350259892409,0,0.9739435122241902,model::electra_base,ELECTRA,42
12595,1,0.0003092896658927,0,0.9739435122241902,model::electra_base,ELECTRA,42
6974,1,0.0002829087898135,0,0.9739435122241902,model::electra_base,ELECTRA,42
8882,1,0.0002802633389364,0,0.9739435122241902,model::electra_base,ELECTRA,42
16266,0,0.0003732157347258,0,0.9739435122241902,model::electra_base,ELECTRA,42
15334,1,0.0005586998304352,0,0.9739435122241902,model::electra_base,ELECTRA,42
6697,1,0.0002855952770914,0,0.9739435122241902,model::electra_base,ELECTRA,42
4665,1,0.000747864076402,0,0.9739435122241902,model::electra_base,ELECTRA,42
20143,0,0.0002442076511215,0,0.9739435122241902,model::electra_base,ELECTRA,42
6868,0,0.0002639933663886,0,0.9739435122241902,model::electra_base,ELECTRA,42
5364,1,0.0002703997306525,0,0.9739435122241902,model::electra_base,ELECTRA,42
6120,1,0.0002748917031567,0,0.9739435122241902,model::electra_base,ELECTRA,42
11173,0,0.0002513542713131,0,0.9739435122241902,model::electra_base,ELECTRA,42
15071,0,0.0004923606757074,0,0.9739435122241902,model::electra_base,ELECTRA,42
10881,0,0.0002918604877777,0,0.9739435122241902,model::electra_base,ELECTRA,42
12164,1,0.0002985302708111,0,0.9739435122241902,model::electra_base,ELECTRA,42
3926,1,0.0004201726696919,0,0.9739435122241902,model::electra_base,ELECTRA,42
5021,1,0.0002781656512524,0,0.9739435122241902,model::electra_base,ELECTRA,42
11604,1,0.0003116790321655,0,0.9739435122241902,model::electra_base,ELECTRA,42
18608,1,0.0003429467033129,0,0.9739435122241902,model::electra_base,ELECTRA,42
8138,0,0.0002418963122181,0,0.9739435122241902,model::electra_base,ELECTRA,42
20209,0,0.0004830520774703,0,0.9739435122241902,model::electra_base,ELECTRA,42
12932,0,0.0003348220488987,0,0.9739435122241902,model::electra_base,ELECTRA,42
17276,1,0.0002644074556883,0,0.9739435122241902,model::electra_base,ELECTRA,42
2885,1,0.000253058882663,0,0.9739435122241902,model::electra_base,ELECTRA,42
8594,0,0.0005505281733348,0,0.9739435122241902,model::electra_base,ELECTRA,42
12423,1,0.0003446470946073,0,0.9739435122241902,model::electra_base,ELECTRA,42
15119,0,0.0002859371597878,0,0.9739435122241902,model::electra_base,ELECTRA,42
10228,0,0.0002819566580001,0,0.9739435122241902,model::electra_base,ELECTRA,42
5378,1,0.00024319133081,0,0.9739435122241902,model::electra_base,ELECTRA,42
18305,1,0.000362642109394,0,0.9739435122241902,model::electra_base,ELECTRA,42
1619,0,0.0002441336400806,0,0.9739435122241902,model::electra_base,ELECTRA,42
10250,1,0.0003459432628005,0,0.9739435122241902,model::electra_base,ELECTRA,42
13321,0,0.0003044120967388,0,0.9739435122241902,model::electra_base,ELECTRA,42
14508,1,0.0002645638014655,0,0.9739435122241902,model::electra_base,ELECTRA,42
18074,1,0.0002672811388038,0,0.9739435122241902,model::electra_base,ELECTRA,42
18548,1,0.0003201313083991,0,0.9739435122241902,model::electra_base,ELECTRA,42
16401,1,0.0003959894529543,0,0.9739435122241902,model::electra_base,ELECTRA,42
18906,0,0.0004961717058904,0,0.9739435122241902,model::electra_base,ELECTRA,42
11862,0,0.0002500560658518,0,0.9739435122241902,model::electra_base,ELECTRA,42
21074,0,0.0003847072366625,0,0.9739435122241902,model::electra_base,ELECTRA,42
19687,1,0.0002845792332664,0,0.9739435122241902,model::electra_base,ELECTRA,42
18495,1,0.0004744662728626,0,0.9739435122241902,model::electra_base,ELECTRA,42
9398,1,0.0002464764111209,0,0.9739435122241902,model::electra_base,ELECTRA,42
11589,0,0.0003256142954342,0,0.9739435122241902,model::electra_base,ELECTRA,42
702,0,0.0003106075746472,0,0.9739435122241902,model::electra_base,ELECTRA,42
6624,1,0.0004024441877845,0,0.9739435122241902,model::electra_base,ELECTRA,42
2681,1,0.0002991171786561,0,0.9739435122241902,model::electra_base,ELECTRA,42
4359,1,0.0002883773122448,0,0.9739435122241902,model::electra_base,ELECTRA,42
8981,1,0.0004865533555857,0,0.9739435122241902,model::electra_base,ELECTRA,42
201,0,0.0004246600437909,0,0.9739435122241902,model::electra_base,ELECTRA,42
4761,0,0.0003263306280132,0,0.9739435122241902,model::electra_base,ELECTRA,42
19171,0,0.0021578755695372,0,0.9739435122241902,model::electra_base,ELECTRA,42
18927,0,0.0002249592071166,0,0.9739435122241902,model::electra_base,ELECTRA,42
2522,1,0.000330896989908,0,0.9739435122241902,model::electra_base,ELECTRA,42
20437,0,0.0005094943917356,0,0.9739435122241902,model::electra_base,ELECTRA,42
16968,1,0.0003583198122214,0,0.9739435122241902,model::electra_base,ELECTRA,42
2417,0,0.0002902781707234,0,0.9739435122241902,model::electra_base,ELECTRA,42
20291,0,0.0003626156249083,0,0.9739435122241902,model::electra_base,ELECTRA,42
10430,0,0.0002639591111801,0,0.9739435122241902,model::electra_base,ELECTRA,42
14417,0,0.0002361428050789,0,0.9739435122241902,model::electra_base,ELECTRA,42
20335,1,0.0003143438370898,0,0.9739435122241902,model::electra_base,ELECTRA,42
12330,0,0.0008292952552437,0,0.9739435122241902,model::electra_base,ELECTRA,42
12502,0,0.0002694401191547,0,0.9739435122241902,model::electra_base,ELECTRA,42
9690,1,0.0002927464374806,0,0.9739435122241902,model::electra_base,ELECTRA,42
11811,1,0.0002721919736359,0,0.9739435122241902,model::electra_base,ELECTRA,42
13900,0,0.0006788871833123,0,0.9739435122241902,model::electra_base,ELECTRA,42
10589,0,0.0002766955003608,0,0.9739435122241902,model::electra_base,ELECTRA,42
11457,0,0.0002773928572423,0,0.9739435122241902,model::electra_base,ELECTRA,42
11593,0,0.0002417418872937,0,0.9739435122241902,model::electra_base,ELECTRA,42
19874,1,0.0003152874705847,0,0.9739435122241902,model::electra_base,ELECTRA,42
8546,1,0.0003595869347918,0,0.9739435122241902,model::electra_base,ELECTRA,42
13087,1,0.000291933392873,0,0.9739435122241902,model::electra_base,ELECTRA,42
4053,1,0.0003662786330096,0,0.9739435122241902,model::electra_base,ELECTRA,42
11035,0,0.0002618193684611,0,0.9739435122241902,model::electra_base,ELECTRA,42
7106,0,0.0008184973266907,0,0.9739435122241902,model::electra_base,ELECTRA,42
16967,1,0.0005063710850663,0,0.9739435122241902,model::electra_base,ELECTRA,42
14055,0,0.0005174707039259,0,0.9739435122241902,model::electra_base,ELECTRA,42
18254,1,0.0002787864068523,0,0.9739435122241902,model::electra_base,ELECTRA,42
4141,1,0.0002813959436025,0,0.9739435122241902,model::electra_base,ELECTRA,42
14685,1,0.000270814896794,0,0.9739435122241902,model::electra_base,ELECTRA,42
3870,1,0.0002696744631975,0,0.9739435122241902,model::electra_base,ELECTRA,42
12585,1,0.0002701073244679,0,0.9739435122241902,model::electra_base,ELECTRA,42
20856,0,0.0002269554970553,0,0.9739435122241902,model::electra_base,ELECTRA,42
15655,1,0.0002571714285295,0,0.9739435122241902,model::electra_base,ELECTRA,42
12360,1,0.0002409507433185,0,0.9739435122241902,model::electra_base,ELECTRA,42
4962,0,0.0002929033071268,0,0.9739435122241902,model::electra_base,ELECTRA,42
13155,1,0.0002746612008195,0,0.9739435122241902,model::electra_base,ELECTRA,42
12601,0,0.0004002801433671,0,0.9739435122241902,model::electra_base,ELECTRA,42
1625,1,0.0002907639718614,0,0.9739435122241902,model::electra_base,ELECTRA,42
6045,1,0.0002355401811655,0,0.9739435122241902,model::electra_base,ELECTRA,42
9783,0,0.0002838554792106,0,0.9739435122241902,model::electra_base,ELECTRA,42
4525,0,0.0002661506005097,0,0.9739435122241902,model::electra_base,ELECTRA,42
18524,0,0.000306127796648,0,0.9739435122241902,model::electra_base,ELECTRA,42
1911,1,0.0004810575919691,0,0.9739435122241902,model::electra_base,ELECTRA,42
6497,1,0.0003018334100488,0,0.9739435122241902,model::electra_base,ELECTRA,42
2439,0,0.0004301090957596,0,0.9739435122241902,model::electra_base,ELECTRA,42
19139,1,0.0002736133756116,0,0.9739435122241902,model::electra_base,ELECTRA,42
9705,0,0.0003758948587346,0,0.9739435122241902,model::electra_base,ELECTRA,42
13888,0,0.0010197301162406,0,0.9739435122241902,model::electra_base,ELECTRA,42
1130,1,0.000276353850495,0,0.9739435122241902,model::electra_base,ELECTRA,42
2383,1,0.0003295307396911,0,0.9739435122241902,model::electra_base,ELECTRA,42
19105,0,0.0002654572599567,0,0.9739435122241902,model::electra_base,ELECTRA,42
9378,1,0.0005666679935529,0,0.9739435122241902,model::electra_base,ELECTRA,42
12134,0,0.0002464193385094,0,0.9739435122241902,model::electra_base,ELECTRA,42
1229,1,0.0002462298143655,0,0.9739435122241902,model::electra_base,ELECTRA,42
3541,0,0.0004195046494714,0,0.9739435122241902,model::electra_base,ELECTRA,42
18869,0,0.0008339089690707,0,0.9739435122241902,model::electra_base,ELECTRA,42
14407,1,0.000301766092889,0,0.9739435122241902,model::electra_base,ELECTRA,42
10759,1,0.0002640074526425,0,0.9739435122241902,model::electra_base,ELECTRA,42
16389,0,0.0002436947834212,0,0.9739435122241902,model::electra_base,ELECTRA,42
14450,1,0.0002835165651049,0,0.9739435122241902,model::electra_base,ELECTRA,42
12180,1,0.0003292462497483,0,0.9739435122241902,model::electra_base,ELECTRA,42
2887,1,0.0002989461354445,0,0.9739435122241902,model::electra_base,ELECTRA,42
8839,0,0.0003151546698063,0,0.9739435122241902,model::electra_base,ELECTRA,42
14721,1,0.0004290951474104,0,0.9739435122241902,model::electra_base,ELECTRA,42
7710,1,0.0002859317173715,0,0.9739435122241902,model::electra_base,ELECTRA,42
20750,0,0.0002514652442187,0,0.9739435122241902,model::electra_base,ELECTRA,42
658,1,0.0003002176526933,0,0.9739435122241902,model::electra_base,ELECTRA,42
16111,0,0.0002633834374137,0,0.9739435122241902,model::electra_base,ELECTRA,42
19833,1,0.0002983117883559,0,0.9739435122241902,model::electra_base,ELECTRA,42
6161,0,0.0004211141786072,0,0.9739435122241902,model::electra_base,ELECTRA,42
16884,1,0.0002906947047449,0,0.9739435122241902,model::electra_base,ELECTRA,42
5903,1,0.0003820104757323,0,0.9739435122241902,model::electra_base,ELECTRA,42
4020,0,0.0003711843746714,0,0.9739435122241902,model::electra_base,ELECTRA,42
2822,0,0.0003293529734946,0,0.9739435122241902,model::electra_base,ELECTRA,42
17899,1,0.00030948992935,0,0.9739435122241902,model::electra_base,ELECTRA,42
11967,0,0.0004348258953541,0,0.9739435122241902,model::electra_base,ELECTRA,42
16633,1,0.0002314585726708,0,0.9739435122241902,model::electra_base,ELECTRA,42
15481,1,0.0005421361420303,0,0.9739435122241902,model::electra_base,ELECTRA,42
10860,1,0.0002408361178822,0,0.9739435122241902,model::electra_base,ELECTRA,42
8770,1,0.0002867493603844,0,0.9739435122241902,model::electra_base,ELECTRA,42
647,1,0.0002708336978685,0,0.9739435122241902,model::electra_base,ELECTRA,42
9453,1,0.0004742504097521,0,0.9739435122241902,model::electra_base,ELECTRA,42
11535,1,0.0003000345313921,0,0.9739435122241902,model::electra_base,ELECTRA,42
17005,1,0.0002740449563134,0,0.9739435122241902,model::electra_base,ELECTRA,42
3022,1,0.0003209533751942,0,0.9739435122241902,model::electra_base,ELECTRA,42
14896,0,0.0003855560498777,0,0.9739435122241902,model::electra_base,ELECTRA,42
3587,1,0.0004680966667365,0,0.9739435122241902,model::electra_base,ELECTRA,42
12652,1,0.000429260864621,0,0.9739435122241902,model::electra_base,ELECTRA,42
17345,0,0.0002403848775429,0,0.9739435122241902,model::electra_base,ELECTRA,42
15517,1,0.0003021832671947,0,0.9739435122241902,model::electra_base,ELECTRA,42
17189,1,0.0002856380015145,0,0.9739435122241902,model::electra_base,ELECTRA,42
9134,1,0.0003029353101737,0,0.9739435122241902,model::electra_base,ELECTRA,42
12200,1,0.0003159753978252,0,0.9739435122241902,model::electra_base,ELECTRA,42
4839,1,0.0003207318950444,0,0.9739435122241902,model::electra_base,ELECTRA,42
8432,0,0.0004021381610073,0,0.9739435122241902,model::electra_base,ELECTRA,42
6609,0,0.0003322151023894,0,0.9739435122241902,model::electra_base,ELECTRA,42
11117,1,0.0003525006177369,0,0.9739435122241902,model::electra_base,ELECTRA,42
18588,0,0.0002407004503766,0,0.9739435122241902,model::electra_base,ELECTRA,42
11898,1,0.0004472725850064,0,0.9739435122241902,model::electra_base,ELECTRA,42
4684,1,0.0003569199179764,0,0.9739435122241902,model::electra_base,ELECTRA,42
8985,1,0.0002756749163381,0,0.9739435122241902,model::electra_base,ELECTRA,42
3148,0,0.0004205108562018,0,0.9739435122241902,model::electra_base,ELECTRA,42
16635,1,0.0003477011341601,0,0.9739435122241902,model::electra_base,ELECTRA,42
20623,1,0.0002283428912051,0,0.9739435122241902,model::electra_base,ELECTRA,42
3382,1,0.0004039551422465,0,0.9739435122241902,model::electra_base,ELECTRA,42
16006,0,0.0002232383558293,0,0.9739435122241902,model::electra_base,ELECTRA,42
15846,1,0.000562464876566,0,0.9739435122241902,model::electra_base,ELECTRA,42
2724,0,0.000311085866997,0,0.9739435122241902,model::electra_base,ELECTRA,42
14423,0,0.0003682842070702,0,0.9739435122241902,model::electra_base,ELECTRA,42
19181,0,0.000330305105308,0,0.9739435122241902,model::electra_base,ELECTRA,42
13906,1,0.0002507890749257,0,0.9739435122241902,model::electra_base,ELECTRA,42
6906,0,0.0002459489624015,0,0.9739435122241902,model::electra_base,ELECTRA,42
14746,0,0.0003199225757271,0,0.9739435122241902,model::electra_base,ELECTRA,42
18165,0,0.0002341699873795,0,0.9739435122241902,model::electra_base,ELECTRA,42
10178,1,0.0003541538317222,0,0.9739435122241902,model::electra_base,ELECTRA,42
11965,0,0.0002600649313535,0,0.9739435122241902,model::electra_base,ELECTRA,42
6514,0,0.0007176767103374,0,0.9739435122241902,model::electra_base,ELECTRA,42
12259,1,0.0002685061481315,0,0.9739435122241902,model::electra_base,ELECTRA,42
4443,0,0.0004142706748098,0,0.9739435122241902,model::electra_base,ELECTRA,42
17788,1,0.000252134312177,0,0.9739435122241902,model::electra_base,ELECTRA,42
20738,1,0.0003007886407431,0,0.9739435122241902,model::electra_base,ELECTRA,42
694,1,0.0003059416194446,0,0.9739435122241902,model::electra_base,ELECTRA,42
16476,1,0.0004609658499248,0,0.9739435122241902,model::electra_base,ELECTRA,42
9628,1,0.000345916399965,0,0.9739435122241902,model::electra_base,ELECTRA,42
13808,0,0.0004223214345984,0,0.9739435122241902,model::electra_base,ELECTRA,42
13474,1,0.0003560590557754,0,0.9739435122241902,model::electra_base,ELECTRA,42
16807,0,0.0003635452012531,0,0.9739435122241902,model::electra_base,ELECTRA,42
9251,1,0.0003052665560971,0,0.9739435122241902,model::electra_base,ELECTRA,42
4372,0,0.0002588063944131,0,0.9739435122241902,model::electra_base,ELECTRA,42
5210,0,0.0003792282077483,0,0.9739435122241902,model::electra_base,ELECTRA,42
16415,1,0.0006372215575538,0,0.9739435122241902,model::electra_base,ELECTRA,42
18154,1,0.0002595625410322,0,0.9739435122241902,model::electra_base,ELECTRA,42
7981,0,0.0002782187075354,0,0.9739435122241902,model::electra_base,ELECTRA,42
7735,0,0.0007319645956158,0,0.9739435122241902,model::electra_base,ELECTRA,42
1586,0,0.0009932720568031,0,0.9739435122241902,model::electra_base,ELECTRA,42
3996,0,0.000591657066252,0,0.9739435122241902,model::electra_base,ELECTRA,42
8136,0,0.0002558517153374,0,0.9739435122241902,model::electra_base,ELECTRA,42
10160,0,0.0002296704478794,0,0.9739435122241902,model::electra_base,ELECTRA,42
17517,0,0.0002522485156077,0,0.9739435122241902,model::electra_base,ELECTRA,42
11299,1,0.0003329107130412,0,0.9739435122241902,model::electra_base,ELECTRA,42
18883,0,0.0003110645338892,0,0.9739435122241902,model::electra_base,ELECTRA,42
13217,1,0.0003772414056584,0,0.9739435122241902,model::electra_base,ELECTRA,42
17518,1,0.000315559329465,0,0.9739435122241902,model::electra_base,ELECTRA,42
17572,1,0.0003098211309406,0,0.9739435122241902,model::electra_base,ELECTRA,42
992,1,0.0002319821796845,0,0.9739435122241902,model::electra_base,ELECTRA,42
18566,1,0.0002821609959937,0,0.9739435122241902,model::electra_base,ELECTRA,42
1408,0,0.0007326049963012,0,0.9739435122241902,model::electra_base,ELECTRA,42
18302,1,0.000524754403159,0,0.9739435122241902,model::electra_base,ELECTRA,42
18924,1,0.0002917038509622,0,0.9739435122241902,model::electra_base,ELECTRA,42
17217,1,0.0004277975822333,0,0.9739435122241902,model::electra_base,ELECTRA,42
15180,0,0.0012585130752995,0,0.9739435122241902,model::electra_base,ELECTRA,42
5612,1,0.0003301596734672,0,0.9739435122241902,model::electra_base,ELECTRA,42
20230,0,0.0005791172152385,0,0.9739435122241902,model::electra_base,ELECTRA,42
19044,1,0.0003392552025616,0,0.9739435122241902,model::electra_base,ELECTRA,42
11003,1,0.0003038687282241,0,0.9739435122241902,model::electra_base,ELECTRA,42
1719,0,0.000224425792112,0,0.9739435122241902,model::electra_base,ELECTRA,42
12564,1,0.0003129951655864,0,0.9739435122241902,model::electra_base,ELECTRA,42
3399,1,0.000268295261776,0,0.9739435122241902,model::electra_base,ELECTRA,42
13910,1,0.0003267427673563,0,0.9739435122241902,model::electra_base,ELECTRA,42
6487,1,0.0003923212934751,0,0.9739435122241902,model::electra_base,ELECTRA,42
2142,0,0.0007731650257483,0,0.9739435122241902,model::electra_base,ELECTRA,42
13431,1,0.0003008583153132,0,0.9739435122241902,model::electra_base,ELECTRA,42
1180,1,0.0002567301853559,0,0.9739435122241902,model::electra_base,ELECTRA,42
4332,1,0.0007178197265602,0,0.9739435122241902,model::electra_base,ELECTRA,42
7629,0,0.0002545089519117,0,0.9739435122241902,model::electra_base,ELECTRA,42
1938,0,0.0003080204478465,0,0.9739435122241902,model::electra_base,ELECTRA,42
9064,0,0.0014896932989358,0,0.9739435122241902,model::electra_base,ELECTRA,42
11771,1,0.0002815123589243,0,0.9739435122241902,model::electra_base,ELECTRA,42
10164,0,0.0002271046105306,0,0.9739435122241902,model::electra_base,ELECTRA,42
20501,1,0.0003131002304144,0,0.9739435122241902,model::electra_base,ELECTRA,42
13574,1,0.0003104180796071,0,0.9739435122241902,model::electra_base,ELECTRA,42
14784,1,0.0003767955349758,0,0.9739435122241902,model::electra_base,ELECTRA,42
12696,0,0.0005224899505265,0,0.9739435122241902,model::electra_base,ELECTRA,42
16175,0,0.0003383734147064,0,0.9739435122241902,model::electra_base,ELECTRA,42
1047,1,0.0003235555486753,0,0.9739435122241902,model::electra_base,ELECTRA,42
1896,1,0.0003303258563391,0,0.9739435122241902,model::electra_base,ELECTRA,42
15528,0,0.0002545902971178,0,0.9739435122241902,model::electra_base,ELECTRA,42
20703,0,0.0006533346604555,0,0.9739435122241902,model::electra_base,ELECTRA,42
4700,0,0.0002787063713185,0,0.9739435122241902,model::electra_base,ELECTRA,42
7086,0,0.000350005866494,0,0.9739435122241902,model::electra_base,ELECTRA,42
17127,1,0.0003364616713952,0,0.9739435122241902,model::electra_base,ELECTRA,42
11904,1,0.000319444690831,0,0.9739435122241902,model::electra_base,ELECTRA,42
17366,0,0.0037863387260586,0,0.9739435122241902,model::electra_base,ELECTRA,42
6440,0,0.0003728750452864,0,0.9739435122241902,model::electra_base,ELECTRA,42
11789,0,0.0004156024951953,0,0.9739435122241902,model::electra_base,ELECTRA,42
13514,0,0.0002172571257688,0,0.9739435122241902,model::electra_base,ELECTRA,42
19817,0,0.0007641656557098,0,0.9739435122241902,model::electra_base,ELECTRA,42
9850,0,0.0002902117557823,0,0.9739435122241902,model::electra_base,ELECTRA,42
19653,1,0.000274959631497,0,0.9739435122241902,model::electra_base,ELECTRA,42
8248,1,0.0002637734578456,0,0.9739435122241902,model::electra_base,ELECTRA,42
6993,0,0.0002750325074885,0,0.9739435122241902,model::electra_base,ELECTRA,42
869,1,0.000484514166601,0,0.9739435122241902,model::electra_base,ELECTRA,42
4531,0,0.0002760099596343,0,0.9739435122241902,model::electra_base,ELECTRA,42
4600,0,0.0002987791667692,0,0.9739435122241902,model::electra_base,ELECTRA,42
20600,1,0.0004007134120911,0,0.9739435122241902,model::electra_base,ELECTRA,42
11615,1,0.0003675343759823,0,0.9739435122241902,model::electra_base,ELECTRA,42
11622,1,0.0002611233503557,0,0.9739435122241902,model::electra_base,ELECTRA,42
13650,0,0.0002976617251988,0,0.9739435122241902,model::electra_base,ELECTRA,42
16735,1,0.0002383489190833,0,0.9739435122241902,model::electra_base,ELECTRA,42
8640,1,0.0002635801210999,0,0.9739435122241902,model::electra_base,ELECTRA,42
6830,0,0.000259547465248,0,0.9739435122241902,model::electra_base,ELECTRA,42
5077,0,0.0002599533763714,0,0.9739435122241902,model::electra_base,ELECTRA,42
14749,1,0.0003607702383305,0,0.9739435122241902,model::electra_base,ELECTRA,42
771,1,0.0006542462506331,0,0.9739435122241902,model::electra_base,ELECTRA,42
9405,0,0.0002329785347683,0,0.9739435122241902,model::electra_base,ELECTRA,42
10887,1,0.0002655076095834,0,0.9739435122241902,model::electra_base,ELECTRA,42
1780,1,0.0002542831352911,0,0.9739435122241902,model::electra_base,ELECTRA,42
6717,0,0.0002394972398178,0,0.9739435122241902,model::electra_base,ELECTRA,42
19911,0,0.0002168841601815,0,0.9739435122241902,model::electra_base,ELECTRA,42
14298,1,0.0002575748367235,0,0.9739435122241902,model::electra_base,ELECTRA,42
15411,0,0.0002373196475673,0,0.9739435122241902,model::electra_base,ELECTRA,42
15019,1,0.0002880028332583,0,0.9739435122241902,model::electra_base,ELECTRA,42
9610,0,0.000421021861257,0,0.9739435122241902,model::electra_base,ELECTRA,42
1303,1,0.0003022642631549,0,0.9739435122241902,model::electra_base,ELECTRA,42
19490,1,0.0002158189017791,0,0.9739435122241902,model::electra_base,ELECTRA,42
6822,1,0.0005216616555117,0,0.9739435122241902,model::electra_base,ELECTRA,42
4488,0,0.0004290734359528,0,0.9739435122241902,model::electra_base,ELECTRA,42
7461,1,0.0003771687333937,0,0.9739435122241902,model::electra_base,ELECTRA,42
13029,0,0.0007703879964537,0,0.9739435122241902,model::electra_base,ELECTRA,42
14146,0,0.0003102201444562,0,0.9739435122241902,model::electra_base,ELECTRA,42
18257,0,0.0009292959002777,0,0.9739435122241902,model::electra_base,ELECTRA,42
9122,0,0.0002710845437832,0,0.9739435122241902,model::electra_base,ELECTRA,42
15865,0,0.000285203452222,0,0.9739435122241902,model::electra_base,ELECTRA,42
6557,0,0.0002315631718374,0,0.9739435122241902,model::electra_base,ELECTRA,42
11588,1,0.000625793589279,0,0.9739435122241902,model::electra_base,ELECTRA,42
6186,0,0.0002633653348311,0,0.9739435122241902,model::electra_base,ELECTRA,42
1900,0,0.0002335997705813,0,0.9739435122241902,model::electra_base,ELECTRA,42
73,1,0.0003018999414052,0,0.9739435122241902,model::electra_base,ELECTRA,42
1997,1,0.0004389151581563,0,0.9739435122241902,model::electra_base,ELECTRA,42
17534,0,0.0002414534828858,0,0.9739435122241902,model::electra_base,ELECTRA,42
9958,1,0.0004452058929018,0,0.9739435122241902,model::electra_base,ELECTRA,42
17511,0,0.002641670173034,0,0.9739435122241902,model::electra_base,ELECTRA,42
16955,0,0.0003254122566431,0,0.9739435122241902,model::electra_base,ELECTRA,42
15570,1,0.0002934866934083,0,0.9739435122241902,model::electra_base,ELECTRA,42
14801,0,0.0006727140280418,0,0.9739435122241902,model::electra_base,ELECTRA,42
21136,1,0.0003443516907282,0,0.9739435122241902,model::electra_base,ELECTRA,42
13584,0,0.00024414199288,0,0.9739435122241902,model::electra_base,ELECTRA,42
140,0,0.0003208523849025,0,0.9739435122241902,model::electra_base,ELECTRA,42
12883,0,0.0002944626030512,0,0.9739435122241902,model::electra_base,ELECTRA,42
2537,1,0.0002344823442399,0,0.9739435122241902,model::electra_base,ELECTRA,42
14346,1,0.0004947496345266,0,0.9739435122241902,model::electra_base,ELECTRA,42
12273,0,0.0003180001804139,0,0.9739435122241902,model::electra_base,ELECTRA,42
17739,0,0.0005463675479404,0,0.9739435122241902,model::electra_base,ELECTRA,42
2964,0,0.0004004445800092,0,0.9739435122241902,model::electra_base,ELECTRA,42
1868,0,0.0076916357502341,0,0.9739435122241902,model::electra_base,ELECTRA,42
4967,0,0.0005981298745609,0,0.9739435122241902,model::electra_base,ELECTRA,42
983,0,0.0004087752895429,0,0.9739435122241902,model::electra_base,ELECTRA,42
8412,0,0.0002593179233372,0,0.9739435122241902,model::electra_base,ELECTRA,42
11817,0,0.0003448291681706,0,0.9739435122241902,model::electra_base,ELECTRA,42
9858,0,0.0004723030433524,0,0.9739435122241902,model::electra_base,ELECTRA,42
5689,0,0.0002961445425171,0,0.9739435122241902,model::electra_base,ELECTRA,42
15542,1,0.0006603672518394,0,0.9739435122241902,model::electra_base,ELECTRA,42
6656,0,0.0003583111101761,0,0.9739435122241902,model::electra_base,ELECTRA,42
13243,0,0.0002630190574564,0,0.9739435122241902,model::electra_base,ELECTRA,42
4093,0,0.3533095419406891,0,0.9739435122241902,model::electra_base,ELECTRA,42
2931,1,0.0002759099879767,0,0.9739435122241902,model::electra_base,ELECTRA,42
16447,0,0.0004782940959557,0,0.9739435122241902,model::electra_base,ELECTRA,42
12140,0,0.0004618318926077,0,0.9739435122241902,model::electra_base,ELECTRA,42
2519,1,0.0002211153332609,0,0.9739435122241902,model::electra_base,ELECTRA,42
5451,1,0.000265449139988,0,0.9739435122241902,model::electra_base,ELECTRA,42
19200,0,0.0002302304055774,0,0.9739435122241902,model::electra_base,ELECTRA,42
10442,1,0.0003332676424179,0,0.9739435122241902,model::electra_base,ELECTRA,42
12549,0,0.0002151306543964,0,0.9739435122241902,model::electra_base,ELECTRA,42
9431,0,0.0002348235138924,0,0.9739435122241902,model::electra_base,ELECTRA,42
990,0,0.9994767308235168,1,0.9739435122241902,model::electra_base,ELECTRA,42
15110,1,0.0002327021211385,0,0.9739435122241902,model::electra_base,ELECTRA,42
3788,1,0.0003144793445244,0,0.9739435122241902,model::electra_base,ELECTRA,42
9914,1,0.0002466957666911,0,0.9739435122241902,model::electra_base,ELECTRA,42
12594,1,0.0002898691454902,0,0.9739435122241902,model::electra_base,ELECTRA,42
11580,1,0.0004855555307585,0,0.9739435122241902,model::electra_base,ELECTRA,42
20231,1,0.0003690546145662,0,0.9739435122241902,model::electra_base,ELECTRA,42
21023,1,0.0002906997106038,0,0.9739435122241902,model::electra_base,ELECTRA,42
2728,1,0.0003249546571169,0,0.9739435122241902,model::electra_base,ELECTRA,42
11422,0,0.000379651406547,0,0.9739435122241902,model::electra_base,ELECTRA,42
58,1,0.000299594074022,0,0.9739435122241902,model::electra_base,ELECTRA,42
17977,0,0.0002973506052512,0,0.9739435122241902,model::electra_base,ELECTRA,42
14416,0,0.0002864086418412,0,0.9739435122241902,model::electra_base,ELECTRA,42
10629,0,0.0019101195503026,0,0.9739435122241902,model::electra_base,ELECTRA,42
4138,0,0.0002733109577093,0,0.9739435122241902,model::electra_base,ELECTRA,42
2877,1,0.0003372356004547,0,0.9739435122241902,model::electra_base,ELECTRA,42
17097,1,0.0003389240300748,0,0.9739435122241902,model::electra_base,ELECTRA,42
4870,0,0.0005001393728889,0,0.9739435122241902,model::electra_base,ELECTRA,42
15207,0,0.0002690304536372,0,0.9739435122241902,model::electra_base,ELECTRA,42
4160,1,0.0003116326697636,0,0.9739435122241902,model::electra_base,ELECTRA,42
16079,1,0.0003519158635754,0,0.9739435122241902,model::electra_base,ELECTRA,42
16506,0,0.000307816429995,0,0.9739435122241902,model::electra_base,ELECTRA,42
7357,0,0.0005164280883036,0,0.9739435122241902,model::electra_base,ELECTRA,42
2804,1,0.0003029471554327,0,0.9739435122241902,model::electra_base,ELECTRA,42
4393,0,0.0005874427733942,0,0.9739435122241902,model::electra_base,ELECTRA,42
16123,0,0.0002407615102129,0,0.9739435122241902,model::electra_base,ELECTRA,42
14689,0,0.0003594752342905,0,0.9739435122241902,model::electra_base,ELECTRA,42
2098,1,0.0002597823913674,0,0.9739435122241902,model::electra_base,ELECTRA,42
4123,0,0.0002409282169537,0,0.9739435122241902,model::electra_base,ELECTRA,42
2710,1,0.0002678806777112,0,0.9739435122241902,model::electra_base,ELECTRA,42
13111,0,0.0003236770862713,0,0.9739435122241902,model::electra_base,ELECTRA,42
12692,0,0.0002371531591052,0,0.9739435122241902,model::electra_base,ELECTRA,42
13520,1,0.000297378108371,0,0.9739435122241902,model::electra_base,ELECTRA,42
5758,1,0.0002607780043035,0,0.9739435122241902,model::electra_base,ELECTRA,42
1923,0,0.0002495116495992,0,0.9739435122241902,model::electra_base,ELECTRA,42
16691,1,0.0002757364418357,0,0.9739435122241902,model::electra_base,ELECTRA,42
2843,1,0.0002776245819404,0,0.9739435122241902,model::electra_base,ELECTRA,42
6914,0,0.0012638224288821,0,0.9739435122241902,model::electra_base,ELECTRA,42
262,1,0.0002734587178565,0,0.9739435122241902,model::electra_base,ELECTRA,42
19118,1,0.0003563916834536,0,0.9739435122241902,model::electra_base,ELECTRA,42
13201,0,0.0002603355969768,0,0.9739435122241902,model::electra_base,ELECTRA,42
15079,1,0.0002258817112306,0,0.9739435122241902,model::electra_base,ELECTRA,42
19957,1,0.0004507777339313,0,0.9739435122241902,model::electra_base,ELECTRA,42
18151,0,0.0012238515773788,0,0.9739435122241902,model::electra_base,ELECTRA,42
10389,1,0.0002696194860618,0,0.9739435122241902,model::electra_base,ELECTRA,42
15721,0,0.0006286408170126,0,0.9739435122241902,model::electra_base,ELECTRA,42
8334,0,0.0003362557617947,0,0.9739435122241902,model::electra_base,ELECTRA,42
9060,1,0.0003142032946925,0,0.9739435122241902,model::electra_base,ELECTRA,42
15608,0,0.0040178848430514,0,0.9739435122241902,model::electra_base,ELECTRA,42
6900,1,0.0003812510112766,0,0.9739435122241902,model::electra_base,ELECTRA,42
8360,0,0.0004663944127969,0,0.9739435122241902,model::electra_base,ELECTRA,42
20748,0,0.0002500918635632,0,0.9739435122241902,model::electra_base,ELECTRA,42
9035,0,0.0002168527571484,0,0.9739435122241902,model::electra_base,ELECTRA,42
21063,1,0.0004032275755889,0,0.9739435122241902,model::electra_base,ELECTRA,42
9584,0,0.0003171790158376,0,0.9739435122241902,model::electra_base,ELECTRA,42
6997,0,0.0003612453292589,0,0.9739435122241902,model::electra_base,ELECTRA,42
6627,1,0.0002684738428797,0,0.9739435122241902,model::electra_base,ELECTRA,42
11010,0,0.0006021262379363,0,0.9739435122241902,model::electra_base,ELECTRA,42
1758,1,0.00041386653902,0,0.9739435122241902,model::electra_base,ELECTRA,42
13549,1,0.0002571223594713,0,0.9739435122241902,model::electra_base,ELECTRA,42
10221,0,0.0002881450927816,0,0.9739435122241902,model::electra_base,ELECTRA,42
10909,0,0.0002370593283558,0,0.9739435122241902,model::electra_base,ELECTRA,42
18920,1,0.0002963721926789,0,0.9739435122241902,model::electra_base,ELECTRA,42
2552,1,0.0004090879519935,0,0.9739435122241902,model::electra_base,ELECTRA,42
8331,0,0.0003356887027621,0,0.9739435122241902,model::electra_base,ELECTRA,42
10710,0,0.0020195385441184,0,0.9739435122241902,model::electra_base,ELECTRA,42
7649,0,0.0003150002739857,0,0.9739435122241902,model::electra_base,ELECTRA,42
5626,1,0.0004559954395517,0,0.9739435122241902,model::electra_base,ELECTRA,42
1752,1,0.000507132441271,0,0.9739435122241902,model::electra_base,ELECTRA,42
8963,0,0.0002127347543137,0,0.9739435122241902,model::electra_base,ELECTRA,42
3156,0,0.0003206505498383,0,0.9739435122241902,model::electra_base,ELECTRA,42
10116,1,0.0003138850734103,0,0.9739435122241902,model::electra_base,ELECTRA,42
15902,1,0.0002651784743648,0,0.9739435122241902,model::electra_base,ELECTRA,42
5167,0,0.0004166463331785,0,0.9739435122241902,model::electra_base,ELECTRA,42
14813,0,0.0003074917476624,0,0.9739435122241902,model::electra_base,ELECTRA,42
19699,1,0.0003949743695557,0,0.9739435122241902,model::electra_base,ELECTRA,42
2287,1,0.0002393894828855,0,0.9739435122241902,model::electra_base,ELECTRA,42
3792,1,0.0003377610701136,0,0.9739435122241902,model::electra_base,ELECTRA,42
11717,1,0.0004293884849175,0,0.9739435122241902,model::electra_base,ELECTRA,42
12060,1,0.0002689347602427,0,0.9739435122241902,model::electra_base,ELECTRA,42
4459,0,0.0002135472459485,0,0.9739435122241902,model::electra_base,ELECTRA,42
18589,1,0.0002783561358228,0,0.9739435122241902,model::electra_base,ELECTRA,42
12309,1,0.000274043646641,0,0.9739435122241902,model::electra_base,ELECTRA,42
3518,1,0.0003014285757672,0,0.9739435122241902,model::electra_base,ELECTRA,42
2605,0,0.0005498580285347,0,0.9739435122241902,model::electra_base,ELECTRA,42
2708,1,0.0003337703528814,0,0.9739435122241902,model::electra_base,ELECTRA,42
18702,0,0.0004920097417198,0,0.9739435122241902,model::electra_base,ELECTRA,42
13381,1,0.0002397024072706,0,0.9739435122241902,model::electra_base,ELECTRA,42
15131,1,0.0003683477989397,0,0.9739435122241902,model::electra_base,ELECTRA,42
11910,0,0.0003083668707404,0,0.9739435122241902,model::electra_base,ELECTRA,42
8854,0,0.0003566124360077,0,0.9739435122241902,model::electra_base,ELECTRA,42
18940,1,0.0003407407493796,0,0.9739435122241902,model::electra_base,ELECTRA,42
4387,1,0.0003352615749463,0,0.9739435122241902,model::electra_base,ELECTRA,42
20660,1,0.0002928125613834,0,0.9739435122241902,model::electra_base,ELECTRA,42
20305,1,0.0002655093558132,0,0.9739435122241902,model::electra_base,ELECTRA,42
14420,1,0.0002518726687412,0,0.9739435122241902,model::electra_base,ELECTRA,42
1708,0,0.0002763910160865,0,0.9739435122241902,model::electra_base,ELECTRA,42
6131,0,0.0006567783420905,0,0.9739435122241902,model::electra_base,ELECTRA,42
2669,0,0.0002187916834373,0,0.9739435122241902,model::electra_base,ELECTRA,42
4759,0,0.0003979796601925,0,0.9739435122241902,model::electra_base,ELECTRA,42
5305,1,0.0002613407559692,0,0.9739435122241902,model::electra_base,ELECTRA,42
1262,0,0.0004950319998897,0,0.9739435122241902,model::electra_base,ELECTRA,42
18111,0,0.00024403075804,0,0.9739435122241902,model::electra_base,ELECTRA,42
19422,0,0.0003566316736396,0,0.9739435122241902,model::electra_base,ELECTRA,42
15033,0,0.0004901289357803,0,0.9739435122241902,model::electra_base,ELECTRA,42
11051,0,0.0002978363190777,0,0.9739435122241902,model::electra_base,ELECTRA,42
16591,0,0.0013557313941419,0,0.9739435122241902,model::electra_base,ELECTRA,42
2053,1,0.0002610394440125,0,0.9739435122241902,model::electra_base,ELECTRA,42
7319,0,0.0002535943349357,0,0.9739435122241902,model::electra_base,ELECTRA,42
7997,0,0.0005026154685765,0,0.9739435122241902,model::electra_base,ELECTRA,42
2440,1,0.0004332352255005,0,0.9739435122241902,model::electra_base,ELECTRA,42
7873,1,0.0002390396402915,0,0.9739435122241902,model::electra_base,ELECTRA,42
1101,1,0.0003035258851014,0,0.9739435122241902,model::electra_base,ELECTRA,42
3293,1,0.0002517488028388,0,0.9739435122241902,model::electra_base,ELECTRA,42
8649,0,0.0002637558500282,0,0.9739435122241902,model::electra_base,ELECTRA,42
9112,0,0.0003312025219202,0,0.9739435122241902,model::electra_base,ELECTRA,42
18634,1,0.0009552048868499,0,0.9739435122241902,model::electra_base,ELECTRA,42
6069,0,0.0005150171928107,0,0.9739435122241902,model::electra_base,ELECTRA,42
11843,0,0.0002481574483681,0,0.9739435122241902,model::electra_base,ELECTRA,42
1064,1,0.0003156559250783,0,0.9739435122241902,model::electra_base,ELECTRA,42
19432,1,0.0003970035759266,0,0.9739435122241902,model::electra_base,ELECTRA,42
20396,1,0.0003147498937323,0,0.9739435122241902,model::electra_base,ELECTRA,42
175,1,0.0002457614173181,0,0.9739435122241902,model::electra_base,ELECTRA,42
973,1,0.0002917063538916,0,0.9739435122241902,model::electra_base,ELECTRA,42
13368,1,0.0004222749266773,0,0.9739435122241902,model::electra_base,ELECTRA,42
43,0,0.0002246574294986,0,0.9739435122241902,model::electra_base,ELECTRA,42
13811,0,0.000306261179503,0,0.9739435122241902,model::electra_base,ELECTRA,42
14588,1,0.0002704536309465,0,0.9739435122241902,model::electra_base,ELECTRA,42
10266,1,0.0002834858023561,0,0.9739435122241902,model::electra_base,ELECTRA,42
18433,1,0.0007460865890607,0,0.9739435122241902,model::electra_base,ELECTRA,42
4570,1,0.0003317359369248,0,0.9739435122241902,model::electra_base,ELECTRA,42
6306,0,0.0003793005016632,0,0.9739435122241902,model::electra_base,ELECTRA,42
14540,0,0.0003554106806404,0,0.9739435122241902,model::electra_base,ELECTRA,42
17165,0,0.0002760310017038,0,0.9739435122241902,model::electra_base,ELECTRA,42
641,1,0.0003507564833853,0,0.9739435122241902,model::electra_base,ELECTRA,42
5502,0,0.0003333814092911,0,0.9739435122241902,model::electra_base,ELECTRA,42
20592,0,0.000344453001162,0,0.9739435122241902,model::electra_base,ELECTRA,42
18238,1,0.0003100743633694,0,0.9739435122241902,model::electra_base,ELECTRA,42
8128,1,0.0002510448102839,0,0.9739435122241902,model::electra_base,ELECTRA,42
19729,0,0.0004478035261854,0,0.9739435122241902,model::electra_base,ELECTRA,42
15926,1,0.000442091433797,0,0.9739435122241902,model::electra_base,ELECTRA,42
19177,1,0.0009228656999766,0,0.9739435122241902,model::electra_base,ELECTRA,42
17990,1,0.0002461459953337,0,0.9739435122241902,model::electra_base,ELECTRA,42
4899,1,0.0003786158922594,0,0.9739435122241902,model::electra_base,ELECTRA,42
19461,1,0.0003356821544002,0,0.9739435122241902,model::electra_base,ELECTRA,42
616,1,0.0002822029928211,0,0.9739435122241902,model::electra_base,ELECTRA,42
5886,0,0.000672384572681,0,0.9739435122241902,model::electra_base,ELECTRA,42
11169,1,0.0002325666137039,0,0.9739435122241902,model::electra_base,ELECTRA,42
16365,1,0.0005282796919345,0,0.9739435122241902,model::electra_base,ELECTRA,42
5788,1,0.0002603678440209,0,0.9739435122241902,model::electra_base,ELECTRA,42
10187,1,0.0002748225524555,0,0.9739435122241902,model::electra_base,ELECTRA,42
9084,1,0.000311790179694,0,0.9739435122241902,model::electra_base,ELECTRA,42
243,0,0.000718735915143,0,0.9739435122241902,model::electra_base,ELECTRA,42
12047,1,0.0005891922628507,0,0.9739435122241902,model::electra_base,ELECTRA,42
13921,0,0.0003158717590849,0,0.9739435122241902,model::electra_base,ELECTRA,42
10155,0,0.0002096778771374,0,0.9739435122241902,model::electra_base,ELECTRA,42
9309,1,0.0003204091335646,0,0.9739435122241902,model::electra_base,ELECTRA,42
15515,1,0.0018771956674754,0,0.9739435122241902,model::electra_base,ELECTRA,42
10662,0,0.0003079391317442,0,0.9739435122241902,model::electra_base,ELECTRA,42
12693,0,0.0003227243432775,0,0.9739435122241902,model::electra_base,ELECTRA,42
16574,0,0.0003082668990828,0,0.9739435122241902,model::electra_base,ELECTRA,42
20044,0,0.0005067806341685,0,0.9739435122241902,model::electra_base,ELECTRA,42
15500,1,0.0003630582068581,0,0.9739435122241902,model::electra_base,ELECTRA,42
1029,0,0.00046444896725,0,0.9739435122241902,model::electra_base,ELECTRA,42
11614,1,0.0004955874173901,0,0.9739435122241902,model::electra_base,ELECTRA,42
9822,1,0.0002798921777866,0,0.9739435122241902,model::electra_base,ELECTRA,42
20524,0,0.0004104760300833,0,0.9739435122241902,model::electra_base,ELECTRA,42
7741,1,0.0002999739081133,0,0.9739435122241902,model::electra_base,ELECTRA,42
14573,0,0.0002753250591922,0,0.9739435122241902,model::electra_base,ELECTRA,42
19611,0,0.0003635488392319,0,0.9739435122241902,model::electra_base,ELECTRA,42
3277,0,0.0004346497298683,0,0.9739435122241902,model::electra_base,ELECTRA,42
12554,1,0.0002358948113396,0,0.9739435122241902,model::electra_base,ELECTRA,42
12526,1,0.0003112982958555,0,0.9739435122241902,model::electra_base,ELECTRA,42
20390,1,0.0003179104242008,0,0.9739435122241902,model::electra_base,ELECTRA,42
5242,0,0.0005731643759645,0,0.9739435122241902,model::electra_base,ELECTRA,42
7776,0,0.0002373979368712,0,0.9739435122241902,model::electra_base,ELECTRA,42
13747,1,0.0004220058908686,0,0.9739435122241902,model::electra_base,ELECTRA,42
14769,1,0.0003764289722312,0,0.9739435122241902,model::electra_base,ELECTRA,42
15408,0,0.0003114627324976,0,0.9739435122241902,model::electra_base,ELECTRA,42
8850,0,0.0003468221693765,0,0.9739435122241902,model::electra_base,ELECTRA,42
6341,0,0.0002267664385726,0,0.9739435122241902,model::electra_base,ELECTRA,42
7677,1,0.0005900515243411,0,0.9739435122241902,model::electra_base,ELECTRA,42
12610,0,0.0003222244558855,0,0.9739435122241902,model::electra_base,ELECTRA,42
15436,1,0.0002738135517574,0,0.9739435122241902,model::electra_base,ELECTRA,42
248,1,0.0003561948833521,0,0.9739435122241902,model::electra_base,ELECTRA,42
8795,0,0.0002477224625181,0,0.9739435122241902,model::electra_base,ELECTRA,42
683,1,0.0003052700485568,0,0.9739435122241902,model::electra_base,ELECTRA,42
10619,0,0.0002090897469315,0,0.9739435122241902,model::electra_base,ELECTRA,42
901,1,0.0003192732983734,0,0.9739435122241902,model::electra_base,ELECTRA,42
6945,0,0.0002707818057388,0,0.9739435122241902,model::electra_base,ELECTRA,42
112,1,0.0002809792931657,0,0.9739435122241902,model::electra_base,ELECTRA,42
14601,0,0.0078840507194399,0,0.9739435122241902,model::electra_base,ELECTRA,42
9124,1,0.0006068098009563,0,0.9739435122241902,model::electra_base,ELECTRA,42
12747,0,0.0002533138031139,0,0.9739435122241902,model::electra_base,ELECTRA,42
20252,1,0.0004174760542809,0,0.9739435122241902,model::electra_base,ELECTRA,42
18768,0,0.0002822269743774,0,0.9739435122241902,model::electra_base,ELECTRA,42
16844,1,0.0003555706061888,0,0.9739435122241902,model::electra_base,ELECTRA,42
5992,0,0.000231284473557,0,0.9739435122241902,model::electra_base,ELECTRA,42
16312,1,0.0003732944023795,0,0.9739435122241902,model::electra_base,ELECTRA,42
8930,1,0.0002710008411668,0,0.9739435122241902,model::electra_base,ELECTRA,42
10000,1,0.0003806282184086,0,0.9739435122241902,model::electra_base,ELECTRA,42
8083,0,0.0004894335288554,0,0.9739435122241902,model::electra_base,ELECTRA,42
1356,0,0.0003826902830041,0,0.9739435122241902,model::electra_base,ELECTRA,42
14307,0,0.000268347968813,0,0.9739435122241902,model::electra_base,ELECTRA,42
13423,0,0.0002703543577808,0,0.9739435122241902,model::electra_base,ELECTRA,42
19674,0,0.0003339164541102,0,0.9739435122241902,model::electra_base,ELECTRA,42
16406,0,0.0003423907037358,0,0.9739435122241902,model::electra_base,ELECTRA,42
17846,1,0.0004282862064428,0,0.9739435122241902,model::electra_base,ELECTRA,42
12642,1,0.0004234453372191,0,0.9739435122241902,model::electra_base,ELECTRA,42
13004,0,0.0003875226830132,0,0.9739435122241902,model::electra_base,ELECTRA,42
20367,1,0.0002584200410638,0,0.9739435122241902,model::electra_base,ELECTRA,42
16778,1,0.0004184166027698,0,0.9739435122241902,model::electra_base,ELECTRA,42
20433,0,0.000226686897804,0,0.9739435122241902,model::electra_base,ELECTRA,42
20928,0,0.0002372171729803,0,0.9739435122241902,model::electra_base,ELECTRA,42
7440,1,0.0002634225820656,0,0.9739435122241902,model::electra_base,ELECTRA,42
10613,0,0.0003379211120773,0,0.9739435122241902,model::electra_base,ELECTRA,42
8465,0,0.0003738984232768,0,0.9739435122241902,model::electra_base,ELECTRA,42
18203,0,0.0002346493856748,0,0.9739435122241902,model::electra_base,ELECTRA,42
6170,0,0.0003192556614521,0,0.9739435122241902,model::electra_base,ELECTRA,42
11685,1,0.0003059235459659,0,0.9739435122241902,model::electra_base,ELECTRA,42
10932,1,0.0002758731425274,0,0.9739435122241902,model::electra_base,ELECTRA,42
12424,0,0.0003176971222274,0,0.9739435122241902,model::electra_base,ELECTRA,42
9968,1,0.0002746177488006,0,0.9739435122241902,model::electra_base,ELECTRA,42
10475,1,0.0002970706555061,0,0.9739435122241902,model::electra_base,ELECTRA,42
11525,1,0.0002784598909784,0,0.9739435122241902,model::electra_base,ELECTRA,42
7042,1,0.0006774833309464,0,0.9739435122241902,model::electra_base,ELECTRA,42
3558,0,0.0005225556669756,0,0.9739435122241902,model::electra_base,ELECTRA,42
13588,0,0.0002970284549519,0,0.9739435122241902,model::electra_base,ELECTRA,42
11379,1,0.0003308846789877,0,0.9739435122241902,model::electra_base,ELECTRA,42
18014,0,0.0004454654699657,0,0.9739435122241902,model::electra_base,ELECTRA,42
1072,1,0.0002552949590608,0,0.9739435122241902,model::electra_base,ELECTRA,42
12006,1,0.0002540214627515,0,0.9739435122241902,model::electra_base,ELECTRA,42
8759,0,0.9911203980445862,1,0.9739435122241902,model::electra_base,ELECTRA,42
10957,0,0.0003263119142502,0,0.9739435122241902,model::electra_base,ELECTRA,42
6046,0,0.0003991237026639,0,0.9739435122241902,model::electra_base,ELECTRA,42
16763,0,0.0006734026246704,0,0.9739435122241902,model::electra_base,ELECTRA,42
18932,1,0.000245040282607,0,0.9739435122241902,model::electra_base,ELECTRA,42
10362,0,0.0002747327089309,0,0.9739435122241902,model::electra_base,ELECTRA,42
11711,0,0.0013460039626806,0,0.9739435122241902,model::electra_base,ELECTRA,42
7514,0,0.0003485105407889,0,0.9739435122241902,model::electra_base,ELECTRA,42
8935,0,0.0007267277687788,0,0.9739435122241902,model::electra_base,ELECTRA,42
10058,1,0.0003122631751466,0,0.9739435122241902,model::electra_base,ELECTRA,42
16718,1,0.0003696625353768,0,0.9739435122241902,model::electra_base,ELECTRA,42
16317,0,0.0005174282705411,0,0.9739435122241902,model::electra_base,ELECTRA,42
19108,1,0.0003397533146198,0,0.9739435122241902,model::electra_base,ELECTRA,42
1682,1,0.0002723145007621,0,0.9739435122241902,model::electra_base,ELECTRA,42
10385,0,0.0002891600597649,0,0.9739435122241902,model::electra_base,ELECTRA,42
18795,1,0.0004027911636512,0,0.9739435122241902,model::electra_base,ELECTRA,42
19579,0,0.0012099815066903,0,0.9739435122241902,model::electra_base,ELECTRA,42
428,1,0.0002360817743465,0,0.9739435122241902,model::electra_base,ELECTRA,42
14232,1,0.0002889503084588,0,0.9739435122241902,model::electra_base,ELECTRA,42
12476,1,0.0002975156239699,0,0.9739435122241902,model::electra_base,ELECTRA,42
15738,0,0.0004853991267737,0,0.9739435122241902,model::electra_base,ELECTRA,42
16924,0,0.0003731140168383,0,0.9739435122241902,model::electra_base,ELECTRA,42
1646,0,0.0002632357936818,0,0.9739435122241902,model::electra_base,ELECTRA,42
15008,1,0.0002850248129107,0,0.9739435122241902,model::electra_base,ELECTRA,42
6317,1,0.000264559261268,0,0.9739435122241902,model::electra_base,ELECTRA,42
3032,0,0.00040907310904,0,0.9739435122241902,model::electra_base,ELECTRA,42
492,0,0.0003083856718149,0,0.9739435122241902,model::electra_base,ELECTRA,42
15815,0,0.000333983276505,0,0.9739435122241902,model::electra_base,ELECTRA,42
1378,0,0.0002921731502283,0,0.9739435122241902,model::electra_base,ELECTRA,42
3999,1,0.0002734459994826,0,0.9739435122241902,model::electra_base,ELECTRA,42
16561,0,0.0004378078738227,0,0.9739435122241902,model::electra_base,ELECTRA,42
17155,0,0.0004923506057821,0,0.9739435122241902,model::electra_base,ELECTRA,42
12823,0,0.0004946076660417,0,0.9739435122241902,model::electra_base,ELECTRA,42
10019,1,0.0003646873810794,0,0.9739435122241902,model::electra_base,ELECTRA,42
12458,1,0.0003633589367382,0,0.9739435122241902,model::electra_base,ELECTRA,42
4243,0,0.0004545249103102,0,0.9739435122241902,model::electra_base,ELECTRA,42
16512,1,0.0003113760321866,0,0.9739435122241902,model::electra_base,ELECTRA,42
16146,0,0.0002768572885543,0,0.9739435122241902,model::electra_base,ELECTRA,42
17428,0,0.0003086604410782,0,0.9739435122241902,model::electra_base,ELECTRA,42
14070,1,0.0003744745918083,0,0.9739435122241902,model::electra_base,ELECTRA,42
1741,1,0.0003080072347074,0,0.9739435122241902,model::electra_base,ELECTRA,42
20962,0,0.0005413527833297,0,0.9739435122241902,model::electra_base,ELECTRA,42
15911,1,0.0002334946912014,0,0.9739435122241902,model::electra_base,ELECTRA,42
13593,0,0.0003369849582668,0,0.9739435122241902,model::electra_base,ELECTRA,42
8964,0,0.0008057465311139,0,0.9739435122241902,model::electra_base,ELECTRA,42
10530,0,0.0002533439837861,0,0.9739435122241902,model::electra_base,ELECTRA,42
3502,0,0.0002417483337922,0,0.9739435122241902,model::electra_base,ELECTRA,42
7557,0,0.000270929565886,0,0.9739435122241902,model::electra_base,ELECTRA,42
19547,1,0.000413682864746,0,0.9739435122241902,model::electra_base,ELECTRA,42
14635,0,0.0003743342822417,0,0.9739435122241902,model::electra_base,ELECTRA,42
12168,0,0.0002841549867298,0,0.9739435122241902,model::electra_base,ELECTRA,42
3189,0,0.0003177631879225,0,0.9739435122241902,model::electra_base,ELECTRA,42
2560,0,0.0003446252667345,0,0.9739435122241902,model::electra_base,ELECTRA,42
18150,1,0.0002335391909582,0,0.9739435122241902,model::electra_base,ELECTRA,42
2062,0,0.0003251827438361,0,0.9739435122241902,model::electra_base,ELECTRA,42
17970,0,0.0003076210559811,0,0.9739435122241902,model::electra_base,ELECTRA,42
14679,0,0.0006261410890147,0,0.9739435122241902,model::electra_base,ELECTRA,42
8099,0,0.0002537658438086,0,0.9739435122241902,model::electra_base,ELECTRA,42
3192,0,0.0011523596476763,0,0.9739435122241902,model::electra_base,ELECTRA,42
19761,0,0.0002914250653702,0,0.9739435122241902,model::electra_base,ELECTRA,42
65,1,0.0004066101100761,0,0.9739435122241902,model::electra_base,ELECTRA,42
1424,0,0.000248333759373,0,0.9739435122241902,model::electra_base,ELECTRA,42
18050,0,0.0003063815529458,0,0.9739435122241902,model::electra_base,ELECTRA,42
14331,0,0.0002927679161075,0,0.9739435122241902,model::electra_base,ELECTRA,42
4106,1,0.0003215098113287,0,0.9739435122241902,model::electra_base,ELECTRA,42
5060,1,0.000231139245443,0,0.9739435122241902,model::electra_base,ELECTRA,42
8701,0,0.0002735969319473,0,0.9739435122241902,model::electra_base,ELECTRA,42
17019,0,0.0006341723492369,0,0.9739435122241902,model::electra_base,ELECTRA,42
4095,1,0.0003018242423422,0,0.9739435122241902,model::electra_base,ELECTRA,42
14548,1,0.0003811985079664,0,0.9739435122241902,model::electra_base,ELECTRA,42
15632,0,0.0003631760773714,0,0.9739435122241902,model::electra_base,ELECTRA,42
13320,0,0.0002672984846867,0,0.9739435122241902,model::electra_base,ELECTRA,42
13035,1,0.0002603762841317,0,0.9739435122241902,model::electra_base,ELECTRA,42
8147,0,0.0002720487536862,0,0.9739435122241902,model::electra_base,ELECTRA,42
6933,1,0.0002668518864084,0,0.9739435122241902,model::electra_base,ELECTRA,42
1687,1,0.0008585937321186,0,0.9739435122241902,model::electra_base,ELECTRA,42
14159,1,0.0003608799306675,0,0.9739435122241902,model::electra_base,ELECTRA,42
12864,0,0.000405371247325,0,0.9739435122241902,model::electra_base,ELECTRA,42
7414,0,0.0005287335370667,0,0.9739435122241902,model::electra_base,ELECTRA,42
10319,0,0.0002267422387376,0,0.9739435122241902,model::electra_base,ELECTRA,42
5750,0,0.0004644538275897,0,0.9739435122241902,model::electra_base,ELECTRA,42
19293,0,0.0013214205391705,0,0.9739435122241902,model::electra_base,ELECTRA,42
2232,0,0.000505743024405,0,0.9739435122241902,model::electra_base,ELECTRA,42
13229,1,0.0003939652524422,0,0.9739435122241902,model::electra_base,ELECTRA,42
10707,0,0.0002910674666054,0,0.9739435122241902,model::electra_base,ELECTRA,42
8561,1,0.0003209558199159,0,0.9739435122241902,model::electra_base,ELECTRA,42
13985,1,0.0004300849395804,0,0.9739435122241902,model::electra_base,ELECTRA,42
2854,1,0.0004015757585875,0,0.9739435122241902,model::electra_base,ELECTRA,42
2236,1,0.0002661643084138,0,0.9739435122241902,model::electra_base,ELECTRA,42
3868,0,0.00030885823071,0,0.9739435122241902,model::electra_base,ELECTRA,42
10796,0,0.0006279683439061,0,0.9739435122241902,model::electra_base,ELECTRA,42
17402,1,0.0003009054053109,0,0.9739435122241902,model::electra_base,ELECTRA,42
7141,1,0.0004076716431882,0,0.9739435122241902,model::electra_base,ELECTRA,42
14597,1,0.0003854632086586,0,0.9739435122241902,model::electra_base,ELECTRA,42
9934,0,0.0003502067993395,0,0.9739435122241902,model::electra_base,ELECTRA,42
18619,0,0.0002384102990617,0,0.9739435122241902,model::electra_base,ELECTRA,42
3695,1,0.0002439954114379,0,0.9739435122241902,model::electra_base,ELECTRA,42
8344,0,0.0002364573156228,0,0.9739435122241902,model::electra_base,ELECTRA,42
15114,0,0.0003077457076869,0,0.9739435122241902,model::electra_base,ELECTRA,42
12391,1,0.0003203251399099,0,0.9739435122241902,model::electra_base,ELECTRA,42
4632,1,0.0003978563763666,0,0.9739435122241902,model::electra_base,ELECTRA,42
15102,0,0.0002155651163775,0,0.9739435122241902,model::electra_base,ELECTRA,42
5842,0,0.0043567423708736,0,0.9739435122241902,model::electra_base,ELECTRA,42
5498,0,0.0005233240663073,0,0.9739435122241902,model::electra_base,ELECTRA,42
3589,0,0.0002156366681447,0,0.9739435122241902,model::electra_base,ELECTRA,42
3086,1,0.0002906411828007,0,0.9739435122241902,model::electra_base,ELECTRA,42
13493,1,0.0002497053646948,0,0.9739435122241902,model::electra_base,ELECTRA,42
10682,0,0.0002509514742996,0,0.9739435122241902,model::electra_base,ELECTRA,42
10036,0,0.0003901264281012,0,0.9739435122241902,model::electra_base,ELECTRA,42
19345,0,0.0003108486998826,0,0.9739435122241902,model::electra_base,ELECTRA,42
2750,0,0.0006500496529042,0,0.9739435122241902,model::electra_base,ELECTRA,42
15614,1,0.0003060615563299,0,0.9739435122241902,model::electra_base,ELECTRA,42
5002,1,0.0002668480738066,0,0.9739435122241902,model::electra_base,ELECTRA,42
13930,1,0.0003336007939651,0,0.9739435122241902,model::electra_base,ELECTRA,42
10120,0,0.0003006662300322,0,0.9739435122241902,model::electra_base,ELECTRA,42
18713,1,0.0002960107231047,0,0.9739435122241902,model::electra_base,ELECTRA,42
8232,1,0.0003315029316581,0,0.9739435122241902,model::electra_base,ELECTRA,42
7129,0,0.0004564068512991,0,0.9739435122241902,model::electra_base,ELECTRA,42
18752,1,0.0002622193424031,0,0.9739435122241902,model::electra_base,ELECTRA,42
6196,1,0.0002754195593297,0,0.9739435122241902,model::electra_base,ELECTRA,42
7708,0,0.0003753802739083,0,0.9739435122241902,model::electra_base,ELECTRA,42
11980,1,0.0002454654313623,0,0.9739435122241902,model::electra_base,ELECTRA,42
6870,1,0.0002980502322316,0,0.9739435122241902,model::electra_base,ELECTRA,42
14038,1,0.0004282004083506,0,0.9739435122241902,model::electra_base,ELECTRA,42
9212,0,0.0003260463709011,0,0.9739435122241902,model::electra_base,ELECTRA,42
20144,1,0.0003258605720475,0,0.9739435122241902,model::electra_base,ELECTRA,42
12670,1,0.0003810269990935,0,0.9739435122241902,model::electra_base,ELECTRA,42
197,0,0.0003254979092162,0,0.9739435122241902,model::electra_base,ELECTRA,42
5786,0,0.0003118841268587,0,0.9739435122241902,model::electra_base,ELECTRA,42
19596,1,0.0004988496075384,0,0.9739435122241902,model::electra_base,ELECTRA,42
14263,1,0.0003746491565834,0,0.9739435122241902,model::electra_base,ELECTRA,42
5527,0,0.0002279830659972,0,0.9739435122241902,model::electra_base,ELECTRA,42
3613,1,0.0003118817403446,0,0.9739435122241902,model::electra_base,ELECTRA,42
19069,0,0.0004412577545735,0,0.9739435122241902,model::electra_base,ELECTRA,42
11053,1,0.0004221286217216,0,0.9739435122241902,model::electra_base,ELECTRA,42
10188,0,0.9788958430290222,1,0.9739435122241902,model::electra_base,ELECTRA,42
5807,1,0.0002845871204044,0,0.9739435122241902,model::electra_base,ELECTRA,42
16841,0,0.0002208450023317,0,0.9739435122241902,model::electra_base,ELECTRA,42
19452,1,0.000494101375807,0,0.9739435122241902,model::electra_base,ELECTRA,42
14754,1,0.0003389500488992,0,0.9739435122241902,model::electra_base,ELECTRA,42
15299,0,0.000363584520528,0,0.9739435122241902,model::electra_base,ELECTRA,42
8336,1,0.0014061703113839,0,0.9739435122241902,model::electra_base,ELECTRA,42
9523,1,0.0003877331037074,0,0.9739435122241902,model::electra_base,ELECTRA,42
12154,1,0.0002788305282592,0,0.9739435122241902,model::electra_base,ELECTRA,42
19454,0,0.000301392894471,0,0.9739435122241902,model::electra_base,ELECTRA,42
20356,0,0.0004076450131833,0,0.9739435122241902,model::electra_base,ELECTRA,42
20645,0,0.0002198954898631,0,0.9739435122241902,model::electra_base,ELECTRA,42
4937,0,0.0002706161467358,0,0.9739435122241902,model::electra_base,ELECTRA,42
14311,0,0.0003485470660962,0,0.9739435122241902,model::electra_base,ELECTRA,42
15899,1,0.0002376635966356,0,0.9739435122241902,model::electra_base,ELECTRA,42
12221,1,0.0003160615451633,0,0.9739435122241902,model::electra_base,ELECTRA,42
6235,1,0.0003426006587687,0,0.9739435122241902,model::electra_base,ELECTRA,42
4530,0,0.0002719471231102,0,0.9739435122241902,model::electra_base,ELECTRA,42
11047,0,0.0003362849820405,0,0.9739435122241902,model::electra_base,ELECTRA,42
6030,1,0.0003274428599979,0,0.9739435122241902,model::electra_base,ELECTRA,42
11784,0,0.0002796822227537,0,0.9739435122241902,model::electra_base,ELECTRA,42
16240,1,0.0003137339372187,0,0.9739435122241902,model::electra_base,ELECTRA,42
6814,0,0.000393019960029,0,0.9739435122241902,model::electra_base,ELECTRA,42
9480,0,0.0003136098675895,0,0.9739435122241902,model::electra_base,ELECTRA,42
18776,0,0.0002108263724949,0,0.9739435122241902,model::electra_base,ELECTRA,42
19473,1,0.0002565835893619,0,0.9739435122241902,model::electra_base,ELECTRA,42
21029,0,0.0002364286629017,0,0.9739435122241902,model::electra_base,ELECTRA,42
9437,0,0.0003856260736938,0,0.9739435122241902,model::electra_base,ELECTRA,42
9842,1,0.0003766915760934,0,0.9739435122241902,model::electra_base,ELECTRA,42
3009,1,0.0005404178518801,0,0.9739435122241902,model::electra_base,ELECTRA,42
11712,0,0.0009734038030728,0,0.9739435122241902,model::electra_base,ELECTRA,42
16729,1,0.000241655667196,0,0.9739435122241902,model::electra_base,ELECTRA,42
5237,1,0.000390550121665,0,0.9739435122241902,model::electra_base,ELECTRA,42
7020,1,0.0010671482887119,0,0.9739435122241902,model::electra_base,ELECTRA,42
11806,0,0.0003554054128471,0,0.9739435122241902,model::electra_base,ELECTRA,42
12464,0,0.0003812219365499,0,0.9739435122241902,model::electra_base,ELECTRA,42
792,0,0.0002478269161656,0,0.9739435122241902,model::electra_base,ELECTRA,42
1233,1,0.0002762832446023,0,0.9739435122241902,model::electra_base,ELECTRA,42
16456,1,0.0004492469597607,0,0.9739435122241902,model::electra_base,ELECTRA,42
20327,1,0.0004130181041546,0,0.9739435122241902,model::electra_base,ELECTRA,42
14791,1,0.0002497244277037,0,0.9739435122241902,model::electra_base,ELECTRA,42
2125,0,0.0002811416634358,0,0.9739435122241902,model::electra_base,ELECTRA,42
20580,0,0.0002670954563654,0,0.9739435122241902,model::electra_base,ELECTRA,42
1352,0,0.0005769926938228,0,0.9739435122241902,model::electra_base,ELECTRA,42
9413,0,0.0002769156126305,0,0.9739435122241902,model::electra_base,ELECTRA,42
16103,0,0.0006494221161119,0,0.9739435122241902,model::electra_base,ELECTRA,42
5733,1,0.0008564954041503,0,0.9739435122241902,model::electra_base,ELECTRA,42
6147,0,0.0005095133674331,0,0.9739435122241902,model::electra_base,ELECTRA,42
10220,1,0.0002739634364843,0,0.9739435122241902,model::electra_base,ELECTRA,42
13001,1,0.0003881592128891,0,0.9739435122241902,model::electra_base,ELECTRA,42
7442,1,0.0002628766524139,0,0.9739435122241902,model::electra_base,ELECTRA,42
6884,0,0.0002676963631529,0,0.9739435122241902,model::electra_base,ELECTRA,42
4949,1,0.0003060174640268,0,0.9739435122241902,model::electra_base,ELECTRA,42
9301,1,0.000255838065641,0,0.9739435122241902,model::electra_base,ELECTRA,42
16483,0,0.0004699086421169,0,0.9739435122241902,model::electra_base,ELECTRA,42
12858,0,0.0005169382202439,0,0.9739435122241902,model::electra_base,ELECTRA,42
2490,0,0.0002961541467811,0,0.9739435122241902,model::electra_base,ELECTRA,42
2298,0,0.0003777182137127,0,0.9739435122241902,model::electra_base,ELECTRA,42
20372,0,0.000592732860241,0,0.9739435122241902,model::electra_base,ELECTRA,42
16026,1,0.0002901747066061,0,0.9739435122241902,model::electra_base,ELECTRA,42
1654,1,0.0003163039218634,0,0.9739435122241902,model::electra_base,ELECTRA,42
5270,1,0.0004965135012753,0,0.9739435122241902,model::electra_base,ELECTRA,42
20611,1,0.0003118222521152,0,0.9739435122241902,model::electra_base,ELECTRA,42
19998,0,0.000380408775527,0,0.9739435122241902,model::electra_base,ELECTRA,42
9193,0,0.0002234983985545,0,0.9739435122241902,model::electra_base,ELECTRA,42
11269,0,0.0006918964791111,0,0.9739435122241902,model::electra_base,ELECTRA,42
2088,0,0.0003545231884345,0,0.9739435122241902,model::electra_base,ELECTRA,42
6637,0,0.0003963108465541,0,0.9739435122241902,model::electra_base,ELECTRA,42
6554,1,0.0003684232651721,0,0.9739435122241902,model::electra_base,ELECTRA,42
2779,1,0.0002895501093007,0,0.9739435122241902,model::electra_base,ELECTRA,42
14704,1,0.0003248803259339,0,0.9739435122241902,model::electra_base,ELECTRA,42
9470,0,0.0013741926522925,0,0.9739435122241902,model::electra_base,ELECTRA,42
13502,1,0.0002800341753754,0,0.9739435122241902,model::electra_base,ELECTRA,42
11886,1,0.0004730167274829,0,0.9739435122241902,model::electra_base,ELECTRA,42
9976,1,0.0003131139674223,0,0.9739435122241902,model::electra_base,ELECTRA,42
9870,0,0.0003125317743979,0,0.9739435122241902,model::electra_base,ELECTRA,42
3216,0,0.000249136093771,0,0.9739435122241902,model::electra_base,ELECTRA,42
11857,1,0.0005382341332733,0,0.9739435122241902,model::electra_base,ELECTRA,42
2564,1,0.0002863982808776,0,0.9739435122241902,model::electra_base,ELECTRA,42
11284,1,0.0005586479092016,0,0.9739435122241902,model::electra_base,ELECTRA,42
1669,0,0.0002586798218544,0,0.9739435122241902,model::electra_base,ELECTRA,42
1031,0,0.0004093256720807,0,0.9739435122241902,model::electra_base,ELECTRA,42
20648,1,0.0003800738195423,0,0.9739435122241902,model::electra_base,ELECTRA,42
17870,0,0.0002716029994189,0,0.9739435122241902,model::electra_base,ELECTRA,42
15836,0,0.0002896655350923,0,0.9739435122241902,model::electra_base,ELECTRA,42
7602,1,0.0003200620121788,0,0.9739435122241902,model::electra_base,ELECTRA,42
6097,0,0.0003307276638224,0,0.9739435122241902,model::electra_base,ELECTRA,42
11780,1,0.0002991884539369,0,0.9739435122241902,model::electra_base,ELECTRA,42
12327,1,0.0002800243091769,0,0.9739435122241902,model::electra_base,ELECTRA,42
7422,0,0.0002181022573495,0,0.9739435122241902,model::electra_base,ELECTRA,42
1605,0,0.0003768898313865,0,0.9739435122241902,model::electra_base,ELECTRA,42
9219,0,0.000245199247729,0,0.9739435122241902,model::electra_base,ELECTRA,42
1998,0,0.0004383822961244,0,0.9739435122241902,model::electra_base,ELECTRA,42
7787,1,0.0002616299898363,0,0.9739435122241902,model::electra_base,ELECTRA,42
6209,1,0.0002599739527795,0,0.9739435122241902,model::electra_base,ELECTRA,42
14715,0,0.0002627323265187,0,0.9739435122241902,model::electra_base,ELECTRA,42
274,0,0.0003119828470516,0,0.9739435122241902,model::electra_base,ELECTRA,42
1200,0,0.0004413431452121,0,0.9739435122241902,model::electra_base,ELECTRA,42
1804,1,0.0004903303924947,0,0.9739435122241902,model::electra_base,ELECTRA,42
18547,1,0.0004122516838833,0,0.9739435122241902,model::electra_base,ELECTRA,42
4952,0,0.0003314722562208,0,0.9739435122241902,model::electra_base,ELECTRA,42
10413,1,0.0002622930915094,0,0.9739435122241902,model::electra_base,ELECTRA,42
20278,0,0.0003530746907927,0,0.9739435122241902,model::electra_base,ELECTRA,42
15260,0,0.0003178728802595,0,0.9739435122241902,model::electra_base,ELECTRA,42
9825,0,0.0002381715166848,0,0.9739435122241902,model::electra_base,ELECTRA,42
13644,1,0.0003404462186153,0,0.9739435122241902,model::electra_base,ELECTRA,42
2384,1,0.0003035643894691,0,0.9739435122241902,model::electra_base,ELECTRA,42
9493,1,0.000314515637001,0,0.9739435122241902,model::electra_base,ELECTRA,42
15687,1,0.0002861842804122,0,0.9739435122241902,model::electra_base,ELECTRA,42
15144,0,0.0004154885828029,0,0.9739435122241902,model::electra_base,ELECTRA,42
20175,1,0.0003114541759714,0,0.9739435122241902,model::electra_base,ELECTRA,42
20844,1,0.0003009071224369,0,0.9739435122241902,model::electra_base,ELECTRA,42
5744,1,0.000612722185906,0,0.9739435122241902,model::electra_base,ELECTRA,42
20183,0,0.0004712330119218,0,0.9739435122241902,model::electra_base,ELECTRA,42
1277,0,0.0003307276638224,0,0.9739435122241902,model::electra_base,ELECTRA,42
1051,0,0.0003693883190862,0,0.9739435122241902,model::electra_base,ELECTRA,42
980,0,0.000464380136691,0,0.9739435122241902,model::electra_base,ELECTRA,42
3443,0,0.0003082305192947,0,0.9739435122241902,model::electra_base,ELECTRA,42
13908,1,0.0005763348890468,0,0.9739435122241902,model::electra_base,ELECTRA,42
21046,1,0.0003607949474826,0,0.9739435122241902,model::electra_base,ELECTRA,42
6179,1,0.0009626802639104,0,0.9739435122241902,model::electra_base,ELECTRA,42
19724,1,0.0002998847339767,0,0.9739435122241902,model::electra_base,ELECTRA,42
20341,1,0.000235492552747,0,0.9739435122241902,model::electra_base,ELECTRA,42
3028,1,0.000437403214164,0,0.9739435122241902,model::electra_base,ELECTRA,42
6737,0,0.0003307431179564,0,0.9739435122241902,model::electra_base,ELECTRA,42
12004,0,0.0002513703366275,0,0.9739435122241902,model::electra_base,ELECTRA,42
21054,0,0.0008862523245625,0,0.9739435122241902,model::electra_base,ELECTRA,42
735,1,0.0002900767722167,0,0.9739435122241902,model::electra_base,ELECTRA,42
845,1,0.0004482585645746,0,0.9739435122241902,model::electra_base,ELECTRA,42
2659,0,0.0002760294300969,0,0.9739435122241902,model::electra_base,ELECTRA,42
11691,1,0.0007694275700487,0,0.9739435122241902,model::electra_base,ELECTRA,42
220,0,0.0004928190028294,0,0.9739435122241902,model::electra_base,ELECTRA,42
14073,1,0.0002932327333837,0,0.9739435122241902,model::electra_base,ELECTRA,42
14089,0,0.0005643171607516,0,0.9739435122241902,model::electra_base,ELECTRA,42
15991,0,0.0003795677912421,0,0.9739435122241902,model::electra_base,ELECTRA,42
17752,1,0.0002804526011459,0,0.9739435122241902,model::electra_base,ELECTRA,42
1093,1,0.0002786375989671,0,0.9739435122241902,model::electra_base,ELECTRA,42
9141,1,0.0004318872815929,0,0.9739435122241902,model::electra_base,ELECTRA,42
715,1,0.0005859796074219,0,0.9739435122241902,model::electra_base,ELECTRA,42
14951,1,0.0002461920084897,0,0.9739435122241902,model::electra_base,ELECTRA,42
3193,1,0.0002843999827746,0,0.9739435122241902,model::electra_base,ELECTRA,42
15844,1,0.0003222468949388,0,0.9739435122241902,model::electra_base,ELECTRA,42
10910,1,0.0003163907385896,0,0.9739435122241902,model::electra_base,ELECTRA,42
9172,1,0.000248745403951,0,0.9739435122241902,model::electra_base,ELECTRA,42
5017,1,0.0003125920193269,0,0.9739435122241902,model::electra_base,ELECTRA,42
8474,1,0.0002669572131708,0,0.9739435122241902,model::electra_base,ELECTRA,42
7041,0,0.0007798103033564,0,0.9739435122241902,model::electra_base,ELECTRA,42
19785,0,0.0004501685907598,0,0.9739435122241902,model::electra_base,ELECTRA,42
1706,0,0.0007580420933663,0,0.9739435122241902,model::electra_base,ELECTRA,42
18644,1,0.0003015521506313,0,0.9739435122241902,model::electra_base,ELECTRA,42
20618,1,0.0004107416316401,0,0.9739435122241902,model::electra_base,ELECTRA,42
10680,0,0.0003354287764523,0,0.9739435122241902,model::electra_base,ELECTRA,42
1137,1,0.0002366490080021,0,0.9739435122241902,model::electra_base,ELECTRA,42
5984,1,0.000358379620593,0,0.9739435122241902,model::electra_base,ELECTRA,42
8627,0,0.0029126242734491,0,0.9739435122241902,model::electra_base,ELECTRA,42
3083,0,0.0004568285949062,0,0.9739435122241902,model::electra_base,ELECTRA,42
1335,0,0.0002155873080482,0,0.9739435122241902,model::electra_base,ELECTRA,42
7661,1,0.0002980763674713,0,0.9739435122241902,model::electra_base,ELECTRA,42
20122,1,0.000607500958722,0,0.9739435122241902,model::electra_base,ELECTRA,42
16125,1,0.0003505582280922,0,0.9739435122241902,model::electra_base,ELECTRA,42
8998,1,0.0002821212401613,0,0.9739435122241902,model::electra_base,ELECTRA,42
19137,1,0.0005593133973889,0,0.9739435122241902,model::electra_base,ELECTRA,42
9285,0,0.0002174780529458,0,0.9739435122241902,model::electra_base,ELECTRA,42
10260,1,0.0002612403477542,0,0.9739435122241902,model::electra_base,ELECTRA,42
5406,0,0.0003120792098343,0,0.9739435122241902,model::electra_base,ELECTRA,42
445,0,0.0002703943173401,0,0.9739435122241902,model::electra_base,ELECTRA,42
11938,1,0.0003705112612806,0,0.9739435122241902,model::electra_base,ELECTRA,42
10326,0,0.0002632081741467,0,0.9739435122241902,model::electra_base,ELECTRA,42
20045,0,0.0004935732576996,0,0.9739435122241902,model::electra_base,ELECTRA,42
4939,1,0.0004070353461429,0,0.9739435122241902,model::electra_base,ELECTRA,42
12602,1,0.0002549143100623,0,0.9739435122241902,model::electra_base,ELECTRA,42
12820,0,0.0002576841216068,0,0.9739435122241902,model::electra_base,ELECTRA,42
4707,1,0.0002644044288899,0,0.9739435122241902,model::electra_base,ELECTRA,42
2740,1,0.0002426114369882,0,0.9739435122241902,model::electra_base,ELECTRA,42
15206,0,0.0004230158810969,0,0.9739435122241902,model::electra_base,ELECTRA,42
20765,1,0.0003833062073681,0,0.9739435122241902,model::electra_base,ELECTRA,42
13867,1,0.0008683838532306,0,0.9739435122241902,model::electra_base,ELECTRA,42
10393,0,0.0003433140809647,0,0.9739435122241902,model::electra_base,ELECTRA,42
18360,0,0.0004085029941052,0,0.9739435122241902,model::electra_base,ELECTRA,42
16306,0,0.0002463902346789,0,0.9739435122241902,model::electra_base,ELECTRA,42
16392,0,0.0007467883406206,0,0.9739435122241902,model::electra_base,ELECTRA,42
223,1,0.0002936389355454,0,0.9739435122241902,model::electra_base,ELECTRA,42
13724,1,0.000324162247125,0,0.9739435122241902,model::electra_base,ELECTRA,42
10533,1,0.0002774230088107,0,0.9739435122241902,model::electra_base,ELECTRA,42
14919,1,0.000236961961491,0,0.9739435122241902,model::electra_base,ELECTRA,42
4826,0,0.0002761420910246,0,0.9739435122241902,model::electra_base,ELECTRA,42
12828,1,0.0002773616579361,0,0.9739435122241902,model::electra_base,ELECTRA,42
1508,1,0.000369839486666,0,0.9739435122241902,model::electra_base,ELECTRA,42
14590,0,0.0002739430346991,0,0.9739435122241902,model::electra_base,ELECTRA,42
8866,1,0.0003224383399356,0,0.9739435122241902,model::electra_base,ELECTRA,42
4409,0,0.0003312625049147,0,0.9739435122241902,model::electra_base,ELECTRA,42
18033,1,0.0003793785872403,0,0.9739435122241902,model::electra_base,ELECTRA,42
12087,1,0.0003342686977703,0,0.9739435122241902,model::electra_base,ELECTRA,42
10834,0,0.0004039780469611,0,0.9739435122241902,model::electra_base,ELECTRA,42
3238,1,0.0003190654679201,0,0.9739435122241902,model::electra_base,ELECTRA,42
15827,0,0.0004985439591109,0,0.9739435122241902,model::electra_base,ELECTRA,42
3656,1,0.0003396671672817,0,0.9739435122241902,model::electra_base,ELECTRA,42
8955,0,0.0002340925275348,0,0.9739435122241902,model::electra_base,ELECTRA,42
890,1,0.0002694092690944,0,0.9739435122241902,model::electra_base,ELECTRA,42
2516,1,0.0003974731371272,0,0.9739435122241902,model::electra_base,ELECTRA,42
18073,1,0.0004719272546935,0,0.9739435122241902,model::electra_base,ELECTRA,42
8460,1,0.0003277964133303,0,0.9739435122241902,model::electra_base,ELECTRA,42
13913,1,0.0002931997878476,0,0.9739435122241902,model::electra_base,ELECTRA,42
14989,0,0.0002857006620615,0,0.9739435122241902,model::electra_base,ELECTRA,42
12550,0,0.0003116620646324,0,0.9739435122241902,model::electra_base,ELECTRA,42
8601,0,0.000497720669955,0,0.9739435122241902,model::electra_base,ELECTRA,42
11106,1,0.0003232653834857,0,0.9739435122241902,model::electra_base,ELECTRA,42
18688,0,0.0002701554330997,0,0.9739435122241902,model::electra_base,ELECTRA,42
8130,0,0.0011641351738944,0,0.9739435122241902,model::electra_base,ELECTRA,42
4465,1,0.0003502265317365,0,0.9739435122241902,model::electra_base,ELECTRA,42
17215,1,0.0002701644552871,0,0.9739435122241902,model::electra_base,ELECTRA,42
8438,1,0.0003614035958889,0,0.9739435122241902,model::electra_base,ELECTRA,42
10332,1,0.0004509607970248,0,0.9739435122241902,model::electra_base,ELECTRA,42
7194,1,0.0003566312952898,0,0.9739435122241902,model::electra_base,ELECTRA,42
7211,1,0.0003771029296331,0,0.9739435122241902,model::electra_base,ELECTRA,42
7652,0,0.0002676637086551,0,0.9739435122241902,model::electra_base,ELECTRA,42
20393,1,0.0003139204054605,0,0.9739435122241902,model::electra_base,ELECTRA,42
7624,0,0.0004418879398144,0,0.9739435122241902,model::electra_base,ELECTRA,42
19363,1,0.0005429804441519,0,0.9739435122241902,model::electra_base,ELECTRA,42
7628,1,0.0004083086678292,0,0.9739435122241902,model::electra_base,ELECTRA,42
13143,0,0.0002176547859562,0,0.9739435122241902,model::electra_base,ELECTRA,42
18653,1,0.0002940905687864,0,0.9739435122241902,model::electra_base,ELECTRA,42
910,0,0.0007447795360349,0,0.9739435122241902,model::electra_base,ELECTRA,42
257,1,0.0005618015420623,0,0.9739435122241902,model::electra_base,ELECTRA,42
8122,1,0.0002487226156517,0,0.9739435122241902,model::electra_base,ELECTRA,42
9065,1,0.0002869060554075,0,0.9739435122241902,model::electra_base,ELECTRA,42
18774,0,0.0002950651396531,0,0.9739435122241902,model::electra_base,ELECTRA,42
8840,1,0.0002998801355715,0,0.9739435122241902,model::electra_base,ELECTRA,42
9083,1,0.0004912597360089,0,0.9739435122241902,model::electra_base,ELECTRA,42
1188,1,0.0002935421362053,0,0.9739435122241902,model::electra_base,ELECTRA,42
10566,0,0.0005510778864845,0,0.9739435122241902,model::electra_base,ELECTRA,42
19405,1,0.0003107819939032,0,0.9739435122241902,model::electra_base,ELECTRA,42
8459,1,0.000458346970845,0,0.9739435122241902,model::electra_base,ELECTRA,42
17679,1,0.0003148141258861,0,0.9739435122241902,model::electra_base,ELECTRA,42
12760,0,0.0027378294616937,0,0.9739435122241902,model::electra_base,ELECTRA,42
11399,1,0.0002869312011171,0,0.9739435122241902,model::electra_base,ELECTRA,42
1972,1,0.0002326085086679,0,0.9739435122241902,model::electra_base,ELECTRA,42
11132,0,0.0002816959749907,0,0.9739435122241902,model::electra_base,ELECTRA,42
1578,1,0.0002871701144613,0,0.9739435122241902,model::electra_base,ELECTRA,42
407,1,0.0003757343511097,0,0.9739435122241902,model::electra_base,ELECTRA,42
10444,1,0.0002620158775243,0,0.9739435122241902,model::electra_base,ELECTRA,42
6758,0,0.0003380039415787,0,0.9739435122241902,model::electra_base,ELECTRA,42
12226,0,0.000221828217036,0,0.9739435122241902,model::electra_base,ELECTRA,42
15551,1,0.0005303371581248,0,0.9739435122241902,model::electra_base,ELECTRA,42
2313,1,0.0003237172204535,0,0.9739435122241902,model::electra_base,ELECTRA,42
11015,1,0.0002675233699847,0,0.9739435122241902,model::electra_base,ELECTRA,42
35,1,0.0003334030334372,0,0.9739435122241902,model::electra_base,ELECTRA,42
20481,0,0.0002904343127738,0,0.9739435122241902,model::electra_base,ELECTRA,42
10167,0,0.000632275477983,0,0.9739435122241902,model::electra_base,ELECTRA,42
19682,1,0.0002906719746533,0,0.9739435122241902,model::electra_base,ELECTRA,42
4811,0,0.000367563276086,0,0.9739435122241902,model::electra_base,ELECTRA,42
19927,1,0.0004281896690372,0,0.9739435122241902,model::electra_base,ELECTRA,42
2122,1,0.0002855326165445,0,0.9739435122241902,model::electra_base,ELECTRA,42
19791,1,0.0005700893234461,0,0.9739435122241902,model::electra_base,ELECTRA,42
14532,1,0.0002477621601428,0,0.9739435122241902,model::electra_base,ELECTRA,42
6234,1,0.0002495133085176,0,0.9739435122241902,model::electra_base,ELECTRA,42
13877,1,0.0002971043577417,0,0.9739435122241902,model::electra_base,ELECTRA,42
13949,1,0.0003209711285308,0,0.9739435122241902,model::electra_base,ELECTRA,42
16838,0,0.0003219383070245,0,0.9739435122241902,model::electra_base,ELECTRA,42
4456,0,0.0003174997400492,0,0.9739435122241902,model::electra_base,ELECTRA,42
10744,1,0.0002975902461912,0,0.9739435122241902,model::electra_base,ELECTRA,42
18984,1,0.0003027025959454,0,0.9739435122241902,model::electra_base,ELECTRA,42
20496,0,0.0004335451230872,0,0.9739435122241902,model::electra_base,ELECTRA,42
5594,1,0.0003626287798397,0,0.9739435122241902,model::electra_base,ELECTRA,42
130,1,0.0003675133339129,0,0.9739435122241902,model::electra_base,ELECTRA,42
4873,0,0.0022160396911203,0,0.9739435122241902,model::electra_base,ELECTRA,42
19469,1,0.0003074134583584,0,0.9739435122241902,model::electra_base,ELECTRA,42
7641,0,0.0009223989909514,0,0.9739435122241902,model::electra_base,ELECTRA,42
9028,1,0.000233779370319,0,0.9739435122241902,model::electra_base,ELECTRA,42
1377,0,0.0004398249147925,0,0.9739435122241902,model::electra_base,ELECTRA,42
8451,0,0.0002904940920416,0,0.9739435122241902,model::electra_base,ELECTRA,42
13056,1,0.0005069346516393,0,0.9739435122241902,model::electra_base,ELECTRA,42
9516,0,0.000239659420913,0,0.9739435122241902,model::electra_base,ELECTRA,42
11571,0,0.0002119976998073,0,0.9739435122241902,model::electra_base,ELECTRA,42
15549,0,0.0004236510430928,0,0.9739435122241902,model::electra_base,ELECTRA,42
6838,0,0.0006132880225777,0,0.9739435122241902,model::electra_base,ELECTRA,42
14624,0,0.0002738375624176,0,0.9739435122241902,model::electra_base,ELECTRA,42
20203,1,0.000284884677967,0,0.9739435122241902,model::electra_base,ELECTRA,42
17249,0,0.0002441010583424,0,0.9739435122241902,model::electra_base,ELECTRA,42
7666,1,0.0002801481750793,0,0.9739435122241902,model::electra_base,ELECTRA,42
14003,0,0.0002319428022019,0,0.9739435122241902,model::electra_base,ELECTRA,42
8295,1,0.0002837807696778,0,0.9739435122241902,model::electra_base,ELECTRA,42
7750,0,0.0002163517201552,0,0.9739435122241902,model::electra_base,ELECTRA,42
15845,0,0.0003024141187779,0,0.9739435122241902,model::electra_base,ELECTRA,42
18290,1,0.0002776987676043,0,0.9739435122241902,model::electra_base,ELECTRA,42
15259,0,0.0004263505106791,0,0.9739435122241902,model::electra_base,ELECTRA,42
12818,0,0.0003553733695298,0,0.9739435122241902,model::electra_base,ELECTRA,42
1307,0,0.0003001449804287,0,0.9739435122241902,model::electra_base,ELECTRA,42
11666,0,0.0016457261517643,0,0.9739435122241902,model::electra_base,ELECTRA,42
10098,0,0.0003227858978789,0,0.9739435122241902,model::electra_base,ELECTRA,42
14991,0,0.000982693512924,0,0.9739435122241902,model::electra_base,ELECTRA,42
3536,1,0.0003895060217473,0,0.9739435122241902,model::electra_base,ELECTRA,42
793,0,0.000318270700518,0,0.9739435122241902,model::electra_base,ELECTRA,42
6444,1,0.0002867758739739,0,0.9739435122241902,model::electra_base,ELECTRA,42
21037,1,0.0003353405336383,0,0.9739435122241902,model::electra_base,ELECTRA,42
1046,1,0.0002761752693913,0,0.9739435122241902,model::electra_base,ELECTRA,42
17091,1,0.0005837982171215,0,0.9739435122241902,model::electra_base,ELECTRA,42
10760,1,0.000520683999639,0,0.9739435122241902,model::electra_base,ELECTRA,42
19789,1,0.0002886081056203,0,0.9739435122241902,model::electra_base,ELECTRA,42
14570,0,0.0003637044574134,0,0.9739435122241902,model::electra_base,ELECTRA,42
4501,0,0.0010149717563763,0,0.9739435122241902,model::electra_base,ELECTRA,42
17804,1,0.0003799975384026,0,0.9739435122241902,model::electra_base,ELECTRA,42
20930,1,0.0005478287348523,0,0.9739435122241902,model::electra_base,ELECTRA,42
5681,0,0.0002143393357982,0,0.9739435122241902,model::electra_base,ELECTRA,42
19492,0,0.0003111422120127,0,0.9739435122241902,model::electra_base,ELECTRA,42
15199,0,0.0007017914904281,0,0.9739435122241902,model::electra_base,ELECTRA,42
19773,1,0.0002442288387101,0,0.9739435122241902,model::electra_base,ELECTRA,42
8648,1,0.000306851870846,0,0.9739435122241902,model::electra_base,ELECTRA,42
19415,0,0.0005648881779052,0,0.9739435122241902,model::electra_base,ELECTRA,42
7801,0,0.0013440325856208,0,0.9739435122241902,model::electra_base,ELECTRA,42
8,1,0.0005553922965191,0,0.9739435122241902,model::electra_base,ELECTRA,42
20689,0,0.0003410846111364,0,0.9739435122241902,model::electra_base,ELECTRA,42
8222,0,0.0005472763441503,0,0.9739435122241902,model::electra_base,ELECTRA,42
2404,0,0.0003319213283248,0,0.9739435122241902,model::electra_base,ELECTRA,42
16855,0,0.0002565053291618,0,0.9739435122241902,model::electra_base,ELECTRA,42
16043,0,0.0003087140212301,0,0.9739435122241902,model::electra_base,ELECTRA,42
3970,1,0.0003172903088852,0,0.9739435122241902,model::electra_base,ELECTRA,42
15080,0,0.0004513919702731,0,0.9739435122241902,model::electra_base,ELECTRA,42
12208,1,0.0002441927790641,0,0.9739435122241902,model::electra_base,ELECTRA,42
16329,0,0.0003032386885024,0,0.9739435122241902,model::electra_base,ELECTRA,42
16072,0,0.0002967977488879,0,0.9739435122241902,model::electra_base,ELECTRA,42
7193,0,0.0002483628923073,0,0.9739435122241902,model::electra_base,ELECTRA,42
9127,0,0.0002838094951584,0,0.9739435122241902,model::electra_base,ELECTRA,42
8752,0,0.00024682469666,0,0.9739435122241902,model::electra_base,ELECTRA,42
15219,0,0.0002914814685937,0,0.9739435122241902,model::electra_base,ELECTRA,42
3972,1,0.0002831197925843,0,0.9739435122241902,model::electra_base,ELECTRA,42
17228,0,0.0004528245190158,0,0.9739435122241902,model::electra_base,ELECTRA,42
11729,1,0.0003701804380398,0,0.9739435122241902,model::electra_base,ELECTRA,42
10278,0,0.0002343556116102,0,0.9739435122241902,model::electra_base,ELECTRA,42
6727,1,0.0002374817122472,0,0.9739435122241902,model::electra_base,ELECTRA,42
13215,0,0.0005586980259977,0,0.9739435122241902,model::electra_base,ELECTRA,42
15369,1,0.0003921210009139,0,0.9739435122241902,model::electra_base,ELECTRA,42
6047,0,0.0016558637144044,0,0.9739435122241902,model::electra_base,ELECTRA,42
3678,1,0.0007390629034489,0,0.9739435122241902,model::electra_base,ELECTRA,42
7108,1,0.0005306536331772,0,0.9739435122241902,model::electra_base,ELECTRA,42
12819,1,0.0004077647463418,0,0.9739435122241902,model::electra_base,ELECTRA,42
1116,1,0.0002624168992042,0,0.9739435122241902,model::electra_base,ELECTRA,42
11919,1,0.0004493030137382,0,0.9739435122241902,model::electra_base,ELECTRA,42
20150,1,0.0002940476988442,0,0.9739435122241902,model::electra_base,ELECTRA,42
15363,1,0.0006568228127434,0,0.9739435122241902,model::electra_base,ELECTRA,42
9926,0,0.0003864878381136,0,0.9739435122241902,model::electra_base,ELECTRA,42
1315,1,0.0005794981843791,0,0.9739435122241902,model::electra_base,ELECTRA,42
12578,1,0.0002734436420723,0,0.9739435122241902,model::electra_base,ELECTRA,42
9256,1,0.0004554459301289,0,0.9739435122241902,model::electra_base,ELECTRA,42
2825,1,0.0003686667478177,0,0.9739435122241902,model::electra_base,ELECTRA,42
12249,1,0.0003576437302399,0,0.9739435122241902,model::electra_base,ELECTRA,42
2998,1,0.0003474890545476,0,0.9739435122241902,model::electra_base,ELECTRA,42
12377,0,0.0002206196077167,0,0.9739435122241902,model::electra_base,ELECTRA,42
14586,0,0.0002373142197029,0,0.9739435122241902,model::electra_base,ELECTRA,42
232,0,0.0002303599467268,0,0.9739435122241902,model::electra_base,ELECTRA,42
11854,0,0.0005160092841833,0,0.9739435122241902,model::electra_base,ELECTRA,42
20165,0,0.0012278552167117,0,0.9739435122241902,model::electra_base,ELECTRA,42
14236,0,0.0002266294031869,0,0.9739435122241902,model::electra_base,ELECTRA,42
19570,0,0.0004026967217214,0,0.9739435122241902,model::electra_base,ELECTRA,42
12489,0,0.0002820964728016,0,0.9739435122241902,model::electra_base,ELECTRA,42
10124,1,0.0002937655372079,0,0.9739435122241902,model::electra_base,ELECTRA,42
1189,1,0.0004750974185299,0,0.9739435122241902,model::electra_base,ELECTRA,42
12081,1,0.0002526528842281,0,0.9739435122241902,model::electra_base,ELECTRA,42
3134,0,0.0002810826990753,0,0.9739435122241902,model::electra_base,ELECTRA,42
14002,1,0.000305023335386,0,0.9739435122241902,model::electra_base,ELECTRA,42
15576,0,0.000241617904976,0,0.9739435122241902,model::electra_base,ELECTRA,42
1697,1,0.0002358527417527,0,0.9739435122241902,model::electra_base,ELECTRA,42
4042,1,0.000439275347162,0,0.9739435122241902,model::electra_base,ELECTRA,42
15141,1,0.0036628523375838,0,0.9739435122241902,model::electra_base,ELECTRA,42
9519,1,0.0003619183844421,0,0.9739435122241902,model::electra_base,ELECTRA,42
5313,1,0.0003630435094237,0,0.9739435122241902,model::electra_base,ELECTRA,42
6119,0,0.0002383700630161,0,0.9739435122241902,model::electra_base,ELECTRA,42
1040,1,0.0004400769539643,0,0.9739435122241902,model::electra_base,ELECTRA,42
19078,0,0.0005201976164244,0,0.9739435122241902,model::electra_base,ELECTRA,42
17454,0,0.0002423474361421,0,0.9739435122241902,model::electra_base,ELECTRA,42
7896,1,0.0003363173746038,0,0.9739435122241902,model::electra_base,ELECTRA,42
2774,1,0.000282908527879,0,0.9739435122241902,model::electra_base,ELECTRA,42
4384,1,0.0003274079062975,0,0.9739435122241902,model::electra_base,ELECTRA,42
10964,1,0.0004377619479782,0,0.9739435122241902,model::electra_base,ELECTRA,42
14351,0,0.0002678367891348,0,0.9739435122241902,model::electra_base,ELECTRA,42
2623,0,0.0005216390127316,0,0.9739435122241902,model::electra_base,ELECTRA,42
16957,0,0.0016570668667554,0,0.9739435122241902,model::electra_base,ELECTRA,42
3957,0,0.0002969774941448,0,0.9739435122241902,model::electra_base,ELECTRA,42
10091,1,0.0002694693976081,0,0.9739435122241902,model::electra_base,ELECTRA,42
5191,0,0.0002763715165201,0,0.9739435122241902,model::electra_base,ELECTRA,42
18187,1,0.0003612515283748,0,0.9739435122241902,model::electra_base,ELECTRA,42
18204,0,0.0002648525114636,0,0.9739435122241902,model::electra_base,ELECTRA,42
20699,0,0.0002754390006884,0,0.9739435122241902,model::electra_base,ELECTRA,42
10673,1,0.0002759473281912,0,0.9739435122241902,model::electra_base,ELECTRA,42
11601,1,0.000285687012365,0,0.9739435122241902,model::electra_base,ELECTRA,42
18930,1,0.0002481283445376,0,0.9739435122241902,model::electra_base,ELECTRA,42
20037,1,0.000367198488675,0,0.9739435122241902,model::electra_base,ELECTRA,42
14499,1,0.0003587816026993,0,0.9739435122241902,model::electra_base,ELECTRA,42
19267,0,0.00031541736098,0,0.9739435122241902,model::electra_base,ELECTRA,42
15555,1,0.0002507666067685,0,0.9739435122241902,model::electra_base,ELECTRA,42
4094,0,0.0003050099767278,0,0.9739435122241902,model::electra_base,ELECTRA,42
6491,0,0.0002351573493797,0,0.9739435122241902,model::electra_base,ELECTRA,42
2925,1,0.0003748124290723,0,0.9739435122241902,model::electra_base,ELECTRA,42
15798,0,0.000266363582341,0,0.9739435122241902,model::electra_base,ELECTRA,42
20639,1,0.0002898431848734,0,0.9739435122241902,model::electra_base,ELECTRA,42
11212,1,0.0002762149961199,0,0.9739435122241902,model::electra_base,ELECTRA,42
2422,0,0.0026457416824996,0,0.9739435122241902,model::electra_base,ELECTRA,42
5012,1,0.0002404013939667,0,0.9739435122241902,model::electra_base,ELECTRA,42
6603,1,0.0002654549898579,0,0.9739435122241902,model::electra_base,ELECTRA,42
4997,0,0.0002417911746306,0,0.9739435122241902,model::electra_base,ELECTRA,42
5034,1,0.0002560913853812,0,0.9739435122241902,model::electra_base,ELECTRA,42
2639,0,0.0002793238090816,0,0.9739435122241902,model::electra_base,ELECTRA,42
10947,1,0.0002506071468815,0,0.9739435122241902,model::electra_base,ELECTRA,42
4724,0,0.0002724998921621,0,0.9739435122241902,model::electra_base,ELECTRA,42
11645,1,0.0003254296316299,0,0.9739435122241902,model::electra_base,ELECTRA,42
825,0,0.0003448982606641,0,0.9739435122241902,model::electra_base,ELECTRA,42
3923,1,0.0002642653416842,0,0.9739435122241902,model::electra_base,ELECTRA,42
8746,0,0.0003091705439146,0,0.9739435122241902,model::electra_base,ELECTRA,42
14833,1,0.0003491843235678,0,0.9739435122241902,model::electra_base,ELECTRA,42
16281,0,0.0003938486333936,0,0.9739435122241902,model::electra_base,ELECTRA,42
5044,0,0.0002960479760076,0,0.9739435122241902,model::electra_base,ELECTRA,42
6285,0,0.0004384351777844,0,0.9739435122241902,model::electra_base,ELECTRA,42
8873,0,0.0013654141221195,0,0.9739435122241902,model::electra_base,ELECTRA,42
14231,0,0.0031446400098502,0,0.9739435122241902,model::electra_base,ELECTRA,42
2040,1,0.0003029653453268,0,0.9739435122241902,model::electra_base,ELECTRA,42
13075,1,0.0004013928701169,0,0.9739435122241902,model::electra_base,ELECTRA,42
11080,0,0.0002635198179632,0,0.9739435122241902,model::electra_base,ELECTRA,42
15958,1,0.0002591817174106,0,0.9739435122241902,model::electra_base,ELECTRA,42
546,0,0.0002834698243532,0,0.9739435122241902,model::electra_base,ELECTRA,42
798,0,0.0003380948037374,0,0.9739435122241902,model::electra_base,ELECTRA,42
15907,1,0.0006939019658602,0,0.9739435122241902,model::electra_base,ELECTRA,42
271,1,0.000681901758071,0,0.9739435122241902,model::electra_base,ELECTRA,42
4130,0,0.0002324480301467,0,0.9739435122241902,model::electra_base,ELECTRA,42
10142,0,0.0003296275099273,0,0.9739435122241902,model::electra_base,ELECTRA,42
16117,0,0.0004400794859975,0,0.9739435122241902,model::electra_base,ELECTRA,42
7121,0,0.0002859309024643,0,0.9739435122241902,model::electra_base,ELECTRA,42
4788,0,0.000470398023026,0,0.9739435122241902,model::electra_base,ELECTRA,42
1574,0,0.0003660620423033,0,0.9739435122241902,model::electra_base,ELECTRA,42
9657,1,0.0004460931231733,0,0.9739435122241902,model::electra_base,ELECTRA,42
15674,1,0.0002965033054351,0,0.9739435122241902,model::electra_base,ELECTRA,42
14017,0,0.0002811363374348,0,0.9739435122241902,model::electra_base,ELECTRA,42
18691,0,0.0003992222482338,0,0.9739435122241902,model::electra_base,ELECTRA,42
19684,0,0.0008412760798819,0,0.9739435122241902,model::electra_base,ELECTRA,42
19741,1,0.0004328985814936,0,0.9739435122241902,model::electra_base,ELECTRA,42
3141,1,0.0002468948368914,0,0.9739435122241902,model::electra_base,ELECTRA,42
2968,1,0.0003016435948666,0,0.9739435122241902,model::electra_base,ELECTRA,42
10633,1,0.0003963999915868,0,0.9739435122241902,model::electra_base,ELECTRA,42
11195,0,0.0002287961688125,0,0.9739435122241902,model::electra_base,ELECTRA,42
17044,0,0.0073139136657118,0,0.9739435122241902,model::electra_base,ELECTRA,42
17321,0,0.0002799930807668,0,0.9739435122241902,model::electra_base,ELECTRA,42
12886,1,0.0002303234796272,0,0.9739435122241902,model::electra_base,ELECTRA,42
18709,0,0.0002465913712512,0,0.9739435122241902,model::electra_base,ELECTRA,42
8346,1,0.0002940182457678,0,0.9739435122241902,model::electra_base,ELECTRA,42
18967,0,0.0003737552033271,0,0.9739435122241902,model::electra_base,ELECTRA,42
8952,0,0.0002130446955561,0,0.9739435122241902,model::electra_base,ELECTRA,42
20168,0,0.000427744933404,0,0.9739435122241902,model::electra_base,ELECTRA,42
10331,0,0.000281918735709,0,0.9739435122241902,model::electra_base,ELECTRA,42
18336,1,0.0002287743700435,0,0.9739435122241902,model::electra_base,ELECTRA,42
19721,0,0.0003532225382514,0,0.9739435122241902,model::electra_base,ELECTRA,42
2895,0,0.0004139018419664,0,0.9739435122241902,model::electra_base,ELECTRA,42
9311,1,0.0002840929373633,0,0.9739435122241902,model::electra_base,ELECTRA,42
19159,0,0.0003019560535904,0,0.9739435122241902,model::electra_base,ELECTRA,42
1740,0,0.000260437867837,0,0.9739435122241902,model::electra_base,ELECTRA,42
7063,0,0.0002641937753651,0,0.9739435122241902,model::electra_base,ELECTRA,42
1117,0,0.0003131294506601,0,0.9739435122241902,model::electra_base,ELECTRA,42
17864,0,0.7291752696037292,0,0.9739435122241902,model::electra_base,ELECTRA,42
4091,1,0.0002651521936058,0,0.9739435122241902,model::electra_base,ELECTRA,42
14084,0,0.0002563529997132,0,0.9739435122241902,model::electra_base,ELECTRA,42
18286,0,0.0003621061041485,0,0.9739435122241902,model::electra_base,ELECTRA,42
20021,1,0.0003657674533315,0,0.9739435122241902,model::electra_base,ELECTRA,42
11050,0,0.0006967882509343,0,0.9739435122241902,model::electra_base,ELECTRA,42
4650,1,0.0004217224195599,0,0.9739435122241902,model::electra_base,ELECTRA,42
14381,1,0.0003346009470988,0,0.9739435122241902,model::electra_base,ELECTRA,42
2274,0,0.0004717055708169,0,0.9739435122241902,model::electra_base,ELECTRA,42
2975,1,0.0002341940853511,0,0.9739435122241902,model::electra_base,ELECTRA,42
18110,1,0.0002244311326649,0,0.9739435122241902,model::electra_base,ELECTRA,42
13568,1,0.0003467224596533,0,0.9739435122241902,model::electra_base,ELECTRA,42
20984,0,0.002096138196066,0,0.9739435122241902,model::electra_base,ELECTRA,42
10928,1,0.0003137929306831,0,0.9739435122241902,model::electra_base,ELECTRA,42
4169,1,0.000249019707553,0,0.9739435122241902,model::electra_base,ELECTRA,42
9177,1,0.0003704210394062,0,0.9739435122241902,model::electra_base,ELECTRA,42
13388,0,0.0002808338904287,0,0.9739435122241902,model::electra_base,ELECTRA,42
12785,0,0.0002296973834745,0,0.9739435122241902,model::electra_base,ELECTRA,42
15272,1,0.0003110615652985,0,0.9739435122241902,model::electra_base,ELECTRA,42
10296,0,0.0002911262854468,0,0.9739435122241902,model::electra_base,ELECTRA,42
1854,1,0.000323602114804,0,0.9739435122241902,model::electra_base,ELECTRA,42
16449,0,0.0003184142406098,0,0.9739435122241902,model::electra_base,ELECTRA,42
4113,1,0.0003300576645415,0,0.9739435122241902,model::electra_base,ELECTRA,42
14894,0,0.0003764787106774,0,0.9739435122241902,model::electra_base,ELECTRA,42
19635,1,0.0002751571009866,0,0.9739435122241902,model::electra_base,ELECTRA,42
816,1,0.000271084049018,0,0.9739435122241902,model::electra_base,ELECTRA,42
20057,0,0.0003222005034331,0,0.9739435122241902,model::electra_base,ELECTRA,42
13410,0,0.0003635000030044,0,0.9739435122241902,model::electra_base,ELECTRA,42
10307,0,0.0003683653485495,0,0.9739435122241902,model::electra_base,ELECTRA,42
2188,1,0.00076336361235,0,0.9739435122241902,model::electra_base,ELECTRA,42
6244,0,0.0002163418103009,0,0.9739435122241902,model::electra_base,ELECTRA,42
19435,1,0.0007565057021565,0,0.9739435122241902,model::electra_base,ELECTRA,42
2773,1,0.0004191488842479,0,0.9739435122241902,model::electra_base,ELECTRA,42
17667,0,0.0003995176521129,0,0.9739435122241902,model::electra_base,ELECTRA,42
18611,0,0.0002341929794056,0,0.9739435122241902,model::electra_base,ELECTRA,42
14694,0,0.0003672441816888,0,0.9739435122241902,model::electra_base,ELECTRA,42
17911,1,0.0002938478719443,0,0.9739435122241902,model::electra_base,ELECTRA,42
14524,1,0.0002870143798645,0,0.9739435122241902,model::electra_base,ELECTRA,42
16528,0,0.0002696210285648,0,0.9739435122241902,model::electra_base,ELECTRA,42
3412,0,0.0002932758070528,0,0.9739435122241902,model::electra_base,ELECTRA,42
16238,0,0.0005867449799552,0,0.9739435122241902,model::electra_base,ELECTRA,42
14091,1,0.0003562797792255,0,0.9739435122241902,model::electra_base,ELECTRA,42
10747,0,0.0006036662380211,0,0.9739435122241902,model::electra_base,ELECTRA,42
13544,0,0.0002344814420212,0,0.9739435122241902,model::electra_base,ELECTRA,42
1956,0,0.0003052618994843,0,0.9739435122241902,model::electra_base,ELECTRA,42
5540,0,0.0003898706345353,0,0.9739435122241902,model::electra_base,ELECTRA,42
4946,1,0.0002497182576917,0,0.9739435122241902,model::electra_base,ELECTRA,42
9335,0,0.0005334789166226,0,0.9739435122241902,model::electra_base,ELECTRA,42
6785,1,0.0002909863833338,0,0.9739435122241902,model::electra_base,ELECTRA,42
3545,0,0.000478028319776,0,0.9739435122241902,model::electra_base,ELECTRA,42
10811,0,0.0002961507707368,0,0.9739435122241902,model::electra_base,ELECTRA,42
7712,0,0.000263776484644,0,0.9739435122241902,model::electra_base,ELECTRA,42
11797,0,0.0004377162840683,0,0.9739435122241902,model::electra_base,ELECTRA,42
16705,1,0.0002786721452139,0,0.9739435122241902,model::electra_base,ELECTRA,42
17307,1,0.0003542868653312,0,0.9739435122241902,model::electra_base,ELECTRA,42
9386,1,0.0002457314403727,0,0.9739435122241902,model::electra_base,ELECTRA,42
2510,0,0.000289958959911,0,0.9739435122241902,model::electra_base,ELECTRA,42
9672,0,0.0005227299989201,0,0.9739435122241902,model::electra_base,ELECTRA,42
2290,1,0.0002298846957273,0,0.9739435122241902,model::electra_base,ELECTRA,42
13123,1,0.0002620368904899,0,0.9739435122241902,model::electra_base,ELECTRA,42
1322,0,0.0040246658027172,0,0.9739435122241902,model::electra_base,ELECTRA,42
5841,1,0.0003558599273674,0,0.9739435122241902,model::electra_base,ELECTRA,42
9513,0,0.0003504930646158,0,0.9739435122241902,model::electra_base,ELECTRA,42
12211,1,0.0005952275241725,0,0.9739435122241902,model::electra_base,ELECTRA,42
21058,1,0.0003496210265439,0,0.9739435122241902,model::electra_base,ELECTRA,42
10357,1,0.0003650856378953,0,0.9739435122241902,model::electra_base,ELECTRA,42
6183,1,0.0003490047820378,0,0.9739435122241902,model::electra_base,ELECTRA,42
18633,0,0.0002529664488974,0,0.9739435122241902,model::electra_base,ELECTRA,42
19725,0,0.0002936143428087,0,0.9739435122241902,model::electra_base,ELECTRA,42
16923,0,0.0003553381538949,0,0.9739435122241902,model::electra_base,ELECTRA,42
13020,1,0.0003838944539893,0,0.9739435122241902,model::electra_base,ELECTRA,42
540,0,0.0002347720146644,0,0.9739435122241902,model::electra_base,ELECTRA,42
4871,1,0.0002849889860954,0,0.9739435122241902,model::electra_base,ELECTRA,42
8695,0,0.0003049715596716,0,0.9739435122241902,model::electra_base,ELECTRA,42
17258,0,0.0002625645720399,0,0.9739435122241902,model::electra_base,ELECTRA,42
6848,1,0.000363709666999,0,0.9739435122241902,model::electra_base,ELECTRA,42
15205,1,0.0002301672066096,0,0.9739435122241902,model::electra_base,ELECTRA,42
11072,0,0.0008731780108064,0,0.9739435122241902,model::electra_base,ELECTRA,42
13487,1,0.0002677708980627,0,0.9739435122241902,model::electra_base,ELECTRA,42
6640,1,0.000797641929239,0,0.9739435122241902,model::electra_base,ELECTRA,42
6326,1,0.0003838717530015,0,0.9739435122241902,model::electra_base,ELECTRA,42
10867,1,0.0004624261346179,0,0.9739435122241902,model::electra_base,ELECTRA,42
8939,1,0.0003263387188781,0,0.9739435122241902,model::electra_base,ELECTRA,42
9486,0,0.0002406910352874,0,0.9739435122241902,model::electra_base,ELECTRA,42
6563,1,0.0003427917545195,0,0.9739435122241902,model::electra_base,ELECTRA,42
20362,1,0.0003517020668368,0,0.9739435122241902,model::electra_base,ELECTRA,42
17141,0,0.0003750533505808,0,0.9739435122241902,model::electra_base,ELECTRA,42
5695,0,0.0003044318291358,0,0.9739435122241902,model::electra_base,ELECTRA,42
19571,0,0.0002945749147329,0,0.9739435122241902,model::electra_base,ELECTRA,42
18271,1,0.0003360064874868,0,0.9739435122241902,model::electra_base,ELECTRA,42
9009,0,0.0006072601536288,0,0.9739435122241902,model::electra_base,ELECTRA,42
687,0,0.0002528856857679,0,0.9739435122241902,model::electra_base,ELECTRA,42
7481,1,0.0004046020330861,0,0.9739435122241902,model::electra_base,ELECTRA,42
437,1,0.0005203637410886,0,0.9739435122241902,model::electra_base,ELECTRA,42
2543,1,0.000256252096733,0,0.9739435122241902,model::electra_base,ELECTRA,42
1100,0,0.0004717406409326,0,0.9739435122241902,model::electra_base,ELECTRA,42
8900,0,0.0002577915147412,0,0.9739435122241902,model::electra_base,ELECTRA,42
18697,0,0.000534710183274,0,0.9739435122241902,model::electra_base,ELECTRA,42
13305,1,0.0004419464385136,0,0.9739435122241902,model::electra_base,ELECTRA,42
17723,0,0.0004381877952255,0,0.9739435122241902,model::electra_base,ELECTRA,42
5755,0,0.0003615618043113,0,0.9739435122241902,model::electra_base,ELECTRA,42
1390,0,0.0002808670687954,0,0.9739435122241902,model::electra_base,ELECTRA,42
3759,0,0.0004285912727937,0,0.9739435122241902,model::electra_base,ELECTRA,42
3392,0,0.0003295979695394,0,0.9739435122241902,model::electra_base,ELECTRA,42
11785,0,0.0002308064576936,0,0.9739435122241902,model::electra_base,ELECTRA,42
12707,0,0.0002180378214688,0,0.9739435122241902,model::electra_base,ELECTRA,42
5593,0,0.0004050645802635,0,0.9739435122241902,model::electra_base,ELECTRA,42
19115,0,0.0002634894044604,0,0.9739435122241902,model::electra_base,ELECTRA,42
6726,1,0.0003214895550627,0,0.9739435122241902,model::electra_base,ELECTRA,42
3046,1,0.0003689897421281,0,0.9739435122241902,model::electra_base,ELECTRA,42
301,0,0.0005468761082738,0,0.9739435122241902,model::electra_base,ELECTRA,42
8395,1,0.0002971870708279,0,0.9739435122241902,model::electra_base,ELECTRA,42
19689,0,0.0002159176947316,0,0.9739435122241902,model::electra_base,ELECTRA,42
7687,1,0.0002796633052639,0,0.9739435122241902,model::electra_base,ELECTRA,42
7664,0,0.0003031846426893,0,0.9739435122241902,model::electra_base,ELECTRA,42
4550,1,0.0002661840699147,0,0.9739435122241902,model::electra_base,ELECTRA,42
14612,1,0.0003710133314598,0,0.9739435122241902,model::electra_base,ELECTRA,42
17535,0,0.0002940658887382,0,0.9739435122241902,model::electra_base,ELECTRA,42
14500,0,0.0004408390086609,0,0.9739435122241902,model::electra_base,ELECTRA,42
11181,1,0.0002654410491231,0,0.9739435122241902,model::electra_base,ELECTRA,42
12882,1,0.0006038534920662,0,0.9739435122241902,model::electra_base,ELECTRA,42
14542,0,0.0002836468920577,0,0.9739435122241902,model::electra_base,ELECTRA,42
12856,1,0.0004094423784408,0,0.9739435122241902,model::electra_base,ELECTRA,42
16543,1,0.0003330459585413,0,0.9739435122241902,model::electra_base,ELECTRA,42
12935,0,0.0003460991720203,0,0.9739435122241902,model::electra_base,ELECTRA,42
20507,1,0.0003906543424818,0,0.9739435122241902,model::electra_base,ELECTRA,42
20281,1,0.0003193204465787,0,0.9739435122241902,model::electra_base,ELECTRA,42
11670,1,0.0004273936210665,0,0.9739435122241902,model::electra_base,ELECTRA,42
13377,0,0.0003978711611125,0,0.9739435122241902,model::electra_base,ELECTRA,42
16106,1,0.000271171942586,0,0.9739435122241902,model::electra_base,ELECTRA,42
16093,0,0.0003117660817224,0,0.9739435122241902,model::electra_base,ELECTRA,42
17762,1,0.0007438056054525,0,0.9739435122241902,model::electra_base,ELECTRA,42
3947,0,0.000324876018567,0,0.9739435122241902,model::electra_base,ELECTRA,42
4666,1,0.0002617018180899,0,0.9739435122241902,model::electra_base,ELECTRA,42
13764,0,0.0002624784829095,0,0.9739435122241902,model::electra_base,ELECTRA,42
1338,0,0.0002242426708107,0,0.9739435122241902,model::electra_base,ELECTRA,42
15915,0,0.0002740235358942,0,0.9739435122241902,model::electra_base,ELECTRA,42
19418,1,0.0005893837660551,0,0.9739435122241902,model::electra_base,ELECTRA,42
5541,0,0.000310286093736,0,0.9739435122241902,model::electra_base,ELECTRA,42
11345,1,0.0003420572902541,0,0.9739435122241902,model::electra_base,ELECTRA,42
13047,1,0.0004103113315068,0,0.9739435122241902,model::electra_base,ELECTRA,42
10206,1,0.000296682032058,0,0.9739435122241902,model::electra_base,ELECTRA,42
6940,1,0.0004428160318639,0,0.9739435122241902,model::electra_base,ELECTRA,42
11720,1,0.0002981696161441,0,0.9739435122241902,model::electra_base,ELECTRA,42
2120,0,0.000237188898609,0,0.9739435122241902,model::electra_base,ELECTRA,42
21003,0,0.0005000213859602,0,0.9739435122241902,model::electra_base,ELECTRA,42
6534,1,0.0003368991601746,0,0.9739435122241902,model::electra_base,ELECTRA,42
20927,1,0.0002628473448567,0,0.9739435122241902,model::electra_base,ELECTRA,42
13107,0,0.0004162251716479,0,0.9739435122241902,model::electra_base,ELECTRA,42
20603,0,0.0003194404416717,0,0.9739435122241902,model::electra_base,ELECTRA,42
9452,1,0.0004010738048236,0,0.9739435122241902,model::electra_base,ELECTRA,42
4005,0,0.0003602921206038,0,0.9739435122241902,model::electra_base,ELECTRA,42
2041,1,0.0004276520048733,0,0.9739435122241902,model::electra_base,ELECTRA,42
12589,1,0.0002493275969754,0,0.9739435122241902,model::electra_base,ELECTRA,42
99,1,0.0003902964235749,0,0.9739435122241902,model::electra_base,ELECTRA,42
4646,0,0.0004643828142434,0,0.9739435122241902,model::electra_base,ELECTRA,42
1275,0,0.0004493447777349,0,0.9739435122241902,model::electra_base,ELECTRA,42
9606,0,0.0004990988527424,0,0.9739435122241902,model::electra_base,ELECTRA,42
15552,0,0.0003989078104496,0,0.9739435122241902,model::electra_base,ELECTRA,42
15416,1,0.0003002205048687,0,0.9739435122241902,model::electra_base,ELECTRA,42
3899,1,0.0002593763056211,0,0.9739435122241902,model::electra_base,ELECTRA,42
9168,1,0.0003015124530065,0,0.9739435122241902,model::electra_base,ELECTRA,42
20325,1,0.0007412847480736,0,0.9739435122241902,model::electra_base,ELECTRA,42
19870,0,0.0002513206854928,0,0.9739435122241902,model::electra_base,ELECTRA,42
1973,0,0.0003749197931028,0,0.9739435122241902,model::electra_base,ELECTRA,42
16233,1,0.0002639047743286,0,0.9739435122241902,model::electra_base,ELECTRA,42
8004,1,0.0003091661201324,0,0.9739435122241902,model::electra_base,ELECTRA,42
7704,1,0.0003036106645595,0,0.9739435122241902,model::electra_base,ELECTRA,42
14453,0,0.0006484217592515,0,0.9739435122241902,model::electra_base,ELECTRA,42
19283,1,0.0002986008767038,0,0.9739435122241902,model::electra_base,ELECTRA,42
13121,0,0.0003062696487177,0,0.9739435122241902,model::electra_base,ELECTRA,42
933,1,0.0003956726868636,0,0.9739435122241902,model::electra_base,ELECTRA,42
16534,1,0.0002359141653869,0,0.9739435122241902,model::electra_base,ELECTRA,42
13551,0,0.0002452553599141,0,0.9739435122241902,model::electra_base,ELECTRA,42
20584,0,0.0002806853153742,0,0.9739435122241902,model::electra_base,ELECTRA,42
8329,1,0.0003387652395758,0,0.9739435122241902,model::electra_base,ELECTRA,42
442,1,0.0002817427448462,0,0.9739435122241902,model::electra_base,ELECTRA,42
9517,0,0.0002481527044437,0,0.9739435122241902,model::electra_base,ELECTRA,42
15277,0,0.0007227802416309,0,0.9739435122241902,model::electra_base,ELECTRA,42
8177,0,0.0004191800835542,0,0.9739435122241902,model::electra_base,ELECTRA,42
9740,0,0.0007596959476359,0,0.9739435122241902,model::electra_base,ELECTRA,42
18612,0,0.0003049119550269,0,0.9739435122241902,model::electra_base,ELECTRA,42
7065,1,0.0003109654935542,0,0.9739435122241902,model::electra_base,ELECTRA,42
17108,1,0.0002562022709753,0,0.9739435122241902,model::electra_base,ELECTRA,42
623,1,0.0002832839672919,0,0.9739435122241902,model::electra_base,ELECTRA,42
450,1,0.0003601695352699,0,0.9739435122241902,model::electra_base,ELECTRA,42
14789,1,0.0002667221415322,0,0.9739435122241902,model::electra_base,ELECTRA,42
20505,1,0.000300340791,0,0.9739435122241902,model::electra_base,ELECTRA,42
6836,1,0.0003464196634013,0,0.9739435122241902,model::electra_base,ELECTRA,42
1568,0,0.0005415300256572,0,0.9739435122241902,model::electra_base,ELECTRA,42
4933,0,0.0002431004540994,0,0.9739435122241902,model::electra_base,ELECTRA,42
1934,1,0.0002358313940931,0,0.9739435122241902,model::electra_base,ELECTRA,42
3849,0,0.0002219352754764,0,0.9739435122241902,model::electra_base,ELECTRA,42
8418,1,0.0003907962527591,0,0.9739435122241902,model::electra_base,ELECTRA,42
11146,0,0.0002353511372348,0,0.9739435122241902,model::electra_base,ELECTRA,42
2858,0,0.0003063391486648,0,0.9739435122241902,model::electra_base,ELECTRA,42
11360,0,0.000299512699712,0,0.9739435122241902,model::electra_base,ELECTRA,42
6587,1,0.0003022625169251,0,0.9739435122241902,model::electra_base,ELECTRA,42
16519,0,0.0008376181940548,0,0.9739435122241902,model::electra_base,ELECTRA,42
4196,0,0.0003029835352208,0,0.9739435122241902,model::electra_base,ELECTRA,42
7775,1,0.0005112247308716,0,0.9739435122241902,model::electra_base,ELECTRA,42
16531,1,0.0003061120223719,0,0.9739435122241902,model::electra_base,ELECTRA,42
4179,0,0.0005871522589586,0,0.9739435122241902,model::electra_base,ELECTRA,42
12064,1,0.0009037210256792,0,0.9739435122241902,model::electra_base,ELECTRA,42
6925,0,0.0002931746130343,0,0.9739435122241902,model::electra_base,ELECTRA,42
14658,1,0.0002657362783793,0,0.9739435122241902,model::electra_base,ELECTRA,42
8300,1,0.0003178782935719,0,0.9739435122241902,model::electra_base,ELECTRA,42
7488,1,0.0003580646880436,0,0.9739435122241902,model::electra_base,ELECTRA,42
6391,1,0.0002664202474988,0,0.9739435122241902,model::electra_base,ELECTRA,42
2972,1,0.0002698241733014,0,0.9739435122241902,model::electra_base,ELECTRA,42
4309,1,0.0003192276344634,0,0.9739435122241902,model::electra_base,ELECTRA,42
14302,0,0.0003407579788472,0,0.9739435122241902,model::electra_base,ELECTRA,42
2721,0,0.0002443022385705,0,0.9739435122241902,model::electra_base,ELECTRA,42
9113,0,0.0002683126658666,0,0.9739435122241902,model::electra_base,ELECTRA,42
5905,1,0.0003121063055004,0,0.9739435122241902,model::electra_base,ELECTRA,42
13630,1,0.0002691638073883,0,0.9739435122241902,model::electra_base,ELECTRA,42
11675,1,0.0004061435174662,0,0.9739435122241902,model::electra_base,ELECTRA,42
2821,1,0.0002757998008746,0,0.9739435122241902,model::electra_base,ELECTRA,42
13740,0,0.0003551186819095,0,0.9739435122241902,model::electra_base,ELECTRA,42
10802,1,0.000462692027213,0,0.9739435122241902,model::electra_base,ELECTRA,42
16566,1,0.0003190955612808,0,0.9739435122241902,model::electra_base,ELECTRA,42
13407,1,0.0002679361205082,0,0.9739435122241902,model::electra_base,ELECTRA,42
21118,0,0.0006410411442629,0,0.9739435122241902,model::electra_base,ELECTRA,42
10513,1,0.0003005882899742,0,0.9739435122241902,model::electra_base,ELECTRA,42
9566,0,0.0002413383772363,0,0.9739435122241902,model::electra_base,ELECTRA,42
13783,1,0.0002391691086813,0,0.9739435122241902,model::electra_base,ELECTRA,42
560,1,0.0003328739257995,0,0.9739435122241902,model::electra_base,ELECTRA,42
17002,1,0.0003798266407102,0,0.9739435122241902,model::electra_base,ELECTRA,42
5175,1,0.0002771686704363,0,0.9739435122241902,model::electra_base,ELECTRA,42
5690,1,0.0002679256431292,0,0.9739435122241902,model::electra_base,ELECTRA,42
15444,1,0.0002306087262695,0,0.9739435122241902,model::electra_base,ELECTRA,42
10214,1,0.0002658021403476,0,0.9739435122241902,model::electra_base,ELECTRA,42
3049,1,0.000350995658664,0,0.9739435122241902,model::electra_base,ELECTRA,42
2883,0,0.0003328644088469,0,0.9739435122241902,model::electra_base,ELECTRA,42
975,1,0.0002713998255785,0,0.9739435122241902,model::electra_base,ELECTRA,42
71,0,0.0002754820452537,0,0.9739435122241902,model::electra_base,ELECTRA,42
4599,1,0.0003446277696639,0,0.9739435122241902,model::electra_base,ELECTRA,42
18275,0,0.0006091347895562,0,0.9739435122241902,model::electra_base,ELECTRA,42
17571,1,0.000273166631814,0,0.9739435122241902,model::electra_base,ELECTRA,42
8416,0,0.0002120862773153,0,0.9739435122241902,model::electra_base,ELECTRA,42
3943,0,0.0003464229812379,0,0.9739435122241902,model::electra_base,ELECTRA,42
5303,0,0.0002796430781017,0,0.9739435122241902,model::electra_base,ELECTRA,42
16788,1,0.0003478291037026,0,0.9739435122241902,model::electra_base,ELECTRA,42
18501,0,0.0002768950653262,0,0.9739435122241902,model::electra_base,ELECTRA,42
2130,1,0.0002667079097591,0,0.9739435122241902,model::electra_base,ELECTRA,42
17344,1,0.0003137222956866,0,0.9739435122241902,model::electra_base,ELECTRA,42
19397,1,0.0002712174609769,0,0.9739435122241902,model::electra_base,ELECTRA,42
19239,1,0.0002925770531874,0,0.9739435122241902,model::electra_base,ELECTRA,42
17745,0,0.0003861155128106,0,0.9739435122241902,model::electra_base,ELECTRA,42
18320,0,0.0012082654284313,0,0.9739435122241902,model::electra_base,ELECTRA,42
1295,1,0.0002625756023917,0,0.9739435122241902,model::electra_base,ELECTRA,42
16517,0,0.0002559881249908,0,0.9739435122241902,model::electra_base,ELECTRA,42
14688,1,0.0003527470398694,0,0.9739435122241902,model::electra_base,ELECTRA,42
14603,1,0.0002753515727818,0,0.9739435122241902,model::electra_base,ELECTRA,42
6744,1,0.000295422039926,0,0.9739435122241902,model::electra_base,ELECTRA,42
6995,1,0.0003243498504161,0,0.9739435122241902,model::electra_base,ELECTRA,42
17663,1,0.0004066105175297,0,0.9739435122241902,model::electra_base,ELECTRA,42
4851,1,0.0003188495466019,0,0.9739435122241902,model::electra_base,ELECTRA,42
958,1,0.0002869191521313,0,0.9739435122241902,model::electra_base,ELECTRA,42
19857,0,0.0002783757518045,0,0.9739435122241902,model::electra_base,ELECTRA,42
349,1,0.0003275689959991,0,0.9739435122241902,model::electra_base,ELECTRA,42
16537,1,0.0002932780480477,0,0.9739435122241902,model::electra_base,ELECTRA,42
2859,0,0.0003277052019257,0,0.9739435122241902,model::electra_base,ELECTRA,42
1002,1,0.0002507986500859,0,0.9739435122241902,model::electra_base,ELECTRA,42
19216,1,0.0003576861636247,0,0.9739435122241902,model::electra_base,ELECTRA,42
8488,0,0.0006800728733651,0,0.9739435122241902,model::electra_base,ELECTRA,42
10341,1,0.0003114775754511,0,0.9739435122241902,model::electra_base,ELECTRA,42
5760,1,0.0003117776650469,0,0.9739435122241902,model::electra_base,ELECTRA,42
20532,0,0.0002474774373695,0,0.9739435122241902,model::electra_base,ELECTRA,42
3037,1,0.0002695690782275,0,0.9739435122241902,model::electra_base,ELECTRA,42
13980,0,0.0002431537723168,0,0.9739435122241902,model::electra_base,ELECTRA,42
3036,1,0.0002750823332462,0,0.9739435122241902,model::electra_base,ELECTRA,42
21108,0,0.0002755490713752,0,0.9739435122241902,model::electra_base,ELECTRA,42
12034,0,0.0006267073913477,0,0.9739435122241902,model::electra_base,ELECTRA,42
240,1,0.0002730267879087,0,0.9739435122241902,model::electra_base,ELECTRA,42
15026,0,0.0003286262508481,0,0.9739435122241902,model::electra_base,ELECTRA,42
5678,1,0.0003698745858855,0,0.9739435122241902,model::electra_base,ELECTRA,42
4760,1,0.0002988267224282,0,0.9739435122241902,model::electra_base,ELECTRA,42
19464,0,0.0019166249549016,0,0.9739435122241902,model::electra_base,ELECTRA,42
5420,1,0.0004967679851688,0,0.9739435122241902,model::electra_base,ELECTRA,42
12307,0,0.0002453942724969,0,0.9739435122241902,model::electra_base,ELECTRA,42
14776,1,0.0002650192473083,0,0.9739435122241902,model::electra_base,ELECTRA,42
7210,1,0.0005502118146978,0,0.9739435122241902,model::electra_base,ELECTRA,42
19302,0,0.0007015440496616,0,0.9739435122241902,model::electra_base,ELECTRA,42
7499,0,0.0003040924493689,0,0.9739435122241902,model::electra_base,ELECTRA,42
11150,1,0.0002985798346344,0,0.9739435122241902,model::electra_base,ELECTRA,42
4167,1,0.000366534339264,0,0.9739435122241902,model::electra_base,ELECTRA,42
1192,0,0.0002402895770501,0,0.9739435122241902,model::electra_base,ELECTRA,42
15361,1,0.0006557866581715,0,0.9739435122241902,model::electra_base,ELECTRA,42
7651,0,0.0005162205779924,0,0.9739435122241902,model::electra_base,ELECTRA,42
15504,0,0.0003298519586678,0,0.9739435122241902,model::electra_base,ELECTRA,42
14752,0,0.0003024750039912,0,0.9739435122241902,model::electra_base,ELECTRA,42
2178,1,0.0002583283639978,0,0.9739435122241902,model::electra_base,ELECTRA,42
18332,0,0.9536865949630736,0,0.9739435122241902,model::electra_base,ELECTRA,42
13009,0,0.0004417775198817,0,0.9739435122241902,model::electra_base,ELECTRA,42
8134,0,0.0008767771651037,0,0.9739435122241902,model::electra_base,ELECTRA,42
20680,0,0.0003735724312718,0,0.9739435122241902,model::electra_base,ELECTRA,42
5438,0,0.0002660374448169,0,0.9739435122241902,model::electra_base,ELECTRA,42
1743,1,0.0004516250337474,0,0.9739435122241902,model::electra_base,ELECTRA,42
6833,1,0.0002877920051105,0,0.9739435122241902,model::electra_base,ELECTRA,42
5762,0,0.0003063952317461,0,0.9739435122241902,model::electra_base,ELECTRA,42
2603,1,0.0002842514368239,0,0.9739435122241902,model::electra_base,ELECTRA,42
16252,0,0.0003401114372536,0,0.9739435122241902,model::electra_base,ELECTRA,42
11280,1,0.000359529047273,0,0.9739435122241902,model::electra_base,ELECTRA,42
20734,1,0.0003205928078386,0,0.9739435122241902,model::electra_base,ELECTRA,42
18310,0,0.0005076247034594,0,0.9739435122241902,model::electra_base,ELECTRA,42
2826,1,0.0003944778873119,0,0.9739435122241902,model::electra_base,ELECTRA,42
9081,0,0.0002519812551327,0,0.9739435122241902,model::electra_base,ELECTRA,42
11562,0,0.0002798617642838,0,0.9739435122241902,model::electra_base,ELECTRA,42
19919,0,0.0002775367465801,0,0.9739435122241902,model::electra_base,ELECTRA,42
2044,0,0.0004540245863609,0,0.9739435122241902,model::electra_base,ELECTRA,42
11372,1,0.0003547257219906,0,0.9739435122241902,model::electra_base,ELECTRA,42
3645,0,0.0004842719645239,0,0.9739435122241902,model::electra_base,ELECTRA,42
18497,0,0.0003378538240212,0,0.9739435122241902,model::electra_base,ELECTRA,42
9128,1,0.0002886174479499,0,0.9739435122241902,model::electra_base,ELECTRA,42
16396,0,0.0002666987420525,0,0.9739435122241902,model::electra_base,ELECTRA,42
10989,0,0.0006415616371668,0,0.9739435122241902,model::electra_base,ELECTRA,42
10863,1,0.0003092893457505,0,0.9739435122241902,model::electra_base,ELECTRA,42
15927,1,0.0002405866543995,0,0.9739435122241902,model::electra_base,ELECTRA,42
8657,0,0.0003328304155729,0,0.9739435122241902,model::electra_base,ELECTRA,42
15322,0,0.0007505635148845,0,0.9739435122241902,model::electra_base,ELECTRA,42
356,1,0.0004272534570191,0,0.9739435122241902,model::electra_base,ELECTRA,42
1379,0,0.0002708512474782,0,0.9739435122241902,model::electra_base,ELECTRA,42
18572,1,0.0002378052886342,0,0.9739435122241902,model::electra_base,ELECTRA,42
4491,1,0.0002491812047082,0,0.9739435122241902,model::electra_base,ELECTRA,42
11479,1,0.0003538983291946,0,0.9739435122241902,model::electra_base,ELECTRA,42
1809,1,0.0003205414104741,0,0.9739435122241902,model::electra_base,ELECTRA,42
7043,0,0.000306319881929,0,0.9739435122241902,model::electra_base,ELECTRA,42
1571,1,0.0002598433638922,0,0.9739435122241902,model::electra_base,ELECTRA,42
12700,0,0.0002688268432393,0,0.9739435122241902,model::electra_base,ELECTRA,42
4120,1,0.0004279978456906,0,0.9739435122241902,model::electra_base,ELECTRA,42
8406,0,0.0003469976072665,0,0.9739435122241902,model::electra_base,ELECTRA,42
7007,0,0.0007203422137536,0,0.9739435122241902,model::electra_base,ELECTRA,42
17529,1,0.0003517159784678,0,0.9739435122241902,model::electra_base,ELECTRA,42
16354,1,0.0002559546846896,0,0.9739435122241902,model::electra_base,ELECTRA,42
2532,1,0.0003912013780791,0,0.9739435122241902,model::electra_base,ELECTRA,42
5685,0,0.0003905221528839,0,0.9739435122241902,model::electra_base,ELECTRA,42
2546,0,0.0007476715836673,0,0.9739435122241902,model::electra_base,ELECTRA,42
10159,1,0.0002419173251837,0,0.9739435122241902,model::electra_base,ELECTRA,42
12958,1,0.0003058509319089,0,0.9739435122241902,model::electra_base,ELECTRA,42
18460,1,0.0008040323155,0,0.9739435122241902,model::electra_base,ELECTRA,42
2067,0,0.0002518544206395,0,0.9739435122241902,model::electra_base,ELECTRA,42
12297,0,0.0002591301163192,0,0.9739435122241902,model::electra_base,ELECTRA,42
19561,0,0.0003482033789623,0,0.9739435122241902,model::electra_base,ELECTRA,42
8142,1,0.0002757400798145,0,0.9739435122241902,model::electra_base,ELECTRA,42
922,0,0.0002567390038166,0,0.9739435122241902,model::electra_base,ELECTRA,42
3496,0,0.0003989956749137,0,0.9739435122241902,model::electra_base,ELECTRA,42
5346,0,0.0089218262583017,0,0.9739435122241902,model::electra_base,ELECTRA,42
19890,1,0.0004115629417356,0,0.9739435122241902,model::electra_base,ELECTRA,42
16429,0,0.0004573170153889,0,0.9739435122241902,model::electra_base,ELECTRA,42
10869,0,0.0003210224967915,0,0.9739435122241902,model::electra_base,ELECTRA,42
8273,1,0.0004257983237039,0,0.9739435122241902,model::electra_base,ELECTRA,42
10339,1,0.0002738412003964,0,0.9739435122241902,model::electra_base,ELECTRA,42
9749,0,0.0003459482104517,0,0.9739435122241902,model::electra_base,ELECTRA,42
17167,0,0.0005175693659111,0,0.9739435122241902,model::electra_base,ELECTRA,42
5026,1,0.0002792034938465,0,0.9739435122241902,model::electra_base,ELECTRA,42
10248,0,0.0002603623725008,0,0.9739435122241902,model::electra_base,ELECTRA,42
14065,0,0.0004687753971666,0,0.9739435122241902,model::electra_base,ELECTRA,42
6297,1,0.0003479800070635,0,0.9739435122241902,model::electra_base,ELECTRA,42
16078,1,0.0003116201551165,0,0.9739435122241902,model::electra_base,ELECTRA,42
16743,0,0.0002266516385134,0,0.9739435122241902,model::electra_base,ELECTRA,42
8902,0,0.0004261962894815,0,0.9739435122241902,model::electra_base,ELECTRA,42
14127,1,0.0005070423940196,0,0.9739435122241902,model::electra_base,ELECTRA,42
5936,0,0.0006926285568624,0,0.9739435122241902,model::electra_base,ELECTRA,42
20673,0,0.0002188569924328,0,0.9739435122241902,model::electra_base,ELECTRA,42
13323,0,0.0002247114171041,0,0.9739435122241902,model::electra_base,ELECTRA,42
7763,1,0.0004344842454884,0,0.9739435122241902,model::electra_base,ELECTRA,42
18230,1,0.0002646765788085,0,0.9739435122241902,model::electra_base,ELECTRA,42
11361,1,0.0002694043796509,0,0.9739435122241902,model::electra_base,ELECTRA,42
9224,1,0.0002486453449819,0,0.9739435122241902,model::electra_base,ELECTRA,42
17556,1,0.0004882516223005,0,0.9739435122241902,model::electra_base,ELECTRA,42
3794,1,0.0002502936404198,0,0.9739435122241902,model::electra_base,ELECTRA,42
3683,0,0.0002796057087834,0,0.9739435122241902,model::electra_base,ELECTRA,42
8623,1,0.0002781330258585,0,0.9739435122241902,model::electra_base,ELECTRA,42
7348,1,0.0002529503253754,0,0.9739435122241902,model::electra_base,ELECTRA,42
17574,0,0.0002763054217211,0,0.9739435122241902,model::electra_base,ELECTRA,42
19168,0,0.0011105646844953,0,0.9739435122241902,model::electra_base,ELECTRA,42
6346,0,0.000734202330932,0,0.9739435122241902,model::electra_base,ELECTRA,42
2109,0,0.000391932495404,0,0.9739435122241902,model::electra_base,ELECTRA,42
5736,1,0.0002685127838049,0,0.9739435122241902,model::electra_base,ELECTRA,42
3677,0,0.0003744261630345,0,0.9739435122241902,model::electra_base,ELECTRA,42
14181,0,0.0003904843761119,0,0.9739435122241902,model::electra_base,ELECTRA,42
16696,0,0.0003785259905271,0,0.9739435122241902,model::electra_base,ELECTRA,42
18115,0,0.0002655448333825,0,0.9739435122241902,model::electra_base,ELECTRA,42
1098,1,0.0003188003320246,0,0.9739435122241902,model::electra_base,ELECTRA,42
5422,0,0.0002866624272428,0,0.9739435122241902,model::electra_base,ELECTRA,42
703,0,0.0003454952093306,0,0.9739435122241902,model::electra_base,ELECTRA,42
12024,1,0.0003282464458607,0,0.9739435122241902,model::electra_base,ELECTRA,42
19715,1,0.0002965344174299,0,0.9739435122241902,model::electra_base,ELECTRA,42
16386,1,0.0002991782093886,0,0.9739435122241902,model::electra_base,ELECTRA,42
18231,1,0.0007280969293788,0,0.9739435122241902,model::electra_base,ELECTRA,42
8966,1,0.0002403385879006,0,0.9739435122241902,model::electra_base,ELECTRA,42
19704,1,0.0004464749654289,0,0.9739435122241902,model::electra_base,ELECTRA,42
11636,0,0.0002612222160678,0,0.9739435122241902,model::electra_base,ELECTRA,42
10984,1,0.0003045430639758,0,0.9739435122241902,model::electra_base,ELECTRA,42
9195,1,0.0002843799302354,0,0.9739435122241902,model::electra_base,ELECTRA,42
1893,1,0.0003650185244623,0,0.9739435122241902,model::electra_base,ELECTRA,42
11198,1,0.0006254882900975,0,0.9739435122241902,model::electra_base,ELECTRA,42
433,0,0.0007670336635783,0,0.9739435122241902,model::electra_base,ELECTRA,42
18411,1,0.0002579193678684,0,0.9739435122241902,model::electra_base,ELECTRA,42
11101,0,0.0002131778164766,0,0.9739435122241902,model::electra_base,ELECTRA,42
11375,0,0.0002747125399764,0,0.9739435122241902,model::electra_base,ELECTRA,42
1442,1,0.000270025950158,0,0.9739435122241902,model::electra_base,ELECTRA,42
10872,0,0.0002360869693802,0,0.9739435122241902,model::electra_base,ELECTRA,42
17480,0,0.0004701622237917,0,0.9739435122241902,model::electra_base,ELECTRA,42
9183,0,0.0020269327796995,0,0.9739435122241902,model::electra_base,ELECTRA,42
13866,1,0.0003050012746825,0,0.9739435122241902,model::electra_base,ELECTRA,42
5929,0,0.0006849342607893,0,0.9739435122241902,model::electra_base,ELECTRA,42
10569,1,0.0006095126154832,0,0.9739435122241902,model::electra_base,ELECTRA,42
6481,1,0.0002492810017429,0,0.9739435122241902,model::electra_base,ELECTRA,42
5854,0,0.0002425457496428,0,0.9739435122241902,model::electra_base,ELECTRA,42
5637,0,0.000276784208836,0,0.9739435122241902,model::electra_base,ELECTRA,42
21022,0,0.0002612605458125,0,0.9739435122241902,model::electra_base,ELECTRA,42
20695,0,0.0045244181528687,0,0.9739435122241902,model::electra_base,ELECTRA,42
6808,1,0.0003623815136961,0,0.9739435122241902,model::electra_base,ELECTRA,42
1191,1,0.0003698828804772,0,0.9739435122241902,model::electra_base,ELECTRA,42
17878,0,0.0003040932933799,0,0.9739435122241902,model::electra_base,ELECTRA,42
11825,1,0.0003990700643043,0,0.9739435122241902,model::electra_base,ELECTRA,42
19889,1,0.000307708454784,0,0.9739435122241902,model::electra_base,ELECTRA,42
10247,0,0.0002763765223789,0,0.9739435122241902,model::electra_base,ELECTRA,42
3557,1,0.0004406203515827,0,0.9739435122241902,model::electra_base,ELECTRA,42
7942,0,0.0003159274929203,0,0.9739435122241902,model::electra_base,ELECTRA,42
6347,0,0.0010552121093496,0,0.9739435122241902,model::electra_base,ELECTRA,42
10139,1,0.0003896452544722,0,0.9739435122241902,model::electra_base,ELECTRA,42
13933,0,0.0002273451245855,0,0.9739435122241902,model::electra_base,ELECTRA,42
15745,1,0.0002576416009105,0,0.9739435122241902,model::electra_base,ELECTRA,42
5715,1,0.0003052054380532,0,0.9739435122241902,model::electra_base,ELECTRA,42
17278,0,0.0004033475124742,0,0.9739435122241902,model::electra_base,ELECTRA,42
11436,0,0.0006423459853976,0,0.9739435122241902,model::electra_base,ELECTRA,42
4647,0,0.0005460330867208,0,0.9739435122241902,model::electra_base,ELECTRA,42
15980,0,0.000228442630032,0,0.9739435122241902,model::electra_base,ELECTRA,42
18355,0,0.0003008400090038,0,0.9739435122241902,model::electra_base,ELECTRA,42
16337,0,0.0002784506650641,0,0.9739435122241902,model::electra_base,ELECTRA,42
2361,0,0.0002308471739524,0,0.9739435122241902,model::electra_base,ELECTRA,42
4623,1,0.0003242512466385,0,0.9739435122241902,model::electra_base,ELECTRA,42
20871,0,0.009712622500956,0,0.9739435122241902,model::electra_base,ELECTRA,42
16550,1,0.0002290109259774,0,0.9739435122241902,model::electra_base,ELECTRA,42
15950,1,0.0003869506763294,0,0.9739435122241902,model::electra_base,ELECTRA,42
2200,0,0.0002451760810799,0,0.9739435122241902,model::electra_base,ELECTRA,42
19326,1,0.0003139497421216,0,0.9739435122241902,model::electra_base,ELECTRA,42
4522,0,0.0003324061690364,0,0.9739435122241902,model::electra_base,ELECTRA,42
18987,1,0.0003167176037095,0,0.9739435122241902,model::electra_base,ELECTRA,42
10913,0,0.0003125717339571,0,0.9739435122241902,model::electra_base,ELECTRA,42
18340,0,0.0003185168898198,0,0.9739435122241902,model::electra_base,ELECTRA,42
14800,0,0.0003605900565162,0,0.9739435122241902,model::electra_base,ELECTRA,42
2248,1,0.0002567879273556,0,0.9739435122241902,model::electra_base,ELECTRA,42
14467,0,0.0006333055207505,0,0.9739435122241902,model::electra_base,ELECTRA,42
78,1,0.0003743224951904,0,0.9739435122241902,model::electra_base,ELECTRA,42
4625,0,0.0003427708870731,0,0.9739435122241902,model::electra_base,ELECTRA,42
4323,1,0.0003276074130553,0,0.9739435122241902,model::electra_base,ELECTRA,42
4510,0,0.0031392571981996,0,0.9739435122241902,model::electra_base,ELECTRA,42
293,1,0.0003140269545838,0,0.9739435122241902,model::electra_base,ELECTRA,42
1271,0,0.0002564075402915,0,0.9739435122241902,model::electra_base,ELECTRA,42
5374,0,0.0002874706697184,0,0.9739435122241902,model::electra_base,ELECTRA,42
14898,1,0.0002545036259107,0,0.9739435122241902,model::electra_base,ELECTRA,42
5107,1,0.0003153713769279,0,0.9739435122241902,model::electra_base,ELECTRA,42
573,1,0.0002652492839843,0,0.9739435122241902,model::electra_base,ELECTRA,42
19652,0,0.0014550054911524,0,0.9739435122241902,model::electra_base,ELECTRA,42
8391,1,0.0003302238765172,0,0.9739435122241902,model::electra_base,ELECTRA,42
6472,0,0.0002682014310266,0,0.9739435122241902,model::electra_base,ELECTRA,42
5633,1,0.0002718579198699,0,0.9739435122241902,model::electra_base,ELECTRA,42
4581,1,0.0002939112018793,0,0.9739435122241902,model::electra_base,ELECTRA,42
18214,1,0.0002756289031822,0,0.9739435122241902,model::electra_base,ELECTRA,42
17119,0,0.0002302703651366,0,0.9739435122241902,model::electra_base,ELECTRA,42
20170,1,0.0003803908475674,0,0.9739435122241902,model::electra_base,ELECTRA,42
18229,0,0.0006093590054661,0,0.9739435122241902,model::electra_base,ELECTRA,42
19907,0,0.0006132199778221,0,0.9739435122241902,model::electra_base,ELECTRA,42
18168,0,0.0003733869525603,0,0.9739435122241902,model::electra_base,ELECTRA,42
10285,1,0.000319506827509,0,0.9739435122241902,model::electra_base,ELECTRA,42
9229,0,0.0003727089206222,0,0.9739435122241902,model::electra_base,ELECTRA,42
4426,0,0.0003094364947173,0,0.9739435122241902,model::electra_base,ELECTRA,42
19485,1,0.000227346405154,0,0.9739435122241902,model::electra_base,ELECTRA,42
20520,0,0.0002640195307321,0,0.9739435122241902,model::electra_base,ELECTRA,42
16322,1,0.000387936073821,0,0.9739435122241902,model::electra_base,ELECTRA,42
11621,1,0.0002623228356242,0,0.9739435122241902,model::electra_base,ELECTRA,42
3376,1,0.0003176262544002,0,0.9739435122241902,model::electra_base,ELECTRA,42
20041,0,0.0003298890951555,0,0.9739435122241902,model::electra_base,ELECTRA,42
7166,1,0.0002739929768722,0,0.9739435122241902,model::electra_base,ELECTRA,42
6506,1,0.0003168320399709,0,0.9739435122241902,model::electra_base,ELECTRA,42
20862,1,0.0002464554854668,0,0.9739435122241902,model::electra_base,ELECTRA,42
18690,0,0.0004586275899782,0,0.9739435122241902,model::electra_base,ELECTRA,42
7607,1,0.0004965960397385,0,0.9739435122241902,model::electra_base,ELECTRA,42
10060,1,0.0003022821329068,0,0.9739435122241902,model::electra_base,ELECTRA,42
20271,1,0.0003024066390935,0,0.9739435122241902,model::electra_base,ELECTRA,42
5211,1,0.0002454963105265,0,0.9739435122241902,model::electra_base,ELECTRA,42
12121,1,0.0003403998271096,0,0.9739435122241902,model::electra_base,ELECTRA,42
7567,1,0.000464151147753,0,0.9739435122241902,model::electra_base,ELECTRA,42
9710,1,0.0002869429590646,0,0.9739435122241902,model::electra_base,ELECTRA,42
6786,0,0.0002375546464463,0,0.9739435122241902,model::electra_base,ELECTRA,42
17521,0,0.0002376234915573,0,0.9739435122241902,model::electra_base,ELECTRA,42
21034,1,0.0002896840451285,0,0.9739435122241902,model::electra_base,ELECTRA,42
3187,0,0.0003084763011429,0,0.9739435122241902,model::electra_base,ELECTRA,42
3973,1,0.0003746126894839,0,0.9739435122241902,model::electra_base,ELECTRA,42
8214,1,0.0003019497089553,0,0.9739435122241902,model::electra_base,ELECTRA,42
18871,0,0.0002514333173166,0,0.9739435122241902,model::electra_base,ELECTRA,42
18245,0,0.0002166563790524,0,0.9739435122241902,model::electra_base,ELECTRA,42
10798,0,0.0002658771700225,0,0.9739435122241902,model::electra_base,ELECTRA,42
5409,0,0.0005065658478997,0,0.9739435122241902,model::electra_base,ELECTRA,42
16226,0,0.0039109895005822,0,0.9739435122241902,model::electra_base,ELECTRA,42
4468,1,0.0002623308391775,0,0.9739435122241902,model::electra_base,ELECTRA,42
15849,0,0.0008137449622154,0,0.9739435122241902,model::electra_base,ELECTRA,42
14462,0,0.0015977147268131,0,0.9739435122241902,model::electra_base,ELECTRA,42
19720,0,0.0003310563624836,0,0.9739435122241902,model::electra_base,ELECTRA,42
4146,0,0.0004937240155413,0,0.9739435122241902,model::electra_base,ELECTRA,42
4386,0,0.0005114172818139,0,0.9739435122241902,model::electra_base,ELECTRA,42
13526,1,0.0002628004585858,0,0.9739435122241902,model::electra_base,ELECTRA,42
18523,1,0.0003557428717613,0,0.9739435122241902,model::electra_base,ELECTRA,42
19751,0,0.0005504016880877,0,0.9739435122241902,model::electra_base,ELECTRA,42
1179,0,0.0003963935887441,0,0.9739435122241902,model::electra_base,ELECTRA,42
16424,1,0.0004629348695743,0,0.9739435122241902,model::electra_base,ELECTRA,42
8875,0,0.0002862027904484,0,0.9739435122241902,model::electra_base,ELECTRA,42
2267,0,0.0008595220861025,0,0.9739435122241902,model::electra_base,ELECTRA,42
12942,0,0.0004760047304444,0,0.9739435122241902,model::electra_base,ELECTRA,42
2832,0,0.0005256985896266,0,0.9739435122241902,model::electra_base,ELECTRA,42
1021,0,0.0005572901573032,0,0.9739435122241902,model::electra_base,ELECTRA,42
7945,0,0.0002751167339738,0,0.9739435122241902,model::electra_base,ELECTRA,42
4843,1,0.000253608362982,0,0.9739435122241902,model::electra_base,ELECTRA,42
3236,0,0.0002663679188117,0,0.9739435122241902,model::electra_base,ELECTRA,42
9186,1,0.0003235391923226,0,0.9739435122241902,model::electra_base,ELECTRA,42
13491,0,0.0003344019642099,0,0.9739435122241902,model::electra_base,ELECTRA,42
10371,0,0.0002260704495711,0,0.9739435122241902,model::electra_base,ELECTRA,42
551,0,0.0004046878602821,0,0.9739435122241902,model::electra_base,ELECTRA,42
444,1,0.0002534838858991,0,0.9739435122241902,model::electra_base,ELECTRA,42
1591,1,0.0002486240118741,0,0.9739435122241902,model::electra_base,ELECTRA,42
6736,1,0.0006173609872348,0,0.9739435122241902,model::electra_base,ELECTRA,42
4134,0,0.000640760466922,0,0.9739435122241902,model::electra_base,ELECTRA,42
12473,0,0.0002658388984855,0,0.9739435122241902,model::electra_base,ELECTRA,42
2556,1,0.0004131262248847,0,0.9739435122241902,model::electra_base,ELECTRA,42
10416,1,0.000337378703989,0,0.9739435122241902,model::electra_base,ELECTRA,42
16237,1,0.0004112648894079,0,0.9739435122241902,model::electra_base,ELECTRA,42
96,1,0.0003202201041858,0,0.9739435122241902,model::electra_base,ELECTRA,42
4673,1,0.0003724545822478,0,0.9739435122241902,model::electra_base,ELECTRA,42
3115,0,0.0002509933838155,0,0.9739435122241902,model::electra_base,ELECTRA,42
7640,0,0.000241850677412,0,0.9739435122241902,model::electra_base,ELECTRA,42
18818,1,0.0008893682970665,0,0.9739435122241902,model::electra_base,ELECTRA,42
3550,1,0.0003118781605735,0,0.9739435122241902,model::electra_base,ELECTRA,42
15293,1,0.0002757009642664,0,0.9739435122241902,model::electra_base,ELECTRA,42
10902,1,0.000267086783424,0,0.9739435122241902,model::electra_base,ELECTRA,42
16425,0,0.0003823775623459,0,0.9739435122241902,model::electra_base,ELECTRA,42
1649,0,0.0003684429393615,0,0.9739435122241902,model::electra_base,ELECTRA,42
9946,0,0.0007890290580689,0,0.9739435122241902,model::electra_base,ELECTRA,42
18354,0,0.0002717356255743,0,0.9739435122241902,model::electra_base,ELECTRA,42
15802,0,0.0002988477936014,0,0.9739435122241902,model::electra_base,ELECTRA,42
8471,1,0.000292251468636,0,0.9739435122241902,model::electra_base,ELECTRA,42
4029,1,0.0004305890470277,0,0.9739435122241902,model::electra_base,ELECTRA,42
3806,0,0.000593842298258,0,0.9739435122241902,model::electra_base,ELECTRA,42
9240,1,0.0002683966013137,0,0.9739435122241902,model::electra_base,ELECTRA,42
20407,1,0.0003038771101273,0,0.9739435122241902,model::electra_base,ELECTRA,42
20442,1,0.000230651377933,0,0.9739435122241902,model::electra_base,ELECTRA,42
12406,0,0.0002667598018888,0,0.9739435122241902,model::electra_base,ELECTRA,42
20870,0,0.0002848949516192,0,0.9739435122241902,model::electra_base,ELECTRA,42
17718,1,0.000259789841948,0,0.9739435122241902,model::electra_base,ELECTRA,42
17043,1,0.000843430054374,0,0.9739435122241902,model::electra_base,ELECTRA,42
14805,1,0.0003213936579413,0,0.9739435122241902,model::electra_base,ELECTRA,42
12105,1,0.0002627378271427,0,0.9739435122241902,model::electra_base,ELECTRA,42
13440,1,0.0002701230114325,0,0.9739435122241902,model::electra_base,ELECTRA,42
8420,0,0.0002728875551838,0,0.9739435122241902,model::electra_base,ELECTRA,42
6543,1,0.0008830163860693,0,0.9739435122241902,model::electra_base,ELECTRA,42
14425,0,0.0002509526384528,0,0.9739435122241902,model::electra_base,ELECTRA,42
11002,1,0.000237230269704,0,0.9739435122241902,model::electra_base,ELECTRA,42
1148,1,0.0002253598213428,0,0.9739435122241902,model::electra_base,ELECTRA,42
12116,1,0.0003749478491954,0,0.9739435122241902,model::electra_base,ELECTRA,42
1173,0,0.0002172761887777,0,0.9739435122241902,model::electra_base,ELECTRA,42
19460,0,0.0002714655420277,0,0.9739435122241902,model::electra_base,ELECTRA,42
5391,1,0.0003375280357431,0,0.9739435122241902,model::electra_base,ELECTRA,42
12339,0,0.0002147119957953,0,0.9739435122241902,model::electra_base,ELECTRA,42
8041,1,0.0002828370488714,0,0.9739435122241902,model::electra_base,ELECTRA,42
14605,1,0.0003493292024359,0,0.9739435122241902,model::electra_base,ELECTRA,42
2291,1,0.0002940737467724,0,0.9739435122241902,model::electra_base,ELECTRA,42
7120,0,0.0003899477887898,0,0.9739435122241902,model::electra_base,ELECTRA,42
587,0,0.0002912120253313,0,0.9739435122241902,model::electra_base,ELECTRA,42
16321,1,0.0004906024551019,0,0.9739435122241902,model::electra_base,ELECTRA,42
18541,1,0.000325691566104,0,0.9739435122241902,model::electra_base,ELECTRA,42
12598,0,0.0002408400468993,0,0.9739435122241902,model::electra_base,ELECTRA,42
13419,1,0.0003038255672436,0,0.9739435122241902,model::electra_base,ELECTRA,42
8543,0,0.0004971596645191,0,0.9739435122241902,model::electra_base,ELECTRA,42
20439,0,0.0013298392295837,0,0.9739435122241902,model::electra_base,ELECTRA,42
15320,0,0.0002723846118897,0,0.9739435122241902,model::electra_base,ELECTRA,42
9800,0,0.000245790957706,0,0.9739435122241902,model::electra_base,ELECTRA,42
16021,1,0.0002991876099258,0,0.9739435122241902,model::electra_base,ELECTRA,42
8382,1,0.0002464498684275,0,0.9739435122241902,model::electra_base,ELECTRA,42
2867,1,0.0002475640503689,0,0.9739435122241902,model::electra_base,ELECTRA,42
20212,0,0.0004890919663012,0,0.9739435122241902,model::electra_base,ELECTRA,42
9481,1,0.0003916150308214,0,0.9739435122241902,model::electra_base,ELECTRA,42
12286,1,0.0003422962327022,0,0.9739435122241902,model::electra_base,ELECTRA,42
19149,0,0.0003953889245167,0,0.9739435122241902,model::electra_base,ELECTRA,42
16239,1,0.0004241640272084,0,0.9739435122241902,model::electra_base,ELECTRA,42
17829,1,0.0002512816572561,0,0.9739435122241902,model::electra_base,ELECTRA,42
20947,0,0.0002749371051322,0,0.9739435122241902,model::electra_base,ELECTRA,42
9400,0,0.0002146061888197,0,0.9739435122241902,model::electra_base,ELECTRA,42
18451,1,0.0004275215906091,0,0.9739435122241902,model::electra_base,ELECTRA,42
19994,1,0.0002267175877932,0,0.9739435122241902,model::electra_base,ELECTRA,42
10829,0,0.0003603412478696,0,0.9739435122241902,model::electra_base,ELECTRA,42
1980,0,0.0003461502783466,0,0.9739435122241902,model::electra_base,ELECTRA,42
829,0,0.0021520680747926,0,0.9739435122241902,model::electra_base,ELECTRA,42
7876,1,0.0003623277880251,0,0.9739435122241902,model::electra_base,ELECTRA,42
965,0,0.0002061732375295,0,0.9739435122241902,model::electra_base,ELECTRA,42
18189,1,0.0002490391780156,0,0.9739435122241902,model::electra_base,ELECTRA,42
12645,1,0.0004511114966589,0,0.9739435122241902,model::electra_base,ELECTRA,42
12073,0,0.0003606082173064,0,0.9739435122241902,model::electra_base,ELECTRA,42
241,1,0.0004327907226979,0,0.9739435122241902,model::electra_base,ELECTRA,42
8318,0,0.0002204328629886,0,0.9739435122241902,model::electra_base,ELECTRA,42
2294,0,0.0003389442281331,0,0.9739435122241902,model::electra_base,ELECTRA,42
15189,1,0.0004322378081269,0,0.9739435122241902,model::electra_base,ELECTRA,42
15462,0,0.0002373531169723,0,0.9739435122241902,model::electra_base,ELECTRA,42
6769,0,0.0002454404020681,0,0.9739435122241902,model::electra_base,ELECTRA,42
21078,0,0.0003597332106437,0,0.9739435122241902,model::electra_base,ELECTRA,42
2498,0,0.0003619114577304,0,0.9739435122241902,model::electra_base,ELECTRA,42
20875,0,0.0003042951866518,0,0.9739435122241902,model::electra_base,ELECTRA,42
2694,0,0.0003150765551254,0,0.9739435122241902,model::electra_base,ELECTRA,42
8380,0,0.0002723902871366,0,0.9739435122241902,model::electra_base,ELECTRA,42
2683,1,0.0002675743889994,0,0.9739435122241902,model::electra_base,ELECTRA,42
12903,1,0.0003354758082423,0,0.9739435122241902,model::electra_base,ELECTRA,42
3395,1,0.0005844476982019,0,0.9739435122241902,model::electra_base,ELECTRA,42
14670,0,0.0008314592414535,0,0.9739435122241902,model::electra_base,ELECTRA,42
3815,1,0.0003661695227492,0,0.9739435122241902,model::electra_base,ELECTRA,42
9823,0,0.0002303845685673,0,0.9739435122241902,model::electra_base,ELECTRA,42
3971,0,0.0002816769410856,0,0.9739435122241902,model::electra_base,ELECTRA,42
19954,0,0.0003812813374679,0,0.9739435122241902,model::electra_base,ELECTRA,42
19163,1,0.0002492251514922,0,0.9739435122241902,model::electra_base,ELECTRA,42
11315,0,0.0013133237371221,0,0.9739435122241902,model::electra_base,ELECTRA,42
16475,1,0.0003848937631119,0,0.9739435122241902,model::electra_base,ELECTRA,42
8298,1,0.0002265848888782,0,0.9739435122241902,model::electra_base,ELECTRA,42
6704,0,0.0005155963590368,0,0.9739435122241902,model::electra_base,ELECTRA,42
1867,0,0.0002231481339549,0,0.9739435122241902,model::electra_base,ELECTRA,42
3479,1,0.0006030221120454,0,0.9739435122241902,model::electra_base,ELECTRA,42
14387,0,0.0002469621831551,0,0.9739435122241902,model::electra_base,ELECTRA,42
21099,0,0.0002633864351082,0,0.9739435122241902,model::electra_base,ELECTRA,42
10173,0,0.0003329008468426,0,0.9739435122241902,model::electra_base,ELECTRA,42
14584,1,0.000703252328094,0,0.9739435122241902,model::electra_base,ELECTRA,42
18579,0,0.0003712519828695,0,0.9739435122241902,model::electra_base,ELECTRA,42
6719,0,0.0004564385744743,0,0.9739435122241902,model::electra_base,ELECTRA,42
13994,1,0.0003502802865114,0,0.9739435122241902,model::electra_base,ELECTRA,42
15409,0,0.0002737785689532,0,0.9739435122241902,model::electra_base,ELECTRA,42
10287,0,0.0005559611599892,0,0.9739435122241902,model::electra_base,ELECTRA,42
14182,0,0.0003144649381283,0,0.9739435122241902,model::electra_base,ELECTRA,42
1866,0,0.0002476025256328,0,0.9739435122241902,model::electra_base,ELECTRA,42
5840,1,0.0002844789123628,0,0.9739435122241902,model::electra_base,ELECTRA,42
8508,0,0.0002710225526243,0,0.9739435122241902,model::electra_base,ELECTRA,42
16600,0,0.0002266592055093,0,0.9739435122241902,model::electra_base,ELECTRA,42
12136,1,0.0006249817670322,0,0.9739435122241902,model::electra_base,ELECTRA,42
15175,1,0.0002637734578456,0,0.9739435122241902,model::electra_base,ELECTRA,42
1171,0,0.0006296749343164,0,0.9739435122241902,model::electra_base,ELECTRA,42
10626,0,0.001203439082019,0,0.9739435122241902,model::electra_base,ELECTRA,42
17816,0,0.0010611234465613,0,0.9739435122241902,model::electra_base,ELECTRA,42
7438,1,0.0002747334947343,0,0.9739435122241902,model::electra_base,ELECTRA,42
4132,1,0.0002801701193675,0,0.9739435122241902,model::electra_base,ELECTRA,42
12929,0,0.0002534468949306,0,0.9739435122241902,model::electra_base,ELECTRA,42
17018,1,0.0002836057974491,0,0.9739435122241902,model::electra_base,ELECTRA,42
14608,0,0.0002486666780896,0,0.9739435122241902,model::electra_base,ELECTRA,42
16274,0,0.000239288638113,0,0.9739435122241902,model::electra_base,ELECTRA,42
2408,0,0.0003078202425967,0,0.9739435122241902,model::electra_base,ELECTRA,42
7731,0,0.0003851090150419,0,0.9739435122241902,model::electra_base,ELECTRA,42
1204,1,0.0006273486069403,0,0.9739435122241902,model::electra_base,ELECTRA,42
15159,1,0.0003111125552095,0,0.9739435122241902,model::electra_base,ELECTRA,42
13621,0,0.0008435372146777,0,0.9739435122241902,model::electra_base,ELECTRA,42
1729,0,0.0002994455571752,0,0.9739435122241902,model::electra_base,ELECTRA,42
16466,0,0.000418092997279,0,0.9739435122241902,model::electra_base,ELECTRA,42
1197,1,0.0002944606530945,0,0.9739435122241902,model::electra_base,ELECTRA,42
14491,0,0.0004071865405421,0,0.9739435122241902,model::electra_base,ELECTRA,42
3338,1,0.000379141740268,0,0.9739435122241902,model::electra_base,ELECTRA,42
3165,1,0.0002594141406007,0,0.9739435122241902,model::electra_base,ELECTRA,42
3852,0,0.9991149306297302,1,0.9739435122241902,model::electra_base,ELECTRA,42
16232,1,0.0003698552027344,0,0.9739435122241902,model::electra_base,ELECTRA,42
3551,1,0.0003700223460327,0,0.9739435122241902,model::electra_base,ELECTRA,42
18200,1,0.0003569273976609,0,0.9739435122241902,model::electra_base,ELECTRA,42
1750,1,0.0003035655536223,0,0.9739435122241902,model::electra_base,ELECTRA,42
13356,1,0.0002799989597406,0,0.9739435122241902,model::electra_base,ELECTRA,42
14029,0,0.0002254358987556,0,0.9739435122241902,model::electra_base,ELECTRA,42
15702,1,0.0004119906225241,0,0.9739435122241902,model::electra_base,ELECTRA,42
6671,0,0.0002733727160375,0,0.9739435122241902,model::electra_base,ELECTRA,42
1598,1,0.0002419507654849,0,0.9739435122241902,model::electra_base,ELECTRA,42
14361,0,0.0002853631158359,0,0.9739435122241902,model::electra_base,ELECTRA,42
8832,0,0.000274445512332,0,0.9739435122241902,model::electra_base,ELECTRA,42
9975,1,0.0003466373891569,0,0.9739435122241902,model::electra_base,ELECTRA,42
13954,0,0.0005974187515676,0,0.9739435122241902,model::electra_base,ELECTRA,42
9267,0,0.0006721820682287,0,0.9739435122241902,model::electra_base,ELECTRA,42
13091,1,0.0005665338248945,0,0.9739435122241902,model::electra_base,ELECTRA,42
17553,1,0.0003212190640624,0,0.9739435122241902,model::electra_base,ELECTRA,42
11555,0,0.0002094696392305,0,0.9739435122241902,model::electra_base,ELECTRA,42
11748,1,0.0004111506277695,0,0.9739435122241902,model::electra_base,ELECTRA,42
10804,0,0.000379654666176,0,0.9739435122241902,model::electra_base,ELECTRA,42
12854,0,0.0002231815160484,0,0.9739435122241902,model::electra_base,ELECTRA,42
16115,0,0.0003525899956002,0,0.9739435122241902,model::electra_base,ELECTRA,42
7308,1,0.000431588909123,0,0.9739435122241902,model::electra_base,ELECTRA,42
6556,1,0.0002776865730993,0,0.9739435122241902,model::electra_base,ELECTRA,42
14549,1,0.0004040201893076,0,0.9739435122241902,model::electra_base,ELECTRA,42
6787,0,0.0002231872786069,0,0.9739435122241902,model::electra_base,ELECTRA,42
11776,0,0.0002379370562266,0,0.9739435122241902,model::electra_base,ELECTRA,42
9577,0,0.0002353197487536,0,0.9739435122241902,model::electra_base,ELECTRA,42
19107,0,0.0002472559572197,0,0.9739435122241902,model::electra_base,ELECTRA,42
3818,0,0.0002295242156833,0,0.9739435122241902,model::electra_base,ELECTRA,42
6319,0,0.0003254761977586,0,0.9739435122241902,model::electra_base,ELECTRA,42
7931,1,0.0002796452026814,0,0.9739435122241902,model::electra_base,ELECTRA,42
18516,1,0.0002953313814941,0,0.9739435122241902,model::electra_base,ELECTRA,42
19974,1,0.0004223765572533,0,0.9739435122241902,model::electra_base,ELECTRA,42
8003,1,0.0002618253638502,0,0.9739435122241902,model::electra_base,ELECTRA,42
14855,1,0.0002441601536702,0,0.9739435122241902,model::electra_base,ELECTRA,42
935,0,0.0004181205295026,0,0.9739435122241902,model::electra_base,ELECTRA,42
3623,1,0.0004248074255883,0,0.9739435122241902,model::electra_base,ELECTRA,42
2857,0,0.0005112218204885,0,0.9739435122241902,model::electra_base,ELECTRA,42
15100,1,0.0005667592631652,0,0.9739435122241902,model::electra_base,ELECTRA,42
12647,1,0.0004576345090754,0,0.9739435122241902,model::electra_base,ELECTRA,42
16571,0,0.0003012377710547,0,0.9739435122241902,model::electra_base,ELECTRA,42
18098,1,0.0002953682851511,0,0.9739435122241902,model::electra_base,ELECTRA,42
18736,1,0.0003064402553718,0,0.9739435122241902,model::electra_base,ELECTRA,42
8920,1,0.0003974913270212,0,0.9739435122241902,model::electra_base,ELECTRA,42
11186,1,0.0002319233462912,0,0.9739435122241902,model::electra_base,ELECTRA,42
15711,1,0.0002645279746502,0,0.9739435122241902,model::electra_base,ELECTRA,42
5958,1,0.0002470384642947,0,0.9739435122241902,model::electra_base,ELECTRA,42
7558,0,0.0023783463984727,0,0.9739435122241902,model::electra_base,ELECTRA,42
20149,1,0.000439524592366,0,0.9739435122241902,model::electra_base,ELECTRA,42
9778,0,0.0017872126772999,0,0.9739435122241902,model::electra_base,ELECTRA,42
8502,1,0.0003145138034597,0,0.9739435122241902,model::electra_base,ELECTRA,42
1642,1,0.0003293733752798,0,0.9739435122241902,model::electra_base,ELECTRA,42
21039,0,0.0008003970142453,0,0.9739435122241902,model::electra_base,ELECTRA,42
11515,0,0.0007389913662336,0,0.9739435122241902,model::electra_base,ELECTRA,42
5310,0,0.0003841248399112,0,0.9739435122241902,model::electra_base,ELECTRA,42
20759,0,0.0002310680574737,0,0.9739435122241902,model::electra_base,ELECTRA,42
12683,0,0.0003866853367071,0,0.9739435122241902,model::electra_base,ELECTRA,42
5142,0,0.0002541774592828,0,0.9739435122241902,model::electra_base,ELECTRA,42
11672,1,0.0004226327582728,0,0.9739435122241902,model::electra_base,ELECTRA,42
6976,1,0.0003554763970896,0,0.9739435122241902,model::electra_base,ELECTRA,42
10148,0,0.0005683161434717,0,0.9739435122241902,model::electra_base,ELECTRA,42
18578,0,0.000224387680646,0,0.9739435122241902,model::electra_base,ELECTRA,42
19362,1,0.0002946633903775,0,0.9739435122241902,model::electra_base,ELECTRA,42
5241,1,0.0003015004040207,0,0.9739435122241902,model::electra_base,ELECTRA,42
664,0,0.0002916268422268,0,0.9739435122241902,model::electra_base,ELECTRA,42
12453,0,0.0002947535831481,0,0.9739435122241902,model::electra_base,ELECTRA,42
2205,1,0.0003001867735292,0,0.9739435122241902,model::electra_base,ELECTRA,42
9896,0,0.0003003808378707,0,0.9739435122241902,model::electra_base,ELECTRA,42
15733,0,0.0003953391860704,0,0.9739435122241902,model::electra_base,ELECTRA,42
6070,0,0.0002486566954758,0,0.9739435122241902,model::electra_base,ELECTRA,42
3994,0,0.0002130047068931,0,0.9739435122241902,model::electra_base,ELECTRA,42
11962,0,0.0003812862560153,0,0.9739435122241902,model::electra_base,ELECTRA,42
13923,0,0.0004174749483354,0,0.9739435122241902,model::electra_base,ELECTRA,42
3512,0,0.000335210119374,0,0.9739435122241902,model::electra_base,ELECTRA,42
8737,0,0.0005062084528617,0,0.9739435122241902,model::electra_base,ELECTRA,42
17758,1,0.0002683640923351,0,0.9739435122241902,model::electra_base,ELECTRA,42
11250,1,0.0002851569151971,0,0.9739435122241902,model::electra_base,ELECTRA,42
8102,0,0.0002590529911685,0,0.9739435122241902,model::electra_base,ELECTRA,42
3614,0,0.0002480666153132,0,0.9739435122241902,model::electra_base,ELECTRA,42
6659,1,0.0005572470836341,0,0.9739435122241902,model::electra_base,ELECTRA,42
12125,0,0.0002458050148561,0,0.9739435122241902,model::electra_base,ELECTRA,42
13471,1,0.00031167070847,0,0.9739435122241902,model::electra_base,ELECTRA,42
5246,0,0.0003322492993902,0,0.9739435122241902,model::electra_base,ELECTRA,42
2612,1,0.0003073566185776,0,0.9739435122241902,model::electra_base,ELECTRA,42
16686,1,0.0003840472490992,0,0.9739435122241902,model::electra_base,ELECTRA,42
4569,0,0.0008025618153624,0,0.9739435122241902,model::electra_base,ELECTRA,42
16586,1,0.0003103612980339,0,0.9739435122241902,model::electra_base,ELECTRA,42
9777,0,0.0004698446136899,0,0.9739435122241902,model::electra_base,ELECTRA,42
10194,1,0.000285835500108,0,0.9739435122241902,model::electra_base,ELECTRA,42
13439,0,0.0015199722256511,0,0.9739435122241902,model::electra_base,ELECTRA,42
12371,1,0.0003127419331576,0,0.9739435122241902,model::electra_base,ELECTRA,42
20902,0,0.0002256447041872,0,0.9739435122241902,model::electra_base,ELECTRA,42
7768,1,0.0003437675186432,0,0.9739435122241902,model::electra_base,ELECTRA,42
2321,1,0.0002501459675841,0,0.9739435122241902,model::electra_base,ELECTRA,42
11714,0,0.0005288033862598,0,0.9739435122241902,model::electra_base,ELECTRA,42
3655,0,0.0003360362898092,0,0.9739435122241902,model::electra_base,ELECTRA,42
19633,0,0.0003274319169577,0,0.9739435122241902,model::electra_base,ELECTRA,42
2593,0,0.0004842304333578,0,0.9739435122241902,model::electra_base,ELECTRA,42
5964,0,0.0002787651319522,0,0.9739435122241902,model::electra_base,ELECTRA,42
11822,0,0.0006664122920483,0,0.9739435122241902,model::electra_base,ELECTRA,42
12791,1,0.000596763449721,0,0.9739435122241902,model::electra_base,ELECTRA,42
3841,0,0.0419716797769069,0,0.9739435122241902,model::electra_base,ELECTRA,42
15763,0,0.000278020335827,0,0.9739435122241902,model::electra_base,ELECTRA,42
9129,1,0.0002736595633905,0,0.9739435122241902,model::electra_base,ELECTRA,42
13046,1,0.0004939026548527,0,0.9739435122241902,model::electra_base,ELECTRA,42
1847,0,0.0008330064010806,0,0.9739435122241902,model::electra_base,ELECTRA,42
8591,1,0.000304801214952,0,0.9739435122241902,model::electra_base,ELECTRA,42
3209,0,0.0003167396353092,0,0.9739435122241902,model::electra_base,ELECTRA,42
11566,0,0.0004013119323644,0,0.9739435122241902,model::electra_base,ELECTRA,42
18276,1,0.0002966464089695,0,0.9739435122241902,model::electra_base,ELECTRA,42
21121,0,0.000304367422359,0,0.9739435122241902,model::electra_base,ELECTRA,42
19671,0,0.0003379846166353,0,0.9739435122241902,model::electra_base,ELECTRA,42
729,1,0.0002743019140325,0,0.9739435122241902,model::electra_base,ELECTRA,42
17129,0,0.0002986734907608,0,0.9739435122241902,model::electra_base,ELECTRA,42
12185,1,0.0002877837978303,0,0.9739435122241902,model::electra_base,ELECTRA,42
1996,0,0.0003538797609508,0,0.9739435122241902,model::electra_base,ELECTRA,42
18477,0,0.0002095811505569,0,0.9739435122241902,model::electra_base,ELECTRA,42
13495,0,0.0004116459167562,0,0.9739435122241902,model::electra_base,ELECTRA,42
3467,1,0.0002436613576719,0,0.9739435122241902,model::electra_base,ELECTRA,42
3100,1,0.0003312675398774,0,0.9739435122241902,model::electra_base,ELECTRA,42
19006,0,0.000327745481627,0,0.9739435122241902,model::electra_base,ELECTRA,42
2734,0,0.0006130174151621,0,0.9739435122241902,model::electra_base,ELECTRA,42
7923,1,0.0002595370751805,0,0.9739435122241902,model::electra_base,ELECTRA,42
14593,1,0.0002819023502524,0,0.9739435122241902,model::electra_base,ELECTRA,42
315,1,0.0003050745290238,0,0.9739435122241902,model::electra_base,ELECTRA,42
18937,0,0.0002804686664603,0,0.9739435122241902,model::electra_base,ELECTRA,42
7718,1,0.0003416614490561,0,0.9739435122241902,model::electra_base,ELECTRA,42
9619,1,0.0002510744670871,0,0.9739435122241902,model::electra_base,ELECTRA,42
6986,1,0.0002824996772687,0,0.9739435122241902,model::electra_base,ELECTRA,42
17354,1,0.0005683367489837,0,0.9739435122241902,model::electra_base,ELECTRA,42
16941,0,0.0002389676228631,0,0.9739435122241902,model::electra_base,ELECTRA,42
13328,1,0.0002318667684448,0,0.9739435122241902,model::electra_base,ELECTRA,42
10753,1,0.0004243408038746,0,0.9739435122241902,model::electra_base,ELECTRA,42
730,1,0.000347821478499,0,0.9739435122241902,model::electra_base,ELECTRA,42
15496,1,0.0003803705039899,0,0.9739435122241902,model::electra_base,ELECTRA,42
9203,1,0.0004276842519175,0,0.9739435122241902,model::electra_base,ELECTRA,42
9971,1,0.0003890662337653,0,0.9739435122241902,model::electra_base,ELECTRA,42
14137,1,0.0004111420130357,0,0.9739435122241902,model::electra_base,ELECTRA,42
20659,1,0.000306824047584,0,0.9739435122241902,model::electra_base,ELECTRA,42
1737,1,0.0004169364401604,0,0.9739435122241902,model::electra_base,ELECTRA,42
18365,1,0.0003064104239456,0,0.9739435122241902,model::electra_base,ELECTRA,42
16948,1,0.0002600572479423,0,0.9739435122241902,model::electra_base,ELECTRA,42
4209,1,0.0002355859760427,0,0.9739435122241902,model::electra_base,ELECTRA,42
11255,0,0.0002424398553557,0,0.9739435122241902,model::electra_base,ELECTRA,42
4818,0,0.0002845849376171,0,0.9739435122241902,model::electra_base,ELECTRA,42
16989,0,0.000305439782096,0,0.9739435122241902,model::electra_base,ELECTRA,42
13822,1,0.0004545767442323,0,0.9739435122241902,model::electra_base,ELECTRA,42
18218,0,0.0004381078178994,0,0.9739435122241902,model::electra_base,ELECTRA,42
11069,0,0.0009384431759826,0,0.9739435122241902,model::electra_base,ELECTRA,42
16576,1,0.0002776425972115,0,0.9739435122241902,model::electra_base,ELECTRA,42
14690,1,0.0002970658242702,0,0.9739435122241902,model::electra_base,ELECTRA,42
7545,0,0.0002293964644195,0,0.9739435122241902,model::electra_base,ELECTRA,42
11793,0,0.0003990726836491,0,0.9739435122241902,model::electra_base,ELECTRA,42
11185,1,0.0002489152248017,0,0.9739435122241902,model::electra_base,ELECTRA,42
14124,0,0.0002615511475596,0,0.9739435122241902,model::electra_base,ELECTRA,42
20861,0,0.0002563564339652,0,0.9739435122241902,model::electra_base,ELECTRA,42
11618,0,0.0002297317696502,0,0.9739435122241902,model::electra_base,ELECTRA,42
744,1,0.0005211972165852,0,0.9739435122241902,model::electra_base,ELECTRA,42
261,0,0.0003295740752946,0,0.9739435122241902,model::electra_base,ELECTRA,42
11958,0,0.0005402700044214,0,0.9739435122241902,model::electra_base,ELECTRA,42
12663,1,0.0004027752147521,0,0.9739435122241902,model::electra_base,ELECTRA,42
5696,1,0.0003580612828955,0,0.9739435122241902,model::electra_base,ELECTRA,42
7908,1,0.0003464916662778,0,0.9739435122241902,model::electra_base,ELECTRA,42
16295,0,0.0002599189174361,0,0.9739435122241902,model::electra_base,ELECTRA,42
254,1,0.0008734529837965,0,0.9739435122241902,model::electra_base,ELECTRA,42
5340,1,0.0003639649657998,0,0.9739435122241902,model::electra_base,ELECTRA,42
8001,0,0.0003088673693127,0,0.9739435122241902,model::electra_base,ELECTRA,42
7354,1,0.0002664669591467,0,0.9739435122241902,model::electra_base,ELECTRA,42
7138,1,0.0004062397347297,0,0.9739435122241902,model::electra_base,ELECTRA,42
8105,1,0.0002696151204872,0,0.9739435122241902,model::electra_base,ELECTRA,42
6579,0,0.0003168350667692,0,0.9739435122241902,model::electra_base,ELECTRA,42
7934,1,0.0003688000142574,0,0.9739435122241902,model::electra_base,ELECTRA,42
8606,1,0.0003037598216906,0,0.9739435122241902,model::electra_base,ELECTRA,42
7600,0,0.0003031016967725,0,0.9739435122241902,model::electra_base,ELECTRA,42
16101,1,0.0002788443234749,0,0.9739435122241902,model::electra_base,ELECTRA,42
1203,0,0.0002621863095555,0,0.9739435122241902,model::electra_base,ELECTRA,42
5057,0,0.0002091148489853,0,0.9739435122241902,model::electra_base,ELECTRA,42
12089,0,0.0003248332359362,0,0.9739435122241902,model::electra_base,ELECTRA,42
4527,1,0.0002718787000048,0,0.9739435122241902,model::electra_base,ELECTRA,42
9382,1,0.0003718491934705,0,0.9739435122241902,model::electra_base,ELECTRA,42
13521,1,0.0004490870051085,0,0.9739435122241902,model::electra_base,ELECTRA,42
3108,1,0.0004538804932963,0,0.9739435122241902,model::electra_base,ELECTRA,42
8712,0,0.0010079145431518,0,0.9739435122241902,model::electra_base,ELECTRA,42
19949,1,0.0006115804426372,0,0.9739435122241902,model::electra_base,ELECTRA,42
577,1,0.0002480507828295,0,0.9739435122241902,model::electra_base,ELECTRA,42
2039,0,0.0004397850716486,0,0.9739435122241902,model::electra_base,ELECTRA,42
17193,0,0.0003237906785216,0,0.9739435122241902,model::electra_base,ELECTRA,42
14350,1,0.0005236381548456,0,0.9739435122241902,model::electra_base,ELECTRA,42
19730,1,0.000268519972451,0,0.9739435122241902,model::electra_base,ELECTRA,42
20960,1,0.0002610369701869,0,0.9739435122241902,model::electra_base,ELECTRA,42
2547,1,0.0012173540890216,0,0.9739435122241902,model::electra_base,ELECTRA,42
13601,0,0.0002438614465063,0,0.9739435122241902,model::electra_base,ELECTRA,42
5423,0,0.0009370896732434,0,0.9739435122241902,model::electra_base,ELECTRA,42
13210,0,0.0003470095107331,0,0.9739435122241902,model::electra_base,ELECTRA,42
18396,1,0.000363100785762,0,0.9739435122241902,model::electra_base,ELECTRA,42
6019,0,0.0003674166509881,0,0.9739435122241902,model::electra_base,ELECTRA,42
2872,0,0.0002675884170457,0,0.9739435122241902,model::electra_base,ELECTRA,42
6204,0,0.0002589024079497,0,0.9739435122241902,model::electra_base,ELECTRA,42
9717,1,0.0002680720936041,0,0.9739435122241902,model::electra_base,ELECTRA,42
3733,0,0.0002870439493563,0,0.9739435122241902,model::electra_base,ELECTRA,42
3150,1,0.0004688124754466,0,0.9739435122241902,model::electra_base,ELECTRA,42
12007,0,0.0018267906270921,0,0.9739435122241902,model::electra_base,ELECTRA,42
20412,0,0.0002693938731681,0,0.9739435122241902,model::electra_base,ELECTRA,42
10966,1,0.0002859175147023,0,0.9739435122241902,model::electra_base,ELECTRA,42
15297,1,0.0003040521696675,0,0.9739435122241902,model::electra_base,ELECTRA,42
8581,0,0.0002802117960527,0,0.9739435122241902,model::electra_base,ELECTRA,42
9247,1,0.0003666737757157,0,0.9739435122241902,model::electra_base,ELECTRA,42
20802,1,0.0004024852241855,0,0.9739435122241902,model::electra_base,ELECTRA,42
11856,0,0.0003308285376988,0,0.9739435122241902,model::electra_base,ELECTRA,42
16750,0,0.000335544871632,0,0.9739435122241902,model::electra_base,ELECTRA,42
14447,1,0.0004040818312205,0,0.9739435122241902,model::electra_base,ELECTRA,42
599,1,0.0002911565534304,0,0.9739435122241902,model::electra_base,ELECTRA,42
19339,1,0.0026085986755788,0,0.9739435122241902,model::electra_base,ELECTRA,42
20904,0,0.0002389060973655,0,0.9739435122241902,model::electra_base,ELECTRA,42
18860,1,0.0002429470914648,0,0.9739435122241902,model::electra_base,ELECTRA,42
7349,0,0.000247320800554,0,0.9739435122241902,model::electra_base,ELECTRA,42
12739,0,0.0002112890069838,0,0.9739435122241902,model::electra_base,ELECTRA,42
1732,0,0.0002726906968746,0,0.9739435122241902,model::electra_base,ELECTRA,42
9070,1,0.0002638458681758,0,0.9739435122241902,model::electra_base,ELECTRA,42
20274,0,0.0002186769706895,0,0.9739435122241902,model::electra_base,ELECTRA,42
16439,1,0.0003835507377516,0,0.9739435122241902,model::electra_base,ELECTRA,42
9723,0,0.000564212037716,0,0.9739435122241902,model::electra_base,ELECTRA,42
15367,0,0.0004386115469969,0,0.9739435122241902,model::electra_base,ELECTRA,42
21113,0,0.0003951899998355,0,0.9739435122241902,model::electra_base,ELECTRA,42
12151,1,0.0003729778109118,0,0.9739435122241902,model::electra_base,ELECTRA,42
4476,1,0.0002906387089751,0,0.9739435122241902,model::electra_base,ELECTRA,42
8093,1,0.0002421249955659,0,0.9739435122241902,model::electra_base,ELECTRA,42
6237,0,0.0002797752968035,0,0.9739435122241902,model::electra_base,ELECTRA,42
19531,1,0.0002901702537201,0,0.9739435122241902,model::electra_base,ELECTRA,42
5192,0,0.0004216849920339,0,0.9739435122241902,model::electra_base,ELECTRA,42
16725,1,0.0002746585814747,0,0.9739435122241902,model::electra_base,ELECTRA,42
7744,1,0.0003315712383482,0,0.9739435122241902,model::electra_base,ELECTRA,42
9746,0,0.0002932475763373,0,0.9739435122241902,model::electra_base,ELECTRA,42
2397,1,0.0003522775368764,0,0.9739435122241902,model::electra_base,ELECTRA,42
3746,0,0.0003950894169975,0,0.9739435122241902,model::electra_base,ELECTRA,42
5190,0,0.0007156012579798,0,0.9739435122241902,model::electra_base,ELECTRA,42
19360,0,0.0006857168045826,0,0.9739435122241902,model::electra_base,ELECTRA,42
5879,1,0.0002266223018523,0,0.9739435122241902,model::electra_base,ELECTRA,42
11527,1,0.000285790010821,0,0.9739435122241902,model::electra_base,ELECTRA,42
2187,0,0.0002570542274042,0,0.9739435122241902,model::electra_base,ELECTRA,42
12869,0,0.000331125134835,0,0.9739435122241902,model::electra_base,ELECTRA,42
5091,1,0.0002727062965277,0,0.9739435122241902,model::electra_base,ELECTRA,42
14152,1,0.0004709321656264,0,0.9739435122241902,model::electra_base,ELECTRA,42
20776,0,0.0002524953742977,0,0.9739435122241902,model::electra_base,ELECTRA,42
20518,1,0.0002241687325295,0,0.9739435122241902,model::electra_base,ELECTRA,42
8641,1,0.0002412321045994,0,0.9739435122241902,model::electra_base,ELECTRA,42
11128,1,0.0003377663670107,0,0.9739435122241902,model::electra_base,ELECTRA,42
12306,0,0.0002581432345323,0,0.9739435122241902,model::electra_base,ELECTRA,42
8675,1,0.0005981779540888,0,0.9739435122241902,model::electra_base,ELECTRA,42
16643,1,0.0003721988759934,0,0.9739435122241902,model::electra_base,ELECTRA,42
16124,0,0.0002494495711289,0,0.9739435122241902,model::electra_base,ELECTRA,42
5838,0,0.0002948067267425,0,0.9739435122241902,model::electra_base,ELECTRA,42
8821,1,0.0002747877151705,0,0.9739435122241902,model::electra_base,ELECTRA,42
13942,1,0.0003482585016172,0,0.9739435122241902,model::electra_base,ELECTRA,42
7149,1,0.0005417378852143,0,0.9739435122241902,model::electra_base,ELECTRA,42
6690,1,0.0003839535638689,0,0.9739435122241902,model::electra_base,ELECTRA,42
18207,0,0.0008030793978832,0,0.9739435122241902,model::electra_base,ELECTRA,42
20961,0,0.0002271135163027,0,0.9739435122241902,model::electra_base,ELECTRA,42
7895,1,0.0002944390289485,0,0.9739435122241902,model::electra_base,ELECTRA,42
18853,1,0.0004252989601809,0,0.9739435122241902,model::electra_base,ELECTRA,42
17705,0,0.0005592904635705,0,0.9739435122241902,model::electra_base,ELECTRA,42
19169,0,0.000342611427186,0,0.9739435122241902,model::electra_base,ELECTRA,42
17658,1,0.0005241712788119,0,0.9739435122241902,model::electra_base,ELECTRA,42
13277,0,0.0006860776338726,0,0.9739435122241902,model::electra_base,ELECTRA,42
20062,1,0.0003290840249974,0,0.9739435122241902,model::electra_base,ELECTRA,42
16652,1,0.0002647475339472,0,0.9739435122241902,model::electra_base,ELECTRA,42
11093,0,0.00030318897916,0,0.9739435122241902,model::electra_base,ELECTRA,42
12262,0,0.0003456134872976,0,0.9739435122241902,model::electra_base,ELECTRA,42
3119,1,0.0002559908025432,0,0.9739435122241902,model::electra_base,ELECTRA,42
17297,0,0.0003053733962588,0,0.9739435122241902,model::electra_base,ELECTRA,42
10638,1,0.0002989067579619,0,0.9739435122241902,model::electra_base,ELECTRA,42
2783,1,0.0003107284137513,0,0.9739435122241902,model::electra_base,ELECTRA,42
14032,0,0.0002617202990222,0,0.9739435122241902,model::electra_base,ELECTRA,42
14851,0,0.0008300138288177,0,0.9739435122241902,model::electra_base,ELECTRA,42
12174,0,0.0002600537554826,0,0.9739435122241902,model::electra_base,ELECTRA,42
2004,1,0.0003265705599915,0,0.9739435122241902,model::electra_base,ELECTRA,42
18219,1,0.0006649135611951,0,0.9739435122241902,model::electra_base,ELECTRA,42
8168,0,0.0004846233641728,0,0.9739435122241902,model::electra_base,ELECTRA,42
20316,0,0.0002948547771666,0,0.9739435122241902,model::electra_base,ELECTRA,42
4844,0,0.0002036509395111,0,0.9739435122241902,model::electra_base,ELECTRA,42
11474,1,0.0002415584604023,0,0.9739435122241902,model::electra_base,ELECTRA,42
10047,0,0.000580815365538,0,0.9739435122241902,model::electra_base,ELECTRA,42
5861,1,0.0004761422460433,0,0.9739435122241902,model::electra_base,ELECTRA,42
9226,1,0.0002845638082362,0,0.9739435122241902,model::electra_base,ELECTRA,42
20898,0,0.0004187400045339,0,0.9739435122241902,model::electra_base,ELECTRA,42
569,0,0.0008055961225181,0,0.9739435122241902,model::electra_base,ELECTRA,42
4565,0,0.000215909036342,0,0.9739435122241902,model::electra_base,ELECTRA,42
7145,1,0.0002986575127579,0,0.9739435122241902,model::electra_base,ELECTRA,42
11649,1,0.0003248558496125,0,0.9739435122241902,model::electra_base,ELECTRA,42
13929,1,0.000258999178186,0,0.9739435122241902,model::electra_base,ELECTRA,42
3753,1,0.0002859404485207,0,0.9739435122241902,model::electra_base,ELECTRA,42
15158,1,0.000274246209301,0,0.9739435122241902,model::electra_base,ELECTRA,42
16218,1,0.0003470080264378,0,0.9739435122241902,model::electra_base,ELECTRA,42
20386,1,0.0003378779802005,0,0.9739435122241902,model::electra_base,ELECTRA,42
17498,0,0.0003906928759533,0,0.9739435122241902,model::electra_base,ELECTRA,42
2167,0,0.0008948518079705,0,0.9739435122241902,model::electra_base,ELECTRA,42
2243,0,0.0002501829585526,0,0.9739435122241902,model::electra_base,ELECTRA,42
10786,0,0.0002900933614,0,0.9739435122241902,model::electra_base,ELECTRA,42
3657,0,0.0043827467598021,0,0.9739435122241902,model::electra_base,ELECTRA,42
3062,1,0.0003583819780033,0,0.9739435122241902,model::electra_base,ELECTRA,42
4628,0,0.00030345848063,0,0.9739435122241902,model::electra_base,ELECTRA,42
9579,1,0.0003574776928871,0,0.9739435122241902,model::electra_base,ELECTRA,42
2333,1,0.0002324045781278,0,0.9739435122241902,model::electra_base,ELECTRA,42
20319,0,0.0004521731461863,0,0.9739435122241902,model::electra_base,ELECTRA,42
16926,1,0.0002902831474784,0,0.9739435122241902,model::electra_base,ELECTRA,42
6800,1,0.0003146664821542,0,0.9739435122241902,model::electra_base,ELECTRA,42
5003,0,0.0002741476346272,0,0.9739435122241902,model::electra_base,ELECTRA,42
12074,1,0.0003712707257363,0,0.9739435122241902,model::electra_base,ELECTRA,42
6804,0,0.000320909282891,0,0.9739435122241902,model::electra_base,ELECTRA,42
10891,1,0.0002701984776649,0,0.9739435122241902,model::electra_base,ELECTRA,42
12606,1,0.000351088005118,0,0.9739435122241902,model::electra_base,ELECTRA,42
4490,0,0.000237526546698,0,0.9739435122241902,model::electra_base,ELECTRA,42
9963,1,0.0009266342967748,0,0.9739435122241902,model::electra_base,ELECTRA,42
3158,0,0.0002771417493931,0,0.9739435122241902,model::electra_base,ELECTRA,42
16831,1,0.0002704631770029,0,0.9739435122241902,model::electra_base,ELECTRA,42
2875,1,0.0002929010661318,0,0.9739435122241902,model::electra_base,ELECTRA,42
7424,1,0.0003738282539416,0,0.9739435122241902,model::electra_base,ELECTRA,42
3520,0,0.0002691750996746,0,0.9739435122241902,model::electra_base,ELECTRA,42
13077,0,0.000259820575593,0,0.9739435122241902,model::electra_base,ELECTRA,42
10020,1,0.0003593905712477,0,0.9739435122241902,model::electra_base,ELECTRA,42
18236,1,0.0002603430475573,0,0.9739435122241902,model::electra_base,ELECTRA,42
12740,1,0.0002645546919666,0,0.9739435122241902,model::electra_base,ELECTRA,42
626,1,0.0002828100987244,0,0.9739435122241902,model::electra_base,ELECTRA,42
5714,1,0.0002261385816382,0,0.9739435122241902,model::electra_base,ELECTRA,42
13642,1,0.0003049378865398,0,0.9739435122241902,model::electra_base,ELECTRA,42
18508,1,0.0002542778092902,0,0.9739435122241902,model::electra_base,ELECTRA,42
3639,1,0.0002344311214983,0,0.9739435122241902,model::electra_base,ELECTRA,42
15024,0,0.0002895426587201,0,0.9739435122241902,model::electra_base,ELECTRA,42
15804,1,0.000354728574166,0,0.9739435122241902,model::electra_base,ELECTRA,42
614,1,0.0004035909951198,0,0.9739435122241902,model::electra_base,ELECTRA,42
21007,0,0.0003332161868456,0,0.9739435122241902,model::electra_base,ELECTRA,42
48,0,0.0002619914303068,0,0.9739435122241902,model::electra_base,ELECTRA,42
4659,0,0.0003701015957631,0,0.9739435122241902,model::electra_base,ELECTRA,42
2451,0,0.0002456332731526,0,0.9739435122241902,model::electra_base,ELECTRA,42
20014,1,0.0003131211560685,0,0.9739435122241902,model::electra_base,ELECTRA,42
16523,1,0.0002735234156716,0,0.9739435122241902,model::electra_base,ELECTRA,42
7588,0,0.0002439528325339,0,0.9739435122241902,model::electra_base,ELECTRA,42
10690,0,0.0003309746389277,0,0.9739435122241902,model::electra_base,ELECTRA,42
11707,1,0.0002856118662748,0,0.9739435122241902,model::electra_base,ELECTRA,42
7072,0,0.0003366090822964,0,0.9739435122241902,model::electra_base,ELECTRA,42
2583,1,0.0004707478801719,0,0.9739435122241902,model::electra_base,ELECTRA,42
14906,1,0.0004272022051736,0,0.9739435122241902,model::electra_base,ELECTRA,42
7454,1,0.0002668681845534,0,0.9739435122241902,model::electra_base,ELECTRA,42
8783,1,0.0003416251274757,0,0.9739435122241902,model::electra_base,ELECTRA,42
6422,0,0.0006524184718728,0,0.9739435122241902,model::electra_base,ELECTRA,42
7361,1,0.0002545432071201,0,0.9739435122241902,model::electra_base,ELECTRA,42
10470,0,0.0005474837380461,0,0.9739435122241902,model::electra_base,ELECTRA,42
13196,1,0.000266062823357,0,0.9739435122241902,model::electra_base,ELECTRA,42
8823,0,0.0002312108554178,0,0.9739435122241902,model::electra_base,ELECTRA,42
13026,0,0.0004416198644321,0,0.9739435122241902,model::electra_base,ELECTRA,42
6243,1,0.0003944870259147,0,0.9739435122241902,model::electra_base,ELECTRA,42
11626,0,0.0002699435572139,0,0.9739435122241902,model::electra_base,ELECTRA,42
4722,0,0.0004369243979454,0,0.9739435122241902,model::electra_base,ELECTRA,42
9105,0,0.0002380443911533,0,0.9739435122241902,model::electra_base,ELECTRA,42
7276,1,0.0003333938075229,0,0.9739435122241902,model::electra_base,ELECTRA,42
13624,0,0.0004606039146892,0,0.9739435122241902,model::electra_base,ELECTRA,42
1294,0,0.0003341514384374,0,0.9739435122241902,model::electra_base,ELECTRA,42
2762,1,0.0003138470638077,0,0.9739435122241902,model::electra_base,ELECTRA,42
11880,1,0.0003196628531441,0,0.9739435122241902,model::electra_base,ELECTRA,42
9542,1,0.0002918059471994,0,0.9739435122241902,model::electra_base,ELECTRA,42
354,1,0.0003294179914519,0,0.9739435122241902,model::electra_base,ELECTRA,42
11301,0,0.000450182124041,0,0.9739435122241902,model::electra_base,ELECTRA,42
20095,0,0.0002201938332291,0,0.9739435122241902,model::electra_base,ELECTRA,42
17999,1,0.0003331021871417,0,0.9739435122241902,model::electra_base,ELECTRA,42
2645,1,0.0003077269648201,0,0.9739435122241902,model::electra_base,ELECTRA,42
2234,1,0.0002744999655988,0,0.9739435122241902,model::electra_base,ELECTRA,42
11688,1,0.000265883776592,0,0.9739435122241902,model::electra_base,ELECTRA,42
10725,0,0.0005750741111114,0,0.9739435122241902,model::electra_base,ELECTRA,42
6916,0,0.0003332498599775,0,0.9739435122241902,model::electra_base,ELECTRA,42
9011,1,0.0003653798776213,0,0.9739435122241902,model::electra_base,ELECTRA,42
18464,0,0.0003047765640076,0,0.9739435122241902,model::electra_base,ELECTRA,42
19953,0,0.0004858513711951,0,0.9739435122241902,model::electra_base,ELECTRA,42
8233,0,0.0002410821762168,0,0.9739435122241902,model::electra_base,ELECTRA,42
3981,0,0.0002847445430234,0,0.9739435122241902,model::electra_base,ELECTRA,42
9752,1,0.0007034157752059,0,0.9739435122241902,model::electra_base,ELECTRA,42
4575,0,0.0002910890616476,0,0.9739435122241902,model::electra_base,ELECTRA,42
14558,0,0.0004832165141124,0,0.9739435122241902,model::electra_base,ELECTRA,42
11928,0,0.0007307619671337,0,0.9739435122241902,model::electra_base,ELECTRA,42
4444,0,0.0002754074812401,0,0.9739435122241902,model::electra_base,ELECTRA,42
18467,1,0.0004202852142043,0,0.9739435122241902,model::electra_base,ELECTRA,42
7606,0,0.0003381035057827,0,0.9739435122241902,model::electra_base,ELECTRA,42
18410,1,0.0004638375248759,0,0.9739435122241902,model::electra_base,ELECTRA,42
17983,1,0.0004029810952488,0,0.9739435122241902,model::electra_base,ELECTRA,42
15930,1,0.0003063520125579,0,0.9739435122241902,model::electra_base,ELECTRA,42
7429,0,0.0003840026038233,0,0.9739435122241902,model::electra_base,ELECTRA,42
7104,0,0.000301966414554,0,0.9739435122241902,model::electra_base,ELECTRA,42
18949,1,0.0002525922027416,0,0.9739435122241902,model::electra_base,ELECTRA,42
10732,1,0.0002385819534538,0,0.9739435122241902,model::electra_base,ELECTRA,42
10381,1,0.0002872377808671,0,0.9739435122241902,model::electra_base,ELECTRA,42
17604,0,0.0004918259219266,0,0.9739435122241902,model::electra_base,ELECTRA,42
16909,1,0.0003815231320913,0,0.9739435122241902,model::electra_base,ELECTRA,42
18975,1,0.0003232213493902,0,0.9739435122241902,model::electra_base,ELECTRA,42
7951,1,0.0003649781283456,0,0.9739435122241902,model::electra_base,ELECTRA,42
10647,0,0.0041146613657474,0,0.9739435122241902,model::electra_base,ELECTRA,42
11217,0,0.001587338396348,0,0.9739435122241902,model::electra_base,ELECTRA,42
4794,0,0.0003029486106242,0,0.9739435122241902,model::electra_base,ELECTRA,42
17644,1,0.000265881215455,0,0.9739435122241902,model::electra_base,ELECTRA,42
10081,1,0.0004196070949546,0,0.9739435122241902,model::electra_base,ELECTRA,42
16527,0,0.0006054660188965,0,0.9739435122241902,model::electra_base,ELECTRA,42
18750,1,0.0002297151368111,0,0.9739435122241902,model::electra_base,ELECTRA,42
15382,1,0.0004744046018458,0,0.9739435122241902,model::electra_base,ELECTRA,42
4640,1,0.0003955772554036,0,0.9739435122241902,model::electra_base,ELECTRA,42
4407,0,0.0002276876475661,0,0.9739435122241902,model::electra_base,ELECTRA,42
19782,0,0.000237664731685,0,0.9739435122241902,model::electra_base,ELECTRA,42
14288,1,0.0002428363659419,0,0.9739435122241902,model::electra_base,ELECTRA,42
1967,0,0.0005581390578299,0,0.9739435122241902,model::electra_base,ELECTRA,42
9658,0,0.0003163581714034,0,0.9739435122241902,model::electra_base,ELECTRA,42
4808,0,0.000847145973239,0,0.9739435122241902,model::electra_base,ELECTRA,42
5494,0,0.0012239774223417,0,0.9739435122241902,model::electra_base,ELECTRA,42
20622,0,0.0002388872089795,0,0.9739435122241902,model::electra_base,ELECTRA,42
7209,0,0.0002948148467112,0,0.9739435122241902,model::electra_base,ELECTRA,42
10074,1,0.0002740799391176,0,0.9739435122241902,model::electra_base,ELECTRA,42
8835,0,0.000244803057285,0,0.9739435122241902,model::electra_base,ELECTRA,42
8186,0,0.0005294274888001,0,0.9739435122241902,model::electra_base,ELECTRA,42
6294,1,0.0002634871634654,0,0.9739435122241902,model::electra_base,ELECTRA,42
5954,1,0.0002498296962585,0,0.9739435122241902,model::electra_base,ELECTRA,42
20302,0,0.0005128148477524,0,0.9739435122241902,model::electra_base,ELECTRA,42
10236,1,0.0003795536758843,0,0.9739435122241902,model::electra_base,ELECTRA,42
11945,0,0.0005718446918763,0,0.9739435122241902,model::electra_base,ELECTRA,42
12336,0,0.0003561534394975,0,0.9739435122241902,model::electra_base,ELECTRA,42
9515,1,0.0002764120872598,0,0.9739435122241902,model::electra_base,ELECTRA,42
8018,0,0.0002894209173973,0,0.9739435122241902,model::electra_base,ELECTRA,42
12779,0,0.0004737097769975,0,0.9739435122241902,model::electra_base,ELECTRA,42
17947,0,0.0002864714479073,0,0.9739435122241902,model::electra_base,ELECTRA,42
18792,1,0.0003739701060112,0,0.9739435122241902,model::electra_base,ELECTRA,42
18321,1,0.0002856249338947,0,0.9739435122241902,model::electra_base,ELECTRA,42
10611,1,0.0002807292039506,0,0.9739435122241902,model::electra_base,ELECTRA,42
16529,0,0.0003247700806241,0,0.9739435122241902,model::electra_base,ELECTRA,42
20670,0,0.0002256208244943,0,0.9739435122241902,model::electra_base,ELECTRA,42
2198,1,0.0003091269172728,0,0.9739435122241902,model::electra_base,ELECTRA,42
14419,1,0.0003469273215159,0,0.9739435122241902,model::electra_base,ELECTRA,42
17089,0,0.0002367916604271,0,0.9739435122241902,model::electra_base,ELECTRA,42
5803,1,0.0011195228435099,0,0.9739435122241902,model::electra_base,ELECTRA,42
11159,1,0.0004447874380275,0,0.9739435122241902,model::electra_base,ELECTRA,42
4982,1,0.0003562291967682,0,0.9739435122241902,model::electra_base,ELECTRA,42
18079,0,0.0002119932614732,0,0.9739435122241902,model::electra_base,ELECTRA,42
3152,1,0.0003626801481004,0,0.9739435122241902,model::electra_base,ELECTRA,42
2813,0,0.0010029571130871,0,0.9739435122241902,model::electra_base,ELECTRA,42
2818,1,0.0002897135855164,0,0.9739435122241902,model::electra_base,ELECTRA,42
9507,1,0.0003689572040457,0,0.9739435122241902,model::electra_base,ELECTRA,42
5872,1,0.0003979967732448,0,0.9739435122241902,model::electra_base,ELECTRA,42
4366,1,0.0002501753042452,0,0.9739435122241902,model::electra_base,ELECTRA,42
2432,1,0.0003652033046819,0,0.9739435122241902,model::electra_base,ELECTRA,42
6574,1,0.0003696736821439,0,0.9739435122241902,model::electra_base,ELECTRA,42
13861,0,0.0016926900716498,0,0.9739435122241902,model::electra_base,ELECTRA,42
18835,0,0.0003223095845896,0,0.9739435122241902,model::electra_base,ELECTRA,42
1627,1,0.0002496746601536,0,0.9739435122241902,model::electra_base,ELECTRA,42
5263,1,0.0004338046710472,0,0.9739435122241902,model::electra_base,ELECTRA,42
14743,1,0.0003183247172273,0,0.9739435122241902,model::electra_base,ELECTRA,42
7814,0,0.0002664212661329,0,0.9739435122241902,model::electra_base,ELECTRA,42
14849,1,0.0002424650592729,0,0.9739435122241902,model::electra_base,ELECTRA,42
8244,0,0.0007928617415018,0,0.9739435122241902,model::electra_base,ELECTRA,42
12521,1,0.0002953229413833,0,0.9739435122241902,model::electra_base,ELECTRA,42
19236,1,0.0004101392696611,0,0.9739435122241902,model::electra_base,ELECTRA,42
559,0,0.000223452138016,0,0.9739435122241902,model::electra_base,ELECTRA,42
9711,1,0.0003447011404205,0,0.9739435122241902,model::electra_base,ELECTRA,42
14318,0,0.0007575099589303,0,0.9739435122241902,model::electra_base,ELECTRA,42
9456,1,0.0006749089807271,0,0.9739435122241902,model::electra_base,ELECTRA,42
221,0,0.0002342452353332,0,0.9739435122241902,model::electra_base,ELECTRA,42
5404,0,0.00032396329334,0,0.9739435122241902,model::electra_base,ELECTRA,42
12978,0,0.0002674183051567,0,0.9739435122241902,model::electra_base,ELECTRA,42
13785,0,0.0002324861270608,0,0.9739435122241902,model::electra_base,ELECTRA,42
7045,0,0.0010000927140936,0,0.9739435122241902,model::electra_base,ELECTRA,42
11761,1,0.0003126080846413,0,0.9739435122241902,model::electra_base,ELECTRA,42
10347,0,0.0003408518387004,0,0.9739435122241902,model::electra_base,ELECTRA,42
16541,1,0.0003550137626007,0,0.9739435122241902,model::electra_base,ELECTRA,42
12217,1,0.0002861253160517,0,0.9739435122241902,model::electra_base,ELECTRA,42
3789,0,0.000277296610875,0,0.9739435122241902,model::electra_base,ELECTRA,42
8363,1,0.0003159184707328,0,0.9739435122241902,model::electra_base,ELECTRA,42
17717,0,0.0004715504182968,0,0.9739435122241902,model::electra_base,ELECTRA,42
14020,0,0.0003556878946255,0,0.9739435122241902,model::electra_base,ELECTRA,42
7490,1,0.0002792703162413,0,0.9739435122241902,model::electra_base,ELECTRA,42
13316,1,0.0002808968129102,0,0.9739435122241902,model::electra_base,ELECTRA,42
227,0,0.0003123602073173,0,0.9739435122241902,model::electra_base,ELECTRA,42
17201,1,0.0003443734894972,0,0.9739435122241902,model::electra_base,ELECTRA,42
6356,0,0.0002432024630252,0,0.9739435122241902,model::electra_base,ELECTRA,42
1016,0,0.0003419464628677,0,0.9739435122241902,model::electra_base,ELECTRA,42
10615,0,0.0002561539004091,0,0.9739435122241902,model::electra_base,ELECTRA,42
6432,1,0.0003538595337886,0,0.9739435122241902,model::electra_base,ELECTRA,42
556,1,0.0002971094509121,0,0.9739435122241902,model::electra_base,ELECTRA,42
16230,0,0.0004961079685017,0,0.9739435122241902,model::electra_base,ELECTRA,42
6959,0,0.0004962511011399,0,0.9739435122241902,model::electra_base,ELECTRA,42
12216,1,0.0003642624360509,0,0.9739435122241902,model::electra_base,ELECTRA,42
12314,1,0.0002594821271486,0,0.9739435122241902,model::electra_base,ELECTRA,42
4822,0,0.0003225754480808,0,0.9739435122241902,model::electra_base,ELECTRA,42
3986,1,0.0002612805110402,0,0.9739435122241902,model::electra_base,ELECTRA,42
10498,1,0.000300896790577,0,0.9739435122241902,model::electra_base,ELECTRA,42
11207,1,0.0004283619055058,0,0.9739435122241902,model::electra_base,ELECTRA,42
8885,1,0.000268374569714,0,0.9739435122241902,model::electra_base,ELECTRA,42
11347,1,0.0003477017744444,0,0.9739435122241902,model::electra_base,ELECTRA,42
16177,0,0.0002677665615919,0,0.9739435122241902,model::electra_base,ELECTRA,42
6396,0,0.0002325165114598,0,0.9739435122241902,model::electra_base,ELECTRA,42
14011,1,0.0004002217319793,0,0.9739435122241902,model::electra_base,ELECTRA,42
8713,0,0.0003248889988753,0,0.9739435122241902,model::electra_base,ELECTRA,42
6917,0,0.0002140987344319,0,0.9739435122241902,model::electra_base,ELECTRA,42
20398,0,0.0003863892634399,0,0.9739435122241902,model::electra_base,ELECTRA,42
19976,0,0.0003551322442945,0,0.9739435122241902,model::electra_base,ELECTRA,42
19008,1,0.0004984771949239,0,0.9739435122241902,model::electra_base,ELECTRA,42
16593,1,0.0002684771898202,0,0.9739435122241902,model::electra_base,ELECTRA,42
11248,0,0.0003087598888669,0,0.9739435122241902,model::electra_base,ELECTRA,42
20722,1,0.0003292098117526,0,0.9739435122241902,model::electra_base,ELECTRA,42
1924,1,0.0002923941356129,0,0.9739435122241902,model::electra_base,ELECTRA,42
9501,0,0.0002179555012844,0,0.9739435122241902,model::electra_base,ELECTRA,42
14798,1,0.0002364947431487,0,0.9739435122241902,model::electra_base,ELECTRA,42
16378,0,0.0002586008922662,0,0.9739435122241902,model::electra_base,ELECTRA,42
9953,0,0.0003223243402317,0,0.9739435122241902,model::electra_base,ELECTRA,42
2778,0,0.0002469781902618,0,0.9739435122241902,model::electra_base,ELECTRA,42
7289,1,0.0004027400573249,0,0.9739435122241902,model::electra_base,ELECTRA,42
4511,1,0.0002701232442632,0,0.9739435122241902,model::electra_base,ELECTRA,42
14006,0,0.0002167535130865,0,0.9739435122241902,model::electra_base,ELECTRA,42
10111,0,0.0004145762941334,0,0.9739435122241902,model::electra_base,ELECTRA,42
2281,0,0.0004564155533444,0,0.9739435122241902,model::electra_base,ELECTRA,42
12607,1,0.0003371874045114,0,0.9739435122241902,model::electra_base,ELECTRA,42
18157,0,0.0005252978298813,0,0.9739435122241902,model::electra_base,ELECTRA,42
17548,1,0.0004050867573823,0,0.9739435122241902,model::electra_base,ELECTRA,42
15779,1,0.0002697595627978,0,0.9739435122241902,model::electra_base,ELECTRA,42
20594,0,0.0003336173249408,0,0.9739435122241902,model::electra_base,ELECTRA,42
15437,0,0.0005028838058933,0,0.9739435122241902,model::electra_base,ELECTRA,42
11322,1,0.0002588367206044,0,0.9739435122241902,model::electra_base,ELECTRA,42
18605,1,0.0004122167010791,0,0.9739435122241902,model::electra_base,ELECTRA,42
21053,1,0.0003580442280508,0,0.9739435122241902,model::electra_base,ELECTRA,42
5662,1,0.0002923344727605,0,0.9739435122241902,model::electra_base,ELECTRA,42
11892,0,0.0303498227149248,0,0.9739435122241902,model::electra_base,ELECTRA,42
5775,1,0.0002687799569685,0,0.9739435122241902,model::electra_base,ELECTRA,42
14139,1,0.0002474960347171,0,0.9739435122241902,model::electra_base,ELECTRA,42
19692,1,0.0005540208076126,0,0.9739435122241902,model::electra_base,ELECTRA,42
4473,0,0.0007295099203474,0,0.9739435122241902,model::electra_base,ELECTRA,42
20647,1,0.0002415492490399,0,0.9739435122241902,model::electra_base,ELECTRA,42
19921,1,0.000399803451728,0,0.9739435122241902,model::electra_base,ELECTRA,42
16487,0,0.000346080341842,0,0.9739435122241902,model::electra_base,ELECTRA,42
670,1,0.000273931043921,0,0.9739435122241902,model::electra_base,ELECTRA,42
16860,0,0.0004092084418516,0,0.9739435122241902,model::electra_base,ELECTRA,42
6128,1,0.0003646296681836,0,0.9739435122241902,model::electra_base,ELECTRA,42
12790,0,0.0002930762420874,0,0.9739435122241902,model::electra_base,ELECTRA,42
4849,0,0.000382184254704,0,0.9739435122241902,model::electra_base,ELECTRA,42
18421,0,0.0006033524987287,0,0.9739435122241902,model::electra_base,ELECTRA,42
1477,0,0.0003689388977363,0,0.9739435122241902,model::electra_base,ELECTRA,42
1422,0,0.0003124406212009,0,0.9739435122241902,model::electra_base,ELECTRA,42
11260,0,0.0006748015293851,0,0.9739435122241902,model::electra_base,ELECTRA,42
17332,0,0.0003334914217703,0,0.9739435122241902,model::electra_base,ELECTRA,42
3713,0,0.000226089003263,0,0.9739435122241902,model::electra_base,ELECTRA,42
4360,0,0.0004737635317724,0,0.9739435122241902,model::electra_base,ELECTRA,42
14527,0,0.0002809300203807,0,0.9739435122241902,model::electra_base,ELECTRA,42
8526,1,0.0003081141912844,0,0.9739435122241902,model::electra_base,ELECTRA,42
3101,0,0.0004022318462375,0,0.9739435122241902,model::electra_base,ELECTRA,42
8673,1,0.0003539080789778,0,0.9739435122241902,model::electra_base,ELECTRA,42
20321,0,0.0002990986395161,0,0.9739435122241902,model::electra_base,ELECTRA,42
2411,0,0.0003454711695667,0,0.9739435122241902,model::electra_base,ELECTRA,42
15912,1,0.0004841265908908,0,0.9739435122241902,model::electra_base,ELECTRA,42
16662,1,0.0004088424902874,0,0.9739435122241902,model::electra_base,ELECTRA,42
12940,0,0.0081818299368023,0,0.9739435122241902,model::electra_base,ELECTRA,42
8926,1,0.0003084650961682,0,0.9739435122241902,model::electra_base,ELECTRA,42
20423,0,0.0002916168305091,0,0.9739435122241902,model::electra_base,ELECTRA,42
6242,1,0.0004270845092833,0,0.9739435122241902,model::electra_base,ELECTRA,42
5924,0,0.00022861258185,0,0.9739435122241902,model::electra_base,ELECTRA,42
14214,0,0.0002354503376409,0,0.9739435122241902,model::electra_base,ELECTRA,42
15557,1,0.0003198701306246,0,0.9739435122241902,model::electra_base,ELECTRA,42
2667,0,0.0002971655339933,0,0.9739435122241902,model::electra_base,ELECTRA,42
14287,0,0.0003134887956548,0,0.9739435122241902,model::electra_base,ELECTRA,42
7373,0,0.0002672521513886,0,0.9739435122241902,model::electra_base,ELECTRA,42
8547,1,0.0004265626776032,0,0.9739435122241902,model::electra_base,ELECTRA,42
3638,1,0.0003313746128696,0,0.9739435122241902,model::electra_base,ELECTRA,42
6776,0,0.0002629669033922,0,0.9739435122241902,model::electra_base,ELECTRA,42
17287,1,0.0002835925261024,0,0.9739435122241902,model::electra_base,ELECTRA,42
2915,0,0.0002293973229825,0,0.9739435122241902,model::electra_base,ELECTRA,42
18262,1,0.0003141140623483,0,0.9739435122241902,model::electra_base,ELECTRA,42
16617,1,0.0003236659686081,0,0.9739435122241902,model::electra_base,ELECTRA,42
11524,1,0.0003538078744895,0,0.9739435122241902,model::electra_base,ELECTRA,42
11482,1,0.0003404004673939,0,0.9739435122241902,model::electra_base,ELECTRA,42
7515,1,0.0003955212887376,0,0.9739435122241902,model::electra_base,ELECTRA,42
16592,1,0.00028035370633,0,0.9739435122241902,model::electra_base,ELECTRA,42
1011,1,0.0003127076488453,0,0.9739435122241902,model::electra_base,ELECTRA,42
18744,0,0.0002259670000057,0,0.9739435122241902,model::electra_base,ELECTRA,42
9419,0,0.0002909947070293,0,0.9739435122241902,model::electra_base,ELECTRA,42
19969,0,0.0009992335690185,0,0.9739435122241902,model::electra_base,ELECTRA,42
11031,1,0.0003416697727516,0,0.9739435122241902,model::electra_base,ELECTRA,42
1336,1,0.0005289873806759,0,0.9739435122241902,model::electra_base,ELECTRA,42
2976,1,0.0002912506170105,0,0.9739435122241902,model::electra_base,ELECTRA,42
9188,1,0.0005103916628286,0,0.9739435122241902,model::electra_base,ELECTRA,42
4049,1,0.0002972527872771,0,0.9739435122241902,model::electra_base,ELECTRA,42
19567,0,0.0002926108427345,0,0.9739435122241902,model::electra_base,ELECTRA,42
14807,1,0.0002225039497716,0,0.9739435122241902,model::electra_base,ELECTRA,42
1257,1,0.0002635072742123,0,0.9739435122241902,model::electra_base,ELECTRA,42
20326,0,0.0002428349835099,0,0.9739435122241902,model::electra_base,ELECTRA,42
11605,0,0.0003511235117912,0,0.9739435122241902,model::electra_base,ELECTRA,42
3365,0,0.0002286119415657,0,0.9739435122241902,model::electra_base,ELECTRA,42
11378,0,0.0002651703834999,0,0.9739435122241902,model::electra_base,ELECTRA,42
11665,1,0.0002860325912479,0,0.9739435122241902,model::electra_base,ELECTRA,42
5858,0,0.0004185842990409,0,0.9739435122241902,model::electra_base,ELECTRA,42
10405,1,0.0002697565651033,0,0.9739435122241902,model::electra_base,ELECTRA,42
8205,1,0.0002484405704308,0,0.9739435122241902,model::electra_base,ELECTRA,42
14304,1,0.0003200745268259,0,0.9739435122241902,model::electra_base,ELECTRA,42
1405,1,0.0003864498867187,0,0.9739435122241902,model::electra_base,ELECTRA,42
4561,0,0.0005200354498811,0,0.9739435122241902,model::electra_base,ELECTRA,42
15932,0,0.00024128590303,0,0.9739435122241902,model::electra_base,ELECTRA,42
18624,1,0.0003945417702198,0,0.9739435122241902,model::electra_base,ELECTRA,42
265,1,0.0002345093671465,0,0.9739435122241902,model::electra_base,ELECTRA,42
19066,0,0.0002921349951066,0,0.9739435122241902,model::electra_base,ELECTRA,42
11126,0,0.0010794989066198,0,0.9739435122241902,model::electra_base,ELECTRA,42
11701,1,0.0002308652474312,0,0.9739435122241902,model::electra_base,ELECTRA,42
5097,1,0.0003821499703917,0,0.9739435122241902,model::electra_base,ELECTRA,42
19427,1,0.0004831487603951,0,0.9739435122241902,model::electra_base,ELECTRA,42
7818,1,0.0003318497911095,0,0.9739435122241902,model::electra_base,ELECTRA,42
1595,1,0.000373599876184,0,0.9739435122241902,model::electra_base,ELECTRA,42
15046,0,0.0003188513801433,0,0.9739435122241902,model::electra_base,ELECTRA,42
18178,1,0.0002684823120944,0,0.9739435122241902,model::electra_base,ELECTRA,42
8753,0,0.0006845685420557,0,0.9739435122241902,model::electra_base,ELECTRA,42
12835,1,0.0003799651167355,0,0.9739435122241902,model::electra_base,ELECTRA,42
15736,0,0.0003067846118938,0,0.9739435122241902,model::electra_base,ELECTRA,42
18109,1,0.0002723840880207,0,0.9739435122241902,model::electra_base,ELECTRA,42
13159,0,0.000243106711423,0,0.9739435122241902,model::electra_base,ELECTRA,42
7253,0,0.0002636643184814,0,0.9739435122241902,model::electra_base,ELECTRA,42
7729,0,0.0047536841593682,0,0.9739435122241902,model::electra_base,ELECTRA,42
19005,0,0.0002468642487656,0,0.9739435122241902,model::electra_base,ELECTRA,42
2460,0,0.0003234105824958,0,0.9739435122241902,model::electra_base,ELECTRA,42
18090,0,0.0003463269094936,0,0.9739435122241902,model::electra_base,ELECTRA,42
2077,0,0.0003054904809687,0,0.9739435122241902,model::electra_base,ELECTRA,42
4663,1,0.0002468409365974,0,0.9739435122241902,model::electra_base,ELECTRA,42
16139,0,0.0003579215263016,0,0.9739435122241902,model::electra_base,ELECTRA,42
10338,0,0.0005486894515343,0,0.9739435122241902,model::electra_base,ELECTRA,42
14067,1,0.0002991753572132,0,0.9739435122241902,model::electra_base,ELECTRA,42
1836,0,0.0004703536687884,0,0.9739435122241902,model::electra_base,ELECTRA,42
2134,0,0.0003088200173806,0,0.9739435122241902,model::electra_base,ELECTRA,42
17561,0,0.0002682236663531,0,0.9739435122241902,model::electra_base,ELECTRA,42
10345,0,0.0006075297133065,0,0.9739435122241902,model::electra_base,ELECTRA,42
3795,0,0.0002635514829307,0,0.9739435122241902,model::electra_base,ELECTRA,42
12517,1,0.0002430620079394,0,0.9739435122241902,model::electra_base,ELECTRA,42
16677,0,0.0003640209906734,0,0.9739435122241902,model::electra_base,ELECTRA,42
15460,0,0.0005304678343236,0,0.9739435122241902,model::electra_base,ELECTRA,42
13065,1,0.0002835952327586,0,0.9739435122241902,model::electra_base,ELECTRA,42
1321,1,0.0003743146371562,0,0.9739435122241902,model::electra_base,ELECTRA,42
20250,1,0.0002622123283799,0,0.9739435122241902,model::electra_base,ELECTRA,42
11640,1,0.0008542067953385,0,0.9739435122241902,model::electra_base,ELECTRA,42
6580,1,0.0002586179471109,0,0.9739435122241902,model::electra_base,ELECTRA,42
6313,0,0.0003071705868933,0,0.9739435122241902,model::electra_base,ELECTRA,42
11111,1,0.0006006565527059,0,0.9739435122241902,model::electra_base,ELECTRA,42
2475,0,0.0002552761870902,0,0.9739435122241902,model::electra_base,ELECTRA,42
10652,0,0.0002944048028439,0,0.9739435122241902,model::electra_base,ELECTRA,42
13222,1,0.0003386619209777,0,0.9739435122241902,model::electra_base,ELECTRA,42
5277,1,0.0004089116700924,0,0.9739435122241902,model::electra_base,ELECTRA,42
21013,1,0.0003168918774463,0,0.9739435122241902,model::electra_base,ELECTRA,42
9,0,0.0008653557742945,0,0.9739435122241902,model::electra_base,ELECTRA,42
20707,0,0.0003733686171472,0,0.9739435122241902,model::electra_base,ELECTRA,42
10325,1,0.0002760252391453,0,0.9739435122241902,model::electra_base,ELECTRA,42
10768,0,0.0003849320928566,0,0.9739435122241902,model::electra_base,ELECTRA,42
2987,0,0.0008115287637338,0,0.9739435122241902,model::electra_base,ELECTRA,42
11122,1,0.0002862536057364,0,0.9739435122241902,model::electra_base,ELECTRA,42
15045,0,0.0002429155865684,0,0.9739435122241902,model::electra_base,ELECTRA,42
14538,0,0.0004756287089549,0,0.9739435122241902,model::electra_base,ELECTRA,42
413,0,0.0002451800683047,0,0.9739435122241902,model::electra_base,ELECTRA,42
1205,0,0.0002717802126426,0,0.9739435122241902,model::electra_base,ELECTRA,42
16379,0,0.000444726407295,0,0.9739435122241902,model::electra_base,ELECTRA,42
12654,0,0.0002131469227606,0,0.9739435122241902,model::electra_base,ELECTRA,42
2629,0,0.0003078199515584,0,0.9739435122241902,model::electra_base,ELECTRA,42
4403,1,0.0003366557939443,0,0.9739435122241902,model::electra_base,ELECTRA,42
19138,1,0.0003259158402215,0,0.9739435122241902,model::electra_base,ELECTRA,42
628,0,0.0002437935472698,0,0.9739435122241902,model::electra_base,ELECTRA,42
20890,1,0.0003241075319238,0,0.9739435122241902,model::electra_base,ELECTRA,42
20004,1,0.0002784092212095,0,0.9739435122241902,model::electra_base,ELECTRA,42
9947,0,0.0005280609475448,0,0.9739435122241902,model::electra_base,ELECTRA,42
16144,0,0.0003112876438535,0,0.9739435122241902,model::electra_base,ELECTRA,42
17524,1,0.0003287428116891,0,0.9739435122241902,model::electra_base,ELECTRA,42
10217,0,0.0002761465730145,0,0.9739435122241902,model::electra_base,ELECTRA,42
10363,0,0.0008289823308587,0,0.9739435122241902,model::electra_base,ELECTRA,42
16001,1,0.0003392221988178,0,0.9739435122241902,model::electra_base,ELECTRA,42
3976,0,0.0003666026459541,0,0.9739435122241902,model::electra_base,ELECTRA,42
1978,0,0.000255169608863,0,0.9739435122241902,model::electra_base,ELECTRA,42
3445,0,0.0003132145502604,0,0.9739435122241902,model::electra_base,ELECTRA,42
20953,0,0.000242369598709,0,0.9739435122241902,model::electra_base,ELECTRA,42
17904,0,0.0004358562873676,0,0.9739435122241902,model::electra_base,ELECTRA,42
6409,0,0.0002637309371493,0,0.9739435122241902,model::electra_base,ELECTRA,42
6020,0,0.0006348925526253,0,0.9739435122241902,model::electra_base,ELECTRA,42
19041,1,0.0004006588715128,0,0.9739435122241902,model::electra_base,ELECTRA,42
2889,1,0.0002881219843402,0,0.9739435122241902,model::electra_base,ELECTRA,42
6607,0,0.0002985764003824,0,0.9739435122241902,model::electra_base,ELECTRA,42
19231,1,0.001125592389144,0,0.9739435122241902,model::electra_base,ELECTRA,42
14736,0,0.0002501108974684,0,0.9739435122241902,model::electra_base,ELECTRA,42
18719,1,0.0002315651654498,0,0.9739435122241902,model::electra_base,ELECTRA,42
19248,1,0.0002572317316662,0,0.9739435122241902,model::electra_base,ELECTRA,42
10087,1,0.0003357397799845,0,0.9739435122241902,model::electra_base,ELECTRA,42
7423,1,0.0002369823050685,0,0.9739435122241902,model::electra_base,ELECTRA,42
5009,1,0.0002831894380506,0,0.9739435122241902,model::electra_base,ELECTRA,42
18142,0,0.00023926787253,0,0.9739435122241902,model::electra_base,ELECTRA,42
12644,0,0.0002938562538474,0,0.9739435122241902,model::electra_base,ELECTRA,42
18889,1,0.0005236371653154,0,0.9739435122241902,model::electra_base,ELECTRA,42
9810,1,0.0003428636991884,0,0.9739435122241902,model::electra_base,ELECTRA,42
17310,0,0.0002541599969845,0,0.9739435122241902,model::electra_base,ELECTRA,42
5329,1,0.0002477503439877,0,0.9739435122241902,model::electra_base,ELECTRA,42
15990,0,0.0002347066765651,0,0.9739435122241902,model::electra_base,ELECTRA,42
18161,0,0.0002866042195819,0,0.9739435122241902,model::electra_base,ELECTRA,42
20800,0,0.0005407283315435,0,0.9739435122241902,model::electra_base,ELECTRA,42
4388,0,0.0004561110690701,0,0.9739435122241902,model::electra_base,ELECTRA,42
12997,0,0.0004120208323001,0,0.9739435122241902,model::electra_base,ELECTRA,42
15529,1,0.0003802176797762,0,0.9739435122241902,model::electra_base,ELECTRA,42
4515,0,0.0010314809624105,0,0.9739435122241902,model::electra_base,ELECTRA,42
8682,1,0.0003284818667452,0,0.9739435122241902,model::electra_base,ELECTRA,42
1964,1,0.0002827909484039,0,0.9739435122241902,model::electra_base,ELECTRA,42
4004,1,0.000347997614881,0,0.9739435122241902,model::electra_base,ELECTRA,42
16870,0,0.0002701593039091,0,0.9739435122241902,model::electra_base,ELECTRA,42
9469,1,0.0002866875729523,0,0.9739435122241902,model::electra_base,ELECTRA,42
16215,1,0.0003747419978026,0,0.9739435122241902,model::electra_base,ELECTRA,42
2736,0,0.0003603302175179,0,0.9739435122241902,model::electra_base,ELECTRA,42
5536,0,0.0002811180893331,0,0.9739435122241902,model::electra_base,ELECTRA,42
12685,0,0.0002516263921279,0,0.9739435122241902,model::electra_base,ELECTRA,42
2266,0,0.0002543416048865,0,0.9739435122241902,model::electra_base,ELECTRA,42
13911,1,0.000675510324072,0,0.9739435122241902,model::electra_base,ELECTRA,42
6424,1,0.0003283059049863,0,0.9739435122241902,model::electra_base,ELECTRA,42
9668,0,0.0004855629813391,0,0.9739435122241902,model::electra_base,ELECTRA,42
5980,1,0.0002450071333441,0,0.9739435122241902,model::electra_base,ELECTRA,42
13606,0,0.0003651641891337,0,0.9739435122241902,model::electra_base,ELECTRA,42
9254,0,0.0002905132132582,0,0.9739435122241902,model::electra_base,ELECTRA,42
14812,1,0.0004553673206828,0,0.9739435122241902,model::electra_base,ELECTRA,42
2368,0,0.0003329510509502,0,0.9739435122241902,model::electra_base,ELECTRA,42
1894,1,0.0002915557124651,0,0.9739435122241902,model::electra_base,ELECTRA,42
14639,1,0.0003001681470777,0,0.9739435122241902,model::electra_base,ELECTRA,42
2984,0,0.0008387906709685,0,0.9739435122241902,model::electra_base,ELECTRA,42
11783,0,0.0007206477457657,0,0.9739435122241902,model::electra_base,ELECTRA,42
12490,1,0.0003064007905777,0,0.9739435122241902,model::electra_base,ELECTRA,42
14023,1,0.0002342220250284,0,0.9739435122241902,model::electra_base,ELECTRA,42
2269,1,0.0002637961006257,0,0.9739435122241902,model::electra_base,ELECTRA,42
8015,0,0.0003282864636275,0,0.9739435122241902,model::electra_base,ELECTRA,42
18677,0,0.0002363622043048,0,0.9739435122241902,model::electra_base,ELECTRA,42
5578,1,0.0006278827204369,0,0.9739435122241902,model::electra_base,ELECTRA,42
4643,1,0.0004560932575259,0,0.9739435122241902,model::electra_base,ELECTRA,42
19156,1,0.0003406738105695,0,0.9739435122241902,model::electra_base,ELECTRA,42
3206,0,0.000971655244939,0,0.9739435122241902,model::electra_base,ELECTRA,42
15428,1,0.0003130458935629,0,0.9739435122241902,model::electra_base,ELECTRA,42
16131,0,0.0002365840482525,0,0.9739435122241902,model::electra_base,ELECTRA,42
1989,0,0.0002345062239328,0,0.9739435122241902,model::electra_base,ELECTRA,42
7293,1,0.0002704154758248,0,0.9739435122241902,model::electra_base,ELECTRA,42
18244,1,0.0002932271454483,0,0.9739435122241902,model::electra_base,ELECTRA,42
14079,1,0.0004251035279594,0,0.9739435122241902,model::electra_base,ELECTRA,42
7188,0,0.0011318146716803,0,0.9739435122241902,model::electra_base,ELECTRA,42
20049,1,0.0002455668000038,0,0.9739435122241902,model::electra_base,ELECTRA,42
16956,1,0.0003612416912801,0,0.9739435122241902,model::electra_base,ELECTRA,42
9372,1,0.0003081923350691,0,0.9739435122241902,model::electra_base,ELECTRA,42
14968,1,0.0002395296760369,0,0.9739435122241902,model::electra_base,ELECTRA,42
11974,0,0.0002166642370866,0,0.9739435122241902,model::electra_base,ELECTRA,42
11821,1,0.0002882753324229,0,0.9739435122241902,model::electra_base,ELECTRA,42
6134,1,0.0003443059395067,0,0.9739435122241902,model::electra_base,ELECTRA,42
375,1,0.0003036778944078,0,0.9739435122241902,model::electra_base,ELECTRA,42
18947,1,0.0002688001841306,0,0.9739435122241902,model::electra_base,ELECTRA,42
19941,1,0.0002837775391526,0,0.9739435122241902,model::electra_base,ELECTRA,42
7048,0,0.0005192494718357,0,0.9739435122241902,model::electra_base,ELECTRA,42
4931,0,0.0002542448928579,0,0.9739435122241902,model::electra_base,ELECTRA,42
19979,0,0.00025142278173,0,0.9739435122241902,model::electra_base,ELECTRA,42
16265,0,0.0002339568600291,0,0.9739435122241902,model::electra_base,ELECTRA,42
4125,0,0.000276316946838,0,0.9739435122241902,model::electra_base,ELECTRA,42
3608,1,0.0002699492324609,0,0.9739435122241902,model::electra_base,ELECTRA,42
3270,0,0.0003980586188845,0,0.9739435122241902,model::electra_base,ELECTRA,42
9878,0,0.000631877919659,0,0.9739435122241902,model::electra_base,ELECTRA,42
13799,0,0.0002956700045615,0,0.9739435122241902,model::electra_base,ELECTRA,42
2917,1,0.0002713162393774,0,0.9739435122241902,model::electra_base,ELECTRA,42
4199,0,0.0002468755410518,0,0.9739435122241902,model::electra_base,ELECTRA,42
8159,1,0.000406349892728,0,0.9739435122241902,model::electra_base,ELECTRA,42
10995,1,0.0002623793261591,0,0.9739435122241902,model::electra_base,ELECTRA,42
20100,1,0.0002510374179109,0,0.9739435122241902,model::electra_base,ELECTRA,42
3459,1,0.0002673976414371,0,0.9739435122241902,model::electra_base,ELECTRA,42
10628,1,0.0003135255537927,0,0.9739435122241902,model::electra_base,ELECTRA,42
7777,0,0.0002186884375987,0,0.9739435122241902,model::electra_base,ELECTRA,42
16485,0,0.0003238345088902,0,0.9739435122241902,model::electra_base,ELECTRA,42
2338,1,0.0002569719217717,0,0.9739435122241902,model::electra_base,ELECTRA,42
239,0,0.0002110260393237,0,0.9739435122241902,model::electra_base,ELECTRA,42
9970,1,0.000313681026455,0,0.9739435122241902,model::electra_base,ELECTRA,42
13792,1,0.0003033849934581,0,0.9739435122241902,model::electra_base,ELECTRA,42
20033,0,0.0002553891390562,0,0.9739435122241902,model::electra_base,ELECTRA,42
19476,0,0.0002901144034694,0,0.9739435122241902,model::electra_base,ELECTRA,42
8937,1,0.0004124110855627,0,0.9739435122241902,model::electra_base,ELECTRA,42
7496,1,0.0003503793268464,0,0.9739435122241902,model::electra_base,ELECTRA,42
16479,0,0.0002629965019878,0,0.9739435122241902,model::electra_base,ELECTRA,42
3878,1,0.0004198991518933,0,0.9739435122241902,model::electra_base,ELECTRA,42
8152,0,0.0010264188749715,0,0.9739435122241902,model::electra_base,ELECTRA,42
4784,1,0.0002969650086015,0,0.9739435122241902,model::electra_base,ELECTRA,42
11310,1,0.0002680850739125,0,0.9739435122241902,model::electra_base,ELECTRA,42
3739,0,0.0007057868642732,0,0.9739435122241902,model::electra_base,ELECTRA,42
3404,0,0.0004441311757545,0,0.9739435122241902,model::electra_base,ELECTRA,42
7311,1,0.0002818958892021,0,0.9739435122241902,model::electra_base,ELECTRA,42
7672,1,0.0002827251737471,0,0.9739435122241902,model::electra_base,ELECTRA,42
13190,0,0.0005831781309098,0,0.9739435122241902,model::electra_base,ELECTRA,42
5887,0,0.0002611704112496,0,0.9739435122241902,model::electra_base,ELECTRA,42
4656,0,0.0003119846223853,0,0.9739435122241902,model::electra_base,ELECTRA,42
1535,1,0.0002608321956358,0,0.9739435122241902,model::electra_base,ELECTRA,42
6036,0,0.0002784638782031,0,0.9739435122241902,model::electra_base,ELECTRA,42
8774,1,0.0002745491510722,0,0.9739435122241902,model::electra_base,ELECTRA,42
7379,0,0.0002531568752601,0,0.9739435122241902,model::electra_base,ELECTRA,42
17063,1,0.0002687330415938,0,0.9739435122241902,model::electra_base,ELECTRA,42
9635,0,0.0004135929630137,0,0.9739435122241902,model::electra_base,ELECTRA,42
5991,1,0.00030582328327,0,0.9739435122241902,model::electra_base,ELECTRA,42
10222,1,0.0003752537595573,0,0.9739435122241902,model::electra_base,ELECTRA,42
242,0,0.0002362380473641,0,0.9739435122241902,model::electra_base,ELECTRA,42
1440,0,0.0005398749490268,0,0.9739435122241902,model::electra_base,ELECTRA,42
17866,1,0.0003366840246599,0,0.9739435122241902,model::electra_base,ELECTRA,42
6262,1,0.0003634341410361,0,0.9739435122241902,model::electra_base,ELECTRA,42
525,0,0.0002709982509259,0,0.9739435122241902,model::electra_base,ELECTRA,42
6760,1,0.0004049702838528,0,0.9739435122241902,model::electra_base,ELECTRA,42
10757,0,0.0005775362951681,0,0.9739435122241902,model::electra_base,ELECTRA,42
3745,1,0.0003253750619478,0,0.9739435122241902,model::electra_base,ELECTRA,42
13302,1,0.0003135728184133,0,0.9739435122241902,model::electra_base,ELECTRA,42
2359,1,0.0002620768500491,0,0.9739435122241902,model::electra_base,ELECTRA,42
2230,0,0.0003066509671043,0,0.9739435122241902,model::electra_base,ELECTRA,42
8897,1,0.0004357962752692,0,0.9739435122241902,model::electra_base,ELECTRA,42
11327,0,0.9962486624717712,1,0.9739435122241902,model::electra_base,ELECTRA,42
14905,0,0.0002443022385705,0,0.9739435122241902,model::electra_base,ELECTRA,42
3485,0,0.0002398386568529,0,0.9739435122241902,model::electra_base,ELECTRA,42
1823,0,0.0003429794160183,0,0.9739435122241902,model::electra_base,ELECTRA,42
151,0,0.0003612730361055,0,0.9739435122241902,model::electra_base,ELECTRA,42
8191,0,0.0002262772322865,0,0.9739435122241902,model::electra_base,ELECTRA,42
17469,0,0.0002913339412771,0,0.9739435122241902,model::electra_base,ELECTRA,42
3680,1,0.000299040460959,0,0.9739435122241902,model::electra_base,ELECTRA,42
6676,1,0.0003954454732593,0,0.9739435122241902,model::electra_base,ELECTRA,42
8994,0,0.0003889242070727,0,0.9739435122241902,model::electra_base,ELECTRA,42
12011,1,0.0004517003835644,0,0.9739435122241902,model::electra_base,ELECTRA,42
12375,1,0.0002575296093709,0,0.9739435122241902,model::electra_base,ELECTRA,42
18281,1,0.0003413090307731,0,0.9739435122241902,model::electra_base,ELECTRA,42
2644,1,0.0003379617119207,0,0.9739435122241902,model::electra_base,ELECTRA,42
13136,1,0.0012079857988283,0,0.9739435122241902,model::electra_base,ELECTRA,42
1455,1,0.0002975040115416,0,0.9739435122241902,model::electra_base,ELECTRA,42
12137,0,0.0006188986008055,0,0.9739435122241902,model::electra_base,ELECTRA,42
17338,0,0.0002920483821071,0,0.9739435122241902,model::electra_base,ELECTRA,42
16904,1,0.0003500152379274,0,0.9739435122241902,model::electra_base,ELECTRA,42
2775,1,0.0003563656064216,0,0.9739435122241902,model::electra_base,ELECTRA,42
19643,0,0.0002762252988759,0,0.9739435122241902,model::electra_base,ELECTRA,42
9795,1,0.0002274940779898,0,0.9739435122241902,model::electra_base,ELECTRA,42
11340,0,0.0003152292047161,0,0.9739435122241902,model::electra_base,ELECTRA,42
5544,0,0.0002937848621513,0,0.9739435122241902,model::electra_base,ELECTRA,42
11826,0,0.0003463559551164,0,0.9739435122241902,model::electra_base,ELECTRA,42
10637,1,0.000296653190162,0,0.9739435122241902,model::electra_base,ELECTRA,42
13922,0,0.0002849435841199,0,0.9739435122241902,model::electra_base,ELECTRA,42
20767,0,0.0003667442069854,0,0.9739435122241902,model::electra_base,ELECTRA,42
6729,1,0.0002794053289107,0,0.9739435122241902,model::electra_base,ELECTRA,42
18053,1,0.0005869313026778,0,0.9739435122241902,model::electra_base,ELECTRA,42
7363,1,0.000252256199019,0,0.9739435122241902,model::electra_base,ELECTRA,42
17615,0,0.0004352067771833,0,0.9739435122241902,model::electra_base,ELECTRA,42
7070,0,0.0004780575400218,0,0.9739435122241902,model::electra_base,ELECTRA,42
3221,1,0.0002324036759091,0,0.9739435122241902,model::electra_base,ELECTRA,42
20612,1,0.0002998772833961,0,0.9739435122241902,model::electra_base,ELECTRA,42
13292,0,0.0003701094829011,0,0.9739435122241902,model::electra_base,ELECTRA,42
11406,1,0.0002539609267842,0,0.9739435122241902,model::electra_base,ELECTRA,42
8781,1,0.0003774372744373,0,0.9739435122241902,model::electra_base,ELECTRA,42
2577,1,0.0003024839097633,0,0.9739435122241902,model::electra_base,ELECTRA,42
18682,0,0.0002826952259056,0,0.9739435122241902,model::electra_base,ELECTRA,42
17753,0,0.0002788337005767,0,0.9739435122241902,model::electra_base,ELECTRA,42
15451,0,0.0002417049836367,0,0.9739435122241902,model::electra_base,ELECTRA,42
15590,1,0.0002784997341223,0,0.9739435122241902,model::electra_base,ELECTRA,42
3707,1,0.0002398205833742,0,0.9739435122241902,model::electra_base,ELECTRA,42
11516,0,0.0003911645035259,0,0.9739435122241902,model::electra_base,ELECTRA,42
7453,1,0.0003246673149988,0,0.9739435122241902,model::electra_base,ELECTRA,42
7190,1,0.0008646123460493,0,0.9739435122241902,model::electra_base,ELECTRA,42
5207,1,0.00078086333815,0,0.9739435122241902,model::electra_base,ELECTRA,42
19706,0,0.0004874859587289,0,0.9739435122241902,model::electra_base,ELECTRA,42
8327,0,0.000220313319005,0,0.9739435122241902,model::electra_base,ELECTRA,42
19780,0,0.0003015095717273,0,0.9739435122241902,model::electra_base,ELECTRA,42
10129,0,0.0002460089745,0,0.9739435122241902,model::electra_base,ELECTRA,42
18764,0,0.0004491037107072,0,0.9739435122241902,model::electra_base,ELECTRA,42
15732,1,0.0003810395428445,0,0.9739435122241902,model::electra_base,ELECTRA,42
8398,1,0.0003072798717767,0,0.9739435122241902,model::electra_base,ELECTRA,42
19062,1,0.0002601509913802,0,0.9739435122241902,model::electra_base,ELECTRA,42
17138,0,0.0004923841333948,0,0.9739435122241902,model::electra_base,ELECTRA,42
17158,1,0.0002582574670668,0,0.9739435122241902,model::electra_base,ELECTRA,42
17888,0,0.0002719860349316,0,0.9739435122241902,model::electra_base,ELECTRA,42
3309,1,0.0003116513835266,0,0.9739435122241902,model::electra_base,ELECTRA,42
19842,0,0.0008656625868752,0,0.9739435122241902,model::electra_base,ELECTRA,42
17826,0,0.0002376058109803,0,0.9739435122241902,model::electra_base,ELECTRA,42
6246,0,0.0002915807126555,0,0.9739435122241902,model::electra_base,ELECTRA,42
5116,0,0.0003825954336207,0,0.9739435122241902,model::electra_base,ELECTRA,42
16300,0,0.0002155753900296,0,0.9739435122241902,model::electra_base,ELECTRA,42
10259,1,0.0003251901944167,0,0.9739435122241902,model::electra_base,ELECTRA,42
2526,0,0.0003258642973378,0,0.9739435122241902,model::electra_base,ELECTRA,42
20569,1,0.0003484225017018,0,0.9739435122241902,model::electra_base,ELECTRA,42
2697,1,0.0005367235280573,0,0.9739435122241902,model::electra_base,ELECTRA,42
18743,0,0.0002468927123118,0,0.9739435122241902,model::electra_base,ELECTRA,42
2507,1,0.0003274157352279,0,0.9739435122241902,model::electra_base,ELECTRA,42
8194,0,0.0003588946419768,0,0.9739435122241902,model::electra_base,ELECTRA,42
4381,1,0.000440384959802,0,0.9739435122241902,model::electra_base,ELECTRA,42
7795,1,0.0004878887557424,0,0.9739435122241902,model::electra_base,ELECTRA,42
10061,0,0.0002181879535783,0,0.9739435122241902,model::electra_base,ELECTRA,42
4693,0,0.0002291092532686,0,0.9739435122241902,model::electra_base,ELECTRA,42
3826,0,0.0044923578388988,0,0.9739435122241902,model::electra_base,ELECTRA,42
10152,0,0.0005727357347495,0,0.9739435122241902,model::electra_base,ELECTRA,42
16583,1,0.0002503557188902,0,0.9739435122241902,model::electra_base,ELECTRA,42
18831,1,0.0002661622711457,0,0.9739435122241902,model::electra_base,ELECTRA,42
10597,0,0.0002193431137129,0,0.9739435122241902,model::electra_base,ELECTRA,42
20401,1,0.0003398215048946,0,0.9739435122241902,model::electra_base,ELECTRA,42
13777,1,0.0004308651841711,0,0.9739435122241902,model::electra_base,ELECTRA,42
13654,1,0.000335935561452,0,0.9739435122241902,model::electra_base,ELECTRA,42
8000,1,0.0002623778709676,0,0.9739435122241902,model::electra_base,ELECTRA,42
18174,1,0.0003542452759575,0,0.9739435122241902,model::electra_base,ELECTRA,42
19937,1,0.0002693438145797,0,0.9739435122241902,model::electra_base,ELECTRA,42
10938,0,0.0002190091472584,0,0.9739435122241902,model::electra_base,ELECTRA,42
2177,1,0.0002621053426992,0,0.9739435122241902,model::electra_base,ELECTRA,42
3002,0,0.0002879550447687,0,0.9739435122241902,model::electra_base,ELECTRA,42
15913,0,0.0002209642261732,0,0.9739435122241902,model::electra_base,ELECTRA,42
12837,1,0.0005847036954946,0,0.9739435122241902,model::electra_base,ELECTRA,42
18327,1,0.0002491522172931,0,0.9739435122241902,model::electra_base,ELECTRA,42
9442,0,0.0006256975466385,0,0.9739435122241902,model::electra_base,ELECTRA,42
124,0,0.0002628390793688,0,0.9739435122241902,model::electra_base,ELECTRA,42
20857,0,0.0004026257083751,0,0.9739435122241902,model::electra_base,ELECTRA,42
10349,1,0.0002948688343167,0,0.9739435122241902,model::electra_base,ELECTRA,42
610,0,0.0004314992402214,0,0.9739435122241902,model::electra_base,ELECTRA,42
4769,0,0.0002663633204065,0,0.9739435122241902,model::electra_base,ELECTRA,42
13141,1,0.0002972715301439,0,0.9739435122241902,model::electra_base,ELECTRA,42
10987,1,0.0004589013406075,0,0.9739435122241902,model::electra_base,ELECTRA,42
19307,0,0.000335816264851,0,0.9739435122241902,model::electra_base,ELECTRA,42
3091,0,0.0002806708798743,0,0.9739435122241902,model::electra_base,ELECTRA,42
5725,0,0.0002999910793732,0,0.9739435122241902,model::electra_base,ELECTRA,42
14337,1,0.0002742687065619,0,0.9739435122241902,model::electra_base,ELECTRA,42
5596,0,0.0007415069267153,0,0.9739435122241902,model::electra_base,ELECTRA,42
3771,1,0.0002698856405913,0,0.9739435122241902,model::electra_base,ELECTRA,42
9317,0,0.0002856455976143,0,0.9739435122241902,model::electra_base,ELECTRA,42
15823,1,0.0003497810685075,0,0.9739435122241902,model::electra_base,ELECTRA,42
3948,0,0.0006564792129211,0,0.9739435122241902,model::electra_base,ELECTRA,42
6310,1,0.0003128003736492,0,0.9739435122241902,model::electra_base,ELECTRA,42
6088,0,0.0002774251333903,0,0.9739435122241902,model::electra_base,ELECTRA,42
6962,0,0.0003892925742547,0,0.9739435122241902,model::electra_base,ELECTRA,42
19675,1,0.0003851053188554,0,0.9739435122241902,model::electra_base,ELECTRA,42
1569,1,0.0002607213100418,0,0.9739435122241902,model::electra_base,ELECTRA,42
12189,0,0.000236297288211,0,0.9739435122241902,model::electra_base,ELECTRA,42
17551,1,0.0002688591484911,0,0.9739435122241902,model::electra_base,ELECTRA,42
9669,1,0.0003767604939639,0,0.9739435122241902,model::electra_base,ELECTRA,42
16953,1,0.0003068439546041,0,0.9739435122241902,model::electra_base,ELECTRA,42
11277,1,0.000409580359701,0,0.9739435122241902,model::electra_base,ELECTRA,42
3740,0,0.0013089933199808,0,0.9739435122241902,model::electra_base,ELECTRA,42
4848,0,0.0002580551372375,0,0.9739435122241902,model::electra_base,ELECTRA,42
9860,0,0.0002823009563144,0,0.9739435122241902,model::electra_base,ELECTRA,42
4686,0,0.0002420793025521,0,0.9739435122241902,model::electra_base,ELECTRA,42
10203,1,0.0002597677521407,0,0.9739435122241902,model::electra_base,ELECTRA,42
10607,0,0.0010315256658941,0,0.9739435122241902,model::electra_base,ELECTRA,42
7476,1,0.0003095592546742,0,0.9739435122241902,model::electra_base,ELECTRA,42
2478,1,0.000629462476354,0,0.9739435122241902,model::electra_base,ELECTRA,42
5047,0,0.0003308402374386,0,0.9739435122241902,model::electra_base,ELECTRA,42
13934,0,0.0003384033625479,0,0.9739435122241902,model::electra_base,ELECTRA,42
13460,0,0.0008661341271363,0,0.9739435122241902,model::electra_base,ELECTRA,42
8026,1,0.0002439628296997,0,0.9739435122241902,model::electra_base,ELECTRA,42
6166,0,0.000338770711096,0,0.9739435122241902,model::electra_base,ELECTRA,42
14031,0,0.0005345565150491,0,0.9739435122241902,model::electra_base,ELECTRA,42
2565,1,0.0003362070710863,0,0.9739435122241902,model::electra_base,ELECTRA,42
12486,1,0.0004846663214266,0,0.9739435122241902,model::electra_base,ELECTRA,42
4621,0,0.0004886716487817,0,0.9739435122241902,model::electra_base,ELECTRA,42
870,1,0.0002650960523169,0,0.9739435122241902,model::electra_base,ELECTRA,42
1840,1,0.0002436838549328,0,0.9739435122241902,model::electra_base,ELECTRA,42
2839,0,0.0003925479832105,0,0.9739435122241902,model::electra_base,ELECTRA,42
7767,0,0.00070563016925,0,0.9739435122241902,model::electra_base,ELECTRA,42
14793,0,0.0002954935771413,0,0.9739435122241902,model::electra_base,ELECTRA,42
5370,1,0.0002736877650022,0,0.9739435122241902,model::electra_base,ELECTRA,42
13179,0,0.0002857742074411,0,0.9739435122241902,model::electra_base,ELECTRA,42
13151,1,0.0003919039154425,0,0.9739435122241902,model::electra_base,ELECTRA,42
18916,0,0.0002995726244989,0,0.9739435122241902,model::electra_base,ELECTRA,42
18199,0,0.0002587859344203,0,0.9739435122241902,model::electra_base,ELECTRA,42
10364,0,0.0005366120603866,0,0.9739435122241902,model::electra_base,ELECTRA,42
393,0,0.0003339276008773,0,0.9739435122241902,model::electra_base,ELECTRA,42
9570,0,0.0004768255457747,0,0.9739435122241902,model::electra_base,ELECTRA,42
229,1,0.0002869005838874,0,0.9739435122241902,model::electra_base,ELECTRA,42
12846,1,0.0003481542225927,0,0.9739435122241902,model::electra_base,ELECTRA,42
14257,0,0.0002623908512759,0,0.9739435122241902,model::electra_base,ELECTRA,42
2316,1,0.0004170329775661,0,0.9739435122241902,model::electra_base,ELECTRA,42
8820,1,0.0002911778865382,0,0.9739435122241902,model::electra_base,ELECTRA,42
1716,0,0.0002446775033604,0,0.9739435122241902,model::electra_base,ELECTRA,42
15157,0,0.0002576873230282,0,0.9739435122241902,model::electra_base,ELECTRA,42
3297,1,0.000246246723691,0,0.9739435122241902,model::electra_base,ELECTRA,42
2229,0,0.0011412703897804,0,0.9739435122241902,model::electra_base,ELECTRA,42
18563,1,0.0003054660046473,0,0.9739435122241902,model::electra_base,ELECTRA,42
6354,1,0.0002842430258169,0,0.9739435122241902,model::electra_base,ELECTRA,42
19632,0,0.0002326608955627,0,0.9739435122241902,model::electra_base,ELECTRA,42
3157,0,0.0074450317770242,0,0.9739435122241902,model::electra_base,ELECTRA,42
8808,1,0.000418976356741,0,0.9739435122241902,model::electra_base,ELECTRA,42
15058,0,0.0002424063568469,0,0.9739435122241902,model::electra_base,ELECTRA,42
6171,0,0.0002317261823918,0,0.9739435122241902,model::electra_base,ELECTRA,42
9116,0,0.0004287921183276,0,0.9739435122241902,model::electra_base,ELECTRA,42
8213,1,0.0003815006348304,0,0.9739435122241902,model::electra_base,ELECTRA,42
8860,1,0.0003510846581775,0,0.9739435122241902,model::electra_base,ELECTRA,42
1673,1,0.0002808914287015,0,0.9739435122241902,model::electra_base,ELECTRA,42
5464,1,0.0002950083289761,0,0.9739435122241902,model::electra_base,ELECTRA,42
9624,0,0.0002640779421199,0,0.9739435122241902,model::electra_base,ELECTRA,42
5868,0,0.0002923361607827,0,0.9739435122241902,model::electra_base,ELECTRA,42
4242,0,0.0002563740417826,0,0.9739435122241902,model::electra_base,ELECTRA,42
12906,0,0.0003018141724169,0,0.9739435122241902,model::electra_base,ELECTRA,42
10084,0,0.0003621423384174,0,0.9739435122241902,model::electra_base,ELECTRA,42
3000,0,0.0002255562867503,0,0.9739435122241902,model::electra_base,ELECTRA,42
14235,0,0.0002902070700656,0,0.9739435122241902,model::electra_base,ELECTRA,42
20644,0,0.0002787733683362,0,0.9739435122241902,model::electra_base,ELECTRA,42
4578,1,0.0004439615877345,0,0.9739435122241902,model::electra_base,ELECTRA,42
19505,0,0.0002331440773559,0,0.9739435122241902,model::electra_base,ELECTRA,42
3260,1,0.0002912317577283,0,0.9739435122241902,model::electra_base,ELECTRA,42
10054,0,0.0005445351707749,0,0.9739435122241902,model::electra_base,ELECTRA,42
19294,1,0.0002948339679278,0,0.9739435122241902,model::electra_base,ELECTRA,42
2766,1,0.0011341305216774,0,0.9739435122241902,model::electra_base,ELECTRA,42
6407,0,0.0002481153351254,0,0.9739435122241902,model::electra_base,ELECTRA,42
13693,1,0.0002394367329543,0,0.9739435122241902,model::electra_base,ELECTRA,42
6757,0,0.000421078846557,0,0.9739435122241902,model::electra_base,ELECTRA,42
14999,1,0.000282645371044,0,0.9739435122241902,model::electra_base,ELECTRA,42
20137,0,0.0002171589585486,0,0.9739435122241902,model::electra_base,ELECTRA,42
17303,0,0.000636457465589,0,0.9739435122241902,model::electra_base,ELECTRA,42
15307,1,0.0004501975490711,0,0.9739435122241902,model::electra_base,ELECTRA,42
13326,1,0.0002889676834456,0,0.9739435122241902,model::electra_base,ELECTRA,42
4557,1,0.0003067172947339,0,0.9739435122241902,model::electra_base,ELECTRA,42
6699,1,0.0002676568110473,0,0.9739435122241902,model::electra_base,ELECTRA,42
9280,0,0.000534956168849,0,0.9739435122241902,model::electra_base,ELECTRA,42
209,0,0.0002562117879278,0,0.9739435122241902,model::electra_base,ELECTRA,42
11350,1,0.0002579415158834,0,0.9739435122241902,model::electra_base,ELECTRA,42
1969,1,0.0003080005117226,0,0.9739435122241902,model::electra_base,ELECTRA,42
20058,1,0.0002409468288533,0,0.9739435122241902,model::electra_base,ELECTRA,42
20625,1,0.0007540704100392,0,0.9739435122241902,model::electra_base,ELECTRA,42
8212,0,0.0012427546316757,0,0.9739435122241902,model::electra_base,ELECTRA,42
5525,0,0.0003642239316832,0,0.9739435122241902,model::electra_base,ELECTRA,42
11018,1,0.0003510948445182,0,0.9739435122241902,model::electra_base,ELECTRA,42
11943,1,0.0002789786376524,0,0.9739435122241902,model::electra_base,ELECTRA,42
6611,1,0.0003469076764304,0,0.9739435122241902,model::electra_base,ELECTRA,42
5821,0,0.0002476145164109,0,0.9739435122241902,model::electra_base,ELECTRA,42
8492,0,0.0009883864549919,0,0.9739435122241902,model::electra_base,ELECTRA,42
9461,1,0.0002667740336619,0,0.9739435122241902,model::electra_base,ELECTRA,42
338,1,0.0003390023775864,0,0.9739435122241902,model::electra_base,ELECTRA,42
6973,0,0.0005129370838403,0,0.9739435122241902,model::electra_base,ELECTRA,42
20872,1,0.0002998183481395,0,0.9739435122241902,model::electra_base,ELECTRA,42
12986,1,0.0002765710523817,0,0.9739435122241902,model::electra_base,ELECTRA,42
13669,0,0.0004215702647343,0,0.9739435122241902,model::electra_base,ELECTRA,42
10890,0,0.0002790890575852,0,0.9739435122241902,model::electra_base,ELECTRA,42
9089,0,0.0003327749145682,0,0.9739435122241902,model::electra_base,ELECTRA,42
2840,1,0.0002635137934703,0,0.9739435122241902,model::electra_base,ELECTRA,42
10318,0,0.0005498695536516,0,0.9739435122241902,model::electra_base,ELECTRA,42
16787,1,0.0004118947836104,0,0.9739435122241902,model::electra_base,ELECTRA,42
4404,1,0.0006958569283597,0,0.9739435122241902,model::electra_base,ELECTRA,42
15737,0,0.00030922179576,0,0.9739435122241902,model::electra_base,ELECTRA,42
3736,1,0.000270438962616,0,0.9739435122241902,model::electra_base,ELECTRA,42
1264,1,0.0003805259184446,0,0.9739435122241902,model::electra_base,ELECTRA,42
13451,0,0.0002416404604446,0,0.9739435122241902,model::electra_base,ELECTRA,42
1855,0,0.0002712365821935,0,0.9739435122241902,model::electra_base,ELECTRA,42
1945,0,0.0003127577656414,0,0.9739435122241902,model::electra_base,ELECTRA,42
12976,0,0.0002444993297103,0,0.9739435122241902,model::electra_base,ELECTRA,42
12920,1,0.0003487378708086,0,0.9739435122241902,model::electra_base,ELECTRA,42
6410,1,0.00023140515259,0,0.9739435122241902,model::electra_base,ELECTRA,42
6746,1,0.0004750584776047,0,0.9739435122241902,model::electra_base,ELECTRA,42
8067,1,0.0005679424502886,0,0.9739435122241902,model::electra_base,ELECTRA,42
4846,1,0.0003357474633958,0,0.9739435122241902,model::electra_base,ELECTRA,42
4533,1,0.0003296457289252,0,0.9739435122241902,model::electra_base,ELECTRA,42
11794,1,0.0003332311462145,0,0.9739435122241902,model::electra_base,ELECTRA,42
17267,0,0.0005899575771763,0,0.9739435122241902,model::electra_base,ELECTRA,42
18522,0,0.0003025058540515,0,0.9739435122241902,model::electra_base,ELECTRA,42
2937,1,0.0003245799744036,0,0.9739435122241902,model::electra_base,ELECTRA,42
7387,1,0.000261953973677,0,0.9739435122241902,model::electra_base,ELECTRA,42
16334,1,0.000316300895065,0,0.9739435122241902,model::electra_base,ELECTRA,42
4259,1,0.0002735526359174,0,0.9739435122241902,model::electra_base,ELECTRA,42
