sample_id,y_true,y_prob_machine_generated,y_pred,threshold,system_key,system,seed
10379,1,1.3286227158459951e-06,0,0.8807628123443481,model::distilbert_sentiment_profile,DistilBERT + Sentiment Profile,42
1092,1,1.5009906064733514e-06,0,0.8807628123443481,model::distilbert_sentiment_profile,DistilBERT + Sentiment Profile,42
8924,0,2.067129116767319e-06,0,0.8807628123443481,model::distilbert_sentiment_profile,DistilBERT + Sentiment Profile,42
1291,0,1.3105091056786478e-06,0,0.8807628123443481,model::distilbert_sentiment_profile,DistilBERT + Sentiment Profile,42
13927,1,1.8270977761858376e-06,0,0.8807628123443481,model::distilbert_sentiment_profile,DistilBERT + Sentiment Profile,42
8035,0,3.640256409198628e-06,0,0.8807628123443481,model::distilbert_sentiment_profile,DistilBERT + Sentiment Profile,42
1632,1,1.299504788221384e-06,0,0.8807628123443481,model::distilbert_sentiment_profile,DistilBERT + Sentiment Profile,42
17416,1,1.5404883697556215e-06,0,0.8807628123443481,model::distilbert_sentiment_profile,DistilBERT + Sentiment Profile,42
14654,1,1.827644950935792e-06,0,0.8807628123443481,model::distilbert_sentiment_profile,DistilBERT + Sentiment Profile,42
5189,1,1.426021299266722e-06,0,0.8807628123443481,model::distilbert_sentiment_profile,DistilBERT + Sentiment Profile,42
3026,1,1.1468332559161354e-06,0,0.8807628123443481,model::distilbert_sentiment_profile,DistilBERT + Sentiment Profile,42
1353,1,1.803469103833777e-06,0,0.8807628123443481,model::distilbert_sentiment_profile,DistilBERT + Sentiment Profile,42
13373,0,1.2698474165517837e-06,0,0.8807628123443481,model::distilbert_sentiment_profile,DistilBERT + Sentiment Profile,42
20409,1,1.386518533763592e-06,0,0.8807628123443481,model::distilbert_sentiment_profile,DistilBERT + Sentiment Profile,42
19701,0,2.109399474647944e-06,0,0.8807628123443481,model::distilbert_sentiment_profile,DistilBERT + Sentiment Profile,42
15296,0,2.64905020230799e-06,0,0.8807628123443481,model::distilbert_sentiment_profile,DistilBERT + Sentiment Profile,42
18991,0,2.498352159818751e-06,0,0.8807628123443481,model::distilbert_sentiment_profile,DistilBERT + Sentiment Profile,42
512,1,1.0443789051350905e-06,0,0.8807628123443481,model::distilbert_sentiment_profile,DistilBERT + Sentiment Profile,42
18295,0,1.5210201809168211e-06,0,0.8807628123443481,model::distilbert_sentiment_profile,DistilBERT + Sentiment Profile,42
18450,1,1.4241159078665078e-06,0,0.8807628123443481,model::distilbert_sentiment_profile,DistilBERT + Sentiment Profile,42
15675,1,1.1931821291000233e-06,0,0.8807628123443481,model::distilbert_sentiment_profile,DistilBERT + Sentiment Profile,42
20025,0,2.008280034715426e-06,0,0.8807628123443481,model::distilbert_sentiment_profile,DistilBERT + Sentiment Profile,42
7229,0,1.5352920854638796e-06,0,0.8807628123443481,model::distilbert_sentiment_profile,DistilBERT + Sentiment Profile,42
10752,1,1.4256446547733503e-06,0,0.8807628123443481,model::distilbert_sentiment_profile,DistilBERT + Sentiment Profile,42
20566,0,4.949972208123654e-06,0,0.8807628123443481,model::distilbert_sentiment_profile,DistilBERT + Sentiment Profile,42
18854,0,4.336204256105702e-06,0,0.8807628123443481,model::distilbert_sentiment_profile,DistilBERT + Sentiment Profile,42
9483,1,9.598103360985988e-07,0,0.8807628123443481,model::distilbert_sentiment_profile,DistilBERT + Sentiment Profile,42
5666,0,1.7516016441732063e-06,0,0.8807628123443481,model::distilbert_sentiment_profile,DistilBERT + Sentiment Profile,42
7486,1,1.379667537548812e-06,0,0.8807628123443481,model::distilbert_sentiment_profile,DistilBERT + Sentiment Profile,42
16331,1,1.4190807178238174e-06,0,0.8807628123443481,model::distilbert_sentiment_profile,DistilBERT + Sentiment Profile,42
2999,1,1.9740339212148683e-06,0,0.8807628123443481,model::distilbert_sentiment_profile,DistilBERT + Sentiment Profile,42
3958,1,1.6266795910269138e-06,0,0.8807628123443481,model::distilbert_sentiment_profile,DistilBERT + Sentiment Profile,42
13982,0,2.04220850719139e-06,0,0.8807628123443481,model::distilbert_sentiment_profile,DistilBERT + Sentiment Profile,42
17720,1,1.3468583119902178e-06,0,0.8807628123443481,model::distilbert_sentiment_profile,DistilBERT + Sentiment Profile,42
18694,1,9.98152358988591e-07,0,0.8807628123443481,model::distilbert_sentiment_profile,DistilBERT + Sentiment Profile,42
4466,0,2.297390892636031e-06,0,0.8807628123443481,model::distilbert_sentiment_profile,DistilBERT + Sentiment Profile,42
19676,1,1.0019003866545972e-06,0,0.8807628123443481,model::distilbert_sentiment_profile,DistilBERT + Sentiment Profile,42
20003,1,1.1583947525650728e-06,0,0.8807628123443481,model::distilbert_sentiment_profile,DistilBERT + Sentiment Profile,42
8936,1,1.244940904143732e-06,0,0.8807628123443481,model::distilbert_sentiment_profile,DistilBERT + Sentiment Profile,42
12592,0,1.817043653318251e-06,0,0.8807628123443481,model::distilbert_sentiment_profile,DistilBERT + Sentiment Profile,42
2861,0,1.3309448831932968e-06,0,0.8807628123443481,model::distilbert_sentiment_profile,DistilBERT + Sentiment Profile,42
16760,0,1.6225984609263833e-06,0,0.8807628123443481,model::distilbert_sentiment_profile,DistilBERT + Sentiment Profile,42
4976,1,2.1772223135485547e-06,0,0.8807628123443481,model::distilbert_sentiment_profile,DistilBERT + Sentiment Profile,42
11506,0,9.60123429649684e-07,0,0.8807628123443481,model::distilbert_sentiment_profile,DistilBERT + Sentiment Profile,42
4974,1,2.1381308670243016e-06,0,0.8807628123443481,model::distilbert_sentiment_profile,DistilBERT + Sentiment Profile,42
12865,1,1.1853869636979653e-06,0,0.8807628123443481,model::distilbert_sentiment_profile,DistilBERT + Sentiment Profile,42
10717,1,9.768554036782009e-07,0,0.8807628123443481,model::distilbert_sentiment_profile,DistilBERT + Sentiment Profile,42
8625,1,1.1842853382404428e-06,0,0.8807628123443481,model::distilbert_sentiment_profile,DistilBERT + Sentiment Profile,42
15748,0,1.2074219739588443e-06,0,0.8807628123443481,model::distilbert_sentiment_profile,DistilBERT + Sentiment Profile,42
3681,0,1.0668946970326942e-06,0,0.8807628123443481,model::distilbert_sentiment_profile,DistilBERT + Sentiment Profile,42
1600,0,6.942538220755523e-06,0,0.8807628123443481,model::distilbert_sentiment_profile,DistilBERT + Sentiment Profile,42
11251,1,9.386382657794456e-07,0,0.8807628123443481,model::distilbert_sentiment_profile,DistilBERT + Sentiment Profile,42
11286,1,1.1795849559348426e-06,0,0.8807628123443481,model::distilbert_sentiment_profile,DistilBERT + Sentiment Profile,42
2808,0,3.649074642453343e-06,0,0.8807628123443481,model::distilbert_sentiment_profile,DistilBERT + Sentiment Profile,42
159,0,1.0516179145270144e-06,0,0.8807628123443481,model::distilbert_sentiment_profile,DistilBERT + Sentiment Profile,42
12797,0,1.0133807109014017e-06,0,0.8807628123443481,model::distilbert_sentiment_profile,DistilBERT + Sentiment Profile,42
3074,0,2.2734900539944647e-06,0,0.8807628123443481,model::distilbert_sentiment_profile,DistilBERT + Sentiment Profile,42
14840,0,2.7694641175912693e-06,0,0.8807628123443481,model::distilbert_sentiment_profile,DistilBERT + Sentiment Profile,42
12328,0,9.32082798499323e-07,0,0.8807628123443481,model::distilbert_sentiment_profile,DistilBERT + Sentiment Profile,42
95,1,1.3997445194036118e-06,0,0.8807628123443481,model::distilbert_sentiment_profile,DistilBERT + Sentiment Profile,42
1308,0,4.133439233555691e-06,0,0.8807628123443481,model::distilbert_sentiment_profile,DistilBERT + Sentiment Profile,42
3386,1,1.0273384987158352e-06,0,0.8807628123443481,model::distilbert_sentiment_profile,DistilBERT + Sentiment Profile,42
15472,0,1.3385581496550003e-06,0,0.8807628123443481,model::distilbert_sentiment_profile,DistilBERT + Sentiment Profile,42
16039,0,1.3705285937248846e-06,0,0.8807628123443481,model::distilbert_sentiment_profile,DistilBERT + Sentiment Profile,42
15903,1,1.176436967398331e-06,0,0.8807628123443481,model::distilbert_sentiment_profile,DistilBERT + Sentiment Profile,42
13242,1,8.204934260902519e-07,0,0.8807628123443481,model::distilbert_sentiment_profile,DistilBERT + Sentiment Profile,42
5334,1,1.2556027968457784e-06,0,0.8807628123443481,model::distilbert_sentiment_profile,DistilBERT + Sentiment Profile,42
20678,1,1.6353932323909248e-06,0,0.8807628123443481,model::distilbert_sentiment_profile,DistilBERT + Sentiment Profile,42
7102,0,1.7207594282808714e-06,0,0.8807628123443481,model::distilbert_sentiment_profile,DistilBERT + Sentiment Profile,42
17456,1,1.1751923238989548e-06,0,0.8807628123443481,model::distilbert_sentiment_profile,DistilBERT + Sentiment Profile,42
17207,1,1.5168599247772363e-06,0,0.8807628123443481,model::distilbert_sentiment_profile,DistilBERT + Sentiment Profile,42
20060,0,1.3317752518560155e-06,0,0.8807628123443481,model::distilbert_sentiment_profile,DistilBERT + Sentiment Profile,42
8328,1,1.3902007367505576e-06,0,0.8807628123443481,model::distilbert_sentiment_profile,DistilBERT + Sentiment Profile,42
5697,1,1.1232859833398834e-06,0,0.8807628123443481,model::distilbert_sentiment_profile,DistilBERT + Sentiment Profile,42
3917,1,1.1433212421252392e-06,0,0.8807628123443481,model::distilbert_sentiment_profile,DistilBERT + Sentiment Profile,42
7890,0,1.5711145806562854e-06,0,0.8807628123443481,model::distilbert_sentiment_profile,DistilBERT + Sentiment Profile,42
20874,0,8.505890036758501e-07,0,0.8807628123443481,model::distilbert_sentiment_profile,DistilBERT + Sentiment Profile,42
9228,0,3.9846327126724645e-06,0,0.8807628123443481,model::distilbert_sentiment_profile,DistilBERT + Sentiment Profile,42
7626,1,1.4165373158903094e-06,0,0.8807628123443481,model::distilbert_sentiment_profile,DistilBERT + Sentiment Profile,42
17701,1,1.0478327112650732e-06,0,0.8807628123443481,model::distilbert_sentiment_profile,DistilBERT + Sentiment Profile,42
2326,1,1.4510357004837715e-06,0,0.8807628123443481,model::distilbert_sentiment_profile,DistilBERT + Sentiment Profile,42
10548,1,1.3537089671444846e-06,0,0.8807628123443481,model::distilbert_sentiment_profile,DistilBERT + Sentiment Profile,42
5550,0,7.127775916160317e-07,0,0.8807628123443481,model::distilbert_sentiment_profile,DistilBERT + Sentiment Profile,42
20860,0,1.7863771972770337e-06,0,0.8807628123443481,model::distilbert_sentiment_profile,DistilBERT + Sentiment Profile,42
14054,1,1.1263431360930554e-06,0,0.8807628123443481,model::distilbert_sentiment_profile,DistilBERT + Sentiment Profile,42
14852,0,7.838287388040044e-07,0,0.8807628123443481,model::distilbert_sentiment_profile,DistilBERT + Sentiment Profile,42
11175,1,1.280505216527672e-06,0,0.8807628123443481,model::distilbert_sentiment_profile,DistilBERT + Sentiment Profile,42
2207,0,1.7600074215806671e-06,0,0.8807628123443481,model::distilbert_sentiment_profile,DistilBERT + Sentiment Profile,42
6783,1,1.4351704749060443e-06,0,0.8807628123443481,model::distilbert_sentiment_profile,DistilBERT + Sentiment Profile,42
2699,0,1.267430093321309e-06,0,0.8807628123443481,model::distilbert_sentiment_profile,DistilBERT + Sentiment Profile,42
4090,0,2.043693257292034e-06,0,0.8807628123443481,model::distilbert_sentiment_profile,DistilBERT + Sentiment Profile,42
7244,0,1.802810515982856e-06,0,0.8807628123443481,model::distilbert_sentiment_profile,DistilBERT + Sentiment Profile,42
11424,0,1.85355656867614e-06,0,0.8807628123443481,model::distilbert_sentiment_profile,DistilBERT + Sentiment Profile,42
16052,0,1.4721974821441108e-06,0,0.8807628123443481,model::distilbert_sentiment_profile,DistilBERT + Sentiment Profile,42
12196,0,2.857444087567273e-06,0,0.8807628123443481,model::distilbert_sentiment_profile,DistilBERT + Sentiment Profile,42
5583,1,1.6072776816145051e-06,0,0.8807628123443481,model::distilbert_sentiment_profile,DistilBERT + Sentiment Profile,42
7455,1,1.2979046459804522e-06,0,0.8807628123443481,model::distilbert_sentiment_profile,DistilBERT + Sentiment Profile,42
846,0,2.04859497898724e-06,0,0.8807628123443481,model::distilbert_sentiment_profile,DistilBERT + Sentiment Profile,42
3005,1,2.328179107280448e-06,0,0.8807628123443481,model::distilbert_sentiment_profile,DistilBERT + Sentiment Profile,42
4180,0,1.4838241440884303e-05,0,0.8807628123443481,model::distilbert_sentiment_profile,DistilBERT + Sentiment Profile,42
6266,0,3.913200998795219e-06,0,0.8807628123443481,model::distilbert_sentiment_profile,DistilBERT + Sentiment Profile,42
7721,1,1.8752268715616085e-06,0,0.8807628123443481,model::distilbert_sentiment_profile,DistilBERT + Sentiment Profile,42
8374,1,1.7599720649741355e-06,0,0.8807628123443481,model::distilbert_sentiment_profile,DistilBERT + Sentiment Profile,42
14457,1,1.2761227026203414e-06,0,0.8807628123443481,model::distilbert_sentiment_profile,DistilBERT + Sentiment Profile,42
17052,1,1.369417987007182e-06,0,0.8807628123443481,model::distilbert_sentiment_profile,DistilBERT + Sentiment Profile,42
15630,1,1.2282270063224132e-06,0,0.8807628123443481,model::distilbert_sentiment_profile,DistilBERT + Sentiment Profile,42
8013,1,1.342206360277487e-06,0,0.8807628123443481,model::distilbert_sentiment_profile,DistilBERT + Sentiment Profile,42
10556,0,1.685591769273742e-06,0,0.8807628123443481,model::distilbert_sentiment_profile,DistilBERT + Sentiment Profile,42
6752,0,1.0957468248307125e-06,0,0.8807628123443481,model::distilbert_sentiment_profile,DistilBERT + Sentiment Profile,42
4344,0,3.490759809210431e-06,0,0.8807628123443481,model::distilbert_sentiment_profile,DistilBERT + Sentiment Profile,42
3687,1,2.077670842481893e-06,0,0.8807628123443481,model::distilbert_sentiment_profile,DistilBERT + Sentiment Profile,42
4189,1,1.6102293329822714e-06,0,0.8807628123443481,model::distilbert_sentiment_profile,DistilBERT + Sentiment Profile,42
10831,1,2.8187964744574856e-06,0,0.8807628123443481,model::distilbert_sentiment_profile,DistilBERT + Sentiment Profile,42
3743,0,2.475517476341338e-06,0,0.8807628123443481,model::distilbert_sentiment_profile,DistilBERT + Sentiment Profile,42
20504,0,2.280665057696752e-06,0,0.8807628123443481,model::distilbert_sentiment_profile,DistilBERT + Sentiment Profile,42
2869,1,1.7020423683788977e-06,0,0.8807628123443481,model::distilbert_sentiment_profile,DistilBERT + Sentiment Profile,42
14846,1,1.7197028228110869e-06,0,0.8807628123443481,model::distilbert_sentiment_profile,DistilBERT + Sentiment Profile,42
8988,0,1.9729459381778724e-06,0,0.8807628123443481,model::distilbert_sentiment_profile,DistilBERT + Sentiment Profile,42
12023,1,1.3019287052884463e-06,0,0.8807628123443481,model::distilbert_sentiment_profile,DistilBERT + Sentiment Profile,42
14099,1,1.5034547686809674e-06,0,0.8807628123443481,model::distilbert_sentiment_profile,DistilBERT + Sentiment Profile,42
14724,0,9.111842700804118e-06,0,0.8807628123443481,model::distilbert_sentiment_profile,DistilBERT + Sentiment Profile,42
4785,0,2.630494236655068e-06,0,0.8807628123443481,model::distilbert_sentiment_profile,DistilBERT + Sentiment Profile,42
20713,0,2.679055114640505e-06,0,0.8807628123443481,model::distilbert_sentiment_profile,DistilBERT + Sentiment Profile,42
8986,0,1.8097284737450536e-06,0,0.8807628123443481,model::distilbert_sentiment_profile,DistilBERT + Sentiment Profile,42
39,0,1.3818178103974788e-06,0,0.8807628123443481,model::distilbert_sentiment_profile,DistilBERT + Sentiment Profile,42
15187,0,2.5382935291418107e-06,0,0.8807628123443481,model::distilbert_sentiment_profile,DistilBERT + Sentiment Profile,42
1492,1,1.591636760167603e-06,0,0.8807628123443481,model::distilbert_sentiment_profile,DistilBERT + Sentiment Profile,42
20588,0,1.2139223599660909e-06,0,0.8807628123443481,model::distilbert_sentiment_profile,DistilBERT + Sentiment Profile,42
8231,1,1.9313313259772258e-06,0,0.8807628123443481,model::distilbert_sentiment_profile,DistilBERT + Sentiment Profile,42
5094,1,9.97815391201584e-07,0,0.8807628123443481,model::distilbert_sentiment_profile,DistilBERT + Sentiment Profile,42
7483,0,1.7071079128072595e-06,0,0.8807628123443481,model::distilbert_sentiment_profile,DistilBERT + Sentiment Profile,42
753,0,1.4310634242065134e-06,0,0.8807628123443481,model::distilbert_sentiment_profile,DistilBERT + Sentiment Profile,42
1416,0,1.0265804348819074e-06,0,0.8807628123443481,model::distilbert_sentiment_profile,DistilBERT + Sentiment Profile,42
6055,1,1.3858086731488584e-06,0,0.8807628123443481,model::distilbert_sentiment_profile,DistilBERT + Sentiment Profile,42
11306,1,1.8408712776363243e-06,0,0.8807628123443481,model::distilbert_sentiment_profile,DistilBERT + Sentiment Profile,42
15807,1,1.908131935124402e-06,0,0.8807628123443481,model::distilbert_sentiment_profile,DistilBERT + Sentiment Profile,42
11393,0,2.268357320645009e-06,0,0.8807628123443481,model::distilbert_sentiment_profile,DistilBERT + Sentiment Profile,42
1532,1,1.1387182894395664e-06,0,0.8807628123443481,model::distilbert_sentiment_profile,DistilBERT + Sentiment Profile,42
17823,1,1.4179009895087802e-06,0,0.8807628123443481,model::distilbert_sentiment_profile,DistilBERT + Sentiment Profile,42
912,1,1.2269895250938134e-06,0,0.8807628123443481,model::distilbert_sentiment_profile,DistilBERT + Sentiment Profile,42
9162,1,1.5572758229609462e-06,0,0.8807628123443481,model::distilbert_sentiment_profile,DistilBERT + Sentiment Profile,42
12703,0,2.816807864292059e-06,0,0.8807628123443481,model::distilbert_sentiment_profile,DistilBERT + Sentiment Profile,42
14284,0,1.7460811250202823e-06,0,0.8807628123443481,model::distilbert_sentiment_profile,DistilBERT + Sentiment Profile,42
11887,1,6.254821869333682e-07,0,0.8807628123443481,model::distilbert_sentiment_profile,DistilBERT + Sentiment Profile,42
4680,1,1.2578067298818496e-06,0,0.8807628123443481,model::distilbert_sentiment_profile,DistilBERT + Sentiment Profile,42
9114,1,1.2232100061737583e-06,0,0.8807628123443481,model::distilbert_sentiment_profile,DistilBERT + Sentiment Profile,42
15087,1,1.3009184840484522e-06,0,0.8807628123443481,model::distilbert_sentiment_profile,DistilBERT + Sentiment Profile,42
11501,0,1.2123848136980088e-05,0,0.8807628123443481,model::distilbert_sentiment_profile,DistilBERT + Sentiment Profile,42
9261,1,1.082108610717114e-06,0,0.8807628123443481,model::distilbert_sentiment_profile,DistilBERT + Sentiment Profile,42
17032,1,1.7318819800493657e-06,0,0.8807628123443481,model::distilbert_sentiment_profile,DistilBERT + Sentiment Profile,42
13742,0,1.5701739357609767e-06,0,0.8807628123443481,model::distilbert_sentiment_profile,DistilBERT + Sentiment Profile,42
607,1,1.493309127909015e-06,0,0.8807628123443481,model::distilbert_sentiment_profile,DistilBERT + Sentiment Profile,42
16065,1,1.5518986629103892e-06,0,0.8807628123443481,model::distilbert_sentiment_profile,DistilBERT + Sentiment Profile,42
1061,0,1.924712250911398e-06,0,0.8807628123443481,model::distilbert_sentiment_profile,DistilBERT + Sentiment Profile,42
9683,0,1.1642802064670832e-06,0,0.8807628123443481,model::distilbert_sentiment_profile,DistilBERT + Sentiment Profile,42
9767,1,1.300226244893565e-06,0,0.8807628123443481,model::distilbert_sentiment_profile,DistilBERT + Sentiment Profile,42
1792,0,1.5102086763363332e-06,0,0.8807628123443481,model::distilbert_sentiment_profile,DistilBERT + Sentiment Profile,42
3351,0,2.137234105248353e-06,0,0.8807628123443481,model::distilbert_sentiment_profile,DistilBERT + Sentiment Profile,42
4098,0,1.4324793937703362e-06,0,0.8807628123443481,model::distilbert_sentiment_profile,DistilBERT + Sentiment Profile,42
1194,0,1.344460997643182e-06,0,0.8807628123443481,model::distilbert_sentiment_profile,DistilBERT + Sentiment Profile,42
12026,0,8.584341912865057e-07,0,0.8807628123443481,model::distilbert_sentiment_profile,DistilBERT + Sentiment Profile,42
4868,1,1.82965743533714e-06,0,0.8807628123443481,model::distilbert_sentiment_profile,DistilBERT + Sentiment Profile,42
19019,1,1.2749609368256642e-06,0,0.8807628123443481,model::distilbert_sentiment_profile,DistilBERT + Sentiment Profile,42
19855,1,1.2131723678976414e-06,0,0.8807628123443481,model::distilbert_sentiment_profile,DistilBERT + Sentiment Profile,42
9565,1,1.6710267800590373e-06,0,0.8807628123443481,model::distilbert_sentiment_profile,DistilBERT + Sentiment Profile,42
1647,1,1.7995022290051566e-06,0,0.8807628123443481,model::distilbert_sentiment_profile,DistilBERT + Sentiment Profile,42
15961,1,1.6463959582324603e-06,0,0.8807628123443481,model::distilbert_sentiment_profile,DistilBERT + Sentiment Profile,42
285,0,1.534037778583297e-06,0,0.8807628123443481,model::distilbert_sentiment_profile,DistilBERT + Sentiment Profile,42
18138,0,6.629722406614746e-07,0,0.8807628123443481,model::distilbert_sentiment_profile,DistilBERT + Sentiment Profile,42
3347,0,1.98755174096732e-06,0,0.8807628123443481,model::distilbert_sentiment_profile,DistilBERT + Sentiment Profile,42
19656,1,1.579904278514732e-06,0,0.8807628123443481,model::distilbert_sentiment_profile,DistilBERT + Sentiment Profile,42
12678,1,8.771552870712185e-07,0,0.8807628123443481,model::distilbert_sentiment_profile,DistilBERT + Sentiment Profile,42
4231,0,1.713965730232303e-06,0,0.8807628123443481,model::distilbert_sentiment_profile,DistilBERT + Sentiment Profile,42
13425,1,1.377504759147996e-06,0,0.8807628123443481,model::distilbert_sentiment_profile,DistilBERT + Sentiment Profile,42
6282,0,1.3808455605612837e-06,0,0.8807628123443481,model::distilbert_sentiment_profile,DistilBERT + Sentiment Profile,42
12418,1,2.0848183339694515e-06,0,0.8807628123443481,model::distilbert_sentiment_profile,DistilBERT + Sentiment Profile,42
10239,1,1.244805730493681e-06,0,0.8807628123443481,model::distilbert_sentiment_profile,DistilBERT + Sentiment Profile,42
6212,1,1.522761976957554e-06,0,0.8807628123443481,model::distilbert_sentiment_profile,DistilBERT + Sentiment Profile,42
24,1,1.5509767763433049e-06,0,0.8807628123443481,model::distilbert_sentiment_profile,DistilBERT + Sentiment Profile,42
6691,0,1.6697809996912838e-06,0,0.8807628123443481,model::distilbert_sentiment_profile,DistilBERT + Sentiment Profile,42
3507,1,1.175963689092896e-06,0,0.8807628123443481,model::distilbert_sentiment_profile,DistilBERT + Sentiment Profile,42
6583,1,1.8418071476844489e-06,0,0.8807628123443481,model::distilbert_sentiment_profile,DistilBERT + Sentiment Profile,42
15156,1,1.902284793686704e-06,0,0.8807628123443481,model::distilbert_sentiment_profile,DistilBERT + Sentiment Profile,42
14876,0,3.430111519264756e-06,0,0.8807628123443481,model::distilbert_sentiment_profile,DistilBERT + Sentiment Profile,42
15809,0,2.218009740317939e-06,0,0.8807628123443481,model::distilbert_sentiment_profile,DistilBERT + Sentiment Profile,42
19948,0,1.925931201185449e-06,0,0.8807628123443481,model::distilbert_sentiment_profile,DistilBERT + Sentiment Profile,42
20661,0,1.0645637303241529e-05,0,0.8807628123443481,model::distilbert_sentiment_profile,DistilBERT + Sentiment Profile,42
15457,1,1.128825033447356e-06,0,0.8807628123443481,model::distilbert_sentiment_profile,DistilBERT + Sentiment Profile,42
16560,1,1.2824019677282197e-06,0,0.8807628123443481,model::distilbert_sentiment_profile,DistilBERT + Sentiment Profile,42
3353,0,1.2357276091279346e-06,0,0.8807628123443481,model::distilbert_sentiment_profile,DistilBERT + Sentiment Profile,42
15343,1,1.0533392469369574e-06,0,0.8807628123443481,model::distilbert_sentiment_profile,DistilBERT + Sentiment Profile,42
139,1,2.048653641395504e-06,0,0.8807628123443481,model::distilbert_sentiment_profile,DistilBERT + Sentiment Profile,42
14673,1,1.6248902738880131e-06,0,0.8807628123443481,model::distilbert_sentiment_profile,DistilBERT + Sentiment Profile,42
18413,1,1.5926220839901362e-06,0,0.8807628123443481,model::distilbert_sentiment_profile,DistilBERT + Sentiment Profile,42
11800,0,2.029426013905322e-06,0,0.8807628123443481,model::distilbert_sentiment_profile,DistilBERT + Sentiment Profile,42
1827,0,2.097123797284439e-06,0,0.8807628123443481,model::distilbert_sentiment_profile,DistilBERT + Sentiment Profile,42
18537,0,2.8202969133417355e-06,0,0.8807628123443481,model::distilbert_sentiment_profile,DistilBERT + Sentiment Profile,42
1799,0,1.928761776071042e-06,0,0.8807628123443481,model::distilbert_sentiment_profile,DistilBERT + Sentiment Profile,42
326,1,1.8363404024057672e-06,0,0.8807628123443481,model::distilbert_sentiment_profile,DistilBERT + Sentiment Profile,42
11382,0,2.909800514316885e-06,0,0.8807628123443481,model::distilbert_sentiment_profile,DistilBERT + Sentiment Profile,42
19498,1,1.6130696849359083e-06,0,0.8807628123443481,model::distilbert_sentiment_profile,DistilBERT + Sentiment Profile,42
14625,0,4.081544830114581e-06,0,0.8807628123443481,model::distilbert_sentiment_profile,DistilBERT + Sentiment Profile,42
14044,1,1.0842571782632149e-06,0,0.8807628123443481,model::distilbert_sentiment_profile,DistilBERT + Sentiment Profile,42
17779,0,2.9839675335097127e-06,0,0.8807628123443481,model::distilbert_sentiment_profile,DistilBERT + Sentiment Profile,42
19114,0,1.0593435035843868e-06,0,0.8807628123443481,model::distilbert_sentiment_profile,DistilBERT + Sentiment Profile,42
1387,1,1.1820218333014054e-06,0,0.8807628123443481,model::distilbert_sentiment_profile,DistilBERT + Sentiment Profile,42
10624,1,1.9464623619569466e-06,0,0.8807628123443481,model::distilbert_sentiment_profile,DistilBERT + Sentiment Profile,42
20310,0,1.4924341485311745e-05,0,0.8807628123443481,model::distilbert_sentiment_profile,DistilBERT + Sentiment Profile,42
4592,0,6.216386282176245e-06,0,0.8807628123443481,model::distilbert_sentiment_profile,DistilBERT + Sentiment Profile,42
10484,0,9.717653028928908e-07,0,0.8807628123443481,model::distilbert_sentiment_profile,DistilBERT + Sentiment Profile,42
819,0,1.6839961745063192e-06,0,0.8807628123443481,model::distilbert_sentiment_profile,DistilBERT + Sentiment Profile,42
12702,1,1.3625501651404193e-06,0,0.8807628123443481,model::distilbert_sentiment_profile,DistilBERT + Sentiment Profile,42
11791,1,9.073653473024024e-07,0,0.8807628123443481,model::distilbert_sentiment_profile,DistilBERT + Sentiment Profile,42
10008,0,2.082578703266336e-06,0,0.8807628123443481,model::distilbert_sentiment_profile,DistilBERT + Sentiment Profile,42
10395,0,1.8152666143578244e-06,0,0.8807628123443481,model::distilbert_sentiment_profile,DistilBERT + Sentiment Profile,42
2941,1,1.0148120281883166e-06,0,0.8807628123443481,model::distilbert_sentiment_profile,DistilBERT + Sentiment Profile,42
6203,0,4.216664365230827e-06,0,0.8807628123443481,model::distilbert_sentiment_profile,DistilBERT + Sentiment Profile,42
3563,1,1.4786052133786145e-06,0,0.8807628123443481,model::distilbert_sentiment_profile,DistilBERT + Sentiment Profile,42
14100,0,1.685509687376907e-06,0,0.8807628123443481,model::distilbert_sentiment_profile,DistilBERT + Sentiment Profile,42
4129,0,1.3187661807023687e-06,0,0.8807628123443481,model::distilbert_sentiment_profile,DistilBERT + Sentiment Profile,42
7813,1,1.5719838302175049e-06,0,0.8807628123443481,model::distilbert_sentiment_profile,DistilBERT + Sentiment Profile,42
16228,1,1.3771317526334317e-06,0,0.8807628123443481,model::distilbert_sentiment_profile,DistilBERT + Sentiment Profile,42
21120,1,1.4670050632048517e-06,0,0.8807628123443481,model::distilbert_sentiment_profile,DistilBERT + Sentiment Profile,42
13948,0,1.1860597624036018e-06,0,0.8807628123443481,model::distilbert_sentiment_profile,DistilBERT + Sentiment Profile,42
9284,1,1.4143842008706995e-06,0,0.8807628123443481,model::distilbert_sentiment_profile,DistilBERT + Sentiment Profile,42
8347,0,1.1438141882536002e-06,0,0.8807628123443481,model::distilbert_sentiment_profile,DistilBERT + Sentiment Profile,42
5542,0,3.998335159849376e-06,0,0.8807628123443481,model::distilbert_sentiment_profile,DistilBERT + Sentiment Profile,42
13005,1,1.519871830168995e-06,0,0.8807628123443481,model::distilbert_sentiment_profile,DistilBERT + Sentiment Profile,42
111,1,2.042917685685097e-06,0,0.8807628123443481,model::distilbert_sentiment_profile,DistilBERT + Sentiment Profile,42
18715,0,1.7451988014727249e-06,0,0.8807628123443481,model::distilbert_sentiment_profile,DistilBERT + Sentiment Profile,42
9630,1,1.34406491270056e-06,0,0.8807628123443481,model::distilbert_sentiment_profile,DistilBERT + Sentiment Profile,42
14498,1,1.6493897874170216e-06,0,0.8807628123443481,model::distilbert_sentiment_profile,DistilBERT + Sentiment Profile,42
16013,1,8.487100444654061e-07,0,0.8807628123443481,model::distilbert_sentiment_profile,DistilBERT + Sentiment Profile,42
3862,1,1.40449139962584e-06,0,0.8807628123443481,model::distilbert_sentiment_profile,DistilBERT + Sentiment Profile,42
8953,1,1.8339270582146128e-06,0,0.8807628123443481,model::distilbert_sentiment_profile,DistilBERT + Sentiment Profile,42
4930,1,1.3657661384058883e-06,0,0.8807628123443481,model::distilbert_sentiment_profile,DistilBERT + Sentiment Profile,42
6229,0,7.83919972491276e-07,0,0.8807628123443481,model::distilbert_sentiment_profile,DistilBERT + Sentiment Profile,42
11757,1,1.908940021166927e-06,0,0.8807628123443481,model::distilbert_sentiment_profile,DistilBERT + Sentiment Profile,42
2247,0,1.4497991287498737e-06,0,0.8807628123443481,model::distilbert_sentiment_profile,DistilBERT + Sentiment Profile,42
10885,1,1.3071926332486328e-06,0,0.8807628123443481,model::distilbert_sentiment_profile,DistilBERT + Sentiment Profile,42
20406,0,3.256950321883778e-06,0,0.8807628123443481,model::distilbert_sentiment_profile,DistilBERT + Sentiment Profile,42
15691,0,4.362238996691303e-06,0,0.8807628123443481,model::distilbert_sentiment_profile,DistilBERT + Sentiment Profile,42
8914,0,1.5775179917909554e-06,0,0.8807628123443481,model::distilbert_sentiment_profile,DistilBERT + Sentiment Profile,42
15641,1,1.1542416586962645e-06,0,0.8807628123443481,model::distilbert_sentiment_profile,DistilBERT + Sentiment Profile,42
18481,1,1.4131423995422665e-06,0,0.8807628123443481,model::distilbert_sentiment_profile,DistilBERT + Sentiment Profile,42
10771,0,8.030590379348723e-07,0,0.8807628123443481,model::distilbert_sentiment_profile,DistilBERT + Sentiment Profile,42
632,0,1.4586793213311466e-06,0,0.8807628123443481,model::distilbert_sentiment_profile,DistilBERT + Sentiment Profile,42
4261,1,1.3395950873018592e-06,0,0.8807628123443481,model::distilbert_sentiment_profile,DistilBERT + Sentiment Profile,42
13653,0,1.0033950275101231e-06,0,0.8807628123443481,model::distilbert_sentiment_profile,DistilBERT + Sentiment Profile,42
6990,0,2.2758306386094773e-06,0,0.8807628123443481,model::distilbert_sentiment_profile,DistilBERT + Sentiment Profile,42
17412,1,1.2500947832450038e-06,0,0.8807628123443481,model::distilbert_sentiment_profile,DistilBERT + Sentiment Profile,42
8163,0,1.743751454341691e-06,0,0.8807628123443481,model::distilbert_sentiment_profile,DistilBERT + Sentiment Profile,42
12223,1,1.4090958302404033e-06,0,0.8807628123443481,model::distilbert_sentiment_profile,DistilBERT + Sentiment Profile,42
7679,1,1.3215158105595035e-06,0,0.8807628123443481,model::distilbert_sentiment_profile,DistilBERT + Sentiment Profile,42
1839,1,1.433474267287238e-06,0,0.8807628123443481,model::distilbert_sentiment_profile,DistilBERT + Sentiment Profile,42
1912,0,1.089585225599876e-06,0,0.8807628123443481,model::distilbert_sentiment_profile,DistilBERT + Sentiment Profile,42
8034,0,2.0218724330334226e-06,0,0.8807628123443481,model::distilbert_sentiment_profile,DistilBERT + Sentiment Profile,42
6558,0,2.7428093289927347e-06,0,0.8807628123443481,model::distilbert_sentiment_profile,DistilBERT + Sentiment Profile,42
5357,0,3.705369408635306e-06,0,0.8807628123443481,model::distilbert_sentiment_profile,DistilBERT + Sentiment Profile,42
18423,0,2.6896095732809044e-06,0,0.8807628123443481,model::distilbert_sentiment_profile,DistilBERT + Sentiment Profile,42
14058,0,3.0737069209862966e-06,0,0.8807628123443481,model::distilbert_sentiment_profile,DistilBERT + Sentiment Profile,42
16942,0,2.420971668470884e-06,0,0.8807628123443481,model::distilbert_sentiment_profile,DistilBERT + Sentiment Profile,42
5449,0,1.7413037767255446e-06,0,0.8807628123443481,model::distilbert_sentiment_profile,DistilBERT + Sentiment Profile,42
6530,0,1.979059106815839e-06,0,0.8807628123443481,model::distilbert_sentiment_profile,DistilBERT + Sentiment Profile,42
13569,1,2.808016006383696e-06,0,0.8807628123443481,model::distilbert_sentiment_profile,DistilBERT + Sentiment Profile,42
13881,1,1.4070493534745765e-06,0,0.8807628123443481,model::distilbert_sentiment_profile,DistilBERT + Sentiment Profile,42
12804,0,3.028906576219015e-06,0,0.8807628123443481,model::distilbert_sentiment_profile,DistilBERT + Sentiment Profile,42
2770,0,2.5118697521975264e-06,0,0.8807628123443481,model::distilbert_sentiment_profile,DistilBERT + Sentiment Profile,42
3909,1,1.6557695516894455e-06,0,0.8807628123443481,model::distilbert_sentiment_profile,DistilBERT + Sentiment Profile,42
5847,0,1.1296758657408643e-06,0,0.8807628123443481,model::distilbert_sentiment_profile,DistilBERT + Sentiment Profile,42
16422,1,1.4157067198539153e-06,0,0.8807628123443481,model::distilbert_sentiment_profile,DistilBERT + Sentiment Profile,42
6021,1,1.310274228671915e-06,0,0.8807628123443481,model::distilbert_sentiment_profile,DistilBERT + Sentiment Profile,42
10868,1,1.3282149211590877e-06,0,0.8807628123443481,model::distilbert_sentiment_profile,DistilBERT + Sentiment Profile,42
15790,0,1.640917389522656e-06,0,0.8807628123443481,model::distilbert_sentiment_profile,DistilBERT + Sentiment Profile,42
215,0,7.274438303284114e-06,0,0.8807628123443481,model::distilbert_sentiment_profile,DistilBERT + Sentiment Profile,42
21127,0,1.291194735131285e-06,0,0.8807628123443481,model::distilbert_sentiment_profile,DistilBERT + Sentiment Profile,42
11090,1,1.1440716889410396e-06,0,0.8807628123443481,model::distilbert_sentiment_profile,DistilBERT + Sentiment Profile,42
14313,1,1.4272376347435056e-06,0,0.8807628123443481,model::distilbert_sentiment_profile,DistilBERT + Sentiment Profile,42
10978,0,2.1275134258758044e-06,0,0.8807628123443481,model::distilbert_sentiment_profile,DistilBERT + Sentiment Profile,42
20359,1,1.106981130760687e-06,0,0.8807628123443481,model::distilbert_sentiment_profile,DistilBERT + Sentiment Profile,42
4636,1,1.738792889227625e-06,0,0.8807628123443481,model::distilbert_sentiment_profile,DistilBERT + Sentiment Profile,42
11619,1,1.5073424037836958e-06,0,0.8807628123443481,model::distilbert_sentiment_profile,DistilBERT + Sentiment Profile,42
193,0,9.868547294900054e-07,0,0.8807628123443481,model::distilbert_sentiment_profile,DistilBERT + Sentiment Profile,42
12479,0,1.5517964584432775e-06,0,0.8807628123443481,model::distilbert_sentiment_profile,DistilBERT + Sentiment Profile,42
5040,1,1.143910253631475e-06,0,0.8807628123443481,model::distilbert_sentiment_profile,DistilBERT + Sentiment Profile,42
9303,1,1.3704383263757336e-06,0,0.8807628123443481,model::distilbert_sentiment_profile,DistilBERT + Sentiment Profile,42
11257,0,1.2368863281153608e-05,0,0.8807628123443481,model::distilbert_sentiment_profile,DistilBERT + Sentiment Profile,42
6146,0,3.668803628897877e-06,0,0.8807628123443481,model::distilbert_sentiment_profile,DistilBERT + Sentiment Profile,42
18985,0,1.411667540196504e-06,0,0.8807628123443481,model::distilbert_sentiment_profile,DistilBERT + Sentiment Profile,42
20553,1,1.2822307553506107e-06,0,0.8807628123443481,model::distilbert_sentiment_profile,DistilBERT + Sentiment Profile,42
461,1,9.334767128166276e-07,0,0.8807628123443481,model::distilbert_sentiment_profile,DistilBERT + Sentiment Profile,42
18330,1,1.6726449985071667e-06,0,0.8807628123443481,model::distilbert_sentiment_profile,DistilBERT + Sentiment Profile,42
3672,1,1.5255089920174214e-06,0,0.8807628123443481,model::distilbert_sentiment_profile,DistilBERT + Sentiment Profile,42
1926,0,1.2327379863563692e-06,0,0.8807628123443481,model::distilbert_sentiment_profile,DistilBERT + Sentiment Profile,42
10818,0,1.6041230992414055e-06,0,0.8807628123443481,model::distilbert_sentiment_profile,DistilBERT + Sentiment Profile,42
2357,1,1.7654978137215949e-06,0,0.8807628123443481,model::distilbert_sentiment_profile,DistilBERT + Sentiment Profile,42
20238,1,1.2889813660876823e-06,0,0.8807628123443481,model::distilbert_sentiment_profile,DistilBERT + Sentiment Profile,42
12538,0,1.727822109387489e-06,0,0.8807628123443481,model::distilbert_sentiment_profile,DistilBERT + Sentiment Profile,42
11460,1,8.604143886259408e-07,0,0.8807628123443481,model::distilbert_sentiment_profile,DistilBERT + Sentiment Profile,42
8845,0,2.3606039576407056e-06,0,0.8807628123443481,model::distilbert_sentiment_profile,DistilBERT + Sentiment Profile,42
6862,0,2.253987076983321e-06,0,0.8807628123443481,model::distilbert_sentiment_profile,DistilBERT + Sentiment Profile,42
6486,0,1.6386014749514288e-06,0,0.8807628123443481,model::distilbert_sentiment_profile,DistilBERT + Sentiment Profile,42
15654,1,1.9035479681406289e-06,0,0.8807628123443481,model::distilbert_sentiment_profile,DistilBERT + Sentiment Profile,42
19794,0,1.4833013892712188e-06,0,0.8807628123443481,model::distilbert_sentiment_profile,DistilBERT + Sentiment Profile,42
19378,1,1.3142400803189958e-06,0,0.8807628123443481,model::distilbert_sentiment_profile,DistilBERT + Sentiment Profile,42
8941,0,2.0087454686290585e-06,0,0.8807628123443481,model::distilbert_sentiment_profile,DistilBERT + Sentiment Profile,42
17423,0,1.0365362186348648e-06,0,0.8807628123443481,model::distilbert_sentiment_profile,DistilBERT + Sentiment Profile,42
13739,1,1.4317458862933563e-06,0,0.8807628123443481,model::distilbert_sentiment_profile,DistilBERT + Sentiment Profile,42
11920,0,1.6006969190129894e-06,0,0.8807628123443481,model::distilbert_sentiment_profile,DistilBERT + Sentiment Profile,42
5298,0,6.750889269824256e-07,0,0.8807628123443481,model::distilbert_sentiment_profile,DistilBERT + Sentiment Profile,42
17987,1,1.45421927300049e-06,0,0.8807628123443481,model::distilbert_sentiment_profile,DistilBERT + Sentiment Profile,42
17579,0,1.2376641507216846e-06,0,0.8807628123443481,model::distilbert_sentiment_profile,DistilBERT + Sentiment Profile,42
12541,0,2.030218274740037e-05,0,0.8807628123443481,model::distilbert_sentiment_profile,DistilBERT + Sentiment Profile,42
8477,0,8.908886570679897e-07,0,0.8807628123443481,model::distilbert_sentiment_profile,DistilBERT + Sentiment Profile,42
4734,0,1.4180809557728935e-06,0,0.8807628123443481,model::distilbert_sentiment_profile,DistilBERT + Sentiment Profile,42
7493,0,2.571159484432428e-06,0,0.8807628123443481,model::distilbert_sentiment_profile,DistilBERT + Sentiment Profile,42
15109,1,1.6007733165679383e-06,0,0.8807628123443481,model::distilbert_sentiment_profile,DistilBERT + Sentiment Profile,42
2100,0,1.5397070001199609e-06,0,0.8807628123443481,model::distilbert_sentiment_profile,DistilBERT + Sentiment Profile,42
1075,1,1.7007719179673586e-06,0,0.8807628123443481,model::distilbert_sentiment_profile,DistilBERT + Sentiment Profile,42
1209,1,1.4324248240882298e-06,0,0.8807628123443481,model::distilbert_sentiment_profile,DistilBERT + Sentiment Profile,42
4692,1,1.4603202771468204e-06,0,0.8807628123443481,model::distilbert_sentiment_profile,DistilBERT + Sentiment Profile,42
5307,1,1.0524847766646417e-06,0,0.8807628123443481,model::distilbert_sentiment_profile,DistilBERT + Sentiment Profile,42
19342,0,2.197930371039547e-06,0,0.8807628123443481,model::distilbert_sentiment_profile,DistilBERT + Sentiment Profile,42
4314,0,7.475642178178532e-06,0,0.8807628123443481,model::distilbert_sentiment_profile,DistilBERT + Sentiment Profile,42
2980,1,1.4854800838293158e-06,0,0.8807628123443481,model::distilbert_sentiment_profile,DistilBERT + Sentiment Profile,42
13846,0,4.211174018564634e-05,0,0.8807628123443481,model::distilbert_sentiment_profile,DistilBERT + Sentiment Profile,42
18405,0,2.691305780899711e-06,0,0.8807628123443481,model::distilbert_sentiment_profile,DistilBERT + Sentiment Profile,42
9552,1,1.503927819612727e-06,0,0.8807628123443481,model::distilbert_sentiment_profile,DistilBERT + Sentiment Profile,42
18882,1,1.037945821735775e-06,0,0.8807628123443481,model::distilbert_sentiment_profile,DistilBERT + Sentiment Profile,42
15253,0,2.669817149580922e-06,0,0.8807628123443481,model::distilbert_sentiment_profile,DistilBERT + Sentiment Profile,42
4815,0,1.3499818578566192e-06,0,0.8807628123443481,model::distilbert_sentiment_profile,DistilBERT + Sentiment Profile,42
8531,1,1.1440683920227457e-06,0,0.8807628123443481,model::distilbert_sentiment_profile,DistilBERT + Sentiment Profile,42
14005,1,1.0972390782626462e-06,0,0.8807628123443481,model::distilbert_sentiment_profile,DistilBERT + Sentiment Profile,42
3579,1,1.0450623904034728e-06,0,0.8807628123443481,model::distilbert_sentiment_profile,DistilBERT + Sentiment Profile,42
8311,1,1.470875531595084e-06,0,0.8807628123443481,model::distilbert_sentiment_profile,DistilBERT + Sentiment Profile,42
6421,0,2.260667088194168e-06,0,0.8807628123443481,model::distilbert_sentiment_profile,DistilBERT + Sentiment Profile,42
15194,1,1.5036798686196562e-06,0,0.8807628123443481,model::distilbert_sentiment_profile,DistilBERT + Sentiment Profile,42
12840,1,1.6416406651842408e-06,0,0.8807628123443481,model::distilbert_sentiment_profile,DistilBERT + Sentiment Profile,42
15793,0,1.5335872376454065e-06,0,0.8807628123443481,model::distilbert_sentiment_profile,DistilBERT + Sentiment Profile,42
12661,0,1.283329311263515e-06,0,0.8807628123443481,model::distilbert_sentiment_profile,DistilBERT + Sentiment Profile,42
17329,0,1.6942526599450505e-06,0,0.8807628123443481,model::distilbert_sentiment_profile,DistilBERT + Sentiment Profile,42
20832,1,2.3399918518407503e-06,0,0.8807628123443481,model::distilbert_sentiment_profile,DistilBERT + Sentiment Profile,42
6802,0,2.5422809812880587e-06,0,0.8807628123443481,model::distilbert_sentiment_profile,DistilBERT + Sentiment Profile,42
16815,1,1.4627734117311777e-06,0,0.8807628123443481,model::distilbert_sentiment_profile,DistilBERT + Sentiment Profile,42
4850,0,0.0002641859464347,0,0.8807628123443481,model::distilbert_sentiment_profile,DistilBERT + Sentiment Profile,42
15309,0,2.6774764592119027e-06,0,0.8807628123443481,model::distilbert_sentiment_profile,DistilBERT + Sentiment Profile,42
8342,0,1.4959175587136997e-06,0,0.8807628123443481,model::distilbert_sentiment_profile,DistilBERT + Sentiment Profile,42
8878,1,1.5656850109735387e-06,0,0.8807628123443481,model::distilbert_sentiment_profile,DistilBERT + Sentiment Profile,42
19332,1,1.8154153167415643e-06,0,0.8807628123443481,model::distilbert_sentiment_profile,DistilBERT + Sentiment Profile,42
6987,1,1.0373570376032148e-06,0,0.8807628123443481,model::distilbert_sentiment_profile,DistilBERT + Sentiment Profile,42
17374,1,1.1683556522257277e-06,0,0.8807628123443481,model::distilbert_sentiment_profile,DistilBERT + Sentiment Profile,42
3848,1,1.6316575965902302e-06,0,0.8807628123443481,model::distilbert_sentiment_profile,DistilBERT + Sentiment Profile,42
12077,1,1.393258457937918e-06,0,0.8807628123443481,model::distilbert_sentiment_profile,DistilBERT + Sentiment Profile,42
6620,1,1.416385998709302e-06,0,0.8807628123443481,model::distilbert_sentiment_profile,DistilBERT + Sentiment Profile,42
14377,0,7.758495712550939e-07,0,0.8807628123443481,model::distilbert_sentiment_profile,DistilBERT + Sentiment Profile,42
2816,1,1.1372032986400882e-06,0,0.8807628123443481,model::distilbert_sentiment_profile,DistilBERT + Sentiment Profile,42
6392,1,1.503962266724557e-06,0,0.8807628123443481,model::distilbert_sentiment_profile,DistilBERT + Sentiment Profile,42
16552,1,1.3672987506652134e-06,0,0.8807628123443481,model::distilbert_sentiment_profile,DistilBERT + Sentiment Profile,42
13603,0,1.3161704828235088e-06,0,0.8807628123443481,model::distilbert_sentiment_profile,DistilBERT + Sentiment Profile,42
14546,0,1.202331645799859e-06,0,0.8807628123443481,model::distilbert_sentiment_profile,DistilBERT + Sentiment Profile,42
4627,1,1.8260003571413108e-06,0,0.8807628123443481,model::distilbert_sentiment_profile,DistilBERT + Sentiment Profile,42
12923,1,1.2358219692032435e-06,0,0.8807628123443481,model::distilbert_sentiment_profile,DistilBERT + Sentiment Profile,42
18722,1,1.6105963140944368e-06,0,0.8807628123443481,model::distilbert_sentiment_profile,DistilBERT + Sentiment Profile,42
7617,1,1.121325112762861e-06,0,0.8807628123443481,model::distilbert_sentiment_profile,DistilBERT + Sentiment Profile,42
4668,0,2.139571051884559e-06,0,0.8807628123443481,model::distilbert_sentiment_profile,DistilBERT + Sentiment Profile,42
6499,0,1.241172412846936e-06,0,0.8807628123443481,model::distilbert_sentiment_profile,DistilBERT + Sentiment Profile,42
8288,0,1.244371219399909e-06,0,0.8807628123443481,model::distilbert_sentiment_profile,DistilBERT + Sentiment Profile,42
2725,0,3.3100764085247647e-06,0,0.8807628123443481,model::distilbert_sentiment_profile,DistilBERT + Sentiment Profile,42
18557,0,2.9339566935959738e-06,0,0.8807628123443481,model::distilbert_sentiment_profile,DistilBERT + Sentiment Profile,42
2093,0,1.3171536465961251e-06,0,0.8807628123443481,model::distilbert_sentiment_profile,DistilBERT + Sentiment Profile,42
8843,0,1.8301880118087863e-06,0,0.8807628123443481,model::distilbert_sentiment_profile,DistilBERT + Sentiment Profile,42
16318,0,1.520370460639242e-06,0,0.8807628123443481,model::distilbert_sentiment_profile,DistilBERT + Sentiment Profile,42
4469,1,9.984646567318125e-07,0,0.8807628123443481,model::distilbert_sentiment_profile,DistilBERT + Sentiment Profile,42
20318,0,1.5836468492125275e-06,0,0.8807628123443481,model::distilbert_sentiment_profile,DistilBERT + Sentiment Profile,42
18224,1,1.874747681540612e-06,0,0.8807628123443481,model::distilbert_sentiment_profile,DistilBERT + Sentiment Profile,42
20399,1,1.5334557019741624e-06,0,0.8807628123443481,model::distilbert_sentiment_profile,DistilBERT + Sentiment Profile,42
6939,0,1.071143969966215e-06,0,0.8807628123443481,model::distilbert_sentiment_profile,DistilBERT + Sentiment Profile,42
9990,0,1.3764673667537863e-06,0,0.8807628123443481,model::distilbert_sentiment_profile,DistilBERT + Sentiment Profile,42
10238,1,1.3897818007535534e-06,0,0.8807628123443481,model::distilbert_sentiment_profile,DistilBERT + Sentiment Profile,42
20987,0,1.201084842250566e-06,0,0.8807628123443481,model::distilbert_sentiment_profile,DistilBERT + Sentiment Profile,42
15757,1,1.2057213325533669e-06,0,0.8807628123443481,model::distilbert_sentiment_profile,DistilBERT + Sentiment Profile,42
18082,0,6.009554908814607e-06,0,0.8807628123443481,model::distilbert_sentiment_profile,DistilBERT + Sentiment Profile,42
1506,1,1.5853891000006115e-06,0,0.8807628123443481,model::distilbert_sentiment_profile,DistilBERT + Sentiment Profile,42
19964,0,1.11813119474391e-06,0,0.8807628123443481,model::distilbert_sentiment_profile,DistilBERT + Sentiment Profile,42
12627,1,1.6094063539640049e-06,0,0.8807628123443481,model::distilbert_sentiment_profile,DistilBERT + Sentiment Profile,42
12100,0,5.555505140364403e-06,0,0.8807628123443481,model::distilbert_sentiment_profile,DistilBERT + Sentiment Profile,42
8388,1,1.8203702438768232e-06,0,0.8807628123443481,model::distilbert_sentiment_profile,DistilBERT + Sentiment Profile,42
21083,0,2.355238621021272e-06,0,0.8807628123443481,model::distilbert_sentiment_profile,DistilBERT + Sentiment Profile,42
18678,1,1.3829200042891898e-06,0,0.8807628123443481,model::distilbert_sentiment_profile,DistilBERT + Sentiment Profile,42
832,0,7.716318464190408e-07,0,0.8807628123443481,model::distilbert_sentiment_profile,DistilBERT + Sentiment Profile,42
6428,1,1.038964796862274e-06,0,0.8807628123443481,model::distilbert_sentiment_profile,DistilBERT + Sentiment Profile,42
14122,1,1.2146043673055829e-06,0,0.8807628123443481,model::distilbert_sentiment_profile,DistilBERT + Sentiment Profile,42
10830,0,1.147423972724937e-06,0,0.8807628123443481,model::distilbert_sentiment_profile,DistilBERT + Sentiment Profile,42
6650,1,1.1198876563867088e-06,0,0.8807628123443481,model::distilbert_sentiment_profile,DistilBERT + Sentiment Profile,42
2349,1,1.1741885828087106e-06,0,0.8807628123443481,model::distilbert_sentiment_profile,DistilBERT + Sentiment Profile,42
17693,0,2.9531151994888205e-06,0,0.8807628123443481,model::distilbert_sentiment_profile,DistilBERT + Sentiment Profile,42
1505,1,1.4820415117355878e-06,0,0.8807628123443481,model::distilbert_sentiment_profile,DistilBERT + Sentiment Profile,42
20743,0,1.6498034938194903e-06,0,0.8807628123443481,model::distilbert_sentiment_profile,DistilBERT + Sentiment Profile,42
208,1,1.0282793709848193e-06,0,0.8807628123443481,model::distilbert_sentiment_profile,DistilBERT + Sentiment Profile,42
5140,1,9.998968835134292e-07,0,0.8807628123443481,model::distilbert_sentiment_profile,DistilBERT + Sentiment Profile,42
3077,1,1.0416872555651937e-06,0,0.8807628123443481,model::distilbert_sentiment_profile,DistilBERT + Sentiment Profile,42
10906,1,1.0019864475907525e-06,0,0.8807628123443481,model::distilbert_sentiment_profile,DistilBERT + Sentiment Profile,42
16467,1,1.623607658984838e-06,0,0.8807628123443481,model::distilbert_sentiment_profile,DistilBERT + Sentiment Profile,42
18995,1,1.53523069457151e-06,0,0.8807628123443481,model::distilbert_sentiment_profile,DistilBERT + Sentiment Profile,42
13964,0,2.92573918159178e-06,0,0.8807628123443481,model::distilbert_sentiment_profile,DistilBERT + Sentiment Profile,42
19122,1,1.1091368605775642e-06,0,0.8807628123443481,model::distilbert_sentiment_profile,DistilBERT + Sentiment Profile,42
12284,1,1.7191683809869571e-06,0,0.8807628123443481,model::distilbert_sentiment_profile,DistilBERT + Sentiment Profile,42
15030,0,1.117040824283322e-06,0,0.8807628123443481,model::distilbert_sentiment_profile,DistilBERT + Sentiment Profile,42
8464,0,1.6582379203100572e-06,0,0.8807628123443481,model::distilbert_sentiment_profile,DistilBERT + Sentiment Profile,42
8716,1,1.7502857190265786e-06,0,0.8807628123443481,model::distilbert_sentiment_profile,DistilBERT + Sentiment Profile,42
1028,0,1.13828400571947e-06,0,0.8807628123443481,model::distilbert_sentiment_profile,DistilBERT + Sentiment Profile,42
5908,1,1.7046788798324997e-06,0,0.8807628123443481,model::distilbert_sentiment_profile,DistilBERT + Sentiment Profile,42
12457,1,9.963064258045051e-07,0,0.8807628123443481,model::distilbert_sentiment_profile,DistilBERT + Sentiment Profile,42
17102,1,2.5802580694289645e-06,0,0.8807628123443481,model::distilbert_sentiment_profile,DistilBERT + Sentiment Profile,42
10844,0,7.904225185484393e-07,0,0.8807628123443481,model::distilbert_sentiment_profile,DistilBERT + Sentiment Profile,42
20782,1,1.3458015928335954e-06,0,0.8807628123443481,model::distilbert_sentiment_profile,DistilBERT + Sentiment Profile,42
16211,0,1.730856411086279e-06,0,0.8807628123443481,model::distilbert_sentiment_profile,DistilBERT + Sentiment Profile,42
18610,1,1.4120498690317618e-06,0,0.8807628123443481,model::distilbert_sentiment_profile,DistilBERT + Sentiment Profile,42
6018,1,1.4226837947717286e-06,0,0.8807628123443481,model::distilbert_sentiment_profile,DistilBERT + Sentiment Profile,42
15466,1,1.883015215753403e-06,0,0.8807628123443481,model::distilbert_sentiment_profile,DistilBERT + Sentiment Profile,42
716,0,1.2388427421683446e-06,0,0.8807628123443481,model::distilbert_sentiment_profile,DistilBERT + Sentiment Profile,42
9034,0,2.0646152734116185e-06,0,0.8807628123443481,model::distilbert_sentiment_profile,DistilBERT + Sentiment Profile,42
13710,0,2.1644759726768825e-06,0,0.8807628123443481,model::distilbert_sentiment_profile,DistilBERT + Sentiment Profile,42
2365,1,1.5360990346380277e-06,0,0.8807628123443481,model::distilbert_sentiment_profile,DistilBERT + Sentiment Profile,42
19049,0,1.55644283950096e-06,0,0.8807628123443481,model::distilbert_sentiment_profile,DistilBERT + Sentiment Profile,42
6730,1,1.593769297869585e-06,0,0.8807628123443481,model::distilbert_sentiment_profile,DistilBERT + Sentiment Profile,42
3653,0,1.6659001857988187e-06,0,0.8807628123443481,model::distilbert_sentiment_profile,DistilBERT + Sentiment Profile,42
18153,1,1.016584633362072e-06,0,0.8807628123443481,model::distilbert_sentiment_profile,DistilBERT + Sentiment Profile,42
2392,1,1.3895723895984702e-06,0,0.8807628123443481,model::distilbert_sentiment_profile,DistilBERT + Sentiment Profile,42
12733,0,1.966704076039605e-06,0,0.8807628123443481,model::distilbert_sentiment_profile,DistilBERT + Sentiment Profile,42
9310,0,2.307751401531277e-06,0,0.8807628123443481,model::distilbert_sentiment_profile,DistilBERT + Sentiment Profile,42
7591,1,1.175562260868901e-06,0,0.8807628123443481,model::distilbert_sentiment_profile,DistilBERT + Sentiment Profile,42
20265,0,1.2519117262854706e-06,0,0.8807628123443481,model::distilbert_sentiment_profile,DistilBERT + Sentiment Profile,42
12991,1,2.1110033685545204e-06,0,0.8807628123443481,model::distilbert_sentiment_profile,DistilBERT + Sentiment Profile,42
4602,1,1.5511114952460048e-06,0,0.8807628123443481,model::distilbert_sentiment_profile,DistilBERT + Sentiment Profile,42
5286,1,1.4437213167184382e-06,0,0.8807628123443481,model::distilbert_sentiment_profile,DistilBERT + Sentiment Profile,42
1544,0,7.1405993367079645e-06,0,0.8807628123443481,model::distilbert_sentiment_profile,DistilBERT + Sentiment Profile,42
12179,0,5.572128429776058e-06,0,0.8807628123443481,model::distilbert_sentiment_profile,DistilBERT + Sentiment Profile,42
18950,0,8.573371133024921e-07,0,0.8807628123443481,model::distilbert_sentiment_profile,DistilBERT + Sentiment Profile,42
299,1,1.5161888313741656e-06,0,0.8807628123443481,model::distilbert_sentiment_profile,DistilBERT + Sentiment Profile,42
9220,1,1.5169177913776366e-06,0,0.8807628123443481,model::distilbert_sentiment_profile,DistilBERT + Sentiment Profile,42
5996,0,1.7768047655408736e-06,0,0.8807628123443481,model::distilbert_sentiment_profile,DistilBERT + Sentiment Profile,42
18391,1,1.3500514342013048e-06,0,0.8807628123443481,model::distilbert_sentiment_profile,DistilBERT + Sentiment Profile,42
1344,0,1.738683408802899e-06,0,0.8807628123443481,model::distilbert_sentiment_profile,DistilBERT + Sentiment Profile,42
18727,1,1.0401624876976712e-06,0,0.8807628123443481,model::distilbert_sentiment_profile,DistilBERT + Sentiment Profile,42
2307,1,1.5697411299697706e-06,0,0.8807628123443481,model::distilbert_sentiment_profile,DistilBERT + Sentiment Profile,42
6844,1,1.4568065580533585e-06,0,0.8807628123443481,model::distilbert_sentiment_profile,DistilBERT + Sentiment Profile,42
18049,1,1.6125312640724587e-06,0,0.8807628123443481,model::distilbert_sentiment_profile,DistilBERT + Sentiment Profile,42
16513,0,1.4924320339559929e-06,0,0.8807628123443481,model::distilbert_sentiment_profile,DistilBERT + Sentiment Profile,42
1636,1,1.3017350966038066e-06,0,0.8807628123443481,model::distilbert_sentiment_profile,DistilBERT + Sentiment Profile,42
5741,1,9.403791523254768e-07,0,0.8807628123443481,model::distilbert_sentiment_profile,DistilBERT + Sentiment Profile,42
7792,0,1.258434281226073e-06,0,0.8807628123443481,model::distilbert_sentiment_profile,DistilBERT + Sentiment Profile,42
17869,1,1.161972932095523e-06,0,0.8807628123443481,model::distilbert_sentiment_profile,DistilBERT + Sentiment Profile,42
5132,1,1.0802165206769132e-06,0,0.8807628123443481,model::distilbert_sentiment_profile,DistilBERT + Sentiment Profile,42
4576,1,1.6475880784128094e-06,0,0.8807628123443481,model::distilbert_sentiment_profile,DistilBERT + Sentiment Profile,42
5222,0,1.8030650608125145e-06,0,0.8807628123443481,model::distilbert_sentiment_profile,DistilBERT + Sentiment Profile,42
7317,1,1.103097815757792e-06,0,0.8807628123443481,model::distilbert_sentiment_profile,DistilBERT + Sentiment Profile,42
20554,0,4.89044259666116e-06,0,0.8807628123443481,model::distilbert_sentiment_profile,DistilBERT + Sentiment Profile,42
3513,0,3.612830596466665e-06,0,0.8807628123443481,model::distilbert_sentiment_profile,DistilBERT + Sentiment Profile,42
905,1,2.6343025183450663e-06,0,0.8807628123443481,model::distilbert_sentiment_profile,DistilBERT + Sentiment Profile,42
20667,0,1.589332669027499e-06,0,0.8807628123443481,model::distilbert_sentiment_profile,DistilBERT + Sentiment Profile,42
9661,0,1.2067981742802658e-06,0,0.8807628123443481,model::distilbert_sentiment_profile,DistilBERT + Sentiment Profile,42
10254,1,1.330202508142975e-06,0,0.8807628123443481,model::distilbert_sentiment_profile,DistilBERT + Sentiment Profile,42
8912,0,1.5011709137979778e-06,0,0.8807628123443481,model::distilbert_sentiment_profile,DistilBERT + Sentiment Profile,42
4089,0,1.4938445929146835e-06,0,0.8807628123443481,model::distilbert_sentiment_profile,DistilBERT + Sentiment Profile,42
17783,1,1.310144284616399e-06,0,0.8807628123443481,model::distilbert_sentiment_profile,DistilBERT + Sentiment Profile,42
16845,1,9.363485560243134e-07,0,0.8807628123443481,model::distilbert_sentiment_profile,DistilBERT + Sentiment Profile,42
17988,1,1.8529733551986285e-06,0,0.8807628123443481,model::distilbert_sentiment_profile,DistilBERT + Sentiment Profile,42
20016,0,4.455897851585178e-06,0,0.8807628123443481,model::distilbert_sentiment_profile,DistilBERT + Sentiment Profile,42
20641,1,1.1282911600574153e-06,0,0.8807628123443481,model::distilbert_sentiment_profile,DistilBERT + Sentiment Profile,42
16492,1,1.341630536444427e-06,0,0.8807628123443481,model::distilbert_sentiment_profile,DistilBERT + Sentiment Profile,42
5336,0,4.659268142859219e-06,0,0.8807628123443481,model::distilbert_sentiment_profile,DistilBERT + Sentiment Profile,42
17733,1,1.4560121144313598e-06,0,0.8807628123443481,model::distilbert_sentiment_profile,DistilBERT + Sentiment Profile,42
14810,1,1.841427774706972e-06,0,0.8807628123443481,model::distilbert_sentiment_profile,DistilBERT + Sentiment Profile,42
9299,1,1.3115594583723578e-06,0,0.8807628123443481,model::distilbert_sentiment_profile,DistilBERT + Sentiment Profile,42
16433,0,1.8287537386640904e-06,0,0.8807628123443481,model::distilbert_sentiment_profile,DistilBERT + Sentiment Profile,42
1734,1,9.833139529291657e-07,0,0.8807628123443481,model::distilbert_sentiment_profile,DistilBERT + Sentiment Profile,42
6052,0,1.5457333120139085e-06,0,0.8807628123443481,model::distilbert_sentiment_profile,DistilBERT + Sentiment Profile,42
5806,1,1.592903117852984e-06,0,0.8807628123443481,model::distilbert_sentiment_profile,DistilBERT + Sentiment Profile,42
15588,0,5.421029982244363e-06,0,0.8807628123443481,model::distilbert_sentiment_profile,DistilBERT + Sentiment Profile,42
15626,1,1.3586989098257618e-06,0,0.8807628123443481,model::distilbert_sentiment_profile,DistilBERT + Sentiment Profile,42
9918,1,1.2058501397405053e-06,0,0.8807628123443481,model::distilbert_sentiment_profile,DistilBERT + Sentiment Profile,42
14579,0,3.194838882336626e-06,0,0.8807628123443481,model::distilbert_sentiment_profile,DistilBERT + Sentiment Profile,42
16056,1,1.0918121233771672e-06,0,0.8807628123443481,model::distilbert_sentiment_profile,DistilBERT + Sentiment Profile,42
13238,0,1.0655977348505983e-05,0,0.8807628123443481,model::distilbert_sentiment_profile,DistilBERT + Sentiment Profile,42
11787,1,2.4759779080341104e-06,0,0.8807628123443481,model::distilbert_sentiment_profile,DistilBERT + Sentiment Profile,42
10176,1,1.5544447933280026e-06,0,0.8807628123443481,model::distilbert_sentiment_profile,DistilBERT + Sentiment Profile,42
1360,0,3.380593170732027e-06,0,0.8807628123443481,model::distilbert_sentiment_profile,DistilBERT + Sentiment Profile,42
3883,0,1.2382048453218886e-06,0,0.8807628123443481,model::distilbert_sentiment_profile,DistilBERT + Sentiment Profile,42
5387,0,1.9551785044313874e-06,0,0.8807628123443481,model::distilbert_sentiment_profile,DistilBERT + Sentiment Profile,42
20307,1,1.6869715864231694e-06,0,0.8807628123443481,model::distilbert_sentiment_profile,DistilBERT + Sentiment Profile,42
1963,0,1.516903353149246e-06,0,0.8807628123443481,model::distilbert_sentiment_profile,DistilBERT + Sentiment Profile,42
16002,0,1.6784936178737553e-06,0,0.8807628123443481,model::distilbert_sentiment_profile,DistilBERT + Sentiment Profile,42
19416,0,1.4578629361494675e-06,0,0.8807628123443481,model::distilbert_sentiment_profile,DistilBERT + Sentiment Profile,42
5518,0,2.155558377125999e-06,0,0.8807628123443481,model::distilbert_sentiment_profile,DistilBERT + Sentiment Profile,42
17651,0,2.003340796363773e-06,0,0.8807628123443481,model::distilbert_sentiment_profile,DistilBERT + Sentiment Profile,42
8179,0,4.573684236675035e-06,0,0.8807628123443481,model::distilbert_sentiment_profile,DistilBERT + Sentiment Profile,42
10276,0,5.6796397984726354e-06,0,0.8807628123443481,model::distilbert_sentiment_profile,DistilBERT + Sentiment Profile,42
13812,0,1.4774353758184589e-06,0,0.8807628123443481,model::distilbert_sentiment_profile,DistilBERT + Sentiment Profile,42
12745,0,1.4389173657036736e-06,0,0.8807628123443481,model::distilbert_sentiment_profile,DistilBERT + Sentiment Profile,42
11182,0,1.02509534372075e-06,0,0.8807628123443481,model::distilbert_sentiment_profile,DistilBERT + Sentiment Profile,42
13950,0,1.7209382576766077e-06,0,0.8807628123443481,model::distilbert_sentiment_profile,DistilBERT + Sentiment Profile,42
16749,1,1.8469380620445008e-06,0,0.8807628123443481,model::distilbert_sentiment_profile,DistilBERT + Sentiment Profile,42
6368,0,1.3545678712034714e-06,0,0.8807628123443481,model::distilbert_sentiment_profile,DistilBERT + Sentiment Profile,42
9739,1,1.8338639620196773e-06,0,0.8807628123443481,model::distilbert_sentiment_profile,DistilBERT + Sentiment Profile,42
7749,0,1.006589513963263e-06,0,0.8807628123443481,model::distilbert_sentiment_profile,DistilBERT + Sentiment Profile,42
20739,0,1.4667155028291743e-06,0,0.8807628123443481,model::distilbert_sentiment_profile,DistilBERT + Sentiment Profile,42
19228,1,1.1924246337002842e-06,0,0.8807628123443481,model::distilbert_sentiment_profile,DistilBERT + Sentiment Profile,42
2161,0,8.811495604277297e-07,0,0.8807628123443481,model::distilbert_sentiment_profile,DistilBERT + Sentiment Profile,42
6302,0,1.2877171684522182e-06,0,0.8807628123443481,model::distilbert_sentiment_profile,DistilBERT + Sentiment Profile,42
6784,1,1.0810039157149731e-06,0,0.8807628123443481,model::distilbert_sentiment_profile,DistilBERT + Sentiment Profile,42
20887,1,1.4234601621865297e-06,0,0.8807628123443481,model::distilbert_sentiment_profile,DistilBERT + Sentiment Profile,42
5202,0,1.4545327076120884e-06,0,0.8807628123443481,model::distilbert_sentiment_profile,DistilBERT + Sentiment Profile,42
6877,1,1.4004201602801911e-06,0,0.8807628123443481,model::distilbert_sentiment_profile,DistilBERT + Sentiment Profile,42
11013,0,1.016986061586067e-06,0,0.8807628123443481,model::distilbert_sentiment_profile,DistilBERT + Sentiment Profile,42
17333,1,1.7937571783477324e-06,0,0.8807628123443481,model::distilbert_sentiment_profile,DistilBERT + Sentiment Profile,42
16463,0,1.9458739188848995e-06,0,0.8807628123443481,model::distilbert_sentiment_profile,DistilBERT + Sentiment Profile,42
12128,1,1.2028752962578435e-06,0,0.8807628123443481,model::distilbert_sentiment_profile,DistilBERT + Sentiment Profile,42
20941,0,1.8233761238661828e-06,0,0.8807628123443481,model::distilbert_sentiment_profile,DistilBERT + Sentiment Profile,42
5545,1,1.7521446125101647e-06,0,0.8807628123443481,model::distilbert_sentiment_profile,DistilBERT + Sentiment Profile,42
16670,1,1.128662461269414e-06,0,0.8807628123443481,model::distilbert_sentiment_profile,DistilBERT + Sentiment Profile,42
17613,1,1.688233282948204e-06,0,0.8807628123443481,model::distilbert_sentiment_profile,DistilBERT + Sentiment Profile,42
3261,1,1.6507841564816772e-06,0,0.8807628123443481,model::distilbert_sentiment_profile,DistilBERT + Sentiment Profile,42
9418,0,1.307934553551604e-06,0,0.8807628123443481,model::distilbert_sentiment_profile,DistilBERT + Sentiment Profile,42
7179,1,2.0104798750253394e-06,0,0.8807628123443481,model::distilbert_sentiment_profile,DistilBERT + Sentiment Profile,42
8831,0,2.408285581623204e-06,0,0.8807628123443481,model::distilbert_sentiment_profile,DistilBERT + Sentiment Profile,42
16949,1,1.4577210549759911e-06,0,0.8807628123443481,model::distilbert_sentiment_profile,DistilBERT + Sentiment Profile,42
1284,0,1.2745997537422229e-06,0,0.8807628123443481,model::distilbert_sentiment_profile,DistilBERT + Sentiment Profile,42
12243,1,1.594238938196213e-06,0,0.8807628123443481,model::distilbert_sentiment_profile,DistilBERT + Sentiment Profile,42
11706,1,1.6119977317430312e-06,0,0.8807628123443481,model::distilbert_sentiment_profile,DistilBERT + Sentiment Profile,42
20237,0,1.7826382645580452e-06,0,0.8807628123443481,model::distilbert_sentiment_profile,DistilBERT + Sentiment Profile,42
835,0,1.4161914805299602e-06,0,0.8807628123443481,model::distilbert_sentiment_profile,DistilBERT + Sentiment Profile,42
16194,1,9.469243877902044e-07,0,0.8807628123443481,model::distilbert_sentiment_profile,DistilBERT + Sentiment Profile,42
2330,1,1.4214631391951116e-06,0,0.8807628123443481,model::distilbert_sentiment_profile,DistilBERT + Sentiment Profile,42
13622,1,1.2613793387572514e-06,0,0.8807628123443481,model::distilbert_sentiment_profile,DistilBERT + Sentiment Profile,42
18058,1,1.6034990721891518e-06,0,0.8807628123443481,model::distilbert_sentiment_profile,DistilBERT + Sentiment Profile,42
5015,0,3.169401907143765e-06,0,0.8807628123443481,model::distilbert_sentiment_profile,DistilBERT + Sentiment Profile,42
10920,0,8.372269917344966e-07,0,0.8807628123443481,model::distilbert_sentiment_profile,DistilBERT + Sentiment Profile,42
13464,0,2.664526164153358e-06,0,0.8807628123443481,model::distilbert_sentiment_profile,DistilBERT + Sentiment Profile,42
20656,1,1.4800442613704945e-06,0,0.8807628123443481,model::distilbert_sentiment_profile,DistilBERT + Sentiment Profile,42
12789,0,1.985092922041076e-06,0,0.8807628123443481,model::distilbert_sentiment_profile,DistilBERT + Sentiment Profile,42
19212,1,1.0828548511199187e-06,0,0.8807628123443481,model::distilbert_sentiment_profile,DistilBERT + Sentiment Profile,42
19282,1,1.0554236951065832e-06,0,0.8807628123443481,model::distilbert_sentiment_profile,DistilBERT + Sentiment Profile,42
288,0,1.9673825590871274e-06,0,0.8807628123443481,model::distilbert_sentiment_profile,DistilBERT + Sentiment Profile,42
15250,0,2.081163302136701e-06,0,0.8807628123443481,model::distilbert_sentiment_profile,DistilBERT + Sentiment Profile,42
10506,0,2.704628286664956e-06,0,0.8807628123443481,model::distilbert_sentiment_profile,DistilBERT + Sentiment Profile,42
3269,1,1.0894605111388955e-06,0,0.8807628123443481,model::distilbert_sentiment_profile,DistilBERT + Sentiment Profile,42
2241,1,1.5430615576406126e-06,0,0.8807628123443481,model::distilbert_sentiment_profile,DistilBERT + Sentiment Profile,42
12807,1,1.067126731868484e-06,0,0.8807628123443481,model::distilbert_sentiment_profile,DistilBERT + Sentiment Profile,42
21086,0,2.0750494513777085e-06,0,0.8807628123443481,model::distilbert_sentiment_profile,DistilBERT + Sentiment Profile,42
20188,0,1.7879469851322938e-06,0,0.8807628123443481,model::distilbert_sentiment_profile,DistilBERT + Sentiment Profile,42
11548,0,1.9019511228179908e-06,0,0.8807628123443481,model::distilbert_sentiment_profile,DistilBERT + Sentiment Profile,42
12955,1,1.1038691809517331e-06,0,0.8807628123443481,model::distilbert_sentiment_profile,DistilBERT + Sentiment Profile,42
10288,1,1.3076602272121818e-06,0,0.8807628123443481,model::distilbert_sentiment_profile,DistilBERT + Sentiment Profile,42
6633,1,1.767472326719144e-06,0,0.8807628123443481,model::distilbert_sentiment_profile,DistilBERT + Sentiment Profile,42
13995,0,1.7186602008223415e-06,0,0.8807628123443481,model::distilbert_sentiment_profile,DistilBERT + Sentiment Profile,42
14659,1,1.5588493624818511e-06,0,0.8807628123443481,model::distilbert_sentiment_profile,DistilBERT + Sentiment Profile,42
3708,1,2.7337605388311204e-06,0,0.8807628123443481,model::distilbert_sentiment_profile,DistilBERT + Sentiment Profile,42
14245,0,1.0140961421711836e-06,0,0.8807628123443481,model::distilbert_sentiment_profile,DistilBERT + Sentiment Profile,42
10751,0,1.4862920352243236e-06,0,0.8807628123443481,model::distilbert_sentiment_profile,DistilBERT + Sentiment Profile,42
20867,1,1.4346600210046745e-06,0,0.8807628123443481,model::distilbert_sentiment_profile,DistilBERT + Sentiment Profile,42
16297,1,1.4657814517704535e-06,0,0.8807628123443481,model::distilbert_sentiment_profile,DistilBERT + Sentiment Profile,42
19176,0,2.1601410935545573e-06,0,0.8807628123443481,model::distilbert_sentiment_profile,DistilBERT + Sentiment Profile,42
10463,1,1.256290374840319e-06,0,0.8807628123443481,model::distilbert_sentiment_profile,DistilBERT + Sentiment Profile,42
5943,0,2.7625476377579616e-06,0,0.8807628123443481,model::distilbert_sentiment_profile,DistilBERT + Sentiment Profile,42
6274,0,8.97564495971892e-06,0,0.8807628123443481,model::distilbert_sentiment_profile,DistilBERT + Sentiment Profile,42
7012,1,1.6076517113106092e-06,0,0.8807628123443481,model::distilbert_sentiment_profile,DistilBERT + Sentiment Profile,42
2528,0,9.71202098298818e-07,0,0.8807628123443481,model::distilbert_sentiment_profile,DistilBERT + Sentiment Profile,42
5244,1,1.0631781606207369e-06,0,0.8807628123443481,model::distilbert_sentiment_profile,DistilBERT + Sentiment Profile,42
3228,1,1.3725114058615873e-06,0,0.8807628123443481,model::distilbert_sentiment_profile,DistilBERT + Sentiment Profile,42
13679,1,1.2893133316538297e-06,0,0.8807628123443481,model::distilbert_sentiment_profile,DistilBERT + Sentiment Profile,42
2353,0,2.4246871817013016e-06,0,0.8807628123443481,model::distilbert_sentiment_profile,DistilBERT + Sentiment Profile,42
17868,0,1.3119409913997515e-06,0,0.8807628123443481,model::distilbert_sentiment_profile,DistilBERT + Sentiment Profile,42
10911,0,3.412082378417836e-06,0,0.8807628123443481,model::distilbert_sentiment_profile,DistilBERT + Sentiment Profile,42
17795,0,4.862066361965844e-06,0,0.8807628123443481,model::distilbert_sentiment_profile,DistilBERT + Sentiment Profile,42
4064,0,1.627092274247843e-06,0,0.8807628123443481,model::distilbert_sentiment_profile,DistilBERT + Sentiment Profile,42
11220,1,1.1192588544872706e-06,0,0.8807628123443481,model::distilbert_sentiment_profile,DistilBERT + Sentiment Profile,42
6330,0,1.8790703961713009e-06,0,0.8807628123443481,model::distilbert_sentiment_profile,DistilBERT + Sentiment Profile,42
3160,1,1.3178458857510122e-06,0,0.8807628123443481,model::distilbert_sentiment_profile,DistilBERT + Sentiment Profile,42
9211,0,1.880457830338856e-06,0,0.8807628123443481,model::distilbert_sentiment_profile,DistilBERT + Sentiment Profile,42
13829,1,1.3519982076104498e-06,0,0.8807628123443481,model::distilbert_sentiment_profile,DistilBERT + Sentiment Profile,42
20040,0,1.6017110056054662e-06,0,0.8807628123443481,model::distilbert_sentiment_profile,DistilBERT + Sentiment Profile,42
8151,0,2.382279035373358e-06,0,0.8807628123443481,model::distilbert_sentiment_profile,DistilBERT + Sentiment Profile,42
19258,1,1.8781547623802908e-06,0,0.8807628123443481,model::distilbert_sentiment_profile,DistilBERT + Sentiment Profile,42
18899,0,9.785915153770477e-07,0,0.8807628123443481,model::distilbert_sentiment_profile,DistilBERT + Sentiment Profile,42
21008,0,1.970674247786519e-06,0,0.8807628123443481,model::distilbert_sentiment_profile,DistilBERT + Sentiment Profile,42
17324,1,1.3273006516101304e-06,0,0.8807628123443481,model::distilbert_sentiment_profile,DistilBERT + Sentiment Profile,42
944,1,1.5759827647343627e-06,0,0.8807628123443481,model::distilbert_sentiment_profile,DistilBERT + Sentiment Profile,42
8278,0,2.1303519588400377e-06,0,0.8807628123443481,model::distilbert_sentiment_profile,DistilBERT + Sentiment Profile,42
17555,1,1.0632958264977788e-06,0,0.8807628123443481,model::distilbert_sentiment_profile,DistilBERT + Sentiment Profile,42
3857,1,1.7679577695162152e-06,0,0.8807628123443481,model::distilbert_sentiment_profile,DistilBERT + Sentiment Profile,42
12737,1,1.6450760540465126e-06,0,0.8807628123443481,model::distilbert_sentiment_profile,DistilBERT + Sentiment Profile,42
15545,0,1.9133415207761573e-06,0,0.8807628123443481,model::distilbert_sentiment_profile,DistilBERT + Sentiment Profile,42
8693,1,1.6897362229428836e-06,0,0.8807628123443481,model::distilbert_sentiment_profile,DistilBERT + Sentiment Profile,42
2521,1,1.564508806950471e-06,0,0.8807628123443481,model::distilbert_sentiment_profile,DistilBERT + Sentiment Profile,42
5398,1,1.3197752650739858e-06,0,0.8807628123443481,model::distilbert_sentiment_profile,DistilBERT + Sentiment Profile,42
14372,1,1.327651261817664e-06,0,0.8807628123443481,model::distilbert_sentiment_profile,DistilBERT + Sentiment Profile,42
14629,0,7.772521826154843e-07,0,0.8807628123443481,model::distilbert_sentiment_profile,DistilBERT + Sentiment Profile,42
5149,0,3.6181854738970287e-06,0,0.8807628123443481,model::distilbert_sentiment_profile,DistilBERT + Sentiment Profile,42
1411,1,1.6051362763391808e-06,0,0.8807628123443481,model::distilbert_sentiment_profile,DistilBERT + Sentiment Profile,42
20931,1,1.0703168982217903e-06,0,0.8807628123443481,model::distilbert_sentiment_profile,DistilBERT + Sentiment Profile,42
7180,0,3.669178113341332e-06,0,0.8807628123443481,model::distilbert_sentiment_profile,DistilBERT + Sentiment Profile,42
2091,0,1.5237438901749556e-06,0,0.8807628123443481,model::distilbert_sentiment_profile,DistilBERT + Sentiment Profile,42
2141,1,9.819851811698754e-07,0,0.8807628123443481,model::distilbert_sentiment_profile,DistilBERT + Sentiment Profile,42
6695,0,1.422590116817446e-06,0,0.8807628123443481,model::distilbert_sentiment_profile,DistilBERT + Sentiment Profile,42
7950,0,2.826497620844748e-06,0,0.8807628123443481,model::distilbert_sentiment_profile,DistilBERT + Sentiment Profile,42
17601,1,1.4297770576376934e-06,0,0.8807628123443481,model::distilbert_sentiment_profile,DistilBERT + Sentiment Profile,42
14362,0,1.72583611401933e-06,0,0.8807628123443481,model::distilbert_sentiment_profile,DistilBERT + Sentiment Profile,42
9196,1,1.299851874136948e-06,0,0.8807628123443481,model::distilbert_sentiment_profile,DistilBERT + Sentiment Profile,42
18311,1,1.4509637367154935e-06,0,0.8807628123443481,model::distilbert_sentiment_profile,DistilBERT + Sentiment Profile,42
18325,0,3.572419245756464e-06,0,0.8807628123443481,model::distilbert_sentiment_profile,DistilBERT + Sentiment Profile,42
2602,0,1.405482976224448e-06,0,0.8807628123443481,model::distilbert_sentiment_profile,DistilBERT + Sentiment Profile,42
17256,0,1.3262604170449777e-06,0,0.8807628123443481,model::distilbert_sentiment_profile,DistilBERT + Sentiment Profile,42
2691,1,1.5664900274714455e-06,0,0.8807628123443481,model::distilbert_sentiment_profile,DistilBERT + Sentiment Profile,42
19058,0,2.031335043284344e-06,0,0.8807628123443481,model::distilbert_sentiment_profile,DistilBERT + Sentiment Profile,42
9185,1,1.49641402913403e-06,0,0.8807628123443481,model::distilbert_sentiment_profile,DistilBERT + Sentiment Profile,42
20745,0,1.4042128668734222e-06,0,0.8807628123443481,model::distilbert_sentiment_profile,DistilBERT + Sentiment Profile,42
9544,0,1.7875975117931375e-06,0,0.8807628123443481,model::distilbert_sentiment_profile,DistilBERT + Sentiment Profile,42
11431,1,1.5450141290784811e-06,0,0.8807628123443481,model::distilbert_sentiment_profile,DistilBERT + Sentiment Profile,42
11528,0,2.150519549104501e-06,0,0.8807628123443481,model::distilbert_sentiment_profile,DistilBERT + Sentiment Profile,42
12441,0,1.2047421478200704e-06,0,0.8807628123443481,model::distilbert_sentiment_profile,DistilBERT + Sentiment Profile,42
11925,0,1.968888000192237e-06,0,0.8807628123443481,model::distilbert_sentiment_profile,DistilBERT + Sentiment Profile,42
2900,0,9.279231107939268e-07,0,0.8807628123443481,model::distilbert_sentiment_profile,DistilBERT + Sentiment Profile,42
16701,1,1.5416524092870532e-06,0,0.8807628123443481,model::distilbert_sentiment_profile,DistilBERT + Sentiment Profile,42
5660,0,1.2508556892498746e-06,0,0.8807628123443481,model::distilbert_sentiment_profile,DistilBERT + Sentiment Profile,42
346,1,1.49701929785806e-06,0,0.8807628123443481,model::distilbert_sentiment_profile,DistilBERT + Sentiment Profile,42
13438,1,1.6974889831544715e-06,0,0.8807628123443481,model::distilbert_sentiment_profile,DistilBERT + Sentiment Profile,42
1650,0,3.015213906110148e-06,0,0.8807628123443481,model::distilbert_sentiment_profile,DistilBERT + Sentiment Profile,42
7861,0,1.291492708332953e-06,0,0.8807628123443481,model::distilbert_sentiment_profile,DistilBERT + Sentiment Profile,42
21098,0,2.415840071989805e-06,0,0.8807628123443481,model::distilbert_sentiment_profile,DistilBERT + Sentiment Profile,42
3888,1,1.5907306760709616e-06,0,0.8807628123443481,model::distilbert_sentiment_profile,DistilBERT + Sentiment Profile,42
19944,0,5.903974397369893e-06,0,0.8807628123443481,model::distilbert_sentiment_profile,DistilBERT + Sentiment Profile,42
6096,1,1.2256527952558829e-06,0,0.8807628123443481,model::distilbert_sentiment_profile,DistilBERT + Sentiment Profile,42
12443,1,1.7982172266783891e-06,0,0.8807628123443481,model::distilbert_sentiment_profile,DistilBERT + Sentiment Profile,42
18921,0,2.2946585431782296e-06,0,0.8807628123443481,model::distilbert_sentiment_profile,DistilBERT + Sentiment Profile,42
19057,1,1.140246240538545e-06,0,0.8807628123443481,model::distilbert_sentiment_profile,DistilBERT + Sentiment Profile,42
10696,0,1.4378282457983005e-06,0,0.8807628123443481,model::distilbert_sentiment_profile,DistilBERT + Sentiment Profile,42
1091,0,1.3428364127321402e-06,0,0.8807628123443481,model::distilbert_sentiment_profile,DistilBERT + Sentiment Profile,42
10496,1,1.4328646784633747e-06,0,0.8807628123443481,model::distilbert_sentiment_profile,DistilBERT + Sentiment Profile,42
5579,1,9.980324193747947e-07,0,0.8807628123443481,model::distilbert_sentiment_profile,DistilBERT + Sentiment Profile,42
348,0,2.2010053726262413e-06,0,0.8807628123443481,model::distilbert_sentiment_profile,DistilBERT + Sentiment Profile,42
7791,0,2.1160321921342984e-06,0,0.8807628123443481,model::distilbert_sentiment_profile,DistilBERT + Sentiment Profile,42
6921,0,1.1133652151329445e-06,0,0.8807628123443481,model::distilbert_sentiment_profile,DistilBERT + Sentiment Profile,42
5961,0,1.7414415651728632e-06,0,0.8807628123443481,model::distilbert_sentiment_profile,DistilBERT + Sentiment Profile,42
423,0,1.9709693788172444e-06,0,0.8807628123443481,model::distilbert_sentiment_profile,DistilBERT + Sentiment Profile,42
5252,1,1.12620568870625e-06,0,0.8807628123443481,model::distilbert_sentiment_profile,DistilBERT + Sentiment Profile,42
6483,1,1.1408509408283862e-06,0,0.8807628123443481,model::distilbert_sentiment_profile,DistilBERT + Sentiment Profile,42
9998,0,3.038743670913391e-06,0,0.8807628123443481,model::distilbert_sentiment_profile,DistilBERT + Sentiment Profile,42
11973,1,1.256349037248583e-06,0,0.8807628123443481,model::distilbert_sentiment_profile,DistilBERT + Sentiment Profile,42
10073,0,2.3082841380528407e-06,0,0.8807628123443481,model::distilbert_sentiment_profile,DistilBERT + Sentiment Profile,42
16291,1,1.7058741832443047e-06,0,0.8807628123443481,model::distilbert_sentiment_profile,DistilBERT + Sentiment Profile,42
15117,0,1.8047441017188248e-06,0,0.8807628123443481,model::distilbert_sentiment_profile,DistilBERT + Sentiment Profile,42
6412,1,1.7131552567661856e-06,0,0.8807628123443481,model::distilbert_sentiment_profile,DistilBERT + Sentiment Profile,42
14392,0,1.2570753824547864e-06,0,0.8807628123443481,model::distilbert_sentiment_profile,DistilBERT + Sentiment Profile,42
13991,1,1.8600234170662588e-06,0,0.8807628123443481,model::distilbert_sentiment_profile,DistilBERT + Sentiment Profile,42
5799,0,1.005854414870555e-06,0,0.8807628123443481,model::distilbert_sentiment_profile,DistilBERT + Sentiment Profile,42
14778,1,1.7493113091404666e-06,0,0.8807628123443481,model::distilbert_sentiment_profile,DistilBERT + Sentiment Profile,42
15503,0,1.1899231822098957e-06,0,0.8807628123443481,model::distilbert_sentiment_profile,DistilBERT + Sentiment Profile,42
13030,1,1.686231712483277e-06,0,0.8807628123443481,model::distilbert_sentiment_profile,DistilBERT + Sentiment Profile,42
5198,1,1.4745497765034088e-06,0,0.8807628123443481,model::distilbert_sentiment_profile,DistilBERT + Sentiment Profile,42
6892,1,1.306366357312072e-06,0,0.8807628123443481,model::distilbert_sentiment_profile,DistilBERT + Sentiment Profile,42
3729,0,4.406186235428322e-06,0,0.8807628123443481,model::distilbert_sentiment_profile,DistilBERT + Sentiment Profile,42
8235,1,1.3311213251654408e-06,0,0.8807628123443481,model::distilbert_sentiment_profile,DistilBERT + Sentiment Profile,42
21073,0,5.197557584324386e-06,0,0.8807628123443481,model::distilbert_sentiment_profile,DistilBERT + Sentiment Profile,42
19901,0,1.9596529909904348e-06,0,0.8807628123443481,model::distilbert_sentiment_profile,DistilBERT + Sentiment Profile,42
16269,0,1.4054614894121189e-06,0,0.8807628123443481,model::distilbert_sentiment_profile,DistilBERT + Sentiment Profile,42
415,0,1.6936081692620064e-06,0,0.8807628123443481,model::distilbert_sentiment_profile,DistilBERT + Sentiment Profile,42
619,1,1.0005608146457234e-06,0,0.8807628123443481,model::distilbert_sentiment_profile,DistilBERT + Sentiment Profile,42
9421,1,1.2607682720044977e-06,0,0.8807628123443481,model::distilbert_sentiment_profile,DistilBERT + Sentiment Profile,42
1992,1,1.6029074458856485e-06,0,0.8807628123443481,model::distilbert_sentiment_profile,DistilBERT + Sentiment Profile,42
9633,0,1.725067590996332e-06,0,0.8807628123443481,model::distilbert_sentiment_profile,DistilBERT + Sentiment Profile,42
790,0,2.117998747053207e-06,0,0.8807628123443481,model::distilbert_sentiment_profile,DistilBERT + Sentiment Profile,42
7410,1,1.3790585171591374e-06,0,0.8807628123443481,model::distilbert_sentiment_profile,DistilBERT + Sentiment Profile,42
5427,0,2.66643519353238e-06,0,0.8807628123443481,model::distilbert_sentiment_profile,DistilBERT + Sentiment Profile,42
12704,0,2.810132400554721e-06,0,0.8807628123443481,model::distilbert_sentiment_profile,DistilBERT + Sentiment Profile,42
7225,1,1.2912033753309515e-06,0,0.8807628123443481,model::distilbert_sentiment_profile,DistilBERT + Sentiment Profile,42
3310,0,1.8126371514881608e-06,0,0.8807628123443481,model::distilbert_sentiment_profile,DistilBERT + Sentiment Profile,42
11385,0,2.065284888885799e-06,0,0.8807628123443481,model::distilbert_sentiment_profile,DistilBERT + Sentiment Profile,42
490,1,1.443651171939564e-06,0,0.8807628123443481,model::distilbert_sentiment_profile,DistilBERT + Sentiment Profile,42
1730,1,2.106138936142088e-06,0,0.8807628123443481,model::distilbert_sentiment_profile,DistilBERT + Sentiment Profile,42
20113,1,1.3800346323478152e-06,0,0.8807628123443481,model::distilbert_sentiment_profile,DistilBERT + Sentiment Profile,42
13770,0,2.211325181633584e-06,0,0.8807628123443481,model::distilbert_sentiment_profile,DistilBERT + Sentiment Profile,42
12039,1,2.2164956590131624e-06,0,0.8807628123443481,model::distilbert_sentiment_profile,DistilBERT + Sentiment Profile,42
8972,0,1.7599738839635393e-06,0,0.8807628123443481,model::distilbert_sentiment_profile,DistilBERT + Sentiment Profile,42
5955,0,1.4843174085399369e-06,0,0.8807628123443481,model::distilbert_sentiment_profile,DistilBERT + Sentiment Profile,42
18914,1,2.012052846112056e-06,0,0.8807628123443481,model::distilbert_sentiment_profile,DistilBERT + Sentiment Profile,42
13109,1,1.0148972933166078e-06,0,0.8807628123443481,model::distilbert_sentiment_profile,DistilBERT + Sentiment Profile,42
14314,0,2.523151351851993e-06,0,0.8807628123443481,model::distilbert_sentiment_profile,DistilBERT + Sentiment Profile,42
487,1,1.923618583532516e-06,0,0.8807628123443481,model::distilbert_sentiment_profile,DistilBERT + Sentiment Profile,42
613,0,1.4551112599292535e-06,0,0.8807628123443481,model::distilbert_sentiment_profile,DistilBERT + Sentiment Profile,42
18712,0,1.5122479908313835e-06,0,0.8807628123443481,model::distilbert_sentiment_profile,DistilBERT + Sentiment Profile,42
20055,0,1.079862158803735e-06,0,0.8807628123443481,model::distilbert_sentiment_profile,DistilBERT + Sentiment Profile,42
18631,0,3.047214249818353e-06,0,0.8807628123443481,model::distilbert_sentiment_profile,DistilBERT + Sentiment Profile,42
4749,1,1.9232993508921936e-06,0,0.8807628123443481,model::distilbert_sentiment_profile,DistilBERT + Sentiment Profile,42
13940,0,1.7367212876706617e-06,0,0.8807628123443481,model::distilbert_sentiment_profile,DistilBERT + Sentiment Profile,42
18683,0,1.754527374941972e-06,0,0.8807628123443481,model::distilbert_sentiment_profile,DistilBERT + Sentiment Profile,42
7674,1,1.389779072269448e-06,0,0.8807628123443481,model::distilbert_sentiment_profile,DistilBERT + Sentiment Profile,42
13468,0,1.2182064210719543e-06,0,0.8807628123443481,model::distilbert_sentiment_profile,DistilBERT + Sentiment Profile,42
1488,1,1.0500896223675229e-06,0,0.8807628123443481,model::distilbert_sentiment_profile,DistilBERT + Sentiment Profile,42
17143,0,1.7199719195559735e-06,0,0.8807628123443481,model::distilbert_sentiment_profile,DistilBERT + Sentiment Profile,42
8932,1,2.103038013956393e-06,0,0.8807628123443481,model::distilbert_sentiment_profile,DistilBERT + Sentiment Profile,42
10240,1,7.112490720828646e-07,0,0.8807628123443481,model::distilbert_sentiment_profile,DistilBERT + Sentiment Profile,42
5794,0,1.1354629805282457e-06,0,0.8807628123443481,model::distilbert_sentiment_profile,DistilBERT + Sentiment Profile,42
429,1,3.862738140014699e-06,0,0.8807628123443481,model::distilbert_sentiment_profile,DistilBERT + Sentiment Profile,42
14203,1,1.2052798865624936e-06,0,0.8807628123443481,model::distilbert_sentiment_profile,DistilBERT + Sentiment Profile,42
1602,0,1.0163035994992242e-06,0,0.8807628123443481,model::distilbert_sentiment_profile,DistilBERT + Sentiment Profile,42
10137,1,1.542696736578364e-06,0,0.8807628123443481,model::distilbert_sentiment_profile,DistilBERT + Sentiment Profile,42
21093,1,9.04535852441768e-07,0,0.8807628123443481,model::distilbert_sentiment_profile,DistilBERT + Sentiment Profile,42
20550,0,2.181137688239687e-06,0,0.8807628123443481,model::distilbert_sentiment_profile,DistilBERT + Sentiment Profile,42
16419,1,1.410203481100325e-06,0,0.8807628123443481,model::distilbert_sentiment_profile,DistilBERT + Sentiment Profile,42
3435,0,2.924874252130394e-06,0,0.8807628123443481,model::distilbert_sentiment_profile,DistilBERT + Sentiment Profile,42
19747,0,9.961943305825116e-07,0,0.8807628123443481,model::distilbert_sentiment_profile,DistilBERT + Sentiment Profile,42
896,0,2.432608198432717e-06,0,0.8807628123443481,model::distilbert_sentiment_profile,DistilBERT + Sentiment Profile,42
1158,0,1.5339633137045894e-06,0,0.8807628123443481,model::distilbert_sentiment_profile,DistilBERT + Sentiment Profile,42
3961,0,1.7340782960673096e-06,0,0.8807628123443481,model::distilbert_sentiment_profile,DistilBERT + Sentiment Profile,42
5649,1,8.590943707531551e-07,0,0.8807628123443481,model::distilbert_sentiment_profile,DistilBERT + Sentiment Profile,42
19197,0,3.782787871386972e-06,0,0.8807628123443481,model::distilbert_sentiment_profile,DistilBERT + Sentiment Profile,42
634,0,1.1592899227252929e-06,0,0.8807628123443481,model::distilbert_sentiment_profile,DistilBERT + Sentiment Profile,42
15856,1,1.1926110801141476e-06,0,0.8807628123443481,model::distilbert_sentiment_profile,DistilBERT + Sentiment Profile,42
11681,1,1.1690132168951095e-06,0,0.8807628123443481,model::distilbert_sentiment_profile,DistilBERT + Sentiment Profile,42
18629,1,1.3758821069131957e-06,0,0.8807628123443481,model::distilbert_sentiment_profile,DistilBERT + Sentiment Profile,42
908,1,1.476522584198392e-06,0,0.8807628123443481,model::distilbert_sentiment_profile,DistilBERT + Sentiment Profile,42
10067,0,1.3882319080948946e-06,0,0.8807628123443481,model::distilbert_sentiment_profile,DistilBERT + Sentiment Profile,42
18318,1,1.449089950256166e-06,0,0.8807628123443481,model::distilbert_sentiment_profile,DistilBERT + Sentiment Profile,42
8724,1,1.250396508112317e-06,0,0.8807628123443481,model::distilbert_sentiment_profile,DistilBERT + Sentiment Profile,42
17763,0,4.062474090460455e-06,0,0.8807628123443481,model::distilbert_sentiment_profile,DistilBERT + Sentiment Profile,42
10931,0,2.224201352873933e-06,0,0.8807628123443481,model::distilbert_sentiment_profile,DistilBERT + Sentiment Profile,42
5300,1,1.7533548088977111e-06,0,0.8807628123443481,model::distilbert_sentiment_profile,DistilBERT + Sentiment Profile,42
14296,0,2.450672354825656e-06,0,0.8807628123443481,model::distilbert_sentiment_profile,DistilBERT + Sentiment Profile,42
6517,0,1.2264338238310302e-06,0,0.8807628123443481,model::distilbert_sentiment_profile,DistilBERT + Sentiment Profile,42
9698,0,1.8867001472244736e-06,0,0.8807628123443481,model::distilbert_sentiment_profile,DistilBERT + Sentiment Profile,42
3299,1,1.0861542705242757e-06,0,0.8807628123443481,model::distilbert_sentiment_profile,DistilBERT + Sentiment Profile,42
15057,0,2.019243993345299e-06,0,0.8807628123443481,model::distilbert_sentiment_profile,DistilBERT + Sentiment Profile,42
18724,1,1.580737716722069e-06,0,0.8807628123443481,model::distilbert_sentiment_profile,DistilBERT + Sentiment Profile,42
4523,0,8.365502139895398e-07,0,0.8807628123443481,model::distilbert_sentiment_profile,DistilBERT + Sentiment Profile,42
15341,1,1.8059388366964413e-06,0,0.8807628123443481,model::distilbert_sentiment_profile,DistilBERT + Sentiment Profile,42
20812,0,1.62085907504661e-05,0,0.8807628123443481,model::distilbert_sentiment_profile,DistilBERT + Sentiment Profile,42
10438,1,1.3788927617497393e-06,0,0.8807628123443481,model::distilbert_sentiment_profile,DistilBERT + Sentiment Profile,42
4214,0,5.972486633254448e-06,0,0.8807628123443481,model::distilbert_sentiment_profile,DistilBERT + Sentiment Profile,42
17013,0,1.0184379561906098e-06,0,0.8807628123443481,model::distilbert_sentiment_profile,DistilBERT + Sentiment Profile,42
6937,1,1.1373052757335245e-06,0,0.8807628123443481,model::distilbert_sentiment_profile,DistilBERT + Sentiment Profile,42
1126,0,7.784814783917682e-07,0,0.8807628123443481,model::distilbert_sentiment_profile,DistilBERT + Sentiment Profile,42
10572,0,2.095128593282425e-06,0,0.8807628123443481,model::distilbert_sentiment_profile,DistilBERT + Sentiment Profile,42
10926,1,2.0007578314107377e-06,0,0.8807628123443481,model::distilbert_sentiment_profile,DistilBERT + Sentiment Profile,42
6536,1,1.834402837630477e-06,0,0.8807628123443481,model::distilbert_sentiment_profile,DistilBERT + Sentiment Profile,42
18459,0,1.5815443248357042e-06,0,0.8807628123443481,model::distilbert_sentiment_profile,DistilBERT + Sentiment Profile,42
11808,0,5.225389941188041e-06,0,0.8807628123443481,model::distilbert_sentiment_profile,DistilBERT + Sentiment Profile,42
11380,0,1.5351311049016658e-06,0,0.8807628123443481,model::distilbert_sentiment_profile,DistilBERT + Sentiment Profile,42
808,1,1.0434988553242874e-06,0,0.8807628123443481,model::distilbert_sentiment_profile,DistilBERT + Sentiment Profile,42
128,0,1.9504632291500457e-06,0,0.8807628123443481,model::distilbert_sentiment_profile,DistilBERT + Sentiment Profile,42
2751,0,2.548074917285703e-06,0,0.8807628123443481,model::distilbert_sentiment_profile,DistilBERT + Sentiment Profile,42
12590,1,1.301591055380413e-06,0,0.8807628123443481,model::distilbert_sentiment_profile,DistilBERT + Sentiment Profile,42
14014,0,1.0386497706349471e-06,0,0.8807628123443481,model::distilbert_sentiment_profile,DistilBERT + Sentiment Profile,42
18569,0,2.110976993208169e-06,0,0.8807628123443481,model::distilbert_sentiment_profile,DistilBERT + Sentiment Profile,42
3436,1,1.6162540532604908e-06,0,0.8807628123443481,model::distilbert_sentiment_profile,DistilBERT + Sentiment Profile,42
3401,0,1.7546243498145486e-06,0,0.8807628123443481,model::distilbert_sentiment_profile,DistilBERT + Sentiment Profile,42
15971,0,1.806362661227468e-06,0,0.8807628123443481,model::distilbert_sentiment_profile,DistilBERT + Sentiment Profile,42
9490,0,3.964323695981875e-06,0,0.8807628123443481,model::distilbert_sentiment_profile,DistilBERT + Sentiment Profile,42
20368,0,8.639451039016421e-07,0,0.8807628123443481,model::distilbert_sentiment_profile,DistilBERT + Sentiment Profile,42
6327,1,1.1946908671234269e-06,0,0.8807628123443481,model::distilbert_sentiment_profile,DistilBERT + Sentiment Profile,42
14955,0,2.8266786102904007e-06,0,0.8807628123443481,model::distilbert_sentiment_profile,DistilBERT + Sentiment Profile,42
4579,1,1.7314805518253706e-06,0,0.8807628123443481,model::distilbert_sentiment_profile,DistilBERT + Sentiment Profile,42
982,1,1.0900497500188069e-06,0,0.8807628123443481,model::distilbert_sentiment_profile,DistilBERT + Sentiment Profile,42
8426,1,1.5401093378386577e-06,0,0.8807628123443481,model::distilbert_sentiment_profile,DistilBERT + Sentiment Profile,42
6009,1,1.45421927300049e-06,0,0.8807628123443481,model::distilbert_sentiment_profile,DistilBERT + Sentiment Profile,42
334,0,2.098083996315836e-06,0,0.8807628123443481,model::distilbert_sentiment_profile,DistilBERT + Sentiment Profile,42
19831,1,1.2426362445694394e-06,0,0.8807628123443481,model::distilbert_sentiment_profile,DistilBERT + Sentiment Profile,42
6688,1,1.64290611337492e-06,0,0.8807628123443481,model::distilbert_sentiment_profile,DistilBERT + Sentiment Profile,42
2448,0,4.0317436287296005e-06,0,0.8807628123443481,model::distilbert_sentiment_profile,DistilBERT + Sentiment Profile,42
17841,1,1.1898936236320878e-06,0,0.8807628123443481,model::distilbert_sentiment_profile,DistilBERT + Sentiment Profile,42
16629,0,1.4598051620851038e-06,0,0.8807628123443481,model::distilbert_sentiment_profile,DistilBERT + Sentiment Profile,42
5068,1,1.3497025292963372e-06,0,0.8807628123443481,model::distilbert_sentiment_profile,DistilBERT + Sentiment Profile,42
5234,1,1.8357363842369525e-06,0,0.8807628123443481,model::distilbert_sentiment_profile,DistilBERT + Sentiment Profile,42
13878,1,2.396310719632311e-06,0,0.8807628123443481,model::distilbert_sentiment_profile,DistilBERT + Sentiment Profile,42
14440,1,2.305951738890144e-06,0,0.8807628123443481,model::distilbert_sentiment_profile,DistilBERT + Sentiment Profile,42
10785,1,9.54146457843308e-07,0,0.8807628123443481,model::distilbert_sentiment_profile,DistilBERT + Sentiment Profile,42
5471,0,1.512396465841448e-06,0,0.8807628123443481,model::distilbert_sentiment_profile,DistilBERT + Sentiment Profile,42
13068,0,2.5677877601992805e-06,0,0.8807628123443481,model::distilbert_sentiment_profile,DistilBERT + Sentiment Profile,42
11483,1,1.495546598562214e-06,0,0.8807628123443481,model::distilbert_sentiment_profile,DistilBERT + Sentiment Profile,42
8732,0,1.2380844509607414e-06,0,0.8807628123443481,model::distilbert_sentiment_profile,DistilBERT + Sentiment Profile,42
19263,1,1.6640551621094346e-06,0,0.8807628123443481,model::distilbert_sentiment_profile,DistilBERT + Sentiment Profile,42
9360,0,7.713972081546672e-06,0,0.8807628123443481,model::distilbert_sentiment_profile,DistilBERT + Sentiment Profile,42
14206,1,1.00811405445711e-06,0,0.8807628123443481,model::distilbert_sentiment_profile,DistilBERT + Sentiment Profile,42
688,0,2.309739556949353e-06,0,0.8807628123443481,model::distilbert_sentiment_profile,DistilBERT + Sentiment Profile,42
4075,0,1.0332792044209782e-06,0,0.8807628123443481,model::distilbert_sentiment_profile,DistilBERT + Sentiment Profile,42
11274,0,2.300664391441387e-06,0,0.8807628123443481,model::distilbert_sentiment_profile,DistilBERT + Sentiment Profile,42
13925,1,2.163730869142455e-06,0,0.8807628123443481,model::distilbert_sentiment_profile,DistilBERT + Sentiment Profile,42
7279,0,1.8149895595342969e-06,0,0.8807628123443481,model::distilbert_sentiment_profile,DistilBERT + Sentiment Profile,42
15247,0,9.791908723855158e-07,0,0.8807628123443481,model::distilbert_sentiment_profile,DistilBERT + Sentiment Profile,42
7024,0,1.1342248171786196e-06,0,0.8807628123443481,model::distilbert_sentiment_profile,DistilBERT + Sentiment Profile,42
7278,1,1.2892296581412666e-06,0,0.8807628123443481,model::distilbert_sentiment_profile,DistilBERT + Sentiment Profile,42
17680,1,1.1943639037781395e-06,0,0.8807628123443481,model::distilbert_sentiment_profile,DistilBERT + Sentiment Profile,42
6777,1,1.2577539791891468e-06,0,0.8807628123443481,model::distilbert_sentiment_profile,DistilBERT + Sentiment Profile,42
13849,0,2.3094530661182944e-06,0,0.8807628123443481,model::distilbert_sentiment_profile,DistilBERT + Sentiment Profile,42
3985,1,9.87028897725395e-07,0,0.8807628123443481,model::distilbert_sentiment_profile,DistilBERT + Sentiment Profile,42
6058,1,2.1206747078394983e-06,0,0.8807628123443481,model::distilbert_sentiment_profile,DistilBERT + Sentiment Profile,42
1079,0,1.934206693476881e-06,0,0.8807628123443481,model::distilbert_sentiment_profile,DistilBERT + Sentiment Profile,42
19594,0,9.56719645728299e-07,0,0.8807628123443481,model::distilbert_sentiment_profile,DistilBERT + Sentiment Profile,42
850,0,4.719547177955974e-06,0,0.8807628123443481,model::distilbert_sentiment_profile,DistilBERT + Sentiment Profile,42
4983,0,1.8384765780865564e-06,0,0.8807628123443481,model::distilbert_sentiment_profile,DistilBERT + Sentiment Profile,42
174,1,1.5529408301517833e-06,0,0.8807628123443481,model::distilbert_sentiment_profile,DistilBERT + Sentiment Profile,42
20094,0,1.1676994517983983e-06,0,0.8807628123443481,model::distilbert_sentiment_profile,DistilBERT + Sentiment Profile,42
20213,1,1.6191576150959008e-06,0,0.8807628123443481,model::distilbert_sentiment_profile,DistilBERT + Sentiment Profile,42
8534,0,3.5740990824706387e-06,0,0.8807628123443481,model::distilbert_sentiment_profile,DistilBERT + Sentiment Profile,42
11858,0,1.3650682149091151e-06,0,0.8807628123443481,model::distilbert_sentiment_profile,DistilBERT + Sentiment Profile,42
367,1,1.5659493328712415e-06,0,0.8807628123443481,model::distilbert_sentiment_profile,DistilBERT + Sentiment Profile,42
7143,0,1.289033093598846e-06,0,0.8807628123443481,model::distilbert_sentiment_profile,DistilBERT + Sentiment Profile,42
10376,0,1.2796726878150366e-06,0,0.8807628123443481,model::distilbert_sentiment_profile,DistilBERT + Sentiment Profile,42
8199,0,6.997655418672366e-06,0,0.8807628123443481,model::distilbert_sentiment_profile,DistilBERT + Sentiment Profile,42
20114,0,2.295507556482334e-06,0,0.8807628123443481,model::distilbert_sentiment_profile,DistilBERT + Sentiment Profile,42
11262,0,2.750282192209852e-06,0,0.8807628123443481,model::distilbert_sentiment_profile,DistilBERT + Sentiment Profile,42
9563,1,1.3052430176685448e-06,0,0.8807628123443481,model::distilbert_sentiment_profile,DistilBERT + Sentiment Profile,42
12761,1,1.1416738061598153e-06,0,0.8807628123443481,model::distilbert_sentiment_profile,DistilBERT + Sentiment Profile,42
17570,1,1.4685139149150928e-06,0,0.8807628123443481,model::distilbert_sentiment_profile,DistilBERT + Sentiment Profile,42
16713,0,3.0481239718938014e-06,0,0.8807628123443481,model::distilbert_sentiment_profile,DistilBERT + Sentiment Profile,42
5713,1,1.3812565384796471e-06,0,0.8807628123443481,model::distilbert_sentiment_profile,DistilBERT + Sentiment Profile,42
5414,0,2.3900797714304645e-06,0,0.8807628123443481,model::distilbert_sentiment_profile,DistilBERT + Sentiment Profile,42
18494,1,1.2944286709171138e-06,0,0.8807628123443481,model::distilbert_sentiment_profile,DistilBERT + Sentiment Profile,42
1935,1,1.1754950719478074e-06,0,0.8807628123443481,model::distilbert_sentiment_profile,DistilBERT + Sentiment Profile,42
16113,1,1.2924574548378589e-06,0,0.8807628123443481,model::distilbert_sentiment_profile,DistilBERT + Sentiment Profile,42
1441,0,1.1542902029759716e-06,0,0.8807628123443481,model::distilbert_sentiment_profile,DistilBERT + Sentiment Profile,42
1228,0,1.866181719378801e-06,0,0.8807628123443481,model::distilbert_sentiment_profile,DistilBERT + Sentiment Profile,42
19144,1,1.4215296459951787e-06,0,0.8807628123443481,model::distilbert_sentiment_profile,DistilBERT + Sentiment Profile,42
4712,1,1.4331462807604112e-06,0,0.8807628123443481,model::distilbert_sentiment_profile,DistilBERT + Sentiment Profile,42
11466,0,2.670158210094087e-06,0,0.8807628123443481,model::distilbert_sentiment_profile,DistilBERT + Sentiment Profile,42
17459,0,8.964026392277447e-07,0,0.8807628123443481,model::distilbert_sentiment_profile,DistilBERT + Sentiment Profile,42
8967,0,1.7643112641962944e-06,0,0.8807628123443481,model::distilbert_sentiment_profile,DistilBERT + Sentiment Profile,42
14341,0,8.835528433337458e-07,0,0.8807628123443481,model::distilbert_sentiment_profile,DistilBERT + Sentiment Profile,42
3632,0,9.473733371123672e-07,0,0.8807628123443481,model::distilbert_sentiment_profile,DistilBERT + Sentiment Profile,42
3480,1,1.1929272432098514e-06,0,0.8807628123443481,model::distilbert_sentiment_profile,DistilBERT + Sentiment Profile,42
6585,1,1.2572982086567208e-06,0,0.8807628123443481,model::distilbert_sentiment_profile,DistilBERT + Sentiment Profile,42
6008,0,8.732493370189331e-06,0,0.8807628123443481,model::distilbert_sentiment_profile,DistilBERT + Sentiment Profile,42
1254,0,2.29077295443858e-06,0,0.8807628123443481,model::distilbert_sentiment_profile,DistilBERT + Sentiment Profile,42
17474,0,4.11713563153171e-06,0,0.8807628123443481,model::distilbert_sentiment_profile,DistilBERT + Sentiment Profile,42
1177,1,1.4232415423975908e-06,0,0.8807628123443481,model::distilbert_sentiment_profile,DistilBERT + Sentiment Profile,42
11781,1,1.058668772202509e-06,0,0.8807628123443481,model::distilbert_sentiment_profile,DistilBERT + Sentiment Profile,42
2146,1,1.4551542335539125e-06,0,0.8807628123443481,model::distilbert_sentiment_profile,DistilBERT + Sentiment Profile,42
18172,1,1.3869403119315391e-06,0,0.8807628123443481,model::distilbert_sentiment_profile,DistilBERT + Sentiment Profile,42
7548,0,2.608719569252571e-06,0,0.8807628123443481,model::distilbert_sentiment_profile,DistilBERT + Sentiment Profile,42
764,0,2.276640543641406e-06,0,0.8807628123443481,model::distilbert_sentiment_profile,DistilBERT + Sentiment Profile,42
14320,1,1.2281145700399063e-06,0,0.8807628123443481,model::distilbert_sentiment_profile,DistilBERT + Sentiment Profile,42
15706,1,1.4035808817425275e-06,0,0.8807628123443481,model::distilbert_sentiment_profile,DistilBERT + Sentiment Profile,42
780,0,4.243098373990506e-06,0,0.8807628123443481,model::distilbert_sentiment_profile,DistilBERT + Sentiment Profile,42
3599,1,1.2271756304471635e-06,0,0.8807628123443481,model::distilbert_sentiment_profile,DistilBERT + Sentiment Profile,42
6337,0,2.133712769136764e-06,0,0.8807628123443481,model::distilbert_sentiment_profile,DistilBERT + Sentiment Profile,42
8245,0,2.022007492996636e-06,0,0.8807628123443481,model::distilbert_sentiment_profile,DistilBERT + Sentiment Profile,42
4228,1,1.379282025482098e-06,0,0.8807628123443481,model::distilbert_sentiment_profile,DistilBERT + Sentiment Profile,42
11837,0,1.5468186802536366e-06,0,0.8807628123443481,model::distilbert_sentiment_profile,DistilBERT + Sentiment Profile,42
3082,1,1.769853952282574e-06,0,0.8807628123443481,model::distilbert_sentiment_profile,DistilBERT + Sentiment Profile,42
13788,1,9.41894199968374e-07,0,0.8807628123443481,model::distilbert_sentiment_profile,DistilBERT + Sentiment Profile,42
18100,0,2.24770201384672e-06,0,0.8807628123443481,model::distilbert_sentiment_profile,DistilBERT + Sentiment Profile,42
3378,0,9.662796855991471e-07,0,0.8807628123443481,model::distilbert_sentiment_profile,DistilBERT + Sentiment Profile,42
15236,1,1.3912376743974164e-06,0,0.8807628123443481,model::distilbert_sentiment_profile,DistilBERT + Sentiment Profile,42
6983,1,1.1411774494263227e-06,0,0.8807628123443481,model::distilbert_sentiment_profile,DistilBERT + Sentiment Profile,42
2555,1,1.3009371286898386e-06,0,0.8807628123443481,model::distilbert_sentiment_profile,DistilBERT + Sentiment Profile,42
12868,0,2.03774561668979e-06,0,0.8807628123443481,model::distilbert_sentiment_profile,DistilBERT + Sentiment Profile,42
13479,1,1.678824901318876e-06,0,0.8807628123443481,model::distilbert_sentiment_profile,DistilBERT + Sentiment Profile,42
14049,0,2.0768409285665257e-06,0,0.8807628123443481,model::distilbert_sentiment_profile,DistilBERT + Sentiment Profile,42
6635,0,1.1723782336048316e-06,0,0.8807628123443481,model::distilbert_sentiment_profile,DistilBERT + Sentiment Profile,42
7378,1,1.8471159819455352e-06,0,0.8807628123443481,model::distilbert_sentiment_profile,DistilBERT + Sentiment Profile,42
20958,1,1.2082514331268612e-06,0,0.8807628123443481,model::distilbert_sentiment_profile,DistilBERT + Sentiment Profile,42
14303,1,1.4771450196349178e-06,0,0.8807628123443481,model::distilbert_sentiment_profile,DistilBERT + Sentiment Profile,42
20001,0,3.277902806075872e-06,0,0.8807628123443481,model::distilbert_sentiment_profile,DistilBERT + Sentiment Profile,42
2340,0,1.6382593912567245e-06,0,0.8807628123443481,model::distilbert_sentiment_profile,DistilBERT + Sentiment Profile,42
6722,0,1.472408143854409e-06,0,0.8807628123443481,model::distilbert_sentiment_profile,DistilBERT + Sentiment Profile,42
10561,0,1.6348351437045494e-06,0,0.8807628123443481,model::distilbert_sentiment_profile,DistilBERT + Sentiment Profile,42
8073,0,1.582949266776268e-06,0,0.8807628123443481,model::distilbert_sentiment_profile,DistilBERT + Sentiment Profile,42
8739,1,1.0278499757987447e-06,0,0.8807628123443481,model::distilbert_sentiment_profile,DistilBERT + Sentiment Profile,42
7683,0,1.9456922473182203e-06,0,0.8807628123443481,model::distilbert_sentiment_profile,DistilBERT + Sentiment Profile,42
562,1,1.4153058600641089e-06,0,0.8807628123443481,model::distilbert_sentiment_profile,DistilBERT + Sentiment Profile,42
481,0,4.058922968397383e-06,0,0.8807628123443481,model::distilbert_sentiment_profile,DistilBERT + Sentiment Profile,42
11690,0,2.966500460388488e-06,0,0.8807628123443481,model::distilbert_sentiment_profile,DistilBERT + Sentiment Profile,42
8968,0,3.4821480312530184e-06,0,0.8807628123443481,model::distilbert_sentiment_profile,DistilBERT + Sentiment Profile,42
10874,0,1.4879598211336995e-06,0,0.8807628123443481,model::distilbert_sentiment_profile,DistilBERT + Sentiment Profile,42
210,1,1.1520302223289036e-06,0,0.8807628123443481,model::distilbert_sentiment_profile,DistilBERT + Sentiment Profile,42
4549,1,1.0314263363397913e-06,0,0.8807628123443481,model::distilbert_sentiment_profile,DistilBERT + Sentiment Profile,42
1413,0,3.95204006053973e-06,0,0.8807628123443481,model::distilbert_sentiment_profile,DistilBERT + Sentiment Profile,42
15997,1,1.1917970823560609e-06,0,0.8807628123443481,model::distilbert_sentiment_profile,DistilBERT + Sentiment Profile,42
75,0,1.330438408331247e-06,0,0.8807628123443481,model::distilbert_sentiment_profile,DistilBERT + Sentiment Profile,42
2717,0,1.9941551272495417e-06,0,0.8807628123443481,model::distilbert_sentiment_profile,DistilBERT + Sentiment Profile,42
19926,1,1.057623308042821e-06,0,0.8807628123443481,model::distilbert_sentiment_profile,DistilBERT + Sentiment Profile,42
15315,1,1.53991561546718e-06,0,0.8807628123443481,model::distilbert_sentiment_profile,DistilBERT + Sentiment Profile,42
9835,0,3.7449087813001833e-06,0,0.8807628123443481,model::distilbert_sentiment_profile,DistilBERT + Sentiment Profile,42
5659,0,2.2767142127122497e-06,0,0.8807628123443481,model::distilbert_sentiment_profile,DistilBERT + Sentiment Profile,42
18648,0,1.1452056241978426e-05,0,0.8807628123443481,model::distilbert_sentiment_profile,DistilBERT + Sentiment Profile,42
9603,0,1.368568177895213e-06,0,0.8807628123443481,model::distilbert_sentiment_profile,DistilBERT + Sentiment Profile,42
18453,0,1.1864965472341282e-06,0,0.8807628123443481,model::distilbert_sentiment_profile,DistilBERT + Sentiment Profile,42
16468,1,1.356528969154169e-06,0,0.8807628123443481,model::distilbert_sentiment_profile,DistilBERT + Sentiment Profile,42
16588,1,1.6626528349661385e-06,0,0.8807628123443481,model::distilbert_sentiment_profile,DistilBERT + Sentiment Profile,42
16650,1,1.2693291182586108e-06,0,0.8807628123443481,model::distilbert_sentiment_profile,DistilBERT + Sentiment Profile,42
15928,0,2.716389872148284e-06,0,0.8807628123443481,model::distilbert_sentiment_profile,DistilBERT + Sentiment Profile,42
13095,0,1.6686906292306958e-06,0,0.8807628123443481,model::distilbert_sentiment_profile,DistilBERT + Sentiment Profile,42
14860,0,1.019923161038605e-06,0,0.8807628123443481,model::distilbert_sentiment_profile,DistilBERT + Sentiment Profile,42
4139,0,3.5029052014579065e-06,0,0.8807628123443481,model::distilbert_sentiment_profile,DistilBERT + Sentiment Profile,42
20110,0,2.0136096736678155e-06,0,0.8807628123443481,model::distilbert_sentiment_profile,DistilBERT + Sentiment Profile,42
4560,1,1.2200620176372468e-06,0,0.8807628123443481,model::distilbert_sentiment_profile,DistilBERT + Sentiment Profile,42
19539,1,2.0266754745534854e-06,0,0.8807628123443481,model::distilbert_sentiment_profile,DistilBERT + Sentiment Profile,42
9745,0,8.680108294356614e-07,0,0.8807628123443481,model::distilbert_sentiment_profile,DistilBERT + Sentiment Profile,42
5156,1,1.596513584445347e-06,0,0.8807628123443481,model::distilbert_sentiment_profile,DistilBERT + Sentiment Profile,42
20760,0,3.4257277548022103e-06,0,0.8807628123443481,model::distilbert_sentiment_profile,DistilBERT + Sentiment Profile,42
16958,1,1.438213530491339e-06,0,0.8807628123443481,model::distilbert_sentiment_profile,DistilBERT + Sentiment Profile,42
11575,0,9.08833271751064e-07,0,0.8807628123443481,model::distilbert_sentiment_profile,DistilBERT + Sentiment Profile,42
3619,1,1.1365874570401502e-06,0,0.8807628123443481,model::distilbert_sentiment_profile,DistilBERT + Sentiment Profile,42
10185,0,1.743187908687105e-06,0,0.8807628123443481,model::distilbert_sentiment_profile,DistilBERT + Sentiment Profile,42
2926,0,1.1067584182455905e-06,0,0.8807628123443481,model::distilbert_sentiment_profile,DistilBERT + Sentiment Profile,42
2115,1,1.4926284848115756e-06,0,0.8807628123443481,model::distilbert_sentiment_profile,DistilBERT + Sentiment Profile,42
1055,1,1.5675407212256689e-06,0,0.8807628123443481,model::distilbert_sentiment_profile,DistilBERT + Sentiment Profile,42
8123,1,1.448971147510747e-06,0,0.8807628123443481,model::distilbert_sentiment_profile,DistilBERT + Sentiment Profile,42
12769,0,4.858121883444255e-06,0,0.8807628123443481,model::distilbert_sentiment_profile,DistilBERT + Sentiment Profile,42
15160,0,1.7477137816968025e-06,0,0.8807628123443481,model::distilbert_sentiment_profile,DistilBERT + Sentiment Profile,42
5461,0,2.4532914721930865e-06,0,0.8807628123443481,model::distilbert_sentiment_profile,DistilBERT + Sentiment Profile,42
17879,0,1.959615929081337e-06,0,0.8807628123443481,model::distilbert_sentiment_profile,DistilBERT + Sentiment Profile,42
10608,0,2.310318905074382e-06,0,0.8807628123443481,model::distilbert_sentiment_profile,DistilBERT + Sentiment Profile,42
7532,0,2.096727712341817e-06,0,0.8807628123443481,model::distilbert_sentiment_profile,DistilBERT + Sentiment Profile,42
17132,0,2.01629995899566e-06,0,0.8807628123443481,model::distilbert_sentiment_profile,DistilBERT + Sentiment Profile,42
8408,1,1.4560148429154651e-06,0,0.8807628123443481,model::distilbert_sentiment_profile,DistilBERT + Sentiment Profile,42
10165,1,1.4687226439491496e-06,0,0.8807628123443481,model::distilbert_sentiment_profile,DistilBERT + Sentiment Profile,42
21091,1,1.4607437606173337e-06,0,0.8807628123443481,model::distilbert_sentiment_profile,DistilBERT + Sentiment Profile,42
12766,0,4.069892383995466e-06,0,0.8807628123443481,model::distilbert_sentiment_profile,DistilBERT + Sentiment Profile,42
2251,0,4.353843451099237e-06,0,0.8807628123443481,model::distilbert_sentiment_profile,DistilBERT + Sentiment Profile,42
8615,0,3.531421953084646e-06,0,0.8807628123443481,model::distilbert_sentiment_profile,DistilBERT + Sentiment Profile,42
8378,0,1.7145052879641298e-06,0,0.8807628123443481,model::distilbert_sentiment_profile,DistilBERT + Sentiment Profile,42
14277,0,1.5489266615986708e-06,0,0.8807628123443481,model::distilbert_sentiment_profile,DistilBERT + Sentiment Profile,42
19458,0,2.2067704321671044e-06,0,0.8807628123443481,model::distilbert_sentiment_profile,DistilBERT + Sentiment Profile,42
20796,0,1.923732270370237e-06,0,0.8807628123443481,model::distilbert_sentiment_profile,DistilBERT + Sentiment Profile,42
5845,1,1.1691370218613883e-06,0,0.8807628123443481,model::distilbert_sentiment_profile,DistilBERT + Sentiment Profile,42
1310,0,1.0446100304761783e-06,0,0.8807628123443481,model::distilbert_sentiment_profile,DistilBERT + Sentiment Profile,42
4280,1,1.22216056297475e-06,0,0.8807628123443481,model::distilbert_sentiment_profile,DistilBERT + Sentiment Profile,42
15389,1,1.2752818747685524e-06,0,0.8807628123443481,model::distilbert_sentiment_profile,DistilBERT + Sentiment Profile,42
496,1,1.3895710253564175e-06,0,0.8807628123443481,model::distilbert_sentiment_profile,DistilBERT + Sentiment Profile,42
18252,1,1.1320032626827017e-06,0,0.8807628123443481,model::distilbert_sentiment_profile,DistilBERT + Sentiment Profile,42
6519,0,1.726687173686514e-06,0,0.8807628123443481,model::distilbert_sentiment_profile,DistilBERT + Sentiment Profile,42
11741,0,1.2935845461470308e-06,0,0.8807628123443481,model::distilbert_sentiment_profile,DistilBERT + Sentiment Profile,42
484,1,1.4655912536909457e-06,0,0.8807628123443481,model::distilbert_sentiment_profile,DistilBERT + Sentiment Profile,42
9895,0,1.7006373127514962e-06,0,0.8807628123443481,model::distilbert_sentiment_profile,DistilBERT + Sentiment Profile,42
923,0,1.5854253661018447e-06,0,0.8807628123443481,model::distilbert_sentiment_profile,DistilBERT + Sentiment Profile,42
3798,0,1.058063162417966e-06,0,0.8807628123443481,model::distilbert_sentiment_profile,DistilBERT + Sentiment Profile,42
18139,0,7.982980605447665e-07,0,0.8807628123443481,model::distilbert_sentiment_profile,DistilBERT + Sentiment Profile,42
17468,1,1.2738524901578785e-06,0,0.8807628123443481,model::distilbert_sentiment_profile,DistilBERT + Sentiment Profile,42
15063,1,1.5345075325967628e-06,0,0.8807628123443481,model::distilbert_sentiment_profile,DistilBERT + Sentiment Profile,42
126,1,1.72708905665786e-06,0,0.8807628123443481,model::distilbert_sentiment_profile,DistilBERT + Sentiment Profile,42
21095,1,8.82823428582924e-07,0,0.8807628123443481,model::distilbert_sentiment_profile,DistilBERT + Sentiment Profile,42
15130,0,1.0130098644367536e-06,0,0.8807628123443481,model::distilbert_sentiment_profile,DistilBERT + Sentiment Profile,42
19359,1,1.19865660508367e-06,0,0.8807628123443481,model::distilbert_sentiment_profile,DistilBERT + Sentiment Profile,42
9491,1,2.4515140921721468e-06,0,0.8807628123443481,model::distilbert_sentiment_profile,DistilBERT + Sentiment Profile,42
19796,1,1.200622136821039e-06,0,0.8807628123443481,model::distilbert_sentiment_profile,DistilBERT + Sentiment Profile,42
13646,1,1.7619925074541245e-06,0,0.8807628123443481,model::distilbert_sentiment_profile,DistilBERT + Sentiment Profile,42
466,1,1.660516772972187e-06,0,0.8807628123443481,model::distilbert_sentiment_profile,DistilBERT + Sentiment Profile,42
6094,0,2.308913508386468e-06,0,0.8807628123443481,model::distilbert_sentiment_profile,DistilBERT + Sentiment Profile,42
15145,0,4.263793925929349e-06,0,0.8807628123443481,model::distilbert_sentiment_profile,DistilBERT + Sentiment Profile,42
16604,1,2.278252168252948e-06,0,0.8807628123443481,model::distilbert_sentiment_profile,DistilBERT + Sentiment Profile,42
17821,1,2.4519911221432267e-06,0,0.8807628123443481,model::distilbert_sentiment_profile,DistilBERT + Sentiment Profile,42
17419,1,1.178624643216608e-06,0,0.8807628123443481,model::distilbert_sentiment_profile,DistilBERT + Sentiment Profile,42
14877,1,1.2004642258034437e-06,0,0.8807628123443481,model::distilbert_sentiment_profile,DistilBERT + Sentiment Profile,42
8393,1,1.6412226386819384e-06,0,0.8807628123443481,model::distilbert_sentiment_profile,DistilBERT + Sentiment Profile,42
18878,1,1.3285265367812826e-06,0,0.8807628123443481,model::distilbert_sentiment_profile,DistilBERT + Sentiment Profile,42
6177,1,1.528640268588788e-06,0,0.8807628123443481,model::distilbert_sentiment_profile,DistilBERT + Sentiment Profile,42
7263,1,1.2931379842484605e-06,0,0.8807628123443481,model::distilbert_sentiment_profile,DistilBERT + Sentiment Profile,42
15386,0,1.8809295170285625e-06,0,0.8807628123443481,model::distilbert_sentiment_profile,DistilBERT + Sentiment Profile,42
14349,1,1.1985960099991644e-06,0,0.8807628123443481,model::distilbert_sentiment_profile,DistilBERT + Sentiment Profile,42
21131,1,1.7473772686571465e-06,0,0.8807628123443481,model::distilbert_sentiment_profile,DistilBERT + Sentiment Profile,42
9817,0,0.2139433920383453,0,0.8807628123443481,model::distilbert_sentiment_profile,DistilBERT + Sentiment Profile,42
10877,0,1.6052249520726036e-06,0,0.8807628123443481,model::distilbert_sentiment_profile,DistilBERT + Sentiment Profile,42
18463,1,1.4927793472452322e-06,0,0.8807628123443481,model::distilbert_sentiment_profile,DistilBERT + Sentiment Profile,42
6629,1,8.795451549303834e-07,0,0.8807628123443481,model::distilbert_sentiment_profile,DistilBERT + Sentiment Profile,42
14541,1,1.5601165159750965e-06,0,0.8807628123443481,model::distilbert_sentiment_profile,DistilBERT + Sentiment Profile,42
14884,1,1.191735805150529e-06,0,0.8807628123443481,model::distilbert_sentiment_profile,DistilBERT + Sentiment Profile,42
2215,0,1.366365381727519e-06,0,0.8807628123443481,model::distilbert_sentiment_profile,DistilBERT + Sentiment Profile,42
9773,1,1.7480073211117997e-06,0,0.8807628123443481,model::distilbert_sentiment_profile,DistilBERT + Sentiment Profile,42
18562,0,1.0204204272667994e-06,0,0.8807628123443481,model::distilbert_sentiment_profile,DistilBERT + Sentiment Profile,42
6143,1,1.3042898672210868e-06,0,0.8807628123443481,model::distilbert_sentiment_profile,DistilBERT + Sentiment Profile,42
11551,0,1.9225619780627312e-06,0,0.8807628123443481,model::distilbert_sentiment_profile,DistilBERT + Sentiment Profile,42
13996,1,1.4344684586831136e-06,0,0.8807628123443481,model::distilbert_sentiment_profile,DistilBERT + Sentiment Profile,42
9568,1,1.4272825410444057e-06,0,0.8807628123443481,model::distilbert_sentiment_profile,DistilBERT + Sentiment Profile,42
19372,1,1.1072303323089727e-06,0,0.8807628123443481,model::distilbert_sentiment_profile,DistilBERT + Sentiment Profile,42
8080,1,1.2320139148869202e-06,0,0.8807628123443481,model::distilbert_sentiment_profile,DistilBERT + Sentiment Profile,42
7987,1,1.6575532981732977e-06,0,0.8807628123443481,model::distilbert_sentiment_profile,DistilBERT + Sentiment Profile,42
20784,1,8.142636147567828e-07,0,0.8807628123443481,model::distilbert_sentiment_profile,DistilBERT + Sentiment Profile,42
16157,0,1.729966925267945e-06,0,0.8807628123443481,model::distilbert_sentiment_profile,DistilBERT + Sentiment Profile,42
13696,1,1.0807873422891134e-06,0,0.8807628123443481,model::distilbert_sentiment_profile,DistilBERT + Sentiment Profile,42
10440,1,1.2558915614135913e-06,0,0.8807628123443481,model::distilbert_sentiment_profile,DistilBERT + Sentiment Profile,42
15548,1,1.3582636029241255e-06,0,0.8807628123443481,model::distilbert_sentiment_profile,DistilBERT + Sentiment Profile,42
19883,0,8.751625273362151e-07,0,0.8807628123443481,model::distilbert_sentiment_profile,DistilBERT + Sentiment Profile,42
12834,1,1.4197398741089271e-06,0,0.8807628123443481,model::distilbert_sentiment_profile,DistilBERT + Sentiment Profile,42
20620,0,1.6384093441956793e-06,0,0.8807628123443481,model::distilbert_sentiment_profile,DistilBERT + Sentiment Profile,42
5767,0,2.303138444403885e-06,0,0.8807628123443481,model::distilbert_sentiment_profile,DistilBERT + Sentiment Profile,42
17817,0,2.2717822503182106e-06,0,0.8807628123443481,model::distilbert_sentiment_profile,DistilBERT + Sentiment Profile,42
20158,0,2.52044355875114e-06,0,0.8807628123443481,model::distilbert_sentiment_profile,DistilBERT + Sentiment Profile,42
880,0,1.890067778731464e-06,0,0.8807628123443481,model::distilbert_sentiment_profile,DistilBERT + Sentiment Profile,42
12576,0,1.3668163774127606e-06,0,0.8807628123443481,model::distilbert_sentiment_profile,DistilBERT + Sentiment Profile,42
644,1,1.3132791991665729e-06,0,0.8807628123443481,model::distilbert_sentiment_profile,DistilBERT + Sentiment Profile,42
19510,0,1.550825913909648e-06,0,0.8807628123443481,model::distilbert_sentiment_profile,DistilBERT + Sentiment Profile,42
15492,0,0.0005555379320867,0,0.8807628123443481,model::distilbert_sentiment_profile,DistilBERT + Sentiment Profile,42
7563,0,1.2302199365876731e-06,0,0.8807628123443481,model::distilbert_sentiment_profile,DistilBERT + Sentiment Profile,42
11597,0,1.7552905546835973e-06,0,0.8807628123443481,model::distilbert_sentiment_profile,DistilBERT + Sentiment Profile,42
16398,0,1.6394221802329412e-06,0,0.8807628123443481,model::distilbert_sentiment_profile,DistilBERT + Sentiment Profile,42
11855,1,1.6000299183360769e-06,0,0.8807628123443481,model::distilbert_sentiment_profile,DistilBERT + Sentiment Profile,42
2772,1,1.202524344989797e-06,0,0.8807628123443481,model::distilbert_sentiment_profile,DistilBERT + Sentiment Profile,42
21125,1,1.2645180049730698e-06,0,0.8807628123443481,model::distilbert_sentiment_profile,DistilBERT + Sentiment Profile,42
10189,1,2.1810089947393863e-06,0,0.8807628123443481,model::distilbert_sentiment_profile,DistilBERT + Sentiment Profile,42
5790,0,1.9839194465021137e-06,0,0.8807628123443481,model::distilbert_sentiment_profile,DistilBERT + Sentiment Profile,42
9368,0,2.116326868417673e-06,0,0.8807628123443481,model::distilbert_sentiment_profile,DistilBERT + Sentiment Profile,42
6941,0,1.8753162294160573e-06,0,0.8807628123443481,model::distilbert_sentiment_profile,DistilBERT + Sentiment Profile,42
3266,0,1.391622504343104e-06,0,0.8807628123443481,model::distilbert_sentiment_profile,DistilBERT + Sentiment Profile,42
11833,0,1.6240335298789432e-06,0,0.8807628123443481,model::distilbert_sentiment_profile,DistilBERT + Sentiment Profile,42
6764,1,1.454478592677333e-06,0,0.8807628123443481,model::distilbert_sentiment_profile,DistilBERT + Sentiment Profile,42
13066,1,1.1863878626172664e-06,0,0.8807628123443481,model::distilbert_sentiment_profile,DistilBERT + Sentiment Profile,42
20392,0,5.816423708893126e-06,0,0.8807628123443481,model::distilbert_sentiment_profile,DistilBERT + Sentiment Profile,42
394,0,2.375667691012495e-06,0,0.8807628123443481,model::distilbert_sentiment_profile,DistilBERT + Sentiment Profile,42
1023,0,1.13442388283147e-06,0,0.8807628123443481,model::distilbert_sentiment_profile,DistilBERT + Sentiment Profile,42
13531,1,1.6266841385004227e-06,0,0.8807628123443481,model::distilbert_sentiment_profile,DistilBERT + Sentiment Profile,42
12092,0,1.8371305259279325e-06,0,0.8807628123443481,model::distilbert_sentiment_profile,DistilBERT + Sentiment Profile,42
13760,1,1.5521812883889652e-06,0,0.8807628123443481,model::distilbert_sentiment_profile,DistilBERT + Sentiment Profile,42
2190,1,1.710040805846802e-06,0,0.8807628123443481,model::distilbert_sentiment_profile,DistilBERT + Sentiment Profile,42
18934,0,2.7453004349808907e-06,0,0.8807628123443481,model::distilbert_sentiment_profile,DistilBERT + Sentiment Profile,42
19211,1,4.387442913866835e-06,0,0.8807628123443481,model::distilbert_sentiment_profile,DistilBERT + Sentiment Profile,42
11587,0,2.1670100522896973e-06,0,0.8807628123443481,model::distilbert_sentiment_profile,DistilBERT + Sentiment Profile,42
17062,0,1.1051731689804e-06,0,0.8807628123443481,model::distilbert_sentiment_profile,DistilBERT + Sentiment Profile,42
2259,1,1.4497300071525387e-06,0,0.8807628123443481,model::distilbert_sentiment_profile,DistilBERT + Sentiment Profile,42
13809,1,1.4591453236789675e-06,0,0.8807628123443481,model::distilbert_sentiment_profile,DistilBERT + Sentiment Profile,42
1803,1,1.4733421949131298e-06,0,0.8807628123443481,model::distilbert_sentiment_profile,DistilBERT + Sentiment Profile,42
12667,1,1.3966189271741314e-06,0,0.8807628123443481,model::distilbert_sentiment_profile,DistilBERT + Sentiment Profile,42
17411,0,1.930845201059128e-06,0,0.8807628123443481,model::distilbert_sentiment_profile,DistilBERT + Sentiment Profile,42
8698,1,1.4300196653493913e-06,0,0.8807628123443481,model::distilbert_sentiment_profile,DistilBERT + Sentiment Profile,42
6460,1,1.262829641746066e-06,0,0.8807628123443481,model::distilbert_sentiment_profile,DistilBERT + Sentiment Profile,42
13965,1,1.6924149122132803e-06,0,0.8807628123443481,model::distilbert_sentiment_profile,DistilBERT + Sentiment Profile,42
11339,0,1.8735447611106792e-06,0,0.8807628123443481,model::distilbert_sentiment_profile,DistilBERT + Sentiment Profile,42
7569,1,1.5003722637629837e-06,0,0.8807628123443481,model::distilbert_sentiment_profile,DistilBERT + Sentiment Profile,42
7963,1,8.9921013568528e-07,0,0.8807628123443481,model::distilbert_sentiment_profile,DistilBERT + Sentiment Profile,42
3414,1,2.368035893596243e-06,0,0.8807628123443481,model::distilbert_sentiment_profile,DistilBERT + Sentiment Profile,42
2590,1,1.4898070048730006e-06,0,0.8807628123443481,model::distilbert_sentiment_profile,DistilBERT + Sentiment Profile,42
14210,1,1.7627622810323371e-06,0,0.8807628123443481,model::distilbert_sentiment_profile,DistilBERT + Sentiment Profile,42
10156,1,1.577996386004088e-06,0,0.8807628123443481,model::distilbert_sentiment_profile,DistilBERT + Sentiment Profile,42
8969,0,1.49307834362844e-06,0,0.8807628123443481,model::distilbert_sentiment_profile,DistilBERT + Sentiment Profile,42
4717,1,1.260907765754382e-06,0,0.8807628123443481,model::distilbert_sentiment_profile,DistilBERT + Sentiment Profile,42
16809,0,1.198988229589304e-06,0,0.8807628123443481,model::distilbert_sentiment_profile,DistilBERT + Sentiment Profile,42
4177,1,1.1066781553381588e-06,0,0.8807628123443481,model::distilbert_sentiment_profile,DistilBERT + Sentiment Profile,42
4534,1,2.01231955543335e-06,0,0.8807628123443481,model::distilbert_sentiment_profile,DistilBERT + Sentiment Profile,42
14469,0,1.34810215968173e-06,0,0.8807628123443481,model::distilbert_sentiment_profile,DistilBERT + Sentiment Profile,42
11927,1,1.4489725117527996e-06,0,0.8807628123443481,model::distilbert_sentiment_profile,DistilBERT + Sentiment Profile,42
19264,0,1.742976792229456e-06,0,0.8807628123443481,model::distilbert_sentiment_profile,DistilBERT + Sentiment Profile,42
16944,0,2.896693331422284e-06,0,0.8807628123443481,model::distilbert_sentiment_profile,DistilBERT + Sentiment Profile,42
20919,1,1.284468112316972e-06,0,0.8807628123443481,model::distilbert_sentiment_profile,DistilBERT + Sentiment Profile,42
5177,0,1.951802914845757e-06,0,0.8807628123443481,model::distilbert_sentiment_profile,DistilBERT + Sentiment Profile,42
18181,1,2.2689155230182223e-06,0,0.8807628123443481,model::distilbert_sentiment_profile,DistilBERT + Sentiment Profile,42
19414,1,1.330885197603493e-06,0,0.8807628123443481,model::distilbert_sentiment_profile,DistilBERT + Sentiment Profile,42
191,1,1.1767511978177936e-06,0,0.8807628123443481,model::distilbert_sentiment_profile,DistilBERT + Sentiment Profile,42
13914,1,1.9766769128182204e-06,0,0.8807628123443481,model::distilbert_sentiment_profile,DistilBERT + Sentiment Profile,42
20969,1,9.291070455219596e-07,0,0.8807628123443481,model::distilbert_sentiment_profile,DistilBERT + Sentiment Profile,42
8565,1,1.0968968808811042e-06,0,0.8807628123443481,model::distilbert_sentiment_profile,DistilBERT + Sentiment Profile,42
15773,1,1.646220198381343e-06,0,0.8807628123443481,model::distilbert_sentiment_profile,DistilBERT + Sentiment Profile,42
9829,1,1.5774562598380726e-06,0,0.8807628123443481,model::distilbert_sentiment_profile,DistilBERT + Sentiment Profile,42
14330,0,2.313074674020754e-06,0,0.8807628123443481,model::distilbert_sentiment_profile,DistilBERT + Sentiment Profile,42
19291,0,1.815761720536102e-06,0,0.8807628123443481,model::distilbert_sentiment_profile,DistilBERT + Sentiment Profile,42
10709,1,1.8205126934844884e-06,0,0.8807628123443481,model::distilbert_sentiment_profile,DistilBERT + Sentiment Profile,42
1170,0,1.5193008948699571e-06,0,0.8807628123443481,model::distilbert_sentiment_profile,DistilBERT + Sentiment Profile,42
15340,1,1.5900193375273377e-06,0,0.8807628123443481,model::distilbert_sentiment_profile,DistilBERT + Sentiment Profile,42
14324,1,1.2178498991488595e-06,0,0.8807628123443481,model::distilbert_sentiment_profile,DistilBERT + Sentiment Profile,42
18346,0,2.448355189699214e-06,0,0.8807628123443481,model::distilbert_sentiment_profile,DistilBERT + Sentiment Profile,42
14941,1,1.3783089798380388e-06,0,0.8807628123443481,model::distilbert_sentiment_profile,DistilBERT + Sentiment Profile,42
19736,0,1.0321101626686868e-06,0,0.8807628123443481,model::distilbert_sentiment_profile,DistilBERT + Sentiment Profile,42
17760,1,9.195489951707714e-07,0,0.8807628123443481,model::distilbert_sentiment_profile,DistilBERT + Sentiment Profile,42
10372,1,2.2682881990476744e-06,0,0.8807628123443481,model::distilbert_sentiment_profile,DistilBERT + Sentiment Profile,42
7236,1,9.250117614101327e-07,0,0.8807628123443481,model::distilbert_sentiment_profile,DistilBERT + Sentiment Profile,42
4339,1,1.4422131471292232e-06,0,0.8807628123443481,model::distilbert_sentiment_profile,DistilBERT + Sentiment Profile,42
6041,0,1.9933490875700954e-06,0,0.8807628123443481,model::distilbert_sentiment_profile,DistilBERT + Sentiment Profile,42
5369,0,1.1221296745134168e-06,0,0.8807628123443481,model::distilbert_sentiment_profile,DistilBERT + Sentiment Profile,42
16730,0,1.3838565564583405e-06,0,0.8807628123443481,model::distilbert_sentiment_profile,DistilBERT + Sentiment Profile,42
20508,1,1.109056483983295e-06,0,0.8807628123443481,model::distilbert_sentiment_profile,DistilBERT + Sentiment Profile,42
13592,1,1.1799945696111536e-06,0,0.8807628123443481,model::distilbert_sentiment_profile,DistilBERT + Sentiment Profile,42
8155,1,1.2874409094365546e-06,0,0.8807628123443481,model::distilbert_sentiment_profile,DistilBERT + Sentiment Profile,42
18328,0,1.6402196933995583e-06,0,0.8807628123443481,model::distilbert_sentiment_profile,DistilBERT + Sentiment Profile,42
19562,1,1.2912637430417815e-06,0,0.8807628123443481,model::distilbert_sentiment_profile,DistilBERT + Sentiment Profile,42
17565,0,1.66175709637173e-06,0,0.8807628123443481,model::distilbert_sentiment_profile,DistilBERT + Sentiment Profile,42
1493,0,1.6732417407183675e-06,0,0.8807628123443481,model::distilbert_sentiment_profile,DistilBERT + Sentiment Profile,42
15789,1,1.3682613371202024e-06,0,0.8807628123443481,model::distilbert_sentiment_profile,DistilBERT + Sentiment Profile,42
4254,1,1.0972662494168617e-06,0,0.8807628123443481,model::distilbert_sentiment_profile,DistilBERT + Sentiment Profile,42
19938,1,1.2633885262403055e-06,0,0.8807628123443481,model::distilbert_sentiment_profile,DistilBERT + Sentiment Profile,42
2511,0,4.928437192575075e-06,0,0.8807628123443481,model::distilbert_sentiment_profile,DistilBERT + Sentiment Profile,42
3060,1,1.6884572460185154e-06,0,0.8807628123443481,model::distilbert_sentiment_profile,DistilBERT + Sentiment Profile,42
5849,1,1.164377863460686e-06,0,0.8807628123443481,model::distilbert_sentiment_profile,DistilBERT + Sentiment Profile,42
18804,1,1.1573191613933886e-06,0,0.8807628123443481,model::distilbert_sentiment_profile,DistilBERT + Sentiment Profile,42
2992,1,1.6186203311008285e-06,0,0.8807628123443481,model::distilbert_sentiment_profile,DistilBERT + Sentiment Profile,42
1449,1,1.650160697863612e-06,0,0.8807628123443481,model::distilbert_sentiment_profile,DistilBERT + Sentiment Profile,42
20007,0,1.8289334775545283e-06,0,0.8807628123443481,model::distilbert_sentiment_profile,DistilBERT + Sentiment Profile,42
19349,1,1.6239174556176297e-06,0,0.8807628123443481,model::distilbert_sentiment_profile,DistilBERT + Sentiment Profile,42
17116,1,1.7869036810225225e-06,0,0.8807628123443481,model::distilbert_sentiment_profile,DistilBERT + Sentiment Profile,42
1129,0,1.223417598339438e-06,0,0.8807628123443481,model::distilbert_sentiment_profile,DistilBERT + Sentiment Profile,42
17084,1,1.5587304460495943e-06,0,0.8807628123443481,model::distilbert_sentiment_profile,DistilBERT + Sentiment Profile,42
11028,0,1.8940987729365588e-06,0,0.8807628123443481,model::distilbert_sentiment_profile,DistilBERT + Sentiment Profile,42
9985,1,1.0656510767148577e-06,0,0.8807628123443481,model::distilbert_sentiment_profile,DistilBERT + Sentiment Profile,42
9096,0,1.6298099581035783e-06,0,0.8807628123443481,model::distilbert_sentiment_profile,DistilBERT + Sentiment Profile,42
20664,0,1.3535722018787055e-06,0,0.8807628123443481,model::distilbert_sentiment_profile,DistilBERT + Sentiment Profile,42
6968,1,1.255932147614658e-06,0,0.8807628123443481,model::distilbert_sentiment_profile,DistilBERT + Sentiment Profile,42
15681,0,8.684860972607567e-07,0,0.8807628123443481,model::distilbert_sentiment_profile,DistilBERT + Sentiment Profile,42
7172,0,3.7335476008593113e-06,0,0.8807628123443481,model::distilbert_sentiment_profile,DistilBERT + Sentiment Profile,42
10656,0,2.134107717211009e-06,0,0.8807628123443481,model::distilbert_sentiment_profile,DistilBERT + Sentiment Profile,42
3398,0,1.566339165037789e-06,0,0.8807628123443481,model::distilbert_sentiment_profile,DistilBERT + Sentiment Profile,42
1970,1,1.7787986053008351e-06,0,0.8807628123443481,model::distilbert_sentiment_profile,DistilBERT + Sentiment Profile,42
3690,1,1.2559777360365842e-06,0,0.8807628123443481,model::distilbert_sentiment_profile,DistilBERT + Sentiment Profile,42
5829,0,2.947611619674717e-06,0,0.8807628123443481,model::distilbert_sentiment_profile,DistilBERT + Sentiment Profile,42
8905,0,3.873583864333341e-06,0,0.8807628123443481,model::distilbert_sentiment_profile,DistilBERT + Sentiment Profile,42
15440,0,2.1730322714574868e-06,0,0.8807628123443481,model::distilbert_sentiment_profile,DistilBERT + Sentiment Profile,42
49,1,1.4380339052877389e-06,0,0.8807628123443481,model::distilbert_sentiment_profile,DistilBERT + Sentiment Profile,42
2412,1,1.4937193100195143e-06,0,0.8807628123443481,model::distilbert_sentiment_profile,DistilBERT + Sentiment Profile,42
13478,0,2.5147292035399005e-06,0,0.8807628123443481,model::distilbert_sentiment_profile,DistilBERT + Sentiment Profile,42
17514,0,4.087707566213794e-06,0,0.8807628123443481,model::distilbert_sentiment_profile,DistilBERT + Sentiment Profile,42
3723,0,1.038485379467602e-06,0,0.8807628123443481,model::distilbert_sentiment_profile,DistilBERT + Sentiment Profile,42
7471,0,8.01626629254315e-06,0,0.8807628123443481,model::distilbert_sentiment_profile,DistilBERT + Sentiment Profile,42
25,1,1.407084255333757e-06,0,0.8807628123443481,model::distilbert_sentiment_profile,DistilBERT + Sentiment Profile,42
17971,1,9.759148724697295e-07,0,0.8807628123443481,model::distilbert_sentiment_profile,DistilBERT + Sentiment Profile,42
5061,1,1.249999513674993e-06,0,0.8807628123443481,model::distilbert_sentiment_profile,DistilBERT + Sentiment Profile,42
11342,0,2.525055379010155e-06,0,0.8807628123443481,model::distilbert_sentiment_profile,DistilBERT + Sentiment Profile,42
4069,1,1.4392686580322334e-06,0,0.8807628123443481,model::distilbert_sentiment_profile,DistilBERT + Sentiment Profile,42
1796,0,0.9996769428253174,1,0.8807628123443481,model::distilbert_sentiment_profile,DistilBERT + Sentiment Profile,42
13682,0,4.615784291672753e-06,0,0.8807628123443481,model::distilbert_sentiment_profile,DistilBERT + Sentiment Profile,42
8867,1,1.2491593679442303e-06,0,0.8807628123443481,model::distilbert_sentiment_profile,DistilBERT + Sentiment Profile,42
15767,1,2.2173201159603195e-06,0,0.8807628123443481,model::distilbert_sentiment_profile,DistilBERT + Sentiment Profile,42
20628,1,1.997101435335935e-06,0,0.8807628123443481,model::distilbert_sentiment_profile,DistilBERT + Sentiment Profile,42
6935,1,7.955756586852658e-07,0,0.8807628123443481,model::distilbert_sentiment_profile,DistilBERT + Sentiment Profile,42
20056,1,1.044765440383344e-06,0,0.8807628123443481,model::distilbert_sentiment_profile,DistilBERT + Sentiment Profile,42
5592,1,1.8491814444132613e-06,0,0.8807628123443481,model::distilbert_sentiment_profile,DistilBERT + Sentiment Profile,42
19316,1,1.6073695405793842e-06,0,0.8807628123443481,model::distilbert_sentiment_profile,DistilBERT + Sentiment Profile,42
7887,1,1.2560376490000635e-06,0,0.8807628123443481,model::distilbert_sentiment_profile,DistilBERT + Sentiment Profile,42
10219,1,1.0985424978571243e-06,0,0.8807628123443481,model::distilbert_sentiment_profile,DistilBERT + Sentiment Profile,42
15212,0,1.6451451756438471e-06,0,0.8807628123443481,model::distilbert_sentiment_profile,DistilBERT + Sentiment Profile,42
8530,0,1.3755186500929997e-06,0,0.8807628123443481,model::distilbert_sentiment_profile,DistilBERT + Sentiment Profile,42
11428,1,8.487553486702382e-07,0,0.8807628123443481,model::distilbert_sentiment_profile,DistilBERT + Sentiment Profile,42
4217,0,1.333894147137471e-06,0,0.8807628123443481,model::distilbert_sentiment_profile,DistilBERT + Sentiment Profile,42
15424,0,1.0936661283267313e-06,0,0.8807628123443481,model::distilbert_sentiment_profile,DistilBERT + Sentiment Profile,42
21114,1,1.7970601220440583e-06,0,0.8807628123443481,model::distilbert_sentiment_profile,DistilBERT + Sentiment Profile,42
5793,1,1.5878584918027627e-06,0,0.8807628123443481,model::distilbert_sentiment_profile,DistilBERT + Sentiment Profile,42
14533,1,2.041797642959864e-06,0,0.8807628123443481,model::distilbert_sentiment_profile,DistilBERT + Sentiment Profile,42
7866,1,1.4523550362355309e-06,0,0.8807628123443481,model::distilbert_sentiment_profile,DistilBERT + Sentiment Profile,42
19695,1,1.1826330137409968e-06,0,0.8807628123443481,model::distilbert_sentiment_profile,DistilBERT + Sentiment Profile,42
16004,1,1.832007569646521e-06,0,0.8807628123443481,model::distilbert_sentiment_profile,DistilBERT + Sentiment Profile,42
3239,0,1.942858943948522e-06,0,0.8807628123443481,model::distilbert_sentiment_profile,DistilBERT + Sentiment Profile,42
3527,0,1.2180252042526265e-06,0,0.8807628123443481,model::distilbert_sentiment_profile,DistilBERT + Sentiment Profile,42
16501,1,1.4335015521282912e-06,0,0.8807628123443481,model::distilbert_sentiment_profile,DistilBERT + Sentiment Profile,42
18416,0,1.2734321899188217e-06,0,0.8807628123443481,model::distilbert_sentiment_profile,DistilBERT + Sentiment Profile,42
19251,0,1.4742037137693842e-06,0,0.8807628123443481,model::distilbert_sentiment_profile,DistilBERT + Sentiment Profile,42
2961,1,1.5087762221810408e-06,0,0.8807628123443481,model::distilbert_sentiment_profile,DistilBERT + Sentiment Profile,42
11149,0,1.0775156624731608e-06,0,0.8807628123443481,model::distilbert_sentiment_profile,DistilBERT + Sentiment Profile,42
12669,1,1.1999010212093708e-06,0,0.8807628123443481,model::distilbert_sentiment_profile,DistilBERT + Sentiment Profile,42
20575,0,1.4469356983681791e-06,0,0.8807628123443481,model::distilbert_sentiment_profile,DistilBERT + Sentiment Profile,42
19971,0,2.453310116834473e-06,0,0.8807628123443481,model::distilbert_sentiment_profile,DistilBERT + Sentiment Profile,42
10848,0,2.5607598672650056e-06,0,0.8807628123443481,model::distilbert_sentiment_profile,DistilBERT + Sentiment Profile,42
9864,1,1.3593495395980426e-06,0,0.8807628123443481,model::distilbert_sentiment_profile,DistilBERT + Sentiment Profile,42
20475,0,1.809238369787636e-06,0,0.8807628123443481,model::distilbert_sentiment_profile,DistilBERT + Sentiment Profile,42
13271,1,1.2558555226860335e-06,0,0.8807628123443481,model::distilbert_sentiment_profile,DistilBERT + Sentiment Profile,42
15921,1,1.0945958592856186e-06,0,0.8807628123443481,model::distilbert_sentiment_profile,DistilBERT + Sentiment Profile,42
10018,1,1.3414449995252653e-06,0,0.8807628123443481,model::distilbert_sentiment_profile,DistilBERT + Sentiment Profile,42
16642,0,2.8591502996277995e-06,0,0.8807628123443481,model::distilbert_sentiment_profile,DistilBERT + Sentiment Profile,42
10634,0,1.3578750213127933e-06,0,0.8807628123443481,model::distilbert_sentiment_profile,DistilBERT + Sentiment Profile,42
16120,1,1.050576315719809e-06,0,0.8807628123443481,model::distilbert_sentiment_profile,DistilBERT + Sentiment Profile,42
14174,1,1.1385619700376992e-06,0,0.8807628123443481,model::distilbert_sentiment_profile,DistilBERT + Sentiment Profile,42
11296,0,1.120433580581448e-06,0,0.8807628123443481,model::distilbert_sentiment_profile,DistilBERT + Sentiment Profile,42
2168,1,1.6978468693196191e-06,0,0.8807628123443481,model::distilbert_sentiment_profile,DistilBERT + Sentiment Profile,42
5118,1,1.042154281094554e-06,0,0.8807628123443481,model::distilbert_sentiment_profile,DistilBERT + Sentiment Profile,42
2608,0,1.3506115692507592e-06,0,0.8807628123443481,model::distilbert_sentiment_profile,DistilBERT + Sentiment Profile,42
13813,1,7.282298497557349e-07,0,0.8807628123443481,model::distilbert_sentiment_profile,DistilBERT + Sentiment Profile,42
8051,1,2.419988277324592e-06,0,0.8807628123443481,model::distilbert_sentiment_profile,DistilBERT + Sentiment Profile,42
17462,0,2.180505589421955e-06,0,0.8807628123443481,model::distilbert_sentiment_profile,DistilBERT + Sentiment Profile,42
6082,1,1.4756807331650634e-06,0,0.8807628123443481,model::distilbert_sentiment_profile,DistilBERT + Sentiment Profile,42
14585,1,1.5448903241122023e-06,0,0.8807628123443481,model::distilbert_sentiment_profile,DistilBERT + Sentiment Profile,42
17465,0,1.5848811472096711e-06,0,0.8807628123443481,model::distilbert_sentiment_profile,DistilBERT + Sentiment Profile,42
4921,0,2.27085070036992e-06,0,0.8807628123443481,model::distilbert_sentiment_profile,DistilBERT + Sentiment Profile,42
4263,0,1.7579004634171724e-06,0,0.8807628123443481,model::distilbert_sentiment_profile,DistilBERT + Sentiment Profile,42
6430,1,1.3680004258276313e-06,0,0.8807628123443481,model::distilbert_sentiment_profile,DistilBERT + Sentiment Profile,42
7255,1,1.7563236269779736e-06,0,0.8807628123443481,model::distilbert_sentiment_profile,DistilBERT + Sentiment Profile,42
13883,1,1.0697433481254848e-06,0,0.8807628123443481,model::distilbert_sentiment_profile,DistilBERT + Sentiment Profile,42
7334,0,3.261889787609107e-06,0,0.8807628123443481,model::distilbert_sentiment_profile,DistilBERT + Sentiment Profile,42
14839,0,1.5068651464389404e-06,0,0.8807628123443481,model::distilbert_sentiment_profile,DistilBERT + Sentiment Profile,42
947,0,8.870642318470345e-07,0,0.8807628123443481,model::distilbert_sentiment_profile,DistilBERT + Sentiment Profile,42
9665,1,1.3966242704555043e-06,0,0.8807628123443481,model::distilbert_sentiment_profile,DistilBERT + Sentiment Profile,42
9765,1,1.856365884123079e-06,0,0.8807628123443481,model::distilbert_sentiment_profile,DistilBERT + Sentiment Profile,42
12532,0,1.2492641872086097e-06,0,0.8807628123443481,model::distilbert_sentiment_profile,DistilBERT + Sentiment Profile,42
6202,1,1.2371708635328105e-06,0,0.8807628123443481,model::distilbert_sentiment_profile,DistilBERT + Sentiment Profile,42
3441,0,9.79489755081886e-07,0,0.8807628123443481,model::distilbert_sentiment_profile,DistilBERT + Sentiment Profile,42
11841,1,1.414786311215721e-06,0,0.8807628123443481,model::distilbert_sentiment_profile,DistilBERT + Sentiment Profile,42
12968,0,1.6065465615611174e-06,0,0.8807628123443481,model::distilbert_sentiment_profile,DistilBERT + Sentiment Profile,42
913,0,1.6066493344624178e-06,0,0.8807628123443481,model::distilbert_sentiment_profile,DistilBERT + Sentiment Profile,42
1365,1,9.915669352267289e-07,0,0.8807628123443481,model::distilbert_sentiment_profile,DistilBERT + Sentiment Profile,42
849,0,2.1265275336190825e-06,0,0.8807628123443481,model::distilbert_sentiment_profile,DistilBERT + Sentiment Profile,42
18962,0,2.7566445623961044e-06,0,0.8807628123443481,model::distilbert_sentiment_profile,DistilBERT + Sentiment Profile,42
20352,1,1.2855698514613325e-06,0,0.8807628123443481,model::distilbert_sentiment_profile,DistilBERT + Sentiment Profile,42
9798,1,1.8050125163426856e-06,0,0.8807628123443481,model::distilbert_sentiment_profile,DistilBERT + Sentiment Profile,42
14501,0,1.0085948360938346e-06,0,0.8807628123443481,model::distilbert_sentiment_profile,DistilBERT + Sentiment Profile,42
3732,1,1.1876828693857533e-06,0,0.8807628123443481,model::distilbert_sentiment_profile,DistilBERT + Sentiment Profile,42
12595,1,1.2371461934890249e-06,0,0.8807628123443481,model::distilbert_sentiment_profile,DistilBERT + Sentiment Profile,42
6974,1,2.5514136723359115e-06,0,0.8807628123443481,model::distilbert_sentiment_profile,DistilBERT + Sentiment Profile,42
8882,1,1.6038309240684612e-06,0,0.8807628123443481,model::distilbert_sentiment_profile,DistilBERT + Sentiment Profile,42
16266,0,1.4032676745046049e-06,0,0.8807628123443481,model::distilbert_sentiment_profile,DistilBERT + Sentiment Profile,42
15334,1,8.842305305734044e-07,0,0.8807628123443481,model::distilbert_sentiment_profile,DistilBERT + Sentiment Profile,42
6697,1,1.0995466936947196e-06,0,0.8807628123443481,model::distilbert_sentiment_profile,DistilBERT + Sentiment Profile,42
4665,1,8.847602543937683e-07,0,0.8807628123443481,model::distilbert_sentiment_profile,DistilBERT + Sentiment Profile,42
20143,0,1.231008582180948e-06,0,0.8807628123443481,model::distilbert_sentiment_profile,DistilBERT + Sentiment Profile,42
6868,0,1.6195358512050009e-06,0,0.8807628123443481,model::distilbert_sentiment_profile,DistilBERT + Sentiment Profile,42
5364,1,2.165324303859961e-06,0,0.8807628123443481,model::distilbert_sentiment_profile,DistilBERT + Sentiment Profile,42
6120,1,1.6587188156336197e-06,0,0.8807628123443481,model::distilbert_sentiment_profile,DistilBERT + Sentiment Profile,42
11173,0,2.4385358301515225e-06,0,0.8807628123443481,model::distilbert_sentiment_profile,DistilBERT + Sentiment Profile,42
15071,0,5.595746188191697e-06,0,0.8807628123443481,model::distilbert_sentiment_profile,DistilBERT + Sentiment Profile,42
10881,0,1.3816043065162376e-06,0,0.8807628123443481,model::distilbert_sentiment_profile,DistilBERT + Sentiment Profile,42
12164,1,1.5321693354053425e-06,0,0.8807628123443481,model::distilbert_sentiment_profile,DistilBERT + Sentiment Profile,42
3926,1,1.3643731335832854e-06,0,0.8807628123443481,model::distilbert_sentiment_profile,DistilBERT + Sentiment Profile,42
5021,1,1.706046759863966e-06,0,0.8807628123443481,model::distilbert_sentiment_profile,DistilBERT + Sentiment Profile,42
11604,1,2.4654550543345977e-06,0,0.8807628123443481,model::distilbert_sentiment_profile,DistilBERT + Sentiment Profile,42
18608,1,1.5938695696604557e-06,0,0.8807628123443481,model::distilbert_sentiment_profile,DistilBERT + Sentiment Profile,42
8138,0,3.2541342989134137e-06,0,0.8807628123443481,model::distilbert_sentiment_profile,DistilBERT + Sentiment Profile,42
20209,0,1.4678167872261838e-06,0,0.8807628123443481,model::distilbert_sentiment_profile,DistilBERT + Sentiment Profile,42
12932,0,1.34402000639966e-06,0,0.8807628123443481,model::distilbert_sentiment_profile,DistilBERT + Sentiment Profile,42
17276,1,1.793150090634299e-06,0,0.8807628123443481,model::distilbert_sentiment_profile,DistilBERT + Sentiment Profile,42
2885,1,1.0033528496933286e-06,0,0.8807628123443481,model::distilbert_sentiment_profile,DistilBERT + Sentiment Profile,42
8594,0,1.2113896445953287e-06,0,0.8807628123443481,model::distilbert_sentiment_profile,DistilBERT + Sentiment Profile,42
12423,1,1.799998244678136e-06,0,0.8807628123443481,model::distilbert_sentiment_profile,DistilBERT + Sentiment Profile,42
15119,0,2.049122485914268e-06,0,0.8807628123443481,model::distilbert_sentiment_profile,DistilBERT + Sentiment Profile,42
10228,0,1.5278532146112411e-06,0,0.8807628123443481,model::distilbert_sentiment_profile,DistilBERT + Sentiment Profile,42
5378,1,1.6476824384881184e-06,0,0.8807628123443481,model::distilbert_sentiment_profile,DistilBERT + Sentiment Profile,42
18305,1,1.8311534404347185e-06,0,0.8807628123443481,model::distilbert_sentiment_profile,DistilBERT + Sentiment Profile,42
1619,0,1.0401099643786438e-06,0,0.8807628123443481,model::distilbert_sentiment_profile,DistilBERT + Sentiment Profile,42
10250,1,9.744287581270328e-07,0,0.8807628123443481,model::distilbert_sentiment_profile,DistilBERT + Sentiment Profile,42
13321,0,1.0915539405687014e-06,0,0.8807628123443481,model::distilbert_sentiment_profile,DistilBERT + Sentiment Profile,42
14508,1,1.5094252603375935e-06,0,0.8807628123443481,model::distilbert_sentiment_profile,DistilBERT + Sentiment Profile,42
18074,1,1.4781160189158982e-06,0,0.8807628123443481,model::distilbert_sentiment_profile,DistilBERT + Sentiment Profile,42
18548,1,1.6418222230640822e-06,0,0.8807628123443481,model::distilbert_sentiment_profile,DistilBERT + Sentiment Profile,42
16401,1,1.2089014944649534e-06,0,0.8807628123443481,model::distilbert_sentiment_profile,DistilBERT + Sentiment Profile,42
18906,0,2.377920736762462e-06,0,0.8807628123443481,model::distilbert_sentiment_profile,DistilBERT + Sentiment Profile,42
11862,0,1.5458483630936826e-06,0,0.8807628123443481,model::distilbert_sentiment_profile,DistilBERT + Sentiment Profile,42
21074,0,1.710318088044005e-06,0,0.8807628123443481,model::distilbert_sentiment_profile,DistilBERT + Sentiment Profile,42
19687,1,2.0073055111424765e-06,0,0.8807628123443481,model::distilbert_sentiment_profile,DistilBERT + Sentiment Profile,42
18495,1,1.1515732012412627e-06,0,0.8807628123443481,model::distilbert_sentiment_profile,DistilBERT + Sentiment Profile,42
9398,1,1.0437515811645426e-06,0,0.8807628123443481,model::distilbert_sentiment_profile,DistilBERT + Sentiment Profile,42
11589,0,1.3759266721535823e-06,0,0.8807628123443481,model::distilbert_sentiment_profile,DistilBERT + Sentiment Profile,42
702,0,1.255793222298962e-06,0,0.8807628123443481,model::distilbert_sentiment_profile,DistilBERT + Sentiment Profile,42
6624,1,2.7757359930546954e-06,0,0.8807628123443481,model::distilbert_sentiment_profile,DistilBERT + Sentiment Profile,42
2681,1,8.742039767639653e-07,0,0.8807628123443481,model::distilbert_sentiment_profile,DistilBERT + Sentiment Profile,42
4359,1,1.1014735719072632e-06,0,0.8807628123443481,model::distilbert_sentiment_profile,DistilBERT + Sentiment Profile,42
8981,1,1.1357651601429095e-06,0,0.8807628123443481,model::distilbert_sentiment_profile,DistilBERT + Sentiment Profile,42
201,0,1.3626541885969343e-06,0,0.8807628123443481,model::distilbert_sentiment_profile,DistilBERT + Sentiment Profile,42
4761,0,2.034483486568206e-06,0,0.8807628123443481,model::distilbert_sentiment_profile,DistilBERT + Sentiment Profile,42
19171,0,2.1287737581587862e-06,0,0.8807628123443481,model::distilbert_sentiment_profile,DistilBERT + Sentiment Profile,42
18927,0,1.7820416360336822e-06,0,0.8807628123443481,model::distilbert_sentiment_profile,DistilBERT + Sentiment Profile,42
2522,1,1.3961448530608322e-06,0,0.8807628123443481,model::distilbert_sentiment_profile,DistilBERT + Sentiment Profile,42
20437,0,1.70564987911348e-06,0,0.8807628123443481,model::distilbert_sentiment_profile,DistilBERT + Sentiment Profile,42
16968,1,1.6145625068020308e-06,0,0.8807628123443481,model::distilbert_sentiment_profile,DistilBERT + Sentiment Profile,42
2417,0,4.628108854376478e-06,0,0.8807628123443481,model::distilbert_sentiment_profile,DistilBERT + Sentiment Profile,42
20291,0,1.4261681826610584e-06,0,0.8807628123443481,model::distilbert_sentiment_profile,DistilBERT + Sentiment Profile,42
10430,0,1.243976043951989e-06,0,0.8807628123443481,model::distilbert_sentiment_profile,DistilBERT + Sentiment Profile,42
14417,0,2.250949592053076e-06,0,0.8807628123443481,model::distilbert_sentiment_profile,DistilBERT + Sentiment Profile,42
20335,1,1.541226083645597e-06,0,0.8807628123443481,model::distilbert_sentiment_profile,DistilBERT + Sentiment Profile,42
12330,0,1.593137085365015e-06,0,0.8807628123443481,model::distilbert_sentiment_profile,DistilBERT + Sentiment Profile,42
12502,0,2.309215460627456e-06,0,0.8807628123443481,model::distilbert_sentiment_profile,DistilBERT + Sentiment Profile,42
9690,1,2.0850748114753515e-06,0,0.8807628123443481,model::distilbert_sentiment_profile,DistilBERT + Sentiment Profile,42
11811,1,2.1627529349643737e-06,0,0.8807628123443481,model::distilbert_sentiment_profile,DistilBERT + Sentiment Profile,42
13900,0,1.1408989166739048e-06,0,0.8807628123443481,model::distilbert_sentiment_profile,DistilBERT + Sentiment Profile,42
10589,0,2.0302002212702064e-06,0,0.8807628123443481,model::distilbert_sentiment_profile,DistilBERT + Sentiment Profile,42
11457,0,1.3488378272086263e-06,0,0.8807628123443481,model::distilbert_sentiment_profile,DistilBERT + Sentiment Profile,42
11593,0,1.8573344959804672e-06,0,0.8807628123443481,model::distilbert_sentiment_profile,DistilBERT + Sentiment Profile,42
19874,1,1.2207952977405512e-06,0,0.8807628123443481,model::distilbert_sentiment_profile,DistilBERT + Sentiment Profile,42
8546,1,1.5872468566158204e-06,0,0.8807628123443481,model::distilbert_sentiment_profile,DistilBERT + Sentiment Profile,42
13087,1,1.473465886192571e-06,0,0.8807628123443481,model::distilbert_sentiment_profile,DistilBERT + Sentiment Profile,42
4053,1,8.252348493442696e-07,0,0.8807628123443481,model::distilbert_sentiment_profile,DistilBERT + Sentiment Profile,42
11035,0,1.3638319842357305e-06,0,0.8807628123443481,model::distilbert_sentiment_profile,DistilBERT + Sentiment Profile,42
7106,0,1.8662921092982288e-06,0,0.8807628123443481,model::distilbert_sentiment_profile,DistilBERT + Sentiment Profile,42
16967,1,1.1297502169327345e-06,0,0.8807628123443481,model::distilbert_sentiment_profile,DistilBERT + Sentiment Profile,42
14055,0,9.933463616107474e-07,0,0.8807628123443481,model::distilbert_sentiment_profile,DistilBERT + Sentiment Profile,42
18254,1,1.779650233402208e-06,0,0.8807628123443481,model::distilbert_sentiment_profile,DistilBERT + Sentiment Profile,42
4141,1,1.888359747681534e-06,0,0.8807628123443481,model::distilbert_sentiment_profile,DistilBERT + Sentiment Profile,42
14685,1,1.3073833997623296e-06,0,0.8807628123443481,model::distilbert_sentiment_profile,DistilBERT + Sentiment Profile,42
3870,1,1.18182799724309e-06,0,0.8807628123443481,model::distilbert_sentiment_profile,DistilBERT + Sentiment Profile,42
12585,1,1.4929557892173762e-06,0,0.8807628123443481,model::distilbert_sentiment_profile,DistilBERT + Sentiment Profile,42
20856,0,1.6033003475968144e-06,0,0.8807628123443481,model::distilbert_sentiment_profile,DistilBERT + Sentiment Profile,42
15655,1,1.9577123566705268e-06,0,0.8807628123443481,model::distilbert_sentiment_profile,DistilBERT + Sentiment Profile,42
12360,1,1.4319602996692993e-06,0,0.8807628123443481,model::distilbert_sentiment_profile,DistilBERT + Sentiment Profile,42
4962,0,3.6306669244368095e-06,0,0.8807628123443481,model::distilbert_sentiment_profile,DistilBERT + Sentiment Profile,42
13155,1,1.1462361726444217e-06,0,0.8807628123443481,model::distilbert_sentiment_profile,DistilBERT + Sentiment Profile,42
12601,0,1.1256860261710244e-06,0,0.8807628123443481,model::distilbert_sentiment_profile,DistilBERT + Sentiment Profile,42
1625,1,1.3294453538037487e-06,0,0.8807628123443481,model::distilbert_sentiment_profile,DistilBERT + Sentiment Profile,42
6045,1,2.0814511572098127e-06,0,0.8807628123443481,model::distilbert_sentiment_profile,DistilBERT + Sentiment Profile,42
9783,0,4.468643055588473e-06,0,0.8807628123443481,model::distilbert_sentiment_profile,DistilBERT + Sentiment Profile,42
4525,0,2.865234591808985e-06,0,0.8807628123443481,model::distilbert_sentiment_profile,DistilBERT + Sentiment Profile,42
18524,0,3.2726866265875287e-06,0,0.8807628123443481,model::distilbert_sentiment_profile,DistilBERT + Sentiment Profile,42
1911,1,1.620609737074119e-06,0,0.8807628123443481,model::distilbert_sentiment_profile,DistilBERT + Sentiment Profile,42
6497,1,1.1315131587252836e-06,0,0.8807628123443481,model::distilbert_sentiment_profile,DistilBERT + Sentiment Profile,42
2439,0,1.8455259578331609e-06,0,0.8807628123443481,model::distilbert_sentiment_profile,DistilBERT + Sentiment Profile,42
19139,1,1.184218717753538e-06,0,0.8807628123443481,model::distilbert_sentiment_profile,DistilBERT + Sentiment Profile,42
9705,0,1.050536297952931e-06,0,0.8807628123443481,model::distilbert_sentiment_profile,DistilBERT + Sentiment Profile,42
13888,0,1.870652340585366e-05,0,0.8807628123443481,model::distilbert_sentiment_profile,DistilBERT + Sentiment Profile,42
1130,1,1.4010212225912255e-06,0,0.8807628123443481,model::distilbert_sentiment_profile,DistilBERT + Sentiment Profile,42
2383,1,1.43334443691856e-06,0,0.8807628123443481,model::distilbert_sentiment_profile,DistilBERT + Sentiment Profile,42
19105,0,1.450451918572071e-06,0,0.8807628123443481,model::distilbert_sentiment_profile,DistilBERT + Sentiment Profile,42
9378,1,2.102753342114738e-06,0,0.8807628123443481,model::distilbert_sentiment_profile,DistilBERT + Sentiment Profile,42
12134,0,1.0479576530997292e-06,0,0.8807628123443481,model::distilbert_sentiment_profile,DistilBERT + Sentiment Profile,42
1229,1,1.6163404552571592e-06,0,0.8807628123443481,model::distilbert_sentiment_profile,DistilBERT + Sentiment Profile,42
3541,0,1.3267690519569442e-06,0,0.8807628123443481,model::distilbert_sentiment_profile,DistilBERT + Sentiment Profile,42
18869,0,2.393489921814762e-06,0,0.8807628123443481,model::distilbert_sentiment_profile,DistilBERT + Sentiment Profile,42
14407,1,1.781260039024346e-06,0,0.8807628123443481,model::distilbert_sentiment_profile,DistilBERT + Sentiment Profile,42
10759,1,1.35178413529502e-06,0,0.8807628123443481,model::distilbert_sentiment_profile,DistilBERT + Sentiment Profile,42
16389,0,1.7729250885167858e-06,0,0.8807628123443481,model::distilbert_sentiment_profile,DistilBERT + Sentiment Profile,42
14450,1,1.2406019322952488e-06,0,0.8807628123443481,model::distilbert_sentiment_profile,DistilBERT + Sentiment Profile,42
12180,1,1.289151100536401e-06,0,0.8807628123443481,model::distilbert_sentiment_profile,DistilBERT + Sentiment Profile,42
2887,1,1.285073381041002e-06,0,0.8807628123443481,model::distilbert_sentiment_profile,DistilBERT + Sentiment Profile,42
8839,0,1.3243583225630573e-06,0,0.8807628123443481,model::distilbert_sentiment_profile,DistilBERT + Sentiment Profile,42
14721,1,1.2411416037139134e-06,0,0.8807628123443481,model::distilbert_sentiment_profile,DistilBERT + Sentiment Profile,42
7710,1,1.101068164643948e-06,0,0.8807628123443481,model::distilbert_sentiment_profile,DistilBERT + Sentiment Profile,42
20750,0,1.5561638520011911e-06,0,0.8807628123443481,model::distilbert_sentiment_profile,DistilBERT + Sentiment Profile,42
658,1,1.2783773399860363e-06,0,0.8807628123443481,model::distilbert_sentiment_profile,DistilBERT + Sentiment Profile,42
16111,0,1.2739375279124945e-06,0,0.8807628123443481,model::distilbert_sentiment_profile,DistilBERT + Sentiment Profile,42
19833,1,1.2676307505898876e-06,0,0.8807628123443481,model::distilbert_sentiment_profile,DistilBERT + Sentiment Profile,42
6161,0,3.520077370922081e-06,0,0.8807628123443481,model::distilbert_sentiment_profile,DistilBERT + Sentiment Profile,42
16884,1,1.272553276976396e-06,0,0.8807628123443481,model::distilbert_sentiment_profile,DistilBERT + Sentiment Profile,42
5903,1,2.0037059584865347e-06,0,0.8807628123443481,model::distilbert_sentiment_profile,DistilBERT + Sentiment Profile,42
4020,0,1.75244872480107e-06,0,0.8807628123443481,model::distilbert_sentiment_profile,DistilBERT + Sentiment Profile,42
2822,0,2.2405304207495647e-06,0,0.8807628123443481,model::distilbert_sentiment_profile,DistilBERT + Sentiment Profile,42
17899,1,1.2110384659536066e-06,0,0.8807628123443481,model::distilbert_sentiment_profile,DistilBERT + Sentiment Profile,42
11967,0,1.2693993767243228e-06,0,0.8807628123443481,model::distilbert_sentiment_profile,DistilBERT + Sentiment Profile,42
16633,1,1.7198800605910949e-06,0,0.8807628123443481,model::distilbert_sentiment_profile,DistilBERT + Sentiment Profile,42
15481,1,1.2779664757545106e-06,0,0.8807628123443481,model::distilbert_sentiment_profile,DistilBERT + Sentiment Profile,42
10860,1,1.641181938794034e-06,0,0.8807628123443481,model::distilbert_sentiment_profile,DistilBERT + Sentiment Profile,42
8770,1,1.455853862353251e-06,0,0.8807628123443481,model::distilbert_sentiment_profile,DistilBERT + Sentiment Profile,42
647,1,2.41960515268147e-06,0,0.8807628123443481,model::distilbert_sentiment_profile,DistilBERT + Sentiment Profile,42
9453,1,1.8916906583399395e-06,0,0.8807628123443481,model::distilbert_sentiment_profile,DistilBERT + Sentiment Profile,42
11535,1,1.130280452343868e-06,0,0.8807628123443481,model::distilbert_sentiment_profile,DistilBERT + Sentiment Profile,42
17005,1,1.7252748421014983e-06,0,0.8807628123443481,model::distilbert_sentiment_profile,DistilBERT + Sentiment Profile,42
3022,1,1.4365151628226158e-06,0,0.8807628123443481,model::distilbert_sentiment_profile,DistilBERT + Sentiment Profile,42
14896,0,1.7735778783389833e-06,0,0.8807628123443481,model::distilbert_sentiment_profile,DistilBERT + Sentiment Profile,42
3587,1,1.389160388498567e-06,0,0.8807628123443481,model::distilbert_sentiment_profile,DistilBERT + Sentiment Profile,42
12652,1,1.06211018646718e-06,0,0.8807628123443481,model::distilbert_sentiment_profile,DistilBERT + Sentiment Profile,42
17345,0,1.6178223631868605e-06,0,0.8807628123443481,model::distilbert_sentiment_profile,DistilBERT + Sentiment Profile,42
15517,1,1.4621974742112798e-06,0,0.8807628123443481,model::distilbert_sentiment_profile,DistilBERT + Sentiment Profile,42
17189,1,1.268641767637746e-06,0,0.8807628123443481,model::distilbert_sentiment_profile,DistilBERT + Sentiment Profile,42
9134,1,1.5467301182070514e-06,0,0.8807628123443481,model::distilbert_sentiment_profile,DistilBERT + Sentiment Profile,42
12200,1,1.430197016816237e-06,0,0.8807628123443481,model::distilbert_sentiment_profile,DistilBERT + Sentiment Profile,42
4839,1,1.5986039443305344e-06,0,0.8807628123443481,model::distilbert_sentiment_profile,DistilBERT + Sentiment Profile,42
8432,0,2.143234723916976e-06,0,0.8807628123443481,model::distilbert_sentiment_profile,DistilBERT + Sentiment Profile,42
6609,0,1.8057545503324943e-06,0,0.8807628123443481,model::distilbert_sentiment_profile,DistilBERT + Sentiment Profile,42
11117,1,1.4021306924405508e-06,0,0.8807628123443481,model::distilbert_sentiment_profile,DistilBERT + Sentiment Profile,42
18588,0,1.1908041415154005e-06,0,0.8807628123443481,model::distilbert_sentiment_profile,DistilBERT + Sentiment Profile,42
11898,1,2.1056689547549468e-06,0,0.8807628123443481,model::distilbert_sentiment_profile,DistilBERT + Sentiment Profile,42
4684,1,1.1666097634588368e-06,0,0.8807628123443481,model::distilbert_sentiment_profile,DistilBERT + Sentiment Profile,42
8985,1,1.7295313909926335e-06,0,0.8807628123443481,model::distilbert_sentiment_profile,DistilBERT + Sentiment Profile,42
3148,0,4.344561148172943e-06,0,0.8807628123443481,model::distilbert_sentiment_profile,DistilBERT + Sentiment Profile,42
16635,1,1.3923792039349792e-06,0,0.8807628123443481,model::distilbert_sentiment_profile,DistilBERT + Sentiment Profile,42
20623,1,1.662028239479696e-06,0,0.8807628123443481,model::distilbert_sentiment_profile,DistilBERT + Sentiment Profile,42
3382,1,1.6531693063370767e-06,0,0.8807628123443481,model::distilbert_sentiment_profile,DistilBERT + Sentiment Profile,42
16006,0,3.3968167372222524e-06,0,0.8807628123443481,model::distilbert_sentiment_profile,DistilBERT + Sentiment Profile,42
15846,1,1.0777654324556352e-06,0,0.8807628123443481,model::distilbert_sentiment_profile,DistilBERT + Sentiment Profile,42
2724,0,2.0140512333455263e-06,0,0.8807628123443481,model::distilbert_sentiment_profile,DistilBERT + Sentiment Profile,42
14423,0,2.9416637516987976e-06,0,0.8807628123443481,model::distilbert_sentiment_profile,DistilBERT + Sentiment Profile,42
19181,0,3.5148482311342377e-06,0,0.8807628123443481,model::distilbert_sentiment_profile,DistilBERT + Sentiment Profile,42
13906,1,1.3305958646014917e-06,0,0.8807628123443481,model::distilbert_sentiment_profile,DistilBERT + Sentiment Profile,42
6906,0,1.997341314563528e-06,0,0.8807628123443481,model::distilbert_sentiment_profile,DistilBERT + Sentiment Profile,42
14746,0,2.099116727549699e-06,0,0.8807628123443481,model::distilbert_sentiment_profile,DistilBERT + Sentiment Profile,42
18165,0,1.9689498458319576e-06,0,0.8807628123443481,model::distilbert_sentiment_profile,DistilBERT + Sentiment Profile,42
10178,1,1.1038281400033156e-06,0,0.8807628123443481,model::distilbert_sentiment_profile,DistilBERT + Sentiment Profile,42
11965,0,2.0670679532486247e-06,0,0.8807628123443481,model::distilbert_sentiment_profile,DistilBERT + Sentiment Profile,42
6514,0,2.9311850084923208e-06,0,0.8807628123443481,model::distilbert_sentiment_profile,DistilBERT + Sentiment Profile,42
12259,1,1.0657851134965313e-06,0,0.8807628123443481,model::distilbert_sentiment_profile,DistilBERT + Sentiment Profile,42
4443,0,1.2161912081865012e-06,0,0.8807628123443481,model::distilbert_sentiment_profile,DistilBERT + Sentiment Profile,42
17788,1,1.5832225699341509e-06,0,0.8807628123443481,model::distilbert_sentiment_profile,DistilBERT + Sentiment Profile,42
20738,1,1.7110994576796656e-06,0,0.8807628123443481,model::distilbert_sentiment_profile,DistilBERT + Sentiment Profile,42
694,1,1.3250177062218429e-06,0,0.8807628123443481,model::distilbert_sentiment_profile,DistilBERT + Sentiment Profile,42
16476,1,1.3620824574900323e-06,0,0.8807628123443481,model::distilbert_sentiment_profile,DistilBERT + Sentiment Profile,42
9628,1,1.715489815978799e-06,0,0.8807628123443481,model::distilbert_sentiment_profile,DistilBERT + Sentiment Profile,42
13808,0,1.1537838418007595e-06,0,0.8807628123443481,model::distilbert_sentiment_profile,DistilBERT + Sentiment Profile,42
13474,1,1.540265202493174e-06,0,0.8807628123443481,model::distilbert_sentiment_profile,DistilBERT + Sentiment Profile,42
16807,0,1.2881948805443244e-06,0,0.8807628123443481,model::distilbert_sentiment_profile,DistilBERT + Sentiment Profile,42
9251,1,9.102428180085552e-07,0,0.8807628123443481,model::distilbert_sentiment_profile,DistilBERT + Sentiment Profile,42
4372,0,1.1458251947260578e-06,0,0.8807628123443481,model::distilbert_sentiment_profile,DistilBERT + Sentiment Profile,42
5210,0,1.0616280405884029e-06,0,0.8807628123443481,model::distilbert_sentiment_profile,DistilBERT + Sentiment Profile,42
16415,1,9.40898530643608e-07,0,0.8807628123443481,model::distilbert_sentiment_profile,DistilBERT + Sentiment Profile,42
18154,1,1.2211282864882378e-06,0,0.8807628123443481,model::distilbert_sentiment_profile,DistilBERT + Sentiment Profile,42
7981,0,1.821120463318948e-06,0,0.8807628123443481,model::distilbert_sentiment_profile,DistilBERT + Sentiment Profile,42
7735,0,1.179834725917317e-06,0,0.8807628123443481,model::distilbert_sentiment_profile,DistilBERT + Sentiment Profile,42
1586,0,8.762841048337577e-07,0,0.8807628123443481,model::distilbert_sentiment_profile,DistilBERT + Sentiment Profile,42
3996,0,1.3694559584109811e-06,0,0.8807628123443481,model::distilbert_sentiment_profile,DistilBERT + Sentiment Profile,42
8136,0,1.6666979263391113e-06,0,0.8807628123443481,model::distilbert_sentiment_profile,DistilBERT + Sentiment Profile,42
10160,0,1.7554847318024258e-06,0,0.8807628123443481,model::distilbert_sentiment_profile,DistilBERT + Sentiment Profile,42
17517,0,2.0821062207687646e-06,0,0.8807628123443481,model::distilbert_sentiment_profile,DistilBERT + Sentiment Profile,42
11299,1,1.1416454981372226e-06,0,0.8807628123443481,model::distilbert_sentiment_profile,DistilBERT + Sentiment Profile,42
18883,0,3.453728595559369e-06,0,0.8807628123443481,model::distilbert_sentiment_profile,DistilBERT + Sentiment Profile,42
13217,1,1.1513327535794815e-06,0,0.8807628123443481,model::distilbert_sentiment_profile,DistilBERT + Sentiment Profile,42
17518,1,1.1288057066849433e-06,0,0.8807628123443481,model::distilbert_sentiment_profile,DistilBERT + Sentiment Profile,42
17572,1,2.4803644009807613e-06,0,0.8807628123443481,model::distilbert_sentiment_profile,DistilBERT + Sentiment Profile,42
992,1,1.618308488104958e-06,0,0.8807628123443481,model::distilbert_sentiment_profile,DistilBERT + Sentiment Profile,42
18566,1,1.3719983371629496e-06,0,0.8807628123443481,model::distilbert_sentiment_profile,DistilBERT + Sentiment Profile,42
1408,0,4.5098663576936815e-06,0,0.8807628123443481,model::distilbert_sentiment_profile,DistilBERT + Sentiment Profile,42
18302,1,1.7953607311937958e-06,0,0.8807628123443481,model::distilbert_sentiment_profile,DistilBERT + Sentiment Profile,42
18924,1,1.4431032013817455e-06,0,0.8807628123443481,model::distilbert_sentiment_profile,DistilBERT + Sentiment Profile,42
17217,1,8.478347126583685e-07,0,0.8807628123443481,model::distilbert_sentiment_profile,DistilBERT + Sentiment Profile,42
15180,0,1.3115269439367694e-06,0,0.8807628123443481,model::distilbert_sentiment_profile,DistilBERT + Sentiment Profile,42
5612,1,1.227801931236172e-06,0,0.8807628123443481,model::distilbert_sentiment_profile,DistilBERT + Sentiment Profile,42
20230,0,1.4081849712965775e-06,0,0.8807628123443481,model::distilbert_sentiment_profile,DistilBERT + Sentiment Profile,42
19044,1,1.826411448746512e-06,0,0.8807628123443481,model::distilbert_sentiment_profile,DistilBERT + Sentiment Profile,42
11003,1,1.3029708725298406e-06,0,0.8807628123443481,model::distilbert_sentiment_profile,DistilBERT + Sentiment Profile,42
1719,0,1.2533954532045757e-06,0,0.8807628123443481,model::distilbert_sentiment_profile,DistilBERT + Sentiment Profile,42
12564,1,1.3938699794380227e-06,0,0.8807628123443481,model::distilbert_sentiment_profile,DistilBERT + Sentiment Profile,42
3399,1,1.118633463192964e-06,0,0.8807628123443481,model::distilbert_sentiment_profile,DistilBERT + Sentiment Profile,42
13910,1,1.6782630609668558e-06,0,0.8807628123443481,model::distilbert_sentiment_profile,DistilBERT + Sentiment Profile,42
6487,1,1.1821887255791808e-06,0,0.8807628123443481,model::distilbert_sentiment_profile,DistilBERT + Sentiment Profile,42
2142,0,1.357047722194693e-06,0,0.8807628123443481,model::distilbert_sentiment_profile,DistilBERT + Sentiment Profile,42
13431,1,1.3065258599453955e-06,0,0.8807628123443481,model::distilbert_sentiment_profile,DistilBERT + Sentiment Profile,42
1180,1,1.538788069410657e-06,0,0.8807628123443481,model::distilbert_sentiment_profile,DistilBERT + Sentiment Profile,42
4332,1,1.15961938718101e-06,0,0.8807628123443481,model::distilbert_sentiment_profile,DistilBERT + Sentiment Profile,42
7629,0,7.191240456450032e-07,0,0.8807628123443481,model::distilbert_sentiment_profile,DistilBERT + Sentiment Profile,42
1938,0,1.1992077588729444e-06,0,0.8807628123443481,model::distilbert_sentiment_profile,DistilBERT + Sentiment Profile,42
9064,0,5.642253654514207e-06,0,0.8807628123443481,model::distilbert_sentiment_profile,DistilBERT + Sentiment Profile,42
11771,1,1.0701699011406165e-06,0,0.8807628123443481,model::distilbert_sentiment_profile,DistilBERT + Sentiment Profile,42
10164,0,1.6736694306018762e-06,0,0.8807628123443481,model::distilbert_sentiment_profile,DistilBERT + Sentiment Profile,42
20501,1,1.47008483963873e-06,0,0.8807628123443481,model::distilbert_sentiment_profile,DistilBERT + Sentiment Profile,42
13574,1,1.6302576568705265e-06,0,0.8807628123443481,model::distilbert_sentiment_profile,DistilBERT + Sentiment Profile,42
14784,1,1.5182491779341944e-06,0,0.8807628123443481,model::distilbert_sentiment_profile,DistilBERT + Sentiment Profile,42
12696,0,3.759178525797324e-06,0,0.8807628123443481,model::distilbert_sentiment_profile,DistilBERT + Sentiment Profile,42
16175,0,1.7234955294043175e-06,0,0.8807628123443481,model::distilbert_sentiment_profile,DistilBERT + Sentiment Profile,42
1047,1,8.188862921088003e-07,0,0.8807628123443481,model::distilbert_sentiment_profile,DistilBERT + Sentiment Profile,42
1896,1,9.917788474922418e-07,0,0.8807628123443481,model::distilbert_sentiment_profile,DistilBERT + Sentiment Profile,42
15528,0,4.731755325337872e-06,0,0.8807628123443481,model::distilbert_sentiment_profile,DistilBERT + Sentiment Profile,42
20703,0,2.9439258923957823e-06,0,0.8807628123443481,model::distilbert_sentiment_profile,DistilBERT + Sentiment Profile,42
4700,0,2.6380132567283e-06,0,0.8807628123443481,model::distilbert_sentiment_profile,DistilBERT + Sentiment Profile,42
7086,0,1.2614874549399246e-06,0,0.8807628123443481,model::distilbert_sentiment_profile,DistilBERT + Sentiment Profile,42
17127,1,1.4732285080754082e-06,0,0.8807628123443481,model::distilbert_sentiment_profile,DistilBERT + Sentiment Profile,42
11904,1,1.3694036624656292e-06,0,0.8807628123443481,model::distilbert_sentiment_profile,DistilBERT + Sentiment Profile,42
17366,0,5.9197382142883725e-06,0,0.8807628123443481,model::distilbert_sentiment_profile,DistilBERT + Sentiment Profile,42
6440,0,1.9904671262338525e-06,0,0.8807628123443481,model::distilbert_sentiment_profile,DistilBERT + Sentiment Profile,42
11789,0,1.7076011999961338e-06,0,0.8807628123443481,model::distilbert_sentiment_profile,DistilBERT + Sentiment Profile,42
13514,0,1.7802834690883174e-06,0,0.8807628123443481,model::distilbert_sentiment_profile,DistilBERT + Sentiment Profile,42
19817,0,1.386585950058361e-06,0,0.8807628123443481,model::distilbert_sentiment_profile,DistilBERT + Sentiment Profile,42
9850,0,1.8060509319184348e-06,0,0.8807628123443481,model::distilbert_sentiment_profile,DistilBERT + Sentiment Profile,42
19653,1,8.05512740953418e-07,0,0.8807628123443481,model::distilbert_sentiment_profile,DistilBERT + Sentiment Profile,42
8248,1,1.3434179209070862e-06,0,0.8807628123443481,model::distilbert_sentiment_profile,DistilBERT + Sentiment Profile,42
6993,0,1.2993784821446752e-06,0,0.8807628123443481,model::distilbert_sentiment_profile,DistilBERT + Sentiment Profile,42
869,1,2.784533080557594e-06,0,0.8807628123443481,model::distilbert_sentiment_profile,DistilBERT + Sentiment Profile,42
4531,0,1.157387600869697e-06,0,0.8807628123443481,model::distilbert_sentiment_profile,DistilBERT + Sentiment Profile,42
4600,0,1.841740527197544e-06,0,0.8807628123443481,model::distilbert_sentiment_profile,DistilBERT + Sentiment Profile,42
20600,1,1.6090198187157512e-06,0,0.8807628123443481,model::distilbert_sentiment_profile,DistilBERT + Sentiment Profile,42
11615,1,1.1417065479690791e-06,0,0.8807628123443481,model::distilbert_sentiment_profile,DistilBERT + Sentiment Profile,42
11622,1,1.2839427654398603e-06,0,0.8807628123443481,model::distilbert_sentiment_profile,DistilBERT + Sentiment Profile,42
13650,0,1.920524255183409e-06,0,0.8807628123443481,model::distilbert_sentiment_profile,DistilBERT + Sentiment Profile,42
16735,1,1.4575571185559966e-06,0,0.8807628123443481,model::distilbert_sentiment_profile,DistilBERT + Sentiment Profile,42
8640,1,1.1846615279864636e-06,0,0.8807628123443481,model::distilbert_sentiment_profile,DistilBERT + Sentiment Profile,42
6830,0,2.285027903781156e-06,0,0.8807628123443481,model::distilbert_sentiment_profile,DistilBERT + Sentiment Profile,42
5077,0,3.5154785109625664e-06,0,0.8807628123443481,model::distilbert_sentiment_profile,DistilBERT + Sentiment Profile,42
14749,1,1.2591245877047186e-06,0,0.8807628123443481,model::distilbert_sentiment_profile,DistilBERT + Sentiment Profile,42
771,1,3.364800704730442e-06,0,0.8807628123443481,model::distilbert_sentiment_profile,DistilBERT + Sentiment Profile,42
9405,0,1.592368562342017e-06,0,0.8807628123443481,model::distilbert_sentiment_profile,DistilBERT + Sentiment Profile,42
10887,1,1.076366402230633e-06,0,0.8807628123443481,model::distilbert_sentiment_profile,DistilBERT + Sentiment Profile,42
1780,1,1.268126425202354e-06,0,0.8807628123443481,model::distilbert_sentiment_profile,DistilBERT + Sentiment Profile,42
6717,0,2.2964884465181967e-06,0,0.8807628123443481,model::distilbert_sentiment_profile,DistilBERT + Sentiment Profile,42
19911,0,2.619901579237194e-06,0,0.8807628123443481,model::distilbert_sentiment_profile,DistilBERT + Sentiment Profile,42
14298,1,1.1813638138846727e-06,0,0.8807628123443481,model::distilbert_sentiment_profile,DistilBERT + Sentiment Profile,42
15411,0,1.4601852171836072e-06,0,0.8807628123443481,model::distilbert_sentiment_profile,DistilBERT + Sentiment Profile,42
15019,1,1.6294338820443954e-06,0,0.8807628123443481,model::distilbert_sentiment_profile,DistilBERT + Sentiment Profile,42
9610,0,2.043804443019326e-06,0,0.8807628123443481,model::distilbert_sentiment_profile,DistilBERT + Sentiment Profile,42
1303,1,9.918535397446249e-07,0,0.8807628123443481,model::distilbert_sentiment_profile,DistilBERT + Sentiment Profile,42
19490,1,1.5413144183185068e-06,0,0.8807628123443481,model::distilbert_sentiment_profile,DistilBERT + Sentiment Profile,42
6822,1,1.0615885912557133e-06,0,0.8807628123443481,model::distilbert_sentiment_profile,DistilBERT + Sentiment Profile,42
4488,0,1.6561832580919145e-06,0,0.8807628123443481,model::distilbert_sentiment_profile,DistilBERT + Sentiment Profile,42
7461,1,1.943474217114272e-06,0,0.8807628123443481,model::distilbert_sentiment_profile,DistilBERT + Sentiment Profile,42
13029,0,2.5636329610279063e-06,0,0.8807628123443481,model::distilbert_sentiment_profile,DistilBERT + Sentiment Profile,42
14146,0,8.564055065107823e-07,0,0.8807628123443481,model::distilbert_sentiment_profile,DistilBERT + Sentiment Profile,42
18257,0,1.4957163330109324e-06,0,0.8807628123443481,model::distilbert_sentiment_profile,DistilBERT + Sentiment Profile,42
9122,0,1.1023731758541544e-06,0,0.8807628123443481,model::distilbert_sentiment_profile,DistilBERT + Sentiment Profile,42
15865,0,2.7550072445592377e-06,0,0.8807628123443481,model::distilbert_sentiment_profile,DistilBERT + Sentiment Profile,42
6557,0,1.172342422250949e-06,0,0.8807628123443481,model::distilbert_sentiment_profile,DistilBERT + Sentiment Profile,42
11588,1,1.2460124025892585e-06,0,0.8807628123443481,model::distilbert_sentiment_profile,DistilBERT + Sentiment Profile,42
6186,0,1.2198037211419432e-06,0,0.8807628123443481,model::distilbert_sentiment_profile,DistilBERT + Sentiment Profile,42
1900,0,2.256598463645787e-06,0,0.8807628123443481,model::distilbert_sentiment_profile,DistilBERT + Sentiment Profile,42
73,1,1.5806548390173705e-06,0,0.8807628123443481,model::distilbert_sentiment_profile,DistilBERT + Sentiment Profile,42
1997,1,1.059303031070158e-06,0,0.8807628123443481,model::distilbert_sentiment_profile,DistilBERT + Sentiment Profile,42
17534,0,2.1291900793585228e-06,0,0.8807628123443481,model::distilbert_sentiment_profile,DistilBERT + Sentiment Profile,42
9958,1,1.2198549939057557e-06,0,0.8807628123443481,model::distilbert_sentiment_profile,DistilBERT + Sentiment Profile,42
17511,0,2.4681157810846344e-06,0,0.8807628123443481,model::distilbert_sentiment_profile,DistilBERT + Sentiment Profile,42
16955,0,2.280399712617509e-06,0,0.8807628123443481,model::distilbert_sentiment_profile,DistilBERT + Sentiment Profile,42
15570,1,1.4414925999517436e-06,0,0.8807628123443481,model::distilbert_sentiment_profile,DistilBERT + Sentiment Profile,42
14801,0,1.0186225836150695e-06,0,0.8807628123443481,model::distilbert_sentiment_profile,DistilBERT + Sentiment Profile,42
21136,1,1.037877382259467e-06,0,0.8807628123443481,model::distilbert_sentiment_profile,DistilBERT + Sentiment Profile,42
13584,0,2.672614073162549e-06,0,0.8807628123443481,model::distilbert_sentiment_profile,DistilBERT + Sentiment Profile,42
140,0,1.802875772227708e-06,0,0.8807628123443481,model::distilbert_sentiment_profile,DistilBERT + Sentiment Profile,42
12883,0,1.270494180971582e-06,0,0.8807628123443481,model::distilbert_sentiment_profile,DistilBERT + Sentiment Profile,42
2537,1,2.0695158582384465e-06,0,0.8807628123443481,model::distilbert_sentiment_profile,DistilBERT + Sentiment Profile,42
14346,1,8.992899438453605e-07,0,0.8807628123443481,model::distilbert_sentiment_profile,DistilBERT + Sentiment Profile,42
12273,0,2.746133077380364e-06,0,0.8807628123443481,model::distilbert_sentiment_profile,DistilBERT + Sentiment Profile,42
17739,0,1.76155560893676e-06,0,0.8807628123443481,model::distilbert_sentiment_profile,DistilBERT + Sentiment Profile,42
2964,0,1.679683350630512e-06,0,0.8807628123443481,model::distilbert_sentiment_profile,DistilBERT + Sentiment Profile,42
1868,0,1.783862671800307e-06,0,0.8807628123443481,model::distilbert_sentiment_profile,DistilBERT + Sentiment Profile,42
4967,0,1.0701253813749643e-05,0,0.8807628123443481,model::distilbert_sentiment_profile,DistilBERT + Sentiment Profile,42
983,0,1.8409696167509533e-06,0,0.8807628123443481,model::distilbert_sentiment_profile,DistilBERT + Sentiment Profile,42
8412,0,1.4118182889433228e-06,0,0.8807628123443481,model::distilbert_sentiment_profile,DistilBERT + Sentiment Profile,42
11817,0,1.2123339274694445e-06,0,0.8807628123443481,model::distilbert_sentiment_profile,DistilBERT + Sentiment Profile,42
9858,0,7.818160838723998e-07,0,0.8807628123443481,model::distilbert_sentiment_profile,DistilBERT + Sentiment Profile,42
5689,0,1.0441418680784409e-06,0,0.8807628123443481,model::distilbert_sentiment_profile,DistilBERT + Sentiment Profile,42
15542,1,1.511886011940078e-06,0,0.8807628123443481,model::distilbert_sentiment_profile,DistilBERT + Sentiment Profile,42
6656,0,1.3594700476460275e-06,0,0.8807628123443481,model::distilbert_sentiment_profile,DistilBERT + Sentiment Profile,42
13243,0,1.1236995760555146e-06,0,0.8807628123443481,model::distilbert_sentiment_profile,DistilBERT + Sentiment Profile,42
4093,0,1.397684968651447e-06,0,0.8807628123443481,model::distilbert_sentiment_profile,DistilBERT + Sentiment Profile,42
2931,1,1.495355490988004e-06,0,0.8807628123443481,model::distilbert_sentiment_profile,DistilBERT + Sentiment Profile,42
16447,0,3.6009632822242565e-06,0,0.8807628123443481,model::distilbert_sentiment_profile,DistilBERT + Sentiment Profile,42
12140,0,1.832325665418466e-06,0,0.8807628123443481,model::distilbert_sentiment_profile,DistilBERT + Sentiment Profile,42
2519,1,1.937308297783602e-06,0,0.8807628123443481,model::distilbert_sentiment_profile,DistilBERT + Sentiment Profile,42
5451,1,1.661685928411316e-06,0,0.8807628123443481,model::distilbert_sentiment_profile,DistilBERT + Sentiment Profile,42
19200,0,1.8753378299152248e-06,0,0.8807628123443481,model::distilbert_sentiment_profile,DistilBERT + Sentiment Profile,42
10442,1,1.955130073838518e-06,0,0.8807628123443481,model::distilbert_sentiment_profile,DistilBERT + Sentiment Profile,42
12549,0,1.2770320836352766e-06,0,0.8807628123443481,model::distilbert_sentiment_profile,DistilBERT + Sentiment Profile,42
9431,0,1.190833700093208e-06,0,0.8807628123443481,model::distilbert_sentiment_profile,DistilBERT + Sentiment Profile,42
990,0,1.807892112992704e-05,0,0.8807628123443481,model::distilbert_sentiment_profile,DistilBERT + Sentiment Profile,42
15110,1,1.5129202211028314e-06,0,0.8807628123443481,model::distilbert_sentiment_profile,DistilBERT + Sentiment Profile,42
3788,1,1.5033831459732028e-06,0,0.8807628123443481,model::distilbert_sentiment_profile,DistilBERT + Sentiment Profile,42
9914,1,1.064307298292988e-06,0,0.8807628123443481,model::distilbert_sentiment_profile,DistilBERT + Sentiment Profile,42
12594,1,1.430076963515603e-06,0,0.8807628123443481,model::distilbert_sentiment_profile,DistilBERT + Sentiment Profile,42
11580,1,1.09015786620148e-06,0,0.8807628123443481,model::distilbert_sentiment_profile,DistilBERT + Sentiment Profile,42
20231,1,1.865073386397853e-06,0,0.8807628123443481,model::distilbert_sentiment_profile,DistilBERT + Sentiment Profile,42
21023,1,1.3106553069519578e-06,0,0.8807628123443481,model::distilbert_sentiment_profile,DistilBERT + Sentiment Profile,42
2728,1,1.2283898058740306e-06,0,0.8807628123443481,model::distilbert_sentiment_profile,DistilBERT + Sentiment Profile,42
11422,0,4.959857506037224e-06,0,0.8807628123443481,model::distilbert_sentiment_profile,DistilBERT + Sentiment Profile,42
58,1,1.7156108924609723e-06,0,0.8807628123443481,model::distilbert_sentiment_profile,DistilBERT + Sentiment Profile,42
17977,0,2.485877303115558e-06,0,0.8807628123443481,model::distilbert_sentiment_profile,DistilBERT + Sentiment Profile,42
14416,0,3.6091494166612392e-06,0,0.8807628123443481,model::distilbert_sentiment_profile,DistilBERT + Sentiment Profile,42
10629,0,4.521037226368208e-06,0,0.8807628123443481,model::distilbert_sentiment_profile,DistilBERT + Sentiment Profile,42
4138,0,1.1172304539286415e-06,0,0.8807628123443481,model::distilbert_sentiment_profile,DistilBERT + Sentiment Profile,42
2877,1,1.5556860262222472e-06,0,0.8807628123443481,model::distilbert_sentiment_profile,DistilBERT + Sentiment Profile,42
17097,1,1.6114213394757826e-06,0,0.8807628123443481,model::distilbert_sentiment_profile,DistilBERT + Sentiment Profile,42
4870,0,7.1347594712278806e-06,0,0.8807628123443481,model::distilbert_sentiment_profile,DistilBERT + Sentiment Profile,42
15207,0,1.3780816061625956e-06,0,0.8807628123443481,model::distilbert_sentiment_profile,DistilBERT + Sentiment Profile,42
4160,1,1.333339582743065e-06,0,0.8807628123443481,model::distilbert_sentiment_profile,DistilBERT + Sentiment Profile,42
16079,1,1.2294434554860343e-06,0,0.8807628123443481,model::distilbert_sentiment_profile,DistilBERT + Sentiment Profile,42
16506,0,1.8333848856855184e-06,0,0.8807628123443481,model::distilbert_sentiment_profile,DistilBERT + Sentiment Profile,42
7357,0,2.4547939574404154e-06,0,0.8807628123443481,model::distilbert_sentiment_profile,DistilBERT + Sentiment Profile,42
2804,1,1.3664463267559768e-06,0,0.8807628123443481,model::distilbert_sentiment_profile,DistilBERT + Sentiment Profile,42
4393,0,1.360109422421374e-06,0,0.8807628123443481,model::distilbert_sentiment_profile,DistilBERT + Sentiment Profile,42
16123,0,1.2278405847609974e-06,0,0.8807628123443481,model::distilbert_sentiment_profile,DistilBERT + Sentiment Profile,42
14689,0,3.163622068313998e-06,0,0.8807628123443481,model::distilbert_sentiment_profile,DistilBERT + Sentiment Profile,42
2098,1,1.1214170854145775e-06,0,0.8807628123443481,model::distilbert_sentiment_profile,DistilBERT + Sentiment Profile,42
4123,0,2.466644900778192e-06,0,0.8807628123443481,model::distilbert_sentiment_profile,DistilBERT + Sentiment Profile,42
2710,1,1.884272592178604e-06,0,0.8807628123443481,model::distilbert_sentiment_profile,DistilBERT + Sentiment Profile,42
13111,0,5.557730673899641e-06,0,0.8807628123443481,model::distilbert_sentiment_profile,DistilBERT + Sentiment Profile,42
12692,0,2.645874019435724e-06,0,0.8807628123443481,model::distilbert_sentiment_profile,DistilBERT + Sentiment Profile,42
13520,1,1.3506618188330322e-06,0,0.8807628123443481,model::distilbert_sentiment_profile,DistilBERT + Sentiment Profile,42
5758,1,1.0378913657405064e-06,0,0.8807628123443481,model::distilbert_sentiment_profile,DistilBERT + Sentiment Profile,42
1923,0,3.962350547226379e-06,0,0.8807628123443481,model::distilbert_sentiment_profile,DistilBERT + Sentiment Profile,42
16691,1,1.1295520607745857e-06,0,0.8807628123443481,model::distilbert_sentiment_profile,DistilBERT + Sentiment Profile,42
2843,1,1.4689230738440529e-06,0,0.8807628123443481,model::distilbert_sentiment_profile,DistilBERT + Sentiment Profile,42
6914,0,8.274159881693777e-06,0,0.8807628123443481,model::distilbert_sentiment_profile,DistilBERT + Sentiment Profile,42
262,1,1.4932577414583648e-06,0,0.8807628123443481,model::distilbert_sentiment_profile,DistilBERT + Sentiment Profile,42
19118,1,1.4620120509789558e-06,0,0.8807628123443481,model::distilbert_sentiment_profile,DistilBERT + Sentiment Profile,42
13201,0,1.894187334983144e-06,0,0.8807628123443481,model::distilbert_sentiment_profile,DistilBERT + Sentiment Profile,42
15079,1,1.990693135667243e-06,0,0.8807628123443481,model::distilbert_sentiment_profile,DistilBERT + Sentiment Profile,42
19957,1,1.8782569668474023e-06,0,0.8807628123443481,model::distilbert_sentiment_profile,DistilBERT + Sentiment Profile,42
18151,0,1.796038986867643e-06,0,0.8807628123443481,model::distilbert_sentiment_profile,DistilBERT + Sentiment Profile,42
10389,1,1.1021986665582515e-06,0,0.8807628123443481,model::distilbert_sentiment_profile,DistilBERT + Sentiment Profile,42
15721,0,2.2630613329965854e-06,0,0.8807628123443481,model::distilbert_sentiment_profile,DistilBERT + Sentiment Profile,42
8334,0,1.4346530861075737e-06,0,0.8807628123443481,model::distilbert_sentiment_profile,DistilBERT + Sentiment Profile,42
9060,1,1.5146250689213048e-06,0,0.8807628123443481,model::distilbert_sentiment_profile,DistilBERT + Sentiment Profile,42
15608,0,1.1167489901708905e-06,0,0.8807628123443481,model::distilbert_sentiment_profile,DistilBERT + Sentiment Profile,42
6900,1,1.0416961231385358e-06,0,0.8807628123443481,model::distilbert_sentiment_profile,DistilBERT + Sentiment Profile,42
8360,0,2.601914275146555e-06,0,0.8807628123443481,model::distilbert_sentiment_profile,DistilBERT + Sentiment Profile,42
20748,0,1.7128480749306618e-06,0,0.8807628123443481,model::distilbert_sentiment_profile,DistilBERT + Sentiment Profile,42
9035,0,2.074214535241481e-06,0,0.8807628123443481,model::distilbert_sentiment_profile,DistilBERT + Sentiment Profile,42
21063,1,1.3281540987009066e-06,0,0.8807628123443481,model::distilbert_sentiment_profile,DistilBERT + Sentiment Profile,42
9584,0,1.6521258885404675e-06,0,0.8807628123443481,model::distilbert_sentiment_profile,DistilBERT + Sentiment Profile,42
6997,0,1.427335519110784e-06,0,0.8807628123443481,model::distilbert_sentiment_profile,DistilBERT + Sentiment Profile,42
6627,1,1.567630306453793e-06,0,0.8807628123443481,model::distilbert_sentiment_profile,DistilBERT + Sentiment Profile,42
11010,0,3.6474360967986286e-05,0,0.8807628123443481,model::distilbert_sentiment_profile,DistilBERT + Sentiment Profile,42
1758,1,1.2399560773701523e-06,0,0.8807628123443481,model::distilbert_sentiment_profile,DistilBERT + Sentiment Profile,42
13549,1,1.8842619056158585e-06,0,0.8807628123443481,model::distilbert_sentiment_profile,DistilBERT + Sentiment Profile,42
10221,0,1.3450920732793747e-06,0,0.8807628123443481,model::distilbert_sentiment_profile,DistilBERT + Sentiment Profile,42
10909,0,1.0081198524858337e-06,0,0.8807628123443481,model::distilbert_sentiment_profile,DistilBERT + Sentiment Profile,42
18920,1,1.3284288797876798e-06,0,0.8807628123443481,model::distilbert_sentiment_profile,DistilBERT + Sentiment Profile,42
2552,1,1.377213266096078e-06,0,0.8807628123443481,model::distilbert_sentiment_profile,DistilBERT + Sentiment Profile,42
8331,0,4.044324668939225e-06,0,0.8807628123443481,model::distilbert_sentiment_profile,DistilBERT + Sentiment Profile,42
10710,0,8.673763659317046e-06,0,0.8807628123443481,model::distilbert_sentiment_profile,DistilBERT + Sentiment Profile,42
7649,0,5.6437879720760975e-06,0,0.8807628123443481,model::distilbert_sentiment_profile,DistilBERT + Sentiment Profile,42
5626,1,1.4215689816410304e-06,0,0.8807628123443481,model::distilbert_sentiment_profile,DistilBERT + Sentiment Profile,42
1752,1,1.7196306316691334e-06,0,0.8807628123443481,model::distilbert_sentiment_profile,DistilBERT + Sentiment Profile,42
8963,0,2.377424152655294e-06,0,0.8807628123443481,model::distilbert_sentiment_profile,DistilBERT + Sentiment Profile,42
3156,0,1.5061324347698246e-06,0,0.8807628123443481,model::distilbert_sentiment_profile,DistilBERT + Sentiment Profile,42
10116,1,2.1917448975727893e-06,0,0.8807628123443481,model::distilbert_sentiment_profile,DistilBERT + Sentiment Profile,42
15902,1,1.3703324839298148e-06,0,0.8807628123443481,model::distilbert_sentiment_profile,DistilBERT + Sentiment Profile,42
5167,0,6.49779985906207e-06,0,0.8807628123443481,model::distilbert_sentiment_profile,DistilBERT + Sentiment Profile,42
14813,0,2.432478140690364e-06,0,0.8807628123443481,model::distilbert_sentiment_profile,DistilBERT + Sentiment Profile,42
19699,1,1.2632933703571323e-06,0,0.8807628123443481,model::distilbert_sentiment_profile,DistilBERT + Sentiment Profile,42
2287,1,1.7941421219802578e-06,0,0.8807628123443481,model::distilbert_sentiment_profile,DistilBERT + Sentiment Profile,42
3792,1,1.0573087365628453e-06,0,0.8807628123443481,model::distilbert_sentiment_profile,DistilBERT + Sentiment Profile,42
11717,1,1.480055516367429e-06,0,0.8807628123443481,model::distilbert_sentiment_profile,DistilBERT + Sentiment Profile,42
12060,1,1.3902908904128708e-06,0,0.8807628123443481,model::distilbert_sentiment_profile,DistilBERT + Sentiment Profile,42
4459,0,2.908538135670824e-06,0,0.8807628123443481,model::distilbert_sentiment_profile,DistilBERT + Sentiment Profile,42
18589,1,1.3193046015658183e-06,0,0.8807628123443481,model::distilbert_sentiment_profile,DistilBERT + Sentiment Profile,42
12309,1,1.3228019497546484e-06,0,0.8807628123443481,model::distilbert_sentiment_profile,DistilBERT + Sentiment Profile,42
3518,1,9.616501301934477e-07,0,0.8807628123443481,model::distilbert_sentiment_profile,DistilBERT + Sentiment Profile,42
2605,0,2.882847638829844e-06,0,0.8807628123443481,model::distilbert_sentiment_profile,DistilBERT + Sentiment Profile,42
2708,1,1.585564518791216e-06,0,0.8807628123443481,model::distilbert_sentiment_profile,DistilBERT + Sentiment Profile,42
18702,0,2.233125997008756e-06,0,0.8807628123443481,model::distilbert_sentiment_profile,DistilBERT + Sentiment Profile,42
13381,1,1.4178456240188098e-06,0,0.8807628123443481,model::distilbert_sentiment_profile,DistilBERT + Sentiment Profile,42
15131,1,1.1098796903752373e-06,0,0.8807628123443481,model::distilbert_sentiment_profile,DistilBERT + Sentiment Profile,42
11910,0,1.6397817717006546e-06,0,0.8807628123443481,model::distilbert_sentiment_profile,DistilBERT + Sentiment Profile,42
8854,0,2.690622977752355e-06,0,0.8807628123443481,model::distilbert_sentiment_profile,DistilBERT + Sentiment Profile,42
18940,1,1.3104390745866112e-06,0,0.8807628123443481,model::distilbert_sentiment_profile,DistilBERT + Sentiment Profile,42
4387,1,1.3539865904022008e-06,0,0.8807628123443481,model::distilbert_sentiment_profile,DistilBERT + Sentiment Profile,42
20660,1,1.2795934480891449e-06,0,0.8807628123443481,model::distilbert_sentiment_profile,DistilBERT + Sentiment Profile,42
20305,1,1.3931681905887672e-06,0,0.8807628123443481,model::distilbert_sentiment_profile,DistilBERT + Sentiment Profile,42
14420,1,2.004917860176647e-06,0,0.8807628123443481,model::distilbert_sentiment_profile,DistilBERT + Sentiment Profile,42
1708,0,2.64507684732962e-06,0,0.8807628123443481,model::distilbert_sentiment_profile,DistilBERT + Sentiment Profile,42
6131,0,4.147484560235171e-06,0,0.8807628123443481,model::distilbert_sentiment_profile,DistilBERT + Sentiment Profile,42
2669,0,2.330993993382436e-06,0,0.8807628123443481,model::distilbert_sentiment_profile,DistilBERT + Sentiment Profile,42
4759,0,1.965217052202206e-06,0,0.8807628123443481,model::distilbert_sentiment_profile,DistilBERT + Sentiment Profile,42
5305,1,1.4502790008918964e-06,0,0.8807628123443481,model::distilbert_sentiment_profile,DistilBERT + Sentiment Profile,42
1262,0,1.3533450555769375e-06,0,0.8807628123443481,model::distilbert_sentiment_profile,DistilBERT + Sentiment Profile,42
18111,0,1.676700094321859e-06,0,0.8807628123443481,model::distilbert_sentiment_profile,DistilBERT + Sentiment Profile,42
19422,0,2.196647756136372e-06,0,0.8807628123443481,model::distilbert_sentiment_profile,DistilBERT + Sentiment Profile,42
15033,0,2.390387408013339e-06,0,0.8807628123443481,model::distilbert_sentiment_profile,DistilBERT + Sentiment Profile,42
11051,0,6.373210453602951e-06,0,0.8807628123443481,model::distilbert_sentiment_profile,DistilBERT + Sentiment Profile,42
16591,0,1.0230395673715977e-05,0,0.8807628123443481,model::distilbert_sentiment_profile,DistilBERT + Sentiment Profile,42
2053,1,1.365253069707251e-06,0,0.8807628123443481,model::distilbert_sentiment_profile,DistilBERT + Sentiment Profile,42
7319,0,2.7550413506105542e-06,0,0.8807628123443481,model::distilbert_sentiment_profile,DistilBERT + Sentiment Profile,42
7997,0,1.5421170473928214e-06,0,0.8807628123443481,model::distilbert_sentiment_profile,DistilBERT + Sentiment Profile,42
2440,1,1.509557819190377e-06,0,0.8807628123443481,model::distilbert_sentiment_profile,DistilBERT + Sentiment Profile,42
7873,1,1.2205414350319188e-06,0,0.8807628123443481,model::distilbert_sentiment_profile,DistilBERT + Sentiment Profile,42
1101,1,1.0448710554555871e-06,0,0.8807628123443481,model::distilbert_sentiment_profile,DistilBERT + Sentiment Profile,42
3293,1,1.523409650872054e-06,0,0.8807628123443481,model::distilbert_sentiment_profile,DistilBERT + Sentiment Profile,42
8649,0,1.3568057966040217e-06,0,0.8807628123443481,model::distilbert_sentiment_profile,DistilBERT + Sentiment Profile,42
9112,0,1.15110879050917e-06,0,0.8807628123443481,model::distilbert_sentiment_profile,DistilBERT + Sentiment Profile,42
18634,1,1.7194732890857267e-06,0,0.8807628123443481,model::distilbert_sentiment_profile,DistilBERT + Sentiment Profile,42
6069,0,1.4318128478407743e-06,0,0.8807628123443481,model::distilbert_sentiment_profile,DistilBERT + Sentiment Profile,42
11843,0,2.2862834612169536e-06,0,0.8807628123443481,model::distilbert_sentiment_profile,DistilBERT + Sentiment Profile,42
1064,1,1.1980806675637723e-06,0,0.8807628123443481,model::distilbert_sentiment_profile,DistilBERT + Sentiment Profile,42
19432,1,1.8202035789727235e-06,0,0.8807628123443481,model::distilbert_sentiment_profile,DistilBERT + Sentiment Profile,42
20396,1,1.4125577081358642e-06,0,0.8807628123443481,model::distilbert_sentiment_profile,DistilBERT + Sentiment Profile,42
175,1,1.639179799894919e-06,0,0.8807628123443481,model::distilbert_sentiment_profile,DistilBERT + Sentiment Profile,42
973,1,2.204791144322371e-06,0,0.8807628123443481,model::distilbert_sentiment_profile,DistilBERT + Sentiment Profile,42
13368,1,1.1800271977335797e-06,0,0.8807628123443481,model::distilbert_sentiment_profile,DistilBERT + Sentiment Profile,42
43,0,2.0114350718358764e-06,0,0.8807628123443481,model::distilbert_sentiment_profile,DistilBERT + Sentiment Profile,42
13811,0,8.425366218034469e-07,0,0.8807628123443481,model::distilbert_sentiment_profile,DistilBERT + Sentiment Profile,42
14588,1,1.6741404351705569e-06,0,0.8807628123443481,model::distilbert_sentiment_profile,DistilBERT + Sentiment Profile,42
10266,1,1.8846355942514488e-06,0,0.8807628123443481,model::distilbert_sentiment_profile,DistilBERT + Sentiment Profile,42
18433,1,9.664197477832204e-07,0,0.8807628123443481,model::distilbert_sentiment_profile,DistilBERT + Sentiment Profile,42
4570,1,1.041733980855497e-06,0,0.8807628123443481,model::distilbert_sentiment_profile,DistilBERT + Sentiment Profile,42
6306,0,8.372673619305715e-06,0,0.8807628123443481,model::distilbert_sentiment_profile,DistilBERT + Sentiment Profile,42
14540,0,1.8153981500290683e-06,0,0.8807628123443481,model::distilbert_sentiment_profile,DistilBERT + Sentiment Profile,42
17165,0,1.8290747902938165e-06,0,0.8807628123443481,model::distilbert_sentiment_profile,DistilBERT + Sentiment Profile,42
641,1,1.325228708992654e-06,0,0.8807628123443481,model::distilbert_sentiment_profile,DistilBERT + Sentiment Profile,42
5502,0,1.653379058552673e-06,0,0.8807628123443481,model::distilbert_sentiment_profile,DistilBERT + Sentiment Profile,42
20592,0,1.4095056712903895e-06,0,0.8807628123443481,model::distilbert_sentiment_profile,DistilBERT + Sentiment Profile,42
18238,1,1.1693165333781508e-06,0,0.8807628123443481,model::distilbert_sentiment_profile,DistilBERT + Sentiment Profile,42
8128,1,1.1776594419643516e-06,0,0.8807628123443481,model::distilbert_sentiment_profile,DistilBERT + Sentiment Profile,42
19729,0,2.690022711249185e-06,0,0.8807628123443481,model::distilbert_sentiment_profile,DistilBERT + Sentiment Profile,42
15926,1,1.108212813960563e-06,0,0.8807628123443481,model::distilbert_sentiment_profile,DistilBERT + Sentiment Profile,42
19177,1,9.01224211702356e-07,0,0.8807628123443481,model::distilbert_sentiment_profile,DistilBERT + Sentiment Profile,42
17990,1,1.1862566680065356e-06,0,0.8807628123443481,model::distilbert_sentiment_profile,DistilBERT + Sentiment Profile,42
4899,1,1.213507857755758e-06,0,0.8807628123443481,model::distilbert_sentiment_profile,DistilBERT + Sentiment Profile,42
19461,1,1.8821569938154423e-06,0,0.8807628123443481,model::distilbert_sentiment_profile,DistilBERT + Sentiment Profile,42
616,1,1.4016039813213863e-06,0,0.8807628123443481,model::distilbert_sentiment_profile,DistilBERT + Sentiment Profile,42
5886,0,1.0909275260928553e-06,0,0.8807628123443481,model::distilbert_sentiment_profile,DistilBERT + Sentiment Profile,42
11169,1,1.3024477993894834e-06,0,0.8807628123443481,model::distilbert_sentiment_profile,DistilBERT + Sentiment Profile,42
16365,1,9.287694524573452e-07,0,0.8807628123443481,model::distilbert_sentiment_profile,DistilBERT + Sentiment Profile,42
5788,1,1.538770561637648e-06,0,0.8807628123443481,model::distilbert_sentiment_profile,DistilBERT + Sentiment Profile,42
10187,1,1.4951601770007985e-06,0,0.8807628123443481,model::distilbert_sentiment_profile,DistilBERT + Sentiment Profile,42
9084,1,1.5908733530523025e-06,0,0.8807628123443481,model::distilbert_sentiment_profile,DistilBERT + Sentiment Profile,42
243,0,2.6460506887815427e-06,0,0.8807628123443481,model::distilbert_sentiment_profile,DistilBERT + Sentiment Profile,42
12047,1,9.278859351979918e-07,0,0.8807628123443481,model::distilbert_sentiment_profile,DistilBERT + Sentiment Profile,42
13921,0,1.7223027271029423e-06,0,0.8807628123443481,model::distilbert_sentiment_profile,DistilBERT + Sentiment Profile,42
10155,0,2.5864565031952225e-06,0,0.8807628123443481,model::distilbert_sentiment_profile,DistilBERT + Sentiment Profile,42
9309,1,8.246432798841852e-07,0,0.8807628123443481,model::distilbert_sentiment_profile,DistilBERT + Sentiment Profile,42
15515,1,1.28316537484352e-06,0,0.8807628123443481,model::distilbert_sentiment_profile,DistilBERT + Sentiment Profile,42
10662,0,2.211264018114889e-06,0,0.8807628123443481,model::distilbert_sentiment_profile,DistilBERT + Sentiment Profile,42
12693,0,1.957630274773692e-06,0,0.8807628123443481,model::distilbert_sentiment_profile,DistilBERT + Sentiment Profile,42
16574,0,2.505481688785949e-06,0,0.8807628123443481,model::distilbert_sentiment_profile,DistilBERT + Sentiment Profile,42
20044,0,8.339263786183437e-07,0,0.8807628123443481,model::distilbert_sentiment_profile,DistilBERT + Sentiment Profile,42
15500,1,1.1496550769152236e-06,0,0.8807628123443481,model::distilbert_sentiment_profile,DistilBERT + Sentiment Profile,42
1029,0,1.6234915847235245e-06,0,0.8807628123443481,model::distilbert_sentiment_profile,DistilBERT + Sentiment Profile,42
11614,1,1.181302877739654e-06,0,0.8807628123443481,model::distilbert_sentiment_profile,DistilBERT + Sentiment Profile,42
9822,1,1.308844161940215e-06,0,0.8807628123443481,model::distilbert_sentiment_profile,DistilBERT + Sentiment Profile,42
20524,0,1.6182189028768337e-06,0,0.8807628123443481,model::distilbert_sentiment_profile,DistilBERT + Sentiment Profile,42
7741,1,7.526809895352926e-07,0,0.8807628123443481,model::distilbert_sentiment_profile,DistilBERT + Sentiment Profile,42
14573,0,1.2467719443520764e-06,0,0.8807628123443481,model::distilbert_sentiment_profile,DistilBERT + Sentiment Profile,42
19611,0,9.30989983771724e-07,0,0.8807628123443481,model::distilbert_sentiment_profile,DistilBERT + Sentiment Profile,42
3277,0,1.0904593636951176e-06,0,0.8807628123443481,model::distilbert_sentiment_profile,DistilBERT + Sentiment Profile,42
12554,1,1.2010618775093462e-06,0,0.8807628123443481,model::distilbert_sentiment_profile,DistilBERT + Sentiment Profile,42
12526,1,1.903337533804006e-06,0,0.8807628123443481,model::distilbert_sentiment_profile,DistilBERT + Sentiment Profile,42
20390,1,1.726845312077785e-06,0,0.8807628123443481,model::distilbert_sentiment_profile,DistilBERT + Sentiment Profile,42
5242,0,3.251122279834817e-06,0,0.8807628123443481,model::distilbert_sentiment_profile,DistilBERT + Sentiment Profile,42
7776,0,9.745273246153374e-07,0,0.8807628123443481,model::distilbert_sentiment_profile,DistilBERT + Sentiment Profile,42
13747,1,1.5447960777237313e-06,0,0.8807628123443481,model::distilbert_sentiment_profile,DistilBERT + Sentiment Profile,42
14769,1,9.55277187131287e-07,0,0.8807628123443481,model::distilbert_sentiment_profile,DistilBERT + Sentiment Profile,42
15408,0,2.897141030189232e-06,0,0.8807628123443481,model::distilbert_sentiment_profile,DistilBERT + Sentiment Profile,42
8850,0,1.710544779598422e-06,0,0.8807628123443481,model::distilbert_sentiment_profile,DistilBERT + Sentiment Profile,42
6341,0,4.183359578746604e-06,0,0.8807628123443481,model::distilbert_sentiment_profile,DistilBERT + Sentiment Profile,42
7677,1,9.400168892170768e-07,0,0.8807628123443481,model::distilbert_sentiment_profile,DistilBERT + Sentiment Profile,42
12610,0,2.9837597139703576e-06,0,0.8807628123443481,model::distilbert_sentiment_profile,DistilBERT + Sentiment Profile,42
15436,1,1.410253275935247e-06,0,0.8807628123443481,model::distilbert_sentiment_profile,DistilBERT + Sentiment Profile,42
248,1,1.0396546485935687e-06,0,0.8807628123443481,model::distilbert_sentiment_profile,DistilBERT + Sentiment Profile,42
8795,0,1.0924579783022637e-06,0,0.8807628123443481,model::distilbert_sentiment_profile,DistilBERT + Sentiment Profile,42
683,1,1.149224431173934e-06,0,0.8807628123443481,model::distilbert_sentiment_profile,DistilBERT + Sentiment Profile,42
10619,0,2.369743697272497e-06,0,0.8807628123443481,model::distilbert_sentiment_profile,DistilBERT + Sentiment Profile,42
901,1,9.455418990000908e-07,0,0.8807628123443481,model::distilbert_sentiment_profile,DistilBERT + Sentiment Profile,42
6945,0,3.506066605041269e-06,0,0.8807628123443481,model::distilbert_sentiment_profile,DistilBERT + Sentiment Profile,42
112,1,1.1449590147094568e-06,0,0.8807628123443481,model::distilbert_sentiment_profile,DistilBERT + Sentiment Profile,42
14601,0,1.2325687066550015e-06,0,0.8807628123443481,model::distilbert_sentiment_profile,DistilBERT + Sentiment Profile,42
9124,1,1.166124889095954e-06,0,0.8807628123443481,model::distilbert_sentiment_profile,DistilBERT + Sentiment Profile,42
12747,0,1.81668144705327e-06,0,0.8807628123443481,model::distilbert_sentiment_profile,DistilBERT + Sentiment Profile,42
20252,1,8.495862289237266e-07,0,0.8807628123443481,model::distilbert_sentiment_profile,DistilBERT + Sentiment Profile,42
18768,0,3.3366547995683504e-06,0,0.8807628123443481,model::distilbert_sentiment_profile,DistilBERT + Sentiment Profile,42
16844,1,1.156629650722607e-06,0,0.8807628123443481,model::distilbert_sentiment_profile,DistilBERT + Sentiment Profile,42
5992,0,2.712377408897737e-06,0,0.8807628123443481,model::distilbert_sentiment_profile,DistilBERT + Sentiment Profile,42
16312,1,9.897077006826294e-07,0,0.8807628123443481,model::distilbert_sentiment_profile,DistilBERT + Sentiment Profile,42
8930,1,1.4171305338095408e-06,0,0.8807628123443481,model::distilbert_sentiment_profile,DistilBERT + Sentiment Profile,42
10000,1,1.0785046242745011e-06,0,0.8807628123443481,model::distilbert_sentiment_profile,DistilBERT + Sentiment Profile,42
8083,0,9.188266290038882e-07,0,0.8807628123443481,model::distilbert_sentiment_profile,DistilBERT + Sentiment Profile,42
1356,0,9.83141489996342e-07,0,0.8807628123443481,model::distilbert_sentiment_profile,DistilBERT + Sentiment Profile,42
14307,0,1.3470921658154111e-06,0,0.8807628123443481,model::distilbert_sentiment_profile,DistilBERT + Sentiment Profile,42
13423,0,2.7570888505579205e-06,0,0.8807628123443481,model::distilbert_sentiment_profile,DistilBERT + Sentiment Profile,42
19674,0,1.139898245128279e-06,0,0.8807628123443481,model::distilbert_sentiment_profile,DistilBERT + Sentiment Profile,42
16406,0,2.1861087589059025e-06,0,0.8807628123443481,model::distilbert_sentiment_profile,DistilBERT + Sentiment Profile,42
17846,1,8.913356737139111e-07,0,0.8807628123443481,model::distilbert_sentiment_profile,DistilBERT + Sentiment Profile,42
12642,1,1.227360485245299e-06,0,0.8807628123443481,model::distilbert_sentiment_profile,DistilBERT + Sentiment Profile,42
13004,0,1.87863133760402e-06,0,0.8807628123443481,model::distilbert_sentiment_profile,DistilBERT + Sentiment Profile,42
20367,1,1.1442997447375092e-06,0,0.8807628123443481,model::distilbert_sentiment_profile,DistilBERT + Sentiment Profile,42
16778,1,1.2043607284795144e-06,0,0.8807628123443481,model::distilbert_sentiment_profile,DistilBERT + Sentiment Profile,42
20433,0,1.992301804421004e-06,0,0.8807628123443481,model::distilbert_sentiment_profile,DistilBERT + Sentiment Profile,42
20928,0,2.709050477278652e-06,0,0.8807628123443481,model::distilbert_sentiment_profile,DistilBERT + Sentiment Profile,42
7440,1,1.5374356507891207e-06,0,0.8807628123443481,model::distilbert_sentiment_profile,DistilBERT + Sentiment Profile,42
10613,0,2.404212409601314e-06,0,0.8807628123443481,model::distilbert_sentiment_profile,DistilBERT + Sentiment Profile,42
8465,0,2.628352831379744e-06,0,0.8807628123443481,model::distilbert_sentiment_profile,DistilBERT + Sentiment Profile,42
18203,0,4.993140919395955e-06,0,0.8807628123443481,model::distilbert_sentiment_profile,DistilBERT + Sentiment Profile,42
6170,0,2.496382876415737e-06,0,0.8807628123443481,model::distilbert_sentiment_profile,DistilBERT + Sentiment Profile,42
11685,1,1.055380494108249e-06,0,0.8807628123443481,model::distilbert_sentiment_profile,DistilBERT + Sentiment Profile,42
10932,1,1.9675871953950264e-06,0,0.8807628123443481,model::distilbert_sentiment_profile,DistilBERT + Sentiment Profile,42
12424,0,1.584778374308371e-06,0,0.8807628123443481,model::distilbert_sentiment_profile,DistilBERT + Sentiment Profile,42
9968,1,1.8919072317657992e-06,0,0.8807628123443481,model::distilbert_sentiment_profile,DistilBERT + Sentiment Profile,42
10475,1,1.827207483984239e-06,0,0.8807628123443481,model::distilbert_sentiment_profile,DistilBERT + Sentiment Profile,42
11525,1,1.0964847660943633e-06,0,0.8807628123443481,model::distilbert_sentiment_profile,DistilBERT + Sentiment Profile,42
7042,1,1.852266564128513e-06,0,0.8807628123443481,model::distilbert_sentiment_profile,DistilBERT + Sentiment Profile,42
3558,0,1.273050997951941e-06,0,0.8807628123443481,model::distilbert_sentiment_profile,DistilBERT + Sentiment Profile,42
13588,0,3.1808326639293227e-06,0,0.8807628123443481,model::distilbert_sentiment_profile,DistilBERT + Sentiment Profile,42
11379,1,1.2246759979461783e-06,0,0.8807628123443481,model::distilbert_sentiment_profile,DistilBERT + Sentiment Profile,42
18014,0,2.153647528757574e-06,0,0.8807628123443481,model::distilbert_sentiment_profile,DistilBERT + Sentiment Profile,42
1072,1,1.486552832830057e-06,0,0.8807628123443481,model::distilbert_sentiment_profile,DistilBERT + Sentiment Profile,42
12006,1,1.5750722468510503e-06,0,0.8807628123443481,model::distilbert_sentiment_profile,DistilBERT + Sentiment Profile,42
8759,0,1.2731795777654042e-06,0,0.8807628123443481,model::distilbert_sentiment_profile,DistilBERT + Sentiment Profile,42
10957,0,2.8351664695946965e-06,0,0.8807628123443481,model::distilbert_sentiment_profile,DistilBERT + Sentiment Profile,42
6046,0,7.946369464661984e-07,0,0.8807628123443481,model::distilbert_sentiment_profile,DistilBERT + Sentiment Profile,42
16763,0,9.666262030805228e-07,0,0.8807628123443481,model::distilbert_sentiment_profile,DistilBERT + Sentiment Profile,42
18932,1,1.1070486607422936e-06,0,0.8807628123443481,model::distilbert_sentiment_profile,DistilBERT + Sentiment Profile,42
10362,0,1.336252125838655e-06,0,0.8807628123443481,model::distilbert_sentiment_profile,DistilBERT + Sentiment Profile,42
11711,0,1.337847265858727e-06,0,0.8807628123443481,model::distilbert_sentiment_profile,DistilBERT + Sentiment Profile,42
7514,0,1.79875758021808e-06,0,0.8807628123443481,model::distilbert_sentiment_profile,DistilBERT + Sentiment Profile,42
8935,0,9.991266551878653e-07,0,0.8807628123443481,model::distilbert_sentiment_profile,DistilBERT + Sentiment Profile,42
10058,1,1.202506041408924e-06,0,0.8807628123443481,model::distilbert_sentiment_profile,DistilBERT + Sentiment Profile,42
16718,1,9.026770726450196e-07,0,0.8807628123443481,model::distilbert_sentiment_profile,DistilBERT + Sentiment Profile,42
16317,0,7.842444915695523e-07,0,0.8807628123443481,model::distilbert_sentiment_profile,DistilBERT + Sentiment Profile,42
19108,1,1.333683030679822e-06,0,0.8807628123443481,model::distilbert_sentiment_profile,DistilBERT + Sentiment Profile,42
1682,1,1.4663826277683256e-06,0,0.8807628123443481,model::distilbert_sentiment_profile,DistilBERT + Sentiment Profile,42
10385,0,4.007573352282634e-06,0,0.8807628123443481,model::distilbert_sentiment_profile,DistilBERT + Sentiment Profile,42
18795,1,9.240992540071602e-07,0,0.8807628123443481,model::distilbert_sentiment_profile,DistilBERT + Sentiment Profile,42
19579,0,3.8546722862520255e-06,0,0.8807628123443481,model::distilbert_sentiment_profile,DistilBERT + Sentiment Profile,42
428,1,1.9245323983341223e-06,0,0.8807628123443481,model::distilbert_sentiment_profile,DistilBERT + Sentiment Profile,42
14232,1,1.535082787995634e-06,0,0.8807628123443481,model::distilbert_sentiment_profile,DistilBERT + Sentiment Profile,42
12476,1,9.557438716001343e-07,0,0.8807628123443481,model::distilbert_sentiment_profile,DistilBERT + Sentiment Profile,42
15738,0,3.859295702568488e-06,0,0.8807628123443481,model::distilbert_sentiment_profile,DistilBERT + Sentiment Profile,42
16924,0,2.880940201066551e-06,0,0.8807628123443481,model::distilbert_sentiment_profile,DistilBERT + Sentiment Profile,42
1646,0,1.2656424814849745e-06,0,0.8807628123443481,model::distilbert_sentiment_profile,DistilBERT + Sentiment Profile,42
15008,1,1.3877209994461737e-06,0,0.8807628123443481,model::distilbert_sentiment_profile,DistilBERT + Sentiment Profile,42
6317,1,1.7423867575416807e-06,0,0.8807628123443481,model::distilbert_sentiment_profile,DistilBERT + Sentiment Profile,42
3032,0,2.9103944143571425e-06,0,0.8807628123443481,model::distilbert_sentiment_profile,DistilBERT + Sentiment Profile,42
492,0,1.666589810156438e-06,0,0.8807628123443481,model::distilbert_sentiment_profile,DistilBERT + Sentiment Profile,42
15815,0,4.446312686923193e-06,0,0.8807628123443481,model::distilbert_sentiment_profile,DistilBERT + Sentiment Profile,42
1378,0,1.4099480267759643e-06,0,0.8807628123443481,model::distilbert_sentiment_profile,DistilBERT + Sentiment Profile,42
3999,1,1.2435895087037352e-06,0,0.8807628123443481,model::distilbert_sentiment_profile,DistilBERT + Sentiment Profile,42
16561,0,1.680753712207661e-06,0,0.8807628123443481,model::distilbert_sentiment_profile,DistilBERT + Sentiment Profile,42
17155,0,1.7842556871983106e-06,0,0.8807628123443481,model::distilbert_sentiment_profile,DistilBERT + Sentiment Profile,42
12823,0,2.0133177258685464e-06,0,0.8807628123443481,model::distilbert_sentiment_profile,DistilBERT + Sentiment Profile,42
10019,1,1.4045851912669605e-06,0,0.8807628123443481,model::distilbert_sentiment_profile,DistilBERT + Sentiment Profile,42
12458,1,1.0542698873905465e-06,0,0.8807628123443481,model::distilbert_sentiment_profile,DistilBERT + Sentiment Profile,42
4243,0,8.369092370230646e-07,0,0.8807628123443481,model::distilbert_sentiment_profile,DistilBERT + Sentiment Profile,42
16512,1,1.8540215478424216e-06,0,0.8807628123443481,model::distilbert_sentiment_profile,DistilBERT + Sentiment Profile,42
16146,0,2.5332246877951548e-06,0,0.8807628123443481,model::distilbert_sentiment_profile,DistilBERT + Sentiment Profile,42
17428,0,5.75038848182885e-06,0,0.8807628123443481,model::distilbert_sentiment_profile,DistilBERT + Sentiment Profile,42
14070,1,1.1197819276276275e-06,0,0.8807628123443481,model::distilbert_sentiment_profile,DistilBERT + Sentiment Profile,42
1741,1,1.39144208333164e-06,0,0.8807628123443481,model::distilbert_sentiment_profile,DistilBERT + Sentiment Profile,42
20962,0,2.3776033231115434e-06,0,0.8807628123443481,model::distilbert_sentiment_profile,DistilBERT + Sentiment Profile,42
15911,1,1.0868297977140171e-06,0,0.8807628123443481,model::distilbert_sentiment_profile,DistilBERT + Sentiment Profile,42
13593,0,1.522477305115899e-06,0,0.8807628123443481,model::distilbert_sentiment_profile,DistilBERT + Sentiment Profile,42
8964,0,1.0704352462198583e-06,0,0.8807628123443481,model::distilbert_sentiment_profile,DistilBERT + Sentiment Profile,42
10530,0,2.313948243681807e-06,0,0.8807628123443481,model::distilbert_sentiment_profile,DistilBERT + Sentiment Profile,42
3502,0,9.52826155753428e-07,0,0.8807628123443481,model::distilbert_sentiment_profile,DistilBERT + Sentiment Profile,42
7557,0,1.3757232864008984e-06,0,0.8807628123443481,model::distilbert_sentiment_profile,DistilBERT + Sentiment Profile,42
19547,1,2.1204664335527923e-06,0,0.8807628123443481,model::distilbert_sentiment_profile,DistilBERT + Sentiment Profile,42
14635,0,1.3202385389377014e-06,0,0.8807628123443481,model::distilbert_sentiment_profile,DistilBERT + Sentiment Profile,42
12168,0,1.8537015193942352e-06,0,0.8807628123443481,model::distilbert_sentiment_profile,DistilBERT + Sentiment Profile,42
3189,0,2.189891802117927e-06,0,0.8807628123443481,model::distilbert_sentiment_profile,DistilBERT + Sentiment Profile,42
2560,0,1.5894660236881464e-06,0,0.8807628123443481,model::distilbert_sentiment_profile,DistilBERT + Sentiment Profile,42
18150,1,1.893864009616664e-06,0,0.8807628123443481,model::distilbert_sentiment_profile,DistilBERT + Sentiment Profile,42
2062,0,1.0362406328567886e-06,0,0.8807628123443481,model::distilbert_sentiment_profile,DistilBERT + Sentiment Profile,42
17970,0,1.2440781347322627e-06,0,0.8807628123443481,model::distilbert_sentiment_profile,DistilBERT + Sentiment Profile,42
14679,0,1.185400606118492e-06,0,0.8807628123443481,model::distilbert_sentiment_profile,DistilBERT + Sentiment Profile,42
8099,0,1.477347950640251e-06,0,0.8807628123443481,model::distilbert_sentiment_profile,DistilBERT + Sentiment Profile,42
3192,0,5.024658548791194e-06,0,0.8807628123443481,model::distilbert_sentiment_profile,DistilBERT + Sentiment Profile,42
19761,0,1.3280704251883435e-06,0,0.8807628123443481,model::distilbert_sentiment_profile,DistilBERT + Sentiment Profile,42
65,1,1.209528818435501e-06,0,0.8807628123443481,model::distilbert_sentiment_profile,DistilBERT + Sentiment Profile,42
1424,0,1.3953222151030786e-06,0,0.8807628123443481,model::distilbert_sentiment_profile,DistilBERT + Sentiment Profile,42
18050,0,2.575778353275382e-06,0,0.8807628123443481,model::distilbert_sentiment_profile,DistilBERT + Sentiment Profile,42
14331,0,4.982480731996475e-06,0,0.8807628123443481,model::distilbert_sentiment_profile,DistilBERT + Sentiment Profile,42
4106,1,1.1655889693429344e-06,0,0.8807628123443481,model::distilbert_sentiment_profile,DistilBERT + Sentiment Profile,42
5060,1,1.7164717291962006e-06,0,0.8807628123443481,model::distilbert_sentiment_profile,DistilBERT + Sentiment Profile,42
8701,0,2.167382262996398e-06,0,0.8807628123443481,model::distilbert_sentiment_profile,DistilBERT + Sentiment Profile,42
17019,0,2.3437953586835647e-06,0,0.8807628123443481,model::distilbert_sentiment_profile,DistilBERT + Sentiment Profile,42
4095,1,1.8158448256144768e-06,0,0.8807628123443481,model::distilbert_sentiment_profile,DistilBERT + Sentiment Profile,42
14548,1,1.425232767360285e-06,0,0.8807628123443481,model::distilbert_sentiment_profile,DistilBERT + Sentiment Profile,42
15632,0,2.136178636646946e-06,0,0.8807628123443481,model::distilbert_sentiment_profile,DistilBERT + Sentiment Profile,42
13320,0,3.181812644470483e-06,0,0.8807628123443481,model::distilbert_sentiment_profile,DistilBERT + Sentiment Profile,42
13035,1,1.279309117308003e-06,0,0.8807628123443481,model::distilbert_sentiment_profile,DistilBERT + Sentiment Profile,42
8147,0,2.426525952614611e-06,0,0.8807628123443481,model::distilbert_sentiment_profile,DistilBERT + Sentiment Profile,42
6933,1,1.460846874579147e-06,0,0.8807628123443481,model::distilbert_sentiment_profile,DistilBERT + Sentiment Profile,42
1687,1,1.3952104609415985e-06,0,0.8807628123443481,model::distilbert_sentiment_profile,DistilBERT + Sentiment Profile,42
14159,1,1.7355126828988432e-06,0,0.8807628123443481,model::distilbert_sentiment_profile,DistilBERT + Sentiment Profile,42
12864,0,1.7103751588365412e-06,0,0.8807628123443481,model::distilbert_sentiment_profile,DistilBERT + Sentiment Profile,42
7414,0,1.7281763575738296e-06,0,0.8807628123443481,model::distilbert_sentiment_profile,DistilBERT + Sentiment Profile,42
10319,0,1.3104541949360282e-06,0,0.8807628123443481,model::distilbert_sentiment_profile,DistilBERT + Sentiment Profile,42
5750,0,3.1691179174231365e-06,0,0.8807628123443481,model::distilbert_sentiment_profile,DistilBERT + Sentiment Profile,42
19293,0,2.8375902729749214e-06,0,0.8807628123443481,model::distilbert_sentiment_profile,DistilBERT + Sentiment Profile,42
2232,0,1.573861936776666e-06,0,0.8807628123443481,model::distilbert_sentiment_profile,DistilBERT + Sentiment Profile,42
13229,1,7.915253945611767e-07,0,0.8807628123443481,model::distilbert_sentiment_profile,DistilBERT + Sentiment Profile,42
10707,0,1.0451102525621536e-06,0,0.8807628123443481,model::distilbert_sentiment_profile,DistilBERT + Sentiment Profile,42
8561,1,1.6336413182216347e-06,0,0.8807628123443481,model::distilbert_sentiment_profile,DistilBERT + Sentiment Profile,42
13985,1,1.5559546682197831e-06,0,0.8807628123443481,model::distilbert_sentiment_profile,DistilBERT + Sentiment Profile,42
2854,1,9.187004366140172e-07,0,0.8807628123443481,model::distilbert_sentiment_profile,DistilBERT + Sentiment Profile,42
2236,1,1.4204834997144644e-06,0,0.8807628123443481,model::distilbert_sentiment_profile,DistilBERT + Sentiment Profile,42
3868,0,1.5448756585101364e-06,0,0.8807628123443481,model::distilbert_sentiment_profile,DistilBERT + Sentiment Profile,42
10796,0,2.8487452254921664e-06,0,0.8807628123443481,model::distilbert_sentiment_profile,DistilBERT + Sentiment Profile,42
17402,1,1.236945649907284e-06,0,0.8807628123443481,model::distilbert_sentiment_profile,DistilBERT + Sentiment Profile,42
7141,1,1.7109542795878951e-06,0,0.8807628123443481,model::distilbert_sentiment_profile,DistilBERT + Sentiment Profile,42
14597,1,1.2112186595913954e-06,0,0.8807628123443481,model::distilbert_sentiment_profile,DistilBERT + Sentiment Profile,42
9934,0,2.135119302693056e-06,0,0.8807628123443481,model::distilbert_sentiment_profile,DistilBERT + Sentiment Profile,42
18619,0,1.874139911706152e-06,0,0.8807628123443481,model::distilbert_sentiment_profile,DistilBERT + Sentiment Profile,42
3695,1,1.592957801221928e-06,0,0.8807628123443481,model::distilbert_sentiment_profile,DistilBERT + Sentiment Profile,42
8344,0,1.2317848359089112e-06,0,0.8807628123443481,model::distilbert_sentiment_profile,DistilBERT + Sentiment Profile,42
15114,0,3.186185267622932e-06,0,0.8807628123443481,model::distilbert_sentiment_profile,DistilBERT + Sentiment Profile,42
12391,1,8.125755357468734e-07,0,0.8807628123443481,model::distilbert_sentiment_profile,DistilBERT + Sentiment Profile,42
4632,1,2.063207830360625e-06,0,0.8807628123443481,model::distilbert_sentiment_profile,DistilBERT + Sentiment Profile,42
15102,0,8.512211593370012e-07,0,0.8807628123443481,model::distilbert_sentiment_profile,DistilBERT + Sentiment Profile,42
5842,0,2.818936309267883e-06,0,0.8807628123443481,model::distilbert_sentiment_profile,DistilBERT + Sentiment Profile,42
5498,0,8.061037419793138e-07,0,0.8807628123443481,model::distilbert_sentiment_profile,DistilBERT + Sentiment Profile,42
3589,0,1.342631435363728e-06,0,0.8807628123443481,model::distilbert_sentiment_profile,DistilBERT + Sentiment Profile,42
3086,1,1.2452983355615288e-06,0,0.8807628123443481,model::distilbert_sentiment_profile,DistilBERT + Sentiment Profile,42
13493,1,1.859690087258059e-06,0,0.8807628123443481,model::distilbert_sentiment_profile,DistilBERT + Sentiment Profile,42
10682,0,1.7427523744117934e-06,0,0.8807628123443481,model::distilbert_sentiment_profile,DistilBERT + Sentiment Profile,42
10036,0,1.2013414334433037e-06,0,0.8807628123443481,model::distilbert_sentiment_profile,DistilBERT + Sentiment Profile,42
19345,0,1.209302695315273e-06,0,0.8807628123443481,model::distilbert_sentiment_profile,DistilBERT + Sentiment Profile,42
2750,0,2.1576645394816296e-06,0,0.8807628123443481,model::distilbert_sentiment_profile,DistilBERT + Sentiment Profile,42
15614,1,1.3871823512090486e-06,0,0.8807628123443481,model::distilbert_sentiment_profile,DistilBERT + Sentiment Profile,42
5002,1,1.562692659717868e-06,0,0.8807628123443481,model::distilbert_sentiment_profile,DistilBERT + Sentiment Profile,42
13930,1,9.820039394980995e-07,0,0.8807628123443481,model::distilbert_sentiment_profile,DistilBERT + Sentiment Profile,42
10120,0,1.2935549875692232e-06,0,0.8807628123443481,model::distilbert_sentiment_profile,DistilBERT + Sentiment Profile,42
18713,1,1.2705160088444245e-06,0,0.8807628123443481,model::distilbert_sentiment_profile,DistilBERT + Sentiment Profile,42
8232,1,2.3766647245793138e-06,0,0.8807628123443481,model::distilbert_sentiment_profile,DistilBERT + Sentiment Profile,42
7129,0,1.102683313547459e-06,0,0.8807628123443481,model::distilbert_sentiment_profile,DistilBERT + Sentiment Profile,42
18752,1,1.398751692249789e-06,0,0.8807628123443481,model::distilbert_sentiment_profile,DistilBERT + Sentiment Profile,42
6196,1,1.11258202650788e-06,0,0.8807628123443481,model::distilbert_sentiment_profile,DistilBERT + Sentiment Profile,42
7708,0,3.2406903756054817e-06,0,0.8807628123443481,model::distilbert_sentiment_profile,DistilBERT + Sentiment Profile,42
11980,1,1.6178486248463742e-06,0,0.8807628123443481,model::distilbert_sentiment_profile,DistilBERT + Sentiment Profile,42
6870,1,1.7674638002063148e-06,0,0.8807628123443481,model::distilbert_sentiment_profile,DistilBERT + Sentiment Profile,42
14038,1,1.532508349555428e-06,0,0.8807628123443481,model::distilbert_sentiment_profile,DistilBERT + Sentiment Profile,42
9212,0,1.9175301986251725e-06,0,0.8807628123443481,model::distilbert_sentiment_profile,DistilBERT + Sentiment Profile,42
20144,1,1.1818798384410911e-06,0,0.8807628123443481,model::distilbert_sentiment_profile,DistilBERT + Sentiment Profile,42
12670,1,1.2838912653023726e-06,0,0.8807628123443481,model::distilbert_sentiment_profile,DistilBERT + Sentiment Profile,42
197,0,1.1740453373931814e-06,0,0.8807628123443481,model::distilbert_sentiment_profile,DistilBERT + Sentiment Profile,42
5786,0,1.418979195477732e-06,0,0.8807628123443481,model::distilbert_sentiment_profile,DistilBERT + Sentiment Profile,42
19596,1,1.1557992820598884e-06,0,0.8807628123443481,model::distilbert_sentiment_profile,DistilBERT + Sentiment Profile,42
14263,1,1.3392068467510398e-06,0,0.8807628123443481,model::distilbert_sentiment_profile,DistilBERT + Sentiment Profile,42
5527,0,1.4323796904136543e-06,0,0.8807628123443481,model::distilbert_sentiment_profile,DistilBERT + Sentiment Profile,42
3613,1,1.073305611498654e-06,0,0.8807628123443481,model::distilbert_sentiment_profile,DistilBERT + Sentiment Profile,42
19069,0,1.0475189355929615e-06,0,0.8807628123443481,model::distilbert_sentiment_profile,DistilBERT + Sentiment Profile,42
11053,1,1.5245027498167474e-06,0,0.8807628123443481,model::distilbert_sentiment_profile,DistilBERT + Sentiment Profile,42
10188,0,0.0483422577381134,0,0.8807628123443481,model::distilbert_sentiment_profile,DistilBERT + Sentiment Profile,42
5807,1,1.3304688764037564e-06,0,0.8807628123443481,model::distilbert_sentiment_profile,DistilBERT + Sentiment Profile,42
16841,0,2.3185386908153305e-06,0,0.8807628123443481,model::distilbert_sentiment_profile,DistilBERT + Sentiment Profile,42
19452,1,1.1381755484762834e-06,0,0.8807628123443481,model::distilbert_sentiment_profile,DistilBERT + Sentiment Profile,42
14754,1,1.256550376638188e-06,0,0.8807628123443481,model::distilbert_sentiment_profile,DistilBERT + Sentiment Profile,42
15299,0,1.0204427098869928e-06,0,0.8807628123443481,model::distilbert_sentiment_profile,DistilBERT + Sentiment Profile,42
8336,1,1.4212151882020407e-06,0,0.8807628123443481,model::distilbert_sentiment_profile,DistilBERT + Sentiment Profile,42
9523,1,1.119788407777378e-06,0,0.8807628123443481,model::distilbert_sentiment_profile,DistilBERT + Sentiment Profile,42
12154,1,1.8782837969411048e-06,0,0.8807628123443481,model::distilbert_sentiment_profile,DistilBERT + Sentiment Profile,42
19454,0,9.446216608921532e-07,0,0.8807628123443481,model::distilbert_sentiment_profile,DistilBERT + Sentiment Profile,42
20356,0,2.101704694723594e-06,0,0.8807628123443481,model::distilbert_sentiment_profile,DistilBERT + Sentiment Profile,42
20645,0,2.0005536498501897e-06,0,0.8807628123443481,model::distilbert_sentiment_profile,DistilBERT + Sentiment Profile,42
4937,0,2.025124103965936e-06,0,0.8807628123443481,model::distilbert_sentiment_profile,DistilBERT + Sentiment Profile,42
14311,0,1.822310537136218e-06,0,0.8807628123443481,model::distilbert_sentiment_profile,DistilBERT + Sentiment Profile,42
15899,1,1.389654585182143e-06,0,0.8807628123443481,model::distilbert_sentiment_profile,DistilBERT + Sentiment Profile,42
12221,1,1.0432202088850318e-06,0,0.8807628123443481,model::distilbert_sentiment_profile,DistilBERT + Sentiment Profile,42
6235,1,7.964000587890041e-07,0,0.8807628123443481,model::distilbert_sentiment_profile,DistilBERT + Sentiment Profile,42
4530,0,1.589511498423235e-06,0,0.8807628123443481,model::distilbert_sentiment_profile,DistilBERT + Sentiment Profile,42
11047,0,1.944861196534476e-06,0,0.8807628123443481,model::distilbert_sentiment_profile,DistilBERT + Sentiment Profile,42
6030,1,1.1511330058056046e-06,0,0.8807628123443481,model::distilbert_sentiment_profile,DistilBERT + Sentiment Profile,42
11784,0,1.5628595519956434e-06,0,0.8807628123443481,model::distilbert_sentiment_profile,DistilBERT + Sentiment Profile,42
16240,1,1.0559442671365105e-06,0,0.8807628123443481,model::distilbert_sentiment_profile,DistilBERT + Sentiment Profile,42
6814,0,2.584375579317566e-06,0,0.8807628123443481,model::distilbert_sentiment_profile,DistilBERT + Sentiment Profile,42
9480,0,3.218247456970857e-06,0,0.8807628123443481,model::distilbert_sentiment_profile,DistilBERT + Sentiment Profile,42
18776,0,1.1871801461893483e-06,0,0.8807628123443481,model::distilbert_sentiment_profile,DistilBERT + Sentiment Profile,42
19473,1,1.0956339338008547e-06,0,0.8807628123443481,model::distilbert_sentiment_profile,DistilBERT + Sentiment Profile,42
21029,0,1.1952845397900091e-06,0,0.8807628123443481,model::distilbert_sentiment_profile,DistilBERT + Sentiment Profile,42
9437,0,1.090430259864661e-06,0,0.8807628123443481,model::distilbert_sentiment_profile,DistilBERT + Sentiment Profile,42
9842,1,1.0376102181908209e-06,0,0.8807628123443481,model::distilbert_sentiment_profile,DistilBERT + Sentiment Profile,42
3009,1,1.3119421282681287e-06,0,0.8807628123443481,model::distilbert_sentiment_profile,DistilBERT + Sentiment Profile,42
11712,0,1.3283921589390957e-06,0,0.8807628123443481,model::distilbert_sentiment_profile,DistilBERT + Sentiment Profile,42
16729,1,1.5660658618799062e-06,0,0.8807628123443481,model::distilbert_sentiment_profile,DistilBERT + Sentiment Profile,42
5237,1,9.12506152417336e-07,0,0.8807628123443481,model::distilbert_sentiment_profile,DistilBERT + Sentiment Profile,42
7020,1,4.317857019486837e-06,0,0.8807628123443481,model::distilbert_sentiment_profile,DistilBERT + Sentiment Profile,42
11806,0,3.501208539091749e-06,0,0.8807628123443481,model::distilbert_sentiment_profile,DistilBERT + Sentiment Profile,42
12464,0,4.00914086640114e-06,0,0.8807628123443481,model::distilbert_sentiment_profile,DistilBERT + Sentiment Profile,42
792,0,2.51628853220609e-06,0,0.8807628123443481,model::distilbert_sentiment_profile,DistilBERT + Sentiment Profile,42
1233,1,1.3884225609217538e-06,0,0.8807628123443481,model::distilbert_sentiment_profile,DistilBERT + Sentiment Profile,42
16456,1,1.2963423614564815e-06,0,0.8807628123443481,model::distilbert_sentiment_profile,DistilBERT + Sentiment Profile,42
20327,1,1.4566815025318649e-06,0,0.8807628123443481,model::distilbert_sentiment_profile,DistilBERT + Sentiment Profile,42
14791,1,1.6511683043063383e-06,0,0.8807628123443481,model::distilbert_sentiment_profile,DistilBERT + Sentiment Profile,42
2125,0,1.3123764119882253e-06,0,0.8807628123443481,model::distilbert_sentiment_profile,DistilBERT + Sentiment Profile,42
20580,0,2.84511247627961e-06,0,0.8807628123443481,model::distilbert_sentiment_profile,DistilBERT + Sentiment Profile,42
1352,0,1.334858779955539e-06,0,0.8807628123443481,model::distilbert_sentiment_profile,DistilBERT + Sentiment Profile,42
9413,0,3.1414704153576167e-06,0,0.8807628123443481,model::distilbert_sentiment_profile,DistilBERT + Sentiment Profile,42
16103,0,2.5291549263783963e-06,0,0.8807628123443481,model::distilbert_sentiment_profile,DistilBERT + Sentiment Profile,42
5733,1,1.3518383639166132e-06,0,0.8807628123443481,model::distilbert_sentiment_profile,DistilBERT + Sentiment Profile,42
6147,0,3.067569195991382e-06,0,0.8807628123443481,model::distilbert_sentiment_profile,DistilBERT + Sentiment Profile,42
10220,1,1.9722160686797e-06,0,0.8807628123443481,model::distilbert_sentiment_profile,DistilBERT + Sentiment Profile,42
13001,1,1.3334209825188736e-06,0,0.8807628123443481,model::distilbert_sentiment_profile,DistilBERT + Sentiment Profile,42
7442,1,1.6254016372840852e-06,0,0.8807628123443481,model::distilbert_sentiment_profile,DistilBERT + Sentiment Profile,42
6884,0,1.1308453622405068e-06,0,0.8807628123443481,model::distilbert_sentiment_profile,DistilBERT + Sentiment Profile,42
4949,1,1.3192718597565545e-06,0,0.8807628123443481,model::distilbert_sentiment_profile,DistilBERT + Sentiment Profile,42
9301,1,1.6117841141749525e-06,0,0.8807628123443481,model::distilbert_sentiment_profile,DistilBERT + Sentiment Profile,42
16483,0,1.6766904309406527e-06,0,0.8807628123443481,model::distilbert_sentiment_profile,DistilBERT + Sentiment Profile,42
12858,0,7.161681310208223e-07,0,0.8807628123443481,model::distilbert_sentiment_profile,DistilBERT + Sentiment Profile,42
2490,0,1.954048912011785e-06,0,0.8807628123443481,model::distilbert_sentiment_profile,DistilBERT + Sentiment Profile,42
2298,0,1.933780822582776e-06,0,0.8807628123443481,model::distilbert_sentiment_profile,DistilBERT + Sentiment Profile,42
20372,0,8.892367873158946e-07,0,0.8807628123443481,model::distilbert_sentiment_profile,DistilBERT + Sentiment Profile,42
16026,1,9.751297511684245e-07,0,0.8807628123443481,model::distilbert_sentiment_profile,DistilBERT + Sentiment Profile,42
1654,1,9.983342579289456e-07,0,0.8807628123443481,model::distilbert_sentiment_profile,DistilBERT + Sentiment Profile,42
5270,1,1.228847963830049e-06,0,0.8807628123443481,model::distilbert_sentiment_profile,DistilBERT + Sentiment Profile,42
20611,1,1.5288939039237448e-06,0,0.8807628123443481,model::distilbert_sentiment_profile,DistilBERT + Sentiment Profile,42
19998,0,1.4682548226119252e-06,0,0.8807628123443481,model::distilbert_sentiment_profile,DistilBERT + Sentiment Profile,42
9193,0,1.7371885405736975e-06,0,0.8807628123443481,model::distilbert_sentiment_profile,DistilBERT + Sentiment Profile,42
11269,0,3.6683804864878766e-06,0,0.8807628123443481,model::distilbert_sentiment_profile,DistilBERT + Sentiment Profile,42
2088,0,2.2534413801622577e-06,0,0.8807628123443481,model::distilbert_sentiment_profile,DistilBERT + Sentiment Profile,42
6637,0,1.979040462174453e-06,0,0.8807628123443481,model::distilbert_sentiment_profile,DistilBERT + Sentiment Profile,42
6554,1,1.5013426946097752e-06,0,0.8807628123443481,model::distilbert_sentiment_profile,DistilBERT + Sentiment Profile,42
2779,1,1.6667742102072225e-06,0,0.8807628123443481,model::distilbert_sentiment_profile,DistilBERT + Sentiment Profile,42
14704,1,1.7820416360336822e-06,0,0.8807628123443481,model::distilbert_sentiment_profile,DistilBERT + Sentiment Profile,42
9470,0,2.047895804935252e-06,0,0.8807628123443481,model::distilbert_sentiment_profile,DistilBERT + Sentiment Profile,42
13502,1,1.291639364353614e-06,0,0.8807628123443481,model::distilbert_sentiment_profile,DistilBERT + Sentiment Profile,42
11886,1,1.9968765627709217e-06,0,0.8807628123443481,model::distilbert_sentiment_profile,DistilBERT + Sentiment Profile,42
9976,1,1.3544864714276628e-06,0,0.8807628123443481,model::distilbert_sentiment_profile,DistilBERT + Sentiment Profile,42
9870,0,3.0472810976789333e-06,0,0.8807628123443481,model::distilbert_sentiment_profile,DistilBERT + Sentiment Profile,42
3216,0,2.291085365868639e-06,0,0.8807628123443481,model::distilbert_sentiment_profile,DistilBERT + Sentiment Profile,42
11857,1,1.8212281247542703e-06,0,0.8807628123443481,model::distilbert_sentiment_profile,DistilBERT + Sentiment Profile,42
2564,1,1.0346635690439143e-06,0,0.8807628123443481,model::distilbert_sentiment_profile,DistilBERT + Sentiment Profile,42
11284,1,3.361676590429852e-06,0,0.8807628123443481,model::distilbert_sentiment_profile,DistilBERT + Sentiment Profile,42
1669,0,1.3499626447810442e-06,0,0.8807628123443481,model::distilbert_sentiment_profile,DistilBERT + Sentiment Profile,42
1031,0,1.7303959793935064e-06,0,0.8807628123443481,model::distilbert_sentiment_profile,DistilBERT + Sentiment Profile,42
20648,1,1.7714176010485971e-06,0,0.8807628123443481,model::distilbert_sentiment_profile,DistilBERT + Sentiment Profile,42
17870,0,1.7856311842479045e-06,0,0.8807628123443481,model::distilbert_sentiment_profile,DistilBERT + Sentiment Profile,42
15836,0,3.002556695719249e-06,0,0.8807628123443481,model::distilbert_sentiment_profile,DistilBERT + Sentiment Profile,42
7602,1,1.5309452692235936e-06,0,0.8807628123443481,model::distilbert_sentiment_profile,DistilBERT + Sentiment Profile,42
6097,0,1.599180336597783e-06,0,0.8807628123443481,model::distilbert_sentiment_profile,DistilBERT + Sentiment Profile,42
11780,1,1.8684452243178384e-06,0,0.8807628123443481,model::distilbert_sentiment_profile,DistilBERT + Sentiment Profile,42
12327,1,1.036215962813003e-06,0,0.8807628123443481,model::distilbert_sentiment_profile,DistilBERT + Sentiment Profile,42
7422,0,2.639638978507719e-06,0,0.8807628123443481,model::distilbert_sentiment_profile,DistilBERT + Sentiment Profile,42
1605,0,2.025214826062438e-06,0,0.8807628123443481,model::distilbert_sentiment_profile,DistilBERT + Sentiment Profile,42
9219,0,1.0389569524704712e-06,0,0.8807628123443481,model::distilbert_sentiment_profile,DistilBERT + Sentiment Profile,42
1998,0,4.922415428154636e-06,0,0.8807628123443481,model::distilbert_sentiment_profile,DistilBERT + Sentiment Profile,42
7787,1,1.5663600834159297e-06,0,0.8807628123443481,model::distilbert_sentiment_profile,DistilBERT + Sentiment Profile,42
6209,1,1.8065142057821504e-06,0,0.8807628123443481,model::distilbert_sentiment_profile,DistilBERT + Sentiment Profile,42
14715,0,1.224545144395961e-06,0,0.8807628123443481,model::distilbert_sentiment_profile,DistilBERT + Sentiment Profile,42
274,0,1.065828882929054e-06,0,0.8807628123443481,model::distilbert_sentiment_profile,DistilBERT + Sentiment Profile,42
1200,0,1.811213223845698e-06,0,0.8807628123443481,model::distilbert_sentiment_profile,DistilBERT + Sentiment Profile,42
1804,1,2.342123934795381e-06,0,0.8807628123443481,model::distilbert_sentiment_profile,DistilBERT + Sentiment Profile,42
18547,1,1.028367705657729e-06,0,0.8807628123443481,model::distilbert_sentiment_profile,DistilBERT + Sentiment Profile,42
4952,0,1.5253257288350142e-06,0,0.8807628123443481,model::distilbert_sentiment_profile,DistilBERT + Sentiment Profile,42
10413,1,1.2431553386704763e-06,0,0.8807628123443481,model::distilbert_sentiment_profile,DistilBERT + Sentiment Profile,42
20278,0,1.5480997035410835e-06,0,0.8807628123443481,model::distilbert_sentiment_profile,DistilBERT + Sentiment Profile,42
15260,0,1.7793583992897766e-06,0,0.8807628123443481,model::distilbert_sentiment_profile,DistilBERT + Sentiment Profile,42
9825,0,2.120832505170256e-06,0,0.8807628123443481,model::distilbert_sentiment_profile,DistilBERT + Sentiment Profile,42
13644,1,1.427953748134314e-06,0,0.8807628123443481,model::distilbert_sentiment_profile,DistilBERT + Sentiment Profile,42
2384,1,1.2355897069937782e-06,0,0.8807628123443481,model::distilbert_sentiment_profile,DistilBERT + Sentiment Profile,42
9493,1,1.8754218444883008e-06,0,0.8807628123443481,model::distilbert_sentiment_profile,DistilBERT + Sentiment Profile,42
15687,1,1.3313015188032296e-06,0,0.8807628123443481,model::distilbert_sentiment_profile,DistilBERT + Sentiment Profile,42
15144,0,2.81872939922323e-06,0,0.8807628123443481,model::distilbert_sentiment_profile,DistilBERT + Sentiment Profile,42
20175,1,1.4655801123808487e-06,0,0.8807628123443481,model::distilbert_sentiment_profile,DistilBERT + Sentiment Profile,42
20844,1,8.764922085902072e-07,0,0.8807628123443481,model::distilbert_sentiment_profile,DistilBERT + Sentiment Profile,42
5744,1,2.0918303107464453e-06,0,0.8807628123443481,model::distilbert_sentiment_profile,DistilBERT + Sentiment Profile,42
20183,0,1.4708699609400355e-06,0,0.8807628123443481,model::distilbert_sentiment_profile,DistilBERT + Sentiment Profile,42
1277,0,1.6062632539615151e-06,0,0.8807628123443481,model::distilbert_sentiment_profile,DistilBERT + Sentiment Profile,42
1051,0,3.5068794659309788e-06,0,0.8807628123443481,model::distilbert_sentiment_profile,DistilBERT + Sentiment Profile,42
980,0,1.1217422297704616e-06,0,0.8807628123443481,model::distilbert_sentiment_profile,DistilBERT + Sentiment Profile,42
3443,0,4.442654699232662e-06,0,0.8807628123443481,model::distilbert_sentiment_profile,DistilBERT + Sentiment Profile,42
13908,1,1.7508349401396115e-06,0,0.8807628123443481,model::distilbert_sentiment_profile,DistilBERT + Sentiment Profile,42
21046,1,1.137322669819696e-06,0,0.8807628123443481,model::distilbert_sentiment_profile,DistilBERT + Sentiment Profile,42
6179,1,1.926155391629436e-06,0,0.8807628123443481,model::distilbert_sentiment_profile,DistilBERT + Sentiment Profile,42
19724,1,1.2402623497109744e-06,0,0.8807628123443481,model::distilbert_sentiment_profile,DistilBERT + Sentiment Profile,42
20341,1,1.884283392428188e-06,0,0.8807628123443481,model::distilbert_sentiment_profile,DistilBERT + Sentiment Profile,42
3028,1,8.616773357061902e-07,0,0.8807628123443481,model::distilbert_sentiment_profile,DistilBERT + Sentiment Profile,42
6737,0,2.1323601231415523e-06,0,0.8807628123443481,model::distilbert_sentiment_profile,DistilBERT + Sentiment Profile,42
12004,0,7.670476520615921e-07,0,0.8807628123443481,model::distilbert_sentiment_profile,DistilBERT + Sentiment Profile,42
21054,0,2.760132701951079e-06,0,0.8807628123443481,model::distilbert_sentiment_profile,DistilBERT + Sentiment Profile,42
735,1,1.6440158105979208e-06,0,0.8807628123443481,model::distilbert_sentiment_profile,DistilBERT + Sentiment Profile,42
845,1,1.2686926993410452e-06,0,0.8807628123443481,model::distilbert_sentiment_profile,DistilBERT + Sentiment Profile,42
2659,0,2.912237960117636e-06,0,0.8807628123443481,model::distilbert_sentiment_profile,DistilBERT + Sentiment Profile,42
11691,1,1.0946041584247723e-06,0,0.8807628123443481,model::distilbert_sentiment_profile,DistilBERT + Sentiment Profile,42
220,0,1.2456879403544008e-06,0,0.8807628123443481,model::distilbert_sentiment_profile,DistilBERT + Sentiment Profile,42
14073,1,8.458624165541551e-07,0,0.8807628123443481,model::distilbert_sentiment_profile,DistilBERT + Sentiment Profile,42
14089,0,1.1581097396629048e-06,0,0.8807628123443481,model::distilbert_sentiment_profile,DistilBERT + Sentiment Profile,42
15991,0,2.2392657683667494e-06,0,0.8807628123443481,model::distilbert_sentiment_profile,DistilBERT + Sentiment Profile,42
17752,1,1.0078458672069246e-06,0,0.8807628123443481,model::distilbert_sentiment_profile,DistilBERT + Sentiment Profile,42
1093,1,1.966930994967697e-06,0,0.8807628123443481,model::distilbert_sentiment_profile,DistilBERT + Sentiment Profile,42
9141,1,1.1435480473664938e-06,0,0.8807628123443481,model::distilbert_sentiment_profile,DistilBERT + Sentiment Profile,42
715,1,9.369675808557076e-07,0,0.8807628123443481,model::distilbert_sentiment_profile,DistilBERT + Sentiment Profile,42
14951,1,1.0894001434280651e-06,0,0.8807628123443481,model::distilbert_sentiment_profile,DistilBERT + Sentiment Profile,42
3193,1,1.7724095187077182e-06,0,0.8807628123443481,model::distilbert_sentiment_profile,DistilBERT + Sentiment Profile,42
15844,1,1.5964800468282192e-06,0,0.8807628123443481,model::distilbert_sentiment_profile,DistilBERT + Sentiment Profile,42
10910,1,1.5888007283137997e-06,0,0.8807628123443481,model::distilbert_sentiment_profile,DistilBERT + Sentiment Profile,42
9172,1,1.086763404600788e-06,0,0.8807628123443481,model::distilbert_sentiment_profile,DistilBERT + Sentiment Profile,42
5017,1,1.6876506379048806e-06,0,0.8807628123443481,model::distilbert_sentiment_profile,DistilBERT + Sentiment Profile,42
8474,1,1.3942368468633504e-06,0,0.8807628123443481,model::distilbert_sentiment_profile,DistilBERT + Sentiment Profile,42
7041,0,1.5526254628639435e-06,0,0.8807628123443481,model::distilbert_sentiment_profile,DistilBERT + Sentiment Profile,42
19785,0,3.4876252357207704e-06,0,0.8807628123443481,model::distilbert_sentiment_profile,DistilBERT + Sentiment Profile,42
1706,0,3.141901970593608e-06,0,0.8807628123443481,model::distilbert_sentiment_profile,DistilBERT + Sentiment Profile,42
18644,1,1.1265451576036869e-06,0,0.8807628123443481,model::distilbert_sentiment_profile,DistilBERT + Sentiment Profile,42
20618,1,1.0032323416453437e-06,0,0.8807628123443481,model::distilbert_sentiment_profile,DistilBERT + Sentiment Profile,42
10680,0,3.888373157678871e-06,0,0.8807628123443481,model::distilbert_sentiment_profile,DistilBERT + Sentiment Profile,42
1137,1,1.1806316706497455e-06,0,0.8807628123443481,model::distilbert_sentiment_profile,DistilBERT + Sentiment Profile,42
5984,1,1.3299513739184476e-06,0,0.8807628123443481,model::distilbert_sentiment_profile,DistilBERT + Sentiment Profile,42
8627,0,1.974112819880247e-06,0,0.8807628123443481,model::distilbert_sentiment_profile,DistilBERT + Sentiment Profile,42
3083,0,1.2231446362420684e-06,0,0.8807628123443481,model::distilbert_sentiment_profile,DistilBERT + Sentiment Profile,42
1335,0,1.3054572036708123e-06,0,0.8807628123443481,model::distilbert_sentiment_profile,DistilBERT + Sentiment Profile,42
7661,1,1.5402122244267955e-06,0,0.8807628123443481,model::distilbert_sentiment_profile,DistilBERT + Sentiment Profile,42
20122,1,8.827780106912542e-07,0,0.8807628123443481,model::distilbert_sentiment_profile,DistilBERT + Sentiment Profile,42
16125,1,1.1051394039895968e-06,0,0.8807628123443481,model::distilbert_sentiment_profile,DistilBERT + Sentiment Profile,42
8998,1,1.5294363038265146e-06,0,0.8807628123443481,model::distilbert_sentiment_profile,DistilBERT + Sentiment Profile,42
19137,1,1.1452658554844677e-06,0,0.8807628123443481,model::distilbert_sentiment_profile,DistilBERT + Sentiment Profile,42
9285,0,2.4047421902650967e-06,0,0.8807628123443481,model::distilbert_sentiment_profile,DistilBERT + Sentiment Profile,42
10260,1,1.7997252825807664e-06,0,0.8807628123443481,model::distilbert_sentiment_profile,DistilBERT + Sentiment Profile,42
5406,0,1.5417890608659943e-06,0,0.8807628123443481,model::distilbert_sentiment_profile,DistilBERT + Sentiment Profile,42
445,0,1.7165240251415526e-06,0,0.8807628123443481,model::distilbert_sentiment_profile,DistilBERT + Sentiment Profile,42
11938,1,1.6930138144743978e-06,0,0.8807628123443481,model::distilbert_sentiment_profile,DistilBERT + Sentiment Profile,42
10326,0,1.0314744258721475e-06,0,0.8807628123443481,model::distilbert_sentiment_profile,DistilBERT + Sentiment Profile,42
20045,0,1.8640757843968456e-06,0,0.8807628123443481,model::distilbert_sentiment_profile,DistilBERT + Sentiment Profile,42
4939,1,2.1090413611091208e-06,0,0.8807628123443481,model::distilbert_sentiment_profile,DistilBERT + Sentiment Profile,42
12602,1,1.633828219382849e-06,0,0.8807628123443481,model::distilbert_sentiment_profile,DistilBERT + Sentiment Profile,42
12820,0,2.391785301369964e-06,0,0.8807628123443481,model::distilbert_sentiment_profile,DistilBERT + Sentiment Profile,42
4707,1,1.3659433761858963e-06,0,0.8807628123443481,model::distilbert_sentiment_profile,DistilBERT + Sentiment Profile,42
2740,1,1.4080507071412285e-06,0,0.8807628123443481,model::distilbert_sentiment_profile,DistilBERT + Sentiment Profile,42
15206,0,2.108100261466461e-06,0,0.8807628123443481,model::distilbert_sentiment_profile,DistilBERT + Sentiment Profile,42
20765,1,1.4332528053273563e-06,0,0.8807628123443481,model::distilbert_sentiment_profile,DistilBERT + Sentiment Profile,42
13867,1,1.6648486962367317e-06,0,0.8807628123443481,model::distilbert_sentiment_profile,DistilBERT + Sentiment Profile,42
10393,0,1.425597019988345e-06,0,0.8807628123443481,model::distilbert_sentiment_profile,DistilBERT + Sentiment Profile,42
18360,0,2.8156960070191417e-06,0,0.8807628123443481,model::distilbert_sentiment_profile,DistilBERT + Sentiment Profile,42
16306,0,2.437703415125725e-06,0,0.8807628123443481,model::distilbert_sentiment_profile,DistilBERT + Sentiment Profile,42
16392,0,2.8177967124065617e-06,0,0.8807628123443481,model::distilbert_sentiment_profile,DistilBERT + Sentiment Profile,42
223,1,1.030305497806694e-06,0,0.8807628123443481,model::distilbert_sentiment_profile,DistilBERT + Sentiment Profile,42
13724,1,1.0518375574974923e-06,0,0.8807628123443481,model::distilbert_sentiment_profile,DistilBERT + Sentiment Profile,42
10533,1,1.282086486753542e-06,0,0.8807628123443481,model::distilbert_sentiment_profile,DistilBERT + Sentiment Profile,42
14919,1,1.653421577429981e-06,0,0.8807628123443481,model::distilbert_sentiment_profile,DistilBERT + Sentiment Profile,42
4826,0,1.8518815068091497e-06,0,0.8807628123443481,model::distilbert_sentiment_profile,DistilBERT + Sentiment Profile,42
12828,1,1.0299714858774678e-06,0,0.8807628123443481,model::distilbert_sentiment_profile,DistilBERT + Sentiment Profile,42
1508,1,1.1343784080963817e-06,0,0.8807628123443481,model::distilbert_sentiment_profile,DistilBERT + Sentiment Profile,42
14590,0,1.5628804703737842e-06,0,0.8807628123443481,model::distilbert_sentiment_profile,DistilBERT + Sentiment Profile,42
8866,1,8.604045547144779e-07,0,0.8807628123443481,model::distilbert_sentiment_profile,DistilBERT + Sentiment Profile,42
4409,0,5.138504548085621e-06,0,0.8807628123443481,model::distilbert_sentiment_profile,DistilBERT + Sentiment Profile,42
18033,1,1.4200284113030648e-06,0,0.8807628123443481,model::distilbert_sentiment_profile,DistilBERT + Sentiment Profile,42
12087,1,1.246897909368272e-06,0,0.8807628123443481,model::distilbert_sentiment_profile,DistilBERT + Sentiment Profile,42
10834,0,1.0574487987469183e-06,0,0.8807628123443481,model::distilbert_sentiment_profile,DistilBERT + Sentiment Profile,42
3238,1,1.4322498600449762e-06,0,0.8807628123443481,model::distilbert_sentiment_profile,DistilBERT + Sentiment Profile,42
15827,0,1.905009867186891e-06,0,0.8807628123443481,model::distilbert_sentiment_profile,DistilBERT + Sentiment Profile,42
3656,1,1.2906394886158523e-06,0,0.8807628123443481,model::distilbert_sentiment_profile,DistilBERT + Sentiment Profile,42
8955,0,2.9231064218038227e-06,0,0.8807628123443481,model::distilbert_sentiment_profile,DistilBERT + Sentiment Profile,42
890,1,1.5643865935999202e-06,0,0.8807628123443481,model::distilbert_sentiment_profile,DistilBERT + Sentiment Profile,42
2516,1,1.3904340221415623e-06,0,0.8807628123443481,model::distilbert_sentiment_profile,DistilBERT + Sentiment Profile,42
18073,1,8.226230079344532e-07,0,0.8807628123443481,model::distilbert_sentiment_profile,DistilBERT + Sentiment Profile,42
8460,1,1.0530911822570488e-06,0,0.8807628123443481,model::distilbert_sentiment_profile,DistilBERT + Sentiment Profile,42
13913,1,1.1791530596383382e-06,0,0.8807628123443481,model::distilbert_sentiment_profile,DistilBERT + Sentiment Profile,42
14989,0,1.2603343293449143e-06,0,0.8807628123443481,model::distilbert_sentiment_profile,DistilBERT + Sentiment Profile,42
12550,0,1.0983529818986426e-06,0,0.8807628123443481,model::distilbert_sentiment_profile,DistilBERT + Sentiment Profile,42
8601,0,5.088403213449055e-06,0,0.8807628123443481,model::distilbert_sentiment_profile,DistilBERT + Sentiment Profile,42
11106,1,1.6567346392548643e-06,0,0.8807628123443481,model::distilbert_sentiment_profile,DistilBERT + Sentiment Profile,42
18688,0,2.516775793992565e-06,0,0.8807628123443481,model::distilbert_sentiment_profile,DistilBERT + Sentiment Profile,42
8130,0,3.3015294320648536e-06,0,0.8807628123443481,model::distilbert_sentiment_profile,DistilBERT + Sentiment Profile,42
4465,1,1.1575708640521043e-06,0,0.8807628123443481,model::distilbert_sentiment_profile,DistilBERT + Sentiment Profile,42
17215,1,1.2674470326601297e-06,0,0.8807628123443481,model::distilbert_sentiment_profile,DistilBERT + Sentiment Profile,42
8438,1,1.7099755496019498e-06,0,0.8807628123443481,model::distilbert_sentiment_profile,DistilBERT + Sentiment Profile,42
10332,1,1.2459113349905238e-06,0,0.8807628123443481,model::distilbert_sentiment_profile,DistilBERT + Sentiment Profile,42
7194,1,1.3109867040839165e-06,0,0.8807628123443481,model::distilbert_sentiment_profile,DistilBERT + Sentiment Profile,42
7211,1,1.920256863741088e-06,0,0.8807628123443481,model::distilbert_sentiment_profile,DistilBERT + Sentiment Profile,42
7652,0,1.189087129205291e-06,0,0.8807628123443481,model::distilbert_sentiment_profile,DistilBERT + Sentiment Profile,42
20393,1,9.838270216278031e-07,0,0.8807628123443481,model::distilbert_sentiment_profile,DistilBERT + Sentiment Profile,42
7624,0,9.37331321892998e-07,0,0.8807628123443481,model::distilbert_sentiment_profile,DistilBERT + Sentiment Profile,42
19363,1,1.5064772469486345e-06,0,0.8807628123443481,model::distilbert_sentiment_profile,DistilBERT + Sentiment Profile,42
7628,1,1.826839934437885e-06,0,0.8807628123443481,model::distilbert_sentiment_profile,DistilBERT + Sentiment Profile,42
13143,0,1.5011910363682546e-06,0,0.8807628123443481,model::distilbert_sentiment_profile,DistilBERT + Sentiment Profile,42
18653,1,1.481356207477802e-06,0,0.8807628123443481,model::distilbert_sentiment_profile,DistilBERT + Sentiment Profile,42
910,0,1.2278312624403045e-06,0,0.8807628123443481,model::distilbert_sentiment_profile,DistilBERT + Sentiment Profile,42
257,1,1.0469776725585689e-06,0,0.8807628123443481,model::distilbert_sentiment_profile,DistilBERT + Sentiment Profile,42
8122,1,1.3088329069432802e-06,0,0.8807628123443481,model::distilbert_sentiment_profile,DistilBERT + Sentiment Profile,42
9065,1,1.5795080798852723e-06,0,0.8807628123443481,model::distilbert_sentiment_profile,DistilBERT + Sentiment Profile,42
18774,0,1.7184682974402676e-06,0,0.8807628123443481,model::distilbert_sentiment_profile,DistilBERT + Sentiment Profile,42
8840,1,1.1481233741506005e-06,0,0.8807628123443481,model::distilbert_sentiment_profile,DistilBERT + Sentiment Profile,42
9083,1,1.3538445955418863e-06,0,0.8807628123443481,model::distilbert_sentiment_profile,DistilBERT + Sentiment Profile,42
1188,1,1.3316392823981005e-06,0,0.8807628123443481,model::distilbert_sentiment_profile,DistilBERT + Sentiment Profile,42
10566,0,9.052667451214802e-07,0,0.8807628123443481,model::distilbert_sentiment_profile,DistilBERT + Sentiment Profile,42
19405,1,1.380607272949419e-06,0,0.8807628123443481,model::distilbert_sentiment_profile,DistilBERT + Sentiment Profile,42
8459,1,1.6703353367120144e-06,0,0.8807628123443481,model::distilbert_sentiment_profile,DistilBERT + Sentiment Profile,42
17679,1,1.1073423138441283e-06,0,0.8807628123443481,model::distilbert_sentiment_profile,DistilBERT + Sentiment Profile,42
12760,0,4.7673120207036845e-06,0,0.8807628123443481,model::distilbert_sentiment_profile,DistilBERT + Sentiment Profile,42
11399,1,1.4124755125521915e-06,0,0.8807628123443481,model::distilbert_sentiment_profile,DistilBERT + Sentiment Profile,42
1972,1,1.7137108443421312e-06,0,0.8807628123443481,model::distilbert_sentiment_profile,DistilBERT + Sentiment Profile,42
11132,0,2.612262278489652e-06,0,0.8807628123443481,model::distilbert_sentiment_profile,DistilBERT + Sentiment Profile,42
1578,1,1.2317332220845856e-06,0,0.8807628123443481,model::distilbert_sentiment_profile,DistilBERT + Sentiment Profile,42
407,1,1.00335478236957e-06,0,0.8807628123443481,model::distilbert_sentiment_profile,DistilBERT + Sentiment Profile,42
10444,1,1.3233874369689147e-06,0,0.8807628123443481,model::distilbert_sentiment_profile,DistilBERT + Sentiment Profile,42
6758,0,5.32865442437469e-06,0,0.8807628123443481,model::distilbert_sentiment_profile,DistilBERT + Sentiment Profile,42
12226,0,1.5809351907591918e-06,0,0.8807628123443481,model::distilbert_sentiment_profile,DistilBERT + Sentiment Profile,42
15551,1,1.4294334960140986e-06,0,0.8807628123443481,model::distilbert_sentiment_profile,DistilBERT + Sentiment Profile,42
2313,1,1.2188315849925857e-06,0,0.8807628123443481,model::distilbert_sentiment_profile,DistilBERT + Sentiment Profile,42
11015,1,1.5735257647975232e-06,0,0.8807628123443481,model::distilbert_sentiment_profile,DistilBERT + Sentiment Profile,42
35,1,1.62418837135192e-06,0,0.8807628123443481,model::distilbert_sentiment_profile,DistilBERT + Sentiment Profile,42
20481,0,1.1839737226182478e-06,0,0.8807628123443481,model::distilbert_sentiment_profile,DistilBERT + Sentiment Profile,42
10167,0,7.50200740640139e-07,0,0.8807628123443481,model::distilbert_sentiment_profile,DistilBERT + Sentiment Profile,42
19682,1,1.3473451190293415e-06,0,0.8807628123443481,model::distilbert_sentiment_profile,DistilBERT + Sentiment Profile,42
4811,0,2.056565790553577e-06,0,0.8807628123443481,model::distilbert_sentiment_profile,DistilBERT + Sentiment Profile,42
19927,1,1.5299265214707702e-06,0,0.8807628123443481,model::distilbert_sentiment_profile,DistilBERT + Sentiment Profile,42
2122,1,1.4496401945507389e-06,0,0.8807628123443481,model::distilbert_sentiment_profile,DistilBERT + Sentiment Profile,42
19791,1,1.4787011650696511e-06,0,0.8807628123443481,model::distilbert_sentiment_profile,DistilBERT + Sentiment Profile,42
14532,1,1.5847360828047383e-06,0,0.8807628123443481,model::distilbert_sentiment_profile,DistilBERT + Sentiment Profile,42
6234,1,9.23748586956208e-07,0,0.8807628123443481,model::distilbert_sentiment_profile,DistilBERT + Sentiment Profile,42
13877,1,1.325940502283629e-06,0,0.8807628123443481,model::distilbert_sentiment_profile,DistilBERT + Sentiment Profile,42
13949,1,1.4539585890815945e-06,0,0.8807628123443481,model::distilbert_sentiment_profile,DistilBERT + Sentiment Profile,42
16838,0,1.160600731964223e-06,0,0.8807628123443481,model::distilbert_sentiment_profile,DistilBERT + Sentiment Profile,42
4456,0,1.005406488729932e-06,0,0.8807628123443481,model::distilbert_sentiment_profile,DistilBERT + Sentiment Profile,42
10744,1,1.049052571033826e-06,0,0.8807628123443481,model::distilbert_sentiment_profile,DistilBERT + Sentiment Profile,42
18984,1,1.4107765764492797e-06,0,0.8807628123443481,model::distilbert_sentiment_profile,DistilBERT + Sentiment Profile,42
20496,0,2.0378972749313107e-06,0,0.8807628123443481,model::distilbert_sentiment_profile,DistilBERT + Sentiment Profile,42
5594,1,1.2744284276777762e-06,0,0.8807628123443481,model::distilbert_sentiment_profile,DistilBERT + Sentiment Profile,42
130,1,1.3543366321755457e-06,0,0.8807628123443481,model::distilbert_sentiment_profile,DistilBERT + Sentiment Profile,42
4873,0,2.3388295176118845e-06,0,0.8807628123443481,model::distilbert_sentiment_profile,DistilBERT + Sentiment Profile,42
19469,1,1.0556401548456051e-06,0,0.8807628123443481,model::distilbert_sentiment_profile,DistilBERT + Sentiment Profile,42
7641,0,1.4999474160504178e-06,0,0.8807628123443481,model::distilbert_sentiment_profile,DistilBERT + Sentiment Profile,42
9028,1,1.621123033146432e-06,0,0.8807628123443481,model::distilbert_sentiment_profile,DistilBERT + Sentiment Profile,42
1377,0,3.4008874081337126e-06,0,0.8807628123443481,model::distilbert_sentiment_profile,DistilBERT + Sentiment Profile,42
8451,0,1.3139856491761748e-06,0,0.8807628123443481,model::distilbert_sentiment_profile,DistilBERT + Sentiment Profile,42
13056,1,1.0558838994256805e-06,0,0.8807628123443481,model::distilbert_sentiment_profile,DistilBERT + Sentiment Profile,42
9516,0,1.514177370154357e-06,0,0.8807628123443481,model::distilbert_sentiment_profile,DistilBERT + Sentiment Profile,42
11571,0,1.530662075310829e-06,0,0.8807628123443481,model::distilbert_sentiment_profile,DistilBERT + Sentiment Profile,42
15549,0,9.7608051419229e-07,0,0.8807628123443481,model::distilbert_sentiment_profile,DistilBERT + Sentiment Profile,42
6838,0,1.4395046719073434e-06,0,0.8807628123443481,model::distilbert_sentiment_profile,DistilBERT + Sentiment Profile,42
14624,0,1.2879160067313933e-06,0,0.8807628123443481,model::distilbert_sentiment_profile,DistilBERT + Sentiment Profile,42
20203,1,1.3619473975268193e-06,0,0.8807628123443481,model::distilbert_sentiment_profile,DistilBERT + Sentiment Profile,42
17249,0,3.8799421417934354e-06,0,0.8807628123443481,model::distilbert_sentiment_profile,DistilBERT + Sentiment Profile,42
7666,1,1.3699353758056532e-06,0,0.8807628123443481,model::distilbert_sentiment_profile,DistilBERT + Sentiment Profile,42
14003,0,1.2211202147227596e-06,0,0.8807628123443481,model::distilbert_sentiment_profile,DistilBERT + Sentiment Profile,42
8295,1,1.3904844990975107e-06,0,0.8807628123443481,model::distilbert_sentiment_profile,DistilBERT + Sentiment Profile,42
7750,0,2.0395577848830726e-06,0,0.8807628123443481,model::distilbert_sentiment_profile,DistilBERT + Sentiment Profile,42
15845,0,1.63441097811301e-06,0,0.8807628123443481,model::distilbert_sentiment_profile,DistilBERT + Sentiment Profile,42
18290,1,1.0648535635482403e-06,0,0.8807628123443481,model::distilbert_sentiment_profile,DistilBERT + Sentiment Profile,42
15259,0,2.515650294299121e-06,0,0.8807628123443481,model::distilbert_sentiment_profile,DistilBERT + Sentiment Profile,42
12818,0,1.6625798480163212e-06,0,0.8807628123443481,model::distilbert_sentiment_profile,DistilBERT + Sentiment Profile,42
1307,0,1.442539087292971e-06,0,0.8807628123443481,model::distilbert_sentiment_profile,DistilBERT + Sentiment Profile,42
11666,0,1.8470419718141784e-06,0,0.8807628123443481,model::distilbert_sentiment_profile,DistilBERT + Sentiment Profile,42
10098,0,1.7328798094240485e-06,0,0.8807628123443481,model::distilbert_sentiment_profile,DistilBERT + Sentiment Profile,42
14991,0,4.318153514759615e-06,0,0.8807628123443481,model::distilbert_sentiment_profile,DistilBERT + Sentiment Profile,42
3536,1,1.1856866422021994e-06,0,0.8807628123443481,model::distilbert_sentiment_profile,DistilBERT + Sentiment Profile,42
793,0,9.282993005399476e-07,0,0.8807628123443481,model::distilbert_sentiment_profile,DistilBERT + Sentiment Profile,42
6444,1,1.33319213091454e-06,0,0.8807628123443481,model::distilbert_sentiment_profile,DistilBERT + Sentiment Profile,42
21037,1,1.7338616089546122e-06,0,0.8807628123443481,model::distilbert_sentiment_profile,DistilBERT + Sentiment Profile,42
1046,1,1.2222513987580896e-06,0,0.8807628123443481,model::distilbert_sentiment_profile,DistilBERT + Sentiment Profile,42
17091,1,1.055087636814278e-06,0,0.8807628123443481,model::distilbert_sentiment_profile,DistilBERT + Sentiment Profile,42
10760,1,1.4906539718140266e-06,0,0.8807628123443481,model::distilbert_sentiment_profile,DistilBERT + Sentiment Profile,42
19789,1,1.6248143310804153e-06,0,0.8807628123443481,model::distilbert_sentiment_profile,DistilBERT + Sentiment Profile,42
14570,0,2.876838379961555e-06,0,0.8807628123443481,model::distilbert_sentiment_profile,DistilBERT + Sentiment Profile,42
4501,0,7.615222784806974e-06,0,0.8807628123443481,model::distilbert_sentiment_profile,DistilBERT + Sentiment Profile,42
17804,1,1.9026259678867063e-06,0,0.8807628123443481,model::distilbert_sentiment_profile,DistilBERT + Sentiment Profile,42
20930,1,1.2721867506115814e-06,0,0.8807628123443481,model::distilbert_sentiment_profile,DistilBERT + Sentiment Profile,42
5681,0,1.9119900116493227e-06,0,0.8807628123443481,model::distilbert_sentiment_profile,DistilBERT + Sentiment Profile,42
19492,0,2.914855258495664e-06,0,0.8807628123443481,model::distilbert_sentiment_profile,DistilBERT + Sentiment Profile,42
15199,0,2.6502530090510845e-06,0,0.8807628123443481,model::distilbert_sentiment_profile,DistilBERT + Sentiment Profile,42
19773,1,1.6236649571510495e-06,0,0.8807628123443481,model::distilbert_sentiment_profile,DistilBERT + Sentiment Profile,42
8648,1,1.6658270851621635e-06,0,0.8807628123443481,model::distilbert_sentiment_profile,DistilBERT + Sentiment Profile,42
19415,0,9.802515705814583e-06,0,0.8807628123443481,model::distilbert_sentiment_profile,DistilBERT + Sentiment Profile,42
7801,0,1.1931366543649349e-06,0,0.8807628123443481,model::distilbert_sentiment_profile,DistilBERT + Sentiment Profile,42
8,1,1.069355676008854e-06,0,0.8807628123443481,model::distilbert_sentiment_profile,DistilBERT + Sentiment Profile,42
20689,0,2.176746875193203e-06,0,0.8807628123443481,model::distilbert_sentiment_profile,DistilBERT + Sentiment Profile,42
8222,0,3.2691616524971323e-06,0,0.8807628123443481,model::distilbert_sentiment_profile,DistilBERT + Sentiment Profile,42
2404,0,3.3548294595675543e-06,0,0.8807628123443481,model::distilbert_sentiment_profile,DistilBERT + Sentiment Profile,42
16855,0,6.1540495153167285e-06,0,0.8807628123443481,model::distilbert_sentiment_profile,DistilBERT + Sentiment Profile,42
16043,0,1.349389776805765e-06,0,0.8807628123443481,model::distilbert_sentiment_profile,DistilBERT + Sentiment Profile,42
3970,1,1.1227911045352812e-06,0,0.8807628123443481,model::distilbert_sentiment_profile,DistilBERT + Sentiment Profile,42
15080,0,9.233276045961248e-07,0,0.8807628123443481,model::distilbert_sentiment_profile,DistilBERT + Sentiment Profile,42
12208,1,1.6890159031390797e-06,0,0.8807628123443481,model::distilbert_sentiment_profile,DistilBERT + Sentiment Profile,42
16329,0,1.4598078905692091e-06,0,0.8807628123443481,model::distilbert_sentiment_profile,DistilBERT + Sentiment Profile,42
16072,0,1.421273509549792e-06,0,0.8807628123443481,model::distilbert_sentiment_profile,DistilBERT + Sentiment Profile,42
7193,0,1.2049177939843505e-06,0,0.8807628123443481,model::distilbert_sentiment_profile,DistilBERT + Sentiment Profile,42
9127,0,1.637709488022665e-06,0,0.8807628123443481,model::distilbert_sentiment_profile,DistilBERT + Sentiment Profile,42
8752,0,1.9528158645698568e-06,0,0.8807628123443481,model::distilbert_sentiment_profile,DistilBERT + Sentiment Profile,42
15219,0,1.8532648482505465e-06,0,0.8807628123443481,model::distilbert_sentiment_profile,DistilBERT + Sentiment Profile,42
3972,1,1.214868575516448e-06,0,0.8807628123443481,model::distilbert_sentiment_profile,DistilBERT + Sentiment Profile,42
17228,0,1.7882249494505231e-06,0,0.8807628123443481,model::distilbert_sentiment_profile,DistilBERT + Sentiment Profile,42
11729,1,1.2942891771672294e-06,0,0.8807628123443481,model::distilbert_sentiment_profile,DistilBERT + Sentiment Profile,42
10278,0,1.994665126403561e-06,0,0.8807628123443481,model::distilbert_sentiment_profile,DistilBERT + Sentiment Profile,42
6727,1,1.9721596800081898e-06,0,0.8807628123443481,model::distilbert_sentiment_profile,DistilBERT + Sentiment Profile,42
13215,0,1.3827959719492355e-06,0,0.8807628123443481,model::distilbert_sentiment_profile,DistilBERT + Sentiment Profile,42
15369,1,1.2389501762299917e-06,0,0.8807628123443481,model::distilbert_sentiment_profile,DistilBERT + Sentiment Profile,42
6047,0,1.2338149645074736e-05,0,0.8807628123443481,model::distilbert_sentiment_profile,DistilBERT + Sentiment Profile,42
3678,1,9.66079710451595e-07,0,0.8807628123443481,model::distilbert_sentiment_profile,DistilBERT + Sentiment Profile,42
7108,1,1.0583124776530894e-06,0,0.8807628123443481,model::distilbert_sentiment_profile,DistilBERT + Sentiment Profile,42
12819,1,1.2104011375413393e-06,0,0.8807628123443481,model::distilbert_sentiment_profile,DistilBERT + Sentiment Profile,42
1116,1,1.546470571156533e-06,0,0.8807628123443481,model::distilbert_sentiment_profile,DistilBERT + Sentiment Profile,42
11919,1,1.3755421832684078e-06,0,0.8807628123443481,model::distilbert_sentiment_profile,DistilBERT + Sentiment Profile,42
20150,1,1.1334722103129025e-06,0,0.8807628123443481,model::distilbert_sentiment_profile,DistilBERT + Sentiment Profile,42
15363,1,2.970463810925139e-06,0,0.8807628123443481,model::distilbert_sentiment_profile,DistilBERT + Sentiment Profile,42
9926,0,6.864390798000386e-06,0,0.8807628123443481,model::distilbert_sentiment_profile,DistilBERT + Sentiment Profile,42
1315,1,2.0048200894962065e-06,0,0.8807628123443481,model::distilbert_sentiment_profile,DistilBERT + Sentiment Profile,42
12578,1,1.2698425280177617e-06,0,0.8807628123443481,model::distilbert_sentiment_profile,DistilBERT + Sentiment Profile,42
9256,1,9.256992825612542e-07,0,0.8807628123443481,model::distilbert_sentiment_profile,DistilBERT + Sentiment Profile,42
2825,1,2.0290272004785948e-06,0,0.8807628123443481,model::distilbert_sentiment_profile,DistilBERT + Sentiment Profile,42
12249,1,1.2752867633025744e-06,0,0.8807628123443481,model::distilbert_sentiment_profile,DistilBERT + Sentiment Profile,42
2998,1,1.397311734763207e-06,0,0.8807628123443481,model::distilbert_sentiment_profile,DistilBERT + Sentiment Profile,42
12377,0,2.757115225904272e-06,0,0.8807628123443481,model::distilbert_sentiment_profile,DistilBERT + Sentiment Profile,42
14586,0,1.6299950402753891e-06,0,0.8807628123443481,model::distilbert_sentiment_profile,DistilBERT + Sentiment Profile,42
232,0,1.9752540083572967e-06,0,0.8807628123443481,model::distilbert_sentiment_profile,DistilBERT + Sentiment Profile,42
11854,0,3.184660272381734e-06,0,0.8807628123443481,model::distilbert_sentiment_profile,DistilBERT + Sentiment Profile,42
20165,0,1.9220451576984487e-06,0,0.8807628123443481,model::distilbert_sentiment_profile,DistilBERT + Sentiment Profile,42
14236,0,1.4744287000212353e-06,0,0.8807628123443481,model::distilbert_sentiment_profile,DistilBERT + Sentiment Profile,42
19570,0,3.275884182585287e-06,0,0.8807628123443481,model::distilbert_sentiment_profile,DistilBERT + Sentiment Profile,42
12489,0,9.130745297625252e-07,0,0.8807628123443481,model::distilbert_sentiment_profile,DistilBERT + Sentiment Profile,42
10124,1,9.360020953863568e-07,0,0.8807628123443481,model::distilbert_sentiment_profile,DistilBERT + Sentiment Profile,42
1189,1,9.365003847960908e-07,0,0.8807628123443481,model::distilbert_sentiment_profile,DistilBERT + Sentiment Profile,42
12081,1,1.2694671340796049e-06,0,0.8807628123443481,model::distilbert_sentiment_profile,DistilBERT + Sentiment Profile,42
3134,0,2.7076632704847725e-06,0,0.8807628123443481,model::distilbert_sentiment_profile,DistilBERT + Sentiment Profile,42
14002,1,1.3154012776794843e-06,0,0.8807628123443481,model::distilbert_sentiment_profile,DistilBERT + Sentiment Profile,42
15576,0,7.89373279985739e-06,0,0.8807628123443481,model::distilbert_sentiment_profile,DistilBERT + Sentiment Profile,42
1697,1,2.135604063369101e-06,0,0.8807628123443481,model::distilbert_sentiment_profile,DistilBERT + Sentiment Profile,42
4042,1,3.0003984647919424e-06,0,0.8807628123443481,model::distilbert_sentiment_profile,DistilBERT + Sentiment Profile,42
15141,1,1.93954133465013e-06,0,0.8807628123443481,model::distilbert_sentiment_profile,DistilBERT + Sentiment Profile,42
9519,1,8.567706117901253e-07,0,0.8807628123443481,model::distilbert_sentiment_profile,DistilBERT + Sentiment Profile,42
5313,1,1.7302575088251615e-06,0,0.8807628123443481,model::distilbert_sentiment_profile,DistilBERT + Sentiment Profile,42
6119,0,2.23790152631409e-06,0,0.8807628123443481,model::distilbert_sentiment_profile,DistilBERT + Sentiment Profile,42
1040,1,1.4971734572100104e-06,0,0.8807628123443481,model::distilbert_sentiment_profile,DistilBERT + Sentiment Profile,42
19078,0,1.6801927813503426e-06,0,0.8807628123443481,model::distilbert_sentiment_profile,DistilBERT + Sentiment Profile,42
17454,0,1.4529771306115435e-06,0,0.8807628123443481,model::distilbert_sentiment_profile,DistilBERT + Sentiment Profile,42
7896,1,1.6769911326264264e-06,0,0.8807628123443481,model::distilbert_sentiment_profile,DistilBERT + Sentiment Profile,42
2774,1,1.2173865115983062e-06,0,0.8807628123443481,model::distilbert_sentiment_profile,DistilBERT + Sentiment Profile,42
4384,1,1.20691322536004e-06,0,0.8807628123443481,model::distilbert_sentiment_profile,DistilBERT + Sentiment Profile,42
10964,1,7.686169283260824e-07,0,0.8807628123443481,model::distilbert_sentiment_profile,DistilBERT + Sentiment Profile,42
14351,0,1.7449359575039125e-06,0,0.8807628123443481,model::distilbert_sentiment_profile,DistilBERT + Sentiment Profile,42
2623,0,3.221480938009336e-06,0,0.8807628123443481,model::distilbert_sentiment_profile,DistilBERT + Sentiment Profile,42
16957,0,1.908131935124402e-06,0,0.8807628123443481,model::distilbert_sentiment_profile,DistilBERT + Sentiment Profile,42
3957,0,1.4593025525755363e-06,0,0.8807628123443481,model::distilbert_sentiment_profile,DistilBERT + Sentiment Profile,42
10091,1,1.2489092569012428e-06,0,0.8807628123443481,model::distilbert_sentiment_profile,DistilBERT + Sentiment Profile,42
5191,0,2.2443391571869142e-06,0,0.8807628123443481,model::distilbert_sentiment_profile,DistilBERT + Sentiment Profile,42
18187,1,1.1060355973313565e-06,0,0.8807628123443481,model::distilbert_sentiment_profile,DistilBERT + Sentiment Profile,42
18204,0,1.975054374270257e-06,0,0.8807628123443481,model::distilbert_sentiment_profile,DistilBERT + Sentiment Profile,42
20699,0,1.7737521602612103e-06,0,0.8807628123443481,model::distilbert_sentiment_profile,DistilBERT + Sentiment Profile,42
10673,1,2.109353090418153e-06,0,0.8807628123443481,model::distilbert_sentiment_profile,DistilBERT + Sentiment Profile,42
11601,1,1.1426203627706857e-06,0,0.8807628123443481,model::distilbert_sentiment_profile,DistilBERT + Sentiment Profile,42
18930,1,1.2472083881220897e-06,0,0.8807628123443481,model::distilbert_sentiment_profile,DistilBERT + Sentiment Profile,42
20037,1,1.1983480590060935e-06,0,0.8807628123443481,model::distilbert_sentiment_profile,DistilBERT + Sentiment Profile,42
14499,1,1.898958885249158e-06,0,0.8807628123443481,model::distilbert_sentiment_profile,DistilBERT + Sentiment Profile,42
19267,0,6.259742349357111e-06,0,0.8807628123443481,model::distilbert_sentiment_profile,DistilBERT + Sentiment Profile,42
15555,1,1.1479975228212425e-06,0,0.8807628123443481,model::distilbert_sentiment_profile,DistilBERT + Sentiment Profile,42
4094,0,2.687755795705016e-06,0,0.8807628123443481,model::distilbert_sentiment_profile,DistilBERT + Sentiment Profile,42
6491,0,1.538201217954338e-06,0,0.8807628123443481,model::distilbert_sentiment_profile,DistilBERT + Sentiment Profile,42
2925,1,1.3901158126827795e-06,0,0.8807628123443481,model::distilbert_sentiment_profile,DistilBERT + Sentiment Profile,42
15798,0,2.73984710474906e-06,0,0.8807628123443481,model::distilbert_sentiment_profile,DistilBERT + Sentiment Profile,42
20639,1,1.651930574553262e-06,0,0.8807628123443481,model::distilbert_sentiment_profile,DistilBERT + Sentiment Profile,42
11212,1,1.2732452887576071e-06,0,0.8807628123443481,model::distilbert_sentiment_profile,DistilBERT + Sentiment Profile,42
2422,0,1.711757249722723e-06,0,0.8807628123443481,model::distilbert_sentiment_profile,DistilBERT + Sentiment Profile,42
5012,1,1.3001184697714052e-06,0,0.8807628123443481,model::distilbert_sentiment_profile,DistilBERT + Sentiment Profile,42
6603,1,1.8634749494594871e-06,0,0.8807628123443481,model::distilbert_sentiment_profile,DistilBERT + Sentiment Profile,42
4997,0,1.1832850077553303e-06,0,0.8807628123443481,model::distilbert_sentiment_profile,DistilBERT + Sentiment Profile,42
5034,1,1.593611273165152e-06,0,0.8807628123443481,model::distilbert_sentiment_profile,DistilBERT + Sentiment Profile,42
2639,0,3.668331373773981e-06,0,0.8807628123443481,model::distilbert_sentiment_profile,DistilBERT + Sentiment Profile,42
10947,1,2.1585453851002967e-06,0,0.8807628123443481,model::distilbert_sentiment_profile,DistilBERT + Sentiment Profile,42
4724,0,5.454165602714056e-06,0,0.8807628123443481,model::distilbert_sentiment_profile,DistilBERT + Sentiment Profile,42
11645,1,1.1078831221311702e-06,0,0.8807628123443481,model::distilbert_sentiment_profile,DistilBERT + Sentiment Profile,42
825,0,1.6351344811482704e-06,0,0.8807628123443481,model::distilbert_sentiment_profile,DistilBERT + Sentiment Profile,42
3923,1,1.5585015944452607e-06,0,0.8807628123443481,model::distilbert_sentiment_profile,DistilBERT + Sentiment Profile,42
8746,0,1.258733163922443e-06,0,0.8807628123443481,model::distilbert_sentiment_profile,DistilBERT + Sentiment Profile,42
14833,1,1.052163611348078e-06,0,0.8807628123443481,model::distilbert_sentiment_profile,DistilBERT + Sentiment Profile,42
16281,0,9.63588945523952e-07,0,0.8807628123443481,model::distilbert_sentiment_profile,DistilBERT + Sentiment Profile,42
5044,0,2.5996669137384742e-06,0,0.8807628123443481,model::distilbert_sentiment_profile,DistilBERT + Sentiment Profile,42
6285,0,1.1357174116710669e-06,0,0.8807628123443481,model::distilbert_sentiment_profile,DistilBERT + Sentiment Profile,42
8873,0,1.4118143099040026e-06,0,0.8807628123443481,model::distilbert_sentiment_profile,DistilBERT + Sentiment Profile,42
14231,0,1.320218302680587e-06,0,0.8807628123443481,model::distilbert_sentiment_profile,DistilBERT + Sentiment Profile,42
2040,1,1.3681974451174028e-06,0,0.8807628123443481,model::distilbert_sentiment_profile,DistilBERT + Sentiment Profile,42
13075,1,9.7855047442863e-07,0,0.8807628123443481,model::distilbert_sentiment_profile,DistilBERT + Sentiment Profile,42
11080,0,4.706633717432851e-06,0,0.8807628123443481,model::distilbert_sentiment_profile,DistilBERT + Sentiment Profile,42
15958,1,1.5052709159135702e-06,0,0.8807628123443481,model::distilbert_sentiment_profile,DistilBERT + Sentiment Profile,42
546,0,1.3663836853083922e-06,0,0.8807628123443481,model::distilbert_sentiment_profile,DistilBERT + Sentiment Profile,42
798,0,6.941425908735255e-06,0,0.8807628123443481,model::distilbert_sentiment_profile,DistilBERT + Sentiment Profile,42
15907,1,1.5698429933763691e-06,0,0.8807628123443481,model::distilbert_sentiment_profile,DistilBERT + Sentiment Profile,42
271,1,1.503072417108342e-05,0,0.8807628123443481,model::distilbert_sentiment_profile,DistilBERT + Sentiment Profile,42
4130,0,1.6986031141641431e-06,0,0.8807628123443481,model::distilbert_sentiment_profile,DistilBERT + Sentiment Profile,42
10142,0,2.7573571514949435e-06,0,0.8807628123443481,model::distilbert_sentiment_profile,DistilBERT + Sentiment Profile,42
16117,0,1.0682650781745906e-06,0,0.8807628123443481,model::distilbert_sentiment_profile,DistilBERT + Sentiment Profile,42
7121,0,1.9052697552979223e-06,0,0.8807628123443481,model::distilbert_sentiment_profile,DistilBERT + Sentiment Profile,42
4788,0,2.844743448804365e-06,0,0.8807628123443481,model::distilbert_sentiment_profile,DistilBERT + Sentiment Profile,42
1574,0,8.717447599337902e-07,0,0.8807628123443481,model::distilbert_sentiment_profile,DistilBERT + Sentiment Profile,42
9657,1,3.133185828119167e-06,0,0.8807628123443481,model::distilbert_sentiment_profile,DistilBERT + Sentiment Profile,42
15674,1,1.4589755892302492e-06,0,0.8807628123443481,model::distilbert_sentiment_profile,DistilBERT + Sentiment Profile,42
14017,0,3.806447921306244e-06,0,0.8807628123443481,model::distilbert_sentiment_profile,DistilBERT + Sentiment Profile,42
18691,0,1.7153180351670017e-06,0,0.8807628123443481,model::distilbert_sentiment_profile,DistilBERT + Sentiment Profile,42
19684,0,1.1257933465458336e-06,0,0.8807628123443481,model::distilbert_sentiment_profile,DistilBERT + Sentiment Profile,42
19741,1,9.269219276575312e-07,0,0.8807628123443481,model::distilbert_sentiment_profile,DistilBERT + Sentiment Profile,42
3141,1,9.386660053678496e-07,0,0.8807628123443481,model::distilbert_sentiment_profile,DistilBERT + Sentiment Profile,42
2968,1,1.5641418258383055e-06,0,0.8807628123443481,model::distilbert_sentiment_profile,DistilBERT + Sentiment Profile,42
10633,1,1.087126292986795e-06,0,0.8807628123443481,model::distilbert_sentiment_profile,DistilBERT + Sentiment Profile,42
11195,0,1.5734507314846269e-06,0,0.8807628123443481,model::distilbert_sentiment_profile,DistilBERT + Sentiment Profile,42
17044,0,3.96196128349402e-06,0,0.8807628123443481,model::distilbert_sentiment_profile,DistilBERT + Sentiment Profile,42
17321,0,1.7981933524424676e-06,0,0.8807628123443481,model::distilbert_sentiment_profile,DistilBERT + Sentiment Profile,42
12886,1,1.4327717963169562e-06,0,0.8807628123443481,model::distilbert_sentiment_profile,DistilBERT + Sentiment Profile,42
18709,0,2.0494080672506243e-06,0,0.8807628123443481,model::distilbert_sentiment_profile,DistilBERT + Sentiment Profile,42
8346,1,1.389594899592339e-06,0,0.8807628123443481,model::distilbert_sentiment_profile,DistilBERT + Sentiment Profile,42
18967,0,1.385698965350457e-06,0,0.8807628123443481,model::distilbert_sentiment_profile,DistilBERT + Sentiment Profile,42
8952,0,1.5792911653988997e-06,0,0.8807628123443481,model::distilbert_sentiment_profile,DistilBERT + Sentiment Profile,42
20168,0,1.1231949201828684e-06,0,0.8807628123443481,model::distilbert_sentiment_profile,DistilBERT + Sentiment Profile,42
10331,0,3.409207238291856e-06,0,0.8807628123443481,model::distilbert_sentiment_profile,DistilBERT + Sentiment Profile,42
18336,1,1.9075114323641174e-06,0,0.8807628123443481,model::distilbert_sentiment_profile,DistilBERT + Sentiment Profile,42
19721,0,3.0640051136288093e-06,0,0.8807628123443481,model::distilbert_sentiment_profile,DistilBERT + Sentiment Profile,42
2895,0,1.2289722235436784e-06,0,0.8807628123443481,model::distilbert_sentiment_profile,DistilBERT + Sentiment Profile,42
9311,1,1.1591793054321895e-06,0,0.8807628123443481,model::distilbert_sentiment_profile,DistilBERT + Sentiment Profile,42
19159,0,3.693345888677868e-06,0,0.8807628123443481,model::distilbert_sentiment_profile,DistilBERT + Sentiment Profile,42
1740,0,2.659192659848486e-06,0,0.8807628123443481,model::distilbert_sentiment_profile,DistilBERT + Sentiment Profile,42
7063,0,6.483020115410909e-06,0,0.8807628123443481,model::distilbert_sentiment_profile,DistilBERT + Sentiment Profile,42
1117,0,2.490718543413095e-06,0,0.8807628123443481,model::distilbert_sentiment_profile,DistilBERT + Sentiment Profile,42
17864,0,2.251222440463607e-06,0,0.8807628123443481,model::distilbert_sentiment_profile,DistilBERT + Sentiment Profile,42
4091,1,1.3044093520875322e-06,0,0.8807628123443481,model::distilbert_sentiment_profile,DistilBERT + Sentiment Profile,42
14084,0,1.1297286164335674e-06,0,0.8807628123443481,model::distilbert_sentiment_profile,DistilBERT + Sentiment Profile,42
18286,0,2.872430059142061e-06,0,0.8807628123443481,model::distilbert_sentiment_profile,DistilBERT + Sentiment Profile,42
20021,1,1.245954081241507e-06,0,0.8807628123443481,model::distilbert_sentiment_profile,DistilBERT + Sentiment Profile,42
11050,0,9.730655392559129e-07,0,0.8807628123443481,model::distilbert_sentiment_profile,DistilBERT + Sentiment Profile,42
4650,1,1.4786390920562551e-06,0,0.8807628123443481,model::distilbert_sentiment_profile,DistilBERT + Sentiment Profile,42
14381,1,1.2245335483385134e-06,0,0.8807628123443481,model::distilbert_sentiment_profile,DistilBERT + Sentiment Profile,42
2274,0,4.855754923482891e-06,0,0.8807628123443481,model::distilbert_sentiment_profile,DistilBERT + Sentiment Profile,42
2975,1,1.4534593901771586e-06,0,0.8807628123443481,model::distilbert_sentiment_profile,DistilBERT + Sentiment Profile,42
18110,1,1.2571435945574194e-06,0,0.8807628123443481,model::distilbert_sentiment_profile,DistilBERT + Sentiment Profile,42
13568,1,9.588295597495744e-07,0,0.8807628123443481,model::distilbert_sentiment_profile,DistilBERT + Sentiment Profile,42
20984,0,1.54291149101482e-06,0,0.8807628123443481,model::distilbert_sentiment_profile,DistilBERT + Sentiment Profile,42
10928,1,1.593082401996071e-06,0,0.8807628123443481,model::distilbert_sentiment_profile,DistilBERT + Sentiment Profile,42
4169,1,1.2896699672637624e-06,0,0.8807628123443481,model::distilbert_sentiment_profile,DistilBERT + Sentiment Profile,42
9177,1,1.2118078984713063e-06,0,0.8807628123443481,model::distilbert_sentiment_profile,DistilBERT + Sentiment Profile,42
13388,0,1.6858570006661466e-06,0,0.8807628123443481,model::distilbert_sentiment_profile,DistilBERT + Sentiment Profile,42
12785,0,1.992164925468387e-06,0,0.8807628123443481,model::distilbert_sentiment_profile,DistilBERT + Sentiment Profile,42
15272,1,1.5480435422432492e-06,0,0.8807628123443481,model::distilbert_sentiment_profile,DistilBERT + Sentiment Profile,42
10296,0,2.2632425498159137e-06,0,0.8807628123443481,model::distilbert_sentiment_profile,DistilBERT + Sentiment Profile,42
1854,1,1.3153623967809835e-06,0,0.8807628123443481,model::distilbert_sentiment_profile,DistilBERT + Sentiment Profile,42
16449,0,2.498111598470132e-06,0,0.8807628123443481,model::distilbert_sentiment_profile,DistilBERT + Sentiment Profile,42
4113,1,1.277468072657939e-06,0,0.8807628123443481,model::distilbert_sentiment_profile,DistilBERT + Sentiment Profile,42
14894,0,1.7181095017804182e-06,0,0.8807628123443481,model::distilbert_sentiment_profile,DistilBERT + Sentiment Profile,42
19635,1,1.20100230560638e-06,0,0.8807628123443481,model::distilbert_sentiment_profile,DistilBERT + Sentiment Profile,42
816,1,1.367293634757516e-06,0,0.8807628123443481,model::distilbert_sentiment_profile,DistilBERT + Sentiment Profile,42
20057,0,2.268095613544574e-06,0,0.8807628123443481,model::distilbert_sentiment_profile,DistilBERT + Sentiment Profile,42
13410,0,1.1955536365348962e-06,0,0.8807628123443481,model::distilbert_sentiment_profile,DistilBERT + Sentiment Profile,42
10307,0,2.0860870790784247e-06,0,0.8807628123443481,model::distilbert_sentiment_profile,DistilBERT + Sentiment Profile,42
2188,1,3.461428150330903e-06,0,0.8807628123443481,model::distilbert_sentiment_profile,DistilBERT + Sentiment Profile,42
6244,0,1.2249797691765707e-06,0,0.8807628123443481,model::distilbert_sentiment_profile,DistilBERT + Sentiment Profile,42
19435,1,1.6827552826725878e-06,0,0.8807628123443481,model::distilbert_sentiment_profile,DistilBERT + Sentiment Profile,42
2773,1,1.0766907507786527e-06,0,0.8807628123443481,model::distilbert_sentiment_profile,DistilBERT + Sentiment Profile,42
17667,0,1.8221245454697053e-06,0,0.8807628123443481,model::distilbert_sentiment_profile,DistilBERT + Sentiment Profile,42
18611,0,1.8661337435332823e-06,0,0.8807628123443481,model::distilbert_sentiment_profile,DistilBERT + Sentiment Profile,42
14694,0,1.0516981774344458e-06,0,0.8807628123443481,model::distilbert_sentiment_profile,DistilBERT + Sentiment Profile,42
17911,1,1.3529501075026928e-06,0,0.8807628123443481,model::distilbert_sentiment_profile,DistilBERT + Sentiment Profile,42
14524,1,1.557556515763281e-06,0,0.8807628123443481,model::distilbert_sentiment_profile,DistilBERT + Sentiment Profile,42
16528,0,2.5349163479404524e-06,0,0.8807628123443481,model::distilbert_sentiment_profile,DistilBERT + Sentiment Profile,42
3412,0,2.478539045114303e-06,0,0.8807628123443481,model::distilbert_sentiment_profile,DistilBERT + Sentiment Profile,42
16238,0,3.210305521861301e-06,0,0.8807628123443481,model::distilbert_sentiment_profile,DistilBERT + Sentiment Profile,42
14091,1,1.1567442470550304e-06,0,0.8807628123443481,model::distilbert_sentiment_profile,DistilBERT + Sentiment Profile,42
10747,0,9.89741693047108e-07,0,0.8807628123443481,model::distilbert_sentiment_profile,DistilBERT + Sentiment Profile,42
13544,0,2.356991217311588e-06,0,0.8807628123443481,model::distilbert_sentiment_profile,DistilBERT + Sentiment Profile,42
1956,0,1.315056351813837e-06,0,0.8807628123443481,model::distilbert_sentiment_profile,DistilBERT + Sentiment Profile,42
5540,0,1.5206329635475413e-06,0,0.8807628123443481,model::distilbert_sentiment_profile,DistilBERT + Sentiment Profile,42
4946,1,1.991807948797941e-06,0,0.8807628123443481,model::distilbert_sentiment_profile,DistilBERT + Sentiment Profile,42
9335,0,2.132880581484642e-06,0,0.8807628123443481,model::distilbert_sentiment_profile,DistilBERT + Sentiment Profile,42
6785,1,1.1089950930909254e-06,0,0.8807628123443481,model::distilbert_sentiment_profile,DistilBERT + Sentiment Profile,42
3545,0,3.198173999408027e-06,0,0.8807628123443481,model::distilbert_sentiment_profile,DistilBERT + Sentiment Profile,42
10811,0,1.7123417137554495e-06,0,0.8807628123443481,model::distilbert_sentiment_profile,DistilBERT + Sentiment Profile,42
7712,0,1.6996254998957738e-06,0,0.8807628123443481,model::distilbert_sentiment_profile,DistilBERT + Sentiment Profile,42
11797,0,3.101633865298936e-06,0,0.8807628123443481,model::distilbert_sentiment_profile,DistilBERT + Sentiment Profile,42
16705,1,1.0920308568529435e-06,0,0.8807628123443481,model::distilbert_sentiment_profile,DistilBERT + Sentiment Profile,42
17307,1,1.373011400573887e-06,0,0.8807628123443481,model::distilbert_sentiment_profile,DistilBERT + Sentiment Profile,42
9386,1,1.3237510074759484e-06,0,0.8807628123443481,model::distilbert_sentiment_profile,DistilBERT + Sentiment Profile,42
2510,0,1.5481263062611106e-06,0,0.8807628123443481,model::distilbert_sentiment_profile,DistilBERT + Sentiment Profile,42
9672,0,1.5153201502471347e-06,0,0.8807628123443481,model::distilbert_sentiment_profile,DistilBERT + Sentiment Profile,42
2290,1,1.7649761048232904e-06,0,0.8807628123443481,model::distilbert_sentiment_profile,DistilBERT + Sentiment Profile,42
13123,1,2.1917053345532622e-06,0,0.8807628123443481,model::distilbert_sentiment_profile,DistilBERT + Sentiment Profile,42
1322,0,2.052251829809393e-06,0,0.8807628123443481,model::distilbert_sentiment_profile,DistilBERT + Sentiment Profile,42
5841,1,1.0905009730777238e-06,0,0.8807628123443481,model::distilbert_sentiment_profile,DistilBERT + Sentiment Profile,42
9513,0,8.624863312434172e-07,0,0.8807628123443481,model::distilbert_sentiment_profile,DistilBERT + Sentiment Profile,42
12211,1,1.23056838674529e-06,0,0.8807628123443481,model::distilbert_sentiment_profile,DistilBERT + Sentiment Profile,42
21058,1,1.1057803703806712e-06,0,0.8807628123443481,model::distilbert_sentiment_profile,DistilBERT + Sentiment Profile,42
10357,1,1.2218609981573536e-06,0,0.8807628123443481,model::distilbert_sentiment_profile,DistilBERT + Sentiment Profile,42
6183,1,1.2130057029935417e-06,0,0.8807628123443481,model::distilbert_sentiment_profile,DistilBERT + Sentiment Profile,42
18633,0,1.2376949598547071e-06,0,0.8807628123443481,model::distilbert_sentiment_profile,DistilBERT + Sentiment Profile,42
19725,0,1.764570356499462e-06,0,0.8807628123443481,model::distilbert_sentiment_profile,DistilBERT + Sentiment Profile,42
16923,0,4.104269464733079e-06,0,0.8807628123443481,model::distilbert_sentiment_profile,DistilBERT + Sentiment Profile,42
13020,1,1.107730895455461e-06,0,0.8807628123443481,model::distilbert_sentiment_profile,DistilBERT + Sentiment Profile,42
540,0,1.8402289470031968e-06,0,0.8807628123443481,model::distilbert_sentiment_profile,DistilBERT + Sentiment Profile,42
4871,1,1.3378638641370344e-06,0,0.8807628123443481,model::distilbert_sentiment_profile,DistilBERT + Sentiment Profile,42
8695,0,2.726745833570021e-06,0,0.8807628123443481,model::distilbert_sentiment_profile,DistilBERT + Sentiment Profile,42
17258,0,2.512648279662244e-06,0,0.8807628123443481,model::distilbert_sentiment_profile,DistilBERT + Sentiment Profile,42
6848,1,1.095909851756005e-06,0,0.8807628123443481,model::distilbert_sentiment_profile,DistilBERT + Sentiment Profile,42
15205,1,1.1522290606080787e-06,0,0.8807628123443481,model::distilbert_sentiment_profile,DistilBERT + Sentiment Profile,42
11072,0,2.373722281845403e-06,0,0.8807628123443481,model::distilbert_sentiment_profile,DistilBERT + Sentiment Profile,42
13487,1,1.3933674836152932e-06,0,0.8807628123443481,model::distilbert_sentiment_profile,DistilBERT + Sentiment Profile,42
6640,1,1.3470227031575632e-06,0,0.8807628123443481,model::distilbert_sentiment_profile,DistilBERT + Sentiment Profile,42
6326,1,1.15999762329011e-06,0,0.8807628123443481,model::distilbert_sentiment_profile,DistilBERT + Sentiment Profile,42
10867,1,1.0851509841813822e-06,0,0.8807628123443481,model::distilbert_sentiment_profile,DistilBERT + Sentiment Profile,42
8939,1,1.1977813301200513e-06,0,0.8807628123443481,model::distilbert_sentiment_profile,DistilBERT + Sentiment Profile,42
9486,0,2.897444801419624e-06,0,0.8807628123443481,model::distilbert_sentiment_profile,DistilBERT + Sentiment Profile,42
6563,1,1.5912709159238148e-06,0,0.8807628123443481,model::distilbert_sentiment_profile,DistilBERT + Sentiment Profile,42
20362,1,9.880997140498948e-07,0,0.8807628123443481,model::distilbert_sentiment_profile,DistilBERT + Sentiment Profile,42
17141,0,5.406718173617264e-06,0,0.8807628123443481,model::distilbert_sentiment_profile,DistilBERT + Sentiment Profile,42
5695,0,1.887614416773431e-06,0,0.8807628123443481,model::distilbert_sentiment_profile,DistilBERT + Sentiment Profile,42
19571,0,8.631232049083337e-07,0,0.8807628123443481,model::distilbert_sentiment_profile,DistilBERT + Sentiment Profile,42
18271,1,1.4171994280332e-06,0,0.8807628123443481,model::distilbert_sentiment_profile,DistilBERT + Sentiment Profile,42
9009,0,6.258072062337305e-06,0,0.8807628123443481,model::distilbert_sentiment_profile,DistilBERT + Sentiment Profile,42
687,0,1.3600939610114438e-06,0,0.8807628123443481,model::distilbert_sentiment_profile,DistilBERT + Sentiment Profile,42
7481,1,9.380735832564824e-07,0,0.8807628123443481,model::distilbert_sentiment_profile,DistilBERT + Sentiment Profile,42
437,1,9.326473673354484e-07,0,0.8807628123443481,model::distilbert_sentiment_profile,DistilBERT + Sentiment Profile,42
2543,1,1.0814379720613942e-06,0,0.8807628123443481,model::distilbert_sentiment_profile,DistilBERT + Sentiment Profile,42
1100,0,3.515870730552706e-06,0,0.8807628123443481,model::distilbert_sentiment_profile,DistilBERT + Sentiment Profile,42
8900,0,1.5525884009548465e-06,0,0.8807628123443481,model::distilbert_sentiment_profile,DistilBERT + Sentiment Profile,42
18697,0,1.4215269175110734e-06,0,0.8807628123443481,model::distilbert_sentiment_profile,DistilBERT + Sentiment Profile,42
13305,1,8.927631824917626e-07,0,0.8807628123443481,model::distilbert_sentiment_profile,DistilBERT + Sentiment Profile,42
17723,0,2.2990654997556703e-06,0,0.8807628123443481,model::distilbert_sentiment_profile,DistilBERT + Sentiment Profile,42
5755,0,2.426741275485256e-06,0,0.8807628123443481,model::distilbert_sentiment_profile,DistilBERT + Sentiment Profile,42
1390,0,1.492386559220904e-06,0,0.8807628123443481,model::distilbert_sentiment_profile,DistilBERT + Sentiment Profile,42
3759,0,2.1026630747655872e-06,0,0.8807628123443481,model::distilbert_sentiment_profile,DistilBERT + Sentiment Profile,42
3392,0,9.62764033829444e-07,0,0.8807628123443481,model::distilbert_sentiment_profile,DistilBERT + Sentiment Profile,42
11785,0,1.4316653960122494e-06,0,0.8807628123443481,model::distilbert_sentiment_profile,DistilBERT + Sentiment Profile,42
12707,0,2.5866415853670333e-06,0,0.8807628123443481,model::distilbert_sentiment_profile,DistilBERT + Sentiment Profile,42
5593,0,3.524800831655739e-06,0,0.8807628123443481,model::distilbert_sentiment_profile,DistilBERT + Sentiment Profile,42
19115,0,9.577420314599294e-07,0,0.8807628123443481,model::distilbert_sentiment_profile,DistilBERT + Sentiment Profile,42
6726,1,1.374932367070869e-06,0,0.8807628123443481,model::distilbert_sentiment_profile,DistilBERT + Sentiment Profile,42
3046,1,1.128982262343925e-06,0,0.8807628123443481,model::distilbert_sentiment_profile,DistilBERT + Sentiment Profile,42
301,0,4.3332238419679925e-06,0,0.8807628123443481,model::distilbert_sentiment_profile,DistilBERT + Sentiment Profile,42
8395,1,1.314777819061419e-06,0,0.8807628123443481,model::distilbert_sentiment_profile,DistilBERT + Sentiment Profile,42
19689,0,2.29072907131922e-06,0,0.8807628123443481,model::distilbert_sentiment_profile,DistilBERT + Sentiment Profile,42
7687,1,1.4862579291730071e-06,0,0.8807628123443481,model::distilbert_sentiment_profile,DistilBERT + Sentiment Profile,42
7664,0,1.5149429373195744e-06,0,0.8807628123443481,model::distilbert_sentiment_profile,DistilBERT + Sentiment Profile,42
4550,1,1.8258975842400105e-06,0,0.8807628123443481,model::distilbert_sentiment_profile,DistilBERT + Sentiment Profile,42
14612,1,1.7525640032545198e-06,0,0.8807628123443481,model::distilbert_sentiment_profile,DistilBERT + Sentiment Profile,42
17535,0,2.886258926082519e-06,0,0.8807628123443481,model::distilbert_sentiment_profile,DistilBERT + Sentiment Profile,42
14500,0,1.4346285297506256e-06,0,0.8807628123443481,model::distilbert_sentiment_profile,DistilBERT + Sentiment Profile,42
11181,1,1.2688705055552418e-06,0,0.8807628123443481,model::distilbert_sentiment_profile,DistilBERT + Sentiment Profile,42
12882,1,1.4494894458039198e-06,0,0.8807628123443481,model::distilbert_sentiment_profile,DistilBERT + Sentiment Profile,42
14542,0,1.961783027581987e-06,0,0.8807628123443481,model::distilbert_sentiment_profile,DistilBERT + Sentiment Profile,42
12856,1,1.4423658285522831e-06,0,0.8807628123443481,model::distilbert_sentiment_profile,DistilBERT + Sentiment Profile,42
16543,1,9.616684337743209e-07,0,0.8807628123443481,model::distilbert_sentiment_profile,DistilBERT + Sentiment Profile,42
12935,0,2.1481869225681294e-06,0,0.8807628123443481,model::distilbert_sentiment_profile,DistilBERT + Sentiment Profile,42
20507,1,1.078018271982728e-06,0,0.8807628123443481,model::distilbert_sentiment_profile,DistilBERT + Sentiment Profile,42
20281,1,1.7398662066625548e-06,0,0.8807628123443481,model::distilbert_sentiment_profile,DistilBERT + Sentiment Profile,42
11670,1,1.4105021364230197e-06,0,0.8807628123443481,model::distilbert_sentiment_profile,DistilBERT + Sentiment Profile,42
13377,0,1.2207743793624104e-06,0,0.8807628123443481,model::distilbert_sentiment_profile,DistilBERT + Sentiment Profile,42
16106,1,1.321830950473668e-06,0,0.8807628123443481,model::distilbert_sentiment_profile,DistilBERT + Sentiment Profile,42
16093,0,1.3282046893436927e-06,0,0.8807628123443481,model::distilbert_sentiment_profile,DistilBERT + Sentiment Profile,42
17762,1,9.270934242522344e-07,0,0.8807628123443481,model::distilbert_sentiment_profile,DistilBERT + Sentiment Profile,42
3947,0,1.569168034620816e-06,0,0.8807628123443481,model::distilbert_sentiment_profile,DistilBERT + Sentiment Profile,42
4666,1,1.6812153944556485e-06,0,0.8807628123443481,model::distilbert_sentiment_profile,DistilBERT + Sentiment Profile,42
13764,0,1.84056762009277e-06,0,0.8807628123443481,model::distilbert_sentiment_profile,DistilBERT + Sentiment Profile,42
1338,0,2.210340426245238e-06,0,0.8807628123443481,model::distilbert_sentiment_profile,DistilBERT + Sentiment Profile,42
15915,0,3.323601958982181e-06,0,0.8807628123443481,model::distilbert_sentiment_profile,DistilBERT + Sentiment Profile,42
19418,1,8.836101414999575e-07,0,0.8807628123443481,model::distilbert_sentiment_profile,DistilBERT + Sentiment Profile,42
5541,0,1.25642702641926e-06,0,0.8807628123443481,model::distilbert_sentiment_profile,DistilBERT + Sentiment Profile,42
11345,1,1.2180136081951789e-06,0,0.8807628123443481,model::distilbert_sentiment_profile,DistilBERT + Sentiment Profile,42
13047,1,1.2633186088351067e-06,0,0.8807628123443481,model::distilbert_sentiment_profile,DistilBERT + Sentiment Profile,42
10206,1,1.345109922112897e-06,0,0.8807628123443481,model::distilbert_sentiment_profile,DistilBERT + Sentiment Profile,42
6940,1,2.388496341154678e-06,0,0.8807628123443481,model::distilbert_sentiment_profile,DistilBERT + Sentiment Profile,42
11720,1,8.929990826800349e-07,0,0.8807628123443481,model::distilbert_sentiment_profile,DistilBERT + Sentiment Profile,42
2120,0,1.8627039253260591e-06,0,0.8807628123443481,model::distilbert_sentiment_profile,DistilBERT + Sentiment Profile,42
21003,0,2.813503215293167e-06,0,0.8807628123443481,model::distilbert_sentiment_profile,DistilBERT + Sentiment Profile,42
6534,1,1.3231540378910722e-06,0,0.8807628123443481,model::distilbert_sentiment_profile,DistilBERT + Sentiment Profile,42
20927,1,1.305310320276476e-06,0,0.8807628123443481,model::distilbert_sentiment_profile,DistilBERT + Sentiment Profile,42
13107,0,1.7268486089960788e-06,0,0.8807628123443481,model::distilbert_sentiment_profile,DistilBERT + Sentiment Profile,42
20603,0,2.755876948867808e-06,0,0.8807628123443481,model::distilbert_sentiment_profile,DistilBERT + Sentiment Profile,42
9452,1,1.659554186517198e-06,0,0.8807628123443481,model::distilbert_sentiment_profile,DistilBERT + Sentiment Profile,42
4005,0,1.1959983794440632e-06,0,0.8807628123443481,model::distilbert_sentiment_profile,DistilBERT + Sentiment Profile,42
2041,1,1.134462763729971e-06,0,0.8807628123443481,model::distilbert_sentiment_profile,DistilBERT + Sentiment Profile,42
12589,1,1.676142233009159e-06,0,0.8807628123443481,model::distilbert_sentiment_profile,DistilBERT + Sentiment Profile,42
99,1,1.090085106625338e-06,0,0.8807628123443481,model::distilbert_sentiment_profile,DistilBERT + Sentiment Profile,42
4646,0,5.686967142537469e-06,0,0.8807628123443481,model::distilbert_sentiment_profile,DistilBERT + Sentiment Profile,42
1275,0,3.2051477774075465e-06,0,0.8807628123443481,model::distilbert_sentiment_profile,DistilBERT + Sentiment Profile,42
9606,0,3.730259095391375e-06,0,0.8807628123443481,model::distilbert_sentiment_profile,DistilBERT + Sentiment Profile,42
15552,0,1.0308618811905037e-06,0,0.8807628123443481,model::distilbert_sentiment_profile,DistilBERT + Sentiment Profile,42
15416,1,9.245488286069304e-07,0,0.8807628123443481,model::distilbert_sentiment_profile,DistilBERT + Sentiment Profile,42
3899,1,1.323410174336459e-06,0,0.8807628123443481,model::distilbert_sentiment_profile,DistilBERT + Sentiment Profile,42
9168,1,1.0802103815876762e-06,0,0.8807628123443481,model::distilbert_sentiment_profile,DistilBERT + Sentiment Profile,42
20325,1,3.0823312044958584e-06,0,0.8807628123443481,model::distilbert_sentiment_profile,DistilBERT + Sentiment Profile,42
19870,0,3.695861778396648e-06,0,0.8807628123443481,model::distilbert_sentiment_profile,DistilBERT + Sentiment Profile,42
1973,0,2.991620931425132e-06,0,0.8807628123443481,model::distilbert_sentiment_profile,DistilBERT + Sentiment Profile,42
16233,1,1.3684519899470615e-06,0,0.8807628123443481,model::distilbert_sentiment_profile,DistilBERT + Sentiment Profile,42
8004,1,1.6329901200151653e-06,0,0.8807628123443481,model::distilbert_sentiment_profile,DistilBERT + Sentiment Profile,42
7704,1,8.779202289588284e-07,0,0.8807628123443481,model::distilbert_sentiment_profile,DistilBERT + Sentiment Profile,42
14453,0,7.849911867197079e-07,0,0.8807628123443481,model::distilbert_sentiment_profile,DistilBERT + Sentiment Profile,42
19283,1,1.087269311028649e-06,0,0.8807628123443481,model::distilbert_sentiment_profile,DistilBERT + Sentiment Profile,42
13121,0,3.1733397918287665e-06,0,0.8807628123443481,model::distilbert_sentiment_profile,DistilBERT + Sentiment Profile,42
933,1,1.7905098275150522e-06,0,0.8807628123443481,model::distilbert_sentiment_profile,DistilBERT + Sentiment Profile,42
16534,1,1.5883553032836062e-06,0,0.8807628123443481,model::distilbert_sentiment_profile,DistilBERT + Sentiment Profile,42
13551,0,2.1106006897753105e-06,0,0.8807628123443481,model::distilbert_sentiment_profile,DistilBERT + Sentiment Profile,42
20584,0,1.5861845668041497e-06,0,0.8807628123443481,model::distilbert_sentiment_profile,DistilBERT + Sentiment Profile,42
8329,1,1.2594223335327117e-06,0,0.8807628123443481,model::distilbert_sentiment_profile,DistilBERT + Sentiment Profile,42
442,1,1.5251047216224831e-06,0,0.8807628123443481,model::distilbert_sentiment_profile,DistilBERT + Sentiment Profile,42
9517,0,5.169667474547168e-06,0,0.8807628123443481,model::distilbert_sentiment_profile,DistilBERT + Sentiment Profile,42
15277,0,1.0343123904021922e-06,0,0.8807628123443481,model::distilbert_sentiment_profile,DistilBERT + Sentiment Profile,42
8177,0,2.310239779035328e-06,0,0.8807628123443481,model::distilbert_sentiment_profile,DistilBERT + Sentiment Profile,42
9740,0,3.2661823752278e-06,0,0.8807628123443481,model::distilbert_sentiment_profile,DistilBERT + Sentiment Profile,42
18612,0,2.412743015156593e-06,0,0.8807628123443481,model::distilbert_sentiment_profile,DistilBERT + Sentiment Profile,42
7065,1,1.226995436809375e-06,0,0.8807628123443481,model::distilbert_sentiment_profile,DistilBERT + Sentiment Profile,42
17108,1,1.6190155065487488e-06,0,0.8807628123443481,model::distilbert_sentiment_profile,DistilBERT + Sentiment Profile,42
623,1,1.0191687351834844e-06,0,0.8807628123443481,model::distilbert_sentiment_profile,DistilBERT + Sentiment Profile,42
450,1,1.5414672134284046e-06,0,0.8807628123443481,model::distilbert_sentiment_profile,DistilBERT + Sentiment Profile,42
14789,1,1.2422808595147217e-06,0,0.8807628123443481,model::distilbert_sentiment_profile,DistilBERT + Sentiment Profile,42
20505,1,1.5337759577960242e-06,0,0.8807628123443481,model::distilbert_sentiment_profile,DistilBERT + Sentiment Profile,42
6836,1,1.2167655540906708e-06,0,0.8807628123443481,model::distilbert_sentiment_profile,DistilBERT + Sentiment Profile,42
1568,0,2.079883415717632e-06,0,0.8807628123443481,model::distilbert_sentiment_profile,DistilBERT + Sentiment Profile,42
4933,0,1.0109724826179445e-06,0,0.8807628123443481,model::distilbert_sentiment_profile,DistilBERT + Sentiment Profile,42
1934,1,1.3807086816086669e-06,0,0.8807628123443481,model::distilbert_sentiment_profile,DistilBERT + Sentiment Profile,42
3849,0,1.858487848949153e-06,0,0.8807628123443481,model::distilbert_sentiment_profile,DistilBERT + Sentiment Profile,42
8418,1,1.210238337989722e-06,0,0.8807628123443481,model::distilbert_sentiment_profile,DistilBERT + Sentiment Profile,42
11146,0,1.859537405834999e-06,0,0.8807628123443481,model::distilbert_sentiment_profile,DistilBERT + Sentiment Profile,42
2858,0,1.1158408597111702e-06,0,0.8807628123443481,model::distilbert_sentiment_profile,DistilBERT + Sentiment Profile,42
11360,0,4.733172772830585e-06,0,0.8807628123443481,model::distilbert_sentiment_profile,DistilBERT + Sentiment Profile,42
6587,1,1.2016805612802273e-06,0,0.8807628123443481,model::distilbert_sentiment_profile,DistilBERT + Sentiment Profile,42
16519,0,1.0392125204816691e-06,0,0.8807628123443481,model::distilbert_sentiment_profile,DistilBERT + Sentiment Profile,42
4196,0,1.551025661683525e-06,0,0.8807628123443481,model::distilbert_sentiment_profile,DistilBERT + Sentiment Profile,42
7775,1,1.0956403002637671e-06,0,0.8807628123443481,model::distilbert_sentiment_profile,DistilBERT + Sentiment Profile,42
16531,1,1.2753208693538909e-06,0,0.8807628123443481,model::distilbert_sentiment_profile,DistilBERT + Sentiment Profile,42
4179,0,1.0008861863752827e-06,0,0.8807628123443481,model::distilbert_sentiment_profile,DistilBERT + Sentiment Profile,42
12064,1,2.3793679702066584e-06,0,0.8807628123443481,model::distilbert_sentiment_profile,DistilBERT + Sentiment Profile,42
6925,0,1.830753603826452e-06,0,0.8807628123443481,model::distilbert_sentiment_profile,DistilBERT + Sentiment Profile,42
14658,1,1.4356728570419364e-06,0,0.8807628123443481,model::distilbert_sentiment_profile,DistilBERT + Sentiment Profile,42
8300,1,1.4756357131773257e-06,0,0.8807628123443481,model::distilbert_sentiment_profile,DistilBERT + Sentiment Profile,42
7488,1,1.4872944120725151e-06,0,0.8807628123443481,model::distilbert_sentiment_profile,DistilBERT + Sentiment Profile,42
6391,1,1.574701173012727e-06,0,0.8807628123443481,model::distilbert_sentiment_profile,DistilBERT + Sentiment Profile,42
2972,1,1.8073792489303744e-06,0,0.8807628123443481,model::distilbert_sentiment_profile,DistilBERT + Sentiment Profile,42
4309,1,1.1445922609709669e-06,0,0.8807628123443481,model::distilbert_sentiment_profile,DistilBERT + Sentiment Profile,42
14302,0,1.844772782533255e-06,0,0.8807628123443481,model::distilbert_sentiment_profile,DistilBERT + Sentiment Profile,42
2721,0,1.66802078638284e-06,0,0.8807628123443481,model::distilbert_sentiment_profile,DistilBERT + Sentiment Profile,42
9113,0,1.0604310318740318e-06,0,0.8807628123443481,model::distilbert_sentiment_profile,DistilBERT + Sentiment Profile,42
5905,1,1.2786090337613132e-06,0,0.8807628123443481,model::distilbert_sentiment_profile,DistilBERT + Sentiment Profile,42
13630,1,1.4507327250612434e-06,0,0.8807628123443481,model::distilbert_sentiment_profile,DistilBERT + Sentiment Profile,42
11675,1,1.25642702641926e-06,0,0.8807628123443481,model::distilbert_sentiment_profile,DistilBERT + Sentiment Profile,42
2821,1,1.1119519740532269e-06,0,0.8807628123443481,model::distilbert_sentiment_profile,DistilBERT + Sentiment Profile,42
13740,0,1.621582100597152e-06,0,0.8807628123443481,model::distilbert_sentiment_profile,DistilBERT + Sentiment Profile,42
10802,1,1.437638957213494e-06,0,0.8807628123443481,model::distilbert_sentiment_profile,DistilBERT + Sentiment Profile,42
16566,1,1.2619976814676193e-06,0,0.8807628123443481,model::distilbert_sentiment_profile,DistilBERT + Sentiment Profile,42
13407,1,1.474330360906606e-06,0,0.8807628123443481,model::distilbert_sentiment_profile,DistilBERT + Sentiment Profile,42
21118,0,1.947719511008472e-06,0,0.8807628123443481,model::distilbert_sentiment_profile,DistilBERT + Sentiment Profile,42
10513,1,1.3812947372571216e-06,0,0.8807628123443481,model::distilbert_sentiment_profile,DistilBERT + Sentiment Profile,42
9566,0,1.7057669765563332e-06,0,0.8807628123443481,model::distilbert_sentiment_profile,DistilBERT + Sentiment Profile,42
13783,1,1.832177076721564e-06,0,0.8807628123443481,model::distilbert_sentiment_profile,DistilBERT + Sentiment Profile,42
560,1,1.1913492699022754e-06,0,0.8807628123443481,model::distilbert_sentiment_profile,DistilBERT + Sentiment Profile,42
17002,1,2.035964371316368e-06,0,0.8807628123443481,model::distilbert_sentiment_profile,DistilBERT + Sentiment Profile,42
5175,1,1.1250054967604228e-06,0,0.8807628123443481,model::distilbert_sentiment_profile,DistilBERT + Sentiment Profile,42
5690,1,1.7179489759655553e-06,0,0.8807628123443481,model::distilbert_sentiment_profile,DistilBERT + Sentiment Profile,42
15444,1,2.002118662858265e-06,0,0.8807628123443481,model::distilbert_sentiment_profile,DistilBERT + Sentiment Profile,42
10214,1,1.3378855783230392e-06,0,0.8807628123443481,model::distilbert_sentiment_profile,DistilBERT + Sentiment Profile,42
3049,1,9.575301191944163e-07,0,0.8807628123443481,model::distilbert_sentiment_profile,DistilBERT + Sentiment Profile,42
2883,0,2.4153584945452167e-06,0,0.8807628123443481,model::distilbert_sentiment_profile,DistilBERT + Sentiment Profile,42
975,1,1.0778290970847593e-06,0,0.8807628123443481,model::distilbert_sentiment_profile,DistilBERT + Sentiment Profile,42
71,0,1.5004067108748131e-06,0,0.8807628123443481,model::distilbert_sentiment_profile,DistilBERT + Sentiment Profile,42
4599,1,1.4905346006344189e-06,0,0.8807628123443481,model::distilbert_sentiment_profile,DistilBERT + Sentiment Profile,42
18275,0,3.069632384722354e-06,0,0.8807628123443481,model::distilbert_sentiment_profile,DistilBERT + Sentiment Profile,42
17571,1,1.2409545888658613e-06,0,0.8807628123443481,model::distilbert_sentiment_profile,DistilBERT + Sentiment Profile,42
8416,0,2.7475923616293585e-06,0,0.8807628123443481,model::distilbert_sentiment_profile,DistilBERT + Sentiment Profile,42
3943,0,8.868958616403688e-07,0,0.8807628123443481,model::distilbert_sentiment_profile,DistilBERT + Sentiment Profile,42
5303,0,1.092412048819824e-06,0,0.8807628123443481,model::distilbert_sentiment_profile,DistilBERT + Sentiment Profile,42
16788,1,1.4646356021330575e-06,0,0.8807628123443481,model::distilbert_sentiment_profile,DistilBERT + Sentiment Profile,42
18501,0,1.6649186136419305e-06,0,0.8807628123443481,model::distilbert_sentiment_profile,DistilBERT + Sentiment Profile,42
2130,1,1.197239953398821e-06,0,0.8807628123443481,model::distilbert_sentiment_profile,DistilBERT + Sentiment Profile,42
17344,1,1.3003354979446158e-06,0,0.8807628123443481,model::distilbert_sentiment_profile,DistilBERT + Sentiment Profile,42
19397,1,1.4994296861914336e-06,0,0.8807628123443481,model::distilbert_sentiment_profile,DistilBERT + Sentiment Profile,42
19239,1,1.1203310350538231e-06,0,0.8807628123443481,model::distilbert_sentiment_profile,DistilBERT + Sentiment Profile,42
17745,0,1.0801588814501883e-06,0,0.8807628123443481,model::distilbert_sentiment_profile,DistilBERT + Sentiment Profile,42
18320,0,2.201908046117751e-06,0,0.8807628123443481,model::distilbert_sentiment_profile,DistilBERT + Sentiment Profile,42
1295,1,1.803880309125816e-06,0,0.8807628123443481,model::distilbert_sentiment_profile,DistilBERT + Sentiment Profile,42
16517,0,1.1197947742402905e-06,0,0.8807628123443481,model::distilbert_sentiment_profile,DistilBERT + Sentiment Profile,42
14688,1,2.103533461195184e-06,0,0.8807628123443481,model::distilbert_sentiment_profile,DistilBERT + Sentiment Profile,42
14603,1,1.335462343377003e-06,0,0.8807628123443481,model::distilbert_sentiment_profile,DistilBERT + Sentiment Profile,42
6744,1,1.1638704791039345e-06,0,0.8807628123443481,model::distilbert_sentiment_profile,DistilBERT + Sentiment Profile,42
6995,1,1.101549173654348e-06,0,0.8807628123443481,model::distilbert_sentiment_profile,DistilBERT + Sentiment Profile,42
17663,1,1.5468216361114171e-06,0,0.8807628123443481,model::distilbert_sentiment_profile,DistilBERT + Sentiment Profile,42
4851,1,1.050067567121005e-06,0,0.8807628123443481,model::distilbert_sentiment_profile,DistilBERT + Sentiment Profile,42
958,1,1.2758414413838182e-06,0,0.8807628123443481,model::distilbert_sentiment_profile,DistilBERT + Sentiment Profile,42
19857,0,1.4671672943222802e-06,0,0.8807628123443481,model::distilbert_sentiment_profile,DistilBERT + Sentiment Profile,42
349,1,1.141846951213665e-06,0,0.8807628123443481,model::distilbert_sentiment_profile,DistilBERT + Sentiment Profile,42
16537,1,1.038060645441874e-06,0,0.8807628123443481,model::distilbert_sentiment_profile,DistilBERT + Sentiment Profile,42
2859,0,3.1512165605818154e-06,0,0.8807628123443481,model::distilbert_sentiment_profile,DistilBERT + Sentiment Profile,42
1002,1,1.586932171449007e-06,0,0.8807628123443481,model::distilbert_sentiment_profile,DistilBERT + Sentiment Profile,42
19216,1,1.528423013041902e-06,0,0.8807628123443481,model::distilbert_sentiment_profile,DistilBERT + Sentiment Profile,42
8488,0,3.755649004233419e-06,0,0.8807628123443481,model::distilbert_sentiment_profile,DistilBERT + Sentiment Profile,42
10341,1,1.7962684069061652e-06,0,0.8807628123443481,model::distilbert_sentiment_profile,DistilBERT + Sentiment Profile,42
5760,1,1.1798549621744314e-06,0,0.8807628123443481,model::distilbert_sentiment_profile,DistilBERT + Sentiment Profile,42
20532,0,4.634831384464633e-06,0,0.8807628123443481,model::distilbert_sentiment_profile,DistilBERT + Sentiment Profile,42
3037,1,1.5128408676901015e-06,0,0.8807628123443481,model::distilbert_sentiment_profile,DistilBERT + Sentiment Profile,42
13980,0,1.4191105037753005e-06,0,0.8807628123443481,model::distilbert_sentiment_profile,DistilBERT + Sentiment Profile,42
3036,1,1.2732513141600066e-06,0,0.8807628123443481,model::distilbert_sentiment_profile,DistilBERT + Sentiment Profile,42
21108,0,1.585504037393548e-06,0,0.8807628123443481,model::distilbert_sentiment_profile,DistilBERT + Sentiment Profile,42
12034,0,1.3209539702074835e-06,0,0.8807628123443481,model::distilbert_sentiment_profile,DistilBERT + Sentiment Profile,42
240,1,1.2033457323923358e-06,0,0.8807628123443481,model::distilbert_sentiment_profile,DistilBERT + Sentiment Profile,42
15026,0,2.1711639419663697e-06,0,0.8807628123443481,model::distilbert_sentiment_profile,DistilBERT + Sentiment Profile,42
5678,1,1.4648618389401236e-06,0,0.8807628123443481,model::distilbert_sentiment_profile,DistilBERT + Sentiment Profile,42
4760,1,1.3990278375786147e-06,0,0.8807628123443481,model::distilbert_sentiment_profile,DistilBERT + Sentiment Profile,42
19464,0,5.058608167018974e-06,0,0.8807628123443481,model::distilbert_sentiment_profile,DistilBERT + Sentiment Profile,42
5420,1,1.3775835441265372e-06,0,0.8807628123443481,model::distilbert_sentiment_profile,DistilBERT + Sentiment Profile,42
12307,0,2.4294831746374257e-06,0,0.8807628123443481,model::distilbert_sentiment_profile,DistilBERT + Sentiment Profile,42
14776,1,1.3488725016941316e-06,0,0.8807628123443481,model::distilbert_sentiment_profile,DistilBERT + Sentiment Profile,42
7210,1,1.1684626315400235e-06,0,0.8807628123443481,model::distilbert_sentiment_profile,DistilBERT + Sentiment Profile,42
19302,0,1.657741449889727e-06,0,0.8807628123443481,model::distilbert_sentiment_profile,DistilBERT + Sentiment Profile,42
7499,0,4.647507466870593e-06,0,0.8807628123443481,model::distilbert_sentiment_profile,DistilBERT + Sentiment Profile,42
11150,1,1.38848213282472e-06,0,0.8807628123443481,model::distilbert_sentiment_profile,DistilBERT + Sentiment Profile,42
4167,1,9.480095854996762e-07,0,0.8807628123443481,model::distilbert_sentiment_profile,DistilBERT + Sentiment Profile,42
1192,0,7.49099740460224e-07,0,0.8807628123443481,model::distilbert_sentiment_profile,DistilBERT + Sentiment Profile,42
15361,1,8.292781785712577e-07,0,0.8807628123443481,model::distilbert_sentiment_profile,DistilBERT + Sentiment Profile,42
7651,0,1.2697045121967676e-06,0,0.8807628123443481,model::distilbert_sentiment_profile,DistilBERT + Sentiment Profile,42
15504,0,5.495706773217535e-06,0,0.8807628123443481,model::distilbert_sentiment_profile,DistilBERT + Sentiment Profile,42
14752,0,1.7996446786128215e-06,0,0.8807628123443481,model::distilbert_sentiment_profile,DistilBERT + Sentiment Profile,42
2178,1,1.4349130879054428e-06,0,0.8807628123443481,model::distilbert_sentiment_profile,DistilBERT + Sentiment Profile,42
18332,0,8.990720630208671e-07,0,0.8807628123443481,model::distilbert_sentiment_profile,DistilBERT + Sentiment Profile,42
13009,0,1.6642708260405923e-06,0,0.8807628123443481,model::distilbert_sentiment_profile,DistilBERT + Sentiment Profile,42
8134,0,5.43898295291001e-06,0,0.8807628123443481,model::distilbert_sentiment_profile,DistilBERT + Sentiment Profile,42
20680,0,9.306625088356668e-07,0,0.8807628123443481,model::distilbert_sentiment_profile,DistilBERT + Sentiment Profile,42
5438,0,1.843169002313516e-06,0,0.8807628123443481,model::distilbert_sentiment_profile,DistilBERT + Sentiment Profile,42
1743,1,1.1246397662034724e-06,0,0.8807628123443481,model::distilbert_sentiment_profile,DistilBERT + Sentiment Profile,42
6833,1,1.2110454008507077e-06,0,0.8807628123443481,model::distilbert_sentiment_profile,DistilBERT + Sentiment Profile,42
5762,0,1.6473430832775191e-06,0,0.8807628123443481,model::distilbert_sentiment_profile,DistilBERT + Sentiment Profile,42
2603,1,1.6983811974569107e-06,0,0.8807628123443481,model::distilbert_sentiment_profile,DistilBERT + Sentiment Profile,42
16252,0,2.9490342967619654e-06,0,0.8807628123443481,model::distilbert_sentiment_profile,DistilBERT + Sentiment Profile,42
11280,1,1.3704527646041242e-06,0,0.8807628123443481,model::distilbert_sentiment_profile,DistilBERT + Sentiment Profile,42
20734,1,1.0786641269078243e-06,0,0.8807628123443481,model::distilbert_sentiment_profile,DistilBERT + Sentiment Profile,42
18310,0,2.4567611944803502e-06,0,0.8807628123443481,model::distilbert_sentiment_profile,DistilBERT + Sentiment Profile,42
2826,1,1.314015776188171e-06,0,0.8807628123443481,model::distilbert_sentiment_profile,DistilBERT + Sentiment Profile,42
9081,0,2.322778982488672e-06,0,0.8807628123443481,model::distilbert_sentiment_profile,DistilBERT + Sentiment Profile,42
11562,0,2.2271283341979142e-06,0,0.8807628123443481,model::distilbert_sentiment_profile,DistilBERT + Sentiment Profile,42
19919,0,1.9858957784890663e-06,0,0.8807628123443481,model::distilbert_sentiment_profile,DistilBERT + Sentiment Profile,42
2044,0,2.277367912029149e-06,0,0.8807628123443481,model::distilbert_sentiment_profile,DistilBERT + Sentiment Profile,42
11372,1,1.0517994724068558e-06,0,0.8807628123443481,model::distilbert_sentiment_profile,DistilBERT + Sentiment Profile,42
3645,0,1.60891408995667e-06,0,0.8807628123443481,model::distilbert_sentiment_profile,DistilBERT + Sentiment Profile,42
18497,0,1.9209437596146017e-06,0,0.8807628123443481,model::distilbert_sentiment_profile,DistilBERT + Sentiment Profile,42
9128,1,1.6335617374352296e-06,0,0.8807628123443481,model::distilbert_sentiment_profile,DistilBERT + Sentiment Profile,42
16396,0,3.070809270866448e-06,0,0.8807628123443481,model::distilbert_sentiment_profile,DistilBERT + Sentiment Profile,42
10989,0,1.4742234952791478e-06,0,0.8807628123443481,model::distilbert_sentiment_profile,DistilBERT + Sentiment Profile,42
10863,1,1.338693436991889e-06,0,0.8807628123443481,model::distilbert_sentiment_profile,DistilBERT + Sentiment Profile,42
15927,1,1.5709229046478868e-06,0,0.8807628123443481,model::distilbert_sentiment_profile,DistilBERT + Sentiment Profile,42
8657,0,1.1714863603629055e-06,0,0.8807628123443481,model::distilbert_sentiment_profile,DistilBERT + Sentiment Profile,42
15322,0,4.298714884498622e-06,0,0.8807628123443481,model::distilbert_sentiment_profile,DistilBERT + Sentiment Profile,42
356,1,1.66340123541886e-06,0,0.8807628123443481,model::distilbert_sentiment_profile,DistilBERT + Sentiment Profile,42
1379,0,1.533465933789557e-06,0,0.8807628123443481,model::distilbert_sentiment_profile,DistilBERT + Sentiment Profile,42
18572,1,2.0157385733909905e-06,0,0.8807628123443481,model::distilbert_sentiment_profile,DistilBERT + Sentiment Profile,42
4491,1,1.9691115085151978e-06,0,0.8807628123443481,model::distilbert_sentiment_profile,DistilBERT + Sentiment Profile,42
11479,1,1.6750283293731627e-06,0,0.8807628123443481,model::distilbert_sentiment_profile,DistilBERT + Sentiment Profile,42
1809,1,1.1683088132485864e-06,0,0.8807628123443481,model::distilbert_sentiment_profile,DistilBERT + Sentiment Profile,42
7043,0,1.6775637732280302e-06,0,0.8807628123443481,model::distilbert_sentiment_profile,DistilBERT + Sentiment Profile,42
1571,1,1.2887516049886472e-06,0,0.8807628123443481,model::distilbert_sentiment_profile,DistilBERT + Sentiment Profile,42
12700,0,2.1576788640231825e-06,0,0.8807628123443481,model::distilbert_sentiment_profile,DistilBERT + Sentiment Profile,42
4120,1,1.368068296869751e-06,0,0.8807628123443481,model::distilbert_sentiment_profile,DistilBERT + Sentiment Profile,42
8406,0,1.997592789848568e-06,0,0.8807628123443481,model::distilbert_sentiment_profile,DistilBERT + Sentiment Profile,42
7007,0,2.2991357582213823e-06,0,0.8807628123443481,model::distilbert_sentiment_profile,DistilBERT + Sentiment Profile,42
17529,1,1.250203354175028e-06,0,0.8807628123443481,model::distilbert_sentiment_profile,DistilBERT + Sentiment Profile,42
16354,1,1.375025476590963e-06,0,0.8807628123443481,model::distilbert_sentiment_profile,DistilBERT + Sentiment Profile,42
2532,1,2.1547157302848063e-06,0,0.8807628123443481,model::distilbert_sentiment_profile,DistilBERT + Sentiment Profile,42
5685,0,2.968733497255016e-06,0,0.8807628123443481,model::distilbert_sentiment_profile,DistilBERT + Sentiment Profile,42
2546,0,2.0855939055763884e-06,0,0.8807628123443481,model::distilbert_sentiment_profile,DistilBERT + Sentiment Profile,42
10159,1,1.2066553836120877e-06,0,0.8807628123443481,model::distilbert_sentiment_profile,DistilBERT + Sentiment Profile,42
12958,1,1.5373125279438682e-06,0,0.8807628123443481,model::distilbert_sentiment_profile,DistilBERT + Sentiment Profile,42
18460,1,1.948953240571427e-06,0,0.8807628123443481,model::distilbert_sentiment_profile,DistilBERT + Sentiment Profile,42
2067,0,2.005965825446765e-06,0,0.8807628123443481,model::distilbert_sentiment_profile,DistilBERT + Sentiment Profile,42
12297,0,1.7217672620972737e-06,0,0.8807628123443481,model::distilbert_sentiment_profile,DistilBERT + Sentiment Profile,42
19561,0,2.4257510631287005e-06,0,0.8807628123443481,model::distilbert_sentiment_profile,DistilBERT + Sentiment Profile,42
8142,1,1.2932194977111069e-06,0,0.8807628123443481,model::distilbert_sentiment_profile,DistilBERT + Sentiment Profile,42
922,0,2.383701485086931e-06,0,0.8807628123443481,model::distilbert_sentiment_profile,DistilBERT + Sentiment Profile,42
3496,0,2.4082282834569924e-06,0,0.8807628123443481,model::distilbert_sentiment_profile,DistilBERT + Sentiment Profile,42
5346,0,1.365719185741909e-06,0,0.8807628123443481,model::distilbert_sentiment_profile,DistilBERT + Sentiment Profile,42
19890,1,1.3215876606409438e-06,0,0.8807628123443481,model::distilbert_sentiment_profile,DistilBERT + Sentiment Profile,42
16429,0,1.27059956867015e-06,0,0.8807628123443481,model::distilbert_sentiment_profile,DistilBERT + Sentiment Profile,42
10869,0,1.302867758568027e-06,0,0.8807628123443481,model::distilbert_sentiment_profile,DistilBERT + Sentiment Profile,42
8273,1,1.4032664239493895e-06,0,0.8807628123443481,model::distilbert_sentiment_profile,DistilBERT + Sentiment Profile,42
10339,1,1.6277316490231897e-06,0,0.8807628123443481,model::distilbert_sentiment_profile,DistilBERT + Sentiment Profile,42
9749,0,1.7333376263195532e-06,0,0.8807628123443481,model::distilbert_sentiment_profile,DistilBERT + Sentiment Profile,42
17167,0,2.032631527981721e-06,0,0.8807628123443481,model::distilbert_sentiment_profile,DistilBERT + Sentiment Profile,42
5026,1,1.3173872730476432e-06,0,0.8807628123443481,model::distilbert_sentiment_profile,DistilBERT + Sentiment Profile,42
10248,0,2.011924152611755e-06,0,0.8807628123443481,model::distilbert_sentiment_profile,DistilBERT + Sentiment Profile,42
14065,0,1.880979880297673e-06,0,0.8807628123443481,model::distilbert_sentiment_profile,DistilBERT + Sentiment Profile,42
6297,1,1.857646111602662e-06,0,0.8807628123443481,model::distilbert_sentiment_profile,DistilBERT + Sentiment Profile,42
16078,1,1.3346524383450742e-06,0,0.8807628123443481,model::distilbert_sentiment_profile,DistilBERT + Sentiment Profile,42
16743,0,2.2367150904756272e-06,0,0.8807628123443481,model::distilbert_sentiment_profile,DistilBERT + Sentiment Profile,42
8902,0,2.233151462860405e-06,0,0.8807628123443481,model::distilbert_sentiment_profile,DistilBERT + Sentiment Profile,42
14127,1,2.1593978090095334e-06,0,0.8807628123443481,model::distilbert_sentiment_profile,DistilBERT + Sentiment Profile,42
5936,0,1.0071856877402752e-06,0,0.8807628123443481,model::distilbert_sentiment_profile,DistilBERT + Sentiment Profile,42
20673,0,1.7672296053206082e-06,0,0.8807628123443481,model::distilbert_sentiment_profile,DistilBERT + Sentiment Profile,42
13323,0,1.1672307209664725e-06,0,0.8807628123443481,model::distilbert_sentiment_profile,DistilBERT + Sentiment Profile,42
7763,1,1.4549544857800356e-06,0,0.8807628123443481,model::distilbert_sentiment_profile,DistilBERT + Sentiment Profile,42
18230,1,1.2122310408813064e-06,0,0.8807628123443481,model::distilbert_sentiment_profile,DistilBERT + Sentiment Profile,42
11361,1,1.160378246822802e-06,0,0.8807628123443481,model::distilbert_sentiment_profile,DistilBERT + Sentiment Profile,42
9224,1,1.079020080396731e-06,0,0.8807628123443481,model::distilbert_sentiment_profile,DistilBERT + Sentiment Profile,42
17556,1,1.3472847513185116e-06,0,0.8807628123443481,model::distilbert_sentiment_profile,DistilBERT + Sentiment Profile,42
3794,1,1.252057359124592e-06,0,0.8807628123443481,model::distilbert_sentiment_profile,DistilBERT + Sentiment Profile,42
3683,0,1.8395339793642047e-06,0,0.8807628123443481,model::distilbert_sentiment_profile,DistilBERT + Sentiment Profile,42
8623,1,2.193783984694164e-06,0,0.8807628123443481,model::distilbert_sentiment_profile,DistilBERT + Sentiment Profile,42
7348,1,1.3219367929195869e-06,0,0.8807628123443481,model::distilbert_sentiment_profile,DistilBERT + Sentiment Profile,42
17574,0,1.2109240969948587e-06,0,0.8807628123443481,model::distilbert_sentiment_profile,DistilBERT + Sentiment Profile,42
19168,0,1.5918643612167216e-06,0,0.8807628123443481,model::distilbert_sentiment_profile,DistilBERT + Sentiment Profile,42
6346,0,1.4152897165331524e-06,0,0.8807628123443481,model::distilbert_sentiment_profile,DistilBERT + Sentiment Profile,42
2109,0,1.818319447011163e-06,0,0.8807628123443481,model::distilbert_sentiment_profile,DistilBERT + Sentiment Profile,42
5736,1,1.3972437500342494e-06,0,0.8807628123443481,model::distilbert_sentiment_profile,DistilBERT + Sentiment Profile,42
3677,0,2.255350409541279e-06,0,0.8807628123443481,model::distilbert_sentiment_profile,DistilBERT + Sentiment Profile,42
14181,0,2.779632495730766e-06,0,0.8807628123443481,model::distilbert_sentiment_profile,DistilBERT + Sentiment Profile,42
16696,0,1.230478119396139e-06,0,0.8807628123443481,model::distilbert_sentiment_profile,DistilBERT + Sentiment Profile,42
18115,0,1.4101282204137533e-06,0,0.8807628123443481,model::distilbert_sentiment_profile,DistilBERT + Sentiment Profile,42
1098,1,1.1790361895691603e-06,0,0.8807628123443481,model::distilbert_sentiment_profile,DistilBERT + Sentiment Profile,42
5422,0,2.1002820176363457e-06,0,0.8807628123443481,model::distilbert_sentiment_profile,DistilBERT + Sentiment Profile,42
703,0,2.1612190721498337e-06,0,0.8807628123443481,model::distilbert_sentiment_profile,DistilBERT + Sentiment Profile,42
12024,1,1.4351362551678903e-06,0,0.8807628123443481,model::distilbert_sentiment_profile,DistilBERT + Sentiment Profile,42
19715,1,1.1816476899184636e-06,0,0.8807628123443481,model::distilbert_sentiment_profile,DistilBERT + Sentiment Profile,42
16386,1,1.126674078477663e-06,0,0.8807628123443481,model::distilbert_sentiment_profile,DistilBERT + Sentiment Profile,42
18231,1,1.0436908723931992e-06,0,0.8807628123443481,model::distilbert_sentiment_profile,DistilBERT + Sentiment Profile,42
8966,1,1.2241108606758644e-06,0,0.8807628123443481,model::distilbert_sentiment_profile,DistilBERT + Sentiment Profile,42
19704,1,1.3685250905837163e-06,0,0.8807628123443481,model::distilbert_sentiment_profile,DistilBERT + Sentiment Profile,42
11636,0,1.1662293672998203e-06,0,0.8807628123443481,model::distilbert_sentiment_profile,DistilBERT + Sentiment Profile,42
10984,1,1.5882674233580474e-06,0,0.8807628123443481,model::distilbert_sentiment_profile,DistilBERT + Sentiment Profile,42
9195,1,8.989349566945748e-07,0,0.8807628123443481,model::distilbert_sentiment_profile,DistilBERT + Sentiment Profile,42
1893,1,1.2216057712066686e-06,0,0.8807628123443481,model::distilbert_sentiment_profile,DistilBERT + Sentiment Profile,42
11198,1,1.5259921610777385e-06,0,0.8807628123443481,model::distilbert_sentiment_profile,DistilBERT + Sentiment Profile,42
433,0,1.5917520386210526e-06,0,0.8807628123443481,model::distilbert_sentiment_profile,DistilBERT + Sentiment Profile,42
18411,1,1.4281444009611732e-06,0,0.8807628123443481,model::distilbert_sentiment_profile,DistilBERT + Sentiment Profile,42
11101,0,2.027174332397408e-06,0,0.8807628123443481,model::distilbert_sentiment_profile,DistilBERT + Sentiment Profile,42
11375,0,8.375720312869817e-07,0,0.8807628123443481,model::distilbert_sentiment_profile,DistilBERT + Sentiment Profile,42
1442,1,2.070447635560413e-06,0,0.8807628123443481,model::distilbert_sentiment_profile,DistilBERT + Sentiment Profile,42
10872,0,1.4511492736346554e-06,0,0.8807628123443481,model::distilbert_sentiment_profile,DistilBERT + Sentiment Profile,42
17480,0,1.4244134263208252e-06,0,0.8807628123443481,model::distilbert_sentiment_profile,DistilBERT + Sentiment Profile,42
9183,0,1.8031640138360672e-05,0,0.8807628123443481,model::distilbert_sentiment_profile,DistilBERT + Sentiment Profile,42
13866,1,1.284174118154624e-06,0,0.8807628123443481,model::distilbert_sentiment_profile,DistilBERT + Sentiment Profile,42
5929,0,8.728578109185037e-07,0,0.8807628123443481,model::distilbert_sentiment_profile,DistilBERT + Sentiment Profile,42
10569,1,1.8514559769755576e-06,0,0.8807628123443481,model::distilbert_sentiment_profile,DistilBERT + Sentiment Profile,42
6481,1,1.9526853520801524e-06,0,0.8807628123443481,model::distilbert_sentiment_profile,DistilBERT + Sentiment Profile,42
5854,0,2.831734946084908e-06,0,0.8807628123443481,model::distilbert_sentiment_profile,DistilBERT + Sentiment Profile,42
5637,0,2.260483825011761e-06,0,0.8807628123443481,model::distilbert_sentiment_profile,DistilBERT + Sentiment Profile,42
21022,0,2.4729267806833377e-06,0,0.8807628123443481,model::distilbert_sentiment_profile,DistilBERT + Sentiment Profile,42
20695,0,4.317560524214059e-06,0,0.8807628123443481,model::distilbert_sentiment_profile,DistilBERT + Sentiment Profile,42
6808,1,1.0056136261482609e-06,0,0.8807628123443481,model::distilbert_sentiment_profile,DistilBERT + Sentiment Profile,42
1191,1,2.3983225219126325e-06,0,0.8807628123443481,model::distilbert_sentiment_profile,DistilBERT + Sentiment Profile,42
17878,0,2.0838760974584147e-06,0,0.8807628123443481,model::distilbert_sentiment_profile,DistilBERT + Sentiment Profile,42
11825,1,1.4487847010968835e-06,0,0.8807628123443481,model::distilbert_sentiment_profile,DistilBERT + Sentiment Profile,42
19889,1,1.47786943216488e-06,0,0.8807628123443481,model::distilbert_sentiment_profile,DistilBERT + Sentiment Profile,42
10247,0,2.756381718427292e-06,0,0.8807628123443481,model::distilbert_sentiment_profile,DistilBERT + Sentiment Profile,42
3557,1,1.207978357342654e-06,0,0.8807628123443481,model::distilbert_sentiment_profile,DistilBERT + Sentiment Profile,42
7942,0,1.628739369152754e-06,0,0.8807628123443481,model::distilbert_sentiment_profile,DistilBERT + Sentiment Profile,42
6347,0,1.086669158212317e-06,0,0.8807628123443481,model::distilbert_sentiment_profile,DistilBERT + Sentiment Profile,42
10139,1,1.6018452697608154e-06,0,0.8807628123443481,model::distilbert_sentiment_profile,DistilBERT + Sentiment Profile,42
13933,0,2.1595851649180986e-06,0,0.8807628123443481,model::distilbert_sentiment_profile,DistilBERT + Sentiment Profile,42
15745,1,2.0053134903719183e-06,0,0.8807628123443481,model::distilbert_sentiment_profile,DistilBERT + Sentiment Profile,42
5715,1,1.2910346640637729e-06,0,0.8807628123443481,model::distilbert_sentiment_profile,DistilBERT + Sentiment Profile,42
17278,0,1.2863338270108216e-06,0,0.8807628123443481,model::distilbert_sentiment_profile,DistilBERT + Sentiment Profile,42
11436,0,9.702567922431626e-07,0,0.8807628123443481,model::distilbert_sentiment_profile,DistilBERT + Sentiment Profile,42
4647,0,5.6247185966640245e-06,0,0.8807628123443481,model::distilbert_sentiment_profile,DistilBERT + Sentiment Profile,42
15980,0,4.567085397866322e-06,0,0.8807628123443481,model::distilbert_sentiment_profile,DistilBERT + Sentiment Profile,42
18355,0,2.769799493762548e-06,0,0.8807628123443481,model::distilbert_sentiment_profile,DistilBERT + Sentiment Profile,42
16337,0,1.7256912769880728e-06,0,0.8807628123443481,model::distilbert_sentiment_profile,DistilBERT + Sentiment Profile,42
2361,0,1.953301762114279e-06,0,0.8807628123443481,model::distilbert_sentiment_profile,DistilBERT + Sentiment Profile,42
4623,1,1.5397451988974351e-06,0,0.8807628123443481,model::distilbert_sentiment_profile,DistilBERT + Sentiment Profile,42
20871,0,2.344738959436654e-06,0,0.8807628123443481,model::distilbert_sentiment_profile,DistilBERT + Sentiment Profile,42
16550,1,1.4249445712266606e-06,0,0.8807628123443481,model::distilbert_sentiment_profile,DistilBERT + Sentiment Profile,42
15950,1,1.3140407872924698e-06,0,0.8807628123443481,model::distilbert_sentiment_profile,DistilBERT + Sentiment Profile,42
2200,0,1.8676773834158664e-06,0,0.8807628123443481,model::distilbert_sentiment_profile,DistilBERT + Sentiment Profile,42
19326,1,1.365112439088989e-06,0,0.8807628123443481,model::distilbert_sentiment_profile,DistilBERT + Sentiment Profile,42
4522,0,1.472071176067402e-06,0,0.8807628123443481,model::distilbert_sentiment_profile,DistilBERT + Sentiment Profile,42
18987,1,1.4353647657117108e-06,0,0.8807628123443481,model::distilbert_sentiment_profile,DistilBERT + Sentiment Profile,42
10913,0,1.8776067918224728e-06,0,0.8807628123443481,model::distilbert_sentiment_profile,DistilBERT + Sentiment Profile,42
18340,0,1.1220182614124496e-06,0,0.8807628123443481,model::distilbert_sentiment_profile,DistilBERT + Sentiment Profile,42
14800,0,1.284063841922034e-06,0,0.8807628123443481,model::distilbert_sentiment_profile,DistilBERT + Sentiment Profile,42
2248,1,1.6036306078603957e-06,0,0.8807628123443481,model::distilbert_sentiment_profile,DistilBERT + Sentiment Profile,42
14467,0,2.995189333887538e-06,0,0.8807628123443481,model::distilbert_sentiment_profile,DistilBERT + Sentiment Profile,42
78,1,9.414307555744016e-07,0,0.8807628123443481,model::distilbert_sentiment_profile,DistilBERT + Sentiment Profile,42
4625,0,2.264875092805596e-06,0,0.8807628123443481,model::distilbert_sentiment_profile,DistilBERT + Sentiment Profile,42
4323,1,1.3094796713630783e-06,0,0.8807628123443481,model::distilbert_sentiment_profile,DistilBERT + Sentiment Profile,42
4510,0,1.420988837708137e-06,0,0.8807628123443481,model::distilbert_sentiment_profile,DistilBERT + Sentiment Profile,42
293,1,3.167897148159682e-06,0,0.8807628123443481,model::distilbert_sentiment_profile,DistilBERT + Sentiment Profile,42
1271,0,2.0432994460861664e-06,0,0.8807628123443481,model::distilbert_sentiment_profile,DistilBERT + Sentiment Profile,42
5374,0,1.7672380181465996e-06,0,0.8807628123443481,model::distilbert_sentiment_profile,DistilBERT + Sentiment Profile,42
14898,1,1.8246078070660587e-06,0,0.8807628123443481,model::distilbert_sentiment_profile,DistilBERT + Sentiment Profile,42
5107,1,1.5060520581755554e-06,0,0.8807628123443481,model::distilbert_sentiment_profile,DistilBERT + Sentiment Profile,42
573,1,1.3550445601140382e-06,0,0.8807628123443481,model::distilbert_sentiment_profile,DistilBERT + Sentiment Profile,42
19652,0,2.2604749574384182e-06,0,0.8807628123443481,model::distilbert_sentiment_profile,DistilBERT + Sentiment Profile,42
8391,1,1.7984179976338055e-06,0,0.8807628123443481,model::distilbert_sentiment_profile,DistilBERT + Sentiment Profile,42
6472,0,4.358238584245555e-06,0,0.8807628123443481,model::distilbert_sentiment_profile,DistilBERT + Sentiment Profile,42
5633,1,1.2785822036676109e-06,0,0.8807628123443481,model::distilbert_sentiment_profile,DistilBERT + Sentiment Profile,42
4581,1,1.317491523877834e-06,0,0.8807628123443481,model::distilbert_sentiment_profile,DistilBERT + Sentiment Profile,42
18214,1,1.5957677987898933e-06,0,0.8807628123443481,model::distilbert_sentiment_profile,DistilBERT + Sentiment Profile,42
17119,0,2.1070027287350968e-06,0,0.8807628123443481,model::distilbert_sentiment_profile,DistilBERT + Sentiment Profile,42
20170,1,1.5179221009020694e-06,0,0.8807628123443481,model::distilbert_sentiment_profile,DistilBERT + Sentiment Profile,42
18229,0,1.6099589856821694e-06,0,0.8807628123443481,model::distilbert_sentiment_profile,DistilBERT + Sentiment Profile,42
19907,0,9.357522685604636e-07,0,0.8807628123443481,model::distilbert_sentiment_profile,DistilBERT + Sentiment Profile,42
18168,0,1.9883366348949494e-06,0,0.8807628123443481,model::distilbert_sentiment_profile,DistilBERT + Sentiment Profile,42
10285,1,1.2813164858016537e-06,0,0.8807628123443481,model::distilbert_sentiment_profile,DistilBERT + Sentiment Profile,42
9229,0,2.2603112483920995e-06,0,0.8807628123443481,model::distilbert_sentiment_profile,DistilBERT + Sentiment Profile,42
4426,0,1.8373967805018765e-06,0,0.8807628123443481,model::distilbert_sentiment_profile,DistilBERT + Sentiment Profile,42
19485,1,1.6504283166796083e-06,0,0.8807628123443481,model::distilbert_sentiment_profile,DistilBERT + Sentiment Profile,42
20520,0,1.2029291838189238e-06,0,0.8807628123443481,model::distilbert_sentiment_profile,DistilBERT + Sentiment Profile,42
16322,1,1.5952032299537675e-06,0,0.8807628123443481,model::distilbert_sentiment_profile,DistilBERT + Sentiment Profile,42
11621,1,1.4058744000067236e-06,0,0.8807628123443481,model::distilbert_sentiment_profile,DistilBERT + Sentiment Profile,42
3376,1,1.4751573189641931e-06,0,0.8807628123443481,model::distilbert_sentiment_profile,DistilBERT + Sentiment Profile,42
20041,0,2.1189887320360867e-06,0,0.8807628123443481,model::distilbert_sentiment_profile,DistilBERT + Sentiment Profile,42
7166,1,2.0942318315064767e-06,0,0.8807628123443481,model::distilbert_sentiment_profile,DistilBERT + Sentiment Profile,42
6506,1,1.1501234666866369e-06,0,0.8807628123443481,model::distilbert_sentiment_profile,DistilBERT + Sentiment Profile,42
20862,1,1.2740445072267903e-06,0,0.8807628123443481,model::distilbert_sentiment_profile,DistilBERT + Sentiment Profile,42
18690,0,2.3312875327974325e-06,0,0.8807628123443481,model::distilbert_sentiment_profile,DistilBERT + Sentiment Profile,42
7607,1,1.525594939266739e-06,0,0.8807628123443481,model::distilbert_sentiment_profile,DistilBERT + Sentiment Profile,42
10060,1,1.526784103589307e-06,0,0.8807628123443481,model::distilbert_sentiment_profile,DistilBERT + Sentiment Profile,42
20271,1,1.08766346329503e-06,0,0.8807628123443481,model::distilbert_sentiment_profile,DistilBERT + Sentiment Profile,42
5211,1,1.6382765579692204e-06,0,0.8807628123443481,model::distilbert_sentiment_profile,DistilBERT + Sentiment Profile,42
12121,1,1.0707395858844393e-06,0,0.8807628123443481,model::distilbert_sentiment_profile,DistilBERT + Sentiment Profile,42
7567,1,1.4350499668580596e-06,0,0.8807628123443481,model::distilbert_sentiment_profile,DistilBERT + Sentiment Profile,42
9710,1,1.1330268989695469e-06,0,0.8807628123443481,model::distilbert_sentiment_profile,DistilBERT + Sentiment Profile,42
6786,0,1.4878050933475606e-06,0,0.8807628123443481,model::distilbert_sentiment_profile,DistilBERT + Sentiment Profile,42
17521,0,3.179986379109323e-06,0,0.8807628123443481,model::distilbert_sentiment_profile,DistilBERT + Sentiment Profile,42
21034,1,1.3277057178129326e-06,0,0.8807628123443481,model::distilbert_sentiment_profile,DistilBERT + Sentiment Profile,42
3187,0,1.8239501287098392e-06,0,0.8807628123443481,model::distilbert_sentiment_profile,DistilBERT + Sentiment Profile,42
3973,1,1.6339902231266024e-06,0,0.8807628123443481,model::distilbert_sentiment_profile,DistilBERT + Sentiment Profile,42
8214,1,1.4362261708811277e-06,0,0.8807628123443481,model::distilbert_sentiment_profile,DistilBERT + Sentiment Profile,42
18871,0,1.1350363138262765e-06,0,0.8807628123443481,model::distilbert_sentiment_profile,DistilBERT + Sentiment Profile,42
18245,0,1.4110645452092283e-06,0,0.8807628123443481,model::distilbert_sentiment_profile,DistilBERT + Sentiment Profile,42
10798,0,1.8685681197894155e-06,0,0.8807628123443481,model::distilbert_sentiment_profile,DistilBERT + Sentiment Profile,42
5409,0,2.770890660031e-06,0,0.8807628123443481,model::distilbert_sentiment_profile,DistilBERT + Sentiment Profile,42
16226,0,1.4283732525655068e-06,0,0.8807628123443481,model::distilbert_sentiment_profile,DistilBERT + Sentiment Profile,42
4468,1,9.062100048140564e-07,0,0.8807628123443481,model::distilbert_sentiment_profile,DistilBERT + Sentiment Profile,42
15849,0,8.93910982995294e-05,0,0.8807628123443481,model::distilbert_sentiment_profile,DistilBERT + Sentiment Profile,42
14462,0,1.984649998121313e-06,0,0.8807628123443481,model::distilbert_sentiment_profile,DistilBERT + Sentiment Profile,42
19720,0,2.132305098712095e-06,0,0.8807628123443481,model::distilbert_sentiment_profile,DistilBERT + Sentiment Profile,42
4146,0,1.097693257179344e-06,0,0.8807628123443481,model::distilbert_sentiment_profile,DistilBERT + Sentiment Profile,42
4386,0,1.0435604735903323e-06,0,0.8807628123443481,model::distilbert_sentiment_profile,DistilBERT + Sentiment Profile,42
13526,1,1.3352992027648725e-06,0,0.8807628123443481,model::distilbert_sentiment_profile,DistilBERT + Sentiment Profile,42
18523,1,1.324266122537665e-06,0,0.8807628123443481,model::distilbert_sentiment_profile,DistilBERT + Sentiment Profile,42
19751,0,9.544548902340466e-07,0,0.8807628123443481,model::distilbert_sentiment_profile,DistilBERT + Sentiment Profile,42
1179,0,1.447583031222166e-06,0,0.8807628123443481,model::distilbert_sentiment_profile,DistilBERT + Sentiment Profile,42
16424,1,1.3287115052662557e-06,0,0.8807628123443481,model::distilbert_sentiment_profile,DistilBERT + Sentiment Profile,42
8875,0,2.210517550338409e-06,0,0.8807628123443481,model::distilbert_sentiment_profile,DistilBERT + Sentiment Profile,42
2267,0,1.972464360733284e-06,0,0.8807628123443481,model::distilbert_sentiment_profile,DistilBERT + Sentiment Profile,42
12942,0,1.5979668432919425e-06,0,0.8807628123443481,model::distilbert_sentiment_profile,DistilBERT + Sentiment Profile,42
2832,0,1.928508027049247e-06,0,0.8807628123443481,model::distilbert_sentiment_profile,DistilBERT + Sentiment Profile,42
1021,0,1.4017067542226869e-06,0,0.8807628123443481,model::distilbert_sentiment_profile,DistilBERT + Sentiment Profile,42
7945,0,1.825385766096588e-06,0,0.8807628123443481,model::distilbert_sentiment_profile,DistilBERT + Sentiment Profile,42
4843,1,1.3693945675186114e-06,0,0.8807628123443481,model::distilbert_sentiment_profile,DistilBERT + Sentiment Profile,42
3236,0,1.2955179045093246e-06,0,0.8807628123443481,model::distilbert_sentiment_profile,DistilBERT + Sentiment Profile,42
9186,1,1.364516265311977e-06,0,0.8807628123443481,model::distilbert_sentiment_profile,DistilBERT + Sentiment Profile,42
13491,0,1.9686644918692764e-06,0,0.8807628123443481,model::distilbert_sentiment_profile,DistilBERT + Sentiment Profile,42
10371,0,3.912723059329437e-06,0,0.8807628123443481,model::distilbert_sentiment_profile,DistilBERT + Sentiment Profile,42
551,0,1.0608649745336152e-06,0,0.8807628123443481,model::distilbert_sentiment_profile,DistilBERT + Sentiment Profile,42
444,1,1.0384784445705009e-06,0,0.8807628123443481,model::distilbert_sentiment_profile,DistilBERT + Sentiment Profile,42
1591,1,1.1471121297290663e-06,0,0.8807628123443481,model::distilbert_sentiment_profile,DistilBERT + Sentiment Profile,42
6736,1,1.35272171064571e-06,0,0.8807628123443481,model::distilbert_sentiment_profile,DistilBERT + Sentiment Profile,42
4134,0,2.217810788351926e-06,0,0.8807628123443481,model::distilbert_sentiment_profile,DistilBERT + Sentiment Profile,42
12473,0,2.012096956605092e-06,0,0.8807628123443481,model::distilbert_sentiment_profile,DistilBERT + Sentiment Profile,42
2556,1,1.0056750170406303e-06,0,0.8807628123443481,model::distilbert_sentiment_profile,DistilBERT + Sentiment Profile,42
10416,1,1.230988573297509e-06,0,0.8807628123443481,model::distilbert_sentiment_profile,DistilBERT + Sentiment Profile,42
16237,1,1.3067002555544605e-06,0,0.8807628123443481,model::distilbert_sentiment_profile,DistilBERT + Sentiment Profile,42
96,1,1.3370196256801137e-06,0,0.8807628123443481,model::distilbert_sentiment_profile,DistilBERT + Sentiment Profile,42
4673,1,1.334805233454972e-06,0,0.8807628123443481,model::distilbert_sentiment_profile,DistilBERT + Sentiment Profile,42
3115,0,3.727474677361897e-06,0,0.8807628123443481,model::distilbert_sentiment_profile,DistilBERT + Sentiment Profile,42
7640,0,1.5373066162283069e-06,0,0.8807628123443481,model::distilbert_sentiment_profile,DistilBERT + Sentiment Profile,42
18818,1,2.223478077212349e-06,0,0.8807628123443481,model::distilbert_sentiment_profile,DistilBERT + Sentiment Profile,42
3550,1,1.4261490832723211e-06,0,0.8807628123443481,model::distilbert_sentiment_profile,DistilBERT + Sentiment Profile,42
15293,1,1.3768691360382943e-06,0,0.8807628123443481,model::distilbert_sentiment_profile,DistilBERT + Sentiment Profile,42
10902,1,1.3048547771177257e-06,0,0.8807628123443481,model::distilbert_sentiment_profile,DistilBERT + Sentiment Profile,42
16425,0,2.968138915093732e-06,0,0.8807628123443481,model::distilbert_sentiment_profile,DistilBERT + Sentiment Profile,42
1649,0,2.9219188490969827e-06,0,0.8807628123443481,model::distilbert_sentiment_profile,DistilBERT + Sentiment Profile,42
9946,0,3.1763311199028976e-06,0,0.8807628123443481,model::distilbert_sentiment_profile,DistilBERT + Sentiment Profile,42
18354,0,2.1006305814808e-06,0,0.8807628123443481,model::distilbert_sentiment_profile,DistilBERT + Sentiment Profile,42
15802,0,2.171751930291066e-06,0,0.8807628123443481,model::distilbert_sentiment_profile,DistilBERT + Sentiment Profile,42
8471,1,1.4762382534172502e-06,0,0.8807628123443481,model::distilbert_sentiment_profile,DistilBERT + Sentiment Profile,42
4029,1,1.2029142908431822e-06,0,0.8807628123443481,model::distilbert_sentiment_profile,DistilBERT + Sentiment Profile,42
3806,0,1.7461345578340115e-06,0,0.8807628123443481,model::distilbert_sentiment_profile,DistilBERT + Sentiment Profile,42
9240,1,1.326989263361611e-06,0,0.8807628123443481,model::distilbert_sentiment_profile,DistilBERT + Sentiment Profile,42
20407,1,1.6411491969847702e-06,0,0.8807628123443481,model::distilbert_sentiment_profile,DistilBERT + Sentiment Profile,42
20442,1,1.3263237406135886e-06,0,0.8807628123443481,model::distilbert_sentiment_profile,DistilBERT + Sentiment Profile,42
12406,0,2.003996314670076e-06,0,0.8807628123443481,model::distilbert_sentiment_profile,DistilBERT + Sentiment Profile,42
20870,0,3.1844174372963607e-06,0,0.8807628123443481,model::distilbert_sentiment_profile,DistilBERT + Sentiment Profile,42
17718,1,1.3987208831167663e-06,0,0.8807628123443481,model::distilbert_sentiment_profile,DistilBERT + Sentiment Profile,42
17043,1,1.492914634582121e-06,0,0.8807628123443481,model::distilbert_sentiment_profile,DistilBERT + Sentiment Profile,42
14805,1,1.1806023394456131e-06,0,0.8807628123443481,model::distilbert_sentiment_profile,DistilBERT + Sentiment Profile,42
12105,1,1.390623651786882e-06,0,0.8807628123443481,model::distilbert_sentiment_profile,DistilBERT + Sentiment Profile,42
13440,1,1.331890757683141e-06,0,0.8807628123443481,model::distilbert_sentiment_profile,DistilBERT + Sentiment Profile,42
8420,0,1.1363079011061927e-06,0,0.8807628123443481,model::distilbert_sentiment_profile,DistilBERT + Sentiment Profile,42
6543,1,8.467437737635919e-07,0,0.8807628123443481,model::distilbert_sentiment_profile,DistilBERT + Sentiment Profile,42
14425,0,1.756378992467944e-06,0,0.8807628123443481,model::distilbert_sentiment_profile,DistilBERT + Sentiment Profile,42
11002,1,1.4131209127299371e-06,0,0.8807628123443481,model::distilbert_sentiment_profile,DistilBERT + Sentiment Profile,42
1148,1,1.7085247918657842e-06,0,0.8807628123443481,model::distilbert_sentiment_profile,DistilBERT + Sentiment Profile,42
12116,1,1.523411242487782e-06,0,0.8807628123443481,model::distilbert_sentiment_profile,DistilBERT + Sentiment Profile,42
1173,0,1.709214188849728e-06,0,0.8807628123443481,model::distilbert_sentiment_profile,DistilBERT + Sentiment Profile,42
19460,0,1.7030783965310548e-06,0,0.8807628123443481,model::distilbert_sentiment_profile,DistilBERT + Sentiment Profile,42
5391,1,8.352070040018589e-07,0,0.8807628123443481,model::distilbert_sentiment_profile,DistilBERT + Sentiment Profile,42
12339,0,2.5088077109103324e-06,0,0.8807628123443481,model::distilbert_sentiment_profile,DistilBERT + Sentiment Profile,42
8041,1,1.2461181313483394e-06,0,0.8807628123443481,model::distilbert_sentiment_profile,DistilBERT + Sentiment Profile,42
14605,1,9.901136763801333e-07,0,0.8807628123443481,model::distilbert_sentiment_profile,DistilBERT + Sentiment Profile,42
2291,1,1.118417003453942e-06,0,0.8807628123443481,model::distilbert_sentiment_profile,DistilBERT + Sentiment Profile,42
7120,0,1.3539749943447532e-06,0,0.8807628123443481,model::distilbert_sentiment_profile,DistilBERT + Sentiment Profile,42
587,0,1.7643953924562084e-06,0,0.8807628123443481,model::distilbert_sentiment_profile,DistilBERT + Sentiment Profile,42
16321,1,1.5597238416376058e-06,0,0.8807628123443481,model::distilbert_sentiment_profile,DistilBERT + Sentiment Profile,42
18541,1,1.1256430525463657e-06,0,0.8807628123443481,model::distilbert_sentiment_profile,DistilBERT + Sentiment Profile,42
12598,0,9.790377362151048e-07,0,0.8807628123443481,model::distilbert_sentiment_profile,DistilBERT + Sentiment Profile,42
13419,1,1.297464109484281e-06,0,0.8807628123443481,model::distilbert_sentiment_profile,DistilBERT + Sentiment Profile,42
8543,0,1.8568650830275144e-06,0,0.8807628123443481,model::distilbert_sentiment_profile,DistilBERT + Sentiment Profile,42
20439,0,4.243438525008969e-06,0,0.8807628123443481,model::distilbert_sentiment_profile,DistilBERT + Sentiment Profile,42
15320,0,3.5977780044049723e-06,0,0.8807628123443481,model::distilbert_sentiment_profile,DistilBERT + Sentiment Profile,42
9800,0,1.7186501963806222e-06,0,0.8807628123443481,model::distilbert_sentiment_profile,DistilBERT + Sentiment Profile,42
16021,1,1.309730691900768e-06,0,0.8807628123443481,model::distilbert_sentiment_profile,DistilBERT + Sentiment Profile,42
8382,1,1.6586237734372844e-06,0,0.8807628123443481,model::distilbert_sentiment_profile,DistilBERT + Sentiment Profile,42
2867,1,1.3935109564044978e-06,0,0.8807628123443481,model::distilbert_sentiment_profile,DistilBERT + Sentiment Profile,42
20212,0,8.762291145103518e-06,0,0.8807628123443481,model::distilbert_sentiment_profile,DistilBERT + Sentiment Profile,42
9481,1,1.496101617703971e-06,0,0.8807628123443481,model::distilbert_sentiment_profile,DistilBERT + Sentiment Profile,42
12286,1,1.931036649693852e-06,0,0.8807628123443481,model::distilbert_sentiment_profile,DistilBERT + Sentiment Profile,42
19149,0,1.1334310556776472e-06,0,0.8807628123443481,model::distilbert_sentiment_profile,DistilBERT + Sentiment Profile,42
16239,1,1.0070647249449394e-06,0,0.8807628123443481,model::distilbert_sentiment_profile,DistilBERT + Sentiment Profile,42
17829,1,1.9556018742150627e-06,0,0.8807628123443481,model::distilbert_sentiment_profile,DistilBERT + Sentiment Profile,42
20947,0,1.728832330627483e-06,0,0.8807628123443481,model::distilbert_sentiment_profile,DistilBERT + Sentiment Profile,42
9400,0,3.6620187984226496e-06,0,0.8807628123443481,model::distilbert_sentiment_profile,DistilBERT + Sentiment Profile,42
18451,1,1.4200433042788063e-06,0,0.8807628123443481,model::distilbert_sentiment_profile,DistilBERT + Sentiment Profile,42
19994,1,1.780094976311375e-06,0,0.8807628123443481,model::distilbert_sentiment_profile,DistilBERT + Sentiment Profile,42
10829,0,2.5125166303041624e-06,0,0.8807628123443481,model::distilbert_sentiment_profile,DistilBERT + Sentiment Profile,42
1980,0,1.7534667904328671e-06,0,0.8807628123443481,model::distilbert_sentiment_profile,DistilBERT + Sentiment Profile,42
829,0,1.1546993846422993e-05,0,0.8807628123443481,model::distilbert_sentiment_profile,DistilBERT + Sentiment Profile,42
7876,1,1.33276500946522e-06,0,0.8807628123443481,model::distilbert_sentiment_profile,DistilBERT + Sentiment Profile,42
965,0,1.838290586420044e-06,0,0.8807628123443481,model::distilbert_sentiment_profile,DistilBERT + Sentiment Profile,42
18189,1,1.2834076414947049e-06,0,0.8807628123443481,model::distilbert_sentiment_profile,DistilBERT + Sentiment Profile,42
12645,1,1.967998287000228e-06,0,0.8807628123443481,model::distilbert_sentiment_profile,DistilBERT + Sentiment Profile,42
12073,0,3.5906587072531693e-06,0,0.8807628123443481,model::distilbert_sentiment_profile,DistilBERT + Sentiment Profile,42
241,1,1.0647275985320448e-06,0,0.8807628123443481,model::distilbert_sentiment_profile,DistilBERT + Sentiment Profile,42
8318,0,2.2446836283052107e-06,0,0.8807628123443481,model::distilbert_sentiment_profile,DistilBERT + Sentiment Profile,42
2294,0,1.5279654235200724e-06,0,0.8807628123443481,model::distilbert_sentiment_profile,DistilBERT + Sentiment Profile,42
15189,1,1.2675606058110134e-06,0,0.8807628123443481,model::distilbert_sentiment_profile,DistilBERT + Sentiment Profile,42
15462,0,1.4252259461500216e-06,0,0.8807628123443481,model::distilbert_sentiment_profile,DistilBERT + Sentiment Profile,42
6769,0,1.102310079659219e-06,0,0.8807628123443481,model::distilbert_sentiment_profile,DistilBERT + Sentiment Profile,42
21078,0,1.916367409648956e-06,0,0.8807628123443481,model::distilbert_sentiment_profile,DistilBERT + Sentiment Profile,42
2498,0,3.4995393889403204e-06,0,0.8807628123443481,model::distilbert_sentiment_profile,DistilBERT + Sentiment Profile,42
20875,0,1.960427198355319e-06,0,0.8807628123443481,model::distilbert_sentiment_profile,DistilBERT + Sentiment Profile,42
2694,0,1.3936306686446187e-06,0,0.8807628123443481,model::distilbert_sentiment_profile,DistilBERT + Sentiment Profile,42
8380,0,2.1312132503226167e-06,0,0.8807628123443481,model::distilbert_sentiment_profile,DistilBERT + Sentiment Profile,42
2683,1,1.3956456541563966e-06,0,0.8807628123443481,model::distilbert_sentiment_profile,DistilBERT + Sentiment Profile,42
12903,1,2.4818716610752745e-06,0,0.8807628123443481,model::distilbert_sentiment_profile,DistilBERT + Sentiment Profile,42
3395,1,1.240283722836466e-06,0,0.8807628123443481,model::distilbert_sentiment_profile,DistilBERT + Sentiment Profile,42
14670,0,1.6455514924018644e-06,0,0.8807628123443481,model::distilbert_sentiment_profile,DistilBERT + Sentiment Profile,42
3815,1,1.7468540818299516e-06,0,0.8807628123443481,model::distilbert_sentiment_profile,DistilBERT + Sentiment Profile,42
9823,0,2.601169853733154e-06,0,0.8807628123443481,model::distilbert_sentiment_profile,DistilBERT + Sentiment Profile,42
3971,0,2.714131824177457e-06,0,0.8807628123443481,model::distilbert_sentiment_profile,DistilBERT + Sentiment Profile,42
19954,0,8.759448633099964e-07,0,0.8807628123443481,model::distilbert_sentiment_profile,DistilBERT + Sentiment Profile,42
19163,1,1.964613829841255e-06,0,0.8807628123443481,model::distilbert_sentiment_profile,DistilBERT + Sentiment Profile,42
11315,0,2.7564105948840734e-06,0,0.8807628123443481,model::distilbert_sentiment_profile,DistilBERT + Sentiment Profile,42
16475,1,1.4591939816455124e-06,0,0.8807628123443481,model::distilbert_sentiment_profile,DistilBERT + Sentiment Profile,42
8298,1,1.5736143268441085e-06,0,0.8807628123443481,model::distilbert_sentiment_profile,DistilBERT + Sentiment Profile,42
6704,0,2.941366346931318e-06,0,0.8807628123443481,model::distilbert_sentiment_profile,DistilBERT + Sentiment Profile,42
1867,0,2.253583033962059e-06,0,0.8807628123443481,model::distilbert_sentiment_profile,DistilBERT + Sentiment Profile,42
3479,1,2.5267199816880748e-06,0,0.8807628123443481,model::distilbert_sentiment_profile,DistilBERT + Sentiment Profile,42
14387,0,1.2799656587958452e-06,0,0.8807628123443481,model::distilbert_sentiment_profile,DistilBERT + Sentiment Profile,42
21099,0,1.2604004950844685e-06,0,0.8807628123443481,model::distilbert_sentiment_profile,DistilBERT + Sentiment Profile,42
10173,0,1.7761474282451672e-06,0,0.8807628123443481,model::distilbert_sentiment_profile,DistilBERT + Sentiment Profile,42
14584,1,1.0938549621641869e-06,0,0.8807628123443481,model::distilbert_sentiment_profile,DistilBERT + Sentiment Profile,42
18579,0,1.7523234419059008e-06,0,0.8807628123443481,model::distilbert_sentiment_profile,DistilBERT + Sentiment Profile,42
6719,0,1.1872073173435638e-06,0,0.8807628123443481,model::distilbert_sentiment_profile,DistilBERT + Sentiment Profile,42
13994,1,1.1653244200715562e-06,0,0.8807628123443481,model::distilbert_sentiment_profile,DistilBERT + Sentiment Profile,42
15409,0,1.3278588539833436e-06,0,0.8807628123443481,model::distilbert_sentiment_profile,DistilBERT + Sentiment Profile,42
10287,0,1.8499310954211976e-06,0,0.8807628123443481,model::distilbert_sentiment_profile,DistilBERT + Sentiment Profile,42
14182,0,1.248984290214139e-06,0,0.8807628123443481,model::distilbert_sentiment_profile,DistilBERT + Sentiment Profile,42
1866,0,3.1514930469711544e-06,0,0.8807628123443481,model::distilbert_sentiment_profile,DistilBERT + Sentiment Profile,42
5840,1,1.1072630741182363e-06,0,0.8807628123443481,model::distilbert_sentiment_profile,DistilBERT + Sentiment Profile,42
8508,0,1.4935396848159144e-06,0,0.8807628123443481,model::distilbert_sentiment_profile,DistilBERT + Sentiment Profile,42
16600,0,2.8309841582085937e-06,0,0.8807628123443481,model::distilbert_sentiment_profile,DistilBERT + Sentiment Profile,42
12136,1,2.280421313116676e-06,0,0.8807628123443481,model::distilbert_sentiment_profile,DistilBERT + Sentiment Profile,42
15175,1,1.2706299230558216e-06,0,0.8807628123443481,model::distilbert_sentiment_profile,DistilBERT + Sentiment Profile,42
1171,0,3.443819196036202e-06,0,0.8807628123443481,model::distilbert_sentiment_profile,DistilBERT + Sentiment Profile,42
10626,0,1.4907662944096955e-06,0,0.8807628123443481,model::distilbert_sentiment_profile,DistilBERT + Sentiment Profile,42
17816,0,2.2861700017529074e-06,0,0.8807628123443481,model::distilbert_sentiment_profile,DistilBERT + Sentiment Profile,42
7438,1,1.6418645145677149e-06,0,0.8807628123443481,model::distilbert_sentiment_profile,DistilBERT + Sentiment Profile,42
4132,1,1.3525141184800304e-06,0,0.8807628123443481,model::distilbert_sentiment_profile,DistilBERT + Sentiment Profile,42
12929,0,6.726771516696317e-06,0,0.8807628123443481,model::distilbert_sentiment_profile,DistilBERT + Sentiment Profile,42
17018,1,1.7909555936057586e-06,0,0.8807628123443481,model::distilbert_sentiment_profile,DistilBERT + Sentiment Profile,42
14608,0,2.26105271394772e-06,0,0.8807628123443481,model::distilbert_sentiment_profile,DistilBERT + Sentiment Profile,42
16274,0,1.7524771465105005e-06,0,0.8807628123443481,model::distilbert_sentiment_profile,DistilBERT + Sentiment Profile,42
2408,0,1.0574559610176948e-06,0,0.8807628123443481,model::distilbert_sentiment_profile,DistilBERT + Sentiment Profile,42
7731,0,1.1607213536990455e-06,0,0.8807628123443481,model::distilbert_sentiment_profile,DistilBERT + Sentiment Profile,42
1204,1,2.0135635168117005e-06,0,0.8807628123443481,model::distilbert_sentiment_profile,DistilBERT + Sentiment Profile,42
15159,1,1.483636538068822e-06,0,0.8807628123443481,model::distilbert_sentiment_profile,DistilBERT + Sentiment Profile,42
13621,0,9.517245302959054e-07,0,0.8807628123443481,model::distilbert_sentiment_profile,DistilBERT + Sentiment Profile,42
1729,0,2.844819618985639e-06,0,0.8807628123443481,model::distilbert_sentiment_profile,DistilBERT + Sentiment Profile,42
16466,0,2.152343540728907e-06,0,0.8807628123443481,model::distilbert_sentiment_profile,DistilBERT + Sentiment Profile,42
1197,1,1.3462008610076737e-06,0,0.8807628123443481,model::distilbert_sentiment_profile,DistilBERT + Sentiment Profile,42
14491,0,2.31551143770048e-06,0,0.8807628123443481,model::distilbert_sentiment_profile,DistilBERT + Sentiment Profile,42
3338,1,2.636795898069977e-06,0,0.8807628123443481,model::distilbert_sentiment_profile,DistilBERT + Sentiment Profile,42
3165,1,1.0982899993905448e-06,0,0.8807628123443481,model::distilbert_sentiment_profile,DistilBERT + Sentiment Profile,42
3852,0,0.9999440908432008,1,0.8807628123443481,model::distilbert_sentiment_profile,DistilBERT + Sentiment Profile,42
16232,1,1.3163009953132132e-06,0,0.8807628123443481,model::distilbert_sentiment_profile,DistilBERT + Sentiment Profile,42
3551,1,1.2102210575903882e-06,0,0.8807628123443481,model::distilbert_sentiment_profile,DistilBERT + Sentiment Profile,42
18200,1,1.1200319249837776e-06,0,0.8807628123443481,model::distilbert_sentiment_profile,DistilBERT + Sentiment Profile,42
1750,1,1.480292780797754e-06,0,0.8807628123443481,model::distilbert_sentiment_profile,DistilBERT + Sentiment Profile,42
13356,1,1.638865683162294e-06,0,0.8807628123443481,model::distilbert_sentiment_profile,DistilBERT + Sentiment Profile,42
14029,0,1.8467021618562285e-06,0,0.8807628123443481,model::distilbert_sentiment_profile,DistilBERT + Sentiment Profile,42
15702,1,9.587225804352784e-07,0,0.8807628123443481,model::distilbert_sentiment_profile,DistilBERT + Sentiment Profile,42
6671,0,1.997802201003651e-06,0,0.8807628123443481,model::distilbert_sentiment_profile,DistilBERT + Sentiment Profile,42
1598,1,1.147404304902011e-06,0,0.8807628123443481,model::distilbert_sentiment_profile,DistilBERT + Sentiment Profile,42
14361,0,2.113485152221984e-06,0,0.8807628123443481,model::distilbert_sentiment_profile,DistilBERT + Sentiment Profile,42
8832,0,9.159989531326572e-07,0,0.8807628123443481,model::distilbert_sentiment_profile,DistilBERT + Sentiment Profile,42
9975,1,1.7486673868916114e-06,0,0.8807628123443481,model::distilbert_sentiment_profile,DistilBERT + Sentiment Profile,42
13954,0,3.228554987799725e-06,0,0.8807628123443481,model::distilbert_sentiment_profile,DistilBERT + Sentiment Profile,42
9267,0,1.7371023659507046e-06,0,0.8807628123443481,model::distilbert_sentiment_profile,DistilBERT + Sentiment Profile,42
13091,1,1.6349910083590655e-06,0,0.8807628123443481,model::distilbert_sentiment_profile,DistilBERT + Sentiment Profile,42
17553,1,1.4913947552486206e-06,0,0.8807628123443481,model::distilbert_sentiment_profile,DistilBERT + Sentiment Profile,42
11555,0,1.6372363234040677e-06,0,0.8807628123443481,model::distilbert_sentiment_profile,DistilBERT + Sentiment Profile,42
11748,1,1.3178333801988629e-06,0,0.8807628123443481,model::distilbert_sentiment_profile,DistilBERT + Sentiment Profile,42
10804,0,1.1158855386383948e-06,0,0.8807628123443481,model::distilbert_sentiment_profile,DistilBERT + Sentiment Profile,42
12854,0,1.3855046745447908e-06,0,0.8807628123443481,model::distilbert_sentiment_profile,DistilBERT + Sentiment Profile,42
16115,0,1.1961307109231711e-06,0,0.8807628123443481,model::distilbert_sentiment_profile,DistilBERT + Sentiment Profile,42
7308,1,1.3531359854823677e-06,0,0.8807628123443481,model::distilbert_sentiment_profile,DistilBERT + Sentiment Profile,42
6556,1,8.487617719765694e-07,0,0.8807628123443481,model::distilbert_sentiment_profile,DistilBERT + Sentiment Profile,42
14549,1,9.697952236820129e-07,0,0.8807628123443481,model::distilbert_sentiment_profile,DistilBERT + Sentiment Profile,42
6787,0,1.8389008573649333e-06,0,0.8807628123443481,model::distilbert_sentiment_profile,DistilBERT + Sentiment Profile,42
11776,0,1.925049900819431e-06,0,0.8807628123443481,model::distilbert_sentiment_profile,DistilBERT + Sentiment Profile,42
9577,0,9.944117209670369e-07,0,0.8807628123443481,model::distilbert_sentiment_profile,DistilBERT + Sentiment Profile,42
19107,0,2.8936397029610816e-06,0,0.8807628123443481,model::distilbert_sentiment_profile,DistilBERT + Sentiment Profile,42
3818,0,1.4144017086437088e-06,0,0.8807628123443481,model::distilbert_sentiment_profile,DistilBERT + Sentiment Profile,42
6319,0,1.067098196472216e-06,0,0.8807628123443481,model::distilbert_sentiment_profile,DistilBERT + Sentiment Profile,42
7931,1,1.5695870843046578e-06,0,0.8807628123443481,model::distilbert_sentiment_profile,DistilBERT + Sentiment Profile,42
18516,1,1.289052647734934e-06,0,0.8807628123443481,model::distilbert_sentiment_profile,DistilBERT + Sentiment Profile,42
19974,1,1.179618720925646e-06,0,0.8807628123443481,model::distilbert_sentiment_profile,DistilBERT + Sentiment Profile,42
8003,1,1.443484507035464e-06,0,0.8807628123443481,model::distilbert_sentiment_profile,DistilBERT + Sentiment Profile,42
14855,1,1.5057662494655233e-06,0,0.8807628123443481,model::distilbert_sentiment_profile,DistilBERT + Sentiment Profile,42
935,0,4.567964879242936e-06,0,0.8807628123443481,model::distilbert_sentiment_profile,DistilBERT + Sentiment Profile,42
3623,1,1.192481477119145e-06,0,0.8807628123443481,model::distilbert_sentiment_profile,DistilBERT + Sentiment Profile,42
2857,0,2.3646011868549976e-06,0,0.8807628123443481,model::distilbert_sentiment_profile,DistilBERT + Sentiment Profile,42
15100,1,1.2812699878850251e-06,0,0.8807628123443481,model::distilbert_sentiment_profile,DistilBERT + Sentiment Profile,42
12647,1,1.515708845545305e-06,0,0.8807628123443481,model::distilbert_sentiment_profile,DistilBERT + Sentiment Profile,42
16571,0,3.3897390494530555e-06,0,0.8807628123443481,model::distilbert_sentiment_profile,DistilBERT + Sentiment Profile,42
18098,1,1.218232000610442e-06,0,0.8807628123443481,model::distilbert_sentiment_profile,DistilBERT + Sentiment Profile,42
18736,1,1.1633222811724409e-06,0,0.8807628123443481,model::distilbert_sentiment_profile,DistilBERT + Sentiment Profile,42
8920,1,1.0967776233883342e-06,0,0.8807628123443481,model::distilbert_sentiment_profile,DistilBERT + Sentiment Profile,42
11186,1,1.3390791764322785e-06,0,0.8807628123443481,model::distilbert_sentiment_profile,DistilBERT + Sentiment Profile,42
15711,1,1.7413185560144484e-06,0,0.8807628123443481,model::distilbert_sentiment_profile,DistilBERT + Sentiment Profile,42
5958,1,1.6946049754551495e-06,0,0.8807628123443481,model::distilbert_sentiment_profile,DistilBERT + Sentiment Profile,42
7558,0,2.033614464380662e-06,0,0.8807628123443481,model::distilbert_sentiment_profile,DistilBERT + Sentiment Profile,42
20149,1,1.448173975404643e-06,0,0.8807628123443481,model::distilbert_sentiment_profile,DistilBERT + Sentiment Profile,42
9778,0,1.022660171656753e-06,0,0.8807628123443481,model::distilbert_sentiment_profile,DistilBERT + Sentiment Profile,42
8502,1,1.587876795383636e-06,0,0.8807628123443481,model::distilbert_sentiment_profile,DistilBERT + Sentiment Profile,42
1642,1,1.3145747743692482e-06,0,0.8807628123443481,model::distilbert_sentiment_profile,DistilBERT + Sentiment Profile,42
21039,0,2.5246149562008213e-06,0,0.8807628123443481,model::distilbert_sentiment_profile,DistilBERT + Sentiment Profile,42
11515,0,7.811609975760803e-06,0,0.8807628123443481,model::distilbert_sentiment_profile,DistilBERT + Sentiment Profile,42
5310,0,2.907461976064951e-06,0,0.8807628123443481,model::distilbert_sentiment_profile,DistilBERT + Sentiment Profile,42
20759,0,2.099248831655132e-06,0,0.8807628123443481,model::distilbert_sentiment_profile,DistilBERT + Sentiment Profile,42
12683,0,8.230716957768891e-06,0,0.8807628123443481,model::distilbert_sentiment_profile,DistilBERT + Sentiment Profile,42
5142,0,2.834501401594025e-06,0,0.8807628123443481,model::distilbert_sentiment_profile,DistilBERT + Sentiment Profile,42
11672,1,1.1279329328317544e-06,0,0.8807628123443481,model::distilbert_sentiment_profile,DistilBERT + Sentiment Profile,42
6976,1,2.4359974304388743e-06,0,0.8807628123443481,model::distilbert_sentiment_profile,DistilBERT + Sentiment Profile,42
10148,0,3.030897460121196e-06,0,0.8807628123443481,model::distilbert_sentiment_profile,DistilBERT + Sentiment Profile,42
18578,0,3.732679033419117e-06,0,0.8807628123443481,model::distilbert_sentiment_profile,DistilBERT + Sentiment Profile,42
19362,1,1.271770770472358e-06,0,0.8807628123443481,model::distilbert_sentiment_profile,DistilBERT + Sentiment Profile,42
5241,1,8.703806884113874e-07,0,0.8807628123443481,model::distilbert_sentiment_profile,DistilBERT + Sentiment Profile,42
664,0,9.435817105440948e-07,0,0.8807628123443481,model::distilbert_sentiment_profile,DistilBERT + Sentiment Profile,42
12453,0,2.4712410322536016e-06,0,0.8807628123443481,model::distilbert_sentiment_profile,DistilBERT + Sentiment Profile,42
2205,1,1.414475946148741e-06,0,0.8807628123443481,model::distilbert_sentiment_profile,DistilBERT + Sentiment Profile,42
9896,0,1.7595324379726662e-06,0,0.8807628123443481,model::distilbert_sentiment_profile,DistilBERT + Sentiment Profile,42
15733,0,1.8023430357061445e-06,0,0.8807628123443481,model::distilbert_sentiment_profile,DistilBERT + Sentiment Profile,42
6070,0,2.8513409233710263e-06,0,0.8807628123443481,model::distilbert_sentiment_profile,DistilBERT + Sentiment Profile,42
3994,0,2.145091457350645e-06,0,0.8807628123443481,model::distilbert_sentiment_profile,DistilBERT + Sentiment Profile,42
11962,0,1.8984173948410896e-06,0,0.8807628123443481,model::distilbert_sentiment_profile,DistilBERT + Sentiment Profile,42
13923,0,2.4228563688666327e-06,0,0.8807628123443481,model::distilbert_sentiment_profile,DistilBERT + Sentiment Profile,42
3512,0,1.7987438241107157e-06,0,0.8807628123443481,model::distilbert_sentiment_profile,DistilBERT + Sentiment Profile,42
8737,0,2.300912456121296e-06,0,0.8807628123443481,model::distilbert_sentiment_profile,DistilBERT + Sentiment Profile,42
17758,1,1.305726073042024e-06,0,0.8807628123443481,model::distilbert_sentiment_profile,DistilBERT + Sentiment Profile,42
11250,1,1.4861998351989314e-06,0,0.8807628123443481,model::distilbert_sentiment_profile,DistilBERT + Sentiment Profile,42
8102,0,2.5727097181516e-06,0,0.8807628123443481,model::distilbert_sentiment_profile,DistilBERT + Sentiment Profile,42
3614,0,1.5357475149357924e-06,0,0.8807628123443481,model::distilbert_sentiment_profile,DistilBERT + Sentiment Profile,42
6659,1,2.0447459974093363e-06,0,0.8807628123443481,model::distilbert_sentiment_profile,DistilBERT + Sentiment Profile,42
12125,0,1.6402166238549398e-06,0,0.8807628123443481,model::distilbert_sentiment_profile,DistilBERT + Sentiment Profile,42
13471,1,1.54268195728946e-06,0,0.8807628123443481,model::distilbert_sentiment_profile,DistilBERT + Sentiment Profile,42
5246,0,2.4703292638150742e-06,0,0.8807628123443481,model::distilbert_sentiment_profile,DistilBERT + Sentiment Profile,42
2612,1,1.3595337122751516e-06,0,0.8807628123443481,model::distilbert_sentiment_profile,DistilBERT + Sentiment Profile,42
16686,1,1.3513769090423011e-06,0,0.8807628123443481,model::distilbert_sentiment_profile,DistilBERT + Sentiment Profile,42
4569,0,3.880008989654016e-06,0,0.8807628123443481,model::distilbert_sentiment_profile,DistilBERT + Sentiment Profile,42
16586,1,1.072057557394146e-06,0,0.8807628123443481,model::distilbert_sentiment_profile,DistilBERT + Sentiment Profile,42
9777,0,1.1106674264738103e-06,0,0.8807628123443481,model::distilbert_sentiment_profile,DistilBERT + Sentiment Profile,42
10194,1,1.2512660987340496e-06,0,0.8807628123443481,model::distilbert_sentiment_profile,DistilBERT + Sentiment Profile,42
13439,0,4.050999450555537e-06,0,0.8807628123443481,model::distilbert_sentiment_profile,DistilBERT + Sentiment Profile,42
12371,1,1.4681064612886985e-06,0,0.8807628123443481,model::distilbert_sentiment_profile,DistilBERT + Sentiment Profile,42
20902,0,2.9306872875167755e-06,0,0.8807628123443481,model::distilbert_sentiment_profile,DistilBERT + Sentiment Profile,42
7768,1,1.2627187970792877e-06,0,0.8807628123443481,model::distilbert_sentiment_profile,DistilBERT + Sentiment Profile,42
2321,1,1.403334522365185e-06,0,0.8807628123443481,model::distilbert_sentiment_profile,DistilBERT + Sentiment Profile,42
11714,0,2.442362074361881e-06,0,0.8807628123443481,model::distilbert_sentiment_profile,DistilBERT + Sentiment Profile,42
3655,0,3.073355173910386e-06,0,0.8807628123443481,model::distilbert_sentiment_profile,DistilBERT + Sentiment Profile,42
19633,0,1.860381871665595e-06,0,0.8807628123443481,model::distilbert_sentiment_profile,DistilBERT + Sentiment Profile,42
2593,0,1.06234620034229e-06,0,0.8807628123443481,model::distilbert_sentiment_profile,DistilBERT + Sentiment Profile,42
5964,0,1.3876614275432075e-06,0,0.8807628123443481,model::distilbert_sentiment_profile,DistilBERT + Sentiment Profile,42
11822,0,1.5816046925465344e-06,0,0.8807628123443481,model::distilbert_sentiment_profile,DistilBERT + Sentiment Profile,42
12791,1,1.5348894066846697e-06,0,0.8807628123443481,model::distilbert_sentiment_profile,DistilBERT + Sentiment Profile,42
3841,0,1.662107479205588e-06,0,0.8807628123443481,model::distilbert_sentiment_profile,DistilBERT + Sentiment Profile,42
15763,0,4.396464646561071e-06,0,0.8807628123443481,model::distilbert_sentiment_profile,DistilBERT + Sentiment Profile,42
9129,1,1.4603160707338247e-06,0,0.8807628123443481,model::distilbert_sentiment_profile,DistilBERT + Sentiment Profile,42
13046,1,1.8690174101720915e-06,0,0.8807628123443481,model::distilbert_sentiment_profile,DistilBERT + Sentiment Profile,42
1847,0,1.5439771914316225e-06,0,0.8807628123443481,model::distilbert_sentiment_profile,DistilBERT + Sentiment Profile,42
8591,1,1.5399552921735449e-06,0,0.8807628123443481,model::distilbert_sentiment_profile,DistilBERT + Sentiment Profile,42
3209,0,1.826317202358041e-06,0,0.8807628123443481,model::distilbert_sentiment_profile,DistilBERT + Sentiment Profile,42
11566,0,1.1625182878560736e-06,0,0.8807628123443481,model::distilbert_sentiment_profile,DistilBERT + Sentiment Profile,42
18276,1,1.3471640158968512e-06,0,0.8807628123443481,model::distilbert_sentiment_profile,DistilBERT + Sentiment Profile,42
21121,0,1.4472752809524536e-06,0,0.8807628123443481,model::distilbert_sentiment_profile,DistilBERT + Sentiment Profile,42
19671,0,3.82712687496678e-06,0,0.8807628123443481,model::distilbert_sentiment_profile,DistilBERT + Sentiment Profile,42
729,1,1.5626002323188004e-06,0,0.8807628123443481,model::distilbert_sentiment_profile,DistilBERT + Sentiment Profile,42
17129,0,1.2757514014083426e-06,0,0.8807628123443481,model::distilbert_sentiment_profile,DistilBERT + Sentiment Profile,42
12185,1,1.939543381013209e-06,0,0.8807628123443481,model::distilbert_sentiment_profile,DistilBERT + Sentiment Profile,42
1996,0,2.743800678217667e-06,0,0.8807628123443481,model::distilbert_sentiment_profile,DistilBERT + Sentiment Profile,42
18477,0,2.204234078817535e-06,0,0.8807628123443481,model::distilbert_sentiment_profile,DistilBERT + Sentiment Profile,42
13495,0,6.224133358045947e-06,0,0.8807628123443481,model::distilbert_sentiment_profile,DistilBERT + Sentiment Profile,42
3467,1,1.3925543953519082e-06,0,0.8807628123443481,model::distilbert_sentiment_profile,DistilBERT + Sentiment Profile,42
3100,1,1.6667756881361129e-06,0,0.8807628123443481,model::distilbert_sentiment_profile,DistilBERT + Sentiment Profile,42
19006,0,1.554535288050829e-06,0,0.8807628123443481,model::distilbert_sentiment_profile,DistilBERT + Sentiment Profile,42
2734,0,3.0701503419550136e-06,0,0.8807628123443481,model::distilbert_sentiment_profile,DistilBERT + Sentiment Profile,42
7923,1,1.3035352139922909e-06,0,0.8807628123443481,model::distilbert_sentiment_profile,DistilBERT + Sentiment Profile,42
14593,1,1.481842218709062e-06,0,0.8807628123443481,model::distilbert_sentiment_profile,DistilBERT + Sentiment Profile,42
315,1,1.1981514944636729e-06,0,0.8807628123443481,model::distilbert_sentiment_profile,DistilBERT + Sentiment Profile,42
18937,0,2.254421360703418e-06,0,0.8807628123443481,model::distilbert_sentiment_profile,DistilBERT + Sentiment Profile,42
7718,1,1.1857634945044992e-06,0,0.8807628123443481,model::distilbert_sentiment_profile,DistilBERT + Sentiment Profile,42
9619,1,1.1645699942164356e-06,0,0.8807628123443481,model::distilbert_sentiment_profile,DistilBERT + Sentiment Profile,42
6986,1,2.0749782834172947e-06,0,0.8807628123443481,model::distilbert_sentiment_profile,DistilBERT + Sentiment Profile,42
17354,1,1.8049230448013984e-06,0,0.8807628123443481,model::distilbert_sentiment_profile,DistilBERT + Sentiment Profile,42
16941,0,9.222038102052466e-07,0,0.8807628123443481,model::distilbert_sentiment_profile,DistilBERT + Sentiment Profile,42
13328,1,2.0637451143556973e-06,0,0.8807628123443481,model::distilbert_sentiment_profile,DistilBERT + Sentiment Profile,42
10753,1,1.036376033880515e-06,0,0.8807628123443481,model::distilbert_sentiment_profile,DistilBERT + Sentiment Profile,42
730,1,1.4271314512370736e-06,0,0.8807628123443481,model::distilbert_sentiment_profile,DistilBERT + Sentiment Profile,42
15496,1,1.1106315014330903e-06,0,0.8807628123443481,model::distilbert_sentiment_profile,DistilBERT + Sentiment Profile,42
9203,1,2.3430088731402066e-06,0,0.8807628123443481,model::distilbert_sentiment_profile,DistilBERT + Sentiment Profile,42
9971,1,2.4120392936310964e-06,0,0.8807628123443481,model::distilbert_sentiment_profile,DistilBERT + Sentiment Profile,42
14137,1,1.304272586821753e-06,0,0.8807628123443481,model::distilbert_sentiment_profile,DistilBERT + Sentiment Profile,42
20659,1,9.6942062555172e-07,0,0.8807628123443481,model::distilbert_sentiment_profile,DistilBERT + Sentiment Profile,42
1737,1,1.2489795153669547e-06,0,0.8807628123443481,model::distilbert_sentiment_profile,DistilBERT + Sentiment Profile,42
18365,1,1.2927483794555885e-06,0,0.8807628123443481,model::distilbert_sentiment_profile,DistilBERT + Sentiment Profile,42
16948,1,1.726132268231595e-06,0,0.8807628123443481,model::distilbert_sentiment_profile,DistilBERT + Sentiment Profile,42
4209,1,1.0733506314863916e-06,0,0.8807628123443481,model::distilbert_sentiment_profile,DistilBERT + Sentiment Profile,42
11255,0,1.3099468105792766e-06,0,0.8807628123443481,model::distilbert_sentiment_profile,DistilBERT + Sentiment Profile,42
4818,0,2.759908966254443e-06,0,0.8807628123443481,model::distilbert_sentiment_profile,DistilBERT + Sentiment Profile,42
16989,0,3.133108293695841e-06,0,0.8807628123443481,model::distilbert_sentiment_profile,DistilBERT + Sentiment Profile,42
13822,1,1.3102279581289622e-06,0,0.8807628123443481,model::distilbert_sentiment_profile,DistilBERT + Sentiment Profile,42
18218,0,1.809450623113662e-06,0,0.8807628123443481,model::distilbert_sentiment_profile,DistilBERT + Sentiment Profile,42
11069,0,3.016717982973205e-06,0,0.8807628123443481,model::distilbert_sentiment_profile,DistilBERT + Sentiment Profile,42
16576,1,1.8317979311177623e-06,0,0.8807628123443481,model::distilbert_sentiment_profile,DistilBERT + Sentiment Profile,42
14690,1,1.380158437314094e-06,0,0.8807628123443481,model::distilbert_sentiment_profile,DistilBERT + Sentiment Profile,42
7545,0,1.9966480522271013e-06,0,0.8807628123443481,model::distilbert_sentiment_profile,DistilBERT + Sentiment Profile,42
11793,0,2.734602730924962e-06,0,0.8807628123443481,model::distilbert_sentiment_profile,DistilBERT + Sentiment Profile,42
11185,1,1.4854841765554738e-06,0,0.8807628123443481,model::distilbert_sentiment_profile,DistilBERT + Sentiment Profile,42
14124,0,9.754627399161109e-07,0,0.8807628123443481,model::distilbert_sentiment_profile,DistilBERT + Sentiment Profile,42
20861,0,1.307565412389522e-06,0,0.8807628123443481,model::distilbert_sentiment_profile,DistilBERT + Sentiment Profile,42
11618,0,1.6697524642950157e-06,0,0.8807628123443481,model::distilbert_sentiment_profile,DistilBERT + Sentiment Profile,42
744,1,1.4864137938275237e-06,0,0.8807628123443481,model::distilbert_sentiment_profile,DistilBERT + Sentiment Profile,42
261,0,1.1729239304258954e-06,0,0.8807628123443481,model::distilbert_sentiment_profile,DistilBERT + Sentiment Profile,42
11958,0,1.7640505802773987e-06,0,0.8807628123443481,model::distilbert_sentiment_profile,DistilBERT + Sentiment Profile,42
12663,1,1.2167317890998677e-06,0,0.8807628123443481,model::distilbert_sentiment_profile,DistilBERT + Sentiment Profile,42
5696,1,1.7559752905071946e-06,0,0.8807628123443481,model::distilbert_sentiment_profile,DistilBERT + Sentiment Profile,42
7908,1,1.863695388237829e-06,0,0.8807628123443481,model::distilbert_sentiment_profile,DistilBERT + Sentiment Profile,42
16295,0,1.3520369748221128e-06,0,0.8807628123443481,model::distilbert_sentiment_profile,DistilBERT + Sentiment Profile,42
254,1,2.3538866571470862e-06,0,0.8807628123443481,model::distilbert_sentiment_profile,DistilBERT + Sentiment Profile,42
5340,1,1.0695332548493752e-06,0,0.8807628123443481,model::distilbert_sentiment_profile,DistilBERT + Sentiment Profile,42
8001,0,1.5154024595176452e-06,0,0.8807628123443481,model::distilbert_sentiment_profile,DistilBERT + Sentiment Profile,42
7354,1,1.40187125907687e-06,0,0.8807628123443481,model::distilbert_sentiment_profile,DistilBERT + Sentiment Profile,42
7138,1,1.2292676956349169e-06,0,0.8807628123443481,model::distilbert_sentiment_profile,DistilBERT + Sentiment Profile,42
8105,1,1.153035896095389e-06,0,0.8807628123443481,model::distilbert_sentiment_profile,DistilBERT + Sentiment Profile,42
6579,0,2.126138269886724e-06,0,0.8807628123443481,model::distilbert_sentiment_profile,DistilBERT + Sentiment Profile,42
7934,1,1.1067003242715143e-06,0,0.8807628123443481,model::distilbert_sentiment_profile,DistilBERT + Sentiment Profile,42
8606,1,1.015706629914348e-06,0,0.8807628123443481,model::distilbert_sentiment_profile,DistilBERT + Sentiment Profile,42
7600,0,2.2336541860568104e-06,0,0.8807628123443481,model::distilbert_sentiment_profile,DistilBERT + Sentiment Profile,42
16101,1,1.0208009371126536e-06,0,0.8807628123443481,model::distilbert_sentiment_profile,DistilBERT + Sentiment Profile,42
1203,0,1.3546026593758145e-06,0,0.8807628123443481,model::distilbert_sentiment_profile,DistilBERT + Sentiment Profile,42
5057,0,1.5746396684335195e-06,0,0.8807628123443481,model::distilbert_sentiment_profile,DistilBERT + Sentiment Profile,42
12089,0,3.178382712576422e-06,0,0.8807628123443481,model::distilbert_sentiment_profile,DistilBERT + Sentiment Profile,42
4527,1,1.0348353498557117e-06,0,0.8807628123443481,model::distilbert_sentiment_profile,DistilBERT + Sentiment Profile,42
9382,1,1.294194134970894e-06,0,0.8807628123443481,model::distilbert_sentiment_profile,DistilBERT + Sentiment Profile,42
13521,1,1.2413097465469036e-06,0,0.8807628123443481,model::distilbert_sentiment_profile,DistilBERT + Sentiment Profile,42
3108,1,1.1265924513281789e-06,0,0.8807628123443481,model::distilbert_sentiment_profile,DistilBERT + Sentiment Profile,42
8712,0,1.617448106117081e-05,0,0.8807628123443481,model::distilbert_sentiment_profile,DistilBERT + Sentiment Profile,42
19949,1,1.167502432508627e-06,0,0.8807628123443481,model::distilbert_sentiment_profile,DistilBERT + Sentiment Profile,42
577,1,1.543844632578839e-06,0,0.8807628123443481,model::distilbert_sentiment_profile,DistilBERT + Sentiment Profile,42
2039,0,3.659760295704473e-06,0,0.8807628123443481,model::distilbert_sentiment_profile,DistilBERT + Sentiment Profile,42
17193,0,1.8227328837383536e-06,0,0.8807628123443481,model::distilbert_sentiment_profile,DistilBERT + Sentiment Profile,42
14350,1,8.646754281471658e-07,0,0.8807628123443481,model::distilbert_sentiment_profile,DistilBERT + Sentiment Profile,42
19730,1,1.5686083543187124e-06,0,0.8807628123443481,model::distilbert_sentiment_profile,DistilBERT + Sentiment Profile,42
20960,1,1.4099346117291134e-06,0,0.8807628123443481,model::distilbert_sentiment_profile,DistilBERT + Sentiment Profile,42
2547,1,1.0448610510138678e-06,0,0.8807628123443481,model::distilbert_sentiment_profile,DistilBERT + Sentiment Profile,42
13601,0,2.2458207240561023e-06,0,0.8807628123443481,model::distilbert_sentiment_profile,DistilBERT + Sentiment Profile,42
5423,0,6.013642632751726e-06,0,0.8807628123443481,model::distilbert_sentiment_profile,DistilBERT + Sentiment Profile,42
13210,0,7.630181357853871e-07,0,0.8807628123443481,model::distilbert_sentiment_profile,DistilBERT + Sentiment Profile,42
18396,1,1.080329752767284e-06,0,0.8807628123443481,model::distilbert_sentiment_profile,DistilBERT + Sentiment Profile,42
6019,0,7.08715379005298e-06,0,0.8807628123443481,model::distilbert_sentiment_profile,DistilBERT + Sentiment Profile,42
2872,0,1.0966291483782695e-06,0,0.8807628123443481,model::distilbert_sentiment_profile,DistilBERT + Sentiment Profile,42
6204,0,1.6185215372388484e-06,0,0.8807628123443481,model::distilbert_sentiment_profile,DistilBERT + Sentiment Profile,42
9717,1,1.426883841304516e-06,0,0.8807628123443481,model::distilbert_sentiment_profile,DistilBERT + Sentiment Profile,42
3733,0,2.0349104943306884e-06,0,0.8807628123443481,model::distilbert_sentiment_profile,DistilBERT + Sentiment Profile,42
3150,1,1.156310759142798e-06,0,0.8807628123443481,model::distilbert_sentiment_profile,DistilBERT + Sentiment Profile,42
12007,0,6.203818884387147e-06,0,0.8807628123443481,model::distilbert_sentiment_profile,DistilBERT + Sentiment Profile,42
20412,0,1.1281008482910693e-06,0,0.8807628123443481,model::distilbert_sentiment_profile,DistilBERT + Sentiment Profile,42
10966,1,9.698618441689175e-07,0,0.8807628123443481,model::distilbert_sentiment_profile,DistilBERT + Sentiment Profile,42
15297,1,1.1186932624696055e-06,0,0.8807628123443481,model::distilbert_sentiment_profile,DistilBERT + Sentiment Profile,42
8581,0,1.5080382809173898e-06,0,0.8807628123443481,model::distilbert_sentiment_profile,DistilBERT + Sentiment Profile,42
9247,1,1.9747305941564264e-06,0,0.8807628123443481,model::distilbert_sentiment_profile,DistilBERT + Sentiment Profile,42
20802,1,1.0724206731538288e-06,0,0.8807628123443481,model::distilbert_sentiment_profile,DistilBERT + Sentiment Profile,42
11856,0,3.1631998353987e-06,0,0.8807628123443481,model::distilbert_sentiment_profile,DistilBERT + Sentiment Profile,42
16750,0,1.6028294567149717e-06,0,0.8807628123443481,model::distilbert_sentiment_profile,DistilBERT + Sentiment Profile,42
14447,1,1.1912084119103383e-06,0,0.8807628123443481,model::distilbert_sentiment_profile,DistilBERT + Sentiment Profile,42
599,1,8.601321610512969e-07,0,0.8807628123443481,model::distilbert_sentiment_profile,DistilBERT + Sentiment Profile,42
19339,1,1.6811432033136953e-06,0,0.8807628123443481,model::distilbert_sentiment_profile,DistilBERT + Sentiment Profile,42
20904,0,2.1028433820902137e-06,0,0.8807628123443481,model::distilbert_sentiment_profile,DistilBERT + Sentiment Profile,42
18860,1,1.1882856369993533e-06,0,0.8807628123443481,model::distilbert_sentiment_profile,DistilBERT + Sentiment Profile,42
7349,0,1.882544779618911e-06,0,0.8807628123443481,model::distilbert_sentiment_profile,DistilBERT + Sentiment Profile,42
12739,0,1.5424759567395083e-06,0,0.8807628123443481,model::distilbert_sentiment_profile,DistilBERT + Sentiment Profile,42
1732,0,1.7146196569228778e-06,0,0.8807628123443481,model::distilbert_sentiment_profile,DistilBERT + Sentiment Profile,42
9070,1,1.6630935988359852e-06,0,0.8807628123443481,model::distilbert_sentiment_profile,DistilBERT + Sentiment Profile,42
20274,0,1.8148182334698504e-06,0,0.8807628123443481,model::distilbert_sentiment_profile,DistilBERT + Sentiment Profile,42
16439,1,1.3007472716708437e-06,0,0.8807628123443481,model::distilbert_sentiment_profile,DistilBERT + Sentiment Profile,42
9723,0,1.379315563099226e-05,0,0.8807628123443481,model::distilbert_sentiment_profile,DistilBERT + Sentiment Profile,42
15367,0,2.291268856424722e-06,0,0.8807628123443481,model::distilbert_sentiment_profile,DistilBERT + Sentiment Profile,42
21113,0,3.484021817712346e-06,0,0.8807628123443481,model::distilbert_sentiment_profile,DistilBERT + Sentiment Profile,42
12151,1,1.3142088164386223e-06,0,0.8807628123443481,model::distilbert_sentiment_profile,DistilBERT + Sentiment Profile,42
4476,1,1.959767132575508e-06,0,0.8807628123443481,model::distilbert_sentiment_profile,DistilBERT + Sentiment Profile,42
8093,1,2.18866216528113e-06,0,0.8807628123443481,model::distilbert_sentiment_profile,DistilBERT + Sentiment Profile,42
6237,0,1.1041175866921549e-06,0,0.8807628123443481,model::distilbert_sentiment_profile,DistilBERT + Sentiment Profile,42
19531,1,1.1004078714904608e-06,0,0.8807628123443481,model::distilbert_sentiment_profile,DistilBERT + Sentiment Profile,42
5192,0,1.3643211786984466e-06,0,0.8807628123443481,model::distilbert_sentiment_profile,DistilBERT + Sentiment Profile,42
16725,1,1.1405551276766346e-06,0,0.8807628123443481,model::distilbert_sentiment_profile,DistilBERT + Sentiment Profile,42
7744,1,7.743379910607473e-07,0,0.8807628123443481,model::distilbert_sentiment_profile,DistilBERT + Sentiment Profile,42
9746,0,1.205479861710046e-06,0,0.8807628123443481,model::distilbert_sentiment_profile,DistilBERT + Sentiment Profile,42
2397,1,1.0494788966752822e-06,0,0.8807628123443481,model::distilbert_sentiment_profile,DistilBERT + Sentiment Profile,42
3746,0,1.6762155610194895e-06,0,0.8807628123443481,model::distilbert_sentiment_profile,DistilBERT + Sentiment Profile,42
5190,0,1.05424476259941e-06,0,0.8807628123443481,model::distilbert_sentiment_profile,DistilBERT + Sentiment Profile,42
19360,0,6.666344233963173e-06,0,0.8807628123443481,model::distilbert_sentiment_profile,DistilBERT + Sentiment Profile,42
5879,1,1.936369926625048e-06,0,0.8807628123443481,model::distilbert_sentiment_profile,DistilBERT + Sentiment Profile,42
11527,1,1.1558466894712185e-06,0,0.8807628123443481,model::distilbert_sentiment_profile,DistilBERT + Sentiment Profile,42
2187,0,1.2696415296886698e-06,0,0.8807628123443481,model::distilbert_sentiment_profile,DistilBERT + Sentiment Profile,42
12869,0,4.962601451552473e-06,0,0.8807628123443481,model::distilbert_sentiment_profile,DistilBERT + Sentiment Profile,42
5091,1,1.8624444919623784e-06,0,0.8807628123443481,model::distilbert_sentiment_profile,DistilBERT + Sentiment Profile,42
14152,1,1.126793335970433e-06,0,0.8807628123443481,model::distilbert_sentiment_profile,DistilBERT + Sentiment Profile,42
20776,0,2.20921515392547e-06,0,0.8807628123443481,model::distilbert_sentiment_profile,DistilBERT + Sentiment Profile,42
20518,1,1.4977418913986185e-06,0,0.8807628123443481,model::distilbert_sentiment_profile,DistilBERT + Sentiment Profile,42
8641,1,1.1763585234803031e-06,0,0.8807628123443481,model::distilbert_sentiment_profile,DistilBERT + Sentiment Profile,42
11128,1,1.1395113688195124e-06,0,0.8807628123443481,model::distilbert_sentiment_profile,DistilBERT + Sentiment Profile,42
12306,0,1.1600794778132697e-06,0,0.8807628123443481,model::distilbert_sentiment_profile,DistilBERT + Sentiment Profile,42
8675,1,1.0800115433085011e-06,0,0.8807628123443481,model::distilbert_sentiment_profile,DistilBERT + Sentiment Profile,42
16643,1,1.2711511772067752e-06,0,0.8807628123443481,model::distilbert_sentiment_profile,DistilBERT + Sentiment Profile,42
16124,0,1.1264440900049522e-06,0,0.8807628123443481,model::distilbert_sentiment_profile,DistilBERT + Sentiment Profile,42
5838,0,1.0329106316930847e-06,0,0.8807628123443481,model::distilbert_sentiment_profile,DistilBERT + Sentiment Profile,42
8821,1,1.2426766033968306e-06,0,0.8807628123443481,model::distilbert_sentiment_profile,DistilBERT + Sentiment Profile,42
13942,1,1.336295440523827e-06,0,0.8807628123443481,model::distilbert_sentiment_profile,DistilBERT + Sentiment Profile,42
7149,1,1.324043864769919e-06,0,0.8807628123443481,model::distilbert_sentiment_profile,DistilBERT + Sentiment Profile,42
6690,1,1.2590669484779935e-06,0,0.8807628123443481,model::distilbert_sentiment_profile,DistilBERT + Sentiment Profile,42
18207,0,2.132890813300037e-06,0,0.8807628123443481,model::distilbert_sentiment_profile,DistilBERT + Sentiment Profile,42
20961,0,2.948997689600219e-06,0,0.8807628123443481,model::distilbert_sentiment_profile,DistilBERT + Sentiment Profile,42
7895,1,8.766660357650835e-07,0,0.8807628123443481,model::distilbert_sentiment_profile,DistilBERT + Sentiment Profile,42
18853,1,1.6800292996776989e-06,0,0.8807628123443481,model::distilbert_sentiment_profile,DistilBERT + Sentiment Profile,42
17705,0,3.0930323191569187e-06,0,0.8807628123443481,model::distilbert_sentiment_profile,DistilBERT + Sentiment Profile,42
19169,0,2.804833684422192e-06,0,0.8807628123443481,model::distilbert_sentiment_profile,DistilBERT + Sentiment Profile,42
17658,1,1.9571709799492965e-06,0,0.8807628123443481,model::distilbert_sentiment_profile,DistilBERT + Sentiment Profile,42
13277,0,7.584976629004814e-06,0,0.8807628123443481,model::distilbert_sentiment_profile,DistilBERT + Sentiment Profile,42
20062,1,1.3850066125087324e-06,0,0.8807628123443481,model::distilbert_sentiment_profile,DistilBERT + Sentiment Profile,42
16652,1,1.6383092997784845e-06,0,0.8807628123443481,model::distilbert_sentiment_profile,DistilBERT + Sentiment Profile,42
11093,0,2.9232955967017915e-06,0,0.8807628123443481,model::distilbert_sentiment_profile,DistilBERT + Sentiment Profile,42
12262,0,2.906452891693334e-06,0,0.8807628123443481,model::distilbert_sentiment_profile,DistilBERT + Sentiment Profile,42
3119,1,1.5649684428353794e-06,0,0.8807628123443481,model::distilbert_sentiment_profile,DistilBERT + Sentiment Profile,42
17297,0,1.7267580005864147e-06,0,0.8807628123443481,model::distilbert_sentiment_profile,DistilBERT + Sentiment Profile,42
10638,1,1.4605682281398913e-06,0,0.8807628123443481,model::distilbert_sentiment_profile,DistilBERT + Sentiment Profile,42
2783,1,8.774548518886149e-07,0,0.8807628123443481,model::distilbert_sentiment_profile,DistilBERT + Sentiment Profile,42
14032,0,1.8300152078154497e-06,0,0.8807628123443481,model::distilbert_sentiment_profile,DistilBERT + Sentiment Profile,42
14851,0,1.4556788983099975e-06,0,0.8807628123443481,model::distilbert_sentiment_profile,DistilBERT + Sentiment Profile,42
12174,0,1.944938958331477e-06,0,0.8807628123443481,model::distilbert_sentiment_profile,DistilBERT + Sentiment Profile,42
2004,1,1.657928009990428e-06,0,0.8807628123443481,model::distilbert_sentiment_profile,DistilBERT + Sentiment Profile,42
18219,1,7.465280305041233e-07,0,0.8807628123443481,model::distilbert_sentiment_profile,DistilBERT + Sentiment Profile,42
8168,0,1.1301953009024146e-06,0,0.8807628123443481,model::distilbert_sentiment_profile,DistilBERT + Sentiment Profile,42
20316,0,3.4848421819333453e-06,0,0.8807628123443481,model::distilbert_sentiment_profile,DistilBERT + Sentiment Profile,42
4844,0,1.563678097227239e-06,0,0.8807628123443481,model::distilbert_sentiment_profile,DistilBERT + Sentiment Profile,42
11474,1,1.5293080650735646e-06,0,0.8807628123443481,model::distilbert_sentiment_profile,DistilBERT + Sentiment Profile,42
10047,0,1.2072274557795026e-06,0,0.8807628123443481,model::distilbert_sentiment_profile,DistilBERT + Sentiment Profile,42
5861,1,2.0809031866519945e-06,0,0.8807628123443481,model::distilbert_sentiment_profile,DistilBERT + Sentiment Profile,42
9226,1,1.4875213310006077e-06,0,0.8807628123443481,model::distilbert_sentiment_profile,DistilBERT + Sentiment Profile,42
20898,0,1.698737605693168e-06,0,0.8807628123443481,model::distilbert_sentiment_profile,DistilBERT + Sentiment Profile,42
569,0,4.588923275150592e-06,0,0.8807628123443481,model::distilbert_sentiment_profile,DistilBERT + Sentiment Profile,42
4565,0,1.878512989605952e-06,0,0.8807628123443481,model::distilbert_sentiment_profile,DistilBERT + Sentiment Profile,42
7145,1,1.2542037666207762e-06,0,0.8807628123443481,model::distilbert_sentiment_profile,DistilBERT + Sentiment Profile,42
11649,1,1.5599678135913564e-06,0,0.8807628123443481,model::distilbert_sentiment_profile,DistilBERT + Sentiment Profile,42
13929,1,1.362594389320293e-06,0,0.8807628123443481,model::distilbert_sentiment_profile,DistilBERT + Sentiment Profile,42
3753,1,1.0235519312118413e-06,0,0.8807628123443481,model::distilbert_sentiment_profile,DistilBERT + Sentiment Profile,42
15158,1,1.9781948594754795e-06,0,0.8807628123443481,model::distilbert_sentiment_profile,DistilBERT + Sentiment Profile,42
16218,1,1.3479839253704997e-06,0,0.8807628123443481,model::distilbert_sentiment_profile,DistilBERT + Sentiment Profile,42
20386,1,1.080647166418203e-06,0,0.8807628123443481,model::distilbert_sentiment_profile,DistilBERT + Sentiment Profile,42
17498,0,1.4916863619873766e-06,0,0.8807628123443481,model::distilbert_sentiment_profile,DistilBERT + Sentiment Profile,42
2167,0,7.989752702997066e-06,0,0.8807628123443481,model::distilbert_sentiment_profile,DistilBERT + Sentiment Profile,42
2243,0,8.327700697918772e-07,0,0.8807628123443481,model::distilbert_sentiment_profile,DistilBERT + Sentiment Profile,42
10786,0,1.4594180584026617e-06,0,0.8807628123443481,model::distilbert_sentiment_profile,DistilBERT + Sentiment Profile,42
3657,0,1.572433689034369e-06,0,0.8807628123443481,model::distilbert_sentiment_profile,DistilBERT + Sentiment Profile,42
3062,1,1.2219857126183342e-06,0,0.8807628123443481,model::distilbert_sentiment_profile,DistilBERT + Sentiment Profile,42
4628,0,2.3324416815739824e-06,0,0.8807628123443481,model::distilbert_sentiment_profile,DistilBERT + Sentiment Profile,42
9579,1,1.3943896419732482e-06,0,0.8807628123443481,model::distilbert_sentiment_profile,DistilBERT + Sentiment Profile,42
2333,1,1.5315265500248645e-06,0,0.8807628123443481,model::distilbert_sentiment_profile,DistilBERT + Sentiment Profile,42
20319,0,2.6433419861859875e-06,0,0.8807628123443481,model::distilbert_sentiment_profile,DistilBERT + Sentiment Profile,42
16926,1,1.3087106935927295e-06,0,0.8807628123443481,model::distilbert_sentiment_profile,DistilBERT + Sentiment Profile,42
6800,1,1.172821043837757e-06,0,0.8807628123443481,model::distilbert_sentiment_profile,DistilBERT + Sentiment Profile,42
5003,0,2.250606257803156e-06,0,0.8807628123443481,model::distilbert_sentiment_profile,DistilBERT + Sentiment Profile,42
12074,1,1.3889814454159932e-06,0,0.8807628123443481,model::distilbert_sentiment_profile,DistilBERT + Sentiment Profile,42
6804,0,3.1808572202862706e-06,0,0.8807628123443481,model::distilbert_sentiment_profile,DistilBERT + Sentiment Profile,42
10891,1,1.2219693417137023e-06,0,0.8807628123443481,model::distilbert_sentiment_profile,DistilBERT + Sentiment Profile,42
12606,1,1.025620463224186e-06,0,0.8807628123443481,model::distilbert_sentiment_profile,DistilBERT + Sentiment Profile,42
4490,0,2.1117482447152724e-06,0,0.8807628123443481,model::distilbert_sentiment_profile,DistilBERT + Sentiment Profile,42
9963,1,2.332141320948722e-06,0,0.8807628123443481,model::distilbert_sentiment_profile,DistilBERT + Sentiment Profile,42
3158,0,1.9025025039809409e-06,0,0.8807628123443481,model::distilbert_sentiment_profile,DistilBERT + Sentiment Profile,42
16831,1,1.2204681070215884e-06,0,0.8807628123443481,model::distilbert_sentiment_profile,DistilBERT + Sentiment Profile,42
2875,1,9.661636113378336e-07,0,0.8807628123443481,model::distilbert_sentiment_profile,DistilBERT + Sentiment Profile,42
7424,1,8.775836590757535e-07,0,0.8807628123443481,model::distilbert_sentiment_profile,DistilBERT + Sentiment Profile,42
3520,0,1.0334645139664644e-06,0,0.8807628123443481,model::distilbert_sentiment_profile,DistilBERT + Sentiment Profile,42
13077,0,1.6401852462877289e-06,0,0.8807628123443481,model::distilbert_sentiment_profile,DistilBERT + Sentiment Profile,42
10020,1,1.2858824902650667e-06,0,0.8807628123443481,model::distilbert_sentiment_profile,DistilBERT + Sentiment Profile,42
18236,1,1.5811191360626251e-06,0,0.8807628123443481,model::distilbert_sentiment_profile,DistilBERT + Sentiment Profile,42
12740,1,1.7724045164868585e-06,0,0.8807628123443481,model::distilbert_sentiment_profile,DistilBERT + Sentiment Profile,42
626,1,1.4043802138985484e-06,0,0.8807628123443481,model::distilbert_sentiment_profile,DistilBERT + Sentiment Profile,42
5714,1,1.8930533087768708e-06,0,0.8807628123443481,model::distilbert_sentiment_profile,DistilBERT + Sentiment Profile,42
13642,1,1.421223259967519e-06,0,0.8807628123443481,model::distilbert_sentiment_profile,DistilBERT + Sentiment Profile,42
18508,1,1.7325079397778609e-06,0,0.8807628123443481,model::distilbert_sentiment_profile,DistilBERT + Sentiment Profile,42
3639,1,1.5121945580176543e-06,0,0.8807628123443481,model::distilbert_sentiment_profile,DistilBERT + Sentiment Profile,42
15024,0,1.3701940133614698e-06,0,0.8807628123443481,model::distilbert_sentiment_profile,DistilBERT + Sentiment Profile,42
15804,1,1.204498516926833e-06,0,0.8807628123443481,model::distilbert_sentiment_profile,DistilBERT + Sentiment Profile,42
614,1,1.178950583380356e-06,0,0.8807628123443481,model::distilbert_sentiment_profile,DistilBERT + Sentiment Profile,42
21007,0,1.1930660548387095e-06,0,0.8807628123443481,model::distilbert_sentiment_profile,DistilBERT + Sentiment Profile,42
48,0,1.3523618918043212e-06,0,0.8807628123443481,model::distilbert_sentiment_profile,DistilBERT + Sentiment Profile,42
4659,0,1.6514675280632218e-06,0,0.8807628123443481,model::distilbert_sentiment_profile,DistilBERT + Sentiment Profile,42
2451,0,1.7720022924549994e-06,0,0.8807628123443481,model::distilbert_sentiment_profile,DistilBERT + Sentiment Profile,42
20014,1,1.4992566548244213e-06,0,0.8807628123443481,model::distilbert_sentiment_profile,DistilBERT + Sentiment Profile,42
16523,1,1.829919142437575e-06,0,0.8807628123443481,model::distilbert_sentiment_profile,DistilBERT + Sentiment Profile,42
7588,0,1.2979826351511292e-06,0,0.8807628123443481,model::distilbert_sentiment_profile,DistilBERT + Sentiment Profile,42
10690,0,1.4589672900910957e-06,0,0.8807628123443481,model::distilbert_sentiment_profile,DistilBERT + Sentiment Profile,42
11707,1,1.5285439758372377e-06,0,0.8807628123443481,model::distilbert_sentiment_profile,DistilBERT + Sentiment Profile,42
7072,0,1.290858563152142e-06,0,0.8807628123443481,model::distilbert_sentiment_profile,DistilBERT + Sentiment Profile,42
2583,1,1.244092345586978e-06,0,0.8807628123443481,model::distilbert_sentiment_profile,DistilBERT + Sentiment Profile,42
14906,1,2.5168740194203565e-06,0,0.8807628123443481,model::distilbert_sentiment_profile,DistilBERT + Sentiment Profile,42
7454,1,1.556269239699759e-06,0,0.8807628123443481,model::distilbert_sentiment_profile,DistilBERT + Sentiment Profile,42
8783,1,1.2772146646966576e-06,0,0.8807628123443481,model::distilbert_sentiment_profile,DistilBERT + Sentiment Profile,42
6422,0,1.6302545873259078e-06,0,0.8807628123443481,model::distilbert_sentiment_profile,DistilBERT + Sentiment Profile,42
7361,1,1.4268157428887207e-06,0,0.8807628123443481,model::distilbert_sentiment_profile,DistilBERT + Sentiment Profile,42
10470,0,2.14710962609388e-06,0,0.8807628123443481,model::distilbert_sentiment_profile,DistilBERT + Sentiment Profile,42
13196,1,1.6069251387307304e-06,0,0.8807628123443481,model::distilbert_sentiment_profile,DistilBERT + Sentiment Profile,42
8823,0,1.789524844753032e-06,0,0.8807628123443481,model::distilbert_sentiment_profile,DistilBERT + Sentiment Profile,42
13026,0,2.068659568976728e-06,0,0.8807628123443481,model::distilbert_sentiment_profile,DistilBERT + Sentiment Profile,42
6243,1,1.286432052438613e-06,0,0.8807628123443481,model::distilbert_sentiment_profile,DistilBERT + Sentiment Profile,42
11626,0,1.8434712956150177e-06,0,0.8807628123443481,model::distilbert_sentiment_profile,DistilBERT + Sentiment Profile,42
4722,0,1.8852288121706808e-06,0,0.8807628123443481,model::distilbert_sentiment_profile,DistilBERT + Sentiment Profile,42
9105,0,1.483873006691283e-06,0,0.8807628123443481,model::distilbert_sentiment_profile,DistilBERT + Sentiment Profile,42
7276,1,1.2761554444296053e-06,0,0.8807628123443481,model::distilbert_sentiment_profile,DistilBERT + Sentiment Profile,42
13624,0,1.1513426443343633e-06,0,0.8807628123443481,model::distilbert_sentiment_profile,DistilBERT + Sentiment Profile,42
1294,0,5.169549240235938e-06,0,0.8807628123443481,model::distilbert_sentiment_profile,DistilBERT + Sentiment Profile,42
2762,1,8.875914545569685e-07,0,0.8807628123443481,model::distilbert_sentiment_profile,DistilBERT + Sentiment Profile,42
11880,1,1.595877392901457e-06,0,0.8807628123443481,model::distilbert_sentiment_profile,DistilBERT + Sentiment Profile,42
9542,1,1.89405182027258e-06,0,0.8807628123443481,model::distilbert_sentiment_profile,DistilBERT + Sentiment Profile,42
354,1,1.377189505546994e-06,0,0.8807628123443481,model::distilbert_sentiment_profile,DistilBERT + Sentiment Profile,42
11301,0,7.018681571935304e-06,0,0.8807628123443481,model::distilbert_sentiment_profile,DistilBERT + Sentiment Profile,42
20095,0,1.9945223357353825e-06,0,0.8807628123443481,model::distilbert_sentiment_profile,DistilBERT + Sentiment Profile,42
17999,1,9.558276587995351e-07,0,0.8807628123443481,model::distilbert_sentiment_profile,DistilBERT + Sentiment Profile,42
2645,1,1.890592329800711e-06,0,0.8807628123443481,model::distilbert_sentiment_profile,DistilBERT + Sentiment Profile,42
2234,1,1.1766009038183256e-06,0,0.8807628123443481,model::distilbert_sentiment_profile,DistilBERT + Sentiment Profile,42
11688,1,1.5487494238186628e-06,0,0.8807628123443481,model::distilbert_sentiment_profile,DistilBERT + Sentiment Profile,42
10725,0,1.4628096778324109e-06,0,0.8807628123443481,model::distilbert_sentiment_profile,DistilBERT + Sentiment Profile,42
6916,0,1.6003840528355795e-06,0,0.8807628123443481,model::distilbert_sentiment_profile,DistilBERT + Sentiment Profile,42
9011,1,3.115935896857991e-06,0,0.8807628123443481,model::distilbert_sentiment_profile,DistilBERT + Sentiment Profile,42
18464,0,1.7089697621486266e-06,0,0.8807628123443481,model::distilbert_sentiment_profile,DistilBERT + Sentiment Profile,42
19953,0,1.1658690937110805e-06,0,0.8807628123443481,model::distilbert_sentiment_profile,DistilBERT + Sentiment Profile,42
8233,0,1.5188747966021765e-06,0,0.8807628123443481,model::distilbert_sentiment_profile,DistilBERT + Sentiment Profile,42
3981,0,8.811397492536344e-06,0,0.8807628123443481,model::distilbert_sentiment_profile,DistilBERT + Sentiment Profile,42
9752,1,1.7068881561499438e-06,0,0.8807628123443481,model::distilbert_sentiment_profile,DistilBERT + Sentiment Profile,42
4575,0,2.1887433376832632e-06,0,0.8807628123443481,model::distilbert_sentiment_profile,DistilBERT + Sentiment Profile,42
14558,0,2.261095914946054e-06,0,0.8807628123443481,model::distilbert_sentiment_profile,DistilBERT + Sentiment Profile,42
11928,0,1.652611331337539e-06,0,0.8807628123443481,model::distilbert_sentiment_profile,DistilBERT + Sentiment Profile,42
4444,0,1.546311295896885e-06,0,0.8807628123443481,model::distilbert_sentiment_profile,DistilBERT + Sentiment Profile,42
18467,1,1.4460183592746034e-06,0,0.8807628123443481,model::distilbert_sentiment_profile,DistilBERT + Sentiment Profile,42
7606,0,6.445501185226021e-06,0,0.8807628123443481,model::distilbert_sentiment_profile,DistilBERT + Sentiment Profile,42
18410,1,1.2522126553449198e-06,0,0.8807628123443481,model::distilbert_sentiment_profile,DistilBERT + Sentiment Profile,42
17983,1,1.030889393405232e-06,0,0.8807628123443481,model::distilbert_sentiment_profile,DistilBERT + Sentiment Profile,42
15930,1,1.5186909649855806e-06,0,0.8807628123443481,model::distilbert_sentiment_profile,DistilBERT + Sentiment Profile,42
7429,0,3.020627673322452e-06,0,0.8807628123443481,model::distilbert_sentiment_profile,DistilBERT + Sentiment Profile,42
7104,0,3.393704673726461e-06,0,0.8807628123443481,model::distilbert_sentiment_profile,DistilBERT + Sentiment Profile,42
18949,1,1.1998644140476245e-06,0,0.8807628123443481,model::distilbert_sentiment_profile,DistilBERT + Sentiment Profile,42
10732,1,1.3908079381508287e-06,0,0.8807628123443481,model::distilbert_sentiment_profile,DistilBERT + Sentiment Profile,42
10381,1,1.270753500648425e-06,0,0.8807628123443481,model::distilbert_sentiment_profile,DistilBERT + Sentiment Profile,42
17604,0,1.2863154097431106e-06,0,0.8807628123443481,model::distilbert_sentiment_profile,DistilBERT + Sentiment Profile,42
16909,1,1.170720111076662e-06,0,0.8807628123443481,model::distilbert_sentiment_profile,DistilBERT + Sentiment Profile,42
18975,1,1.4114050372882048e-06,0,0.8807628123443481,model::distilbert_sentiment_profile,DistilBERT + Sentiment Profile,42
7951,1,1.122208800552471e-06,0,0.8807628123443481,model::distilbert_sentiment_profile,DistilBERT + Sentiment Profile,42
10647,0,1.8573450688563755e-06,0,0.8807628123443481,model::distilbert_sentiment_profile,DistilBERT + Sentiment Profile,42
11217,0,1.005212880045292e-06,0,0.8807628123443481,model::distilbert_sentiment_profile,DistilBERT + Sentiment Profile,42
4794,0,1.9541757865226828e-06,0,0.8807628123443481,model::distilbert_sentiment_profile,DistilBERT + Sentiment Profile,42
17644,1,1.2668524504988454e-06,0,0.8807628123443481,model::distilbert_sentiment_profile,DistilBERT + Sentiment Profile,42
10081,1,1.1026234005839797e-06,0,0.8807628123443481,model::distilbert_sentiment_profile,DistilBERT + Sentiment Profile,42
16527,0,9.101942168854292e-07,0,0.8807628123443481,model::distilbert_sentiment_profile,DistilBERT + Sentiment Profile,42
18750,1,1.2322560678512673e-06,0,0.8807628123443481,model::distilbert_sentiment_profile,DistilBERT + Sentiment Profile,42
15382,1,2.2588847059523687e-06,0,0.8807628123443481,model::distilbert_sentiment_profile,DistilBERT + Sentiment Profile,42
4640,1,1.40056692998769e-06,0,0.8807628123443481,model::distilbert_sentiment_profile,DistilBERT + Sentiment Profile,42
4407,0,1.882250330709212e-06,0,0.8807628123443481,model::distilbert_sentiment_profile,DistilBERT + Sentiment Profile,42
19782,0,1.848380975388864e-06,0,0.8807628123443481,model::distilbert_sentiment_profile,DistilBERT + Sentiment Profile,42
14288,1,1.340739004263014e-06,0,0.8807628123443481,model::distilbert_sentiment_profile,DistilBERT + Sentiment Profile,42
1967,0,1.9034246179217007e-06,0,0.8807628123443481,model::distilbert_sentiment_profile,DistilBERT + Sentiment Profile,42
9658,0,2.0742857032018942e-06,0,0.8807628123443481,model::distilbert_sentiment_profile,DistilBERT + Sentiment Profile,42
4808,0,1.1840706974908244e-06,0,0.8807628123443481,model::distilbert_sentiment_profile,DistilBERT + Sentiment Profile,42
5494,0,2.5371657557116123e-06,0,0.8807628123443481,model::distilbert_sentiment_profile,DistilBERT + Sentiment Profile,42
20622,0,1.8341647773922889e-06,0,0.8807628123443481,model::distilbert_sentiment_profile,DistilBERT + Sentiment Profile,42
7209,0,1.2557285344882985e-06,0,0.8807628123443481,model::distilbert_sentiment_profile,DistilBERT + Sentiment Profile,42
10074,1,1.1198812899237964e-06,0,0.8807628123443481,model::distilbert_sentiment_profile,DistilBERT + Sentiment Profile,42
8835,0,1.5339954870796646e-06,0,0.8807628123443481,model::distilbert_sentiment_profile,DistilBERT + Sentiment Profile,42
8186,0,1.037876472764765e-06,0,0.8807628123443481,model::distilbert_sentiment_profile,DistilBERT + Sentiment Profile,42
6294,1,1.5556237258351755e-06,0,0.8807628123443481,model::distilbert_sentiment_profile,DistilBERT + Sentiment Profile,42
5954,1,1.79791379650851e-06,0,0.8807628123443481,model::distilbert_sentiment_profile,DistilBERT + Sentiment Profile,42
20302,0,3.337482439746964e-06,0,0.8807628123443481,model::distilbert_sentiment_profile,DistilBERT + Sentiment Profile,42
10236,1,1.435953549844271e-06,0,0.8807628123443481,model::distilbert_sentiment_profile,DistilBERT + Sentiment Profile,42
11945,0,8.329789125127718e-07,0,0.8807628123443481,model::distilbert_sentiment_profile,DistilBERT + Sentiment Profile,42
12336,0,1.0925267588390852e-06,0,0.8807628123443481,model::distilbert_sentiment_profile,DistilBERT + Sentiment Profile,42
9515,1,1.1797604884122848e-06,0,0.8807628123443481,model::distilbert_sentiment_profile,DistilBERT + Sentiment Profile,42
8018,0,1.3625657402371871e-06,0,0.8807628123443481,model::distilbert_sentiment_profile,DistilBERT + Sentiment Profile,42
12779,0,1.4772465419810032e-06,0,0.8807628123443481,model::distilbert_sentiment_profile,DistilBERT + Sentiment Profile,42
17947,0,2.045358314717305e-06,0,0.8807628123443481,model::distilbert_sentiment_profile,DistilBERT + Sentiment Profile,42
18792,1,1.0372323231422342e-06,0,0.8807628123443481,model::distilbert_sentiment_profile,DistilBERT + Sentiment Profile,42
18321,1,1.8022535641648567e-06,0,0.8807628123443481,model::distilbert_sentiment_profile,DistilBERT + Sentiment Profile,42
10611,1,1.3301112176122842e-06,0,0.8807628123443481,model::distilbert_sentiment_profile,DistilBERT + Sentiment Profile,42
16529,0,1.4674458270746982e-06,0,0.8807628123443481,model::distilbert_sentiment_profile,DistilBERT + Sentiment Profile,42
20670,0,3.8598955143243074e-06,0,0.8807628123443481,model::distilbert_sentiment_profile,DistilBERT + Sentiment Profile,42
2198,1,1.4462970057138591e-06,0,0.8807628123443481,model::distilbert_sentiment_profile,DistilBERT + Sentiment Profile,42
14419,1,1.9497972516546724e-06,0,0.8807628123443481,model::distilbert_sentiment_profile,DistilBERT + Sentiment Profile,42
17089,0,9.95462073660747e-07,0,0.8807628123443481,model::distilbert_sentiment_profile,DistilBERT + Sentiment Profile,42
5803,1,1.2589732705237111e-06,0,0.8807628123443481,model::distilbert_sentiment_profile,DistilBERT + Sentiment Profile,42
11159,1,1.30737839754147e-06,0,0.8807628123443481,model::distilbert_sentiment_profile,DistilBERT + Sentiment Profile,42
4982,1,1.6408423562097596e-06,0,0.8807628123443481,model::distilbert_sentiment_profile,DistilBERT + Sentiment Profile,42
18079,0,1.6108590443764117e-06,0,0.8807628123443481,model::distilbert_sentiment_profile,DistilBERT + Sentiment Profile,42
3152,1,1.4712543361383723e-06,0,0.8807628123443481,model::distilbert_sentiment_profile,DistilBERT + Sentiment Profile,42
2813,0,1.3695735106011853e-06,0,0.8807628123443481,model::distilbert_sentiment_profile,DistilBERT + Sentiment Profile,42
2818,1,1.4158985095491516e-06,0,0.8807628123443481,model::distilbert_sentiment_profile,DistilBERT + Sentiment Profile,42
9507,1,8.10198514500371e-07,0,0.8807628123443481,model::distilbert_sentiment_profile,DistilBERT + Sentiment Profile,42
5872,1,1.461458623452927e-06,0,0.8807628123443481,model::distilbert_sentiment_profile,DistilBERT + Sentiment Profile,42
4366,1,1.4300006796474918e-06,0,0.8807628123443481,model::distilbert_sentiment_profile,DistilBERT + Sentiment Profile,42
2432,1,1.5876404404480129e-06,0,0.8807628123443481,model::distilbert_sentiment_profile,DistilBERT + Sentiment Profile,42
6574,1,9.836047638600576e-07,0,0.8807628123443481,model::distilbert_sentiment_profile,DistilBERT + Sentiment Profile,42
13861,0,2.528214508856763e-06,0,0.8807628123443481,model::distilbert_sentiment_profile,DistilBERT + Sentiment Profile,42
18835,0,2.6243828870065045e-06,0,0.8807628123443481,model::distilbert_sentiment_profile,DistilBERT + Sentiment Profile,42
1627,1,1.2662002291108363e-06,0,0.8807628123443481,model::distilbert_sentiment_profile,DistilBERT + Sentiment Profile,42
5263,1,1.0290603995599668e-06,0,0.8807628123443481,model::distilbert_sentiment_profile,DistilBERT + Sentiment Profile,42
14743,1,1.783741822691809e-06,0,0.8807628123443481,model::distilbert_sentiment_profile,DistilBERT + Sentiment Profile,42
7814,0,1.993940259126248e-06,0,0.8807628123443481,model::distilbert_sentiment_profile,DistilBERT + Sentiment Profile,42
14849,1,1.3226353985373862e-06,0,0.8807628123443481,model::distilbert_sentiment_profile,DistilBERT + Sentiment Profile,42
8244,0,1.7218166021848449e-06,0,0.8807628123443481,model::distilbert_sentiment_profile,DistilBERT + Sentiment Profile,42
12521,1,1.432894805475371e-06,0,0.8807628123443481,model::distilbert_sentiment_profile,DistilBERT + Sentiment Profile,42
19236,1,1.759166593728878e-06,0,0.8807628123443481,model::distilbert_sentiment_profile,DistilBERT + Sentiment Profile,42
559,0,2.0261866211512825e-06,0,0.8807628123443481,model::distilbert_sentiment_profile,DistilBERT + Sentiment Profile,42
9711,1,1.3525811937142862e-06,0,0.8807628123443481,model::distilbert_sentiment_profile,DistilBERT + Sentiment Profile,42
14318,0,1.224531274601759e-06,0,0.8807628123443481,model::distilbert_sentiment_profile,DistilBERT + Sentiment Profile,42
9456,1,3.046711299248273e-06,0,0.8807628123443481,model::distilbert_sentiment_profile,DistilBERT + Sentiment Profile,42
221,0,1.8815538851413287e-06,0,0.8807628123443481,model::distilbert_sentiment_profile,DistilBERT + Sentiment Profile,42
5404,0,3.3464509670011462e-06,0,0.8807628123443481,model::distilbert_sentiment_profile,DistilBERT + Sentiment Profile,42
12978,0,1.6837055909491028e-06,0,0.8807628123443481,model::distilbert_sentiment_profile,DistilBERT + Sentiment Profile,42
13785,0,1.421100114384899e-05,0,0.8807628123443481,model::distilbert_sentiment_profile,DistilBERT + Sentiment Profile,42
7045,0,5.375448836275609e-06,0,0.8807628123443481,model::distilbert_sentiment_profile,DistilBERT + Sentiment Profile,42
11761,1,1.3750635616815998e-06,0,0.8807628123443481,model::distilbert_sentiment_profile,DistilBERT + Sentiment Profile,42
10347,0,1.0956193818856264e-06,0,0.8807628123443481,model::distilbert_sentiment_profile,DistilBERT + Sentiment Profile,42
16541,1,1.263845319954271e-06,0,0.8807628123443481,model::distilbert_sentiment_profile,DistilBERT + Sentiment Profile,42
12217,1,1.173934379039565e-06,0,0.8807628123443481,model::distilbert_sentiment_profile,DistilBERT + Sentiment Profile,42
3789,0,1.8441535303281853e-06,0,0.8807628123443481,model::distilbert_sentiment_profile,DistilBERT + Sentiment Profile,42
8363,1,1.2580011343743536e-06,0,0.8807628123443481,model::distilbert_sentiment_profile,DistilBERT + Sentiment Profile,42
17717,0,2.318936594747356e-06,0,0.8807628123443481,model::distilbert_sentiment_profile,DistilBERT + Sentiment Profile,42
14020,0,1.77018148406205e-06,0,0.8807628123443481,model::distilbert_sentiment_profile,DistilBERT + Sentiment Profile,42
7490,1,1.7774452771845972e-06,0,0.8807628123443481,model::distilbert_sentiment_profile,DistilBERT + Sentiment Profile,42
13316,1,1.482705897615233e-06,0,0.8807628123443481,model::distilbert_sentiment_profile,DistilBERT + Sentiment Profile,42
227,0,1.720132672744512e-06,0,0.8807628123443481,model::distilbert_sentiment_profile,DistilBERT + Sentiment Profile,42
17201,1,1.1669681043713354e-06,0,0.8807628123443481,model::distilbert_sentiment_profile,DistilBERT + Sentiment Profile,42
6356,0,1.9915855773433577e-06,0,0.8807628123443481,model::distilbert_sentiment_profile,DistilBERT + Sentiment Profile,42
1016,0,1.447770841878082e-06,0,0.8807628123443481,model::distilbert_sentiment_profile,DistilBERT + Sentiment Profile,42
10615,0,1.8543910300650168e-06,0,0.8807628123443481,model::distilbert_sentiment_profile,DistilBERT + Sentiment Profile,42
6432,1,1.4385221902557532e-06,0,0.8807628123443481,model::distilbert_sentiment_profile,DistilBERT + Sentiment Profile,42
556,1,1.3090426591588766e-06,0,0.8807628123443481,model::distilbert_sentiment_profile,DistilBERT + Sentiment Profile,42
16230,0,9.030989644998044e-07,0,0.8807628123443481,model::distilbert_sentiment_profile,DistilBERT + Sentiment Profile,42
6959,0,2.610230239952216e-06,0,0.8807628123443481,model::distilbert_sentiment_profile,DistilBERT + Sentiment Profile,42
12216,1,1.2359067795841838e-06,0,0.8807628123443481,model::distilbert_sentiment_profile,DistilBERT + Sentiment Profile,42
12314,1,1.2839316241297638e-06,0,0.8807628123443481,model::distilbert_sentiment_profile,DistilBERT + Sentiment Profile,42
4822,0,1.3627879980049329e-06,0,0.8807628123443481,model::distilbert_sentiment_profile,DistilBERT + Sentiment Profile,42
3986,1,1.7035591781677797e-06,0,0.8807628123443481,model::distilbert_sentiment_profile,DistilBERT + Sentiment Profile,42
10498,1,1.495737706136424e-06,0,0.8807628123443481,model::distilbert_sentiment_profile,DistilBERT + Sentiment Profile,42
11207,1,1.1537024420249509e-06,0,0.8807628123443481,model::distilbert_sentiment_profile,DistilBERT + Sentiment Profile,42
8885,1,1.3845271951140603e-06,0,0.8807628123443481,model::distilbert_sentiment_profile,DistilBERT + Sentiment Profile,42
11347,1,1.1979675491602393e-06,0,0.8807628123443481,model::distilbert_sentiment_profile,DistilBERT + Sentiment Profile,42
16177,0,1.46285162827553e-06,0,0.8807628123443481,model::distilbert_sentiment_profile,DistilBERT + Sentiment Profile,42
6396,0,1.18405944249389e-06,0,0.8807628123443481,model::distilbert_sentiment_profile,DistilBERT + Sentiment Profile,42
14011,1,1.3372184639592888e-06,0,0.8807628123443481,model::distilbert_sentiment_profile,DistilBERT + Sentiment Profile,42
8713,0,1.0222944410998025e-06,0,0.8807628123443481,model::distilbert_sentiment_profile,DistilBERT + Sentiment Profile,42
6917,0,2.073280938930111e-06,0,0.8807628123443481,model::distilbert_sentiment_profile,DistilBERT + Sentiment Profile,42
20398,0,2.5773854304134147e-06,0,0.8807628123443481,model::distilbert_sentiment_profile,DistilBERT + Sentiment Profile,42
19976,0,1.3259772231322131e-06,0,0.8807628123443481,model::distilbert_sentiment_profile,DistilBERT + Sentiment Profile,42
19008,1,1.3370041642701835e-06,0,0.8807628123443481,model::distilbert_sentiment_profile,DistilBERT + Sentiment Profile,42
16593,1,1.5769179526614607e-06,0,0.8807628123443481,model::distilbert_sentiment_profile,DistilBERT + Sentiment Profile,42
11248,0,1.9406552382861264e-06,0,0.8807628123443481,model::distilbert_sentiment_profile,DistilBERT + Sentiment Profile,42
20722,1,1.9630144834081875e-06,0,0.8807628123443481,model::distilbert_sentiment_profile,DistilBERT + Sentiment Profile,42
1924,1,1.377909484290285e-06,0,0.8807628123443481,model::distilbert_sentiment_profile,DistilBERT + Sentiment Profile,42
9501,0,2.0969916931790067e-06,0,0.8807628123443481,model::distilbert_sentiment_profile,DistilBERT + Sentiment Profile,42
14798,1,1.620769012333767e-06,0,0.8807628123443481,model::distilbert_sentiment_profile,DistilBERT + Sentiment Profile,42
16378,0,8.528886041858641e-07,0,0.8807628123443481,model::distilbert_sentiment_profile,DistilBERT + Sentiment Profile,42
9953,0,1.1265698276474725e-06,0,0.8807628123443481,model::distilbert_sentiment_profile,DistilBERT + Sentiment Profile,42
2778,0,1.270848201784247e-06,0,0.8807628123443481,model::distilbert_sentiment_profile,DistilBERT + Sentiment Profile,42
7289,1,1.225082542077871e-06,0,0.8807628123443481,model::distilbert_sentiment_profile,DistilBERT + Sentiment Profile,42
4511,1,2.081206957882386e-06,0,0.8807628123443481,model::distilbert_sentiment_profile,DistilBERT + Sentiment Profile,42
14006,0,1.4092059927861555e-06,0,0.8807628123443481,model::distilbert_sentiment_profile,DistilBERT + Sentiment Profile,42
10111,0,2.3700961264694342e-06,0,0.8807628123443481,model::distilbert_sentiment_profile,DistilBERT + Sentiment Profile,42
2281,0,3.131826360913692e-06,0,0.8807628123443481,model::distilbert_sentiment_profile,DistilBERT + Sentiment Profile,42
12607,1,1.3918787544753286e-06,0,0.8807628123443481,model::distilbert_sentiment_profile,DistilBERT + Sentiment Profile,42
18157,0,9.29366649415897e-07,0,0.8807628123443481,model::distilbert_sentiment_profile,DistilBERT + Sentiment Profile,42
17548,1,1.3434422498903589e-06,0,0.8807628123443481,model::distilbert_sentiment_profile,DistilBERT + Sentiment Profile,42
15779,1,1.390414126944961e-06,0,0.8807628123443481,model::distilbert_sentiment_profile,DistilBERT + Sentiment Profile,42
20594,0,1.2615886362254969e-06,0,0.8807628123443481,model::distilbert_sentiment_profile,DistilBERT + Sentiment Profile,42
15437,0,8.140461432049051e-06,0,0.8807628123443481,model::distilbert_sentiment_profile,DistilBERT + Sentiment Profile,42
11322,1,1.170260247818078e-06,0,0.8807628123443481,model::distilbert_sentiment_profile,DistilBERT + Sentiment Profile,42
18605,1,8.741056376493361e-07,0,0.8807628123443481,model::distilbert_sentiment_profile,DistilBERT + Sentiment Profile,42
21053,1,1.07597634269041e-06,0,0.8807628123443481,model::distilbert_sentiment_profile,DistilBERT + Sentiment Profile,42
5662,1,1.4502098792945617e-06,0,0.8807628123443481,model::distilbert_sentiment_profile,DistilBERT + Sentiment Profile,42
11892,0,5.960923317616107e-06,0,0.8807628123443481,model::distilbert_sentiment_profile,DistilBERT + Sentiment Profile,42
5775,1,2.1000778360757977e-06,0,0.8807628123443481,model::distilbert_sentiment_profile,DistilBERT + Sentiment Profile,42
14139,1,1.888078941192361e-06,0,0.8807628123443481,model::distilbert_sentiment_profile,DistilBERT + Sentiment Profile,42
19692,1,9.141105010712636e-07,0,0.8807628123443481,model::distilbert_sentiment_profile,DistilBERT + Sentiment Profile,42
4473,0,2.4651562853250653e-06,0,0.8807628123443481,model::distilbert_sentiment_profile,DistilBERT + Sentiment Profile,42
20647,1,1.099031919693516e-06,0,0.8807628123443481,model::distilbert_sentiment_profile,DistilBERT + Sentiment Profile,42
19921,1,1.156670464297349e-06,0,0.8807628123443481,model::distilbert_sentiment_profile,DistilBERT + Sentiment Profile,42
16487,0,1.030443058880337e-06,0,0.8807628123443481,model::distilbert_sentiment_profile,DistilBERT + Sentiment Profile,42
670,1,1.4785968005526229e-06,0,0.8807628123443481,model::distilbert_sentiment_profile,DistilBERT + Sentiment Profile,42
16860,0,2.7622156721918145e-06,0,0.8807628123443481,model::distilbert_sentiment_profile,DistilBERT + Sentiment Profile,42
6128,1,1.4195192079569097e-06,0,0.8807628123443481,model::distilbert_sentiment_profile,DistilBERT + Sentiment Profile,42
12790,0,1.8766831999528224e-06,0,0.8807628123443481,model::distilbert_sentiment_profile,DistilBERT + Sentiment Profile,42
4849,0,2.067275090666953e-06,0,0.8807628123443481,model::distilbert_sentiment_profile,DistilBERT + Sentiment Profile,42
18421,0,2.1826192551088752e-06,0,0.8807628123443481,model::distilbert_sentiment_profile,DistilBERT + Sentiment Profile,42
1477,0,3.83391397917876e-06,0,0.8807628123443481,model::distilbert_sentiment_profile,DistilBERT + Sentiment Profile,42
1422,0,3.5510840916686e-06,0,0.8807628123443481,model::distilbert_sentiment_profile,DistilBERT + Sentiment Profile,42
11260,0,2.131426754203858e-06,0,0.8807628123443481,model::distilbert_sentiment_profile,DistilBERT + Sentiment Profile,42
17332,0,2.38591451307002e-06,0,0.8807628123443481,model::distilbert_sentiment_profile,DistilBERT + Sentiment Profile,42
3713,0,2.319542772966088e-06,0,0.8807628123443481,model::distilbert_sentiment_profile,DistilBERT + Sentiment Profile,42
4360,0,1.4257520888349973e-06,0,0.8807628123443481,model::distilbert_sentiment_profile,DistilBERT + Sentiment Profile,42
14527,0,1.4748478633919149e-06,0,0.8807628123443481,model::distilbert_sentiment_profile,DistilBERT + Sentiment Profile,42
8526,1,1.2219601330798469e-06,0,0.8807628123443481,model::distilbert_sentiment_profile,DistilBERT + Sentiment Profile,42
3101,0,1.6118240182549926e-06,0,0.8807628123443481,model::distilbert_sentiment_profile,DistilBERT + Sentiment Profile,42
8673,1,1.2028386890960974e-06,0,0.8807628123443481,model::distilbert_sentiment_profile,DistilBERT + Sentiment Profile,42
20321,0,2.237948365291232e-06,0,0.8807628123443481,model::distilbert_sentiment_profile,DistilBERT + Sentiment Profile,42
2411,0,1.998408151848708e-06,0,0.8807628123443481,model::distilbert_sentiment_profile,DistilBERT + Sentiment Profile,42
15912,1,1.0710122069212955e-06,0,0.8807628123443481,model::distilbert_sentiment_profile,DistilBERT + Sentiment Profile,42
16662,1,1.5430557596118888e-06,0,0.8807628123443481,model::distilbert_sentiment_profile,DistilBERT + Sentiment Profile,42
12940,0,4.143645583098987e-06,0,0.8807628123443481,model::distilbert_sentiment_profile,DistilBERT + Sentiment Profile,42
8926,1,1.4562912156179664e-06,0,0.8807628123443481,model::distilbert_sentiment_profile,DistilBERT + Sentiment Profile,42
20423,0,2.080401145576616e-06,0,0.8807628123443481,model::distilbert_sentiment_profile,DistilBERT + Sentiment Profile,42
6242,1,2.1966645817883546e-06,0,0.8807628123443481,model::distilbert_sentiment_profile,DistilBERT + Sentiment Profile,42
5924,0,1.7202786466441466e-06,0,0.8807628123443481,model::distilbert_sentiment_profile,DistilBERT + Sentiment Profile,42
14214,0,1.772445102687925e-06,0,0.8807628123443481,model::distilbert_sentiment_profile,DistilBERT + Sentiment Profile,42
15557,1,1.3604933428723598e-06,0,0.8807628123443481,model::distilbert_sentiment_profile,DistilBERT + Sentiment Profile,42
2667,0,2.66414235738921e-06,0,0.8807628123443481,model::distilbert_sentiment_profile,DistilBERT + Sentiment Profile,42
14287,0,1.2709170960079064e-06,0,0.8807628123443481,model::distilbert_sentiment_profile,DistilBERT + Sentiment Profile,42
7373,0,1.380289972985338e-06,0,0.8807628123443481,model::distilbert_sentiment_profile,DistilBERT + Sentiment Profile,42
8547,1,1.3411034842647496e-06,0,0.8807628123443481,model::distilbert_sentiment_profile,DistilBERT + Sentiment Profile,42
3638,1,2.0111453977733618e-06,0,0.8807628123443481,model::distilbert_sentiment_profile,DistilBERT + Sentiment Profile,42
6776,0,2.199276423198171e-06,0,0.8807628123443481,model::distilbert_sentiment_profile,DistilBERT + Sentiment Profile,42
17287,1,1.410979848515126e-06,0,0.8807628123443481,model::distilbert_sentiment_profile,DistilBERT + Sentiment Profile,42
2915,0,1.5455564152944137e-06,0,0.8807628123443481,model::distilbert_sentiment_profile,DistilBERT + Sentiment Profile,42
18262,1,1.551425043544441e-06,0,0.8807628123443481,model::distilbert_sentiment_profile,DistilBERT + Sentiment Profile,42
16617,1,1.1821300631709164e-06,0,0.8807628123443481,model::distilbert_sentiment_profile,DistilBERT + Sentiment Profile,42
11524,1,1.397570258632186e-06,0,0.8807628123443481,model::distilbert_sentiment_profile,DistilBERT + Sentiment Profile,42
11482,1,8.078344535533688e-07,0,0.8807628123443481,model::distilbert_sentiment_profile,DistilBERT + Sentiment Profile,42
7515,1,2.5321257908217376e-06,0,0.8807628123443481,model::distilbert_sentiment_profile,DistilBERT + Sentiment Profile,42
16592,1,1.287590635001834e-06,0,0.8807628123443481,model::distilbert_sentiment_profile,DistilBERT + Sentiment Profile,42
1011,1,1.0481026038178245e-06,0,0.8807628123443481,model::distilbert_sentiment_profile,DistilBERT + Sentiment Profile,42
18744,0,1.5605510270688685e-06,0,0.8807628123443481,model::distilbert_sentiment_profile,DistilBERT + Sentiment Profile,42
9419,0,2.222519697170356e-06,0,0.8807628123443481,model::distilbert_sentiment_profile,DistilBERT + Sentiment Profile,42
19969,0,3.485277602521819e-06,0,0.8807628123443481,model::distilbert_sentiment_profile,DistilBERT + Sentiment Profile,42
11031,1,1.3324624887900427e-06,0,0.8807628123443481,model::distilbert_sentiment_profile,DistilBERT + Sentiment Profile,42
1336,1,1.4668385119875893e-06,0,0.8807628123443481,model::distilbert_sentiment_profile,DistilBERT + Sentiment Profile,42
2976,1,1.470098709432932e-06,0,0.8807628123443481,model::distilbert_sentiment_profile,DistilBERT + Sentiment Profile,42
9188,1,1.4944786244086572e-06,0,0.8807628123443481,model::distilbert_sentiment_profile,DistilBERT + Sentiment Profile,42
4049,1,1.2032401173200924e-06,0,0.8807628123443481,model::distilbert_sentiment_profile,DistilBERT + Sentiment Profile,42
19567,0,1.7046903622031095e-06,0,0.8807628123443481,model::distilbert_sentiment_profile,DistilBERT + Sentiment Profile,42
14807,1,1.5002922282292277e-06,0,0.8807628123443481,model::distilbert_sentiment_profile,DistilBERT + Sentiment Profile,42
1257,1,1.2464389556043898e-06,0,0.8807628123443481,model::distilbert_sentiment_profile,DistilBERT + Sentiment Profile,42
20326,0,2.4801752260827925e-06,0,0.8807628123443481,model::distilbert_sentiment_profile,DistilBERT + Sentiment Profile,42
11605,0,1.0365282605562245e-06,0,0.8807628123443481,model::distilbert_sentiment_profile,DistilBERT + Sentiment Profile,42
3365,0,1.062652131622599e-06,0,0.8807628123443481,model::distilbert_sentiment_profile,DistilBERT + Sentiment Profile,42
11378,0,1.883350932985195e-06,0,0.8807628123443481,model::distilbert_sentiment_profile,DistilBERT + Sentiment Profile,42
11665,1,1.3874509932065848e-06,0,0.8807628123443481,model::distilbert_sentiment_profile,DistilBERT + Sentiment Profile,42
5858,0,1.025105120788794e-06,0,0.8807628123443481,model::distilbert_sentiment_profile,DistilBERT + Sentiment Profile,42
10405,1,1.5752764284115983e-06,0,0.8807628123443481,model::distilbert_sentiment_profile,DistilBERT + Sentiment Profile,42
8205,1,1.451961679777014e-06,0,0.8807628123443481,model::distilbert_sentiment_profile,DistilBERT + Sentiment Profile,42
14304,1,1.1901138350367546e-06,0,0.8807628123443481,model::distilbert_sentiment_profile,DistilBERT + Sentiment Profile,42
1405,1,1.5931766483845422e-06,0,0.8807628123443481,model::distilbert_sentiment_profile,DistilBERT + Sentiment Profile,42
4561,0,1.8232979073218305e-06,0,0.8807628123443481,model::distilbert_sentiment_profile,DistilBERT + Sentiment Profile,42
15932,0,8.636517918603204e-07,0,0.8807628123443481,model::distilbert_sentiment_profile,DistilBERT + Sentiment Profile,42
18624,1,1.110792481995304e-06,0,0.8807628123443481,model::distilbert_sentiment_profile,DistilBERT + Sentiment Profile,42
265,1,1.760252530402795e-06,0,0.8807628123443481,model::distilbert_sentiment_profile,DistilBERT + Sentiment Profile,42
19066,0,2.050752982540871e-06,0,0.8807628123443481,model::distilbert_sentiment_profile,DistilBERT + Sentiment Profile,42
11126,0,8.317167612403864e-07,0,0.8807628123443481,model::distilbert_sentiment_profile,DistilBERT + Sentiment Profile,42
11701,1,1.3378205494518625e-06,0,0.8807628123443481,model::distilbert_sentiment_profile,DistilBERT + Sentiment Profile,42
5097,1,1.5017036503195411e-06,0,0.8807628123443481,model::distilbert_sentiment_profile,DistilBERT + Sentiment Profile,42
19427,1,8.644346394248714e-07,0,0.8807628123443481,model::distilbert_sentiment_profile,DistilBERT + Sentiment Profile,42
7818,1,1.1927521654797602e-06,0,0.8807628123443481,model::distilbert_sentiment_profile,DistilBERT + Sentiment Profile,42
1595,1,1.367017148368177e-06,0,0.8807628123443481,model::distilbert_sentiment_profile,DistilBERT + Sentiment Profile,42
15046,0,3.65545224667585e-06,0,0.8807628123443481,model::distilbert_sentiment_profile,DistilBERT + Sentiment Profile,42
18178,1,1.4648255728388904e-06,0,0.8807628123443481,model::distilbert_sentiment_profile,DistilBERT + Sentiment Profile,42
8753,0,1.8311657186131924e-06,0,0.8807628123443481,model::distilbert_sentiment_profile,DistilBERT + Sentiment Profile,42
12835,1,1.129501356444962e-06,0,0.8807628123443481,model::distilbert_sentiment_profile,DistilBERT + Sentiment Profile,42
15736,0,3.15829288410896e-06,0,0.8807628123443481,model::distilbert_sentiment_profile,DistilBERT + Sentiment Profile,42
18109,1,1.6969013358902885e-06,0,0.8807628123443481,model::distilbert_sentiment_profile,DistilBERT + Sentiment Profile,42
13159,0,1.7021009171003243e-06,0,0.8807628123443481,model::distilbert_sentiment_profile,DistilBERT + Sentiment Profile,42
7253,0,1.0247825912301778e-06,0,0.8807628123443481,model::distilbert_sentiment_profile,DistilBERT + Sentiment Profile,42
7729,0,8.472264198644552e-06,0,0.8807628123443481,model::distilbert_sentiment_profile,DistilBERT + Sentiment Profile,42
19005,0,3.308412942715222e-06,0,0.8807628123443481,model::distilbert_sentiment_profile,DistilBERT + Sentiment Profile,42
2460,0,5.281190169625916e-06,0,0.8807628123443481,model::distilbert_sentiment_profile,DistilBERT + Sentiment Profile,42
18090,0,1.562442321301205e-06,0,0.8807628123443481,model::distilbert_sentiment_profile,DistilBERT + Sentiment Profile,42
2077,0,1.322133584835683e-06,0,0.8807628123443481,model::distilbert_sentiment_profile,DistilBERT + Sentiment Profile,42
4663,1,1.316845896326413e-06,0,0.8807628123443481,model::distilbert_sentiment_profile,DistilBERT + Sentiment Profile,42
16139,0,4.1098551264440175e-06,0,0.8807628123443481,model::distilbert_sentiment_profile,DistilBERT + Sentiment Profile,42
10338,0,2.658099901964306e-06,0,0.8807628123443481,model::distilbert_sentiment_profile,DistilBERT + Sentiment Profile,42
14067,1,1.169851884696982e-06,0,0.8807628123443481,model::distilbert_sentiment_profile,DistilBERT + Sentiment Profile,42
1836,0,1.506270336903981e-06,0,0.8807628123443481,model::distilbert_sentiment_profile,DistilBERT + Sentiment Profile,42
2134,0,2.265501507281442e-06,0,0.8807628123443481,model::distilbert_sentiment_profile,DistilBERT + Sentiment Profile,42
17561,0,1.3638866676046746e-06,0,0.8807628123443481,model::distilbert_sentiment_profile,DistilBERT + Sentiment Profile,42
10345,0,1.6465828593936749e-06,0,0.8807628123443481,model::distilbert_sentiment_profile,DistilBERT + Sentiment Profile,42
3795,0,2.4160633529390907e-06,0,0.8807628123443481,model::distilbert_sentiment_profile,DistilBERT + Sentiment Profile,42
12517,1,2.2293127130978974e-06,0,0.8807628123443481,model::distilbert_sentiment_profile,DistilBERT + Sentiment Profile,42
16677,0,2.0517704797384795e-06,0,0.8807628123443481,model::distilbert_sentiment_profile,DistilBERT + Sentiment Profile,42
15460,0,1.3870317161490675e-06,0,0.8807628123443481,model::distilbert_sentiment_profile,DistilBERT + Sentiment Profile,42
13065,1,1.2292512110434473e-06,0,0.8807628123443481,model::distilbert_sentiment_profile,DistilBERT + Sentiment Profile,42
1321,1,1.430877773600514e-06,0,0.8807628123443481,model::distilbert_sentiment_profile,DistilBERT + Sentiment Profile,42
20250,1,1.075148588824959e-06,0,0.8807628123443481,model::distilbert_sentiment_profile,DistilBERT + Sentiment Profile,42
11640,1,9.59282260737382e-07,0,0.8807628123443481,model::distilbert_sentiment_profile,DistilBERT + Sentiment Profile,42
6580,1,1.315806571255962e-06,0,0.8807628123443481,model::distilbert_sentiment_profile,DistilBERT + Sentiment Profile,42
6313,0,1.6515493825863814e-06,0,0.8807628123443481,model::distilbert_sentiment_profile,DistilBERT + Sentiment Profile,42
11111,1,1.285801545236609e-06,0,0.8807628123443481,model::distilbert_sentiment_profile,DistilBERT + Sentiment Profile,42
2475,0,1.0723101695475634e-06,0,0.8807628123443481,model::distilbert_sentiment_profile,DistilBERT + Sentiment Profile,42
10652,0,6.446251063607633e-06,0,0.8807628123443481,model::distilbert_sentiment_profile,DistilBERT + Sentiment Profile,42
13222,1,1.7175918856082717e-06,0,0.8807628123443481,model::distilbert_sentiment_profile,DistilBERT + Sentiment Profile,42
5277,1,1.82183441665984e-06,0,0.8807628123443481,model::distilbert_sentiment_profile,DistilBERT + Sentiment Profile,42
21013,1,1.6169385617104126e-06,0,0.8807628123443481,model::distilbert_sentiment_profile,DistilBERT + Sentiment Profile,42
9,0,1.608722186574596e-06,0,0.8807628123443481,model::distilbert_sentiment_profile,DistilBERT + Sentiment Profile,42
20707,0,1.577732973601087e-06,0,0.8807628123443481,model::distilbert_sentiment_profile,DistilBERT + Sentiment Profile,42
10325,1,1.3462470178637886e-06,0,0.8807628123443481,model::distilbert_sentiment_profile,DistilBERT + Sentiment Profile,42
10768,0,1.3259240176921594e-06,0,0.8807628123443481,model::distilbert_sentiment_profile,DistilBERT + Sentiment Profile,42
2987,0,1.5084439155543803e-06,0,0.8807628123443481,model::distilbert_sentiment_profile,DistilBERT + Sentiment Profile,42
11122,1,1.0041675295724415e-06,0,0.8807628123443481,model::distilbert_sentiment_profile,DistilBERT + Sentiment Profile,42
15045,0,1.8054309975923388e-06,0,0.8807628123443481,model::distilbert_sentiment_profile,DistilBERT + Sentiment Profile,42
14538,0,1.80438610186684e-06,0,0.8807628123443481,model::distilbert_sentiment_profile,DistilBERT + Sentiment Profile,42
413,0,1.6081208968898864e-06,0,0.8807628123443481,model::distilbert_sentiment_profile,DistilBERT + Sentiment Profile,42
1205,0,1.5386119684990265e-06,0,0.8807628123443481,model::distilbert_sentiment_profile,DistilBERT + Sentiment Profile,42
16379,0,2.154132062059944e-06,0,0.8807628123443481,model::distilbert_sentiment_profile,DistilBERT + Sentiment Profile,42
12654,0,2.235802412542398e-06,0,0.8807628123443481,model::distilbert_sentiment_profile,DistilBERT + Sentiment Profile,42
2629,0,1.4728982478118269e-06,0,0.8807628123443481,model::distilbert_sentiment_profile,DistilBERT + Sentiment Profile,42
4403,1,1.1476121244413662e-06,0,0.8807628123443481,model::distilbert_sentiment_profile,DistilBERT + Sentiment Profile,42
19138,1,1.3185850775698782e-06,0,0.8807628123443481,model::distilbert_sentiment_profile,DistilBERT + Sentiment Profile,42
628,0,1.365367666039674e-06,0,0.8807628123443481,model::distilbert_sentiment_profile,DistilBERT + Sentiment Profile,42
20890,1,1.3939230711912387e-06,0,0.8807628123443481,model::distilbert_sentiment_profile,DistilBERT + Sentiment Profile,42
20004,1,1.4053193808649669e-06,0,0.8807628123443481,model::distilbert_sentiment_profile,DistilBERT + Sentiment Profile,42
9947,0,1.7533329810248688e-06,0,0.8807628123443481,model::distilbert_sentiment_profile,DistilBERT + Sentiment Profile,42
16144,0,2.000562972170883e-06,0,0.8807628123443481,model::distilbert_sentiment_profile,DistilBERT + Sentiment Profile,42
17524,1,1.1808950830527465e-06,0,0.8807628123443481,model::distilbert_sentiment_profile,DistilBERT + Sentiment Profile,42
10217,0,9.798102382774232e-07,0,0.8807628123443481,model::distilbert_sentiment_profile,DistilBERT + Sentiment Profile,42
10363,0,1.0429257599753328e-06,0,0.8807628123443481,model::distilbert_sentiment_profile,DistilBERT + Sentiment Profile,42
16001,1,1.5253693845806993e-06,0,0.8807628123443481,model::distilbert_sentiment_profile,DistilBERT + Sentiment Profile,42
3976,0,1.296472078138322e-06,0,0.8807628123443481,model::distilbert_sentiment_profile,DistilBERT + Sentiment Profile,42
1978,0,2.2200435978447786e-06,0,0.8807628123443481,model::distilbert_sentiment_profile,DistilBERT + Sentiment Profile,42
3445,0,2.376714746787912e-06,0,0.8807628123443481,model::distilbert_sentiment_profile,DistilBERT + Sentiment Profile,42
20953,0,3.5938685414294014e-06,0,0.8807628123443481,model::distilbert_sentiment_profile,DistilBERT + Sentiment Profile,42
17904,0,1.6117072618726525e-06,0,0.8807628123443481,model::distilbert_sentiment_profile,DistilBERT + Sentiment Profile,42
6409,0,2.127395646311925e-06,0,0.8807628123443481,model::distilbert_sentiment_profile,DistilBERT + Sentiment Profile,42
6020,0,2.5154822651529685e-06,0,0.8807628123443481,model::distilbert_sentiment_profile,DistilBERT + Sentiment Profile,42
19041,1,9.980942650145153e-07,0,0.8807628123443481,model::distilbert_sentiment_profile,DistilBERT + Sentiment Profile,42
2889,1,1.4248793149818084e-06,0,0.8807628123443481,model::distilbert_sentiment_profile,DistilBERT + Sentiment Profile,42
6607,0,1.2664440873777494e-06,0,0.8807628123443481,model::distilbert_sentiment_profile,DistilBERT + Sentiment Profile,42
19231,1,1.1864693760799128e-06,0,0.8807628123443481,model::distilbert_sentiment_profile,DistilBERT + Sentiment Profile,42
14736,0,2.9983332296978915e-06,0,0.8807628123443481,model::distilbert_sentiment_profile,DistilBERT + Sentiment Profile,42
18719,1,1.4766422964385129e-06,0,0.8807628123443481,model::distilbert_sentiment_profile,DistilBERT + Sentiment Profile,42
19248,1,1.493180889156065e-06,0,0.8807628123443481,model::distilbert_sentiment_profile,DistilBERT + Sentiment Profile,42
10087,1,1.134862145590887e-06,0,0.8807628123443481,model::distilbert_sentiment_profile,DistilBERT + Sentiment Profile,42
7423,1,1.2494309657995473e-06,0,0.8807628123443481,model::distilbert_sentiment_profile,DistilBERT + Sentiment Profile,42
5009,1,1.0733159570008866e-06,0,0.8807628123443481,model::distilbert_sentiment_profile,DistilBERT + Sentiment Profile,42
18142,0,1.8302350781596035e-06,0,0.8807628123443481,model::distilbert_sentiment_profile,DistilBERT + Sentiment Profile,42
12644,0,4.760669526149286e-06,0,0.8807628123443481,model::distilbert_sentiment_profile,DistilBERT + Sentiment Profile,42
18889,1,1.099501560020144e-06,0,0.8807628123443481,model::distilbert_sentiment_profile,DistilBERT + Sentiment Profile,42
9810,1,1.063463173522905e-06,0,0.8807628123443481,model::distilbert_sentiment_profile,DistilBERT + Sentiment Profile,42
17310,0,1.3914076362198102e-06,0,0.8807628123443481,model::distilbert_sentiment_profile,DistilBERT + Sentiment Profile,42
5329,1,1.4571929796147742e-06,0,0.8807628123443481,model::distilbert_sentiment_profile,DistilBERT + Sentiment Profile,42
15990,0,1.26265979361051e-06,0,0.8807628123443481,model::distilbert_sentiment_profile,DistilBERT + Sentiment Profile,42
18161,0,2.8718823159579188e-06,0,0.8807628123443481,model::distilbert_sentiment_profile,DistilBERT + Sentiment Profile,42
20800,0,1.1845123708553729e-06,0,0.8807628123443481,model::distilbert_sentiment_profile,DistilBERT + Sentiment Profile,42
4388,0,2.0907214093313087e-06,0,0.8807628123443481,model::distilbert_sentiment_profile,DistilBERT + Sentiment Profile,42
12997,0,1.3998712802276714e-06,0,0.8807628123443481,model::distilbert_sentiment_profile,DistilBERT + Sentiment Profile,42
15529,1,9.74272666098841e-07,0,0.8807628123443481,model::distilbert_sentiment_profile,DistilBERT + Sentiment Profile,42
4515,0,2.4651728836033726e-06,0,0.8807628123443481,model::distilbert_sentiment_profile,DistilBERT + Sentiment Profile,42
8682,1,1.1310967238387093e-06,0,0.8807628123443481,model::distilbert_sentiment_profile,DistilBERT + Sentiment Profile,42
1964,1,1.4205593288352247e-06,0,0.8807628123443481,model::distilbert_sentiment_profile,DistilBERT + Sentiment Profile,42
4004,1,2.1094576823088573e-06,0,0.8807628123443481,model::distilbert_sentiment_profile,DistilBERT + Sentiment Profile,42
16870,0,1.7503826938991551e-06,0,0.8807628123443481,model::distilbert_sentiment_profile,DistilBERT + Sentiment Profile,42
9469,1,1.5485086350963684e-06,0,0.8807628123443481,model::distilbert_sentiment_profile,DistilBERT + Sentiment Profile,42
16215,1,1.7950013670997578e-06,0,0.8807628123443481,model::distilbert_sentiment_profile,DistilBERT + Sentiment Profile,42
2736,0,3.419339918764308e-06,0,0.8807628123443481,model::distilbert_sentiment_profile,DistilBERT + Sentiment Profile,42
5536,0,1.2882010196335614e-06,0,0.8807628123443481,model::distilbert_sentiment_profile,DistilBERT + Sentiment Profile,42
12685,0,1.6191590930247912e-06,0,0.8807628123443481,model::distilbert_sentiment_profile,DistilBERT + Sentiment Profile,42
2266,0,2.662626002347679e-06,0,0.8807628123443481,model::distilbert_sentiment_profile,DistilBERT + Sentiment Profile,42
13911,1,1.905211547637009e-06,0,0.8807628123443481,model::distilbert_sentiment_profile,DistilBERT + Sentiment Profile,42
6424,1,9.853736173681682e-07,0,0.8807628123443481,model::distilbert_sentiment_profile,DistilBERT + Sentiment Profile,42
9668,0,2.002670498768566e-06,0,0.8807628123443481,model::distilbert_sentiment_profile,DistilBERT + Sentiment Profile,42
5980,1,1.508159130025888e-06,0,0.8807628123443481,model::distilbert_sentiment_profile,DistilBERT + Sentiment Profile,42
13606,0,3.947380719182547e-06,0,0.8807628123443481,model::distilbert_sentiment_profile,DistilBERT + Sentiment Profile,42
9254,0,9.58070927481458e-07,0,0.8807628123443481,model::distilbert_sentiment_profile,DistilBERT + Sentiment Profile,42
14812,1,1.6506046449649148e-06,0,0.8807628123443481,model::distilbert_sentiment_profile,DistilBERT + Sentiment Profile,42
2368,0,1.3273283911985343e-06,0,0.8807628123443481,model::distilbert_sentiment_profile,DistilBERT + Sentiment Profile,42
1894,1,1.084742279999773e-06,0,0.8807628123443481,model::distilbert_sentiment_profile,DistilBERT + Sentiment Profile,42
14639,1,1.5292263242372428e-06,0,0.8807628123443481,model::distilbert_sentiment_profile,DistilBERT + Sentiment Profile,42
2984,0,1.2267825013623224e-06,0,0.8807628123443481,model::distilbert_sentiment_profile,DistilBERT + Sentiment Profile,42
11783,0,9.324046459369128e-07,0,0.8807628123443481,model::distilbert_sentiment_profile,DistilBERT + Sentiment Profile,42
12490,1,1.1362732266206876e-06,0,0.8807628123443481,model::distilbert_sentiment_profile,DistilBERT + Sentiment Profile,42
14023,1,1.7719447669151125e-06,0,0.8807628123443481,model::distilbert_sentiment_profile,DistilBERT + Sentiment Profile,42
2269,1,1.0102063470185383e-06,0,0.8807628123443481,model::distilbert_sentiment_profile,DistilBERT + Sentiment Profile,42
8015,0,2.043613449131953e-06,0,0.8807628123443481,model::distilbert_sentiment_profile,DistilBERT + Sentiment Profile,42
18677,0,9.67015353126044e-07,0,0.8807628123443481,model::distilbert_sentiment_profile,DistilBERT + Sentiment Profile,42
5578,1,1.1141023605887312e-06,0,0.8807628123443481,model::distilbert_sentiment_profile,DistilBERT + Sentiment Profile,42
4643,1,2.0482707441260573e-06,0,0.8807628123443481,model::distilbert_sentiment_profile,DistilBERT + Sentiment Profile,42
19156,1,1.3563115999204456e-06,0,0.8807628123443481,model::distilbert_sentiment_profile,DistilBERT + Sentiment Profile,42
3206,0,2.839116859831848e-06,0,0.8807628123443481,model::distilbert_sentiment_profile,DistilBERT + Sentiment Profile,42
15428,1,1.2103630524507023e-06,0,0.8807628123443481,model::distilbert_sentiment_profile,DistilBERT + Sentiment Profile,42
16131,0,1.8996271364812856e-06,0,0.8807628123443481,model::distilbert_sentiment_profile,DistilBERT + Sentiment Profile,42
1989,0,2.342327434234903e-06,0,0.8807628123443481,model::distilbert_sentiment_profile,DistilBERT + Sentiment Profile,42
7293,1,1.0583054290691507e-06,0,0.8807628123443481,model::distilbert_sentiment_profile,DistilBERT + Sentiment Profile,42
18244,1,1.4455495147558397e-06,0,0.8807628123443481,model::distilbert_sentiment_profile,DistilBERT + Sentiment Profile,42
14079,1,9.973788337447331e-07,0,0.8807628123443481,model::distilbert_sentiment_profile,DistilBERT + Sentiment Profile,42
7188,0,1.168102699011797e-06,0,0.8807628123443481,model::distilbert_sentiment_profile,DistilBERT + Sentiment Profile,42
20049,1,1.2470858337110258e-06,0,0.8807628123443481,model::distilbert_sentiment_profile,DistilBERT + Sentiment Profile,42
16956,1,1.2714421018245048e-06,0,0.8807628123443481,model::distilbert_sentiment_profile,DistilBERT + Sentiment Profile,42
9372,1,1.3173684010325817e-06,0,0.8807628123443481,model::distilbert_sentiment_profile,DistilBERT + Sentiment Profile,42
14968,1,1.322514322055213e-06,0,0.8807628123443481,model::distilbert_sentiment_profile,DistilBERT + Sentiment Profile,42
11974,0,1.5139089555304963e-06,0,0.8807628123443481,model::distilbert_sentiment_profile,DistilBERT + Sentiment Profile,42
11821,1,1.085773078557395e-06,0,0.8807628123443481,model::distilbert_sentiment_profile,DistilBERT + Sentiment Profile,42
6134,1,1.2323899909461034e-06,0,0.8807628123443481,model::distilbert_sentiment_profile,DistilBERT + Sentiment Profile,42
375,1,1.32760953874822e-06,0,0.8807628123443481,model::distilbert_sentiment_profile,DistilBERT + Sentiment Profile,42
18947,1,1.2675606058110134e-06,0,0.8807628123443481,model::distilbert_sentiment_profile,DistilBERT + Sentiment Profile,42
19941,1,1.548111413285369e-06,0,0.8807628123443481,model::distilbert_sentiment_profile,DistilBERT + Sentiment Profile,42
7048,0,3.127128820779035e-06,0,0.8807628123443481,model::distilbert_sentiment_profile,DistilBERT + Sentiment Profile,42
4931,0,1.7701948991089012e-06,0,0.8807628123443481,model::distilbert_sentiment_profile,DistilBERT + Sentiment Profile,42
19979,0,1.6238554962910712e-06,0,0.8807628123443481,model::distilbert_sentiment_profile,DistilBERT + Sentiment Profile,42
16265,0,9.065575454769714e-07,0,0.8807628123443481,model::distilbert_sentiment_profile,DistilBERT + Sentiment Profile,42
4125,0,1.4486520285572624e-06,0,0.8807628123443481,model::distilbert_sentiment_profile,DistilBERT + Sentiment Profile,42
3608,1,1.5045791315060342e-06,0,0.8807628123443481,model::distilbert_sentiment_profile,DistilBERT + Sentiment Profile,42
3270,0,1.8457917576597536e-06,0,0.8807628123443481,model::distilbert_sentiment_profile,DistilBERT + Sentiment Profile,42
9878,0,3.225914269933128e-06,0,0.8807628123443481,model::distilbert_sentiment_profile,DistilBERT + Sentiment Profile,42
13799,0,1.7988879790209469e-06,0,0.8807628123443481,model::distilbert_sentiment_profile,DistilBERT + Sentiment Profile,42
2917,1,1.252726292477746e-06,0,0.8807628123443481,model::distilbert_sentiment_profile,DistilBERT + Sentiment Profile,42
4199,0,1.3492496009348542e-06,0,0.8807628123443481,model::distilbert_sentiment_profile,DistilBERT + Sentiment Profile,42
8159,1,1.3205268487581634e-06,0,0.8807628123443481,model::distilbert_sentiment_profile,DistilBERT + Sentiment Profile,42
10995,1,1.732650048325013e-06,0,0.8807628123443481,model::distilbert_sentiment_profile,DistilBERT + Sentiment Profile,42
20100,1,1.777004740688426e-06,0,0.8807628123443481,model::distilbert_sentiment_profile,DistilBERT + Sentiment Profile,42
3459,1,1.176483124254446e-06,0,0.8807628123443481,model::distilbert_sentiment_profile,DistilBERT + Sentiment Profile,42
10628,1,1.4276024558057545e-06,0,0.8807628123443481,model::distilbert_sentiment_profile,DistilBERT + Sentiment Profile,42
7777,0,1.4110215715845698e-06,0,0.8807628123443481,model::distilbert_sentiment_profile,DistilBERT + Sentiment Profile,42
16485,0,2.188922962886864e-06,0,0.8807628123443481,model::distilbert_sentiment_profile,DistilBERT + Sentiment Profile,42
2338,1,1.2584846444951836e-06,0,0.8807628123443481,model::distilbert_sentiment_profile,DistilBERT + Sentiment Profile,42
239,0,1.6923181647143792e-06,0,0.8807628123443481,model::distilbert_sentiment_profile,DistilBERT + Sentiment Profile,42
9970,1,1.1149186320835724e-06,0,0.8807628123443481,model::distilbert_sentiment_profile,DistilBERT + Sentiment Profile,42
13792,1,1.6605356449872488e-06,0,0.8807628123443481,model::distilbert_sentiment_profile,DistilBERT + Sentiment Profile,42
20033,0,2.0758923255925765e-06,0,0.8807628123443481,model::distilbert_sentiment_profile,DistilBERT + Sentiment Profile,42
19476,0,1.8828642396329087e-06,0,0.8807628123443481,model::distilbert_sentiment_profile,DistilBERT + Sentiment Profile,42
8937,1,2.406501835139352e-06,0,0.8807628123443481,model::distilbert_sentiment_profile,DistilBERT + Sentiment Profile,42
7496,1,1.1085658115916883e-06,0,0.8807628123443481,model::distilbert_sentiment_profile,DistilBERT + Sentiment Profile,42
16479,0,3.325085799588124e-06,0,0.8807628123443481,model::distilbert_sentiment_profile,DistilBERT + Sentiment Profile,42
3878,1,1.3145020147931064e-06,0,0.8807628123443481,model::distilbert_sentiment_profile,DistilBERT + Sentiment Profile,42
8152,0,6.310138269327581e-05,0,0.8807628123443481,model::distilbert_sentiment_profile,DistilBERT + Sentiment Profile,42
4784,1,1.2756431715388317e-06,0,0.8807628123443481,model::distilbert_sentiment_profile,DistilBERT + Sentiment Profile,42
11310,1,1.1668146271404112e-06,0,0.8807628123443481,model::distilbert_sentiment_profile,DistilBERT + Sentiment Profile,42
3739,0,1.937927436301834e-06,0,0.8807628123443481,model::distilbert_sentiment_profile,DistilBERT + Sentiment Profile,42
3404,0,3.0763344511797186e-06,0,0.8807628123443481,model::distilbert_sentiment_profile,DistilBERT + Sentiment Profile,42
7311,1,9.740069799590856e-07,0,0.8807628123443481,model::distilbert_sentiment_profile,DistilBERT + Sentiment Profile,42
7672,1,1.787744054126961e-06,0,0.8807628123443481,model::distilbert_sentiment_profile,DistilBERT + Sentiment Profile,42
13190,0,4.49025401394465e-06,0,0.8807628123443481,model::distilbert_sentiment_profile,DistilBERT + Sentiment Profile,42
5887,0,2.3188813429442234e-06,0,0.8807628123443481,model::distilbert_sentiment_profile,DistilBERT + Sentiment Profile,42
4656,0,1.8826685845851896e-06,0,0.8807628123443481,model::distilbert_sentiment_profile,DistilBERT + Sentiment Profile,42
1535,1,1.2594248346431414e-06,0,0.8807628123443481,model::distilbert_sentiment_profile,DistilBERT + Sentiment Profile,42
6036,0,2.59488888332271e-06,0,0.8807628123443481,model::distilbert_sentiment_profile,DistilBERT + Sentiment Profile,42
8774,1,1.2648725942199237e-06,0,0.8807628123443481,model::distilbert_sentiment_profile,DistilBERT + Sentiment Profile,42
7379,0,2.741211574175395e-06,0,0.8807628123443481,model::distilbert_sentiment_profile,DistilBERT + Sentiment Profile,42
17063,1,1.6074646964625572e-06,0,0.8807628123443481,model::distilbert_sentiment_profile,DistilBERT + Sentiment Profile,42
9635,0,8.358308605238562e-07,0,0.8807628123443481,model::distilbert_sentiment_profile,DistilBERT + Sentiment Profile,42
5991,1,1.3273271406433196e-06,0,0.8807628123443481,model::distilbert_sentiment_profile,DistilBERT + Sentiment Profile,42
10222,1,1.3371827662922442e-06,0,0.8807628123443481,model::distilbert_sentiment_profile,DistilBERT + Sentiment Profile,42
242,0,3.3368298772984417e-06,0,0.8807628123443481,model::distilbert_sentiment_profile,DistilBERT + Sentiment Profile,42
1440,0,1.965065393960685e-06,0,0.8807628123443481,model::distilbert_sentiment_profile,DistilBERT + Sentiment Profile,42
17866,1,1.7893064523377689e-06,0,0.8807628123443481,model::distilbert_sentiment_profile,DistilBERT + Sentiment Profile,42
6262,1,1.2169384717708454e-06,0,0.8807628123443481,model::distilbert_sentiment_profile,DistilBERT + Sentiment Profile,42
525,0,2.232397719126311e-06,0,0.8807628123443481,model::distilbert_sentiment_profile,DistilBERT + Sentiment Profile,42
6760,1,1.06479569694784e-06,0,0.8807628123443481,model::distilbert_sentiment_profile,DistilBERT + Sentiment Profile,42
10757,0,4.7733078645251226e-06,0,0.8807628123443481,model::distilbert_sentiment_profile,DistilBERT + Sentiment Profile,42
3745,1,1.365168373013148e-06,0,0.8807628123443481,model::distilbert_sentiment_profile,DistilBERT + Sentiment Profile,42
13302,1,1.64088623932912e-06,0,0.8807628123443481,model::distilbert_sentiment_profile,DistilBERT + Sentiment Profile,42
2359,1,2.543949676692137e-06,0,0.8807628123443481,model::distilbert_sentiment_profile,DistilBERT + Sentiment Profile,42
2230,0,2.260104338347446e-06,0,0.8807628123443481,model::distilbert_sentiment_profile,DistilBERT + Sentiment Profile,42
8897,1,9.978849675462698e-07,0,0.8807628123443481,model::distilbert_sentiment_profile,DistilBERT + Sentiment Profile,42
11327,0,0.8918671607971191,1,0.8807628123443481,model::distilbert_sentiment_profile,DistilBERT + Sentiment Profile,42
14905,0,1.5613579762430163e-06,0,0.8807628123443481,model::distilbert_sentiment_profile,DistilBERT + Sentiment Profile,42
3485,0,7.139551144064171e-06,0,0.8807628123443481,model::distilbert_sentiment_profile,DistilBERT + Sentiment Profile,42
1823,0,4.163840458204504e-06,0,0.8807628123443481,model::distilbert_sentiment_profile,DistilBERT + Sentiment Profile,42
151,0,6.401785867637955e-06,0,0.8807628123443481,model::distilbert_sentiment_profile,DistilBERT + Sentiment Profile,42
8191,0,2.253376806038432e-06,0,0.8807628123443481,model::distilbert_sentiment_profile,DistilBERT + Sentiment Profile,42
17469,0,3.2504653972864617e-06,0,0.8807628123443481,model::distilbert_sentiment_profile,DistilBERT + Sentiment Profile,42
3680,1,1.6567362308705924e-06,0,0.8807628123443481,model::distilbert_sentiment_profile,DistilBERT + Sentiment Profile,42
6676,1,9.384941108692146e-07,0,0.8807628123443481,model::distilbert_sentiment_profile,DistilBERT + Sentiment Profile,42
8994,0,5.881540801055962e-06,0,0.8807628123443481,model::distilbert_sentiment_profile,DistilBERT + Sentiment Profile,42
12011,1,1.3504210301107378e-06,0,0.8807628123443481,model::distilbert_sentiment_profile,DistilBERT + Sentiment Profile,42
12375,1,1.7302920696238289e-06,0,0.8807628123443481,model::distilbert_sentiment_profile,DistilBERT + Sentiment Profile,42
18281,1,1.634049567655893e-06,0,0.8807628123443481,model::distilbert_sentiment_profile,DistilBERT + Sentiment Profile,42
2644,1,2.320272642464261e-06,0,0.8807628123443481,model::distilbert_sentiment_profile,DistilBERT + Sentiment Profile,42
13136,1,1.125514245359227e-06,0,0.8807628123443481,model::distilbert_sentiment_profile,DistilBERT + Sentiment Profile,42
1455,1,1.2553980468510415e-06,0,0.8807628123443481,model::distilbert_sentiment_profile,DistilBERT + Sentiment Profile,42
12137,0,1.3311619113665074e-06,0,0.8807628123443481,model::distilbert_sentiment_profile,DistilBERT + Sentiment Profile,42
17338,0,2.2882727535034064e-06,0,0.8807628123443481,model::distilbert_sentiment_profile,DistilBERT + Sentiment Profile,42
16904,1,1.7674184391580638e-06,0,0.8807628123443481,model::distilbert_sentiment_profile,DistilBERT + Sentiment Profile,42
2775,1,2.213192146882648e-06,0,0.8807628123443481,model::distilbert_sentiment_profile,DistilBERT + Sentiment Profile,42
19643,0,2.562914687587181e-06,0,0.8807628123443481,model::distilbert_sentiment_profile,DistilBERT + Sentiment Profile,42
9795,1,1.6022853515096358e-06,0,0.8807628123443481,model::distilbert_sentiment_profile,DistilBERT + Sentiment Profile,42
11340,0,2.6437455744598992e-06,0,0.8807628123443481,model::distilbert_sentiment_profile,DistilBERT + Sentiment Profile,42
5544,0,1.2731918559438782e-06,0,0.8807628123443481,model::distilbert_sentiment_profile,DistilBERT + Sentiment Profile,42
11826,0,2.3531415536126588e-06,0,0.8807628123443481,model::distilbert_sentiment_profile,DistilBERT + Sentiment Profile,42
10637,1,1.7374071603626362e-06,0,0.8807628123443481,model::distilbert_sentiment_profile,DistilBERT + Sentiment Profile,42
13922,0,2.039466153291869e-06,0,0.8807628123443481,model::distilbert_sentiment_profile,DistilBERT + Sentiment Profile,42
20767,0,8.381001634916174e-07,0,0.8807628123443481,model::distilbert_sentiment_profile,DistilBERT + Sentiment Profile,42
6729,1,2.3439674805558752e-06,0,0.8807628123443481,model::distilbert_sentiment_profile,DistilBERT + Sentiment Profile,42
18053,1,9.264323352908832e-07,0,0.8807628123443481,model::distilbert_sentiment_profile,DistilBERT + Sentiment Profile,42
7363,1,1.65327492140932e-06,0,0.8807628123443481,model::distilbert_sentiment_profile,DistilBERT + Sentiment Profile,42
17615,0,1.0364423133069067e-06,0,0.8807628123443481,model::distilbert_sentiment_profile,DistilBERT + Sentiment Profile,42
7070,0,3.787469722738024e-06,0,0.8807628123443481,model::distilbert_sentiment_profile,DistilBERT + Sentiment Profile,42
3221,1,1.6270766991510754e-06,0,0.8807628123443481,model::distilbert_sentiment_profile,DistilBERT + Sentiment Profile,42
20612,1,9.57781367105781e-07,0,0.8807628123443481,model::distilbert_sentiment_profile,DistilBERT + Sentiment Profile,42
13292,0,3.9173232835310046e-06,0,0.8807628123443481,model::distilbert_sentiment_profile,DistilBERT + Sentiment Profile,42
11406,1,1.7991795857597026e-06,0,0.8807628123443481,model::distilbert_sentiment_profile,DistilBERT + Sentiment Profile,42
8781,1,1.1365874570401502e-06,0,0.8807628123443481,model::distilbert_sentiment_profile,DistilBERT + Sentiment Profile,42
2577,1,1.5227140011120357e-06,0,0.8807628123443481,model::distilbert_sentiment_profile,DistilBERT + Sentiment Profile,42
18682,0,2.255797880934552e-06,0,0.8807628123443481,model::distilbert_sentiment_profile,DistilBERT + Sentiment Profile,42
17753,0,2.1296305021678563e-06,0,0.8807628123443481,model::distilbert_sentiment_profile,DistilBERT + Sentiment Profile,42
15451,0,1.287774807678943e-06,0,0.8807628123443481,model::distilbert_sentiment_profile,DistilBERT + Sentiment Profile,42
15590,1,1.2282598618185148e-06,0,0.8807628123443481,model::distilbert_sentiment_profile,DistilBERT + Sentiment Profile,42
3707,1,1.1881904811161803e-06,0,0.8807628123443481,model::distilbert_sentiment_profile,DistilBERT + Sentiment Profile,42
11516,0,9.1960146164638e-06,0,0.8807628123443481,model::distilbert_sentiment_profile,DistilBERT + Sentiment Profile,42
7453,1,1.170783775705786e-06,0,0.8807628123443481,model::distilbert_sentiment_profile,DistilBERT + Sentiment Profile,42
7190,1,9.024557812153944e-07,0,0.8807628123443481,model::distilbert_sentiment_profile,DistilBERT + Sentiment Profile,42
5207,1,1.0608275715640048e-06,0,0.8807628123443481,model::distilbert_sentiment_profile,DistilBERT + Sentiment Profile,42
19706,0,1.4428431995838764e-06,0,0.8807628123443481,model::distilbert_sentiment_profile,DistilBERT + Sentiment Profile,42
8327,0,1.946035354194464e-06,0,0.8807628123443481,model::distilbert_sentiment_profile,DistilBERT + Sentiment Profile,42
19780,0,2.168337459806935e-06,0,0.8807628123443481,model::distilbert_sentiment_profile,DistilBERT + Sentiment Profile,42
10129,0,1.7440191868445254e-06,0,0.8807628123443481,model::distilbert_sentiment_profile,DistilBERT + Sentiment Profile,42
18764,0,2.362969098612666e-06,0,0.8807628123443481,model::distilbert_sentiment_profile,DistilBERT + Sentiment Profile,42
15732,1,1.4608968967877445e-06,0,0.8807628123443481,model::distilbert_sentiment_profile,DistilBERT + Sentiment Profile,42
8398,1,1.165802359537338e-06,0,0.8807628123443481,model::distilbert_sentiment_profile,DistilBERT + Sentiment Profile,42
19062,1,1.4805553973928909e-06,0,0.8807628123443481,model::distilbert_sentiment_profile,DistilBERT + Sentiment Profile,42
17138,0,1.3460646641760832e-06,0,0.8807628123443481,model::distilbert_sentiment_profile,DistilBERT + Sentiment Profile,42
17158,1,1.4721877050760668e-06,0,0.8807628123443481,model::distilbert_sentiment_profile,DistilBERT + Sentiment Profile,42
17888,0,1.8674744524105336e-06,0,0.8807628123443481,model::distilbert_sentiment_profile,DistilBERT + Sentiment Profile,42
3309,1,1.2763283621097798e-06,0,0.8807628123443481,model::distilbert_sentiment_profile,DistilBERT + Sentiment Profile,42
19842,0,7.614983132953057e-06,0,0.8807628123443481,model::distilbert_sentiment_profile,DistilBERT + Sentiment Profile,42
17826,0,3.9010019463603385e-06,0,0.8807628123443481,model::distilbert_sentiment_profile,DistilBERT + Sentiment Profile,42
6246,0,2.148826297343476e-06,0,0.8807628123443481,model::distilbert_sentiment_profile,DistilBERT + Sentiment Profile,42
5116,0,1.1710842500178842e-06,0,0.8807628123443481,model::distilbert_sentiment_profile,DistilBERT + Sentiment Profile,42
16300,0,1.930077587530832e-06,0,0.8807628123443481,model::distilbert_sentiment_profile,DistilBERT + Sentiment Profile,42
10259,1,1.3044492561675725e-06,0,0.8807628123443481,model::distilbert_sentiment_profile,DistilBERT + Sentiment Profile,42
2526,0,2.4730754830670776e-06,0,0.8807628123443481,model::distilbert_sentiment_profile,DistilBERT + Sentiment Profile,42
20569,1,1.821189925976796e-06,0,0.8807628123443481,model::distilbert_sentiment_profile,DistilBERT + Sentiment Profile,42
2697,1,2.550279987190152e-06,0,0.8807628123443481,model::distilbert_sentiment_profile,DistilBERT + Sentiment Profile,42
18743,0,1.460710336687043e-06,0,0.8807628123443481,model::distilbert_sentiment_profile,DistilBERT + Sentiment Profile,42
2507,1,1.647022600081982e-06,0,0.8807628123443481,model::distilbert_sentiment_profile,DistilBERT + Sentiment Profile,42
8194,0,1.7589335357115488e-06,0,0.8807628123443481,model::distilbert_sentiment_profile,DistilBERT + Sentiment Profile,42
4381,1,8.456656246380589e-07,0,0.8807628123443481,model::distilbert_sentiment_profile,DistilBERT + Sentiment Profile,42
7795,1,1.5026490700620343e-06,0,0.8807628123443481,model::distilbert_sentiment_profile,DistilBERT + Sentiment Profile,42
10061,0,2.557806510594673e-06,0,0.8807628123443481,model::distilbert_sentiment_profile,DistilBERT + Sentiment Profile,42
4693,0,2.620676241349429e-06,0,0.8807628123443481,model::distilbert_sentiment_profile,DistilBERT + Sentiment Profile,42
3826,0,0.9995349645614624,1,0.8807628123443481,model::distilbert_sentiment_profile,DistilBERT + Sentiment Profile,42
10152,0,3.913977252523182e-06,0,0.8807628123443481,model::distilbert_sentiment_profile,DistilBERT + Sentiment Profile,42
16583,1,1.3798925238006632e-06,0,0.8807628123443481,model::distilbert_sentiment_profile,DistilBERT + Sentiment Profile,42
18831,1,1.242496409759042e-06,0,0.8807628123443481,model::distilbert_sentiment_profile,DistilBERT + Sentiment Profile,42
10597,0,2.52632003139297e-06,0,0.8807628123443481,model::distilbert_sentiment_profile,DistilBERT + Sentiment Profile,42
20401,1,1.0364253739680862e-06,0,0.8807628123443481,model::distilbert_sentiment_profile,DistilBERT + Sentiment Profile,42
13777,1,3.441501121415058e-06,0,0.8807628123443481,model::distilbert_sentiment_profile,DistilBERT + Sentiment Profile,42
13654,1,1.2302105005801425e-06,0,0.8807628123443481,model::distilbert_sentiment_profile,DistilBERT + Sentiment Profile,42
8000,1,9.95972072814766e-07,0,0.8807628123443481,model::distilbert_sentiment_profile,DistilBERT + Sentiment Profile,42
18174,1,1.2013907735308749e-06,0,0.8807628123443481,model::distilbert_sentiment_profile,DistilBERT + Sentiment Profile,42
19937,1,1.4538809409714304e-06,0,0.8807628123443481,model::distilbert_sentiment_profile,DistilBERT + Sentiment Profile,42
10938,0,2.873679477488622e-06,0,0.8807628123443481,model::distilbert_sentiment_profile,DistilBERT + Sentiment Profile,42
2177,1,1.0439009656693088e-06,0,0.8807628123443481,model::distilbert_sentiment_profile,DistilBERT + Sentiment Profile,42
3002,0,1.5061986005093786e-06,0,0.8807628123443481,model::distilbert_sentiment_profile,DistilBERT + Sentiment Profile,42
15913,0,1.088817498384742e-06,0,0.8807628123443481,model::distilbert_sentiment_profile,DistilBERT + Sentiment Profile,42
12837,1,2.155307583961985e-06,0,0.8807628123443481,model::distilbert_sentiment_profile,DistilBERT + Sentiment Profile,42
18327,1,1.4316381111711962e-06,0,0.8807628123443481,model::distilbert_sentiment_profile,DistilBERT + Sentiment Profile,42
9442,0,3.4755591968860244e-06,0,0.8807628123443481,model::distilbert_sentiment_profile,DistilBERT + Sentiment Profile,42
124,0,3.951354756281944e-06,0,0.8807628123443481,model::distilbert_sentiment_profile,DistilBERT + Sentiment Profile,42
20857,0,1.7157549336843658e-06,0,0.8807628123443481,model::distilbert_sentiment_profile,DistilBERT + Sentiment Profile,42
10349,1,1.950221303559374e-06,0,0.8807628123443481,model::distilbert_sentiment_profile,DistilBERT + Sentiment Profile,42
610,0,6.842300535936374e-06,0,0.8807628123443481,model::distilbert_sentiment_profile,DistilBERT + Sentiment Profile,42
4769,0,1.6312997104250826e-06,0,0.8807628123443481,model::distilbert_sentiment_profile,DistilBERT + Sentiment Profile,42
13141,1,1.4885062000757898e-06,0,0.8807628123443481,model::distilbert_sentiment_profile,DistilBERT + Sentiment Profile,42
10987,1,1.7094798749894835e-06,0,0.8807628123443481,model::distilbert_sentiment_profile,DistilBERT + Sentiment Profile,42
19307,0,1.27411487937934e-06,0,0.8807628123443481,model::distilbert_sentiment_profile,DistilBERT + Sentiment Profile,42
3091,0,3.204383574484382e-06,0,0.8807628123443481,model::distilbert_sentiment_profile,DistilBERT + Sentiment Profile,42
5725,0,1.0267840480082668e-06,0,0.8807628123443481,model::distilbert_sentiment_profile,DistilBERT + Sentiment Profile,42
14337,1,1.1599822755670175e-06,0,0.8807628123443481,model::distilbert_sentiment_profile,DistilBERT + Sentiment Profile,42
5596,0,1.5875042436164222e-06,0,0.8807628123443481,model::distilbert_sentiment_profile,DistilBERT + Sentiment Profile,42
3771,1,1.7508167502455765e-06,0,0.8807628123443481,model::distilbert_sentiment_profile,DistilBERT + Sentiment Profile,42
9317,0,1.2260455832802108e-06,0,0.8807628123443481,model::distilbert_sentiment_profile,DistilBERT + Sentiment Profile,42
15823,1,1.0484744734640117e-06,0,0.8807628123443481,model::distilbert_sentiment_profile,DistilBERT + Sentiment Profile,42
3948,0,1.0505202681088122e-06,0,0.8807628123443481,model::distilbert_sentiment_profile,DistilBERT + Sentiment Profile,42
6310,1,1.3690093965124106e-06,0,0.8807628123443481,model::distilbert_sentiment_profile,DistilBERT + Sentiment Profile,42
6088,0,8.903509751689853e-07,0,0.8807628123443481,model::distilbert_sentiment_profile,DistilBERT + Sentiment Profile,42
6962,0,1.6519777545909164e-06,0,0.8807628123443481,model::distilbert_sentiment_profile,DistilBERT + Sentiment Profile,42
19675,1,2.7195835627935594e-06,0,0.8807628123443481,model::distilbert_sentiment_profile,DistilBERT + Sentiment Profile,42
1569,1,1.264961838387535e-06,0,0.8807628123443481,model::distilbert_sentiment_profile,DistilBERT + Sentiment Profile,42
12189,0,1.8185033923145968e-06,0,0.8807628123443481,model::distilbert_sentiment_profile,DistilBERT + Sentiment Profile,42
17551,1,1.2441955732356291e-06,0,0.8807628123443481,model::distilbert_sentiment_profile,DistilBERT + Sentiment Profile,42
9669,1,1.481257299928984e-06,0,0.8807628123443481,model::distilbert_sentiment_profile,DistilBERT + Sentiment Profile,42
16953,1,1.379347850161139e-06,0,0.8807628123443481,model::distilbert_sentiment_profile,DistilBERT + Sentiment Profile,42
11277,1,9.467826203035656e-07,0,0.8807628123443481,model::distilbert_sentiment_profile,DistilBERT + Sentiment Profile,42
3740,0,2.336384341106168e-06,0,0.8807628123443481,model::distilbert_sentiment_profile,DistilBERT + Sentiment Profile,42
4848,0,1.4380915445144635e-06,0,0.8807628123443481,model::distilbert_sentiment_profile,DistilBERT + Sentiment Profile,42
9860,0,1.4911203152223609e-06,0,0.8807628123443481,model::distilbert_sentiment_profile,DistilBERT + Sentiment Profile,42
4686,0,1.534813350190234e-06,0,0.8807628123443481,model::distilbert_sentiment_profile,DistilBERT + Sentiment Profile,42
10203,1,1.4971649306971813e-06,0,0.8807628123443481,model::distilbert_sentiment_profile,DistilBERT + Sentiment Profile,42
10607,0,1.4466390894085634e-06,0,0.8807628123443481,model::distilbert_sentiment_profile,DistilBERT + Sentiment Profile,42
7476,1,1.5613951518389513e-06,0,0.8807628123443481,model::distilbert_sentiment_profile,DistilBERT + Sentiment Profile,42
2478,1,5.888225018679805e-07,0,0.8807628123443481,model::distilbert_sentiment_profile,DistilBERT + Sentiment Profile,42
5047,0,1.4337339280245942e-06,0,0.8807628123443481,model::distilbert_sentiment_profile,DistilBERT + Sentiment Profile,42
13934,0,1.3081740917186837e-06,0,0.8807628123443481,model::distilbert_sentiment_profile,DistilBERT + Sentiment Profile,42
13460,0,1.4414486031455451e-06,0,0.8807628123443481,model::distilbert_sentiment_profile,DistilBERT + Sentiment Profile,42
8026,1,1.6434388498964836e-06,0,0.8807628123443481,model::distilbert_sentiment_profile,DistilBERT + Sentiment Profile,42
6166,0,1.911979097712901e-06,0,0.8807628123443481,model::distilbert_sentiment_profile,DistilBERT + Sentiment Profile,42
14031,0,1.6060135976658785e-06,0,0.8807628123443481,model::distilbert_sentiment_profile,DistilBERT + Sentiment Profile,42
2565,1,1.0979455282722483e-06,0,0.8807628123443481,model::distilbert_sentiment_profile,DistilBERT + Sentiment Profile,42
12486,1,1.9981948753411416e-06,0,0.8807628123443481,model::distilbert_sentiment_profile,DistilBERT + Sentiment Profile,42
4621,0,1.554944446979789e-06,0,0.8807628123443481,model::distilbert_sentiment_profile,DistilBERT + Sentiment Profile,42
870,1,1.4154583141134935e-06,0,0.8807628123443481,model::distilbert_sentiment_profile,DistilBERT + Sentiment Profile,42
1840,1,1.4191132322594058e-06,0,0.8807628123443481,model::distilbert_sentiment_profile,DistilBERT + Sentiment Profile,42
2839,0,1.518695285085414e-06,0,0.8807628123443481,model::distilbert_sentiment_profile,DistilBERT + Sentiment Profile,42
7767,0,1.554784375912277e-06,0,0.8807628123443481,model::distilbert_sentiment_profile,DistilBERT + Sentiment Profile,42
14793,0,5.870635959581705e-06,0,0.8807628123443481,model::distilbert_sentiment_profile,DistilBERT + Sentiment Profile,42
5370,1,1.734978241074714e-06,0,0.8807628123443481,model::distilbert_sentiment_profile,DistilBERT + Sentiment Profile,42
13179,0,1.923581748997094e-06,0,0.8807628123443481,model::distilbert_sentiment_profile,DistilBERT + Sentiment Profile,42
13151,1,1.2165137377451174e-06,0,0.8807628123443481,model::distilbert_sentiment_profile,DistilBERT + Sentiment Profile,42
18916,0,1.8875873593060533e-06,0,0.8807628123443481,model::distilbert_sentiment_profile,DistilBERT + Sentiment Profile,42
18199,0,2.0512889022938907e-06,0,0.8807628123443481,model::distilbert_sentiment_profile,DistilBERT + Sentiment Profile,42
10364,0,4.369671387394192e-06,0,0.8807628123443481,model::distilbert_sentiment_profile,DistilBERT + Sentiment Profile,42
393,0,2.208857040386647e-06,0,0.8807628123443481,model::distilbert_sentiment_profile,DistilBERT + Sentiment Profile,42
9570,0,2.2758829345548293e-06,0,0.8807628123443481,model::distilbert_sentiment_profile,DistilBERT + Sentiment Profile,42
229,1,1.863713237071352e-06,0,0.8807628123443481,model::distilbert_sentiment_profile,DistilBERT + Sentiment Profile,42
12846,1,1.3862329524272354e-06,0,0.8807628123443481,model::distilbert_sentiment_profile,DistilBERT + Sentiment Profile,42
14257,0,1.1079296200477984e-06,0,0.8807628123443481,model::distilbert_sentiment_profile,DistilBERT + Sentiment Profile,42
2316,1,2.5790279778448166e-06,0,0.8807628123443481,model::distilbert_sentiment_profile,DistilBERT + Sentiment Profile,42
8820,1,1.4318128478407743e-06,0,0.8807628123443481,model::distilbert_sentiment_profile,DistilBERT + Sentiment Profile,42
1716,0,2.666824457264738e-06,0,0.8807628123443481,model::distilbert_sentiment_profile,DistilBERT + Sentiment Profile,42
15157,0,1.2794506574209663e-06,0,0.8807628123443481,model::distilbert_sentiment_profile,DistilBERT + Sentiment Profile,42
3297,1,1.5420317822645302e-06,0,0.8807628123443481,model::distilbert_sentiment_profile,DistilBERT + Sentiment Profile,42
2229,0,2.2791821265855106e-06,0,0.8807628123443481,model::distilbert_sentiment_profile,DistilBERT + Sentiment Profile,42
18563,1,8.89550676674844e-07,0,0.8807628123443481,model::distilbert_sentiment_profile,DistilBERT + Sentiment Profile,42
6354,1,1.125317794503644e-06,0,0.8807628123443481,model::distilbert_sentiment_profile,DistilBERT + Sentiment Profile,42
19632,0,2.386133019172121e-06,0,0.8807628123443481,model::distilbert_sentiment_profile,DistilBERT + Sentiment Profile,42
3157,0,0.9688242077827454,1,0.8807628123443481,model::distilbert_sentiment_profile,DistilBERT + Sentiment Profile,42
8808,1,1.1567277624635608e-06,0,0.8807628123443481,model::distilbert_sentiment_profile,DistilBERT + Sentiment Profile,42
15058,0,2.7048140509577934e-06,0,0.8807628123443481,model::distilbert_sentiment_profile,DistilBERT + Sentiment Profile,42
6171,0,4.328659542807145e-06,0,0.8807628123443481,model::distilbert_sentiment_profile,DistilBERT + Sentiment Profile,42
9116,0,2.506377995814546e-06,0,0.8807628123443481,model::distilbert_sentiment_profile,DistilBERT + Sentiment Profile,42
8213,1,9.514795351606152e-07,0,0.8807628123443481,model::distilbert_sentiment_profile,DistilBERT + Sentiment Profile,42
8860,1,1.3840573274137569e-06,0,0.8807628123443481,model::distilbert_sentiment_profile,DistilBERT + Sentiment Profile,42
1673,1,1.2935339555042449e-06,0,0.8807628123443481,model::distilbert_sentiment_profile,DistilBERT + Sentiment Profile,42
5464,1,1.4663966112493654e-06,0,0.8807628123443481,model::distilbert_sentiment_profile,DistilBERT + Sentiment Profile,42
9624,0,2.0626077912311302e-06,0,0.8807628123443481,model::distilbert_sentiment_profile,DistilBERT + Sentiment Profile,42
5868,0,1.3667486200574783e-06,0,0.8807628123443481,model::distilbert_sentiment_profile,DistilBERT + Sentiment Profile,42
4242,0,2.154156845790567e-06,0,0.8807628123443481,model::distilbert_sentiment_profile,DistilBERT + Sentiment Profile,42
12906,0,1.3803321508021329e-06,0,0.8807628123443481,model::distilbert_sentiment_profile,DistilBERT + Sentiment Profile,42
10084,0,3.171597199980169e-06,0,0.8807628123443481,model::distilbert_sentiment_profile,DistilBERT + Sentiment Profile,42
3000,0,1.7543081867188448e-06,0,0.8807628123443481,model::distilbert_sentiment_profile,DistilBERT + Sentiment Profile,42
14235,0,1.899960579976323e-06,0,0.8807628123443481,model::distilbert_sentiment_profile,DistilBERT + Sentiment Profile,42
20644,0,2.3072364001563983e-06,0,0.8807628123443481,model::distilbert_sentiment_profile,DistilBERT + Sentiment Profile,42
4578,1,1.418452825419081e-06,0,0.8807628123443481,model::distilbert_sentiment_profile,DistilBERT + Sentiment Profile,42
19505,0,2.1399262095656013e-06,0,0.8807628123443481,model::distilbert_sentiment_profile,DistilBERT + Sentiment Profile,42
3260,1,2.017280849031522e-06,0,0.8807628123443481,model::distilbert_sentiment_profile,DistilBERT + Sentiment Profile,42
10054,0,1.6776277789176677e-06,0,0.8807628123443481,model::distilbert_sentiment_profile,DistilBERT + Sentiment Profile,42
19294,1,1.1994056876574175e-06,0,0.8807628123443481,model::distilbert_sentiment_profile,DistilBERT + Sentiment Profile,42
2766,1,1.107152229451458e-06,0,0.8807628123443481,model::distilbert_sentiment_profile,DistilBERT + Sentiment Profile,42
6407,0,4.469968644116307e-06,0,0.8807628123443481,model::distilbert_sentiment_profile,DistilBERT + Sentiment Profile,42
13693,1,1.908124659166788e-06,0,0.8807628123443481,model::distilbert_sentiment_profile,DistilBERT + Sentiment Profile,42
6757,0,1.89959098406689e-06,0,0.8807628123443481,model::distilbert_sentiment_profile,DistilBERT + Sentiment Profile,42
14999,1,1.3183412193029651e-06,0,0.8807628123443481,model::distilbert_sentiment_profile,DistilBERT + Sentiment Profile,42
20137,0,2.059690814348869e-06,0,0.8807628123443481,model::distilbert_sentiment_profile,DistilBERT + Sentiment Profile,42
17303,0,1.024645712277561e-06,0,0.8807628123443481,model::distilbert_sentiment_profile,DistilBERT + Sentiment Profile,42
15307,1,1.335643219135818e-06,0,0.8807628123443481,model::distilbert_sentiment_profile,DistilBERT + Sentiment Profile,42
13326,1,1.3744564739681664e-06,0,0.8807628123443481,model::distilbert_sentiment_profile,DistilBERT + Sentiment Profile,42
4557,1,1.598600874785916e-06,0,0.8807628123443481,model::distilbert_sentiment_profile,DistilBERT + Sentiment Profile,42
6699,1,1.2496884664869867e-06,0,0.8807628123443481,model::distilbert_sentiment_profile,DistilBERT + Sentiment Profile,42
9280,0,1.2714917829725891e-06,0,0.8807628123443481,model::distilbert_sentiment_profile,DistilBERT + Sentiment Profile,42
209,0,9.6931535153999e-07,0,0.8807628123443481,model::distilbert_sentiment_profile,DistilBERT + Sentiment Profile,42
11350,1,1.430453494322137e-06,0,0.8807628123443481,model::distilbert_sentiment_profile,DistilBERT + Sentiment Profile,42
1969,1,1.2226454373376328e-06,0,0.8807628123443481,model::distilbert_sentiment_profile,DistilBERT + Sentiment Profile,42
20058,1,1.1898778211616443e-06,0,0.8807628123443481,model::distilbert_sentiment_profile,DistilBERT + Sentiment Profile,42
20625,1,2.2866934159537777e-06,0,0.8807628123443481,model::distilbert_sentiment_profile,DistilBERT + Sentiment Profile,42
8212,0,5.468374183692504e-06,0,0.8807628123443481,model::distilbert_sentiment_profile,DistilBERT + Sentiment Profile,42
5525,0,2.0733305063913576e-06,0,0.8807628123443481,model::distilbert_sentiment_profile,DistilBERT + Sentiment Profile,42
11018,1,1.808474166864471e-06,0,0.8807628123443481,model::distilbert_sentiment_profile,DistilBERT + Sentiment Profile,42
11943,1,1.5553478078800254e-06,0,0.8807628123443481,model::distilbert_sentiment_profile,DistilBERT + Sentiment Profile,42
6611,1,1.9414123926253524e-06,0,0.8807628123443481,model::distilbert_sentiment_profile,DistilBERT + Sentiment Profile,42
5821,0,7.046159225865267e-06,0,0.8807628123443481,model::distilbert_sentiment_profile,DistilBERT + Sentiment Profile,42
8492,0,2.208717887697276e-06,0,0.8807628123443481,model::distilbert_sentiment_profile,DistilBERT + Sentiment Profile,42
9461,1,1.7834782966019702e-06,0,0.8807628123443481,model::distilbert_sentiment_profile,DistilBERT + Sentiment Profile,42
338,1,1.4088485613683588e-06,0,0.8807628123443481,model::distilbert_sentiment_profile,DistilBERT + Sentiment Profile,42
6973,0,2.3734799015073804e-06,0,0.8807628123443481,model::distilbert_sentiment_profile,DistilBERT + Sentiment Profile,42
20872,1,1.147128614320536e-06,0,0.8807628123443481,model::distilbert_sentiment_profile,DistilBERT + Sentiment Profile,42
12986,1,1.3242533896118402e-06,0,0.8807628123443481,model::distilbert_sentiment_profile,DistilBERT + Sentiment Profile,42
13669,0,3.310846523163491e-06,0,0.8807628123443481,model::distilbert_sentiment_profile,DistilBERT + Sentiment Profile,42
10890,0,1.298611664424243e-06,0,0.8807628123443481,model::distilbert_sentiment_profile,DistilBERT + Sentiment Profile,42
9089,0,2.313701315870276e-06,0,0.8807628123443481,model::distilbert_sentiment_profile,DistilBERT + Sentiment Profile,42
2840,1,1.6640059357087011e-06,0,0.8807628123443481,model::distilbert_sentiment_profile,DistilBERT + Sentiment Profile,42
10318,0,4.333963261160534e-06,0,0.8807628123443481,model::distilbert_sentiment_profile,DistilBERT + Sentiment Profile,42
16787,1,2.653277761055506e-06,0,0.8807628123443481,model::distilbert_sentiment_profile,DistilBERT + Sentiment Profile,42
4404,1,2.811730155372061e-06,0,0.8807628123443481,model::distilbert_sentiment_profile,DistilBERT + Sentiment Profile,42
15737,0,1.0470465667822282e-06,0,0.8807628123443481,model::distilbert_sentiment_profile,DistilBERT + Sentiment Profile,42
3736,1,1.7622378436499275e-06,0,0.8807628123443481,model::distilbert_sentiment_profile,DistilBERT + Sentiment Profile,42
1264,1,1.1839443914141157e-06,0,0.8807628123443481,model::distilbert_sentiment_profile,DistilBERT + Sentiment Profile,42
13451,0,1.4653103335149351e-06,0,0.8807628123443481,model::distilbert_sentiment_profile,DistilBERT + Sentiment Profile,42
1855,0,2.93978746412904e-06,0,0.8807628123443481,model::distilbert_sentiment_profile,DistilBERT + Sentiment Profile,42
1945,0,4.616937985701952e-06,0,0.8807628123443481,model::distilbert_sentiment_profile,DistilBERT + Sentiment Profile,42
12976,0,1.2828545550291892e-06,0,0.8807628123443481,model::distilbert_sentiment_profile,DistilBERT + Sentiment Profile,42
12920,1,1.7228315982720233e-06,0,0.8807628123443481,model::distilbert_sentiment_profile,DistilBERT + Sentiment Profile,42
6410,1,1.4589575130230514e-06,0,0.8807628123443481,model::distilbert_sentiment_profile,DistilBERT + Sentiment Profile,42
6746,1,1.783109155439888e-06,0,0.8807628123443481,model::distilbert_sentiment_profile,DistilBERT + Sentiment Profile,42
8067,1,2.0945733467669925e-06,0,0.8807628123443481,model::distilbert_sentiment_profile,DistilBERT + Sentiment Profile,42
4846,1,1.307303591602249e-06,0,0.8807628123443481,model::distilbert_sentiment_profile,DistilBERT + Sentiment Profile,42
4533,1,1.254677499673562e-06,0,0.8807628123443481,model::distilbert_sentiment_profile,DistilBERT + Sentiment Profile,42
11794,1,1.1162443342982442e-06,0,0.8807628123443481,model::distilbert_sentiment_profile,DistilBERT + Sentiment Profile,42
17267,0,5.314322152116802e-06,0,0.8807628123443481,model::distilbert_sentiment_profile,DistilBERT + Sentiment Profile,42
18522,0,1.5943409152896493e-06,0,0.8807628123443481,model::distilbert_sentiment_profile,DistilBERT + Sentiment Profile,42
2937,1,1.2367462431939202e-06,0,0.8807628123443481,model::distilbert_sentiment_profile,DistilBERT + Sentiment Profile,42
7387,1,1.2337469570411486e-06,0,0.8807628123443481,model::distilbert_sentiment_profile,DistilBERT + Sentiment Profile,42
16334,1,1.4017375633557094e-06,0,0.8807628123443481,model::distilbert_sentiment_profile,DistilBERT + Sentiment Profile,42
4259,1,1.8341910390518024e-06,0,0.8807628123443481,model::distilbert_sentiment_profile,DistilBERT + Sentiment Profile,42
