sample_id,y_true,y_prob_machine_generated,y_pred,threshold,system_key,system,seed
10379,1,3.827985710813664e-05,0,0.019570925940085426,model::deberta,DeBERTa,42
1092,1,3.627003388828598e-05,0,0.019570925940085426,model::deberta,DeBERTa,42
8924,0,3.370024569449015e-05,0,0.019570925940085426,model::deberta,DeBERTa,42
1291,0,3.4164073440479115e-05,0,0.019570925940085426,model::deberta,DeBERTa,42
13927,1,3.737805673154071e-05,0,0.019570925940085426,model::deberta,DeBERTa,42
8035,0,3.766872760024853e-05,0,0.019570925940085426,model::deberta,DeBERTa,42
1632,1,3.5030770959565416e-05,0,0.019570925940085426,model::deberta,DeBERTa,42
17416,1,3.576802191673778e-05,0,0.019570925940085426,model::deberta,DeBERTa,42
14654,1,3.855988688883372e-05,0,0.019570925940085426,model::deberta,DeBERTa,42
5189,1,3.669513898785226e-05,0,0.019570925940085426,model::deberta,DeBERTa,42
3026,1,3.644439129857346e-05,0,0.019570925940085426,model::deberta,DeBERTa,42
1353,1,3.554191061994061e-05,0,0.019570925940085426,model::deberta,DeBERTa,42
13373,0,0.0004935470642521,0,0.019570925940085426,model::deberta,DeBERTa,42
20409,1,3.87489126296714e-05,0,0.019570925940085426,model::deberta,DeBERTa,42
19701,0,3.475233097560704e-05,0,0.019570925940085426,model::deberta,DeBERTa,42
15296,0,3.77360665879678e-05,0,0.019570925940085426,model::deberta,DeBERTa,42
18991,0,3.446204573265277e-05,0,0.019570925940085426,model::deberta,DeBERTa,42
512,1,3.935114000341855e-05,0,0.019570925940085426,model::deberta,DeBERTa,42
18295,0,3.483469117782079e-05,0,0.019570925940085426,model::deberta,DeBERTa,42
18450,1,3.753143028006889e-05,0,0.019570925940085426,model::deberta,DeBERTa,42
15675,1,3.731839751708321e-05,0,0.019570925940085426,model::deberta,DeBERTa,42
20025,0,3.499818194541149e-05,0,0.019570925940085426,model::deberta,DeBERTa,42
7229,0,3.952972110710107e-05,0,0.019570925940085426,model::deberta,DeBERTa,42
10752,1,3.673102401080541e-05,0,0.019570925940085426,model::deberta,DeBERTa,42
20566,0,4.076464392710477e-05,0,0.019570925940085426,model::deberta,DeBERTa,42
18854,0,3.589862899389118e-05,0,0.019570925940085426,model::deberta,DeBERTa,42
9483,1,3.646504046628252e-05,0,0.019570925940085426,model::deberta,DeBERTa,42
5666,0,3.6645935324486345e-05,0,0.019570925940085426,model::deberta,DeBERTa,42
7486,1,3.708612712216564e-05,0,0.019570925940085426,model::deberta,DeBERTa,42
16331,1,3.5420503991190344e-05,0,0.019570925940085426,model::deberta,DeBERTa,42
2999,1,3.636683322838508e-05,0,0.019570925940085426,model::deberta,DeBERTa,42
3958,1,3.758712773560546e-05,0,0.019570925940085426,model::deberta,DeBERTa,42
13982,0,4.273711601854302e-05,0,0.019570925940085426,model::deberta,DeBERTa,42
17720,1,3.6569515941664577e-05,0,0.019570925940085426,model::deberta,DeBERTa,42
18694,1,3.489240407361649e-05,0,0.019570925940085426,model::deberta,DeBERTa,42
4466,0,3.669944635475986e-05,0,0.019570925940085426,model::deberta,DeBERTa,42
19676,1,3.582991848816164e-05,0,0.019570925940085426,model::deberta,DeBERTa,42
20003,1,3.5792556445812806e-05,0,0.019570925940085426,model::deberta,DeBERTa,42
8936,1,3.7737219827249646e-05,0,0.019570925940085426,model::deberta,DeBERTa,42
12592,0,3.363044743309729e-05,0,0.019570925940085426,model::deberta,DeBERTa,42
2861,0,3.532861592248082e-05,0,0.019570925940085426,model::deberta,DeBERTa,42
16760,0,4.066563633386977e-05,0,0.019570925940085426,model::deberta,DeBERTa,42
4976,1,3.70840061805211e-05,0,0.019570925940085426,model::deberta,DeBERTa,42
11506,0,3.586153616197407e-05,0,0.019570925940085426,model::deberta,DeBERTa,42
4974,1,4.15794420405291e-05,0,0.019570925940085426,model::deberta,DeBERTa,42
12865,1,3.6766072298632935e-05,0,0.019570925940085426,model::deberta,DeBERTa,42
10717,1,3.7115711165824905e-05,0,0.019570925940085426,model::deberta,DeBERTa,42
8625,1,4.8595054977340624e-05,0,0.019570925940085426,model::deberta,DeBERTa,42
15748,0,7.812884723534808e-05,0,0.019570925940085426,model::deberta,DeBERTa,42
3681,0,3.5907603887608275e-05,0,0.019570925940085426,model::deberta,DeBERTa,42
1600,0,3.703693073475733e-05,0,0.019570925940085426,model::deberta,DeBERTa,42
11251,1,3.584177466109395e-05,0,0.019570925940085426,model::deberta,DeBERTa,42
11286,1,3.4809050703188404e-05,0,0.019570925940085426,model::deberta,DeBERTa,42
2808,0,3.486100831651129e-05,0,0.019570925940085426,model::deberta,DeBERTa,42
159,0,4.1437298932578415e-05,0,0.019570925940085426,model::deberta,DeBERTa,42
12797,0,3.484811168164015e-05,0,0.019570925940085426,model::deberta,DeBERTa,42
3074,0,3.918509901268408e-05,0,0.019570925940085426,model::deberta,DeBERTa,42
14840,0,3.7280980905052274e-05,0,0.019570925940085426,model::deberta,DeBERTa,42
12328,0,3.628182821557857e-05,0,0.019570925940085426,model::deberta,DeBERTa,42
95,1,3.658915375126526e-05,0,0.019570925940085426,model::deberta,DeBERTa,42
1308,0,3.698539876495488e-05,0,0.019570925940085426,model::deberta,DeBERTa,42
3386,1,3.612563159549609e-05,0,0.019570925940085426,model::deberta,DeBERTa,42
15472,0,3.526133150444366e-05,0,0.019570925940085426,model::deberta,DeBERTa,42
16039,0,3.495041892165318e-05,0,0.019570925940085426,model::deberta,DeBERTa,42
15903,1,3.577579991542734e-05,0,0.019570925940085426,model::deberta,DeBERTa,42
13242,1,3.826861211564392e-05,0,0.019570925940085426,model::deberta,DeBERTa,42
5334,1,3.799229671130888e-05,0,0.019570925940085426,model::deberta,DeBERTa,42
20678,1,3.570749322534539e-05,0,0.019570925940085426,model::deberta,DeBERTa,42
7102,0,3.572517016436905e-05,0,0.019570925940085426,model::deberta,DeBERTa,42
17456,1,3.608941187849268e-05,0,0.019570925940085426,model::deberta,DeBERTa,42
17207,1,3.877072231261991e-05,0,0.019570925940085426,model::deberta,DeBERTa,42
20060,0,3.778111931751482e-05,0,0.019570925940085426,model::deberta,DeBERTa,42
8328,1,3.553432179614901e-05,0,0.019570925940085426,model::deberta,DeBERTa,42
5697,1,3.555927105480805e-05,0,0.019570925940085426,model::deberta,DeBERTa,42
3917,1,3.664387259050272e-05,0,0.019570925940085426,model::deberta,DeBERTa,42
7890,0,3.6142620956525207e-05,0,0.019570925940085426,model::deberta,DeBERTa,42
20874,0,3.4660981327760965e-05,0,0.019570925940085426,model::deberta,DeBERTa,42
9228,0,3.617755646700971e-05,0,0.019570925940085426,model::deberta,DeBERTa,42
7626,1,3.708725853357464e-05,0,0.019570925940085426,model::deberta,DeBERTa,42
17701,1,3.8350412069121376e-05,0,0.019570925940085426,model::deberta,DeBERTa,42
2326,1,3.840728822979145e-05,0,0.019570925940085426,model::deberta,DeBERTa,42
10548,1,3.592178472899832e-05,0,0.019570925940085426,model::deberta,DeBERTa,42
5550,0,3.568645479390398e-05,0,0.019570925940085426,model::deberta,DeBERTa,42
20860,0,3.574149377527647e-05,0,0.019570925940085426,model::deberta,DeBERTa,42
14054,1,7.144640403566882e-05,0,0.019570925940085426,model::deberta,DeBERTa,42
14852,0,3.736872531590052e-05,0,0.019570925940085426,model::deberta,DeBERTa,42
11175,1,4.1365132346982136e-05,0,0.019570925940085426,model::deberta,DeBERTa,42
2207,0,3.583818761399016e-05,0,0.019570925940085426,model::deberta,DeBERTa,42
6783,1,3.663136521936394e-05,0,0.019570925940085426,model::deberta,DeBERTa,42
2699,0,3.808857218245976e-05,0,0.019570925940085426,model::deberta,DeBERTa,42
4090,0,3.885266778524965e-05,0,0.019570925940085426,model::deberta,DeBERTa,42
7244,0,3.4388307540211827e-05,0,0.019570925940085426,model::deberta,DeBERTa,42
11424,0,4.05163737013936e-05,0,0.019570925940085426,model::deberta,DeBERTa,42
16052,0,3.7876532587688416e-05,0,0.019570925940085426,model::deberta,DeBERTa,42
12196,0,3.50338414136786e-05,0,0.019570925940085426,model::deberta,DeBERTa,42
5583,1,3.60256562998984e-05,0,0.019570925940085426,model::deberta,DeBERTa,42
7455,1,3.780717452173121e-05,0,0.019570925940085426,model::deberta,DeBERTa,42
846,0,4.0372819057665765e-05,0,0.019570925940085426,model::deberta,DeBERTa,42
3005,1,3.908981670974754e-05,0,0.019570925940085426,model::deberta,DeBERTa,42
4180,0,4.100787191418931e-05,0,0.019570925940085426,model::deberta,DeBERTa,42
6266,0,3.557070158421993e-05,0,0.019570925940085426,model::deberta,DeBERTa,42
7721,1,9.192488505505024e-05,0,0.019570925940085426,model::deberta,DeBERTa,42
8374,1,3.786938395933248e-05,0,0.019570925940085426,model::deberta,DeBERTa,42
14457,1,3.7304485886124894e-05,0,0.019570925940085426,model::deberta,DeBERTa,42
17052,1,4.868291216553189e-05,0,0.019570925940085426,model::deberta,DeBERTa,42
15630,1,3.527441367623396e-05,0,0.019570925940085426,model::deberta,DeBERTa,42
8013,1,3.617359107010998e-05,0,0.019570925940085426,model::deberta,DeBERTa,42
10556,0,3.412955629755743e-05,0,0.019570925940085426,model::deberta,DeBERTa,42
6752,0,3.55848424078431e-05,0,0.019570925940085426,model::deberta,DeBERTa,42
4344,0,0.0004802954208571,0,0.019570925940085426,model::deberta,DeBERTa,42
3687,1,3.735083737410605e-05,0,0.019570925940085426,model::deberta,DeBERTa,42
4189,1,3.654953616205603e-05,0,0.019570925940085426,model::deberta,DeBERTa,42
10831,1,3.639174246927723e-05,0,0.019570925940085426,model::deberta,DeBERTa,42
3743,0,3.533387280185707e-05,0,0.019570925940085426,model::deberta,DeBERTa,42
20504,0,4.361492028692737e-05,0,0.019570925940085426,model::deberta,DeBERTa,42
2869,1,3.5049346479354426e-05,0,0.019570925940085426,model::deberta,DeBERTa,42
14846,1,3.710402961587533e-05,0,0.019570925940085426,model::deberta,DeBERTa,42
8988,0,3.78057302441448e-05,0,0.019570925940085426,model::deberta,DeBERTa,42
12023,1,8.883585542207584e-05,0,0.019570925940085426,model::deberta,DeBERTa,42
14099,1,3.5721117455977947e-05,0,0.019570925940085426,model::deberta,DeBERTa,42
14724,0,3.4195494663435966e-05,0,0.019570925940085426,model::deberta,DeBERTa,42
4785,0,3.9654391002841294e-05,0,0.019570925940085426,model::deberta,DeBERTa,42
20713,0,3.5045071854256094e-05,0,0.019570925940085426,model::deberta,DeBERTa,42
8986,0,3.68004766642116e-05,0,0.019570925940085426,model::deberta,DeBERTa,42
39,0,3.740194370038808e-05,0,0.019570925940085426,model::deberta,DeBERTa,42
15187,0,4.134422852075659e-05,0,0.019570925940085426,model::deberta,DeBERTa,42
1492,1,3.704028495121747e-05,0,0.019570925940085426,model::deberta,DeBERTa,42
20588,0,3.667085911729373e-05,0,0.019570925940085426,model::deberta,DeBERTa,42
8231,1,3.819810081040487e-05,0,0.019570925940085426,model::deberta,DeBERTa,42
5094,1,3.434524478507228e-05,0,0.019570925940085426,model::deberta,DeBERTa,42
7483,0,3.696047133416869e-05,0,0.019570925940085426,model::deberta,DeBERTa,42
753,0,3.72777103621047e-05,0,0.019570925940085426,model::deberta,DeBERTa,42
1416,0,3.531978654791601e-05,0,0.019570925940085426,model::deberta,DeBERTa,42
6055,1,3.647895209724084e-05,0,0.019570925940085426,model::deberta,DeBERTa,42
11306,1,3.5907840356230736e-05,0,0.019570925940085426,model::deberta,DeBERTa,42
15807,1,3.696318890433759e-05,0,0.019570925940085426,model::deberta,DeBERTa,42
11393,0,3.383294460945763e-05,0,0.019570925940085426,model::deberta,DeBERTa,42
1532,1,3.4169352147728205e-05,0,0.019570925940085426,model::deberta,DeBERTa,42
17823,1,4.138110671192408e-05,0,0.019570925940085426,model::deberta,DeBERTa,42
912,1,3.576028029783629e-05,0,0.019570925940085426,model::deberta,DeBERTa,42
9162,1,3.80906458303798e-05,0,0.019570925940085426,model::deberta,DeBERTa,42
12703,0,3.706208735820837e-05,0,0.019570925940085426,model::deberta,DeBERTa,42
14284,0,3.785829903790727e-05,0,0.019570925940085426,model::deberta,DeBERTa,42
11887,1,3.873273453791626e-05,0,0.019570925940085426,model::deberta,DeBERTa,42
4680,1,3.626999750849791e-05,0,0.019570925940085426,model::deberta,DeBERTa,42
9114,1,3.627248588600196e-05,0,0.019570925940085426,model::deberta,DeBERTa,42
15087,1,3.691978054121137e-05,0,0.019570925940085426,model::deberta,DeBERTa,42
11501,0,0.0034564735833555,0,0.019570925940085426,model::deberta,DeBERTa,42
9261,1,3.66584790754132e-05,0,0.019570925940085426,model::deberta,DeBERTa,42
17032,1,3.71677742805332e-05,0,0.019570925940085426,model::deberta,DeBERTa,42
13742,0,3.613421358750202e-05,0,0.019570925940085426,model::deberta,DeBERTa,42
607,1,3.667267810669728e-05,0,0.019570925940085426,model::deberta,DeBERTa,42
16065,1,3.556622687028721e-05,0,0.019570925940085426,model::deberta,DeBERTa,42
1061,0,3.430880678934045e-05,0,0.019570925940085426,model::deberta,DeBERTa,42
9683,0,3.5311135434312746e-05,0,0.019570925940085426,model::deberta,DeBERTa,42
9767,1,3.582332283258438e-05,0,0.019570925940085426,model::deberta,DeBERTa,42
1792,0,3.5555338399717584e-05,0,0.019570925940085426,model::deberta,DeBERTa,42
3351,0,3.4702825360000134e-05,0,0.019570925940085426,model::deberta,DeBERTa,42
4098,0,3.3467760658822954e-05,0,0.019570925940085426,model::deberta,DeBERTa,42
1194,0,3.4564272937132046e-05,0,0.019570925940085426,model::deberta,DeBERTa,42
12026,0,3.5627563192974776e-05,0,0.019570925940085426,model::deberta,DeBERTa,42
4868,1,3.624278542702086e-05,0,0.019570925940085426,model::deberta,DeBERTa,42
19019,1,3.628511694842018e-05,0,0.019570925940085426,model::deberta,DeBERTa,42
19855,1,3.435088001424447e-05,0,0.019570925940085426,model::deberta,DeBERTa,42
9565,1,3.557399395504035e-05,0,0.019570925940085426,model::deberta,DeBERTa,42
1647,1,3.633947926573455e-05,0,0.019570925940085426,model::deberta,DeBERTa,42
15961,1,3.5891305742552504e-05,0,0.019570925940085426,model::deberta,DeBERTa,42
285,0,3.5198005207348615e-05,0,0.019570925940085426,model::deberta,DeBERTa,42
18138,0,3.438394924160093e-05,0,0.019570925940085426,model::deberta,DeBERTa,42
3347,0,3.709486554726027e-05,0,0.019570925940085426,model::deberta,DeBERTa,42
19656,1,3.443759851506911e-05,0,0.019570925940085426,model::deberta,DeBERTa,42
12678,1,3.973691855208017e-05,0,0.019570925940085426,model::deberta,DeBERTa,42
4231,0,3.765425208257511e-05,0,0.019570925940085426,model::deberta,DeBERTa,42
13425,1,3.711921453941613e-05,0,0.019570925940085426,model::deberta,DeBERTa,42
6282,0,3.485994238872081e-05,0,0.019570925940085426,model::deberta,DeBERTa,42
12418,1,3.478970393189229e-05,0,0.019570925940085426,model::deberta,DeBERTa,42
10239,1,3.62666069122497e-05,0,0.019570925940085426,model::deberta,DeBERTa,42
6212,1,3.679472138173878e-05,0,0.019570925940085426,model::deberta,DeBERTa,42
24,1,3.650766666396521e-05,0,0.019570925940085426,model::deberta,DeBERTa,42
6691,0,3.3787389838835225e-05,0,0.019570925940085426,model::deberta,DeBERTa,42
3507,1,3.4796703403117135e-05,0,0.019570925940085426,model::deberta,DeBERTa,42
6583,1,3.935751738026738e-05,0,0.019570925940085426,model::deberta,DeBERTa,42
15156,1,3.665149415610358e-05,0,0.019570925940085426,model::deberta,DeBERTa,42
14876,0,3.535854193614796e-05,0,0.019570925940085426,model::deberta,DeBERTa,42
15809,0,3.4516702726250514e-05,0,0.019570925940085426,model::deberta,DeBERTa,42
19948,0,3.499877857393585e-05,0,0.019570925940085426,model::deberta,DeBERTa,42
20661,0,6.007136107655242e-05,0,0.019570925940085426,model::deberta,DeBERTa,42
15457,1,3.913916225428693e-05,0,0.019570925940085426,model::deberta,DeBERTa,42
16560,1,3.6007524613523856e-05,0,0.019570925940085426,model::deberta,DeBERTa,42
3353,0,4.168759915046394e-05,0,0.019570925940085426,model::deberta,DeBERTa,42
15343,1,4.111280941287987e-05,0,0.019570925940085426,model::deberta,DeBERTa,42
139,1,3.651389852166176e-05,0,0.019570925940085426,model::deberta,DeBERTa,42
14673,1,3.564251528587192e-05,0,0.019570925940085426,model::deberta,DeBERTa,42
18413,1,3.762711276067421e-05,0,0.019570925940085426,model::deberta,DeBERTa,42
11800,0,3.7382476875791326e-05,0,0.019570925940085426,model::deberta,DeBERTa,42
1827,0,3.51534181390889e-05,0,0.019570925940085426,model::deberta,DeBERTa,42
18537,0,3.531850961735472e-05,0,0.019570925940085426,model::deberta,DeBERTa,42
1799,0,3.383982038940303e-05,0,0.019570925940085426,model::deberta,DeBERTa,42
326,1,3.870378714054823e-05,0,0.019570925940085426,model::deberta,DeBERTa,42
11382,0,3.52225179085508e-05,0,0.019570925940085426,model::deberta,DeBERTa,42
19498,1,3.9077549445210025e-05,0,0.019570925940085426,model::deberta,DeBERTa,42
14625,0,3.484166518319398e-05,0,0.019570925940085426,model::deberta,DeBERTa,42
14044,1,3.775640652747825e-05,0,0.019570925940085426,model::deberta,DeBERTa,42
17779,0,3.566057057469152e-05,0,0.019570925940085426,model::deberta,DeBERTa,42
19114,0,3.512878538458608e-05,0,0.019570925940085426,model::deberta,DeBERTa,42
1387,1,3.5414086596574634e-05,0,0.019570925940085426,model::deberta,DeBERTa,42
10624,1,3.675513289636001e-05,0,0.019570925940085426,model::deberta,DeBERTa,42
20310,0,6.698266952298582e-05,0,0.019570925940085426,model::deberta,DeBERTa,42
4592,0,3.7528032407863066e-05,0,0.019570925940085426,model::deberta,DeBERTa,42
10484,0,3.521868711686693e-05,0,0.019570925940085426,model::deberta,DeBERTa,42
819,0,3.820982965407893e-05,0,0.019570925940085426,model::deberta,DeBERTa,42
12702,1,3.619691051426344e-05,0,0.019570925940085426,model::deberta,DeBERTa,42
11791,1,3.349544567754492e-05,0,0.019570925940085426,model::deberta,DeBERTa,42
10008,0,3.829610795946792e-05,0,0.019570925940085426,model::deberta,DeBERTa,42
10395,0,4.227034150972031e-05,0,0.019570925940085426,model::deberta,DeBERTa,42
2941,1,3.6073925002710894e-05,0,0.019570925940085426,model::deberta,DeBERTa,42
6203,0,3.791936251218431e-05,0,0.019570925940085426,model::deberta,DeBERTa,42
3563,1,3.685062984004617e-05,0,0.019570925940085426,model::deberta,DeBERTa,42
14100,0,3.671964077511802e-05,0,0.019570925940085426,model::deberta,DeBERTa,42
4129,0,3.375775850145146e-05,0,0.019570925940085426,model::deberta,DeBERTa,42
7813,1,3.727923831320368e-05,0,0.019570925940085426,model::deberta,DeBERTa,42
16228,1,3.782304338528775e-05,0,0.019570925940085426,model::deberta,DeBERTa,42
21120,1,3.322692646179348e-05,0,0.019570925940085426,model::deberta,DeBERTa,42
13948,0,3.468105205683969e-05,0,0.019570925940085426,model::deberta,DeBERTa,42
9284,1,3.855330578517169e-05,0,0.019570925940085426,model::deberta,DeBERTa,42
8347,0,3.248363282182254e-05,0,0.019570925940085426,model::deberta,DeBERTa,42
5542,0,4.018859181087464e-05,0,0.019570925940085426,model::deberta,DeBERTa,42
13005,1,3.429908974794671e-05,0,0.019570925940085426,model::deberta,DeBERTa,42
111,1,4.35950823884923e-05,0,0.019570925940085426,model::deberta,DeBERTa,42
18715,0,3.69912559108343e-05,0,0.019570925940085426,model::deberta,DeBERTa,42
9630,1,3.516773722367361e-05,0,0.019570925940085426,model::deberta,DeBERTa,42
14498,1,3.5413209843682125e-05,0,0.019570925940085426,model::deberta,DeBERTa,42
16013,1,3.5066397686023265e-05,0,0.019570925940085426,model::deberta,DeBERTa,42
3862,1,3.565472070476972e-05,0,0.019570925940085426,model::deberta,DeBERTa,42
8953,1,3.618248592829332e-05,0,0.019570925940085426,model::deberta,DeBERTa,42
4930,1,3.704201662912965e-05,0,0.019570925940085426,model::deberta,DeBERTa,42
6229,0,3.6245721275918186e-05,0,0.019570925940085426,model::deberta,DeBERTa,42
11757,1,3.493189433356747e-05,0,0.019570925940085426,model::deberta,DeBERTa,42
2247,0,3.483920590952039e-05,0,0.019570925940085426,model::deberta,DeBERTa,42
10885,1,3.78069598809816e-05,0,0.019570925940085426,model::deberta,DeBERTa,42
20406,0,3.408011980354786e-05,0,0.019570925940085426,model::deberta,DeBERTa,42
15691,0,3.584895239328034e-05,0,0.019570925940085426,model::deberta,DeBERTa,42
8914,0,4.26658516516909e-05,0,0.019570925940085426,model::deberta,DeBERTa,42
15641,1,3.4993307053809986e-05,0,0.019570925940085426,model::deberta,DeBERTa,42
18481,1,3.717748768394813e-05,0,0.019570925940085426,model::deberta,DeBERTa,42
10771,0,3.500258389976807e-05,0,0.019570925940085426,model::deberta,DeBERTa,42
632,0,3.543415732565336e-05,0,0.019570925940085426,model::deberta,DeBERTa,42
4261,1,3.627705518738367e-05,0,0.019570925940085426,model::deberta,DeBERTa,42
13653,0,3.717603249242529e-05,0,0.019570925940085426,model::deberta,DeBERTa,42
6990,0,3.46198576153256e-05,0,0.019570925940085426,model::deberta,DeBERTa,42
17412,1,3.499584272503853e-05,0,0.019570925940085426,model::deberta,DeBERTa,42
8163,0,3.587114770198241e-05,0,0.019570925940085426,model::deberta,DeBERTa,42
12223,1,3.5946930438512936e-05,0,0.019570925940085426,model::deberta,DeBERTa,42
7679,1,3.687457137857564e-05,0,0.019570925940085426,model::deberta,DeBERTa,42
1839,1,3.65780942956917e-05,0,0.019570925940085426,model::deberta,DeBERTa,42
1912,0,3.65918422176037e-05,0,0.019570925940085426,model::deberta,DeBERTa,42
8034,0,3.545037907315418e-05,0,0.019570925940085426,model::deberta,DeBERTa,42
6558,0,3.8454123568953946e-05,0,0.019570925940085426,model::deberta,DeBERTa,42
5357,0,4.184716090094298e-05,0,0.019570925940085426,model::deberta,DeBERTa,42
18423,0,4.029873525723815e-05,0,0.019570925940085426,model::deberta,DeBERTa,42
14058,0,3.417130938032642e-05,0,0.019570925940085426,model::deberta,DeBERTa,42
16942,0,3.575077062123455e-05,0,0.019570925940085426,model::deberta,DeBERTa,42
5449,0,3.518216180964373e-05,0,0.019570925940085426,model::deberta,DeBERTa,42
6530,0,3.365290831425227e-05,0,0.019570925940085426,model::deberta,DeBERTa,42
13569,1,3.547682717908174e-05,0,0.019570925940085426,model::deberta,DeBERTa,42
13881,1,3.661453229142353e-05,0,0.019570925940085426,model::deberta,DeBERTa,42
12804,0,3.6954130337107927e-05,0,0.019570925940085426,model::deberta,DeBERTa,42
2770,0,3.63845938409213e-05,0,0.019570925940085426,model::deberta,DeBERTa,42
3909,1,3.771933916141279e-05,0,0.019570925940085426,model::deberta,DeBERTa,42
5847,0,3.741072214324959e-05,0,0.019570925940085426,model::deberta,DeBERTa,42
16422,1,3.556524097803049e-05,0,0.019570925940085426,model::deberta,DeBERTa,42
6021,1,3.6211997212376446e-05,0,0.019570925940085426,model::deberta,DeBERTa,42
10868,1,3.574449510779232e-05,0,0.019570925940085426,model::deberta,DeBERTa,42
15790,0,3.7616922782035545e-05,0,0.019570925940085426,model::deberta,DeBERTa,42
215,0,3.4631510061444715e-05,0,0.019570925940085426,model::deberta,DeBERTa,42
21127,0,3.647338962764479e-05,0,0.019570925940085426,model::deberta,DeBERTa,42
11090,1,3.681009548017755e-05,0,0.019570925940085426,model::deberta,DeBERTa,42
14313,1,3.633625965449028e-05,0,0.019570925940085426,model::deberta,DeBERTa,42
10978,0,3.365534939803183e-05,0,0.019570925940085426,model::deberta,DeBERTa,42
20359,1,3.582332283258438e-05,0,0.019570925940085426,model::deberta,DeBERTa,42
4636,1,3.766772351809777e-05,0,0.019570925940085426,model::deberta,DeBERTa,42
11619,1,3.858154741465114e-05,0,0.019570925940085426,model::deberta,DeBERTa,42
193,0,3.393541192053817e-05,0,0.019570925940085426,model::deberta,DeBERTa,42
12479,0,3.523413397488184e-05,0,0.019570925940085426,model::deberta,DeBERTa,42
5040,1,3.98487136408221e-05,0,0.019570925940085426,model::deberta,DeBERTa,42
9303,1,3.488827860564925e-05,0,0.019570925940085426,model::deberta,DeBERTa,42
11257,0,3.542071135598235e-05,0,0.019570925940085426,model::deberta,DeBERTa,42
6146,0,3.557317904778756e-05,0,0.019570925940085426,model::deberta,DeBERTa,42
18985,0,3.8997066440060735e-05,0,0.019570925940085426,model::deberta,DeBERTa,42
20553,1,3.692231621243991e-05,0,0.019570925940085426,model::deberta,DeBERTa,42
461,1,4.2665895307436585e-05,0,0.019570925940085426,model::deberta,DeBERTa,42
18330,1,3.672843013191596e-05,0,0.019570925940085426,model::deberta,DeBERTa,42
3672,1,3.6497815017355606e-05,0,0.019570925940085426,model::deberta,DeBERTa,42
1926,0,3.2679730793461204e-05,0,0.019570925940085426,model::deberta,DeBERTa,42
10818,0,8.57604609336704e-05,0,0.019570925940085426,model::deberta,DeBERTa,42
2357,1,3.979865505243652e-05,0,0.019570925940085426,model::deberta,DeBERTa,42
20238,1,3.574221409508027e-05,0,0.019570925940085426,model::deberta,DeBERTa,42
12538,0,3.90630193578545e-05,0,0.019570925940085426,model::deberta,DeBERTa,42
11460,1,3.470355295576155e-05,0,0.019570925940085426,model::deberta,DeBERTa,42
8845,0,3.846608160529286e-05,0,0.019570925940085426,model::deberta,DeBERTa,42
6862,0,3.5385801311349496e-05,0,0.019570925940085426,model::deberta,DeBERTa,42
6486,0,3.8488760765176266e-05,0,0.019570925940085426,model::deberta,DeBERTa,42
15654,1,3.689514414872974e-05,0,0.019570925940085426,model::deberta,DeBERTa,42
19794,0,3.83437545679044e-05,0,0.019570925940085426,model::deberta,DeBERTa,42
19378,1,3.993255813838914e-05,0,0.019570925940085426,model::deberta,DeBERTa,42
8941,0,3.906275742338039e-05,0,0.019570925940085426,model::deberta,DeBERTa,42
17423,0,3.354179352754727e-05,0,0.019570925940085426,model::deberta,DeBERTa,42
13739,1,3.670843943837099e-05,0,0.019570925940085426,model::deberta,DeBERTa,42
11920,0,3.807717075687833e-05,0,0.019570925940085426,model::deberta,DeBERTa,42
5298,0,3.486256900941953e-05,0,0.019570925940085426,model::deberta,DeBERTa,42
17987,1,0.000139780488098,0,0.019570925940085426,model::deberta,DeBERTa,42
17579,0,3.681764428620227e-05,0,0.019570925940085426,model::deberta,DeBERTa,42
12541,0,3.954800558858551e-05,0,0.019570925940085426,model::deberta,DeBERTa,42
8477,0,3.442206798354164e-05,0,0.019570925940085426,model::deberta,DeBERTa,42
4734,0,3.3740667277015746e-05,0,0.019570925940085426,model::deberta,DeBERTa,42
7493,0,4.041365173179656e-05,0,0.019570925940085426,model::deberta,DeBERTa,42
15109,1,3.970949182985351e-05,0,0.019570925940085426,model::deberta,DeBERTa,42
2100,0,3.775655204663053e-05,0,0.019570925940085426,model::deberta,DeBERTa,42
1075,1,3.6194047424942255e-05,0,0.019570925940085426,model::deberta,DeBERTa,42
1209,1,3.622857911977917e-05,0,0.019570925940085426,model::deberta,DeBERTa,42
4692,1,3.690833909786306e-05,0,0.019570925940085426,model::deberta,DeBERTa,42
5307,1,3.77259602828417e-05,0,0.019570925940085426,model::deberta,DeBERTa,42
19342,0,3.5383440263103694e-05,0,0.019570925940085426,model::deberta,DeBERTa,42
4314,0,0.0016907420940697,0,0.019570925940085426,model::deberta,DeBERTa,42
2980,1,3.5067736462224275e-05,0,0.019570925940085426,model::deberta,DeBERTa,42
13846,0,3.703085531014949e-05,0,0.019570925940085426,model::deberta,DeBERTa,42
18405,0,3.720493987202644e-05,0,0.019570925940085426,model::deberta,DeBERTa,42
9552,1,3.667341297841631e-05,0,0.019570925940085426,model::deberta,DeBERTa,42
18882,1,3.550305336830206e-05,0,0.019570925940085426,model::deberta,DeBERTa,42
15253,0,3.975207800976932e-05,0,0.019570925940085426,model::deberta,DeBERTa,42
4815,0,3.5378849133849144e-05,0,0.019570925940085426,model::deberta,DeBERTa,42
8531,1,3.849676431855187e-05,0,0.019570925940085426,model::deberta,DeBERTa,42
14005,1,3.649677091743797e-05,0,0.019570925940085426,model::deberta,DeBERTa,42
3579,1,3.600048512453213e-05,0,0.019570925940085426,model::deberta,DeBERTa,42
8311,1,3.611292413552292e-05,0,0.019570925940085426,model::deberta,DeBERTa,42
6421,0,3.912796819349751e-05,0,0.019570925940085426,model::deberta,DeBERTa,42
15194,1,4.002408968517557e-05,0,0.019570925940085426,model::deberta,DeBERTa,42
12840,1,3.5782624763669446e-05,0,0.019570925940085426,model::deberta,DeBERTa,42
15793,0,3.5506913263816386e-05,0,0.019570925940085426,model::deberta,DeBERTa,42
12661,0,4.153795453021303e-05,0,0.019570925940085426,model::deberta,DeBERTa,42
17329,0,3.4426437196088955e-05,0,0.019570925940085426,model::deberta,DeBERTa,42
20832,1,4.3689182348316535e-05,0,0.019570925940085426,model::deberta,DeBERTa,42
6802,0,3.355855733389035e-05,0,0.019570925940085426,model::deberta,DeBERTa,42
16815,1,3.668499266495928e-05,0,0.019570925940085426,model::deberta,DeBERTa,42
4850,0,0.0010525323450565,0,0.019570925940085426,model::deberta,DeBERTa,42
15309,0,4.685827661887743e-05,0,0.019570925940085426,model::deberta,DeBERTa,42
8342,0,3.6203953641233966e-05,0,0.019570925940085426,model::deberta,DeBERTa,42
8878,1,3.893110988428816e-05,0,0.019570925940085426,model::deberta,DeBERTa,42
19332,1,3.938140071113594e-05,0,0.019570925940085426,model::deberta,DeBERTa,42
6987,1,4.33978893852327e-05,0,0.019570925940085426,model::deberta,DeBERTa,42
17374,1,3.653674139059149e-05,0,0.019570925940085426,model::deberta,DeBERTa,42
3848,1,3.77727956220042e-05,0,0.019570925940085426,model::deberta,DeBERTa,42
12077,1,3.703912443597801e-05,0,0.019570925940085426,model::deberta,DeBERTa,42
6620,1,3.384172305231914e-05,0,0.019570925940085426,model::deberta,DeBERTa,42
14377,0,3.460695006651804e-05,0,0.019570925940085426,model::deberta,DeBERTa,42
2816,1,3.89667293347884e-05,0,0.019570925940085426,model::deberta,DeBERTa,42
6392,1,3.929133163182996e-05,0,0.019570925940085426,model::deberta,DeBERTa,42
16552,1,3.714629929163493e-05,0,0.019570925940085426,model::deberta,DeBERTa,42
13603,0,0.0006085560307838,0,0.019570925940085426,model::deberta,DeBERTa,42
14546,0,3.236490010749549e-05,0,0.019570925940085426,model::deberta,DeBERTa,42
4627,1,3.5815537557937205e-05,0,0.019570925940085426,model::deberta,DeBERTa,42
12923,1,3.861280129058287e-05,0,0.019570925940085426,model::deberta,DeBERTa,42
18722,1,3.458062201389112e-05,0,0.019570925940085426,model::deberta,DeBERTa,42
7617,1,3.6589957744581625e-05,0,0.019570925940085426,model::deberta,DeBERTa,42
4668,0,3.653006206150167e-05,0,0.019570925940085426,model::deberta,DeBERTa,42
6499,0,3.453547469689511e-05,0,0.019570925940085426,model::deberta,DeBERTa,42
8288,0,3.643869058578275e-05,0,0.019570925940085426,model::deberta,DeBERTa,42
2725,0,3.437004852457903e-05,0,0.019570925940085426,model::deberta,DeBERTa,42
18557,0,3.497309080557898e-05,0,0.019570925940085426,model::deberta,DeBERTa,42
2093,0,3.883777390001342e-05,0,0.019570925940085426,model::deberta,DeBERTa,42
8843,0,3.476028359727934e-05,0,0.019570925940085426,model::deberta,DeBERTa,42
16318,0,4.286491093807854e-05,0,0.019570925940085426,model::deberta,DeBERTa,42
4469,1,3.52682254742831e-05,0,0.019570925940085426,model::deberta,DeBERTa,42
20318,0,4.477725815377198e-05,0,0.019570925940085426,model::deberta,DeBERTa,42
18224,1,3.5663801099872217e-05,0,0.019570925940085426,model::deberta,DeBERTa,42
20399,1,3.6559296859195456e-05,0,0.019570925940085426,model::deberta,DeBERTa,42
6939,0,3.267533611506224e-05,0,0.019570925940085426,model::deberta,DeBERTa,42
9990,0,3.698543514474295e-05,0,0.019570925940085426,model::deberta,DeBERTa,42
10238,1,3.556998854037374e-05,0,0.019570925940085426,model::deberta,DeBERTa,42
20987,0,3.744363129953854e-05,0,0.019570925940085426,model::deberta,DeBERTa,42
15757,1,3.6445366276893765e-05,0,0.019570925940085426,model::deberta,DeBERTa,42
18082,0,4.333887045504525e-05,0,0.019570925940085426,model::deberta,DeBERTa,42
1506,1,3.570558692445047e-05,0,0.019570925940085426,model::deberta,DeBERTa,42
19964,0,3.450064832577482e-05,0,0.019570925940085426,model::deberta,DeBERTa,42
12627,1,3.818047844106332e-05,0,0.019570925940085426,model::deberta,DeBERTa,42
12100,0,3.26131957990583e-05,0,0.019570925940085426,model::deberta,DeBERTa,42
8388,1,3.965170617448166e-05,0,0.019570925940085426,model::deberta,DeBERTa,42
21083,0,3.8327671063598245e-05,0,0.019570925940085426,model::deberta,DeBERTa,42
18678,1,3.883695899276063e-05,0,0.019570925940085426,model::deberta,DeBERTa,42
832,0,3.393256338313222e-05,0,0.019570925940085426,model::deberta,DeBERTa,42
6428,1,3.611078500398435e-05,0,0.019570925940085426,model::deberta,DeBERTa,42
14122,1,3.819525954895653e-05,0,0.019570925940085426,model::deberta,DeBERTa,42
10830,0,3.5470937291393057e-05,0,0.019570925940085426,model::deberta,DeBERTa,42
6650,1,3.8346097426256165e-05,0,0.019570925940085426,model::deberta,DeBERTa,42
2349,1,3.999231194029562e-05,0,0.019570925940085426,model::deberta,DeBERTa,42
17693,0,3.776587982429192e-05,0,0.019570925940085426,model::deberta,DeBERTa,42
1505,1,4.559206354315393e-05,0,0.019570925940085426,model::deberta,DeBERTa,42
20743,0,3.5518296499503776e-05,0,0.019570925940085426,model::deberta,DeBERTa,42
208,1,3.869016654789448e-05,0,0.019570925940085426,model::deberta,DeBERTa,42
5140,1,4.1495590267004445e-05,0,0.019570925940085426,model::deberta,DeBERTa,42
3077,1,4.871132841799408e-05,0,0.019570925940085426,model::deberta,DeBERTa,42
10906,1,3.6897290556225926e-05,0,0.019570925940085426,model::deberta,DeBERTa,42
16467,1,3.47642635460943e-05,0,0.019570925940085426,model::deberta,DeBERTa,42
18995,1,3.8082984247012064e-05,0,0.019570925940085426,model::deberta,DeBERTa,42
13964,0,3.439073407207616e-05,0,0.019570925940085426,model::deberta,DeBERTa,42
19122,1,3.680932059069164e-05,0,0.019570925940085426,model::deberta,DeBERTa,42
12284,1,3.533575727487914e-05,0,0.019570925940085426,model::deberta,DeBERTa,42
15030,0,3.627380283433013e-05,0,0.019570925940085426,model::deberta,DeBERTa,42
8464,0,3.6797810025746e-05,0,0.019570925940085426,model::deberta,DeBERTa,42
8716,1,3.836306859739125e-05,0,0.019570925940085426,model::deberta,DeBERTa,42
1028,0,3.918928632629104e-05,0,0.019570925940085426,model::deberta,DeBERTa,42
5908,1,3.7132380384719e-05,0,0.019570925940085426,model::deberta,DeBERTa,42
12457,1,3.625471072155051e-05,0,0.019570925940085426,model::deberta,DeBERTa,42
17102,1,3.761201151064597e-05,0,0.019570925940085426,model::deberta,DeBERTa,42
10844,0,3.423380258027464e-05,0,0.019570925940085426,model::deberta,DeBERTa,42
20782,1,3.557877789717168e-05,0,0.019570925940085426,model::deberta,DeBERTa,42
16211,0,3.773700518650003e-05,0,0.019570925940085426,model::deberta,DeBERTa,42
18610,1,3.7674799386877567e-05,0,0.019570925940085426,model::deberta,DeBERTa,42
6018,1,3.627089608926326e-05,0,0.019570925940085426,model::deberta,DeBERTa,42
15466,1,3.487074718577787e-05,0,0.019570925940085426,model::deberta,DeBERTa,42
716,0,3.648946221801452e-05,0,0.019570925940085426,model::deberta,DeBERTa,42
9034,0,3.436582119320519e-05,0,0.019570925940085426,model::deberta,DeBERTa,42
13710,0,3.5700755688594654e-05,0,0.019570925940085426,model::deberta,DeBERTa,42
2365,1,3.4644293918972835e-05,0,0.019570925940085426,model::deberta,DeBERTa,42
19049,0,3.644223761511967e-05,0,0.019570925940085426,model::deberta,DeBERTa,42
6730,1,3.629618731793016e-05,0,0.019570925940085426,model::deberta,DeBERTa,42
3653,0,3.2613130315439776e-05,0,0.019570925940085426,model::deberta,DeBERTa,42
18153,1,3.674100662465207e-05,0,0.019570925940085426,model::deberta,DeBERTa,42
2392,1,3.64464103768114e-05,0,0.019570925940085426,model::deberta,DeBERTa,42
12733,0,5.687904922524467e-05,0,0.019570925940085426,model::deberta,DeBERTa,42
9310,0,3.695170016726479e-05,0,0.019570925940085426,model::deberta,DeBERTa,42
7591,1,3.657921115518548e-05,0,0.019570925940085426,model::deberta,DeBERTa,42
20265,0,3.322331394883804e-05,0,0.019570925940085426,model::deberta,DeBERTa,42
12991,1,3.634811218944378e-05,0,0.019570925940085426,model::deberta,DeBERTa,42
4602,1,0.00070032896474,0,0.019570925940085426,model::deberta,DeBERTa,42
5286,1,3.529824243742041e-05,0,0.019570925940085426,model::deberta,DeBERTa,42
1544,0,3.738276063813828e-05,0,0.019570925940085426,model::deberta,DeBERTa,42
12179,0,4.041800639242865e-05,0,0.019570925940085426,model::deberta,DeBERTa,42
18950,0,3.542780177667737e-05,0,0.019570925940085426,model::deberta,DeBERTa,42
299,1,3.562545680324547e-05,0,0.019570925940085426,model::deberta,DeBERTa,42
9220,1,3.805401138379239e-05,0,0.019570925940085426,model::deberta,DeBERTa,42
5996,0,3.798399848164991e-05,0,0.019570925940085426,model::deberta,DeBERTa,42
18391,1,3.5957626096205786e-05,0,0.019570925940085426,model::deberta,DeBERTa,42
1344,0,3.690682933665812e-05,0,0.019570925940085426,model::deberta,DeBERTa,42
18727,1,3.727077637449838e-05,0,0.019570925940085426,model::deberta,DeBERTa,42
2307,1,3.407423719181679e-05,0,0.019570925940085426,model::deberta,DeBERTa,42
6844,1,4.208664904581383e-05,0,0.019570925940085426,model::deberta,DeBERTa,42
18049,1,3.59666119038593e-05,0,0.019570925940085426,model::deberta,DeBERTa,42
16513,0,3.41583727276884e-05,0,0.019570925940085426,model::deberta,DeBERTa,42
1636,1,3.429748903727159e-05,0,0.019570925940085426,model::deberta,DeBERTa,42
5741,1,3.556090086931363e-05,0,0.019570925940085426,model::deberta,DeBERTa,42
7792,0,3.980271503678523e-05,0,0.019570925940085426,model::deberta,DeBERTa,42
17869,1,3.49721267411951e-05,0,0.019570925940085426,model::deberta,DeBERTa,42
5132,1,3.591825588955544e-05,0,0.019570925940085426,model::deberta,DeBERTa,42
4576,1,3.73428592865821e-05,0,0.019570925940085426,model::deberta,DeBERTa,42
5222,0,3.830721107078716e-05,0,0.019570925940085426,model::deberta,DeBERTa,42
7317,1,3.6781570088351145e-05,0,0.019570925940085426,model::deberta,DeBERTa,42
20554,0,3.907207428710535e-05,0,0.019570925940085426,model::deberta,DeBERTa,42
3513,0,3.807684333878569e-05,0,0.019570925940085426,model::deberta,DeBERTa,42
905,1,3.771955380216241e-05,0,0.019570925940085426,model::deberta,DeBERTa,42
20667,0,3.436198676354252e-05,0,0.019570925940085426,model::deberta,DeBERTa,42
9661,0,7.59773247409612e-05,0,0.019570925940085426,model::deberta,DeBERTa,42
10254,1,3.3920721762115136e-05,0,0.019570925940085426,model::deberta,DeBERTa,42
8912,0,3.4875636629294604e-05,0,0.019570925940085426,model::deberta,DeBERTa,42
4089,0,3.5513519833330065e-05,0,0.019570925940085426,model::deberta,DeBERTa,42
17783,1,3.564098369679414e-05,0,0.019570925940085426,model::deberta,DeBERTa,42
16845,1,4.10208958783187e-05,0,0.019570925940085426,model::deberta,DeBERTa,42
17988,1,3.411533543840051e-05,0,0.019570925940085426,model::deberta,DeBERTa,42
20016,0,3.82531106879469e-05,0,0.019570925940085426,model::deberta,DeBERTa,42
20641,1,3.472543539828621e-05,0,0.019570925940085426,model::deberta,DeBERTa,42
16492,1,3.407374970265664e-05,0,0.019570925940085426,model::deberta,DeBERTa,42
5336,0,3.81235295208171e-05,0,0.019570925940085426,model::deberta,DeBERTa,42
17733,1,3.476797792245634e-05,0,0.019570925940085426,model::deberta,DeBERTa,42
14810,1,3.6952718801330775e-05,0,0.019570925940085426,model::deberta,DeBERTa,42
9299,1,3.788039975916036e-05,0,0.019570925940085426,model::deberta,DeBERTa,42
16433,0,4.819728201255202e-05,0,0.019570925940085426,model::deberta,DeBERTa,42
1734,1,3.688972719828598e-05,0,0.019570925940085426,model::deberta,DeBERTa,42
6052,0,3.477261998341419e-05,0,0.019570925940085426,model::deberta,DeBERTa,42
5806,1,3.6939858546247706e-05,0,0.019570925940085426,model::deberta,DeBERTa,42
15588,0,4.030496347695589e-05,0,0.019570925940085426,model::deberta,DeBERTa,42
15626,1,3.5093431506538764e-05,0,0.019570925940085426,model::deberta,DeBERTa,42
9918,1,3.629380080383271e-05,0,0.019570925940085426,model::deberta,DeBERTa,42
14579,0,3.63090293831192e-05,0,0.019570925940085426,model::deberta,DeBERTa,42
16056,1,4.6802761062281206e-05,0,0.019570925940085426,model::deberta,DeBERTa,42
13238,0,3.5397071769693866e-05,0,0.019570925940085426,model::deberta,DeBERTa,42
11787,1,4.110136069357395e-05,0,0.019570925940085426,model::deberta,DeBERTa,42
10176,1,3.67028042091988e-05,0,0.019570925940085426,model::deberta,DeBERTa,42
1360,0,3.57427925337106e-05,0,0.019570925940085426,model::deberta,DeBERTa,42
3883,0,3.5020413633901626e-05,0,0.019570925940085426,model::deberta,DeBERTa,42
5387,0,3.386655225767754e-05,0,0.019570925940085426,model::deberta,DeBERTa,42
20307,1,3.60366866516415e-05,0,0.019570925940085426,model::deberta,DeBERTa,42
1963,0,3.5761473554885015e-05,0,0.019570925940085426,model::deberta,DeBERTa,42
16002,0,3.6666660889750347e-05,0,0.019570925940085426,model::deberta,DeBERTa,42
19416,0,3.827668115263805e-05,0,0.019570925940085426,model::deberta,DeBERTa,42
5518,0,3.473765536909923e-05,0,0.019570925940085426,model::deberta,DeBERTa,42
17651,0,3.357072273502126e-05,0,0.019570925940085426,model::deberta,DeBERTa,42
8179,0,3.505987842800096e-05,0,0.019570925940085426,model::deberta,DeBERTa,42
10276,0,3.7396312109194696e-05,0,0.019570925940085426,model::deberta,DeBERTa,42
13812,0,3.39043908752501e-05,0,0.019570925940085426,model::deberta,DeBERTa,42
12745,0,3.872357410728e-05,0,0.019570925940085426,model::deberta,DeBERTa,42
11182,0,4.697146505350247e-05,0,0.019570925940085426,model::deberta,DeBERTa,42
13950,0,3.717387153301388e-05,0,0.019570925940085426,model::deberta,DeBERTa,42
16749,1,3.522909537423402e-05,0,0.019570925940085426,model::deberta,DeBERTa,42
6368,0,3.4734046494122595e-05,0,0.019570925940085426,model::deberta,DeBERTa,42
9739,1,3.820491474471055e-05,0,0.019570925940085426,model::deberta,DeBERTa,42
7749,0,3.551917689037509e-05,0,0.019570925940085426,model::deberta,DeBERTa,42
20739,0,3.809242480201647e-05,0,0.019570925940085426,model::deberta,DeBERTa,42
19228,1,3.755337820621208e-05,0,0.019570925940085426,model::deberta,DeBERTa,42
2161,0,3.426176408538595e-05,0,0.019570925940085426,model::deberta,DeBERTa,42
6302,0,3.3824140700744465e-05,0,0.019570925940085426,model::deberta,DeBERTa,42
6784,1,3.7012923712609336e-05,0,0.019570925940085426,model::deberta,DeBERTa,42
20887,1,3.900353840435855e-05,0,0.019570925940085426,model::deberta,DeBERTa,42
5202,0,7.179471867857501e-05,0,0.019570925940085426,model::deberta,DeBERTa,42
6877,1,3.5638371628010646e-05,0,0.019570925940085426,model::deberta,DeBERTa,42
11013,0,3.6123219615546986e-05,0,0.019570925940085426,model::deberta,DeBERTa,42
17333,1,3.793437281274237e-05,0,0.019570925940085426,model::deberta,DeBERTa,42
16463,0,4.6026467316551134e-05,0,0.019570925940085426,model::deberta,DeBERTa,42
12128,1,4.041411375510506e-05,0,0.019570925940085426,model::deberta,DeBERTa,42
20941,0,3.530147296260111e-05,0,0.019570925940085426,model::deberta,DeBERTa,42
5545,1,3.70096749975346e-05,0,0.019570925940085426,model::deberta,DeBERTa,42
16670,1,3.4297456295462325e-05,0,0.019570925940085426,model::deberta,DeBERTa,42
17613,1,4.088611603947356e-05,0,0.019570925940085426,model::deberta,DeBERTa,42
3261,1,3.743413617485203e-05,0,0.019570925940085426,model::deberta,DeBERTa,42
9418,0,3.5039352951571345e-05,0,0.019570925940085426,model::deberta,DeBERTa,42
7179,1,3.670781006803736e-05,0,0.019570925940085426,model::deberta,DeBERTa,42
8831,0,3.609973646234721e-05,0,0.019570925940085426,model::deberta,DeBERTa,42
16949,1,3.561835546861403e-05,0,0.019570925940085426,model::deberta,DeBERTa,42
1284,0,3.486878267722204e-05,0,0.019570925940085426,model::deberta,DeBERTa,42
12243,1,3.6965091567253694e-05,0,0.019570925940085426,model::deberta,DeBERTa,42
11706,1,3.4914173738798127e-05,0,0.019570925940085426,model::deberta,DeBERTa,42
20237,0,3.364934673300013e-05,0,0.019570925940085426,model::deberta,DeBERTa,42
835,0,3.809896224993281e-05,0,0.019570925940085426,model::deberta,DeBERTa,42
16194,1,3.493989061098546e-05,0,0.019570925940085426,model::deberta,DeBERTa,42
2330,1,3.453375757089816e-05,0,0.019570925940085426,model::deberta,DeBERTa,42
13622,1,3.7003217585152015e-05,0,0.019570925940085426,model::deberta,DeBERTa,42
18058,1,3.708796793944202e-05,0,0.019570925940085426,model::deberta,DeBERTa,42
5015,0,3.609171471907757e-05,0,0.019570925940085426,model::deberta,DeBERTa,42
10920,0,5.0961945817107335e-05,0,0.019570925940085426,model::deberta,DeBERTa,42
13464,0,3.598222610889934e-05,0,0.019570925940085426,model::deberta,DeBERTa,42
20656,1,0.0004016699676867,0,0.019570925940085426,model::deberta,DeBERTa,42
12789,0,3.445464972173795e-05,0,0.019570925940085426,model::deberta,DeBERTa,42
19212,1,4.062501466250978e-05,0,0.019570925940085426,model::deberta,DeBERTa,42
19282,1,4.078436177223921e-05,0,0.019570925940085426,model::deberta,DeBERTa,42
288,0,3.723120244103484e-05,0,0.019570925940085426,model::deberta,DeBERTa,42
15250,0,3.4076383599312976e-05,0,0.019570925940085426,model::deberta,DeBERTa,42
10506,0,4.065423854626715e-05,0,0.019570925940085426,model::deberta,DeBERTa,42
3269,1,3.614013985497877e-05,0,0.019570925940085426,model::deberta,DeBERTa,42
2241,1,3.688494689413346e-05,0,0.019570925940085426,model::deberta,DeBERTa,42
12807,1,3.3541473385412246e-05,0,0.019570925940085426,model::deberta,DeBERTa,42
21086,0,3.4509695979068056e-05,0,0.019570925940085426,model::deberta,DeBERTa,42
20188,0,3.6024837754666805e-05,0,0.019570925940085426,model::deberta,DeBERTa,42
11548,0,3.6975947296014056e-05,0,0.019570925940085426,model::deberta,DeBERTa,42
12955,1,3.83456535928417e-05,0,0.019570925940085426,model::deberta,DeBERTa,42
10288,1,3.757433296414092e-05,0,0.019570925940085426,model::deberta,DeBERTa,42
6633,1,3.833308073808439e-05,0,0.019570925940085426,model::deberta,DeBERTa,42
13995,0,3.649712016340345e-05,0,0.019570925940085426,model::deberta,DeBERTa,42
14659,1,3.566982195479795e-05,0,0.019570925940085426,model::deberta,DeBERTa,42
3708,1,3.705586277646944e-05,0,0.019570925940085426,model::deberta,DeBERTa,42
14245,0,3.39396829076577e-05,0,0.019570925940085426,model::deberta,DeBERTa,42
10751,0,3.5532557376427576e-05,0,0.019570925940085426,model::deberta,DeBERTa,42
20867,1,3.658325658761896e-05,0,0.019570925940085426,model::deberta,DeBERTa,42
16297,1,3.6308541893959045e-05,0,0.019570925940085426,model::deberta,DeBERTa,42
19176,0,3.356610977789387e-05,0,0.019570925940085426,model::deberta,DeBERTa,42
10463,1,3.675355401355773e-05,0,0.019570925940085426,model::deberta,DeBERTa,42
5943,0,3.7738660466857255e-05,0,0.019570925940085426,model::deberta,DeBERTa,42
6274,0,9.17819343158044e-05,0,0.019570925940085426,model::deberta,DeBERTa,42
7012,1,3.89224587706849e-05,0,0.019570925940085426,model::deberta,DeBERTa,42
2528,0,3.5602221032604575e-05,0,0.019570925940085426,model::deberta,DeBERTa,42
5244,1,3.4518416214268655e-05,0,0.019570925940085426,model::deberta,DeBERTa,42
3228,1,3.487111098365858e-05,0,0.019570925940085426,model::deberta,DeBERTa,42
13679,1,3.967232260038145e-05,0,0.019570925940085426,model::deberta,DeBERTa,42
2353,0,3.748178642126732e-05,0,0.019570925940085426,model::deberta,DeBERTa,42
17868,0,3.460959123913199e-05,0,0.019570925940085426,model::deberta,DeBERTa,42
10911,0,3.718220250448212e-05,0,0.019570925940085426,model::deberta,DeBERTa,42
17795,0,3.5173874493921176e-05,0,0.019570925940085426,model::deberta,DeBERTa,42
4064,0,3.47583627444692e-05,0,0.019570925940085426,model::deberta,DeBERTa,42
11220,1,3.544618812156841e-05,0,0.019570925940085426,model::deberta,DeBERTa,42
6330,0,3.710587043315172e-05,0,0.019570925940085426,model::deberta,DeBERTa,42
3160,1,3.732106779352762e-05,0,0.019570925940085426,model::deberta,DeBERTa,42
9211,0,3.600539639592171e-05,0,0.019570925940085426,model::deberta,DeBERTa,42
13829,1,3.708464282681234e-05,0,0.019570925940085426,model::deberta,DeBERTa,42
20040,0,3.513836782076396e-05,0,0.019570925940085426,model::deberta,DeBERTa,42
8151,0,3.769079194171354e-05,0,0.019570925940085426,model::deberta,DeBERTa,42
19258,1,3.3476953831268474e-05,0,0.019570925940085426,model::deberta,DeBERTa,42
18899,0,3.736508733709343e-05,0,0.019570925940085426,model::deberta,DeBERTa,42
21008,0,3.931010724045336e-05,0,0.019570925940085426,model::deberta,DeBERTa,42
17324,1,3.986707451986149e-05,0,0.019570925940085426,model::deberta,DeBERTa,42
944,1,3.91158064303454e-05,0,0.019570925940085426,model::deberta,DeBERTa,42
8278,0,3.3043026633095e-05,0,0.019570925940085426,model::deberta,DeBERTa,42
17555,1,3.748232120415196e-05,0,0.019570925940085426,model::deberta,DeBERTa,42
3857,1,3.6904682929161936e-05,0,0.019570925940085426,model::deberta,DeBERTa,42
12737,1,3.6175209970679134e-05,0,0.019570925940085426,model::deberta,DeBERTa,42
15545,0,3.920490780728869e-05,0,0.019570925940085426,model::deberta,DeBERTa,42
8693,1,3.65962041541934e-05,0,0.019570925940085426,model::deberta,DeBERTa,42
2521,1,3.81544123229105e-05,0,0.019570925940085426,model::deberta,DeBERTa,42
5398,1,3.421324072405696e-05,0,0.019570925940085426,model::deberta,DeBERTa,42
14372,1,3.604187804739922e-05,0,0.019570925940085426,model::deberta,DeBERTa,42
14629,0,3.3934407838387415e-05,0,0.019570925940085426,model::deberta,DeBERTa,42
5149,0,5.021191464038566e-05,0,0.019570925940085426,model::deberta,DeBERTa,42
1411,1,3.499507511151023e-05,0,0.019570925940085426,model::deberta,DeBERTa,42
20931,1,3.593185465433635e-05,0,0.019570925940085426,model::deberta,DeBERTa,42
7180,0,4.284011083655059e-05,0,0.019570925940085426,model::deberta,DeBERTa,42
2091,0,3.7390069337561727e-05,0,0.019570925940085426,model::deberta,DeBERTa,42
2141,1,3.7792899092892185e-05,0,0.019570925940085426,model::deberta,DeBERTa,42
6695,0,3.453349563642405e-05,0,0.019570925940085426,model::deberta,DeBERTa,42
7950,0,3.927137004211545e-05,0,0.019570925940085426,model::deberta,DeBERTa,42
17601,1,3.619321796577424e-05,0,0.019570925940085426,model::deberta,DeBERTa,42
14362,0,3.676673804875463e-05,0,0.019570925940085426,model::deberta,DeBERTa,42
9196,1,3.631270010373555e-05,0,0.019570925940085426,model::deberta,DeBERTa,42
18311,1,3.750102041522041e-05,0,0.019570925940085426,model::deberta,DeBERTa,42
18325,0,3.281873432570137e-05,0,0.019570925940085426,model::deberta,DeBERTa,42
2602,0,3.469875082373619e-05,0,0.019570925940085426,model::deberta,DeBERTa,42
17256,0,3.801237471634522e-05,0,0.019570925940085426,model::deberta,DeBERTa,42
2691,1,3.590284177334979e-05,0,0.019570925940085426,model::deberta,DeBERTa,42
19058,0,3.828186527243816e-05,0,0.019570925940085426,model::deberta,DeBERTa,42
9185,1,3.9414615457644686e-05,0,0.019570925940085426,model::deberta,DeBERTa,42
20745,0,3.540801117196679e-05,0,0.019570925940085426,model::deberta,DeBERTa,42
9544,0,3.3512314985273406e-05,0,0.019570925940085426,model::deberta,DeBERTa,42
11431,1,3.6978275602450594e-05,0,0.019570925940085426,model::deberta,DeBERTa,42
11528,0,3.414218735997565e-05,0,0.019570925940085426,model::deberta,DeBERTa,42
12441,0,3.275769995525479e-05,0,0.019570925940085426,model::deberta,DeBERTa,42
11925,0,3.410008139326237e-05,0,0.019570925940085426,model::deberta,DeBERTa,42
2900,0,3.777971141971648e-05,0,0.019570925940085426,model::deberta,DeBERTa,42
16701,1,3.568611646187492e-05,0,0.019570925940085426,model::deberta,DeBERTa,42
5660,0,3.390966230654158e-05,0,0.019570925940085426,model::deberta,DeBERTa,42
346,1,3.608077167882584e-05,0,0.019570925940085426,model::deberta,DeBERTa,42
13438,1,3.47620079992339e-05,0,0.019570925940085426,model::deberta,DeBERTa,42
1650,0,4.138848817092367e-05,0,0.019570925940085426,model::deberta,DeBERTa,42
7861,0,3.575819937395863e-05,0,0.019570925940085426,model::deberta,DeBERTa,42
21098,0,3.626709440140985e-05,0,0.019570925940085426,model::deberta,DeBERTa,42
3888,1,3.706823554239236e-05,0,0.019570925940085426,model::deberta,DeBERTa,42
19944,0,3.7416215491248295e-05,0,0.019570925940085426,model::deberta,DeBERTa,42
6096,1,3.578194446163252e-05,0,0.019570925940085426,model::deberta,DeBERTa,42
12443,1,3.6454261135077104e-05,0,0.019570925940085426,model::deberta,DeBERTa,42
18921,0,3.365043812664226e-05,0,0.019570925940085426,model::deberta,DeBERTa,42
19057,1,4.992571848561056e-05,0,0.019570925940085426,model::deberta,DeBERTa,42
10696,0,3.67292741429992e-05,0,0.019570925940085426,model::deberta,DeBERTa,42
1091,0,3.697626380017027e-05,0,0.019570925940085426,model::deberta,DeBERTa,42
10496,1,3.693133476190269e-05,0,0.019570925940085426,model::deberta,DeBERTa,42
5579,1,3.752126576728188e-05,0,0.019570925940085426,model::deberta,DeBERTa,42
348,0,3.5050350561505184e-05,0,0.019570925940085426,model::deberta,DeBERTa,42
7791,0,4.938212805427611e-05,0,0.019570925940085426,model::deberta,DeBERTa,42
6921,0,3.730697790160775e-05,0,0.019570925940085426,model::deberta,DeBERTa,42
5961,0,3.596290844143368e-05,0,0.019570925940085426,model::deberta,DeBERTa,42
423,0,3.908813596353866e-05,0,0.019570925940085426,model::deberta,DeBERTa,42
5252,1,3.474279219517484e-05,0,0.019570925940085426,model::deberta,DeBERTa,42
6483,1,3.798371108132415e-05,0,0.019570925940085426,model::deberta,DeBERTa,42
9998,0,4.164381607552059e-05,0,0.019570925940085426,model::deberta,DeBERTa,42
11973,1,3.5204247978981584e-05,0,0.019570925940085426,model::deberta,DeBERTa,42
10073,0,3.398664921405725e-05,0,0.019570925940085426,model::deberta,DeBERTa,42
16291,1,3.53362993337214e-05,0,0.019570925940085426,model::deberta,DeBERTa,42
15117,0,4.024957161163911e-05,0,0.019570925940085426,model::deberta,DeBERTa,42
6412,1,3.473861943348311e-05,0,0.019570925940085426,model::deberta,DeBERTa,42
14392,0,3.563330392353237e-05,0,0.019570925940085426,model::deberta,DeBERTa,42
13991,1,3.546130392351188e-05,0,0.019570925940085426,model::deberta,DeBERTa,42
5799,0,3.340746116009541e-05,0,0.019570925940085426,model::deberta,DeBERTa,42
14778,1,3.477832433418371e-05,0,0.019570925940085426,model::deberta,DeBERTa,42
15503,0,3.2538577215746045e-05,0,0.019570925940085426,model::deberta,DeBERTa,42
13030,1,3.607364851632156e-05,0,0.019570925940085426,model::deberta,DeBERTa,42
5198,1,3.969093813793734e-05,0,0.019570925940085426,model::deberta,DeBERTa,42
6892,1,3.877782364725135e-05,0,0.019570925940085426,model::deberta,DeBERTa,42
3729,0,5.17919470439665e-05,0,0.019570925940085426,model::deberta,DeBERTa,42
8235,1,3.8849371776450425e-05,0,0.019570925940085426,model::deberta,DeBERTa,42
21073,0,3.94164162571542e-05,0,0.019570925940085426,model::deberta,DeBERTa,42
19901,0,3.466534326435067e-05,0,0.019570925940085426,model::deberta,DeBERTa,42
16269,0,3.573944923118688e-05,0,0.019570925940085426,model::deberta,DeBERTa,42
415,0,3.378423207323067e-05,0,0.019570925940085426,model::deberta,DeBERTa,42
619,1,3.621068754000589e-05,0,0.019570925940085426,model::deberta,DeBERTa,42
9421,1,3.651895167422481e-05,0,0.019570925940085426,model::deberta,DeBERTa,42
1992,1,3.870016735163517e-05,0,0.019570925940085426,model::deberta,DeBERTa,42
9633,0,3.3492153306724504e-05,0,0.019570925940085426,model::deberta,DeBERTa,42
790,0,3.391185964574106e-05,0,0.019570925940085426,model::deberta,DeBERTa,42
7410,1,4.3854062823811546e-05,0,0.019570925940085426,model::deberta,DeBERTa,42
5427,0,3.654629472293891e-05,0,0.019570925940085426,model::deberta,DeBERTa,42
12704,0,3.4819146094378084e-05,0,0.019570925940085426,model::deberta,DeBERTa,42
7225,1,9.322982077719644e-05,0,0.019570925940085426,model::deberta,DeBERTa,42
3310,0,3.711556564667262e-05,0,0.019570925940085426,model::deberta,DeBERTa,42
11385,0,3.892253153026104e-05,0,0.019570925940085426,model::deberta,DeBERTa,42
490,1,4.269499913789332e-05,0,0.019570925940085426,model::deberta,DeBERTa,42
1730,1,4.88081896037329e-05,0,0.019570925940085426,model::deberta,DeBERTa,42
20113,1,3.710141027113423e-05,0,0.019570925940085426,model::deberta,DeBERTa,42
13770,0,3.650000871857628e-05,0,0.019570925940085426,model::deberta,DeBERTa,42
12039,1,3.597697650548071e-05,0,0.019570925940085426,model::deberta,DeBERTa,42
8972,0,3.811248097917996e-05,0,0.019570925940085426,model::deberta,DeBERTa,42
5955,0,3.692583777592517e-05,0,0.019570925940085426,model::deberta,DeBERTa,42
18914,1,3.60433550667949e-05,0,0.019570925940085426,model::deberta,DeBERTa,42
13109,1,3.719603409990668e-05,0,0.019570925940085426,model::deberta,DeBERTa,42
14314,0,4.266926771379076e-05,0,0.019570925940085426,model::deberta,DeBERTa,42
487,1,3.870193904731423e-05,0,0.019570925940085426,model::deberta,DeBERTa,42
613,0,3.393858423805796e-05,0,0.019570925940085426,model::deberta,DeBERTa,42
18712,0,3.8112917536636814e-05,0,0.019570925940085426,model::deberta,DeBERTa,42
20055,0,6.753825437044725e-05,0,0.019570925940085426,model::deberta,DeBERTa,42
18631,0,3.772736454266124e-05,0,0.019570925940085426,model::deberta,DeBERTa,42
4749,1,3.650756480055861e-05,0,0.019570925940085426,model::deberta,DeBERTa,42
13940,0,3.481927706161514e-05,0,0.019570925940085426,model::deberta,DeBERTa,42
18683,0,3.5661214496940374e-05,0,0.019570925940085426,model::deberta,DeBERTa,42
7674,1,3.635972461779602e-05,0,0.019570925940085426,model::deberta,DeBERTa,42
13468,0,3.5282555472804233e-05,0,0.019570925940085426,model::deberta,DeBERTa,42
1488,1,3.5178742109565064e-05,0,0.019570925940085426,model::deberta,DeBERTa,42
17143,0,3.6934292438672855e-05,0,0.019570925940085426,model::deberta,DeBERTa,42
8932,1,3.617941547418013e-05,0,0.019570925940085426,model::deberta,DeBERTa,42
10240,1,4.275272658560425e-05,0,0.019570925940085426,model::deberta,DeBERTa,42
5794,0,3.7026195059297606e-05,0,0.019570925940085426,model::deberta,DeBERTa,42
429,1,0.0002145337784895,0,0.019570925940085426,model::deberta,DeBERTa,42
14203,1,3.507703877403401e-05,0,0.019570925940085426,model::deberta,DeBERTa,42
1602,0,4.009331314591691e-05,0,0.019570925940085426,model::deberta,DeBERTa,42
10137,1,3.752434713533148e-05,0,0.019570925940085426,model::deberta,DeBERTa,42
21093,1,5.1368537242524326e-05,0,0.019570925940085426,model::deberta,DeBERTa,42
20550,0,3.411367652006447e-05,0,0.019570925940085426,model::deberta,DeBERTa,42
16419,1,3.660398942884058e-05,0,0.019570925940085426,model::deberta,DeBERTa,42
3435,0,3.502709660097025e-05,0,0.019570925940085426,model::deberta,DeBERTa,42
19747,0,3.47094755852595e-05,0,0.019570925940085426,model::deberta,DeBERTa,42
896,0,3.5350316466065124e-05,0,0.019570925940085426,model::deberta,DeBERTa,42
1158,0,3.51242306351196e-05,0,0.019570925940085426,model::deberta,DeBERTa,42
3961,0,4.078241909155622e-05,0,0.019570925940085426,model::deberta,DeBERTa,42
5649,1,3.906629717675969e-05,0,0.019570925940085426,model::deberta,DeBERTa,42
19197,0,3.703272886923514e-05,0,0.019570925940085426,model::deberta,DeBERTa,42
634,0,3.4556855098344386e-05,0,0.019570925940085426,model::deberta,DeBERTa,42
15856,1,3.6415905924513936e-05,0,0.019570925940085426,model::deberta,DeBERTa,42
11681,1,3.9178783481474966e-05,0,0.019570925940085426,model::deberta,DeBERTa,42
18629,1,3.548514723661356e-05,0,0.019570925940085426,model::deberta,DeBERTa,42
908,1,3.634249515016563e-05,0,0.019570925940085426,model::deberta,DeBERTa,42
10067,0,3.781900522881188e-05,0,0.019570925940085426,model::deberta,DeBERTa,42
18318,1,3.627639671321958e-05,0,0.019570925940085426,model::deberta,DeBERTa,42
8724,1,3.529289097059518e-05,0,0.019570925940085426,model::deberta,DeBERTa,42
17763,0,3.692604877869599e-05,0,0.019570925940085426,model::deberta,DeBERTa,42
10931,0,3.8513029721798375e-05,0,0.019570925940085426,model::deberta,DeBERTa,42
5300,1,3.620046845753677e-05,0,0.019570925940085426,model::deberta,DeBERTa,42
14296,0,3.7289762985892594e-05,0,0.019570925940085426,model::deberta,DeBERTa,42
6517,0,3.5501121601555496e-05,0,0.019570925940085426,model::deberta,DeBERTa,42
9698,0,3.947739969589748e-05,0,0.019570925940085426,model::deberta,DeBERTa,42
3299,1,3.834558083326556e-05,0,0.019570925940085426,model::deberta,DeBERTa,42
15057,0,3.454585021245293e-05,0,0.019570925940085426,model::deberta,DeBERTa,42
18724,1,3.535095675033517e-05,0,0.019570925940085426,model::deberta,DeBERTa,42
4523,0,3.402017682674341e-05,0,0.019570925940085426,model::deberta,DeBERTa,42
15341,1,3.6754889151779935e-05,0,0.019570925940085426,model::deberta,DeBERTa,42
20812,0,3.782246858463623e-05,0,0.019570925940085426,model::deberta,DeBERTa,42
10438,1,3.778396421694197e-05,0,0.019570925940085426,model::deberta,DeBERTa,42
4214,0,4.159883974352852e-05,0,0.019570925940085426,model::deberta,DeBERTa,42
17013,0,3.667302735266276e-05,0,0.019570925940085426,model::deberta,DeBERTa,42
6937,1,3.767149246414192e-05,0,0.019570925940085426,model::deberta,DeBERTa,42
1126,0,7.169236778281629e-05,0,0.019570925940085426,model::deberta,DeBERTa,42
10572,0,4.181480835541152e-05,0,0.019570925940085426,model::deberta,DeBERTa,42
10926,1,3.531144102453254e-05,0,0.019570925940085426,model::deberta,DeBERTa,42
6536,1,3.734399797394872e-05,0,0.019570925940085426,model::deberta,DeBERTa,42
18459,0,3.530871254042722e-05,0,0.019570925940085426,model::deberta,DeBERTa,42
11808,0,3.427914634812623e-05,0,0.019570925940085426,model::deberta,DeBERTa,42
11380,0,3.8791065890109167e-05,0,0.019570925940085426,model::deberta,DeBERTa,42
808,1,3.780396582442336e-05,0,0.019570925940085426,model::deberta,DeBERTa,42
128,0,3.456229387666099e-05,0,0.019570925940085426,model::deberta,DeBERTa,42
2751,0,3.843905869871378e-05,0,0.019570925940085426,model::deberta,DeBERTa,42
12590,1,3.52138486050535e-05,0,0.019570925940085426,model::deberta,DeBERTa,42
14014,0,4.75097585876938e-05,0,0.019570925940085426,model::deberta,DeBERTa,42
18569,0,3.474107143119909e-05,0,0.019570925940085426,model::deberta,DeBERTa,42
3436,1,3.521946200635284e-05,0,0.019570925940085426,model::deberta,DeBERTa,42
3401,0,3.786562592722476e-05,0,0.019570925940085426,model::deberta,DeBERTa,42
15971,0,3.5910306905861944e-05,0,0.019570925940085426,model::deberta,DeBERTa,42
9490,0,3.373172148712911e-05,0,0.019570925940085426,model::deberta,DeBERTa,42
20368,0,3.488388756522909e-05,0,0.019570925940085426,model::deberta,DeBERTa,42
6327,1,3.675650077639148e-05,0,0.019570925940085426,model::deberta,DeBERTa,42
14955,0,3.885451951646246e-05,0,0.019570925940085426,model::deberta,DeBERTa,42
4579,1,3.7248180888127536e-05,0,0.019570925940085426,model::deberta,DeBERTa,42
982,1,3.889626532327384e-05,0,0.019570925940085426,model::deberta,DeBERTa,42
8426,1,3.706537245307118e-05,0,0.019570925940085426,model::deberta,DeBERTa,42
6009,1,3.4353859518887475e-05,0,0.019570925940085426,model::deberta,DeBERTa,42
334,0,3.3240808988921344e-05,0,0.019570925940085426,model::deberta,DeBERTa,42
19831,1,3.551121335476637e-05,0,0.019570925940085426,model::deberta,DeBERTa,42
6688,1,3.731323886313476e-05,0,0.019570925940085426,model::deberta,DeBERTa,42
2448,0,3.381730130058713e-05,0,0.019570925940085426,model::deberta,DeBERTa,42
17841,1,3.950010432163253e-05,0,0.019570925940085426,model::deberta,DeBERTa,42
16629,0,3.416205436224118e-05,0,0.019570925940085426,model::deberta,DeBERTa,42
5068,1,3.6894300137646496e-05,0,0.019570925940085426,model::deberta,DeBERTa,42
5234,1,3.577641473384574e-05,0,0.019570925940085426,model::deberta,DeBERTa,42
13878,1,3.752542033907957e-05,0,0.019570925940085426,model::deberta,DeBERTa,42
14440,1,3.5954952181782573e-05,0,0.019570925940085426,model::deberta,DeBERTa,42
10785,1,4.318750143283978e-05,0,0.019570925940085426,model::deberta,DeBERTa,42
5471,0,3.684704643092118e-05,0,0.019570925940085426,model::deberta,DeBERTa,42
13068,0,3.595406087697484e-05,0,0.019570925940085426,model::deberta,DeBERTa,42
11483,1,4.116805575904437e-05,0,0.019570925940085426,model::deberta,DeBERTa,42
8732,0,3.382639624760486e-05,0,0.019570925940085426,model::deberta,DeBERTa,42
19263,1,3.532477421686053e-05,0,0.019570925940085426,model::deberta,DeBERTa,42
9360,0,6.261548696784303e-05,0,0.019570925940085426,model::deberta,DeBERTa,42
14206,1,3.568016109056771e-05,0,0.019570925940085426,model::deberta,DeBERTa,42
688,0,4.001221896032803e-05,0,0.019570925940085426,model::deberta,DeBERTa,42
4075,0,3.476791243883781e-05,0,0.019570925940085426,model::deberta,DeBERTa,42
11274,0,3.94794660678599e-05,0,0.019570925940085426,model::deberta,DeBERTa,42
13925,1,3.817694232566282e-05,0,0.019570925940085426,model::deberta,DeBERTa,42
7279,0,3.581232886062935e-05,0,0.019570925940085426,model::deberta,DeBERTa,42
15247,0,3.691608435474336e-05,0,0.019570925940085426,model::deberta,DeBERTa,42
7024,0,3.404428935027681e-05,0,0.019570925940085426,model::deberta,DeBERTa,42
7278,1,3.618556002038531e-05,0,0.019570925940085426,model::deberta,DeBERTa,42
17680,1,6.0917525843251497e-05,0,0.019570925940085426,model::deberta,DeBERTa,42
6777,1,3.685555202537216e-05,0,0.019570925940085426,model::deberta,DeBERTa,42
13849,0,3.913916225428693e-05,0,0.019570925940085426,model::deberta,DeBERTa,42
3985,1,3.641514194896445e-05,0,0.019570925940085426,model::deberta,DeBERTa,42
6058,1,3.4679032978601754e-05,0,0.019570925940085426,model::deberta,DeBERTa,42
1079,0,3.683127215481363e-05,0,0.019570925940085426,model::deberta,DeBERTa,42
19594,0,3.421794099267572e-05,0,0.019570925940085426,model::deberta,DeBERTa,42
850,0,3.4578446502564475e-05,0,0.019570925940085426,model::deberta,DeBERTa,42
4983,0,3.829913839581423e-05,0,0.019570925940085426,model::deberta,DeBERTa,42
174,1,3.5460117942420766e-05,0,0.019570925940085426,model::deberta,DeBERTa,42
20094,0,3.384517913218588e-05,0,0.019570925940085426,model::deberta,DeBERTa,42
20213,1,3.5077704524155706e-05,0,0.019570925940085426,model::deberta,DeBERTa,42
8534,0,5.472761404234916e-05,0,0.019570925940085426,model::deberta,DeBERTa,42
11858,0,3.457356433500536e-05,0,0.019570925940085426,model::deberta,DeBERTa,42
367,1,6.020946239004843e-05,0,0.019570925940085426,model::deberta,DeBERTa,42
7143,0,3.824862142209895e-05,0,0.019570925940085426,model::deberta,DeBERTa,42
10376,0,3.807641041930765e-05,0,0.019570925940085426,model::deberta,DeBERTa,42
8199,0,3.432972152950242e-05,0,0.019570925940085426,model::deberta,DeBERTa,42
20114,0,3.5325145290698856e-05,0,0.019570925940085426,model::deberta,DeBERTa,42
11262,0,4.121589518035762e-05,0,0.019570925940085426,model::deberta,DeBERTa,42
9563,1,3.5528253647498786e-05,0,0.019570925940085426,model::deberta,DeBERTa,42
12761,1,3.4286662412341684e-05,0,0.019570925940085426,model::deberta,DeBERTa,42
17570,1,3.5312510590301827e-05,0,0.019570925940085426,model::deberta,DeBERTa,42
16713,0,3.783715146710165e-05,0,0.019570925940085426,model::deberta,DeBERTa,42
5713,1,3.65167907148134e-05,0,0.019570925940085426,model::deberta,DeBERTa,42
5414,0,3.606972677516751e-05,0,0.019570925940085426,model::deberta,DeBERTa,42
18494,1,3.435694088693708e-05,0,0.019570925940085426,model::deberta,DeBERTa,42
1935,1,3.7717218219768256e-05,0,0.019570925940085426,model::deberta,DeBERTa,42
16113,1,3.618659320636653e-05,0,0.019570925940085426,model::deberta,DeBERTa,42
1441,0,7.988358993316069e-05,0,0.019570925940085426,model::deberta,DeBERTa,42
1228,0,0.0001043528536683,0,0.019570925940085426,model::deberta,DeBERTa,42
19144,1,3.837441181531176e-05,0,0.019570925940085426,model::deberta,DeBERTa,42
4712,1,3.442617162363604e-05,0,0.019570925940085426,model::deberta,DeBERTa,42
11466,0,3.4806562325684354e-05,0,0.019570925940085426,model::deberta,DeBERTa,42
17459,0,3.610028943512589e-05,0,0.019570925940085426,model::deberta,DeBERTa,42
8967,0,3.7861835153307766e-05,0,0.019570925940085426,model::deberta,DeBERTa,42
14341,0,3.738874875125475e-05,0,0.019570925940085426,model::deberta,DeBERTa,42
3632,0,3.965597716160119e-05,0,0.019570925940085426,model::deberta,DeBERTa,42
3480,1,3.80119017791003e-05,0,0.019570925940085426,model::deberta,DeBERTa,42
6585,1,3.609099439927377e-05,0,0.019570925940085426,model::deberta,DeBERTa,42
6008,0,3.750373798538931e-05,0,0.019570925940085426,model::deberta,DeBERTa,42
1254,0,3.7662906834157184e-05,0,0.019570925940085426,model::deberta,DeBERTa,42
17474,0,3.362429197295569e-05,0,0.019570925940085426,model::deberta,DeBERTa,42
1177,1,3.6201778129907325e-05,0,0.019570925940085426,model::deberta,DeBERTa,42
11781,1,3.945982098230161e-05,0,0.019570925940085426,model::deberta,DeBERTa,42
2146,1,3.565047154552303e-05,0,0.019570925940085426,model::deberta,DeBERTa,42
18172,1,3.533858762239106e-05,0,0.019570925940085426,model::deberta,DeBERTa,42
7548,0,3.91034955100622e-05,0,0.019570925940085426,model::deberta,DeBERTa,42
764,0,3.989380275015719e-05,0,0.019570925940085426,model::deberta,DeBERTa,42
14320,1,3.718021616805345e-05,0,0.019570925940085426,model::deberta,DeBERTa,42
15706,1,3.672489401651546e-05,0,0.019570925940085426,model::deberta,DeBERTa,42
780,0,4.03505728172604e-05,0,0.019570925940085426,model::deberta,DeBERTa,42
3599,1,3.437506529735401e-05,0,0.019570925940085426,model::deberta,DeBERTa,42
6337,0,3.911685053026304e-05,0,0.019570925940085426,model::deberta,DeBERTa,42
8245,0,3.89529850508552e-05,0,0.019570925940085426,model::deberta,DeBERTa,42
4228,1,3.636308974819258e-05,0,0.019570925940085426,model::deberta,DeBERTa,42
11837,0,3.8142225093906745e-05,0,0.019570925940085426,model::deberta,DeBERTa,42
3082,1,3.650491635198705e-05,0,0.019570925940085426,model::deberta,DeBERTa,42
13788,1,3.5386678064242005e-05,0,0.019570925940085426,model::deberta,DeBERTa,42
18100,0,4.1586066799936816e-05,0,0.019570925940085426,model::deberta,DeBERTa,42
3378,0,3.636572364484891e-05,0,0.019570925940085426,model::deberta,DeBERTa,42
15236,1,3.53418909071479e-05,0,0.019570925940085426,model::deberta,DeBERTa,42
6983,1,3.811182614299469e-05,0,0.019570925940085426,model::deberta,DeBERTa,42
2555,1,3.731195829459466e-05,0,0.019570925940085426,model::deberta,DeBERTa,42
12868,0,3.482681495370343e-05,0,0.019570925940085426,model::deberta,DeBERTa,42
13479,1,3.742174885701388e-05,0,0.019570925940085426,model::deberta,DeBERTa,42
14049,0,3.502355684759095e-05,0,0.019570925940085426,model::deberta,DeBERTa,42
6635,0,3.525275315041654e-05,0,0.019570925940085426,model::deberta,DeBERTa,42
7378,1,3.652121449704282e-05,0,0.019570925940085426,model::deberta,DeBERTa,42
20958,1,3.769018076127395e-05,0,0.019570925940085426,model::deberta,DeBERTa,42
14303,1,3.691879828693345e-05,0,0.019570925940085426,model::deberta,DeBERTa,42
20001,0,3.487207868602127e-05,0,0.019570925940085426,model::deberta,DeBERTa,42
2340,0,3.399673369131051e-05,0,0.019570925940085426,model::deberta,DeBERTa,42
6722,0,3.5296288842801005e-05,0,0.019570925940085426,model::deberta,DeBERTa,42
10561,0,4.0281753172166646e-05,0,0.019570925940085426,model::deberta,DeBERTa,42
8073,0,3.582263889256865e-05,0,0.019570925940085426,model::deberta,DeBERTa,42
8739,1,3.5333465348230675e-05,0,0.019570925940085426,model::deberta,DeBERTa,42
7683,0,3.8991263863863423e-05,0,0.019570925940085426,model::deberta,DeBERTa,42
562,1,3.628968261182308e-05,0,0.019570925940085426,model::deberta,DeBERTa,42
481,0,3.702654794324189e-05,0,0.019570925940085426,model::deberta,DeBERTa,42
11690,0,3.500832826830447e-05,0,0.019570925940085426,model::deberta,DeBERTa,42
8968,0,5.452643017633818e-05,0,0.019570925940085426,model::deberta,DeBERTa,42
10874,0,3.505065251374617e-05,0,0.019570925940085426,model::deberta,DeBERTa,42
210,1,3.886296690325253e-05,0,0.019570925940085426,model::deberta,DeBERTa,42
4549,1,3.61911443178542e-05,0,0.019570925940085426,model::deberta,DeBERTa,42
1413,0,3.333051427034661e-05,0,0.019570925940085426,model::deberta,DeBERTa,42
15997,1,3.540169564075768e-05,0,0.019570925940085426,model::deberta,DeBERTa,42
75,0,3.4202865208499134e-05,0,0.019570925940085426,model::deberta,DeBERTa,42
2717,0,3.573031790438108e-05,0,0.019570925940085426,model::deberta,DeBERTa,42
19926,1,4.312432429287583e-05,0,0.019570925940085426,model::deberta,DeBERTa,42
15315,1,3.83339574909769e-05,0,0.019570925940085426,model::deberta,DeBERTa,42
9835,0,3.388800541870296e-05,0,0.019570925940085426,model::deberta,DeBERTa,42
5659,0,3.9170452510006726e-05,0,0.019570925940085426,model::deberta,DeBERTa,42
18648,0,4.119585355510935e-05,0,0.019570925940085426,model::deberta,DeBERTa,42
9603,0,6.0247657529544085e-05,0,0.019570925940085426,model::deberta,DeBERTa,42
18453,0,3.505499989842065e-05,0,0.019570925940085426,model::deberta,DeBERTa,42
16468,1,3.589003972592764e-05,0,0.019570925940085426,model::deberta,DeBERTa,42
16588,1,3.832350921584293e-05,0,0.019570925940085426,model::deberta,DeBERTa,42
16650,1,3.483429100015201e-05,0,0.019570925940085426,model::deberta,DeBERTa,42
15928,0,3.703149195644073e-05,0,0.019570925940085426,model::deberta,DeBERTa,42
13095,0,3.787494279094972e-05,0,0.019570925940085426,model::deberta,DeBERTa,42
14860,0,3.31571682181675e-05,0,0.019570925940085426,model::deberta,DeBERTa,42
4139,0,3.3458090911153704e-05,0,0.019570925940085426,model::deberta,DeBERTa,42
20110,0,3.323380587971769e-05,0,0.019570925940085426,model::deberta,DeBERTa,42
4560,1,6.802600546507165e-05,0,0.019570925940085426,model::deberta,DeBERTa,42
19539,1,3.385673699085601e-05,0,0.019570925940085426,model::deberta,DeBERTa,42
9745,0,3.545663639670238e-05,0,0.019570925940085426,model::deberta,DeBERTa,42
5156,1,4.144468766753562e-05,0,0.019570925940085426,model::deberta,DeBERTa,42
20760,0,3.342919808346778e-05,0,0.019570925940085426,model::deberta,DeBERTa,42
16958,1,3.558307798812166e-05,0,0.019570925940085426,model::deberta,DeBERTa,42
11575,0,3.8306479837046936e-05,0,0.019570925940085426,model::deberta,DeBERTa,42
3619,1,3.626961552072317e-05,0,0.019570925940085426,model::deberta,DeBERTa,42
10185,0,3.696734347613528e-05,0,0.019570925940085426,model::deberta,DeBERTa,42
2926,0,3.573897265596315e-05,0,0.019570925940085426,model::deberta,DeBERTa,42
2115,1,3.74938317690976e-05,0,0.019570925940085426,model::deberta,DeBERTa,42
1055,1,3.763802305911668e-05,0,0.019570925940085426,model::deberta,DeBERTa,42
8123,1,3.5959001252194867e-05,0,0.019570925940085426,model::deberta,DeBERTa,42
12769,0,3.806192398769781e-05,0,0.019570925940085426,model::deberta,DeBERTa,42
15160,0,0.0002218908339273,0,0.019570925940085426,model::deberta,DeBERTa,42
5461,0,4.338737926445901e-05,0,0.019570925940085426,model::deberta,DeBERTa,42
17879,0,3.632073639892042e-05,0,0.019570925940085426,model::deberta,DeBERTa,42
10608,0,3.7357283872552216e-05,0,0.019570925940085426,model::deberta,DeBERTa,42
7532,0,3.854933675029315e-05,0,0.019570925940085426,model::deberta,DeBERTa,42
17132,0,5.135418541613035e-05,0,0.019570925940085426,model::deberta,DeBERTa,42
8408,1,3.4628345019882545e-05,0,0.019570925940085426,model::deberta,DeBERTa,42
10165,1,3.945526623283513e-05,0,0.019570925940085426,model::deberta,DeBERTa,42
21091,1,3.812498471233994e-05,0,0.019570925940085426,model::deberta,DeBERTa,42
12766,0,3.5703542380360886e-05,0,0.019570925940085426,model::deberta,DeBERTa,42
2251,0,8.620970038464293e-05,0,0.019570925940085426,model::deberta,DeBERTa,42
8615,0,3.750030373339541e-05,0,0.019570925940085426,model::deberta,DeBERTa,42
8378,0,3.6718098272103816e-05,0,0.019570925940085426,model::deberta,DeBERTa,42
14277,0,3.909965744242072e-05,0,0.019570925940085426,model::deberta,DeBERTa,42
19458,0,3.634880340541713e-05,0,0.019570925940085426,model::deberta,DeBERTa,42
20796,0,9.474552643951029e-05,0,0.019570925940085426,model::deberta,DeBERTa,42
5845,1,3.4414879337418824e-05,0,0.019570925940085426,model::deberta,DeBERTa,42
1310,0,3.529504101607017e-05,0,0.019570925940085426,model::deberta,DeBERTa,42
4280,1,3.567560270312242e-05,0,0.019570925940085426,model::deberta,DeBERTa,42
15389,1,4.12658009736333e-05,0,0.019570925940085426,model::deberta,DeBERTa,42
496,1,3.550105611793697e-05,0,0.019570925940085426,model::deberta,DeBERTa,42
18252,1,3.665386975626461e-05,0,0.019570925940085426,model::deberta,DeBERTa,42
6519,0,3.4418819268466905e-05,0,0.019570925940085426,model::deberta,DeBERTa,42
11741,0,4.890519267064519e-05,0,0.019570925940085426,model::deberta,DeBERTa,42
484,1,3.798925172304735e-05,0,0.019570925940085426,model::deberta,DeBERTa,42
9895,0,3.615454988903366e-05,0,0.019570925940085426,model::deberta,DeBERTa,42
923,0,3.884662874042988e-05,0,0.019570925940085426,model::deberta,DeBERTa,42
3798,0,3.365188240422867e-05,0,0.019570925940085426,model::deberta,DeBERTa,42
18139,0,0.0001007986429613,0,0.019570925940085426,model::deberta,DeBERTa,42
17468,1,3.699824083014392e-05,0,0.019570925940085426,model::deberta,DeBERTa,42
15063,1,3.609773921198212e-05,0,0.019570925940085426,model::deberta,DeBERTa,42
126,1,3.906898200511933e-05,0,0.019570925940085426,model::deberta,DeBERTa,42
21095,1,3.481064413790591e-05,0,0.019570925940085426,model::deberta,DeBERTa,42
15130,0,3.408376142033376e-05,0,0.019570925940085426,model::deberta,DeBERTa,42
19359,1,3.802578794420697e-05,0,0.019570925940085426,model::deberta,DeBERTa,42
9491,1,3.6427642044145614e-05,0,0.019570925940085426,model::deberta,DeBERTa,42
19796,1,3.4448079532012343e-05,0,0.019570925940085426,model::deberta,DeBERTa,42
13646,1,3.64477964467369e-05,0,0.019570925940085426,model::deberta,DeBERTa,42
466,1,3.973419006797485e-05,0,0.019570925940085426,model::deberta,DeBERTa,42
6094,0,3.858382842736319e-05,0,0.019570925940085426,model::deberta,DeBERTa,42
15145,0,4.208235259284265e-05,0,0.019570925940085426,model::deberta,DeBERTa,42
16604,1,3.748768722289242e-05,0,0.019570925940085426,model::deberta,DeBERTa,42
17821,1,3.6599802115233615e-05,0,0.019570925940085426,model::deberta,DeBERTa,42
17419,1,3.590174674172886e-05,0,0.019570925940085426,model::deberta,DeBERTa,42
14877,1,3.539167300914414e-05,0,0.019570925940085426,model::deberta,DeBERTa,42
8393,1,3.518202720442787e-05,0,0.019570925940085426,model::deberta,DeBERTa,42
18878,1,3.5257060517324135e-05,0,0.019570925940085426,model::deberta,DeBERTa,42
6177,1,5.195484118303284e-05,0,0.019570925940085426,model::deberta,DeBERTa,42
7263,1,3.657307388493791e-05,0,0.019570925940085426,model::deberta,DeBERTa,42
15386,0,3.604861558414996e-05,0,0.019570925940085426,model::deberta,DeBERTa,42
14349,1,4.3672356696333736e-05,0,0.019570925940085426,model::deberta,DeBERTa,42
21131,1,3.989745528087951e-05,0,0.019570925940085426,model::deberta,DeBERTa,42
9817,0,0.9948220252990724,1,0.019570925940085426,model::deberta,DeBERTa,42
10877,0,3.4964086808031425e-05,0,0.019570925940085426,model::deberta,DeBERTa,42
18463,1,4.4307889766059816e-05,0,0.019570925940085426,model::deberta,DeBERTa,42
6629,1,4.2860621761064976e-05,0,0.019570925940085426,model::deberta,DeBERTa,42
14541,1,3.6485631426330656e-05,0,0.019570925940085426,model::deberta,DeBERTa,42
14884,1,3.854315946227871e-05,0,0.019570925940085426,model::deberta,DeBERTa,42
2215,0,3.308925442979671e-05,0,0.019570925940085426,model::deberta,DeBERTa,42
9773,1,3.649837162811309e-05,0,0.019570925940085426,model::deberta,DeBERTa,42
18562,0,3.502462277538143e-05,0,0.019570925940085426,model::deberta,DeBERTa,42
6143,1,3.890531661454588e-05,0,0.019570925940085426,model::deberta,DeBERTa,42
11551,0,4.0990664274431765e-05,0,0.019570925940085426,model::deberta,DeBERTa,42
13996,1,3.765870496863499e-05,0,0.019570925940085426,model::deberta,DeBERTa,42
9568,1,3.668757926789112e-05,0,0.019570925940085426,model::deberta,DeBERTa,42
19372,1,4.1942923417082056e-05,0,0.019570925940085426,model::deberta,DeBERTa,42
8080,1,3.5456803743727505e-05,0,0.019570925940085426,model::deberta,DeBERTa,42
7987,1,3.560188270057552e-05,0,0.019570925940085426,model::deberta,DeBERTa,42
20784,1,3.5122186091030017e-05,0,0.019570925940085426,model::deberta,DeBERTa,42
16157,0,3.49527872458566e-05,0,0.019570925940085426,model::deberta,DeBERTa,42
13696,1,3.61095808329992e-05,0,0.019570925940085426,model::deberta,DeBERTa,42
10440,1,3.836837277049199e-05,0,0.019570925940085426,model::deberta,DeBERTa,42
15548,1,4.346477726357989e-05,0,0.019570925940085426,model::deberta,DeBERTa,42
19883,0,3.394622399355285e-05,0,0.019570925940085426,model::deberta,DeBERTa,42
12834,1,3.492576433927752e-05,0,0.019570925940085426,model::deberta,DeBERTa,42
20620,0,3.77103133359924e-05,0,0.019570925940085426,model::deberta,DeBERTa,42
5767,0,3.519219535519369e-05,0,0.019570925940085426,model::deberta,DeBERTa,42
17817,0,3.657328124972992e-05,0,0.019570925940085426,model::deberta,DeBERTa,42
20158,0,3.784093860303983e-05,0,0.019570925940085426,model::deberta,DeBERTa,42
880,0,3.561879930202849e-05,0,0.019570925940085426,model::deberta,DeBERTa,42
12576,0,3.899951843777672e-05,0,0.019570925940085426,model::deberta,DeBERTa,42
644,1,3.8902348023839295e-05,0,0.019570925940085426,model::deberta,DeBERTa,42
19510,0,3.43937826983165e-05,0,0.019570925940085426,model::deberta,DeBERTa,42
15492,0,0.1781649589538574,1,0.019570925940085426,model::deberta,DeBERTa,42
7563,0,3.556815863703377e-05,0,0.019570925940085426,model::deberta,DeBERTa,42
11597,0,3.3683601941447705e-05,0,0.019570925940085426,model::deberta,DeBERTa,42
16398,0,3.518954326864332e-05,0,0.019570925940085426,model::deberta,DeBERTa,42
11855,1,3.584990918170661e-05,0,0.019570925940085426,model::deberta,DeBERTa,42
2772,1,3.733929770532996e-05,0,0.019570925940085426,model::deberta,DeBERTa,42
21125,1,3.6974182876292616e-05,0,0.019570925940085426,model::deberta,DeBERTa,42
10189,1,3.641930743469857e-05,0,0.019570925940085426,model::deberta,DeBERTa,42
5790,0,3.4683635021792725e-05,0,0.019570925940085426,model::deberta,DeBERTa,42
9368,0,4.106520282221027e-05,0,0.019570925940085426,model::deberta,DeBERTa,42
6941,0,3.574462971300818e-05,0,0.019570925940085426,model::deberta,DeBERTa,42
3266,0,3.549658867996186e-05,0,0.019570925940085426,model::deberta,DeBERTa,42
11833,0,3.463415487203747e-05,0,0.019570925940085426,model::deberta,DeBERTa,42
6764,1,3.681002272060141e-05,0,0.019570925940085426,model::deberta,DeBERTa,42
13066,1,3.718199150171131e-05,0,0.019570925940085426,model::deberta,DeBERTa,42
20392,0,3.766955342143774e-05,0,0.019570925940085426,model::deberta,DeBERTa,42
394,0,3.784483487834223e-05,0,0.019570925940085426,model::deberta,DeBERTa,42
1023,0,3.626245597843081e-05,0,0.019570925940085426,model::deberta,DeBERTa,42
13531,1,3.7371995858848095e-05,0,0.019570925940085426,model::deberta,DeBERTa,42
12092,0,3.63254475814756e-05,0,0.019570925940085426,model::deberta,DeBERTa,42
13760,1,3.650544022093527e-05,0,0.019570925940085426,model::deberta,DeBERTa,42
2190,1,3.8845108065288514e-05,0,0.019570925940085426,model::deberta,DeBERTa,42
18934,0,3.653778912848793e-05,0,0.019570925940085426,model::deberta,DeBERTa,42
19211,1,3.550105611793697e-05,0,0.019570925940085426,model::deberta,DeBERTa,42
11587,0,3.520599420880899e-05,0,0.019570925940085426,model::deberta,DeBERTa,42
17062,0,3.4209781006211415e-05,0,0.019570925940085426,model::deberta,DeBERTa,42
2259,1,3.79164339392446e-05,0,0.019570925940085426,model::deberta,DeBERTa,42
13809,1,3.4585074899951e-05,0,0.019570925940085426,model::deberta,DeBERTa,42
1803,1,3.412278965697624e-05,0,0.019570925940085426,model::deberta,DeBERTa,42
12667,1,3.554157228791155e-05,0,0.019570925940085426,model::deberta,DeBERTa,42
17411,0,3.8317626604111865e-05,0,0.019570925940085426,model::deberta,DeBERTa,42
8698,1,3.731690594577231e-05,0,0.019570925940085426,model::deberta,DeBERTa,42
6460,1,3.876872870023362e-05,0,0.019570925940085426,model::deberta,DeBERTa,42
13965,1,3.641871444415301e-05,0,0.019570925940085426,model::deberta,DeBERTa,42
11339,0,3.609182022046298e-05,0,0.019570925940085426,model::deberta,DeBERTa,42
7569,1,3.449202631600201e-05,0,0.019570925940085426,model::deberta,DeBERTa,42
7963,1,3.5166496672900394e-05,0,0.019570925940085426,model::deberta,DeBERTa,42
3414,1,3.430550350458361e-05,0,0.019570925940085426,model::deberta,DeBERTa,42
2590,1,3.845408718916588e-05,0,0.019570925940085426,model::deberta,DeBERTa,42
14210,1,4.013642683275975e-05,0,0.019570925940085426,model::deberta,DeBERTa,42
10156,1,4.009388794656843e-05,0,0.019570925940085426,model::deberta,DeBERTa,42
8969,0,4.211788473185152e-05,0,0.019570925940085426,model::deberta,DeBERTa,42
4717,1,3.936465145670809e-05,0,0.019570925940085426,model::deberta,DeBERTa,42
16809,0,4.251265272614546e-05,0,0.019570925940085426,model::deberta,DeBERTa,42
4177,1,3.713085970957764e-05,0,0.019570925940085426,model::deberta,DeBERTa,42
4534,1,3.548037784639746e-05,0,0.019570925940085426,model::deberta,DeBERTa,42
14469,0,3.4938555472763255e-05,0,0.019570925940085426,model::deberta,DeBERTa,42
11927,1,3.686820491566323e-05,0,0.019570925940085426,model::deberta,DeBERTa,42
19264,0,3.778418249567039e-05,0,0.019570925940085426,model::deberta,DeBERTa,42
16944,0,3.498576916172169e-05,0,0.019570925940085426,model::deberta,DeBERTa,42
20919,1,3.81997051590588e-05,0,0.019570925940085426,model::deberta,DeBERTa,42
5177,0,3.51533162756823e-05,0,0.019570925940085426,model::deberta,DeBERTa,42
18181,1,4.199015165795572e-05,0,0.019570925940085426,model::deberta,DeBERTa,42
19414,1,3.981463669333607e-05,0,0.019570925940085426,model::deberta,DeBERTa,42
191,1,4.235289816278964e-05,0,0.019570925940085426,model::deberta,DeBERTa,42
13914,1,3.979865505243652e-05,0,0.019570925940085426,model::deberta,DeBERTa,42
20969,1,4.264637027517893e-05,0,0.019570925940085426,model::deberta,DeBERTa,42
8565,1,3.493542317301035e-05,0,0.019570925940085426,model::deberta,DeBERTa,42
15773,1,3.349142207298428e-05,0,0.019570925940085426,model::deberta,DeBERTa,42
9829,1,3.637883492046967e-05,0,0.019570925940085426,model::deberta,DeBERTa,42
14330,0,3.779538747039624e-05,0,0.019570925940085426,model::deberta,DeBERTa,42
19291,0,3.6820700188400224e-05,0,0.019570925940085426,model::deberta,DeBERTa,42
10709,1,3.771736010094173e-05,0,0.019570925940085426,model::deberta,DeBERTa,42
1170,0,4.6604705858044326e-05,0,0.019570925940085426,model::deberta,DeBERTa,42
15340,1,3.639691567514092e-05,0,0.019570925940085426,model::deberta,DeBERTa,42
14324,1,3.584608202800155e-05,0,0.019570925940085426,model::deberta,DeBERTa,42
18346,0,3.689190998557024e-05,0,0.019570925940085426,model::deberta,DeBERTa,42
14941,1,3.467159331194125e-05,0,0.019570925940085426,model::deberta,DeBERTa,42
19736,0,3.4015702112810686e-05,0,0.019570925940085426,model::deberta,DeBERTa,42
17760,1,3.672615639516152e-05,0,0.019570925940085426,model::deberta,DeBERTa,42
10372,1,3.971854312112555e-05,0,0.019570925940085426,model::deberta,DeBERTa,42
7236,1,4.522019662545063e-05,0,0.019570925940085426,model::deberta,DeBERTa,42
4339,1,5.1983883167849854e-05,0,0.019570925940085426,model::deberta,DeBERTa,42
6041,0,0.0004786331846844,0,0.019570925940085426,model::deberta,DeBERTa,42
5369,0,3.422309600864537e-05,0,0.019570925940085426,model::deberta,DeBERTa,42
16730,0,3.445842594373971e-05,0,0.019570925940085426,model::deberta,DeBERTa,42
20508,1,4.131009700358845e-05,0,0.019570925940085426,model::deberta,DeBERTa,42
13592,1,5.116559987072833e-05,0,0.019570925940085426,model::deberta,DeBERTa,42
8155,1,3.683503018692136e-05,0,0.019570925940085426,model::deberta,DeBERTa,42
18328,0,3.540308171068318e-05,0,0.019570925940085426,model::deberta,DeBERTa,42
19562,1,3.7201109080342576e-05,0,0.019570925940085426,model::deberta,DeBERTa,42
17565,0,3.576045128284022e-05,0,0.019570925940085426,model::deberta,DeBERTa,42
1493,0,3.717748768394813e-05,0,0.019570925940085426,model::deberta,DeBERTa,42
15789,1,3.45030493917875e-05,0,0.019570925940085426,model::deberta,DeBERTa,42
4254,1,3.899929652106948e-05,0,0.019570925940085426,model::deberta,DeBERTa,42
19938,1,5.397740824264474e-05,0,0.019570925940085426,model::deberta,DeBERTa,42
2511,0,3.850740904454142e-05,0,0.019570925940085426,model::deberta,DeBERTa,42
3060,1,3.634013773989864e-05,0,0.019570925940085426,model::deberta,DeBERTa,42
5849,1,3.826748070423491e-05,0,0.019570925940085426,model::deberta,DeBERTa,42
18804,1,3.819580524577759e-05,0,0.019570925940085426,model::deberta,DeBERTa,42
2992,1,3.5477230994729325e-05,0,0.019570925940085426,model::deberta,DeBERTa,42
1449,1,3.5467386624077335e-05,0,0.019570925940085426,model::deberta,DeBERTa,42
20007,0,3.464327164692804e-05,0,0.019570925940085426,model::deberta,DeBERTa,42
19349,1,3.739360181498341e-05,0,0.019570925940085426,model::deberta,DeBERTa,42
17116,1,3.6105520848650485e-05,0,0.019570925940085426,model::deberta,DeBERTa,42
1129,0,3.790124537772499e-05,0,0.019570925940085426,model::deberta,DeBERTa,42
17084,1,3.476181154837832e-05,0,0.019570925940085426,model::deberta,DeBERTa,42
11028,0,3.5165056033292785e-05,0,0.019570925940085426,model::deberta,DeBERTa,42
9985,1,5.5786258599255234e-05,0,0.019570925940085426,model::deberta,DeBERTa,42
9096,0,3.7142719520488754e-05,0,0.019570925940085426,model::deberta,DeBERTa,42
20664,0,3.609450504882261e-05,0,0.019570925940085426,model::deberta,DeBERTa,42
6968,1,3.740387182915583e-05,0,0.019570925940085426,model::deberta,DeBERTa,42
15681,0,3.866578845190816e-05,0,0.019570925940085426,model::deberta,DeBERTa,42
7172,0,3.713995829457417e-05,0,0.019570925940085426,model::deberta,DeBERTa,42
10656,0,3.598431794671342e-05,0,0.019570925940085426,model::deberta,DeBERTa,42
3398,0,8.243723277701065e-05,0,0.019570925940085426,model::deberta,DeBERTa,42
1970,1,3.830841887975112e-05,0,0.019570925940085426,model::deberta,DeBERTa,42
3690,1,3.7590714782709256e-05,0,0.019570925940085426,model::deberta,DeBERTa,42
5829,0,3.837682743323967e-05,0,0.019570925940085426,model::deberta,DeBERTa,42
8905,0,3.520256723277271e-05,0,0.019570925940085426,model::deberta,DeBERTa,42
15440,0,5.591914668912068e-05,0,0.019570925940085426,model::deberta,DeBERTa,42
49,1,3.623556040110998e-05,0,0.019570925940085426,model::deberta,DeBERTa,42
2412,1,3.869632928399369e-05,0,0.019570925940085426,model::deberta,DeBERTa,42
13478,0,4.198907481622882e-05,0,0.019570925940085426,model::deberta,DeBERTa,42
17514,0,3.495915370876901e-05,0,0.019570925940085426,model::deberta,DeBERTa,42
3723,0,3.579166877898388e-05,0,0.019570925940085426,model::deberta,DeBERTa,42
7471,0,0.002605031710118,0,0.019570925940085426,model::deberta,DeBERTa,42
25,1,3.8771129766246304e-05,0,0.019570925940085426,model::deberta,DeBERTa,42
17971,1,3.6424375139176846e-05,0,0.019570925940085426,model::deberta,DeBERTa,42
5061,1,3.5910892620449886e-05,0,0.019570925940085426,model::deberta,DeBERTa,42
11342,0,3.774506694753654e-05,0,0.019570925940085426,model::deberta,DeBERTa,42
4069,1,3.5048011341132224e-05,0,0.019570925940085426,model::deberta,DeBERTa,42
1796,0,0.1037819534540176,1,0.019570925940085426,model::deberta,DeBERTa,42
13682,0,4.0792609070194885e-05,0,0.019570925940085426,model::deberta,DeBERTa,42
8867,1,3.5709435906028375e-05,0,0.019570925940085426,model::deberta,DeBERTa,42
15767,1,3.5106753784930333e-05,0,0.019570925940085426,model::deberta,DeBERTa,42
20628,1,3.626536272349768e-05,0,0.019570925940085426,model::deberta,DeBERTa,42
6935,1,3.735667996807024e-05,0,0.019570925940085426,model::deberta,DeBERTa,42
20056,1,3.9447892049793154e-05,0,0.019570925940085426,model::deberta,DeBERTa,42
5592,1,3.492536416160874e-05,0,0.019570925940085426,model::deberta,DeBERTa,42
19316,1,3.8028541894163936e-05,0,0.019570925940085426,model::deberta,DeBERTa,42
7887,1,3.705975177581422e-05,0,0.019570925940085426,model::deberta,DeBERTa,42
10219,1,4.296055340091698e-05,0,0.019570925940085426,model::deberta,DeBERTa,42
15212,0,3.4705437428783625e-05,0,0.019570925940085426,model::deberta,DeBERTa,42
8530,0,3.6759654904017225e-05,0,0.019570925940085426,model::deberta,DeBERTa,42
11428,1,3.863729580189101e-05,0,0.019570925940085426,model::deberta,DeBERTa,42
4217,0,3.5145305446349084e-05,0,0.019570925940085426,model::deberta,DeBERTa,42
15424,0,3.413274680497125e-05,0,0.019570925940085426,model::deberta,DeBERTa,42
21114,1,3.42751263815444e-05,0,0.019570925940085426,model::deberta,DeBERTa,42
5793,1,4.131801688345149e-05,0,0.019570925940085426,model::deberta,DeBERTa,42
14533,1,3.8893042074050754e-05,0,0.019570925940085426,model::deberta,DeBERTa,42
7866,1,4.204171636956744e-05,0,0.019570925940085426,model::deberta,DeBERTa,42
19695,1,3.547283267835155e-05,0,0.019570925940085426,model::deberta,DeBERTa,42
16004,1,3.6116365663474426e-05,0,0.019570925940085426,model::deberta,DeBERTa,42
3239,0,3.396234751562588e-05,0,0.019570925940085426,model::deberta,DeBERTa,42
3527,0,3.985293005825952e-05,0,0.019570925940085426,model::deberta,DeBERTa,42
16501,1,3.880815347656608e-05,0,0.019570925940085426,model::deberta,DeBERTa,42
18416,0,3.579716576496139e-05,0,0.019570925940085426,model::deberta,DeBERTa,42
19251,0,3.513464980642311e-05,0,0.019570925940085426,model::deberta,DeBERTa,42
2961,1,3.79321318177972e-05,0,0.019570925940085426,model::deberta,DeBERTa,42
11149,0,3.638240377767943e-05,0,0.019570925940085426,model::deberta,DeBERTa,42
12669,1,3.587292667361908e-05,0,0.019570925940085426,model::deberta,DeBERTa,42
20575,0,3.399579145479947e-05,0,0.019570925940085426,model::deberta,DeBERTa,42
19971,0,3.617120819399133e-05,0,0.019570925940085426,model::deberta,DeBERTa,42
10848,0,3.962105256505311e-05,0,0.019570925940085426,model::deberta,DeBERTa,42
9864,1,3.712930629262701e-05,0,0.019570925940085426,model::deberta,DeBERTa,42
20475,0,3.554991417331621e-05,0,0.019570925940085426,model::deberta,DeBERTa,42
13271,1,3.906204801751301e-05,0,0.019570925940085426,model::deberta,DeBERTa,42
15921,1,3.844437014777213e-05,0,0.019570925940085426,model::deberta,DeBERTa,42
10018,1,3.780818224186078e-05,0,0.019570925940085426,model::deberta,DeBERTa,42
16642,0,3.703029142343439e-05,0,0.019570925940085426,model::deberta,DeBERTa,42
10634,0,3.1892024708213285e-05,0,0.019570925940085426,model::deberta,DeBERTa,42
16120,1,3.618328264565207e-05,0,0.019570925940085426,model::deberta,DeBERTa,42
14174,1,3.769701288547367e-05,0,0.019570925940085426,model::deberta,DeBERTa,42
11296,0,3.398561239009723e-05,0,0.019570925940085426,model::deberta,DeBERTa,42
2168,1,3.901015952578746e-05,0,0.019570925940085426,model::deberta,DeBERTa,42
5118,1,3.681599264382385e-05,0,0.019570925940085426,model::deberta,DeBERTa,42
2608,0,6.938652950339019e-05,0,0.019570925940085426,model::deberta,DeBERTa,42
13813,1,3.526734872139059e-05,0,0.019570925940085426,model::deberta,DeBERTa,42
8051,1,3.784093860303983e-05,0,0.019570925940085426,model::deberta,DeBERTa,42
17462,0,3.56476848537568e-05,0,0.019570925940085426,model::deberta,DeBERTa,42
6082,1,3.689535515150055e-05,0,0.019570925940085426,model::deberta,DeBERTa,42
14585,1,3.578682299121283e-05,0,0.019570925940085426,model::deberta,DeBERTa,42
17465,0,3.633625965449028e-05,0,0.019570925940085426,model::deberta,DeBERTa,42
4921,0,3.5256623959867284e-05,0,0.019570925940085426,model::deberta,DeBERTa,42
4263,0,3.883251338265836e-05,0,0.019570925940085426,model::deberta,DeBERTa,42
6430,1,4.12976551160682e-05,0,0.019570925940085426,model::deberta,DeBERTa,42
7255,1,3.6271070712246e-05,0,0.019570925940085426,model::deberta,DeBERTa,42
13883,1,3.491983443382196e-05,0,0.019570925940085426,model::deberta,DeBERTa,42
7334,0,3.789279435295612e-05,0,0.019570925940085426,model::deberta,DeBERTa,42
14839,0,3.676505366456695e-05,0,0.019570925940085426,model::deberta,DeBERTa,42
947,0,3.39115722454153e-05,0,0.019570925940085426,model::deberta,DeBERTa,42
9665,1,3.784869477385655e-05,0,0.019570925940085426,model::deberta,DeBERTa,42
9765,1,3.519430902088061e-05,0,0.019570925940085426,model::deberta,DeBERTa,42
12532,0,3.551202826201916e-05,0,0.019570925940085426,model::deberta,DeBERTa,42
6202,1,3.973752245656215e-05,0,0.019570925940085426,model::deberta,DeBERTa,42
3441,0,3.268141153967008e-05,0,0.019570925940085426,model::deberta,DeBERTa,42
11841,1,3.680462032207288e-05,0,0.019570925940085426,model::deberta,DeBERTa,42
12968,0,3.410118370084092e-05,0,0.019570925940085426,model::deberta,DeBERTa,42
913,0,3.660224319901317e-05,0,0.019570925940085426,model::deberta,DeBERTa,42
1365,1,3.6788267607335e-05,0,0.019570925940085426,model::deberta,DeBERTa,42
849,0,3.8866084651090205e-05,0,0.019570925940085426,model::deberta,DeBERTa,42
18962,0,3.5147219023201615e-05,0,0.019570925940085426,model::deberta,DeBERTa,42
20352,1,3.644178650574759e-05,0,0.019570925940085426,model::deberta,DeBERTa,42
9798,1,3.6062228900846094e-05,0,0.019570925940085426,model::deberta,DeBERTa,42
14501,0,3.6007077142130584e-05,0,0.019570925940085426,model::deberta,DeBERTa,42
3732,1,3.779891994781792e-05,0,0.019570925940085426,model::deberta,DeBERTa,42
12595,1,3.5904176911571994e-05,0,0.019570925940085426,model::deberta,DeBERTa,42
6974,1,4.078315760125406e-05,0,0.019570925940085426,model::deberta,DeBERTa,42
8882,1,3.621914947871119e-05,0,0.019570925940085426,model::deberta,DeBERTa,42
16266,0,3.605875826906413e-05,0,0.019570925940085426,model::deberta,DeBERTa,42
15334,1,5.920611511101015e-05,0,0.019570925940085426,model::deberta,DeBERTa,42
6697,1,3.545342406141572e-05,0,0.019570925940085426,model::deberta,DeBERTa,42
4665,1,3.3479092962807044e-05,0,0.019570925940085426,model::deberta,DeBERTa,42
20143,0,3.592212306102738e-05,0,0.019570925940085426,model::deberta,DeBERTa,42
6868,0,3.728997762664221e-05,0,0.019570925940085426,model::deberta,DeBERTa,42
5364,1,3.964743154938333e-05,0,0.019570925940085426,model::deberta,DeBERTa,42
6120,1,3.501306855469011e-05,0,0.019570925940085426,model::deberta,DeBERTa,42
11173,0,3.944785203202628e-05,0,0.019570925940085426,model::deberta,DeBERTa,42
15071,0,3.552303678588942e-05,0,0.019570925940085426,model::deberta,DeBERTa,42
10881,0,3.588336403481662e-05,0,0.019570925940085426,model::deberta,DeBERTa,42
12164,1,3.778580139623955e-05,0,0.019570925940085426,model::deberta,DeBERTa,42
3926,1,3.362288043717854e-05,0,0.019570925940085426,model::deberta,DeBERTa,42
5021,1,3.6236251617083326e-05,0,0.019570925940085426,model::deberta,DeBERTa,42
11604,1,3.573610956664197e-05,0,0.019570925940085426,model::deberta,DeBERTa,42
18608,1,3.76854368369095e-05,0,0.019570925940085426,model::deberta,DeBERTa,42
8138,0,3.811502392636612e-05,0,0.019570925940085426,model::deberta,DeBERTa,42
20209,0,3.883392128045671e-05,0,0.019570925940085426,model::deberta,DeBERTa,42
12932,0,3.63007202395238e-05,0,0.019570925940085426,model::deberta,DeBERTa,42
17276,1,3.4267708542756736e-05,0,0.019570925940085426,model::deberta,DeBERTa,42
2885,1,3.606394966482185e-05,0,0.019570925940085426,model::deberta,DeBERTa,42
8594,0,3.57852186425589e-05,0,0.019570925940085426,model::deberta,DeBERTa,42
12423,1,3.649036807473749e-05,0,0.019570925940085426,model::deberta,DeBERTa,42
15119,0,3.566975283320062e-05,0,0.019570925940085426,model::deberta,DeBERTa,42
10228,0,3.648632991826162e-05,0,0.019570925940085426,model::deberta,DeBERTa,42
5378,1,3.985361763625406e-05,0,0.019570925940085426,model::deberta,DeBERTa,42
18305,1,3.69285153283272e-05,0,0.019570925940085426,model::deberta,DeBERTa,42
1619,0,3.577525421860628e-05,0,0.019570925940085426,model::deberta,DeBERTa,42
10250,1,3.793285577557981e-05,0,0.019570925940085426,model::deberta,DeBERTa,42
13321,0,3.901670788764022e-05,0,0.019570925940085426,model::deberta,DeBERTa,42
14508,1,3.7996207538526505e-05,0,0.019570925940085426,model::deberta,DeBERTa,42
18074,1,3.710084638441913e-05,0,0.019570925940085426,model::deberta,DeBERTa,42
18548,1,3.76783573301509e-05,0,0.019570925940085426,model::deberta,DeBERTa,42
16401,1,3.776350422413088e-05,0,0.019570925940085426,model::deberta,DeBERTa,42
18906,0,3.382188151590526e-05,0,0.019570925940085426,model::deberta,DeBERTa,42
11862,0,3.700127490446903e-05,0,0.019570925940085426,model::deberta,DeBERTa,42
21074,0,3.307332735857926e-05,0,0.019570925940085426,model::deberta,DeBERTa,42
19687,1,3.641951479949057e-05,0,0.019570925940085426,model::deberta,DeBERTa,42
18495,1,4.136946881772019e-05,0,0.019570925940085426,model::deberta,DeBERTa,42
9398,1,3.711978206411004e-05,0,0.019570925940085426,model::deberta,DeBERTa,42
11589,0,3.407771509955637e-05,0,0.019570925940085426,model::deberta,DeBERTa,42
702,0,3.403948721825145e-05,0,0.019570925940085426,model::deberta,DeBERTa,42
6624,1,3.569592081476003e-05,0,0.019570925940085426,model::deberta,DeBERTa,42
2681,1,3.4854794648708776e-05,0,0.019570925940085426,model::deberta,DeBERTa,42
4359,1,3.597368049668148e-05,0,0.019570925940085426,model::deberta,DeBERTa,42
8981,1,4.9128298996947706e-05,0,0.019570925940085426,model::deberta,DeBERTa,42
201,0,3.618652408476919e-05,0,0.019570925940085426,model::deberta,DeBERTa,42
4761,0,3.440211366978474e-05,0,0.019570925940085426,model::deberta,DeBERTa,42
19171,0,7.348061626544222e-05,0,0.019570925940085426,model::deberta,DeBERTa,42
18927,0,3.783783540711738e-05,0,0.019570925940085426,model::deberta,DeBERTa,42
2522,1,3.826894317171536e-05,0,0.019570925940085426,model::deberta,DeBERTa,42
20437,0,3.472046591923572e-05,0,0.019570925940085426,model::deberta,DeBERTa,42
16968,1,3.693393955472857e-05,0,0.019570925940085426,model::deberta,DeBERTa,42
2417,0,3.734948404598981e-05,0,0.019570925940085426,model::deberta,DeBERTa,42
20291,0,3.685154297272675e-05,0,0.019570925940085426,model::deberta,DeBERTa,42
10430,0,3.509972520987503e-05,0,0.019570925940085426,model::deberta,DeBERTa,42
14417,0,3.683169052237645e-05,0,0.019570925940085426,model::deberta,DeBERTa,42
20335,1,3.517659206409007e-05,0,0.019570925940085426,model::deberta,DeBERTa,42
12330,0,3.3824879210442305e-05,0,0.019570925940085426,model::deberta,DeBERTa,42
12502,0,3.845603350782767e-05,0,0.019570925940085426,model::deberta,DeBERTa,42
9690,1,3.5637520340969786e-05,0,0.019570925940085426,model::deberta,DeBERTa,42
11811,1,3.6860401451122016e-05,0,0.019570925940085426,model::deberta,DeBERTa,42
13900,0,3.6364996049087495e-05,0,0.019570925940085426,model::deberta,DeBERTa,42
10589,0,3.3746171538950875e-05,0,0.019570925940085426,model::deberta,DeBERTa,42
11457,0,3.730882599484176e-05,0,0.019570925940085426,model::deberta,DeBERTa,42
11593,0,3.485858178464696e-05,0,0.019570925940085426,model::deberta,DeBERTa,42
19874,1,3.569803084246814e-05,0,0.019570925940085426,model::deberta,DeBERTa,42
8546,1,3.4584776585688815e-05,0,0.019570925940085426,model::deberta,DeBERTa,42
13087,1,3.473799006314948e-05,0,0.019570925940085426,model::deberta,DeBERTa,42
4053,1,3.608462429838255e-05,0,0.019570925940085426,model::deberta,DeBERTa,42
11035,0,3.939188172807917e-05,0,0.019570925940085426,model::deberta,DeBERTa,42
7106,0,3.698518776218407e-05,0,0.019570925940085426,model::deberta,DeBERTa,42
16967,1,4.801995964953676e-05,0,0.019570925940085426,model::deberta,DeBERTa,42
14055,0,3.582359568099491e-05,0,0.019570925940085426,model::deberta,DeBERTa,42
18254,1,3.626010584412143e-05,0,0.019570925940085426,model::deberta,DeBERTa,42
4141,1,3.588021354516968e-05,0,0.019570925940085426,model::deberta,DeBERTa,42
14685,1,3.60685917257797e-05,0,0.019570925940085426,model::deberta,DeBERTa,42
3870,1,3.5019213100895286e-05,0,0.019570925940085426,model::deberta,DeBERTa,42
12585,1,3.756813384825364e-05,0,0.019570925940085426,model::deberta,DeBERTa,42
20856,0,4.043416265631095e-05,0,0.019570925940085426,model::deberta,DeBERTa,42
15655,1,3.784325235756114e-05,0,0.019570925940085426,model::deberta,DeBERTa,42
12360,1,3.633563392213546e-05,0,0.019570925940085426,model::deberta,DeBERTa,42
4962,0,3.5323897463968024e-05,0,0.019570925940085426,model::deberta,DeBERTa,42
13155,1,3.5418175684753805e-05,0,0.019570925940085426,model::deberta,DeBERTa,42
12601,0,3.529359673848376e-05,0,0.019570925940085426,model::deberta,DeBERTa,42
1625,1,3.652800660347566e-05,0,0.019570925940085426,model::deberta,DeBERTa,42
6045,1,3.783935244427994e-05,0,0.019570925940085426,model::deberta,DeBERTa,42
9783,0,3.627829937613569e-05,0,0.019570925940085426,model::deberta,DeBERTa,42
4525,0,4.103603714611381e-05,0,0.019570925940085426,model::deberta,DeBERTa,42
18524,0,3.569925684132613e-05,0,0.019570925940085426,model::deberta,DeBERTa,42
1911,1,3.853863745462149e-05,0,0.019570925940085426,model::deberta,DeBERTa,42
6497,1,3.570442640921101e-05,0,0.019570925940085426,model::deberta,DeBERTa,42
2439,0,3.3379183150827885e-05,0,0.019570925940085426,model::deberta,DeBERTa,42
19139,1,3.550755718606524e-05,0,0.019570925940085426,model::deberta,DeBERTa,42
9705,0,4.113045724807307e-05,0,0.019570925940085426,model::deberta,DeBERTa,42
13888,0,3.651529186754488e-05,0,0.019570925940085426,model::deberta,DeBERTa,42
1130,1,3.679012661450543e-05,0,0.019570925940085426,model::deberta,DeBERTa,42
2383,1,3.779887993005104e-05,0,0.019570925940085426,model::deberta,DeBERTa,42
19105,0,3.539741373970173e-05,0,0.019570925940085426,model::deberta,DeBERTa,42
9378,1,3.700318120536394e-05,0,0.019570925940085426,model::deberta,DeBERTa,42
12134,0,3.345202640048228e-05,0,0.019570925940085426,model::deberta,DeBERTa,42
1229,1,3.539423778420314e-05,0,0.019570925940085426,model::deberta,DeBERTa,42
3541,0,3.370827835169621e-05,0,0.019570925940085426,model::deberta,DeBERTa,42
18869,0,3.3443415304645896e-05,0,0.019570925940085426,model::deberta,DeBERTa,42
14407,1,3.484891203697771e-05,0,0.019570925940085426,model::deberta,DeBERTa,42
10759,1,3.558023308869451e-05,0,0.019570925940085426,model::deberta,DeBERTa,42
16389,0,3.669030775199644e-05,0,0.019570925940085426,model::deberta,DeBERTa,42
14450,1,3.6845427530352026e-05,0,0.019570925940085426,model::deberta,DeBERTa,42
12180,1,3.631325307651423e-05,0,0.019570925940085426,model::deberta,DeBERTa,42
2887,1,3.5614993976196274e-05,0,0.019570925940085426,model::deberta,DeBERTa,42
8839,0,3.499123704386875e-05,0,0.019570925940085426,model::deberta,DeBERTa,42
14721,1,4.6107910748105496e-05,0,0.019570925940085426,model::deberta,DeBERTa,42
7710,1,3.7778161640744656e-05,0,0.019570925940085426,model::deberta,DeBERTa,42
20750,0,3.7861511373193935e-05,0,0.019570925940085426,model::deberta,DeBERTa,42
658,1,3.404409653740004e-05,0,0.019570925940085426,model::deberta,DeBERTa,42
16111,0,3.62619393854402e-05,0,0.019570925940085426,model::deberta,DeBERTa,42
19833,1,3.7906491343164816e-05,0,0.019570925940085426,model::deberta,DeBERTa,42
6161,0,3.3330674341414124e-05,0,0.019570925940085426,model::deberta,DeBERTa,42
16884,1,3.820097845164128e-05,0,0.019570925940085426,model::deberta,DeBERTa,42
5903,1,3.597422983148135e-05,0,0.019570925940085426,model::deberta,DeBERTa,42
4020,0,3.534842835506424e-05,0,0.019570925940085426,model::deberta,DeBERTa,42
2822,0,4.003084541182034e-05,0,0.019570925940085426,model::deberta,DeBERTa,42
17899,1,3.647394260042347e-05,0,0.019570925940085426,model::deberta,DeBERTa,42
11967,0,3.308701343485154e-05,0,0.019570925940085426,model::deberta,DeBERTa,42
16633,1,3.5032608138863e-05,0,0.019570925940085426,model::deberta,DeBERTa,42
15481,1,3.612246291595511e-05,0,0.019570925940085426,model::deberta,DeBERTa,42
10860,1,3.922308314940892e-05,0,0.019570925940085426,model::deberta,DeBERTa,42
8770,1,3.392434155102819e-05,0,0.019570925940085426,model::deberta,DeBERTa,42
647,1,3.7103251088410616e-05,0,0.019570925940085426,model::deberta,DeBERTa,42
9453,1,3.673852188512683e-05,0,0.019570925940085426,model::deberta,DeBERTa,42
11535,1,3.5019449569517747e-05,0,0.019570925940085426,model::deberta,DeBERTa,42
17005,1,3.472659591352567e-05,0,0.019570925940085426,model::deberta,DeBERTa,42
3022,1,3.7205187254585326e-05,0,0.019570925940085426,model::deberta,DeBERTa,42
14896,0,3.434609607211314e-05,0,0.019570925940085426,model::deberta,DeBERTa,42
3587,1,3.7833939131814986e-05,0,0.019570925940085426,model::deberta,DeBERTa,42
12652,1,3.548873428371735e-05,0,0.019570925940085426,model::deberta,DeBERTa,42
17345,0,3.921208553947508e-05,0,0.019570925940085426,model::deberta,DeBERTa,42
15517,1,3.604868106776848e-05,0,0.019570925940085426,model::deberta,DeBERTa,42
17189,1,3.759670289582573e-05,0,0.019570925940085426,model::deberta,DeBERTa,42
9134,1,3.762510459637269e-05,0,0.019570925940085426,model::deberta,DeBERTa,42
12200,1,3.724541238625534e-05,0,0.019570925940085426,model::deberta,DeBERTa,42
4839,1,3.700903835124336e-05,0,0.019570925940085426,model::deberta,DeBERTa,42
8432,0,3.5927194403484464e-05,0,0.019570925940085426,model::deberta,DeBERTa,42
6609,0,3.3471049391664565e-05,0,0.019570925940085426,model::deberta,DeBERTa,42
11117,1,3.617614129325375e-05,0,0.019570925940085426,model::deberta,DeBERTa,42
18588,0,3.621410724008456e-05,0,0.019570925940085426,model::deberta,DeBERTa,42
11898,1,4.219253969495185e-05,0,0.019570925940085426,model::deberta,DeBERTa,42
4684,1,3.986254887422547e-05,0,0.019570925940085426,model::deberta,DeBERTa,42
8985,1,3.564129292499274e-05,0,0.019570925940085426,model::deberta,DeBERTa,42
3148,0,3.57864482793957e-05,0,0.019570925940085426,model::deberta,DeBERTa,42
16635,1,3.625381214078516e-05,0,0.019570925940085426,model::deberta,DeBERTa,42
20623,1,3.61458987754304e-05,0,0.019570925940085426,model::deberta,DeBERTa,42
3382,1,3.5750326787820086e-05,0,0.019570925940085426,model::deberta,DeBERTa,42
16006,0,4.188848834019154e-05,0,0.019570925940085426,model::deberta,DeBERTa,42
15846,1,3.621386713348329e-05,0,0.019570925940085426,model::deberta,DeBERTa,42
2724,0,3.840157660306432e-05,0,0.019570925940085426,model::deberta,DeBERTa,42
14423,0,3.8491914892802015e-05,0,0.019570925940085426,model::deberta,DeBERTa,42
19181,0,3.425807153689675e-05,0,0.019570925940085426,model::deberta,DeBERTa,42
13906,1,3.400249988771975e-05,0,0.019570925940085426,model::deberta,DeBERTa,42
6906,0,3.828679473372176e-05,0,0.019570925940085426,model::deberta,DeBERTa,42
14746,0,3.825766907539219e-05,0,0.019570925940085426,model::deberta,DeBERTa,42
18165,0,3.749390452867374e-05,0,0.019570925940085426,model::deberta,DeBERTa,42
10178,1,3.916245623258874e-05,0,0.019570925940085426,model::deberta,DeBERTa,42
11965,0,3.785277658607811e-05,0,0.019570925940085426,model::deberta,DeBERTa,42
6514,0,3.5328750527696684e-05,0,0.019570925940085426,model::deberta,DeBERTa,42
12259,1,3.912587635568343e-05,0,0.019570925940085426,model::deberta,DeBERTa,42
4443,0,3.4323664294788614e-05,0,0.019570925940085426,model::deberta,DeBERTa,42
17788,1,3.6251600249670446e-05,0,0.019570925940085426,model::deberta,DeBERTa,42
20738,1,3.710197415784933e-05,0,0.019570925940085426,model::deberta,DeBERTa,42
694,1,3.778173049795441e-05,0,0.019570925940085426,model::deberta,DeBERTa,42
16476,1,4.574653576128185e-05,0,0.019570925940085426,model::deberta,DeBERTa,42
9628,1,3.547587766661309e-05,0,0.019570925940085426,model::deberta,DeBERTa,42
13808,0,4.063520464114845e-05,0,0.019570925940085426,model::deberta,DeBERTa,42
13474,1,3.593970541260205e-05,0,0.019570925940085426,model::deberta,DeBERTa,42
16807,0,3.512222247081809e-05,0,0.019570925940085426,model::deberta,DeBERTa,42
9251,1,3.8920086808502674e-05,0,0.019570925940085426,model::deberta,DeBERTa,42
4372,0,3.54555195372086e-05,0,0.019570925940085426,model::deberta,DeBERTa,42
5210,0,3.770420153159648e-05,0,0.019570925940085426,model::deberta,DeBERTa,42
16415,1,7.188514427980408e-05,0,0.019570925940085426,model::deberta,DeBERTa,42
18154,1,3.649147765827365e-05,0,0.019570925940085426,model::deberta,DeBERTa,42
7981,0,3.339768591104075e-05,0,0.019570925940085426,model::deberta,DeBERTa,42
7735,0,4.723432721220888e-05,0,0.019570925940085426,model::deberta,DeBERTa,42
1586,0,3.5696328268386424e-05,0,0.019570925940085426,model::deberta,DeBERTa,42
3996,0,3.564064536476508e-05,0,0.019570925940085426,model::deberta,DeBERTa,42
8136,0,3.708998337970115e-05,0,0.019570925940085426,model::deberta,DeBERTa,42
10160,0,4.080759026692249e-05,0,0.019570925940085426,model::deberta,DeBERTa,42
17517,0,3.701038076542318e-05,0,0.019570925940085426,model::deberta,DeBERTa,42
11299,1,3.833125447272323e-05,0,0.019570925940085426,model::deberta,DeBERTa,42
18883,0,3.57234021066688e-05,0,0.019570925940085426,model::deberta,DeBERTa,42
13217,1,3.657924753497355e-05,0,0.019570925940085426,model::deberta,DeBERTa,42
17518,1,3.974858918809332e-05,0,0.019570925940085426,model::deberta,DeBERTa,42
17572,1,3.685969932121225e-05,0,0.019570925940085426,model::deberta,DeBERTa,42
992,1,3.7826866901014e-05,0,0.019570925940085426,model::deberta,DeBERTa,42
18566,1,3.755971556529403e-05,0,0.019570925940085426,model::deberta,DeBERTa,42
1408,0,3.3418360544601455e-05,0,0.019570925940085426,model::deberta,DeBERTa,42
18302,1,3.675246989587322e-05,0,0.019570925940085426,model::deberta,DeBERTa,42
18924,1,3.87040818168316e-05,0,0.019570925940085426,model::deberta,DeBERTa,42
17217,1,4.401797559694387e-05,0,0.019570925940085426,model::deberta,DeBERTa,42
15180,0,3.7333742511691526e-05,0,0.019570925940085426,model::deberta,DeBERTa,42
5612,1,3.539430690580048e-05,0,0.019570925940085426,model::deberta,DeBERTa,42
20230,0,3.7148460251046345e-05,0,0.019570925940085426,model::deberta,DeBERTa,42
19044,1,3.874034155160189e-05,0,0.019570925940085426,model::deberta,DeBERTa,42
11003,1,3.633369487943128e-05,0,0.019570925940085426,model::deberta,DeBERTa,42
1719,0,3.67821630788967e-05,0,0.019570925940085426,model::deberta,DeBERTa,42
12564,1,3.7475496355909854e-05,0,0.019570925940085426,model::deberta,DeBERTa,42
3399,1,3.517994628055021e-05,0,0.019570925940085426,model::deberta,DeBERTa,42
13910,1,3.756799196708016e-05,0,0.019570925940085426,model::deberta,DeBERTa,42
6487,1,3.740957981790416e-05,0,0.019570925940085426,model::deberta,DeBERTa,42
2142,0,3.546667721820995e-05,0,0.019570925940085426,model::deberta,DeBERTa,42
13431,1,3.547926462488249e-05,0,0.019570925940085426,model::deberta,DeBERTa,42
1180,1,3.640132490545511e-05,0,0.019570925940085426,model::deberta,DeBERTa,42
4332,1,3.846020990749821e-05,0,0.019570925940085426,model::deberta,DeBERTa,42
7629,0,3.52372917404864e-05,0,0.019570925940085426,model::deberta,DeBERTa,42
1938,0,3.6612786061596125e-05,0,0.019570925940085426,model::deberta,DeBERTa,42
9064,0,4.796257053385489e-05,0,0.019570925940085426,model::deberta,DeBERTa,42
11771,1,3.487603316898458e-05,0,0.019570925940085426,model::deberta,DeBERTa,42
10164,0,3.762280539376661e-05,0,0.019570925940085426,model::deberta,DeBERTa,42
20501,1,3.494635166134685e-05,0,0.019570925940085426,model::deberta,DeBERTa,42
13574,1,3.5831522836815566e-05,0,0.019570925940085426,model::deberta,DeBERTa,42
14784,1,3.438155908952467e-05,0,0.019570925940085426,model::deberta,DeBERTa,42
12696,0,3.747256414499134e-05,0,0.019570925940085426,model::deberta,DeBERTa,42
16175,0,3.53071627614554e-05,0,0.019570925940085426,model::deberta,DeBERTa,42
1047,1,5.069898543297313e-05,0,0.019570925940085426,model::deberta,DeBERTa,42
1896,1,4.233876461512409e-05,0,0.019570925940085426,model::deberta,DeBERTa,42
15528,0,4.227477620588616e-05,0,0.019570925940085426,model::deberta,DeBERTa,42
20703,0,0.0001382502523483,0,0.019570925940085426,model::deberta,DeBERTa,42
4700,0,3.610641579143703e-05,0,0.019570925940085426,model::deberta,DeBERTa,42
7086,0,3.748282324522734e-05,0,0.019570925940085426,model::deberta,DeBERTa,42
17127,1,3.648591518867761e-05,0,0.019570925940085426,model::deberta,DeBERTa,42
11904,1,3.5152748750988394e-05,0,0.019570925940085426,model::deberta,DeBERTa,42
17366,0,6.026023766025901e-05,0,0.019570925940085426,model::deberta,DeBERTa,42
6440,0,3.682421083794907e-05,0,0.019570925940085426,model::deberta,DeBERTa,42
11789,0,3.507787187118083e-05,0,0.019570925940085426,model::deberta,DeBERTa,42
13514,0,3.800193371716887e-05,0,0.019570925940085426,model::deberta,DeBERTa,42
19817,0,5.885159407625906e-05,0,0.019570925940085426,model::deberta,DeBERTa,42
9850,0,3.527148874127306e-05,0,0.019570925940085426,model::deberta,DeBERTa,42
19653,1,3.736787039088085e-05,0,0.019570925940085426,model::deberta,DeBERTa,42
8248,1,3.5358745662961155e-05,0,0.019570925940085426,model::deberta,DeBERTa,42
6993,0,3.3954773243749514e-05,0,0.019570925940085426,model::deberta,DeBERTa,42
869,1,3.558436583261937e-05,0,0.019570925940085426,model::deberta,DeBERTa,42
4531,0,3.607141115935519e-05,0,0.019570925940085426,model::deberta,DeBERTa,42
4600,0,3.485030902083963e-05,0,0.019570925940085426,model::deberta,DeBERTa,42
20600,1,3.571512206690386e-05,0,0.019570925940085426,model::deberta,DeBERTa,42
11615,1,3.639694841695018e-05,0,0.019570925940085426,model::deberta,DeBERTa,42
11622,1,3.660217043943703e-05,0,0.019570925940085426,model::deberta,DeBERTa,42
13650,0,3.635005123214796e-05,0,0.019570925940085426,model::deberta,DeBERTa,42
16735,1,3.913341788575053e-05,0,0.019570925940085426,model::deberta,DeBERTa,42
8640,1,3.557562376954593e-05,0,0.019570925940085426,model::deberta,DeBERTa,42
6830,0,3.7586163671221584e-05,0,0.019570925940085426,model::deberta,DeBERTa,42
5077,0,4.0009319491218776e-05,0,0.019570925940085426,model::deberta,DeBERTa,42
14749,1,3.5299115552334115e-05,0,0.019570925940085426,model::deberta,DeBERTa,42
771,1,3.5045071854256094e-05,0,0.019570925940085426,model::deberta,DeBERTa,42
9405,0,3.948948506149464e-05,0,0.019570925940085426,model::deberta,DeBERTa,42
10887,1,3.529908281052485e-05,0,0.019570925940085426,model::deberta,DeBERTa,42
1780,1,3.707096038851887e-05,0,0.019570925940085426,model::deberta,DeBERTa,42
6717,0,3.876092523569241e-05,0,0.019570925940085426,model::deberta,DeBERTa,42
19911,0,4.135656854487024e-05,0,0.019570925940085426,model::deberta,DeBERTa,42
14298,1,3.662029484985396e-05,0,0.019570925940085426,model::deberta,DeBERTa,42
15411,0,3.710370947374031e-05,0,0.019570925940085426,model::deberta,DeBERTa,42
15019,1,3.767141970456578e-05,0,0.019570925940085426,model::deberta,DeBERTa,42
9610,0,3.669153375085443e-05,0,0.019570925940085426,model::deberta,DeBERTa,42
1303,1,3.5149831091985106e-05,0,0.019570925940085426,model::deberta,DeBERTa,42
19490,1,3.482100510154851e-05,0,0.019570925940085426,model::deberta,DeBERTa,42
6822,1,4.4720374717144296e-05,0,0.019570925940085426,model::deberta,DeBERTa,42
4488,0,3.376194217707962e-05,0,0.019570925940085426,model::deberta,DeBERTa,42
7461,1,3.3857962989714e-05,0,0.019570925940085426,model::deberta,DeBERTa,42
13029,0,3.487500362098217e-05,0,0.019570925940085426,model::deberta,DeBERTa,42
14146,0,3.430275683058426e-05,0,0.019570925940085426,model::deberta,DeBERTa,42
18257,0,3.813029616139829e-05,0,0.019570925940085426,model::deberta,DeBERTa,42
9122,0,3.4783632145263255e-05,0,0.019570925940085426,model::deberta,DeBERTa,42
15865,0,3.94495073123835e-05,0,0.019570925940085426,model::deberta,DeBERTa,42
6557,0,3.571045454009436e-05,0,0.019570925940085426,model::deberta,DeBERTa,42
11588,1,4.085852197022177e-05,0,0.019570925940085426,model::deberta,DeBERTa,42
6186,0,3.585408194339834e-05,0,0.019570925940085426,model::deberta,DeBERTa,42
1900,0,3.872165689244866e-05,0,0.019570925940085426,model::deberta,DeBERTa,42
73,1,3.624289092840627e-05,0,0.019570925940085426,model::deberta,DeBERTa,42
1997,1,3.8785739889135584e-05,0,0.019570925940085426,model::deberta,DeBERTa,42
17534,0,3.526183354551904e-05,0,0.019570925940085426,model::deberta,DeBERTa,42
9958,1,3.436156112002209e-05,0,0.019570925940085426,model::deberta,DeBERTa,42
17511,0,5.080846676719375e-05,0,0.019570925940085426,model::deberta,DeBERTa,42
16955,0,3.800987542490475e-05,0,0.019570925940085426,model::deberta,DeBERTa,42
15570,1,3.656477201730013e-05,0,0.019570925940085426,model::deberta,DeBERTa,42
14801,0,3.4483542549423873e-05,0,0.019570925940085426,model::deberta,DeBERTa,42
21136,1,3.607289181672968e-05,0,0.019570925940085426,model::deberta,DeBERTa,42
13584,0,3.613114677136764e-05,0,0.019570925940085426,model::deberta,DeBERTa,42
140,0,3.3456050005042925e-05,0,0.019570925940085426,model::deberta,DeBERTa,42
12883,0,3.6379668017616495e-05,0,0.019570925940085426,model::deberta,DeBERTa,42
2537,1,3.786519300774671e-05,0,0.019570925940085426,model::deberta,DeBERTa,42
14346,1,6.075258716009557e-05,0,0.019570925940085426,model::deberta,DeBERTa,42
12273,0,3.438962085056119e-05,0,0.019570925940085426,model::deberta,DeBERTa,42
17739,0,3.805524465860799e-05,0,0.019570925940085426,model::deberta,DeBERTa,42
2964,0,3.575138543965295e-05,0,0.019570925940085426,model::deberta,DeBERTa,42
1868,0,0.0003933591360691,0,0.019570925940085426,model::deberta,DeBERTa,42
4967,0,3.585955346352421e-05,0,0.019570925940085426,model::deberta,DeBERTa,42
983,0,3.718557127285749e-05,0,0.019570925940085426,model::deberta,DeBERTa,42
8412,0,3.3862419513752684e-05,0,0.019570925940085426,model::deberta,DeBERTa,42
11817,0,3.393822771613486e-05,0,0.019570925940085426,model::deberta,DeBERTa,42
9858,0,3.4882654290413484e-05,0,0.019570925940085426,model::deberta,DeBERTa,42
5689,0,3.396902320673689e-05,0,0.019570925940085426,model::deberta,DeBERTa,42
15542,1,4.736428309115581e-05,0,0.019570925940085426,model::deberta,DeBERTa,42
6656,0,3.564224243746139e-05,0,0.019570925940085426,model::deberta,DeBERTa,42
13243,0,3.500518869259395e-05,0,0.019570925940085426,model::deberta,DeBERTa,42
4093,0,0.000142369113746,0,0.019570925940085426,model::deberta,DeBERTa,42
2931,1,3.583931538742036e-05,0,0.019570925940085426,model::deberta,DeBERTa,42
16447,0,3.534906863933429e-05,0,0.019570925940085426,model::deberta,DeBERTa,42
12140,0,3.328183083795011e-05,0,0.019570925940085426,model::deberta,DeBERTa,42
2519,1,3.720075255841948e-05,0,0.019570925940085426,model::deberta,DeBERTa,42
5451,1,3.622046278906055e-05,0,0.019570925940085426,model::deberta,DeBERTa,42
19200,0,4.181568510830402e-05,0,0.019570925940085426,model::deberta,DeBERTa,42
10442,1,3.572861533029936e-05,0,0.019570925940085426,model::deberta,DeBERTa,42
12549,0,3.906275742338039e-05,0,0.019570925940085426,model::deberta,DeBERTa,42
9431,0,3.5341621696716174e-05,0,0.019570925940085426,model::deberta,DeBERTa,42
990,0,0.0036891722120344,0,0.019570925940085426,model::deberta,DeBERTa,42
15110,1,3.566713712643832e-05,0,0.019570925940085426,model::deberta,DeBERTa,42
3788,1,3.650547296274453e-05,0,0.019570925940085426,model::deberta,DeBERTa,42
9914,1,3.399728302611038e-05,0,0.019570925940085426,model::deberta,DeBERTa,42
12594,1,3.687101707328111e-05,0,0.019570925940085426,model::deberta,DeBERTa,42
11580,1,3.9581398596055806e-05,0,0.019570925940085426,model::deberta,DeBERTa,42
20231,1,3.60769518010784e-05,0,0.019570925940085426,model::deberta,DeBERTa,42
21023,1,3.641916555352509e-05,0,0.019570925940085426,model::deberta,DeBERTa,42
2728,1,3.712137186084874e-05,0,0.019570925940085426,model::deberta,DeBERTa,42
11422,0,3.5444769309833646e-05,0,0.019570925940085426,model::deberta,DeBERTa,42
58,1,3.800874765147455e-05,0,0.019570925940085426,model::deberta,DeBERTa,42
17977,0,3.7279842217685655e-05,0,0.019570925940085426,model::deberta,DeBERTa,42
14416,0,3.601961361709982e-05,0,0.019570925940085426,model::deberta,DeBERTa,42
10629,0,6.023496462148614e-05,0,0.019570925940085426,model::deberta,DeBERTa,42
4138,0,3.294165071565658e-05,0,0.019570925940085426,model::deberta,DeBERTa,42
2877,1,3.744491550605744e-05,0,0.019570925940085426,model::deberta,DeBERTa,42
17097,1,3.70259840565268e-05,0,0.019570925940085426,model::deberta,DeBERTa,42
4870,0,3.7011159292887896e-05,0,0.019570925940085426,model::deberta,DeBERTa,42
15207,0,3.450972872087732e-05,0,0.019570925940085426,model::deberta,DeBERTa,42
4160,1,3.591007043723948e-05,0,0.019570925940085426,model::deberta,DeBERTa,42
16079,1,3.709709562826902e-05,0,0.019570925940085426,model::deberta,DeBERTa,42
16506,0,3.559977994882502e-05,0,0.019570925940085426,model::deberta,DeBERTa,42
7357,0,3.399792694835924e-05,0,0.019570925940085426,model::deberta,DeBERTa,42
2804,1,3.594192457967438e-05,0,0.019570925940085426,model::deberta,DeBERTa,42
4393,0,4.2058283725054935e-05,0,0.019570925940085426,model::deberta,DeBERTa,42
16123,0,3.5895343899028376e-05,0,0.019570925940085426,model::deberta,DeBERTa,42
14689,0,3.3167605579365045e-05,0,0.019570925940085426,model::deberta,DeBERTa,42
2098,1,3.399027991690673e-05,0,0.019570925940085426,model::deberta,DeBERTa,42
4123,0,3.923344411305152e-05,0,0.019570925940085426,model::deberta,DeBERTa,42
2710,1,3.892713721143082e-05,0,0.019570925940085426,model::deberta,DeBERTa,42
13111,0,3.655908949440345e-05,0,0.019570925940085426,model::deberta,DeBERTa,42
12692,0,4.258435365045443e-05,0,0.019570925940085426,model::deberta,DeBERTa,42
13520,1,3.5111504985252395e-05,0,0.019570925940085426,model::deberta,DeBERTa,42
5758,1,3.610114799812436e-05,0,0.019570925940085426,model::deberta,DeBERTa,42
1923,0,3.991176708950661e-05,0,0.019570925940085426,model::deberta,DeBERTa,42
16691,1,3.40768056048546e-05,0,0.019570925940085426,model::deberta,DeBERTa,42
2843,1,3.5842695069732144e-05,0,0.019570925940085426,model::deberta,DeBERTa,42
6914,0,4.216538218315691e-05,0,0.019570925940085426,model::deberta,DeBERTa,42
262,1,3.8965317799011245e-05,0,0.019570925940085426,model::deberta,DeBERTa,42
19118,1,3.5426790418569e-05,0,0.019570925940085426,model::deberta,DeBERTa,42
13201,0,3.4955253795487806e-05,0,0.019570925940085426,model::deberta,DeBERTa,42
15079,1,3.68848086509388e-05,0,0.019570925940085426,model::deberta,DeBERTa,42
19957,1,3.735628706635907e-05,0,0.019570925940085426,model::deberta,DeBERTa,42
18151,0,3.618942355387844e-05,0,0.019570925940085426,model::deberta,DeBERTa,42
10389,1,3.5707798815565184e-05,0,0.019570925940085426,model::deberta,DeBERTa,42
15721,0,3.45129519701004e-05,0,0.019570925940085426,model::deberta,DeBERTa,42
8334,0,4.736938717542216e-05,0,0.019570925940085426,model::deberta,DeBERTa,42
9060,1,3.717656363733113e-05,0,0.019570925940085426,model::deberta,DeBERTa,42
15608,0,5.470919495564885e-05,0,0.019570925940085426,model::deberta,DeBERTa,42
6900,1,3.891054802807048e-05,0,0.019570925940085426,model::deberta,DeBERTa,42
8360,0,3.508781082928181e-05,0,0.019570925940085426,model::deberta,DeBERTa,42
20748,0,3.665715121314861e-05,0,0.019570925940085426,model::deberta,DeBERTa,42
9035,0,3.448439747444354e-05,0,0.019570925940085426,model::deberta,DeBERTa,42
21063,1,4.0164108213502914e-05,0,0.019570925940085426,model::deberta,DeBERTa,42
9584,0,3.693034523166716e-05,0,0.019570925940085426,model::deberta,DeBERTa,42
6997,0,3.5375644074520096e-05,0,0.019570925940085426,model::deberta,DeBERTa,42
6627,1,3.397317050257698e-05,0,0.019570925940085426,model::deberta,DeBERTa,42
11010,0,4.69389560748823e-05,0,0.019570925940085426,model::deberta,DeBERTa,42
1758,1,4.430966873769648e-05,0,0.019570925940085426,model::deberta,DeBERTa,42
13549,1,3.736423241207376e-05,0,0.019570925940085426,model::deberta,DeBERTa,42
10221,0,3.373722211108543e-05,0,0.019570925940085426,model::deberta,DeBERTa,42
10909,0,3.756243677344173e-05,0,0.019570925940085426,model::deberta,DeBERTa,42
18920,1,3.686820491566323e-05,0,0.019570925940085426,model::deberta,DeBERTa,42
2552,1,3.524475687299855e-05,0,0.019570925940085426,model::deberta,DeBERTa,42
8331,0,3.550593100953847e-05,0,0.019570925940085426,model::deberta,DeBERTa,42
10710,0,5.046869409852661e-05,0,0.019570925940085426,model::deberta,DeBERTa,42
7649,0,3.743949127965607e-05,0,0.019570925940085426,model::deberta,DeBERTa,42
5626,1,3.795608063228429e-05,0,0.019570925940085426,model::deberta,DeBERTa,42
1752,1,4.2296793253626674e-05,0,0.019570925940085426,model::deberta,DeBERTa,42
8963,0,4.339867882663384e-05,0,0.019570925940085426,model::deberta,DeBERTa,42
3156,0,3.405802635825239e-05,0,0.019570925940085426,model::deberta,DeBERTa,42
10116,1,3.806163294939324e-05,0,0.019570925940085426,model::deberta,DeBERTa,42
15902,1,3.674531762953848e-05,0,0.019570925940085426,model::deberta,DeBERTa,42
5167,0,3.751028270926327e-05,0,0.019570925940085426,model::deberta,DeBERTa,42
14813,0,3.5362187190912664e-05,0,0.019570925940085426,model::deberta,DeBERTa,42
19699,1,3.449946234468371e-05,0,0.019570925940085426,model::deberta,DeBERTa,42
2287,1,3.6298020859248936e-05,0,0.019570925940085426,model::deberta,DeBERTa,42
3792,1,3.670851219794713e-05,0,0.019570925940085426,model::deberta,DeBERTa,42
11717,1,3.87758991564624e-05,0,0.019570925940085426,model::deberta,DeBERTa,42
12060,1,3.59600962838158e-05,0,0.019570925940085426,model::deberta,DeBERTa,42
4459,0,4.375493881525472e-05,0,0.019570925940085426,model::deberta,DeBERTa,42
18589,1,3.640232898760587e-05,0,0.019570925940085426,model::deberta,DeBERTa,42
12309,1,3.584354999475181e-05,0,0.019570925940085426,model::deberta,DeBERTa,42
3518,1,3.559448305168189e-05,0,0.019570925940085426,model::deberta,DeBERTa,42
2605,0,3.4380540455458686e-05,0,0.019570925940085426,model::deberta,DeBERTa,42
2708,1,3.659023423097096e-05,0,0.019570925940085426,model::deberta,DeBERTa,42
18702,0,3.525043575791642e-05,0,0.019570925940085426,model::deberta,DeBERTa,42
13381,1,3.6890713090542704e-05,0,0.019570925940085426,model::deberta,DeBERTa,42
15131,1,3.670262958621606e-05,0,0.019570925940085426,model::deberta,DeBERTa,42
11910,0,3.482489046291448e-05,0,0.019570925940085426,model::deberta,DeBERTa,42
8854,0,3.389117409824394e-05,0,0.019570925940085426,model::deberta,DeBERTa,42
18940,1,3.705748895299621e-05,0,0.019570925940085426,model::deberta,DeBERTa,42
4387,1,4.2848652810789645e-05,0,0.019570925940085426,model::deberta,DeBERTa,42
20660,1,3.686145646497607e-05,0,0.019570925940085426,model::deberta,DeBERTa,42
20305,1,3.687467687996104e-05,0,0.019570925940085426,model::deberta,DeBERTa,42
14420,1,3.7687485018977895e-05,0,0.019570925940085426,model::deberta,DeBERTa,42
1708,0,3.883129102177918e-05,0,0.019570925940085426,model::deberta,DeBERTa,42
6131,0,3.540000761859119e-05,0,0.019570925940085426,model::deberta,DeBERTa,42
2669,0,4.111688758712262e-05,0,0.019570925940085426,model::deberta,DeBERTa,42
4759,0,3.4403721656417474e-05,0,0.019570925940085426,model::deberta,DeBERTa,42
5305,1,3.723187910509296e-05,0,0.019570925940085426,model::deberta,DeBERTa,42
1262,0,3.448610732448287e-05,0,0.019570925940085426,model::deberta,DeBERTa,42
18111,0,3.587826358852908e-05,0,0.019570925940085426,model::deberta,DeBERTa,42
19422,0,3.5677199775818735e-05,0,0.019570925940085426,model::deberta,DeBERTa,42
15033,0,3.450123767834157e-05,0,0.019570925940085426,model::deberta,DeBERTa,42
11051,0,4.26078331656754e-05,0,0.019570925940085426,model::deberta,DeBERTa,42
16591,0,4.050718052894808e-05,0,0.019570925940085426,model::deberta,DeBERTa,42
2053,1,3.703827314893715e-05,0,0.019570925940085426,model::deberta,DeBERTa,42
7319,0,3.613204171415418e-05,0,0.019570925940085426,model::deberta,DeBERTa,42
7997,0,3.557738455128856e-05,0,0.019570925940085426,model::deberta,DeBERTa,42
2440,1,3.754646240849979e-05,0,0.019570925940085426,model::deberta,DeBERTa,42
7873,1,3.7155437894398347e-05,0,0.019570925940085426,model::deberta,DeBERTa,42
1101,1,3.795102020376362e-05,0,0.019570925940085426,model::deberta,DeBERTa,42
3293,1,3.7032339605502784e-05,0,0.019570925940085426,model::deberta,DeBERTa,42
8649,0,3.849338463624008e-05,0,0.019570925940085426,model::deberta,DeBERTa,42
9112,0,3.62977443728596e-05,0,0.019570925940085426,model::deberta,DeBERTa,42
18634,1,4.0833587263477966e-05,0,0.019570925940085426,model::deberta,DeBERTa,42
6069,0,3.40140140906442e-05,0,0.019570925940085426,model::deberta,DeBERTa,42
11843,0,3.652400118880905e-05,0,0.019570925940085426,model::deberta,DeBERTa,42
1064,1,4.52806125395e-05,0,0.019570925940085426,model::deberta,DeBERTa,42
19432,1,3.396980173420161e-05,0,0.019570925940085426,model::deberta,DeBERTa,42
20396,1,3.5219694836996496e-05,0,0.019570925940085426,model::deberta,DeBERTa,42
175,1,3.6389974411576986e-05,0,0.019570925940085426,model::deberta,DeBERTa,42
973,1,4.1273793613072485e-05,0,0.019570925940085426,model::deberta,DeBERTa,42
13368,1,6.91636378178373e-05,0,0.019570925940085426,model::deberta,DeBERTa,42
43,0,4.09204039897304e-05,0,0.019570925940085426,model::deberta,DeBERTa,42
13811,0,3.505355925881304e-05,0,0.019570925940085426,model::deberta,DeBERTa,42
14588,1,3.6839770473307e-05,0,0.019570925940085426,model::deberta,DeBERTa,42
10266,1,3.746399306692183e-05,0,0.019570925940085426,model::deberta,DeBERTa,42
18433,1,3.5387016396271065e-05,0,0.019570925940085426,model::deberta,DeBERTa,42
4570,1,3.981797999585979e-05,0,0.019570925940085426,model::deberta,DeBERTa,42
6306,0,3.439374995650724e-05,0,0.019570925940085426,model::deberta,DeBERTa,42
14540,0,3.559652031981386e-05,0,0.019570925940085426,model::deberta,DeBERTa,42
17165,0,3.513005867716856e-05,0,0.019570925940085426,model::deberta,DeBERTa,42
641,1,3.978302265750244e-05,0,0.019570925940085426,model::deberta,DeBERTa,42
5502,0,3.6167966754874215e-05,0,0.019570925940085426,model::deberta,DeBERTa,42
20592,0,3.5389581171330065e-05,0,0.019570925940085426,model::deberta,DeBERTa,42
18238,1,3.858235504594632e-05,0,0.019570925940085426,model::deberta,DeBERTa,42
8128,1,3.70760535588488e-05,0,0.019570925940085426,model::deberta,DeBERTa,42
19729,0,3.505299173411913e-05,0,0.019570925940085426,model::deberta,DeBERTa,42
15926,1,3.928154910681769e-05,0,0.019570925940085426,model::deberta,DeBERTa,42
19177,1,8.392902964260429e-05,0,0.019570925940085426,model::deberta,DeBERTa,42
17990,1,3.7088677345309407e-05,0,0.019570925940085426,model::deberta,DeBERTa,42
4899,1,4.087820343556814e-05,0,0.019570925940085426,model::deberta,DeBERTa,42
19461,1,3.652539453469217e-05,0,0.019570925940085426,model::deberta,DeBERTa,42
616,1,3.635670873336494e-05,0,0.019570925940085426,model::deberta,DeBERTa,42
5886,0,3.410726640140638e-05,0,0.019570925940085426,model::deberta,DeBERTa,42
11169,1,3.725563874468208e-05,0,0.019570925940085426,model::deberta,DeBERTa,42
16365,1,4.013979196315631e-05,0,0.019570925940085426,model::deberta,DeBERTa,42
5788,1,3.515579737722874e-05,0,0.019570925940085426,model::deberta,DeBERTa,42
10187,1,3.595673479139805e-05,0,0.019570925940085426,model::deberta,DeBERTa,42
9084,1,3.823283259407617e-05,0,0.019570925940085426,model::deberta,DeBERTa,42
243,0,3.275848212069832e-05,0,0.019570925940085426,model::deberta,DeBERTa,42
12047,1,4.042787622893229e-05,0,0.019570925940085426,model::deberta,DeBERTa,42
13921,0,3.3233140129595995e-05,0,0.019570925940085426,model::deberta,DeBERTa,42
10155,0,3.902303797076456e-05,0,0.019570925940085426,model::deberta,DeBERTa,42
9309,1,3.5671386285685e-05,0,0.019570925940085426,model::deberta,DeBERTa,42
15515,1,0.0001031556166708,0,0.019570925940085426,model::deberta,DeBERTa,42
10662,0,3.406179530429654e-05,0,0.019570925940085426,model::deberta,DeBERTa,42
12693,0,3.620775169110857e-05,0,0.019570925940085426,model::deberta,DeBERTa,42
16574,0,3.597450631787069e-05,0,0.019570925940085426,model::deberta,DeBERTa,42
20044,0,3.414765888010152e-05,0,0.019570925940085426,model::deberta,DeBERTa,42
15500,1,3.667072087409906e-05,0,0.019570925940085426,model::deberta,DeBERTa,42
1029,0,3.330199251649901e-05,0,0.019570925940085426,model::deberta,DeBERTa,42
11614,1,3.437001578276977e-05,0,0.019570925940085426,model::deberta,DeBERTa,42
9822,1,3.7686910218326375e-05,0,0.019570925940085426,model::deberta,DeBERTa,42
20524,0,3.655758700915612e-05,0,0.019570925940085426,model::deberta,DeBERTa,42
7741,1,3.539356475812383e-05,0,0.019570925940085426,model::deberta,DeBERTa,42
14573,0,3.410124918445945e-05,0,0.019570925940085426,model::deberta,DeBERTa,42
19611,0,3.321390977362171e-05,0,0.019570925940085426,model::deberta,DeBERTa,42
3277,0,4.294629979995079e-05,0,0.019570925940085426,model::deberta,DeBERTa,42
12554,1,3.5828958061756566e-05,0,0.019570925940085426,model::deberta,DeBERTa,42
12526,1,3.7910071114311e-05,0,0.019570925940085426,model::deberta,DeBERTa,42
20390,1,3.557976015144959e-05,0,0.019570925940085426,model::deberta,DeBERTa,42
5242,0,3.470193041721359e-05,0,0.019570925940085426,model::deberta,DeBERTa,42
7776,0,3.652138912002556e-05,0,0.019570925940085426,model::deberta,DeBERTa,42
13747,1,3.6610272218240425e-05,0,0.019570925940085426,model::deberta,DeBERTa,42
14769,1,6.79954609950073e-05,0,0.019570925940085426,model::deberta,DeBERTa,42
15408,0,3.538370947353542e-05,0,0.019570925940085426,model::deberta,DeBERTa,42
8850,0,3.723198460647836e-05,0,0.019570925940085426,model::deberta,DeBERTa,42
6341,0,4.049342896905728e-05,0,0.019570925940085426,model::deberta,DeBERTa,42
7677,1,3.904111872543581e-05,0,0.019570925940085426,model::deberta,DeBERTa,42
12610,0,3.60686972271651e-05,0,0.019570925940085426,model::deberta,DeBERTa,42
15436,1,3.708832082338631e-05,0,0.019570925940085426,model::deberta,DeBERTa,42
248,1,3.802705759881064e-05,0,0.019570925940085426,model::deberta,DeBERTa,42
8795,0,3.39836988132447e-05,0,0.019570925940085426,model::deberta,DeBERTa,42
683,1,3.4222179237985983e-05,0,0.019570925940085426,model::deberta,DeBERTa,42
10619,0,4.196165173198097e-05,0,0.019570925940085426,model::deberta,DeBERTa,42
901,1,3.653166277217679e-05,0,0.019570925940085426,model::deberta,DeBERTa,42
6945,0,3.893337270710617e-05,0,0.019570925940085426,model::deberta,DeBERTa,42
112,1,3.991450648754835e-05,0,0.019570925940085426,model::deberta,DeBERTa,42
14601,0,0.0007801596657373,0,0.019570925940085426,model::deberta,DeBERTa,42
9124,1,3.6619316233554855e-05,0,0.019570925940085426,model::deberta,DeBERTa,42
12747,0,3.5597742680693045e-05,0,0.019570925940085426,model::deberta,DeBERTa,42
20252,1,4.099117359146476e-05,0,0.019570925940085426,model::deberta,DeBERTa,42
18768,0,3.594123700167984e-05,0,0.019570925940085426,model::deberta,DeBERTa,42
16844,1,3.62554746971e-05,0,0.019570925940085426,model::deberta,DeBERTa,42
5992,0,4.164568235864863e-05,0,0.019570925940085426,model::deberta,DeBERTa,42
16312,1,4.38602983194869e-05,0,0.019570925940085426,model::deberta,DeBERTa,42
8930,1,4.045560854137875e-05,0,0.019570925940085426,model::deberta,DeBERTa,42
10000,1,3.686532363644801e-05,0,0.019570925940085426,model::deberta,DeBERTa,42
8083,0,3.42056700901594e-05,0,0.019570925940085426,model::deberta,DeBERTa,42
1356,0,4.063431333634071e-05,0,0.019570925940085426,model::deberta,DeBERTa,42
14307,0,3.5973713238490745e-05,0,0.019570925940085426,model::deberta,DeBERTa,42
13423,0,3.830932837445289e-05,0,0.019570925940085426,model::deberta,DeBERTa,42
19674,0,3.569044201867655e-05,0,0.019570925940085426,model::deberta,DeBERTa,42
16406,0,3.492386531434022e-05,0,0.019570925940085426,model::deberta,DeBERTa,42
17846,1,3.709741577040404e-05,0,0.019570925940085426,model::deberta,DeBERTa,42
12642,1,4.11914152209647e-05,0,0.019570925940085426,model::deberta,DeBERTa,42
13004,0,3.486596324364655e-05,0,0.019570925940085426,model::deberta,DeBERTa,42
20367,1,3.7602436350425705e-05,0,0.019570925940085426,model::deberta,DeBERTa,42
16778,1,3.5392280551604927e-05,0,0.019570925940085426,model::deberta,DeBERTa,42
20433,0,3.714119884534739e-05,0,0.019570925940085426,model::deberta,DeBERTa,42
20928,0,3.988597018178552e-05,0,0.019570925940085426,model::deberta,DeBERTa,42
7440,1,3.890535299433395e-05,0,0.019570925940085426,model::deberta,DeBERTa,42
10613,0,3.3840140531538054e-05,0,0.019570925940085426,model::deberta,DeBERTa,42
8465,0,3.803086292464286e-05,0,0.019570925940085426,model::deberta,DeBERTa,42
18203,0,4.30515174230095e-05,0,0.019570925940085426,model::deberta,DeBERTa,42
6170,0,3.496542194625363e-05,0,0.019570925940085426,model::deberta,DeBERTa,42
11685,1,3.5446122637949884e-05,0,0.019570925940085426,model::deberta,DeBERTa,42
10932,1,3.623936208896339e-05,0,0.019570925940085426,model::deberta,DeBERTa,42
12424,0,3.1985990062821656e-05,0,0.019570925940085426,model::deberta,DeBERTa,42
9968,1,3.605267193051986e-05,0,0.019570925940085426,model::deberta,DeBERTa,42
10475,1,3.540030957083218e-05,0,0.019570925940085426,model::deberta,DeBERTa,42
11525,1,3.754367207875475e-05,0,0.019570925940085426,model::deberta,DeBERTa,42
7042,1,6.124405626906082e-05,0,0.019570925940085426,model::deberta,DeBERTa,42
3558,0,3.689106597448699e-05,0,0.019570925940085426,model::deberta,DeBERTa,42
13588,0,3.91640278394334e-05,0,0.019570925940085426,model::deberta,DeBERTa,42
11379,1,3.9599599404027686e-05,0,0.019570925940085426,model::deberta,DeBERTa,42
18014,0,3.39566140610259e-05,0,0.019570925940085426,model::deberta,DeBERTa,42
1072,1,3.574313086573966e-05,0,0.019570925940085426,model::deberta,DeBERTa,42
12006,1,3.5267181374365464e-05,0,0.019570925940085426,model::deberta,DeBERTa,42
8759,0,0.0001108073192881,0,0.019570925940085426,model::deberta,DeBERTa,42
10957,0,3.53594878106378e-05,0,0.019570925940085426,model::deberta,DeBERTa,42
6046,0,4.010791963082738e-05,0,0.019570925940085426,model::deberta,DeBERTa,42
16763,0,4.398851524456404e-05,0,0.019570925940085426,model::deberta,DeBERTa,42
18932,1,3.551250119926408e-05,0,0.019570925940085426,model::deberta,DeBERTa,42
10362,0,3.427342380746268e-05,0,0.019570925940085426,model::deberta,DeBERTa,42
11711,0,0.0001107009593397,0,0.019570925940085426,model::deberta,DeBERTa,42
7514,0,3.5588236642070115e-05,0,0.019570925940085426,model::deberta,DeBERTa,42
8935,0,3.362724237376824e-05,0,0.019570925940085426,model::deberta,DeBERTa,42
10058,1,4.051421274198219e-05,0,0.019570925940085426,model::deberta,DeBERTa,42
16718,1,3.7512108974624425e-05,0,0.019570925940085426,model::deberta,DeBERTa,42
16317,0,3.617252150434069e-05,0,0.019570925940085426,model::deberta,DeBERTa,42
19108,1,3.5671659134095535e-05,0,0.019570925940085426,model::deberta,DeBERTa,42
1682,1,3.936476423405111e-05,0,0.019570925940085426,model::deberta,DeBERTa,42
10385,0,3.904960976797156e-05,0,0.019570925940085426,model::deberta,DeBERTa,42
18795,1,3.5210025089327246e-05,0,0.019570925940085426,model::deberta,DeBERTa,42
19579,0,3.951110193156637e-05,0,0.019570925940085426,model::deberta,DeBERTa,42
428,1,3.398314947844483e-05,0,0.019570925940085426,model::deberta,DeBERTa,42
14232,1,3.921025563613512e-05,0,0.019570925940085426,model::deberta,DeBERTa,42
12476,1,3.774225842789747e-05,0,0.019570925940085426,model::deberta,DeBERTa,42
15738,0,3.724608541233465e-05,0,0.019570925940085426,model::deberta,DeBERTa,42
16924,0,3.453863610047847e-05,0,0.019570925940085426,model::deberta,DeBERTa,42
1646,0,3.5735767596634105e-05,0,0.019570925940085426,model::deberta,DeBERTa,42
15008,1,3.558640673873015e-05,0,0.019570925940085426,model::deberta,DeBERTa,42
6317,1,3.463117900537327e-05,0,0.019570925940085426,model::deberta,DeBERTa,42
3032,0,3.660028596641496e-05,0,0.019570925940085426,model::deberta,DeBERTa,42
492,0,3.51154558302369e-05,0,0.019570925940085426,model::deberta,DeBERTa,42
15815,0,3.748425297089853e-05,0,0.019570925940085426,model::deberta,DeBERTa,42
1378,0,3.798077523242682e-05,0,0.019570925940085426,model::deberta,DeBERTa,42
3999,1,3.649677091743797e-05,0,0.019570925940085426,model::deberta,DeBERTa,42
16561,0,4.836464358959347e-05,0,0.019570925940085426,model::deberta,DeBERTa,42
17155,0,3.376445602043532e-05,0,0.019570925940085426,model::deberta,DeBERTa,42
12823,0,3.536124131642282e-05,0,0.019570925940085426,model::deberta,DeBERTa,42
10019,1,3.358282629051246e-05,0,0.019570925940085426,model::deberta,DeBERTa,42
12458,1,5.824548134114593e-05,0,0.019570925940085426,model::deberta,DeBERTa,42
4243,0,6.492184184025973e-05,0,0.019570925940085426,model::deberta,DeBERTa,42
16512,1,3.781997656915337e-05,0,0.019570925940085426,model::deberta,DeBERTa,42
16146,0,3.735197606147267e-05,0,0.019570925940085426,model::deberta,DeBERTa,42
17428,0,3.360928894835524e-05,0,0.019570925940085426,model::deberta,DeBERTa,42
14070,1,3.917097274097614e-05,0,0.019570925940085426,model::deberta,DeBERTa,42
1741,1,3.767034286283888e-05,0,0.019570925940085426,model::deberta,DeBERTa,42
20962,0,3.510721944621764e-05,0,0.019570925940085426,model::deberta,DeBERTa,42
15911,1,3.5584096622187644e-05,0,0.019570925940085426,model::deberta,DeBERTa,42
13593,0,3.5828721593134105e-05,0,0.019570925940085426,model::deberta,DeBERTa,42
8964,0,3.872302113450132e-05,0,0.019570925940085426,model::deberta,DeBERTa,42
10530,0,3.595817543100566e-05,0,0.019570925940085426,model::deberta,DeBERTa,42
3502,0,3.7443060136865824e-05,0,0.019570925940085426,model::deberta,DeBERTa,42
7557,0,3.661236769403331e-05,0,0.019570925940085426,model::deberta,DeBERTa,42
19547,1,3.492516407277435e-05,0,0.019570925940085426,model::deberta,DeBERTa,42
14635,0,3.410853605601005e-05,0,0.019570925940085426,model::deberta,DeBERTa,42
12168,0,3.372129867784679e-05,0,0.019570925940085426,model::deberta,DeBERTa,42
3189,0,3.525820284266956e-05,0,0.019570925940085426,model::deberta,DeBERTa,42
2560,0,3.739242310984992e-05,0,0.019570925940085426,model::deberta,DeBERTa,42
18150,1,3.8744219637010247e-05,0,0.019570925940085426,model::deberta,DeBERTa,42
2062,0,3.394479790586047e-05,0,0.019570925940085426,model::deberta,DeBERTa,42
17970,0,3.640080103650689e-05,0,0.019570925940085426,model::deberta,DeBERTa,42
14679,0,3.419954009586945e-05,0,0.019570925940085426,model::deberta,DeBERTa,42
8099,0,3.9829941670177504e-05,0,0.019570925940085426,model::deberta,DeBERTa,42
3192,0,0.000107884312456,0,0.019570925940085426,model::deberta,DeBERTa,42
19761,0,3.679774090414867e-05,0,0.019570925940085426,model::deberta,DeBERTa,42
65,1,3.3154195989482105e-05,0,0.019570925940085426,model::deberta,DeBERTa,42
1424,0,3.516424840199761e-05,0,0.019570925940085426,model::deberta,DeBERTa,42
18050,0,3.970873513026163e-05,0,0.019570925940085426,model::deberta,DeBERTa,42
14331,0,3.3656859159236774e-05,0,0.019570925940085426,model::deberta,DeBERTa,42
4106,1,3.959015521104448e-05,0,0.019570925940085426,model::deberta,DeBERTa,42
5060,1,3.974745413870551e-05,0,0.019570925940085426,model::deberta,DeBERTa,42
8701,0,3.9419155655195937e-05,0,0.019570925940085426,model::deberta,DeBERTa,42
17019,0,3.5088414733763784e-05,0,0.019570925940085426,model::deberta,DeBERTa,42
4095,1,3.890969674102962e-05,0,0.019570925940085426,model::deberta,DeBERTa,42
14548,1,3.54280746250879e-05,0,0.019570925940085426,model::deberta,DeBERTa,42
15632,0,3.719032247317955e-05,0,0.019570925940085426,model::deberta,DeBERTa,42
13320,0,3.243646278860979e-05,0,0.019570925940085426,model::deberta,DeBERTa,42
13035,1,3.5923290852224454e-05,0,0.019570925940085426,model::deberta,DeBERTa,42
8147,0,4.179726602160372e-05,0,0.019570925940085426,model::deberta,DeBERTa,42
6933,1,3.937689325539395e-05,0,0.019570925940085426,model::deberta,DeBERTa,42
1687,1,4.743411409435794e-05,0,0.019570925940085426,model::deberta,DeBERTa,42
14159,1,3.5703782486962155e-05,0,0.019570925940085426,model::deberta,DeBERTa,42
12864,0,3.73813345504459e-05,0,0.019570925940085426,model::deberta,DeBERTa,42
7414,0,3.4297583624720573e-05,0,0.019570925940085426,model::deberta,DeBERTa,42
10319,0,3.752005068236031e-05,0,0.019570925940085426,model::deberta,DeBERTa,42
5750,0,3.4091433917637914e-05,0,0.019570925940085426,model::deberta,DeBERTa,42
19293,0,4.675882519222796e-05,0,0.019570925940085426,model::deberta,DeBERTa,42
2232,0,3.272669346188195e-05,0,0.019570925940085426,model::deberta,DeBERTa,42
13229,1,3.673470200737938e-05,0,0.019570925940085426,model::deberta,DeBERTa,42
10707,0,3.409533383091912e-05,0,0.019570925940085426,model::deberta,DeBERTa,42
8561,1,3.675197876873426e-05,0,0.019570925940085426,model::deberta,DeBERTa,42
13985,1,3.724782436620444e-05,0,0.019570925940085426,model::deberta,DeBERTa,42
2854,1,3.897780698025599e-05,0,0.019570925940085426,model::deberta,DeBERTa,42
2236,1,3.5519413358997554e-05,0,0.019570925940085426,model::deberta,DeBERTa,42
3868,0,3.44775544363074e-05,0,0.019570925940085426,model::deberta,DeBERTa,42
10796,0,3.8334837881848216e-05,0,0.019570925940085426,model::deberta,DeBERTa,42
17402,1,4.1220810089726e-05,0,0.019570925940085426,model::deberta,DeBERTa,42
7141,1,4.9339152610627934e-05,0,0.019570925940085426,model::deberta,DeBERTa,42
14597,1,3.847253901767544e-05,0,0.019570925940085426,model::deberta,DeBERTa,42
9934,0,3.6014804209116846e-05,0,0.019570925940085426,model::deberta,DeBERTa,42
18619,0,3.639444912550971e-05,0,0.019570925940085426,model::deberta,DeBERTa,42
3695,1,3.503304105834104e-05,0,0.019570925940085426,model::deberta,DeBERTa,42
8344,0,3.653027306427248e-05,0,0.019570925940085426,model::deberta,DeBERTa,42
15114,0,3.475206540315412e-05,0,0.019570925940085426,model::deberta,DeBERTa,42
12391,1,3.769222894334234e-05,0,0.019570925940085426,model::deberta,DeBERTa,42
4632,1,3.5465560358716175e-05,0,0.019570925940085426,model::deberta,DeBERTa,42
15102,0,3.491257666610181e-05,0,0.019570925940085426,model::deberta,DeBERTa,42
5842,0,3.4101576602552086e-05,0,0.019570925940085426,model::deberta,DeBERTa,42
5498,0,3.699619628605433e-05,0,0.019570925940085426,model::deberta,DeBERTa,42
3589,0,3.891926826327108e-05,0,0.019570925940085426,model::deberta,DeBERTa,42
3086,1,3.605384335969575e-05,0,0.019570925940085426,model::deberta,DeBERTa,42
13493,1,3.604782614274882e-05,0,0.019570925940085426,model::deberta,DeBERTa,42
10682,0,3.647429184638895e-05,0,0.019570925940085426,model::deberta,DeBERTa,42
10036,0,3.557636955520138e-05,0,0.019570925940085426,model::deberta,DeBERTa,42
19345,0,3.3495827665319666e-05,0,0.019570925940085426,model::deberta,DeBERTa,42
2750,0,3.5431621654424816e-05,0,0.019570925940085426,model::deberta,DeBERTa,42
15614,1,3.746749280253425e-05,0,0.019570925940085426,model::deberta,DeBERTa,42
5002,1,3.5916986234951764e-05,0,0.019570925940085426,model::deberta,DeBERTa,42
13930,1,3.774312062887475e-05,0,0.019570925940085426,model::deberta,DeBERTa,42
10120,0,3.65534724551253e-05,0,0.019570925940085426,model::deberta,DeBERTa,42
18713,1,3.644668686320074e-05,0,0.019570925940085426,model::deberta,DeBERTa,42
8232,1,3.609502164181322e-05,0,0.019570925940085426,model::deberta,DeBERTa,42
7129,0,3.529948662617244e-05,0,0.019570925940085426,model::deberta,DeBERTa,42
18752,1,3.83749975298997e-05,0,0.019570925940085426,model::deberta,DeBERTa,42
6196,1,3.408395787118934e-05,0,0.019570925940085426,model::deberta,DeBERTa,42
7708,0,3.469597504590638e-05,0,0.019570925940085426,model::deberta,DeBERTa,42
11980,1,3.669373836601153e-05,0,0.019570925940085426,model::deberta,DeBERTa,42
6870,1,3.678398934425786e-05,0,0.019570925940085426,model::deberta,DeBERTa,42
14038,1,3.662305243778974e-05,0,0.019570925940085426,model::deberta,DeBERTa,42
9212,0,3.5591801861301064e-05,0,0.019570925940085426,model::deberta,DeBERTa,42
20144,1,5.207959839026444e-05,0,0.019570925940085426,model::deberta,DeBERTa,42
12670,1,3.5522665712051094e-05,0,0.019570925940085426,model::deberta,DeBERTa,42
197,0,3.73428592865821e-05,0,0.019570925940085426,model::deberta,DeBERTa,42
5786,0,3.48836874763947e-05,0,0.019570925940085426,model::deberta,DeBERTa,42
19596,1,5.605657861451618e-05,0,0.019570925940085426,model::deberta,DeBERTa,42
14263,1,3.528124216245487e-05,0,0.019570925940085426,model::deberta,DeBERTa,42
5527,0,4.216735760564916e-05,0,0.019570925940085426,model::deberta,DeBERTa,42
3613,1,3.655866748886183e-05,0,0.019570925940085426,model::deberta,DeBERTa,42
19069,0,7.187993469415233e-05,0,0.019570925940085426,model::deberta,DeBERTa,42
11053,1,3.448311326792464e-05,0,0.019570925940085426,model::deberta,DeBERTa,42
10188,0,0.0035428113769739,0,0.019570925940085426,model::deberta,DeBERTa,42
5807,1,3.710919554578141e-05,0,0.019570925940085426,model::deberta,DeBERTa,42
16841,0,3.929743616026826e-05,0,0.019570925940085426,model::deberta,DeBERTa,42
19452,1,3.810968337347731e-05,0,0.019570925940085426,model::deberta,DeBERTa,42
14754,1,3.733285120688379e-05,0,0.019570925940085426,model::deberta,DeBERTa,42
15299,0,3.545558502082713e-05,0,0.019570925940085426,model::deberta,DeBERTa,42
8336,1,4.315876140026376e-05,0,0.019570925940085426,model::deberta,DeBERTa,42
9523,1,3.608651604736224e-05,0,0.019570925940085426,model::deberta,DeBERTa,42
12154,1,3.5850251151714474e-05,0,0.019570925940085426,model::deberta,DeBERTa,42
19454,0,3.5385801311349496e-05,0,0.019570925940085426,model::deberta,DeBERTa,42
20356,0,3.525890861055814e-05,0,0.019570925940085426,model::deberta,DeBERTa,42
20645,0,3.978029053541832e-05,0,0.019570925940085426,model::deberta,DeBERTa,42
4937,0,3.603953882702626e-05,0,0.019570925940085426,model::deberta,DeBERTa,42
14311,0,3.678633947856724e-05,0,0.019570925940085426,model::deberta,DeBERTa,42
15899,1,3.851163273793645e-05,0,0.019570925940085426,model::deberta,DeBERTa,42
12221,1,3.653305975603871e-05,0,0.019570925940085426,model::deberta,DeBERTa,42
6235,1,3.657042179838754e-05,0,0.019570925940085426,model::deberta,DeBERTa,42
4530,0,3.821482096100226e-05,0,0.019570925940085426,model::deberta,DeBERTa,42
11047,0,3.5757482692133635e-05,0,0.019570925940085426,model::deberta,DeBERTa,42
6030,1,3.456690683378838e-05,0,0.019570925940085426,model::deberta,DeBERTa,42
11784,0,3.382946306373924e-05,0,0.019570925940085426,model::deberta,DeBERTa,42
16240,1,3.790316259255633e-05,0,0.019570925940085426,model::deberta,DeBERTa,42
6814,0,3.4598171623656526e-05,0,0.019570925940085426,model::deberta,DeBERTa,42
9480,0,3.8233414670685306e-05,0,0.019570925940085426,model::deberta,DeBERTa,42
18776,0,4.29004940087907e-05,0,0.019570925940085426,model::deberta,DeBERTa,42
19473,1,3.637557165347971e-05,0,0.019570925940085426,model::deberta,DeBERTa,42
21029,0,3.521972757880576e-05,0,0.019570925940085426,model::deberta,DeBERTa,42
9437,0,3.538971577654593e-05,0,0.019570925940085426,model::deberta,DeBERTa,42
9842,1,3.42267521773465e-05,0,0.019570925940085426,model::deberta,DeBERTa,42
3009,1,4.486215038923547e-05,0,0.019570925940085426,model::deberta,DeBERTa,42
11712,0,0.0006675377953797,0,0.019570925940085426,model::deberta,DeBERTa,42
16729,1,3.928076330339536e-05,0,0.019570925940085426,model::deberta,DeBERTa,42
5237,1,3.6726854887092486e-05,0,0.019570925940085426,model::deberta,DeBERTa,42
7020,1,0.0001941868831636,0,0.019570925940085426,model::deberta,DeBERTa,42
11806,0,3.5306456993566826e-05,0,0.019570925940085426,model::deberta,DeBERTa,42
12464,0,3.621061841840856e-05,0,0.019570925940085426,model::deberta,DeBERTa,42
792,0,3.61751408490818e-05,0,0.019570925940085426,model::deberta,DeBERTa,42
1233,1,3.8147391023812816e-05,0,0.019570925940085426,model::deberta,DeBERTa,42
16456,1,5.023063931730576e-05,0,0.019570925940085426,model::deberta,DeBERTa,42
20327,1,4.1781560867093503e-05,0,0.019570925940085426,model::deberta,DeBERTa,42
14791,1,3.6002234992338344e-05,0,0.019570925940085426,model::deberta,DeBERTa,42
2125,0,3.4537515603005886e-05,0,0.019570925940085426,model::deberta,DeBERTa,42
20580,0,3.927076977561228e-05,0,0.019570925940085426,model::deberta,DeBERTa,42
1352,0,3.729953823494725e-05,0,0.019570925940085426,model::deberta,DeBERTa,42
9413,0,3.876495247823186e-05,0,0.019570925940085426,model::deberta,DeBERTa,42
16103,0,5.8492169046076015e-05,0,0.019570925940085426,model::deberta,DeBERTa,42
5733,1,3.701719106175005e-05,0,0.019570925940085426,model::deberta,DeBERTa,42
6147,0,3.399916022317484e-05,0,0.019570925940085426,model::deberta,DeBERTa,42
10220,1,3.935185304726474e-05,0,0.019570925940085426,model::deberta,DeBERTa,42
13001,1,3.4697230148594826e-05,0,0.019570925940085426,model::deberta,DeBERTa,42
7442,1,3.49935726262629e-05,0,0.019570925940085426,model::deberta,DeBERTa,42
6884,0,3.880911390297115e-05,0,0.019570925940085426,model::deberta,DeBERTa,42
4949,1,3.57320204784628e-05,0,0.019570925940085426,model::deberta,DeBERTa,42
9301,1,3.5162840504199266e-05,0,0.019570925940085426,model::deberta,DeBERTa,42
16483,0,3.484352782834321e-05,0,0.019570925940085426,model::deberta,DeBERTa,42
12858,0,8.603551395935938e-05,0,0.019570925940085426,model::deberta,DeBERTa,42
2490,0,3.681613088701852e-05,0,0.019570925940085426,model::deberta,DeBERTa,42
2298,0,3.325139914522879e-05,0,0.019570925940085426,model::deberta,DeBERTa,42
20372,0,4.757282658829354e-05,0,0.019570925940085426,model::deberta,DeBERTa,42
16026,1,3.692897371365689e-05,0,0.019570925940085426,model::deberta,DeBERTa,42
1654,1,3.707997530000284e-05,0,0.019570925940085426,model::deberta,DeBERTa,42
5270,1,3.712268153321929e-05,0,0.019570925940085426,model::deberta,DeBERTa,42
20611,1,3.588808613130823e-05,0,0.019570925940085426,model::deberta,DeBERTa,42
19998,0,3.384827869012952e-05,0,0.019570925940085426,model::deberta,DeBERTa,42
9193,0,3.616079266066663e-05,0,0.019570925940085426,model::deberta,DeBERTa,42
11269,0,3.4139029594371095e-05,0,0.019570925940085426,model::deberta,DeBERTa,42
2088,0,3.475670746411197e-05,0,0.019570925940085426,model::deberta,DeBERTa,42
6637,0,3.614355227909982e-05,0,0.019570925940085426,model::deberta,DeBERTa,42
6554,1,3.550369729055092e-05,0,0.019570925940085426,model::deberta,DeBERTa,42
2779,1,3.570674380171113e-05,0,0.019570925940085426,model::deberta,DeBERTa,42
14704,1,3.7641540984623134e-05,0,0.019570925940085426,model::deberta,DeBERTa,42
9470,0,3.314060450065881e-05,0,0.019570925940085426,model::deberta,DeBERTa,42
13502,1,3.816478420048952e-05,0,0.019570925940085426,model::deberta,DeBERTa,42
11886,1,3.547560845618136e-05,0,0.019570925940085426,model::deberta,DeBERTa,42
9976,1,3.672979801194742e-05,0,0.019570925940085426,model::deberta,DeBERTa,42
9870,0,3.8926726119825616e-05,0,0.019570925940085426,model::deberta,DeBERTa,42
3216,0,3.805655433097854e-05,0,0.019570925940085426,model::deberta,DeBERTa,42
11857,1,6.476169801317155e-05,0,0.019570925940085426,model::deberta,DeBERTa,42
2564,1,3.657408160506748e-05,0,0.019570925940085426,model::deberta,DeBERTa,42
11284,1,3.6916542740073055e-05,0,0.019570925940085426,model::deberta,DeBERTa,42
1669,0,3.3569056540727615e-05,0,0.019570925940085426,model::deberta,DeBERTa,42
1031,0,3.3074175007641315e-05,0,0.019570925940085426,model::deberta,DeBERTa,42
20648,1,3.802121864282526e-05,0,0.019570925940085426,model::deberta,DeBERTa,42
17870,0,3.973456841777079e-05,0,0.019570925940085426,model::deberta,DeBERTa,42
15836,0,3.8876427424838766e-05,0,0.019570925940085426,model::deberta,DeBERTa,42
7602,1,3.4008109651040286e-05,0,0.019570925940085426,model::deberta,DeBERTa,42
6097,0,3.711061435751617e-05,0,0.019570925940085426,model::deberta,DeBERTa,42
11780,1,3.678068969747983e-05,0,0.019570925940085426,model::deberta,DeBERTa,42
12327,1,3.503851985442452e-05,0,0.019570925940085426,model::deberta,DeBERTa,42
7422,0,3.71055502910167e-05,0,0.019570925940085426,model::deberta,DeBERTa,42
1605,0,3.612050204537809e-05,0,0.019570925940085426,model::deberta,DeBERTa,42
9219,0,3.605968595365994e-05,0,0.019570925940085426,model::deberta,DeBERTa,42
1998,0,4.130159504711628e-05,0,0.019570925940085426,model::deberta,DeBERTa,42
7787,1,4.007573079434224e-05,0,0.019570925940085426,model::deberta,DeBERTa,42
6209,1,3.735575592145324e-05,0,0.019570925940085426,model::deberta,DeBERTa,42
14715,0,3.485406341496855e-05,0,0.019570925940085426,model::deberta,DeBERTa,42
274,0,3.7592828448396176e-05,0,0.019570925940085426,model::deberta,DeBERTa,42
1200,0,0.0001134406920755,0,0.019570925940085426,model::deberta,DeBERTa,42
1804,1,3.985426155850291e-05,0,0.019570925940085426,model::deberta,DeBERTa,42
18547,1,3.748743620235473e-05,0,0.019570925940085426,model::deberta,DeBERTa,42
4952,0,3.36658486048691e-05,0,0.019570925940085426,model::deberta,DeBERTa,42
10413,1,4.034115045215003e-05,0,0.019570925940085426,model::deberta,DeBERTa,42
20278,0,3.452470264164731e-05,0,0.019570925940085426,model::deberta,DeBERTa,42
15260,0,3.601514981710352e-05,0,0.019570925940085426,model::deberta,DeBERTa,42
9825,0,3.79633238480892e-05,0,0.019570925940085426,model::deberta,DeBERTa,42
13644,1,3.586636012187228e-05,0,0.019570925940085426,model::deberta,DeBERTa,42
2384,1,3.962139453506097e-05,0,0.019570925940085426,model::deberta,DeBERTa,42
9493,1,3.6737226764671504e-05,0,0.019570925940085426,model::deberta,DeBERTa,42
15687,1,3.696769636007957e-05,0,0.019570925940085426,model::deberta,DeBERTa,42
15144,0,3.69351364497561e-05,0,0.019570925940085426,model::deberta,DeBERTa,42
20175,1,3.702873436850496e-05,0,0.019570925940085426,model::deberta,DeBERTa,42
20844,1,3.509082307573408e-05,0,0.019570925940085426,model::deberta,DeBERTa,42
5744,1,5.551332287723199e-05,0,0.019570925940085426,model::deberta,DeBERTa,42
20183,0,3.547361120581627e-05,0,0.019570925940085426,model::deberta,DeBERTa,42
1277,0,3.6764984542969614e-05,0,0.019570925940085426,model::deberta,DeBERTa,42
1051,0,3.550481051206589e-05,0,0.019570925940085426,model::deberta,DeBERTa,42
980,0,3.551860208972357e-05,0,0.019570925940085426,model::deberta,DeBERTa,42
3443,0,3.544158971635625e-05,0,0.019570925940085426,model::deberta,DeBERTa,42
13908,1,6.766111619072035e-05,0,0.019570925940085426,model::deberta,DeBERTa,42
21046,1,3.650686630862765e-05,0,0.019570925940085426,model::deberta,DeBERTa,42
6179,1,0.0001333632681053,0,0.019570925940085426,model::deberta,DeBERTa,42
19724,1,3.563925565686077e-05,0,0.019570925940085426,model::deberta,DeBERTa,42
20341,1,3.701440436998382e-05,0,0.019570925940085426,model::deberta,DeBERTa,42
3028,1,3.703883703565225e-05,0,0.019570925940085426,model::deberta,DeBERTa,42
6737,0,3.473577089607716e-05,0,0.019570925940085426,model::deberta,DeBERTa,42
12004,0,3.438902786001563e-05,0,0.019570925940085426,model::deberta,DeBERTa,42
21054,0,3.441822627792135e-05,0,0.019570925940085426,model::deberta,DeBERTa,42
735,1,3.67043430742342e-05,0,0.019570925940085426,model::deberta,DeBERTa,42
845,1,5.231633622315712e-05,0,0.019570925940085426,model::deberta,DeBERTa,42
2659,0,3.681276211864315e-05,0,0.019570925940085426,model::deberta,DeBERTa,42
11691,1,4.740020085591823e-05,0,0.019570925940085426,model::deberta,DeBERTa,42
220,0,3.3639495086390525e-05,0,0.019570925940085426,model::deberta,DeBERTa,42
14073,1,3.612197906477377e-05,0,0.019570925940085426,model::deberta,DeBERTa,42
14089,0,3.546211519278586e-05,0,0.019570925940085426,model::deberta,DeBERTa,42
15991,0,3.716748688020744e-05,0,0.019570925940085426,model::deberta,DeBERTa,42
17752,1,3.652650775620714e-05,0,0.019570925940085426,model::deberta,DeBERTa,42
1093,1,3.496798672131263e-05,0,0.019570925940085426,model::deberta,DeBERTa,42
9141,1,3.845812170766294e-05,0,0.019570925940085426,model::deberta,DeBERTa,42
715,1,4.176276706857607e-05,0,0.019570925940085426,model::deberta,DeBERTa,42
14951,1,3.4725500881904736e-05,0,0.019570925940085426,model::deberta,DeBERTa,42
3193,1,3.721686516655609e-05,0,0.019570925940085426,model::deberta,DeBERTa,42
15844,1,3.600745549192652e-05,0,0.019570925940085426,model::deberta,DeBERTa,42
10910,1,3.440674117882736e-05,0,0.019570925940085426,model::deberta,DeBERTa,42
9172,1,4.103681931155734e-05,0,0.019570925940085426,model::deberta,DeBERTa,42
5017,1,3.515093703754246e-05,0,0.019570925940085426,model::deberta,DeBERTa,42
8474,1,3.675467814900912e-05,0,0.019570925940085426,model::deberta,DeBERTa,42
7041,0,3.367974568391219e-05,0,0.019570925940085426,model::deberta,DeBERTa,42
19785,0,3.348605605424382e-05,0,0.019570925940085426,model::deberta,DeBERTa,42
1706,0,3.645155084086582e-05,0,0.019570925940085426,model::deberta,DeBERTa,42
18644,1,3.4782970033120364e-05,0,0.019570925940085426,model::deberta,DeBERTa,42
20618,1,3.4309363400097936e-05,0,0.019570925940085426,model::deberta,DeBERTa,42
10680,0,3.599069896154106e-05,0,0.019570925940085426,model::deberta,DeBERTa,42
1137,1,3.699584340211004e-05,0,0.019570925940085426,model::deberta,DeBERTa,42
5984,1,3.885155820171349e-05,0,0.019570925940085426,model::deberta,DeBERTa,42
8627,0,4.245249510859139e-05,0,0.019570925940085426,model::deberta,DeBERTa,42
3083,0,3.7613732274621725e-05,0,0.019570925940085426,model::deberta,DeBERTa,42
1335,0,3.70250636478886e-05,0,0.019570925940085426,model::deberta,DeBERTa,42
7661,1,3.654587271739729e-05,0,0.019570925940085426,model::deberta,DeBERTa,42
20122,1,3.931663013645448e-05,0,0.019570925940085426,model::deberta,DeBERTa,42
16125,1,3.699076114571653e-05,0,0.019570925940085426,model::deberta,DeBERTa,42
8998,1,3.667596320156008e-05,0,0.019570925940085426,model::deberta,DeBERTa,42
19137,1,3.652814848464914e-05,0,0.019570925940085426,model::deberta,DeBERTa,42
9285,0,4.171675391262397e-05,0,0.019570925940085426,model::deberta,DeBERTa,42
10260,1,3.760742401937023e-05,0,0.019570925940085426,model::deberta,DeBERTa,42
5406,0,3.44921245414298e-05,0,0.019570925940085426,model::deberta,DeBERTa,42
445,0,3.836087489617057e-05,0,0.019570925940085426,model::deberta,DeBERTa,42
11938,1,4.202131458441727e-05,0,0.019570925940085426,model::deberta,DeBERTa,42
10326,0,3.59660989488475e-05,0,0.019570925940085426,model::deberta,DeBERTa,42
20045,0,3.364860822330229e-05,0,0.019570925940085426,model::deberta,DeBERTa,42
4939,1,3.626398029155098e-05,0,0.019570925940085426,model::deberta,DeBERTa,42
12602,1,3.593452856875956e-05,0,0.019570925940085426,model::deberta,DeBERTa,42
12820,0,3.3231237466679886e-05,0,0.019570925940085426,model::deberta,DeBERTa,42
4707,1,3.584532896638848e-05,0,0.019570925940085426,model::deberta,DeBERTa,42
2740,1,3.672058664960787e-05,0,0.019570925940085426,model::deberta,DeBERTa,42
15206,0,3.460638617980294e-05,0,0.019570925940085426,model::deberta,DeBERTa,42
20765,1,3.608011684264056e-05,0,0.019570925940085426,model::deberta,DeBERTa,42
13867,1,5.35408325958997e-05,0,0.019570925940085426,model::deberta,DeBERTa,42
10393,0,3.4530399716459215e-05,0,0.019570925940085426,model::deberta,DeBERTa,42
18360,0,3.863652455038391e-05,0,0.019570925940085426,model::deberta,DeBERTa,42
16306,0,3.7411435187095776e-05,0,0.019570925940085426,model::deberta,DeBERTa,42
16392,0,3.476161145954393e-05,0,0.019570925940085426,model::deberta,DeBERTa,42
223,1,3.970055695390329e-05,0,0.019570925940085426,model::deberta,DeBERTa,42
13724,1,3.687728167278692e-05,0,0.019570925940085426,model::deberta,DeBERTa,42
10533,1,3.618486880441196e-05,0,0.019570925940085426,model::deberta,DeBERTa,42
14919,1,3.712328543770127e-05,0,0.019570925940085426,model::deberta,DeBERTa,42
4826,0,3.536555959726684e-05,0,0.019570925940085426,model::deberta,DeBERTa,42
12828,1,3.6727906262967736e-05,0,0.019570925940085426,model::deberta,DeBERTa,42
1508,1,3.4772321669152007e-05,0,0.019570925940085426,model::deberta,DeBERTa,42
14590,0,3.530133471940644e-05,0,0.019570925940085426,model::deberta,DeBERTa,42
8866,1,3.759885294130072e-05,0,0.019570925940085426,model::deberta,DeBERTa,42
4409,0,3.780955375987105e-05,0,0.019570925940085426,model::deberta,DeBERTa,42
18033,1,3.676494816318154e-05,0,0.019570925940085426,model::deberta,DeBERTa,42
12087,1,3.692400787258521e-05,0,0.019570925940085426,model::deberta,DeBERTa,42
10834,0,4.057271144120023e-05,0,0.019570925940085426,model::deberta,DeBERTa,42
3238,1,3.566853047232144e-05,0,0.019570925940085426,model::deberta,DeBERTa,42
15827,0,3.406387259019539e-05,0,0.019570925940085426,model::deberta,DeBERTa,42
3656,1,3.5542590921977535e-05,0,0.019570925940085426,model::deberta,DeBERTa,42
8955,0,3.594795998651534e-05,0,0.019570925940085426,model::deberta,DeBERTa,42
890,1,3.6014393117511645e-05,0,0.019570925940085426,model::deberta,DeBERTa,42
2516,1,3.676245978567749e-05,0,0.019570925940085426,model::deberta,DeBERTa,42
18073,1,5.282472920953296e-05,0,0.019570925940085426,model::deberta,DeBERTa,42
8460,1,3.724807174876332e-05,0,0.019570925940085426,model::deberta,DeBERTa,42
13913,1,3.548589302226901e-05,0,0.019570925940085426,model::deberta,DeBERTa,42
14989,0,3.3344822440994903e-05,0,0.019570925940085426,model::deberta,DeBERTa,42
12550,0,3.4364016755716875e-05,0,0.019570925940085426,model::deberta,DeBERTa,42
8601,0,3.374867810634896e-05,0,0.019570925940085426,model::deberta,DeBERTa,42
11106,1,3.8099220546428114e-05,0,0.019570925940085426,model::deberta,DeBERTa,42
18688,0,3.673974788398482e-05,0,0.019570925940085426,model::deberta,DeBERTa,42
8130,0,4.7213794459821656e-05,0,0.019570925940085426,model::deberta,DeBERTa,42
4465,1,3.963820563512854e-05,0,0.019570925940085426,model::deberta,DeBERTa,42
17215,1,3.628404374467209e-05,0,0.019570925940085426,model::deberta,DeBERTa,42
8438,1,3.688220385811292e-05,0,0.019570925940085426,model::deberta,DeBERTa,42
10332,1,3.750806354219094e-05,0,0.019570925940085426,model::deberta,DeBERTa,42
7194,1,3.762768756132573e-05,0,0.019570925940085426,model::deberta,DeBERTa,42
7211,1,3.4824224712792784e-05,0,0.019570925940085426,model::deberta,DeBERTa,42
7652,0,3.291674875072204e-05,0,0.019570925940085426,model::deberta,DeBERTa,42
20393,1,3.603108416427858e-05,0,0.019570925940085426,model::deberta,DeBERTa,42
7624,0,3.769557224586606e-05,0,0.019570925940085426,model::deberta,DeBERTa,42
19363,1,3.386626121937297e-05,0,0.019570925940085426,model::deberta,DeBERTa,42
7628,1,4.172585977357812e-05,0,0.019570925940085426,model::deberta,DeBERTa,42
13143,0,3.746984657482244e-05,0,0.019570925940085426,model::deberta,DeBERTa,42
18653,1,3.586270031519234e-05,0,0.019570925940085426,model::deberta,DeBERTa,42
910,0,3.687527350848541e-05,0,0.019570925940085426,model::deberta,DeBERTa,42
257,1,4.1265451727667823e-05,0,0.019570925940085426,model::deberta,DeBERTa,42
8122,1,3.5507589927874506e-05,0,0.019570925940085426,model::deberta,DeBERTa,42
9065,1,3.80083110940177e-05,0,0.019570925940085426,model::deberta,DeBERTa,42
18774,0,3.437296618358232e-05,0,0.019570925940085426,model::deberta,DeBERTa,42
8840,1,3.525618740241043e-05,0,0.019570925940085426,model::deberta,DeBERTa,42
9083,1,6.160829070722684e-05,0,0.019570925940085426,model::deberta,DeBERTa,42
1188,1,3.566965096979402e-05,0,0.019570925940085426,model::deberta,DeBERTa,42
10566,0,6.284849223447964e-05,0,0.019570925940085426,model::deberta,DeBERTa,42
19405,1,3.95554379792884e-05,0,0.019570925940085426,model::deberta,DeBERTa,42
8459,1,3.7548612453974783e-05,0,0.019570925940085426,model::deberta,DeBERTa,42
17679,1,4.280066059436649e-05,0,0.019570925940085426,model::deberta,DeBERTa,42
12760,0,0.0010178806260228,0,0.019570925940085426,model::deberta,DeBERTa,42
11399,1,3.703269248944707e-05,0,0.019570925940085426,model::deberta,DeBERTa,42
1972,1,3.513947376632132e-05,0,0.019570925940085426,model::deberta,DeBERTa,42
11132,0,3.411738725844771e-05,0,0.019570925940085426,model::deberta,DeBERTa,42
1578,1,3.69160516129341e-05,0,0.019570925940085426,model::deberta,DeBERTa,42
407,1,3.690295488922857e-05,0,0.019570925940085426,model::deberta,DeBERTa,42
10444,1,3.8109315937617794e-05,0,0.019570925940085426,model::deberta,DeBERTa,42
6758,0,3.544571518432349e-05,0,0.019570925940085426,model::deberta,DeBERTa,42
12226,0,4.1097089706454426e-05,0,0.019570925940085426,model::deberta,DeBERTa,42
15551,1,3.868271232931875e-05,0,0.019570925940085426,model::deberta,DeBERTa,42
2313,1,3.771186311496422e-05,0,0.019570925940085426,model::deberta,DeBERTa,42
11015,1,3.587959872675128e-05,0,0.019570925940085426,model::deberta,DeBERTa,42
35,1,3.398956687306054e-05,0,0.019570925940085426,model::deberta,DeBERTa,42
20481,0,3.653403473435901e-05,0,0.019570925940085426,model::deberta,DeBERTa,42
10167,0,3.437388295424171e-05,0,0.019570925940085426,model::deberta,DeBERTa,42
19682,1,3.717575236805715e-05,0,0.019570925940085426,model::deberta,DeBERTa,42
4811,0,3.661103983176872e-05,0,0.019570925940085426,model::deberta,DeBERTa,42
19927,1,3.488029324216768e-05,0,0.019570925940085426,model::deberta,DeBERTa,42
2122,1,3.838019620161504e-05,0,0.019570925940085426,model::deberta,DeBERTa,42
19791,1,3.723354893736541e-05,0,0.019570925940085426,model::deberta,DeBERTa,42
14532,1,3.656030821730383e-05,0,0.019570925940085426,model::deberta,DeBERTa,42
6234,1,3.4680393582675606e-05,0,0.019570925940085426,model::deberta,DeBERTa,42
13877,1,3.464175097178668e-05,0,0.019570925940085426,model::deberta,DeBERTa,42
13949,1,3.673848550533876e-05,0,0.019570925940085426,model::deberta,DeBERTa,42
16838,0,3.3514166716486216e-05,0,0.019570925940085426,model::deberta,DeBERTa,42
4456,0,3.337020825711079e-05,0,0.019570925940085426,model::deberta,DeBERTa,42
10744,1,3.624516830313951e-05,0,0.019570925940085426,model::deberta,DeBERTa,42
18984,1,3.579170515877195e-05,0,0.019570925940085426,model::deberta,DeBERTa,42
20496,0,3.578808536985889e-05,0,0.019570925940085426,model::deberta,DeBERTa,42
5594,1,3.72587310266681e-05,0,0.019570925940085426,model::deberta,DeBERTa,42
130,1,3.725563874468208e-05,0,0.019570925940085426,model::deberta,DeBERTa,42
4873,0,5.621760283247568e-05,0,0.019570925940085426,model::deberta,DeBERTa,42
19469,1,3.532888149493374e-05,0,0.019570925940085426,model::deberta,DeBERTa,42
7641,0,3.4577587939566e-05,0,0.019570925940085426,model::deberta,DeBERTa,42
9028,1,3.644185562734492e-05,0,0.019570925940085426,model::deberta,DeBERTa,42
1377,0,3.5765737266046926e-05,0,0.019570925940085426,model::deberta,DeBERTa,42
8451,0,3.626363468356431e-05,0,0.019570925940085426,model::deberta,DeBERTa,42
13056,1,4.134564733249135e-05,0,0.019570925940085426,model::deberta,DeBERTa,42
9516,0,3.4955319279106334e-05,0,0.019570925940085426,model::deberta,DeBERTa,42
11571,0,3.847242987831123e-05,0,0.019570925940085426,model::deberta,DeBERTa,42
15549,0,3.350873157614842e-05,0,0.019570925940085426,model::deberta,DeBERTa,42
6838,0,3.440821819822304e-05,0,0.019570925940085426,model::deberta,DeBERTa,42
14624,0,3.5742348700296134e-05,0,0.019570925940085426,model::deberta,DeBERTa,42
20203,1,3.537729571689852e-05,0,0.019570925940085426,model::deberta,DeBERTa,42
17249,0,3.6912952054990456e-05,0,0.019570925940085426,model::deberta,DeBERTa,42
7666,1,3.5345259675523266e-05,0,0.019570925940085426,model::deberta,DeBERTa,42
14003,0,3.753350756596774e-05,0,0.019570925940085426,model::deberta,DeBERTa,42
8295,1,3.534694405971095e-05,0,0.019570925940085426,model::deberta,DeBERTa,42
7750,0,3.950846439693123e-05,0,0.019570925940085426,model::deberta,DeBERTa,42
15845,0,3.3692758734105155e-05,0,0.019570925940085426,model::deberta,DeBERTa,42
18290,1,4.297079794923775e-05,0,0.019570925940085426,model::deberta,DeBERTa,42
15259,0,3.455372643657029e-05,0,0.019570925940085426,model::deberta,DeBERTa,42
12818,0,3.418649430386722e-05,0,0.019570925940085426,model::deberta,DeBERTa,42
1307,0,3.344718061271124e-05,0,0.019570925940085426,model::deberta,DeBERTa,42
11666,0,0.0016978718340396,0,0.019570925940085426,model::deberta,DeBERTa,42
10098,0,3.831181675195694e-05,0,0.019570925940085426,model::deberta,DeBERTa,42
14991,0,4.775236084242352e-05,0,0.019570925940085426,model::deberta,DeBERTa,42
3536,1,3.577211464289576e-05,0,0.019570925940085426,model::deberta,DeBERTa,42
793,0,3.4097411116817966e-05,0,0.019570925940085426,model::deberta,DeBERTa,42
6444,1,4.0599643398309126e-05,0,0.019570925940085426,model::deberta,DeBERTa,42
21037,1,3.811102578765713e-05,0,0.019570925940085426,model::deberta,DeBERTa,42
1046,1,3.698723594425246e-05,0,0.019570925940085426,model::deberta,DeBERTa,42
17091,1,3.735553764272481e-05,0,0.019570925940085426,model::deberta,DeBERTa,42
10760,1,3.819730045506731e-05,0,0.019570925940085426,model::deberta,DeBERTa,42
19789,1,3.5354903957340866e-05,0,0.019570925940085426,model::deberta,DeBERTa,42
14570,0,3.4265682188561186e-05,0,0.019570925940085426,model::deberta,DeBERTa,42
4501,0,3.519941310514696e-05,0,0.019570925940085426,model::deberta,DeBERTa,42
17804,1,3.646430923254229e-05,0,0.019570925940085426,model::deberta,DeBERTa,42
20930,1,3.680321606225334e-05,0,0.019570925940085426,model::deberta,DeBERTa,42
5681,0,3.890553853125312e-05,0,0.019570925940085426,model::deberta,DeBERTa,42
19492,0,3.5471413866616786e-05,0,0.019570925940085426,model::deberta,DeBERTa,42
15199,0,3.6763056414201856e-05,0,0.019570925940085426,model::deberta,DeBERTa,42
19773,1,3.5747940273722634e-05,0,0.019570925940085426,model::deberta,DeBERTa,42
8648,1,3.549749817466363e-05,0,0.019570925940085426,model::deberta,DeBERTa,42
19415,0,4.999470911570825e-05,0,0.019570925940085426,model::deberta,DeBERTa,42
7801,0,3.4017517464235425e-05,0,0.019570925940085426,model::deberta,DeBERTa,42
8,1,3.723496774910018e-05,0,0.019570925940085426,model::deberta,DeBERTa,42
20689,0,3.604686207836494e-05,0,0.019570925940085426,model::deberta,DeBERTa,42
8222,0,3.439604552113451e-05,0,0.019570925940085426,model::deberta,DeBERTa,42
2404,0,3.635962275438942e-05,0,0.019570925940085426,model::deberta,DeBERTa,42
16855,0,4.070176146342419e-05,0,0.019570925940085426,model::deberta,DeBERTa,42
16043,0,3.4654174669412896e-05,0,0.019570925940085426,model::deberta,DeBERTa,42
3970,1,3.486253626761027e-05,0,0.019570925940085426,model::deberta,DeBERTa,42
15080,0,3.390396886970848e-05,0,0.019570925940085426,model::deberta,DeBERTa,42
12208,1,3.6174245906295255e-05,0,0.019570925940085426,model::deberta,DeBERTa,42
16329,0,3.546248626662418e-05,0,0.019570925940085426,model::deberta,DeBERTa,42
16072,0,3.802872379310429e-05,0,0.019570925940085426,model::deberta,DeBERTa,42
7193,0,3.826361717074178e-05,0,0.019570925940085426,model::deberta,DeBERTa,42
9127,0,3.412018122617155e-05,0,0.019570925940085426,model::deberta,DeBERTa,42
8752,0,3.702969115693122e-05,0,0.019570925940085426,model::deberta,DeBERTa,42
15219,0,3.495071723591536e-05,0,0.019570925940085426,model::deberta,DeBERTa,42
3972,1,3.7932673876639456e-05,0,0.019570925940085426,model::deberta,DeBERTa,42
17228,0,3.439801366766915e-05,0,0.019570925940085426,model::deberta,DeBERTa,42
11729,1,3.547553933458403e-05,0,0.019570925940085426,model::deberta,DeBERTa,42
10278,0,3.613466105889529e-05,0,0.019570925940085426,model::deberta,DeBERTa,42
6727,1,3.772398122237064e-05,0,0.019570925940085426,model::deberta,DeBERTa,42
13215,0,3.719585947692394e-05,0,0.019570925940085426,model::deberta,DeBERTa,42
15369,1,3.646323239081539e-05,0,0.019570925940085426,model::deberta,DeBERTa,42
6047,0,0.0003804923617281,0,0.019570925940085426,model::deberta,DeBERTa,42
3678,1,4.247934339218773e-05,0,0.019570925940085426,model::deberta,DeBERTa,42
7108,1,3.634596214396879e-05,0,0.019570925940085426,model::deberta,DeBERTa,42
12819,1,4.760559750138782e-05,0,0.019570925940085426,model::deberta,DeBERTa,42
1116,1,3.682238457258791e-05,0,0.019570925940085426,model::deberta,DeBERTa,42
11919,1,7.234246004372835e-05,0,0.019570925940085426,model::deberta,DeBERTa,42
20150,1,3.660873699118383e-05,0,0.019570925940085426,model::deberta,DeBERTa,42
15363,1,4.528812496573664e-05,0,0.019570925940085426,model::deberta,DeBERTa,42
9926,0,3.41064551321324e-05,0,0.019570925940085426,model::deberta,DeBERTa,42
1315,1,3.945891512557864e-05,0,0.019570925940085426,model::deberta,DeBERTa,42
12578,1,3.512825060170144e-05,0,0.019570925940085426,model::deberta,DeBERTa,42
9256,1,4.788328078575432e-05,0,0.019570925940085426,model::deberta,DeBERTa,42
2825,1,3.632704101619311e-05,0,0.019570925940085426,model::deberta,DeBERTa,42
12249,1,4.01215729652904e-05,0,0.019570925940085426,model::deberta,DeBERTa,42
2998,1,3.748271410586312e-05,0,0.019570925940085426,model::deberta,DeBERTa,42
12377,0,3.7387180782388896e-05,0,0.019570925940085426,model::deberta,DeBERTa,42
14586,0,3.697002466651611e-05,0,0.019570925940085426,model::deberta,DeBERTa,42
232,0,3.818772529484704e-05,0,0.019570925940085426,model::deberta,DeBERTa,42
11854,0,3.684848707052879e-05,0,0.019570925940085426,model::deberta,DeBERTa,42
20165,0,6.0668699006782845e-05,0,0.019570925940085426,model::deberta,DeBERTa,42
14236,0,3.64389707101509e-05,0,0.019570925940085426,model::deberta,DeBERTa,42
19570,0,3.6472760257311165e-05,0,0.019570925940085426,model::deberta,DeBERTa,42
12489,0,3.412207297515124e-05,0,0.019570925940085426,model::deberta,DeBERTa,42
10124,1,4.242169598001056e-05,0,0.019570925940085426,model::deberta,DeBERTa,42
1189,1,4.023368455818854e-05,0,0.019570925940085426,model::deberta,DeBERTa,42
12081,1,3.733943958650343e-05,0,0.019570925940085426,model::deberta,DeBERTa,42
3134,0,3.634575477917679e-05,0,0.019570925940085426,model::deberta,DeBERTa,42
14002,1,3.614351589931175e-05,0,0.019570925940085426,model::deberta,DeBERTa,42
15576,0,3.2764888601377606e-05,0,0.019570925940085426,model::deberta,DeBERTa,42
1697,1,3.94076960219536e-05,0,0.019570925940085426,model::deberta,DeBERTa,42
4042,1,6.545802170876414e-05,0,0.019570925940085426,model::deberta,DeBERTa,42
15141,1,0.0008909276803024,0,0.019570925940085426,model::deberta,DeBERTa,42
9519,1,3.753436612896621e-05,0,0.019570925940085426,model::deberta,DeBERTa,42
5313,1,3.617003676481545e-05,0,0.019570925940085426,model::deberta,DeBERTa,42
6119,0,4.053465090692043e-05,0,0.019570925940085426,model::deberta,DeBERTa,42
1040,1,3.709542943397537e-05,0,0.019570925940085426,model::deberta,DeBERTa,42
19078,0,3.718713196576573e-05,0,0.019570925940085426,model::deberta,DeBERTa,42
17454,0,3.525577994878404e-05,0,0.019570925940085426,model::deberta,DeBERTa,42
7896,1,3.828186527243816e-05,0,0.019570925940085426,model::deberta,DeBERTa,42
2774,1,3.647745688795112e-05,0,0.019570925940085426,model::deberta,DeBERTa,42
4384,1,4.030696072732098e-05,0,0.019570925940085426,model::deberta,DeBERTa,42
10964,1,3.5802764614345506e-05,0,0.019570925940085426,model::deberta,DeBERTa,42
14351,0,3.642569936346263e-05,0,0.019570925940085426,model::deberta,DeBERTa,42
2623,0,3.640871727839112e-05,0,0.019570925940085426,model::deberta,DeBERTa,42
16957,0,3.799801925197244e-05,0,0.019570925940085426,model::deberta,DeBERTa,42
3957,0,3.474663753877394e-05,0,0.019570925940085426,model::deberta,DeBERTa,42
10091,1,3.597196700866334e-05,0,0.019570925940085426,model::deberta,DeBERTa,42
5191,0,3.5799213947029784e-05,0,0.019570925940085426,model::deberta,DeBERTa,42
18187,1,4.168692248640582e-05,0,0.019570925940085426,model::deberta,DeBERTa,42
18204,0,3.859428034047596e-05,0,0.019570925940085426,model::deberta,DeBERTa,42
20699,0,4.030242780572735e-05,0,0.019570925940085426,model::deberta,DeBERTa,42
10673,1,3.570306580513716e-05,0,0.019570925940085426,model::deberta,DeBERTa,42
11601,1,3.727376315509901e-05,0,0.019570925940085426,model::deberta,DeBERTa,42
18930,1,3.5703269531950355e-05,0,0.019570925940085426,model::deberta,DeBERTa,42
20037,1,3.60520207323134e-05,0,0.019570925940085426,model::deberta,DeBERTa,42
14499,1,3.518726225593127e-05,0,0.019570925940085426,model::deberta,DeBERTa,42
19267,0,3.677736094687134e-05,0,0.019570925940085426,model::deberta,DeBERTa,42
15555,1,3.585623562685214e-05,0,0.019570925940085426,model::deberta,DeBERTa,42
4094,0,3.654270403785631e-05,0,0.019570925940085426,model::deberta,DeBERTa,42
6491,0,3.767239104490727e-05,0,0.019570925940085426,model::deberta,DeBERTa,42
2925,1,3.5069275327259675e-05,0,0.019570925940085426,model::deberta,DeBERTa,42
15798,0,3.830816058325581e-05,0,0.019570925940085426,model::deberta,DeBERTa,42
20639,1,3.593795554479584e-05,0,0.019570925940085426,model::deberta,DeBERTa,42
11212,1,3.777747770072892e-05,0,0.019570925940085426,model::deberta,DeBERTa,42
2422,0,0.0024666627869009,0,0.019570925940085426,model::deberta,DeBERTa,42
5012,1,3.855959221255034e-05,0,0.019570925940085426,model::deberta,DeBERTa,42
6603,1,3.535894938977435e-05,0,0.019570925940085426,model::deberta,DeBERTa,42
4997,0,3.610840940382332e-05,0,0.019570925940085426,model::deberta,DeBERTa,42
5034,1,3.518719313433394e-05,0,0.019570925940085426,model::deberta,DeBERTa,42
2639,0,3.888465653290041e-05,0,0.019570925940085426,model::deberta,DeBERTa,42
10947,1,3.6882694985251874e-05,0,0.019570925940085426,model::deberta,DeBERTa,42
4724,0,3.7269710446707904e-05,0,0.019570925940085426,model::deberta,DeBERTa,42
11645,1,3.788108369917609e-05,0,0.019570925940085426,model::deberta,DeBERTa,42
825,0,5.304184014676139e-05,0,0.019570925940085426,model::deberta,DeBERTa,42
3923,1,3.598510738811456e-05,0,0.019570925940085426,model::deberta,DeBERTa,42
8746,0,3.489493246888742e-05,0,0.019570925940085426,model::deberta,DeBERTa,42
14833,1,3.806620952673256e-05,0,0.019570925940085426,model::deberta,DeBERTa,42
16281,0,3.409438795642927e-05,0,0.019570925940085426,model::deberta,DeBERTa,42
5044,0,3.473689503152855e-05,0,0.019570925940085426,model::deberta,DeBERTa,42
6285,0,3.530561298248358e-05,0,0.019570925940085426,model::deberta,DeBERTa,42
8873,0,3.864157042698935e-05,0,0.019570925940085426,model::deberta,DeBERTa,42
14231,0,3.966278381994925e-05,0,0.019570925940085426,model::deberta,DeBERTa,42
2040,1,3.519011443131603e-05,0,0.019570925940085426,model::deberta,DeBERTa,42
13075,1,3.947713412344456e-05,0,0.019570925940085426,model::deberta,DeBERTa,42
11080,0,3.857610136037693e-05,0,0.019570925940085426,model::deberta,DeBERTa,42
15958,1,3.771520277950913e-05,0,0.019570925940085426,model::deberta,DeBERTa,42
546,0,3.489063965389505e-05,0,0.019570925940085426,model::deberta,DeBERTa,42
798,0,3.90159257221967e-05,0,0.019570925940085426,model::deberta,DeBERTa,42
15907,1,4.669020199798979e-05,0,0.019570925940085426,model::deberta,DeBERTa,42
271,1,3.665072290459648e-05,0,0.019570925940085426,model::deberta,DeBERTa,42
4130,0,4.015671947854571e-05,0,0.019570925940085426,model::deberta,DeBERTa,42
10142,0,3.494695192785002e-05,0,0.019570925940085426,model::deberta,DeBERTa,42
16117,0,3.810288762906566e-05,0,0.019570925940085426,model::deberta,DeBERTa,42
7121,0,3.5700653825188056e-05,0,0.019570925940085426,model::deberta,DeBERTa,42
4788,0,3.3732463634805754e-05,0,0.019570925940085426,model::deberta,DeBERTa,42
1574,0,3.518893936416134e-05,0,0.019570925940085426,model::deberta,DeBERTa,42
9657,1,3.763763015740551e-05,0,0.019570925940085426,model::deberta,DeBERTa,42
15674,1,3.662860763142817e-05,0,0.019570925940085426,model::deberta,DeBERTa,42
14017,0,3.455708792898804e-05,0,0.019570925940085426,model::deberta,DeBERTa,42
18691,0,5.209782830206677e-05,0,0.019570925940085426,model::deberta,DeBERTa,42
19684,0,4.8589961807010695e-05,0,0.019570925940085426,model::deberta,DeBERTa,42
19741,1,4.813788473256864e-05,0,0.019570925940085426,model::deberta,DeBERTa,42
3141,1,3.570194530766457e-05,0,0.019570925940085426,model::deberta,DeBERTa,42
2968,1,3.594816371332854e-05,0,0.019570925940085426,model::deberta,DeBERTa,42
10633,1,3.663856114144437e-05,0,0.019570925940085426,model::deberta,DeBERTa,42
11195,0,3.500952880131081e-05,0,0.019570925940085426,model::deberta,DeBERTa,42
17044,0,4.02252517233137e-05,0,0.019570925940085426,model::deberta,DeBERTa,42
17321,0,3.857558476738632e-05,0,0.019570925940085426,model::deberta,DeBERTa,42
12886,1,3.929885860998184e-05,0,0.019570925940085426,model::deberta,DeBERTa,42
18709,0,3.802107676165178e-05,0,0.019570925940085426,model::deberta,DeBERTa,42
8346,1,3.513809861033224e-05,0,0.019570925940085426,model::deberta,DeBERTa,42
18967,0,3.509999442030676e-05,0,0.019570925940085426,model::deberta,DeBERTa,42
8952,0,4.007416282547638e-05,0,0.019570925940085426,model::deberta,DeBERTa,42
20168,0,4.2499275878071785e-05,0,0.019570925940085426,model::deberta,DeBERTa,42
10331,0,3.6313183954916894e-05,0,0.019570925940085426,model::deberta,DeBERTa,42
18336,1,4.00418030039873e-05,0,0.019570925940085426,model::deberta,DeBERTa,42
19721,0,3.3887037716340274e-05,0,0.019570925940085426,model::deberta,DeBERTa,42
2895,0,3.492536416160874e-05,0,0.019570925940085426,model::deberta,DeBERTa,42
9311,1,3.674626714200713e-05,0,0.019570925940085426,model::deberta,DeBERTa,42
19159,0,3.6161272873869166e-05,0,0.019570925940085426,model::deberta,DeBERTa,42
1740,0,3.55769443558529e-05,0,0.019570925940085426,model::deberta,DeBERTa,42
7063,0,3.897427450283431e-05,0,0.019570925940085426,model::deberta,DeBERTa,42
1117,0,3.416309482418001e-05,0,0.019570925940085426,model::deberta,DeBERTa,42
17864,0,0.0006317063234746,0,0.019570925940085426,model::deberta,DeBERTa,42
4091,1,3.923509211745113e-05,0,0.019570925940085426,model::deberta,DeBERTa,42
14084,0,3.63615617970936e-05,0,0.019570925940085426,model::deberta,DeBERTa,42
18286,0,3.643448872026056e-05,0,0.019570925940085426,model::deberta,DeBERTa,42
20021,1,3.442824163357727e-05,0,0.019570925940085426,model::deberta,DeBERTa,42
11050,0,3.649454447440803e-05,0,0.019570925940085426,model::deberta,DeBERTa,42
4650,1,3.48367502738256e-05,0,0.019570925940085426,model::deberta,DeBERTa,42
14381,1,3.745763387996704e-05,0,0.019570925940085426,model::deberta,DeBERTa,42
2274,0,3.69840236089658e-05,0,0.019570925940085426,model::deberta,DeBERTa,42
2975,1,3.670521982712671e-05,0,0.019570925940085426,model::deberta,DeBERTa,42
18110,1,3.778021709877066e-05,0,0.019570925940085426,model::deberta,DeBERTa,42
13568,1,3.72122522094287e-05,0,0.019570925940085426,model::deberta,DeBERTa,42
20984,0,3.532446862664074e-05,0,0.019570925940085426,model::deberta,DeBERTa,42
10928,1,3.5072989703621715e-05,0,0.019570925940085426,model::deberta,DeBERTa,42
4169,1,3.66268286597915e-05,0,0.019570925940085426,model::deberta,DeBERTa,42
9177,1,3.603500226745382e-05,0,0.019570925940085426,model::deberta,DeBERTa,42
13388,0,3.4387947380309924e-05,0,0.019570925940085426,model::deberta,DeBERTa,42
12785,0,3.776685116463341e-05,0,0.019570925940085426,model::deberta,DeBERTa,42
15272,1,3.8845180824864656e-05,0,0.019570925940085426,model::deberta,DeBERTa,42
10296,0,4.044438173878007e-05,0,0.019570925940085426,model::deberta,DeBERTa,42
1854,1,3.457950151641853e-05,0,0.019570925940085426,model::deberta,DeBERTa,42
16449,0,4.037774488097057e-05,0,0.019570925940085426,model::deberta,DeBERTa,42
4113,1,4.015181548311375e-05,0,0.019570925940085426,model::deberta,DeBERTa,42
14894,0,3.389081757632084e-05,0,0.019570925940085426,model::deberta,DeBERTa,42
19635,1,3.7039368180558085e-05,0,0.019570925940085426,model::deberta,DeBERTa,42
816,1,3.791628842009232e-05,0,0.019570925940085426,model::deberta,DeBERTa,42
20057,0,3.290711174486205e-05,0,0.019570925940085426,model::deberta,DeBERTa,42
13410,0,3.452862074482255e-05,0,0.019570925940085426,model::deberta,DeBERTa,42
10307,0,3.528665911289863e-05,0,0.019570925940085426,model::deberta,DeBERTa,42
2188,1,4.028455805382691e-05,0,0.019570925940085426,model::deberta,DeBERTa,42
6244,0,3.721899338415824e-05,0,0.019570925940085426,model::deberta,DeBERTa,42
19435,1,3.988193566328846e-05,0,0.019570925940085426,model::deberta,DeBERTa,42
2773,1,3.482465763227083e-05,0,0.019570925940085426,model::deberta,DeBERTa,42
17667,0,3.321558688185178e-05,0,0.019570925940085426,model::deberta,DeBERTa,42
18611,0,3.511331669869833e-05,0,0.019570925940085426,model::deberta,DeBERTa,42
14694,0,3.390100027900189e-05,0,0.019570925940085426,model::deberta,DeBERTa,42
17911,1,3.57640310539864e-05,0,0.019570925940085426,model::deberta,DeBERTa,42
14524,1,3.604160156100989e-05,0,0.019570925940085426,model::deberta,DeBERTa,42
16528,0,3.91674657294061e-05,0,0.019570925940085426,model::deberta,DeBERTa,42
3412,0,3.453560566413216e-05,0,0.019570925940085426,model::deberta,DeBERTa,42
16238,0,3.469584044069052e-05,0,0.019570925940085426,model::deberta,DeBERTa,42
14091,1,3.943859701394104e-05,0,0.019570925940085426,model::deberta,DeBERTa,42
10747,0,5.060343755758368e-05,0,0.019570925940085426,model::deberta,DeBERTa,42
13544,0,3.574510992621072e-05,0,0.019570925940085426,model::deberta,DeBERTa,42
1956,0,3.5551911423681304e-05,0,0.019570925940085426,model::deberta,DeBERTa,42
5540,0,6.832311191828921e-05,0,0.019570925940085426,model::deberta,DeBERTa,42
4946,1,3.729630407178775e-05,0,0.019570925940085426,model::deberta,DeBERTa,42
9335,0,3.522664337651804e-05,0,0.019570925940085426,model::deberta,DeBERTa,42
6785,1,3.727756848093122e-05,0,0.019570925940085426,model::deberta,DeBERTa,42
3545,0,3.4694516216404736e-05,0,0.019570925940085426,model::deberta,DeBERTa,42
10811,0,4.578333027893677e-05,0,0.019570925940085426,model::deberta,DeBERTa,42
7712,0,3.613903754740022e-05,0,0.019570925940085426,model::deberta,DeBERTa,42
11797,0,4.305184847908095e-05,0,0.019570925940085426,model::deberta,DeBERTa,42
16705,1,3.5446020774543285e-05,0,0.019570925940085426,model::deberta,DeBERTa,42
17307,1,3.739167368621565e-05,0,0.019570925940085426,model::deberta,DeBERTa,42
9386,1,3.735571590368636e-05,0,0.019570925940085426,model::deberta,DeBERTa,42
2510,0,3.3493528462713584e-05,0,0.019570925940085426,model::deberta,DeBERTa,42
9672,0,3.556361116352491e-05,0,0.019570925940085426,model::deberta,DeBERTa,42
2290,1,3.823585939244367e-05,0,0.019570925940085426,model::deberta,DeBERTa,42
13123,1,3.658772402559407e-05,0,0.019570925940085426,model::deberta,DeBERTa,42
1322,0,9.968572703655808e-05,0,0.019570925940085426,model::deberta,DeBERTa,42
5841,1,3.842443766188808e-05,0,0.019570925940085426,model::deberta,DeBERTa,42
9513,0,3.3906460885191336e-05,0,0.019570925940085426,model::deberta,DeBERTa,42
12211,1,3.976117295678705e-05,0,0.019570925940085426,model::deberta,DeBERTa,42
21058,1,3.575393930077553e-05,0,0.019570925940085426,model::deberta,DeBERTa,42
10357,1,4.130907109356485e-05,0,0.019570925940085426,model::deberta,DeBERTa,42
6183,1,3.571069464669563e-05,0,0.019570925940085426,model::deberta,DeBERTa,42
18633,0,3.511244722176343e-05,0,0.019570925940085426,model::deberta,DeBERTa,42
19725,0,3.5255445254733786e-05,0,0.019570925940085426,model::deberta,DeBERTa,42
16923,0,3.68688051821664e-05,0,0.019570925940085426,model::deberta,DeBERTa,42
13020,1,3.757956801564433e-05,0,0.019570925940085426,model::deberta,DeBERTa,42
540,0,3.797932367888279e-05,0,0.019570925940085426,model::deberta,DeBERTa,42
4871,1,3.8649090129183605e-05,0,0.019570925940085426,model::deberta,DeBERTa,42
8695,0,3.568904139683582e-05,0,0.019570925940085426,model::deberta,DeBERTa,42
17258,0,3.765540168387816e-05,0,0.019570925940085426,model::deberta,DeBERTa,42
6848,1,3.9624454075237736e-05,0,0.019570925940085426,model::deberta,DeBERTa,42
15205,1,3.509905582177453e-05,0,0.019570925940085426,model::deberta,DeBERTa,42
11072,0,3.421036672079936e-05,0,0.019570925940085426,model::deberta,DeBERTa,42
13487,1,3.684311013785191e-05,0,0.019570925940085426,model::deberta,DeBERTa,42
6640,1,4.103505852981471e-05,0,0.019570925940085426,model::deberta,DeBERTa,42
6326,1,3.492023461149074e-05,0,0.019570925940085426,model::deberta,DeBERTa,42
10867,1,4.163488119957037e-05,0,0.019570925940085426,model::deberta,DeBERTa,42
8939,1,3.62446517101489e-05,0,0.019570925940085426,model::deberta,DeBERTa,42
9486,0,3.855400427710265e-05,0,0.019570925940085426,model::deberta,DeBERTa,42
6563,1,3.810869748122059e-05,0,0.019570925940085426,model::deberta,DeBERTa,42
20362,1,4.150204040342942e-05,0,0.019570925940085426,model::deberta,DeBERTa,42
17141,0,4.003145659225993e-05,0,0.019570925940085426,model::deberta,DeBERTa,42
5695,0,3.9140431908890605e-05,0,0.019570925940085426,model::deberta,DeBERTa,42
19571,0,3.374871448613703e-05,0,0.019570925940085426,model::deberta,DeBERTa,42
18271,1,3.317254231660627e-05,0,0.019570925940085426,model::deberta,DeBERTa,42
9009,0,3.524515705066733e-05,0,0.019570925940085426,model::deberta,DeBERTa,42
687,0,3.742699482245371e-05,0,0.019570925940085426,model::deberta,DeBERTa,42
7481,1,3.895796544384211e-05,0,0.019570925940085426,model::deberta,DeBERTa,42
437,1,3.5385328374104574e-05,0,0.019570925940085426,model::deberta,DeBERTa,42
2543,1,3.741436012205668e-05,0,0.019570925940085426,model::deberta,DeBERTa,42
1100,0,3.648813799372874e-05,0,0.019570925940085426,model::deberta,DeBERTa,42
8900,0,3.3952084777411073e-05,0,0.019570925940085426,model::deberta,DeBERTa,42
18697,0,3.44058898917865e-05,0,0.019570925940085426,model::deberta,DeBERTa,42
13305,1,3.617396941990592e-05,0,0.019570925940085426,model::deberta,DeBERTa,42
17723,0,3.524075509631075e-05,0,0.019570925940085426,model::deberta,DeBERTa,42
5755,0,3.515050411806442e-05,0,0.019570925940085426,model::deberta,DeBERTa,42
1390,0,3.823662336799316e-05,0,0.019570925940085426,model::deberta,DeBERTa,42
3759,0,3.694655242725276e-05,0,0.019570925940085426,model::deberta,DeBERTa,42
3392,0,3.4691802284214646e-05,0,0.019570925940085426,model::deberta,DeBERTa,42
11785,0,3.5054763429798186e-05,0,0.019570925940085426,model::deberta,DeBERTa,42
12707,0,3.772070704144426e-05,0,0.019570925940085426,model::deberta,DeBERTa,42
5593,0,3.5231780202593654e-05,0,0.019570925940085426,model::deberta,DeBERTa,42
19115,0,3.589527477743104e-05,0,0.019570925940085426,model::deberta,DeBERTa,42
6726,1,3.791263588937e-05,0,0.019570925940085426,model::deberta,DeBERTa,42
3046,1,3.8363508792826906e-05,0,0.019570925940085426,model::deberta,DeBERTa,42
301,0,3.522446422721259e-05,0,0.019570925940085426,model::deberta,DeBERTa,42
8395,1,3.455777550698258e-05,0,0.019570925940085426,model::deberta,DeBERTa,42
19689,0,3.942690455005504e-05,0,0.019570925940085426,model::deberta,DeBERTa,42
7687,1,3.726626528077759e-05,0,0.019570925940085426,model::deberta,DeBERTa,42
7664,0,3.574268703232519e-05,0,0.019570925940085426,model::deberta,DeBERTa,42
4550,1,3.732231562025845e-05,0,0.019570925940085426,model::deberta,DeBERTa,42
14612,1,3.67278371413704e-05,0,0.019570925940085426,model::deberta,DeBERTa,42
17535,0,3.727653529495001e-05,0,0.019570925940085426,model::deberta,DeBERTa,42
14500,0,3.429653952480294e-05,0,0.019570925940085426,model::deberta,DeBERTa,42
11181,1,3.526977161527611e-05,0,0.019570925940085426,model::deberta,DeBERTa,42
12882,1,3.768514943658374e-05,0,0.019570925940085426,model::deberta,DeBERTa,42
14542,0,3.5599168768385425e-05,0,0.019570925940085426,model::deberta,DeBERTa,42
12856,1,4.5329175918595865e-05,0,0.019570925940085426,model::deberta,DeBERTa,42
16543,1,3.565764563973062e-05,0,0.019570925940085426,model::deberta,DeBERTa,42
12935,0,3.565322549548e-05,0,0.019570925940085426,model::deberta,DeBERTa,42
20507,1,3.4086329833371565e-05,0,0.019570925940085426,model::deberta,DeBERTa,42
20281,1,3.5625864256871864e-05,0,0.019570925940085426,model::deberta,DeBERTa,42
11670,1,3.733331323019229e-05,0,0.019570925940085426,model::deberta,DeBERTa,42
13377,0,3.712852776516229e-05,0,0.019570925940085426,model::deberta,DeBERTa,42
16106,1,3.3837561204563826e-05,0,0.019570925940085426,model::deberta,DeBERTa,42
16093,0,3.469997682259418e-05,0,0.019570925940085426,model::deberta,DeBERTa,42
17762,1,3.71775240637362e-05,0,0.019570925940085426,model::deberta,DeBERTa,42
3947,0,3.6478362744674087e-05,0,0.019570925940085426,model::deberta,DeBERTa,42
4666,1,3.8844216760480776e-05,0,0.019570925940085426,model::deberta,DeBERTa,42
13764,0,3.6391014873515815e-05,0,0.019570925940085426,model::deberta,DeBERTa,42
1338,0,3.851556175504811e-05,0,0.019570925940085426,model::deberta,DeBERTa,42
15915,0,3.33607240463607e-05,0,0.019570925940085426,model::deberta,DeBERTa,42
19418,1,4.738718052976765e-05,0,0.019570925940085426,model::deberta,DeBERTa,42
5541,0,3.411104262340814e-05,0,0.019570925940085426,model::deberta,DeBERTa,42
11345,1,3.616596586653032e-05,0,0.019570925940085426,model::deberta,DeBERTa,42
13047,1,3.674069375847466e-05,0,0.019570925940085426,model::deberta,DeBERTa,42
10206,1,3.5748587833950296e-05,0,0.019570925940085426,model::deberta,DeBERTa,42
6940,1,3.709341399371624e-05,0,0.019570925940085426,model::deberta,DeBERTa,42
11720,1,3.565257793525234e-05,0,0.019570925940085426,model::deberta,DeBERTa,42
2120,0,3.864381869789213e-05,0,0.019570925940085426,model::deberta,DeBERTa,42
21003,0,3.5788594686891884e-05,0,0.019570925940085426,model::deberta,DeBERTa,42
6534,1,3.715912680490874e-05,0,0.019570925940085426,model::deberta,DeBERTa,42
20927,1,3.67597967851907e-05,0,0.019570925940085426,model::deberta,DeBERTa,42
13107,0,3.5475943150231615e-05,0,0.019570925940085426,model::deberta,DeBERTa,42
20603,0,3.448216011747718e-05,0,0.019570925940085426,model::deberta,DeBERTa,42
9452,1,4.091068694833666e-05,0,0.019570925940085426,model::deberta,DeBERTa,42
4005,0,3.5863384255208075e-05,0,0.019570925940085426,model::deberta,DeBERTa,42
2041,1,4.051436553709209e-05,0,0.019570925940085426,model::deberta,DeBERTa,42
12589,1,3.548974927980453e-05,0,0.019570925940085426,model::deberta,DeBERTa,42
99,1,4.2254549043718725e-05,0,0.019570925940085426,model::deberta,DeBERTa,42
4646,0,3.550105611793697e-05,0,0.019570925940085426,model::deberta,DeBERTa,42
1275,0,3.482704778434709e-05,0,0.019570925940085426,model::deberta,DeBERTa,42
9606,0,4.070389331900515e-05,0,0.019570925940085426,model::deberta,DeBERTa,42
15552,0,3.2991327316267416e-05,0,0.019570925940085426,model::deberta,DeBERTa,42
15416,1,3.5826193197863176e-05,0,0.019570925940085426,model::deberta,DeBERTa,42
3899,1,3.5209552152082324e-05,0,0.019570925940085426,model::deberta,DeBERTa,42
9168,1,3.502866820781492e-05,0,0.019570925940085426,model::deberta,DeBERTa,42
20325,1,3.555751027306542e-05,0,0.019570925940085426,model::deberta,DeBERTa,42
19870,0,4.16295588365756e-05,0,0.019570925940085426,model::deberta,DeBERTa,42
1973,0,3.639181159087457e-05,0,0.019570925940085426,model::deberta,DeBERTa,42
16233,1,3.522865881677717e-05,0,0.019570925940085426,model::deberta,DeBERTa,42
8004,1,3.775687582674436e-05,0,0.019570925940085426,model::deberta,DeBERTa,42
7704,1,3.625498720793985e-05,0,0.019570925940085426,model::deberta,DeBERTa,42
14453,0,3.5330536775290966e-05,0,0.019570925940085426,model::deberta,DeBERTa,42
19283,1,3.671291779028252e-05,0,0.019570925940085426,model::deberta,DeBERTa,42
13121,0,3.662207745946944e-05,0,0.019570925940085426,model::deberta,DeBERTa,42
933,1,3.625208410085179e-05,0,0.019570925940085426,model::deberta,DeBERTa,42
16534,1,3.793650466832332e-05,0,0.019570925940085426,model::deberta,DeBERTa,42
13551,0,3.795413067564368e-05,0,0.019570925940085426,model::deberta,DeBERTa,42
20584,0,3.734820347744972e-05,0,0.019570925940085426,model::deberta,DeBERTa,42
8329,1,3.372808714630082e-05,0,0.019570925940085426,model::deberta,DeBERTa,42
442,1,3.590013511711732e-05,0,0.019570925940085426,model::deberta,DeBERTa,42
9517,0,3.973680213675834e-05,0,0.019570925940085426,model::deberta,DeBERTa,42
15277,0,3.416003164602444e-05,0,0.019570925940085426,model::deberta,DeBERTa,42
8177,0,3.4845787013182417e-05,0,0.019570925940085426,model::deberta,DeBERTa,42
9740,0,3.463012399151921e-05,0,0.019570925940085426,model::deberta,DeBERTa,42
18612,0,4.116817217436619e-05,0,0.019570925940085426,model::deberta,DeBERTa,42
7065,1,3.709822703967802e-05,0,0.019570925940085426,model::deberta,DeBERTa,42
17108,1,3.677960557979532e-05,0,0.019570925940085426,model::deberta,DeBERTa,42
623,1,3.669534999062307e-05,0,0.019570925940085426,model::deberta,DeBERTa,42
450,1,3.411673606024124e-05,0,0.019570925940085426,model::deberta,DeBERTa,42
14789,1,3.796693999902345e-05,0,0.019570925940085426,model::deberta,DeBERTa,42
20505,1,3.843528247671202e-05,0,0.019570925940085426,model::deberta,DeBERTa,42
6836,1,3.966248550568707e-05,0,0.019570925940085426,model::deberta,DeBERTa,42
1568,0,3.3877404348459095e-05,0,0.019570925940085426,model::deberta,DeBERTa,42
4933,0,3.658046989585273e-05,0,0.019570925940085426,model::deberta,DeBERTa,42
1934,1,3.586132879718207e-05,0,0.019570925940085426,model::deberta,DeBERTa,42
3849,0,3.387449760339223e-05,0,0.019570925940085426,model::deberta,DeBERTa,42
8418,1,3.716309220180847e-05,0,0.019570925940085426,model::deberta,DeBERTa,42
11146,0,3.415423634578474e-05,0,0.019570925940085426,model::deberta,DeBERTa,42
2858,0,3.3928616176126525e-05,0,0.019570925940085426,model::deberta,DeBERTa,42
11360,0,3.5405915696173906e-05,0,0.019570925940085426,model::deberta,DeBERTa,42
6587,1,3.479564475128427e-05,0,0.019570925940085426,model::deberta,DeBERTa,42
16519,0,3.69168228644412e-05,0,0.019570925940085426,model::deberta,DeBERTa,42
4196,0,3.419047061470337e-05,0,0.019570925940085426,model::deberta,DeBERTa,42
7775,1,3.9615686546312645e-05,0,0.019570925940085426,model::deberta,DeBERTa,42
16531,1,3.52639181073755e-05,0,0.019570925940085426,model::deberta,DeBERTa,42
4179,0,3.567298335838132e-05,0,0.019570925940085426,model::deberta,DeBERTa,42
12064,1,3.97407820855733e-05,0,0.019570925940085426,model::deberta,DeBERTa,42
6925,0,3.519995152601041e-05,0,0.019570925940085426,model::deberta,DeBERTa,42
14658,1,3.52878741978202e-05,0,0.019570925940085426,model::deberta,DeBERTa,42
8300,1,3.555215153028257e-05,0,0.019570925940085426,model::deberta,DeBERTa,42
7488,1,3.8872236473253e-05,0,0.019570925940085426,model::deberta,DeBERTa,42
6391,1,3.5611665225587785e-05,0,0.019570925940085426,model::deberta,DeBERTa,42
2972,1,3.582766294130124e-05,0,0.019570925940085426,model::deberta,DeBERTa,42
4309,1,3.6706267565023154e-05,0,0.019570925940085426,model::deberta,DeBERTa,42
14302,0,3.5881446819985285e-05,0,0.019570925940085426,model::deberta,DeBERTa,42
2721,0,3.850946450256743e-05,0,0.019570925940085426,model::deberta,DeBERTa,42
9113,0,3.575881419237703e-05,0,0.019570925940085426,model::deberta,DeBERTa,42
5905,1,3.66870553989429e-05,0,0.019570925940085426,model::deberta,DeBERTa,42
13630,1,3.68906075891573e-05,0,0.019570925940085426,model::deberta,DeBERTa,42
11675,1,3.6395631468622014e-05,0,0.019570925940085426,model::deberta,DeBERTa,42
2821,1,3.653319799923338e-05,0,0.019570925940085426,model::deberta,DeBERTa,42
13740,0,3.368112811585888e-05,0,0.019570925940085426,model::deberta,DeBERTa,42
10802,1,3.688494689413346e-05,0,0.019570925940085426,model::deberta,DeBERTa,42
16566,1,3.900093361153267e-05,0,0.019570925940085426,model::deberta,DeBERTa,42
13407,1,3.636170004028827e-05,0,0.019570925940085426,model::deberta,DeBERTa,42
21118,0,3.404480594326742e-05,0,0.019570925940085426,model::deberta,DeBERTa,42
10513,1,3.618342088884674e-05,0,0.019570925940085426,model::deberta,DeBERTa,42
9566,0,3.994672078988515e-05,0,0.019570925940085426,model::deberta,DeBERTa,42
13783,1,3.7898862501606345e-05,0,0.019570925940085426,model::deberta,DeBERTa,42
560,1,3.677950007840991e-05,0,0.019570925940085426,model::deberta,DeBERTa,42
17002,1,3.4327429602853954e-05,0,0.019570925940085426,model::deberta,DeBERTa,42
5175,1,3.7696543586207554e-05,0,0.019570925940085426,model::deberta,DeBERTa,42
5690,1,3.640069917310029e-05,0,0.019570925940085426,model::deberta,DeBERTa,42
15444,1,3.593884684960358e-05,0,0.019570925940085426,model::deberta,DeBERTa,42
10214,1,3.4605367545736954e-05,0,0.019570925940085426,model::deberta,DeBERTa,42
3049,1,3.65235136996489e-05,0,0.019570925940085426,model::deberta,DeBERTa,42
2883,0,3.4172222513007e-05,0,0.019570925940085426,model::deberta,DeBERTa,42
975,1,3.5924967960454524e-05,0,0.019570925940085426,model::deberta,DeBERTa,42
71,0,3.461236337898299e-05,0,0.019570925940085426,model::deberta,DeBERTa,42
4599,1,3.5414697777014226e-05,0,0.019570925940085426,model::deberta,DeBERTa,42
18275,0,4.063109736307524e-05,0,0.019570925940085426,model::deberta,DeBERTa,42
17571,1,3.655688851722516e-05,0,0.019570925940085426,model::deberta,DeBERTa,42
8416,0,4.384821295388974e-05,0,0.019570925940085426,model::deberta,DeBERTa,42
3943,0,3.5220971767557785e-05,0,0.019570925940085426,model::deberta,DeBERTa,42
5303,0,3.331577318022028e-05,0,0.019570925940085426,model::deberta,DeBERTa,42
16788,1,3.934607593691908e-05,0,0.019570925940085426,model::deberta,DeBERTa,42
18501,0,3.764031862374395e-05,0,0.019570925940085426,model::deberta,DeBERTa,42
2130,1,3.5650744393933564e-05,0,0.019570925940085426,model::deberta,DeBERTa,42
17344,1,3.681206362671219e-05,0,0.019570925940085426,model::deberta,DeBERTa,42
19397,1,3.451400334597565e-05,0,0.019570925940085426,model::deberta,DeBERTa,42
19239,1,3.607216785894707e-05,0,0.019570925940085426,model::deberta,DeBERTa,42
17745,0,3.563408608897589e-05,0,0.019570925940085426,model::deberta,DeBERTa,42
18320,0,9.444892930332573e-05,0,0.019570925940085426,model::deberta,DeBERTa,42
1295,1,3.733758785529062e-05,0,0.019570925940085426,model::deberta,DeBERTa,42
16517,0,3.5102537367492914e-05,0,0.019570925940085426,model::deberta,DeBERTa,42
14688,1,3.5035711334785447e-05,0,0.019570925940085426,model::deberta,DeBERTa,42
14603,1,3.7668585719075054e-05,0,0.019570925940085426,model::deberta,DeBERTa,42
6744,1,3.6080804420635104e-05,0,0.019570925940085426,model::deberta,DeBERTa,42
6995,1,3.509868838591501e-05,0,0.019570925940085426,model::deberta,DeBERTa,42
17663,1,3.463884422671981e-05,0,0.019570925940085426,model::deberta,DeBERTa,42
4851,1,3.867460327455774e-05,0,0.019570925940085426,model::deberta,DeBERTa,42
958,1,3.670200021588244e-05,0,0.019570925940085426,model::deberta,DeBERTa,42
19857,0,3.5316115827299654e-05,0,0.019570925940085426,model::deberta,DeBERTa,42
349,1,3.43338142556604e-05,0,0.019570925940085426,model::deberta,DeBERTa,42
16537,1,3.7145520764170215e-05,0,0.019570925940085426,model::deberta,DeBERTa,42
2859,0,3.6723140510730445e-05,0,0.019570925940085426,model::deberta,DeBERTa,42
1002,1,3.834543531411328e-05,0,0.019570925940085426,model::deberta,DeBERTa,42
19216,1,3.6145276681054384e-05,0,0.019570925940085426,model::deberta,DeBERTa,42
8488,0,3.494591874186881e-05,0,0.019570925940085426,model::deberta,DeBERTa,42
10341,1,3.607598773669452e-05,0,0.019570925940085426,model::deberta,DeBERTa,42
5760,1,3.7795925891259685e-05,0,0.019570925940085426,model::deberta,DeBERTa,42
20532,0,3.804182051680982e-05,0,0.019570925940085426,model::deberta,DeBERTa,42
3037,1,3.550586188794114e-05,0,0.019570925940085426,model::deberta,DeBERTa,42
13980,0,3.929241574951448e-05,0,0.019570925940085426,model::deberta,DeBERTa,42
3036,1,3.677915083244443e-05,0,0.019570925940085426,model::deberta,DeBERTa,42
21108,0,3.783033025683835e-05,0,0.019570925940085426,model::deberta,DeBERTa,42
12034,0,3.850366556434892e-05,0,0.019570925940085426,model::deberta,DeBERTa,42
240,1,3.678812936414033e-05,0,0.019570925940085426,model::deberta,DeBERTa,42
15026,0,3.5752917028730735e-05,0,0.019570925940085426,model::deberta,DeBERTa,42
5678,1,3.547936285031028e-05,0,0.019570925940085426,model::deberta,DeBERTa,42
4760,1,3.5072891478193924e-05,0,0.019570925940085426,model::deberta,DeBERTa,42
19464,0,3.938169902539812e-05,0,0.019570925940085426,model::deberta,DeBERTa,42
5420,1,3.803884465014562e-05,0,0.019570925940085426,model::deberta,DeBERTa,42
12307,0,3.7289835745468736e-05,0,0.019570925940085426,model::deberta,DeBERTa,42
14776,1,3.802361243288033e-05,0,0.019570925940085426,model::deberta,DeBERTa,42
7210,1,3.660922448034398e-05,0,0.019570925940085426,model::deberta,DeBERTa,42
19302,0,3.571362321963534e-05,0,0.019570925940085426,model::deberta,DeBERTa,42
7499,0,3.667204873636365e-05,0,0.019570925940085426,model::deberta,DeBERTa,42
11150,1,3.668491990538314e-05,0,0.019570925940085426,model::deberta,DeBERTa,42
4167,1,3.562810525181703e-05,0,0.019570925940085426,model::deberta,DeBERTa,42
1192,0,3.491490861051716e-05,0,0.019570925940085426,model::deberta,DeBERTa,42
15361,1,4.3976851884508505e-05,0,0.019570925940085426,model::deberta,DeBERTa,42
7651,0,3.477918653516099e-05,0,0.019570925940085426,model::deberta,DeBERTa,42
15504,0,3.912923421012238e-05,0,0.019570925940085426,model::deberta,DeBERTa,42
14752,0,3.811102578765713e-05,0,0.019570925940085426,model::deberta,DeBERTa,42
2178,1,3.699676017276943e-05,0,0.019570925940085426,model::deberta,DeBERTa,42
18332,0,4.6908524382160977e-05,0,0.019570925940085426,model::deberta,DeBERTa,42
13009,0,3.808668407145888e-05,0,0.019570925940085426,model::deberta,DeBERTa,42
8134,0,3.757325976039283e-05,0,0.019570925940085426,model::deberta,DeBERTa,42
20680,0,3.434511381783523e-05,0,0.019570925940085426,model::deberta,DeBERTa,42
5438,0,3.643685340648517e-05,0,0.019570925940085426,model::deberta,DeBERTa,42
1743,1,4.001500565209426e-05,0,0.019570925940085426,model::deberta,DeBERTa,42
6833,1,3.716876744874753e-05,0,0.019570925940085426,model::deberta,DeBERTa,42
5762,0,3.544057835824788e-05,0,0.019570925940085426,model::deberta,DeBERTa,42
2603,1,3.847327388939448e-05,0,0.019570925940085426,model::deberta,DeBERTa,42
16252,0,3.530261528794654e-05,0,0.019570925940085426,model::deberta,DeBERTa,42
11280,1,3.763651693589054e-05,0,0.019570925940085426,model::deberta,DeBERTa,42
20734,1,3.635584289440885e-05,0,0.019570925940085426,model::deberta,DeBERTa,42
18310,0,0.0002356978657189,0,0.019570925940085426,model::deberta,DeBERTa,42
2826,1,3.645992910605855e-05,0,0.019570925940085426,model::deberta,DeBERTa,42
9081,0,3.3712072763592005e-05,0,0.019570925940085426,model::deberta,DeBERTa,42
11562,0,3.784566797548905e-05,0,0.019570925940085426,model::deberta,DeBERTa,42
19919,0,3.508948429953307e-05,0,0.019570925940085426,model::deberta,DeBERTa,42
2044,0,3.37158671754878e-05,0,0.019570925940085426,model::deberta,DeBERTa,42
11372,1,3.679408837342635e-05,0,0.019570925940085426,model::deberta,DeBERTa,42
3645,0,3.732277764356695e-05,0,0.019570925940085426,model::deberta,DeBERTa,42
18497,0,3.7140205677133054e-05,0,0.019570925940085426,model::deberta,DeBERTa,42
9128,1,3.668033969006501e-05,0,0.019570925940085426,model::deberta,DeBERTa,42
16396,0,4.129178705625236e-05,0,0.019570925940085426,model::deberta,DeBERTa,42
10989,0,3.467298301984556e-05,0,0.019570925940085426,model::deberta,DeBERTa,42
10863,1,3.6856887163594365e-05,0,0.019570925940085426,model::deberta,DeBERTa,42
15927,1,3.609326449804939e-05,0,0.019570925940085426,model::deberta,DeBERTa,42
8657,0,3.603053482947871e-05,0,0.019570925940085426,model::deberta,DeBERTa,42
15322,0,3.651783481473103e-05,0,0.019570925940085426,model::deberta,DeBERTa,42
356,1,3.587299579521641e-05,0,0.019570925940085426,model::deberta,DeBERTa,42
1379,0,3.574033689801581e-05,0,0.019570925940085426,model::deberta,DeBERTa,42
18572,1,3.673827450256795e-05,0,0.019570925940085426,model::deberta,DeBERTa,42
4491,1,3.639976057456806e-05,0,0.019570925940085426,model::deberta,DeBERTa,42
11479,1,3.763701533898711e-05,0,0.019570925940085426,model::deberta,DeBERTa,42
1809,1,3.553916758392006e-05,0,0.019570925940085426,model::deberta,DeBERTa,42
7043,0,3.502348772599362e-05,0,0.019570925940085426,model::deberta,DeBERTa,42
1571,1,3.8448844861704856e-05,0,0.019570925940085426,model::deberta,DeBERTa,42
12700,0,3.816121898125857e-05,0,0.019570925940085426,model::deberta,DeBERTa,42
4120,1,3.739937528735027e-05,0,0.019570925940085426,model::deberta,DeBERTa,42
8406,0,3.552927228156477e-05,0,0.019570925940085426,model::deberta,DeBERTa,42
7007,0,3.5005254176212475e-05,0,0.019570925940085426,model::deberta,DeBERTa,42
17529,1,4.7418605390703306e-05,0,0.019570925940085426,model::deberta,DeBERTa,42
16354,1,3.8411868445109576e-05,0,0.019570925940085426,model::deberta,DeBERTa,42
2532,1,3.524771091178991e-05,0,0.019570925940085426,model::deberta,DeBERTa,42
5685,0,4.166002327110618e-05,0,0.019570925940085426,model::deberta,DeBERTa,42
2546,0,3.547039887052961e-05,0,0.019570925940085426,model::deberta,DeBERTa,42
10159,1,3.749401366803795e-05,0,0.019570925940085426,model::deberta,DeBERTa,42
12958,1,3.482326428638771e-05,0,0.019570925940085426,model::deberta,DeBERTa,42
18460,1,3.338421447551809e-05,0,0.019570925940085426,model::deberta,DeBERTa,42
2067,0,3.5730863601202145e-05,0,0.019570925940085426,model::deberta,DeBERTa,42
12297,0,3.485210254439153e-05,0,0.019570925940085426,model::deberta,DeBERTa,42
19561,0,3.4352058719377965e-05,0,0.019570925940085426,model::deberta,DeBERTa,42
8142,1,3.6393965274328366e-05,0,0.019570925940085426,model::deberta,DeBERTa,42
922,0,3.648340862127952e-05,0,0.019570925940085426,model::deberta,DeBERTa,42
3496,0,3.516264041536488e-05,0,0.019570925940085426,model::deberta,DeBERTa,42
5346,0,7.532912422902882e-05,0,0.019570925940085426,model::deberta,DeBERTa,42
19890,1,3.653535895864479e-05,0,0.019570925940085426,model::deberta,DeBERTa,42
16429,0,3.5803928767563775e-05,0,0.019570925940085426,model::deberta,DeBERTa,42
10869,0,3.57224780600518e-05,0,0.019570925940085426,model::deberta,DeBERTa,42
8273,1,3.538779492373578e-05,0,0.019570925940085426,model::deberta,DeBERTa,42
10339,1,3.485858178464696e-05,0,0.019570925940085426,model::deberta,DeBERTa,42
9749,0,3.729154195752926e-05,0,0.019570925940085426,model::deberta,DeBERTa,42
17167,0,3.4761647839332e-05,0,0.019570925940085426,model::deberta,DeBERTa,42
5026,1,3.852959707728587e-05,0,0.019570925940085426,model::deberta,DeBERTa,42
10248,0,3.7251309549901634e-05,0,0.019570925940085426,model::deberta,DeBERTa,42
14065,0,5.8762099797604606e-05,0,0.019570925940085426,model::deberta,DeBERTa,42
6297,1,3.798233228735626e-05,0,0.019570925940085426,model::deberta,DeBERTa,42
16078,1,3.655528780655004e-05,0,0.019570925940085426,model::deberta,DeBERTa,42
16743,0,3.970252510043792e-05,0,0.019570925940085426,model::deberta,DeBERTa,42
8902,0,3.3224772778339684e-05,0,0.019570925940085426,model::deberta,DeBERTa,42
14127,1,3.681213274830952e-05,0,0.019570925940085426,model::deberta,DeBERTa,42
5936,0,3.802691207965836e-05,0,0.019570925940085426,model::deberta,DeBERTa,42
20673,0,4.1418497858103365e-05,0,0.019570925940085426,model::deberta,DeBERTa,42
13323,0,3.621217183535919e-05,0,0.019570925940085426,model::deberta,DeBERTa,42
7763,1,3.531025868142024e-05,0,0.019570925940085426,model::deberta,DeBERTa,42
18230,1,3.763529457501136e-05,0,0.019570925940085426,model::deberta,DeBERTa,42
11361,1,3.682238457258791e-05,0,0.019570925940085426,model::deberta,DeBERTa,42
9224,1,3.508172085275873e-05,0,0.019570925940085426,model::deberta,DeBERTa,42
17556,1,6.373036012519151e-05,0,0.019570925940085426,model::deberta,DeBERTa,42
3794,1,3.779433973249979e-05,0,0.019570925940085426,model::deberta,DeBERTa,42
3683,0,3.8236732507357374e-05,0,0.019570925940085426,model::deberta,DeBERTa,42
8623,1,3.995662700617686e-05,0,0.019570925940085426,model::deberta,DeBERTa,42
7348,1,3.628484046203084e-05,0,0.019570925940085426,model::deberta,DeBERTa,42
17574,0,3.270944216637872e-05,0,0.019570925940085426,model::deberta,DeBERTa,42
19168,0,7.280897989403456e-05,0,0.019570925940085426,model::deberta,DeBERTa,42
6346,0,3.5389817639952525e-05,0,0.019570925940085426,model::deberta,DeBERTa,42
2109,0,4.0523642383050174e-05,0,0.019570925940085426,model::deberta,DeBERTa,42
5736,1,3.621379801188596e-05,0,0.019570925940085426,model::deberta,DeBERTa,42
3677,0,3.683425529743545e-05,0,0.019570925940085426,model::deberta,DeBERTa,42
14181,0,3.631886647781357e-05,0,0.019570925940085426,model::deberta,DeBERTa,42
16696,0,3.825340172625147e-05,0,0.019570925940085426,model::deberta,DeBERTa,42
18115,0,3.4648161090444773e-05,0,0.019570925940085426,model::deberta,DeBERTa,42
1098,1,5.0483376980992034e-05,0,0.019570925940085426,model::deberta,DeBERTa,42
5422,0,3.5664514143718407e-05,0,0.019570925940085426,model::deberta,DeBERTa,42
703,0,3.446920891292393e-05,0,0.019570925940085426,model::deberta,DeBERTa,42
12024,1,3.749751704162918e-05,0,0.019570925940085426,model::deberta,DeBERTa,42
19715,1,3.6792403989238665e-05,0,0.019570925940085426,model::deberta,DeBERTa,42
16386,1,3.5739758459385484e-05,0,0.019570925940085426,model::deberta,DeBERTa,42
18231,1,3.861817458528094e-05,0,0.019570925940085426,model::deberta,DeBERTa,42
8966,1,3.625477984314784e-05,0,0.019570925940085426,model::deberta,DeBERTa,42
19704,1,3.526267391862348e-05,0,0.019570925940085426,model::deberta,DeBERTa,42
11636,0,3.518910671118647e-05,0,0.019570925940085426,model::deberta,DeBERTa,42
10984,1,3.500231832731515e-05,0,0.019570925940085426,model::deberta,DeBERTa,42
9195,1,3.72180002159439e-05,0,0.019570925940085426,model::deberta,DeBERTa,42
1893,1,3.819307676167227e-05,0,0.019570925940085426,model::deberta,DeBERTa,42
11198,1,3.641159855760634e-05,0,0.019570925940085426,model::deberta,DeBERTa,42
433,0,3.4214870538562536e-05,0,0.019570925940085426,model::deberta,DeBERTa,42
18411,1,3.691710662678816e-05,0,0.019570925940085426,model::deberta,DeBERTa,42
11101,0,3.870090586133301e-05,0,0.019570925940085426,model::deberta,DeBERTa,42
11375,0,3.5900036891689524e-05,0,0.019570925940085426,model::deberta,DeBERTa,42
1442,1,3.666285192593932e-05,0,0.019570925940085426,model::deberta,DeBERTa,42
10872,0,3.78612894564867e-05,0,0.019570925940085426,model::deberta,DeBERTa,42
17480,0,3.756931619136594e-05,0,0.019570925940085426,model::deberta,DeBERTa,42
9183,0,6.433315866161138e-05,0,0.019570925940085426,model::deberta,DeBERTa,42
13866,1,3.6858149542240426e-05,0,0.019570925940085426,model::deberta,DeBERTa,42
5929,0,3.887209095410071e-05,0,0.019570925940085426,model::deberta,DeBERTa,42
10569,1,4.91239879920613e-05,0,0.019570925940085426,model::deberta,DeBERTa,42
6481,1,3.898349314113148e-05,0,0.019570925940085426,model::deberta,DeBERTa,42
5854,0,4.040509520564228e-05,0,0.019570925940085426,model::deberta,DeBERTa,42
5637,0,3.862628000206314e-05,0,0.019570925940085426,model::deberta,DeBERTa,42
21022,0,4.037043254356831e-05,0,0.019570925940085426,model::deberta,DeBERTa,42
20695,0,0.0029388112016022,0,0.019570925940085426,model::deberta,DeBERTa,42
6808,1,3.432088487898e-05,0,0.019570925940085426,model::deberta,DeBERTa,42
1191,1,3.893233588314615e-05,0,0.019570925940085426,model::deberta,DeBERTa,42
17878,0,3.6918656405759975e-05,0,0.019570925940085426,model::deberta,DeBERTa,42
11825,1,3.6877525417367e-05,0,0.019570925940085426,model::deberta,DeBERTa,42
19889,1,3.420009306864813e-05,0,0.019570925940085426,model::deberta,DeBERTa,42
10247,0,3.786638626479544e-05,0,0.019570925940085426,model::deberta,DeBERTa,42
3557,1,5.245581633062102e-05,0,0.019570925940085426,model::deberta,DeBERTa,42
7942,0,3.455148544162512e-05,0,0.019570925940085426,model::deberta,DeBERTa,42
6347,0,4.417515810928308e-05,0,0.019570925940085426,model::deberta,DeBERTa,42
10139,1,3.794855729211122e-05,0,0.019570925940085426,model::deberta,DeBERTa,42
13933,0,4.266625546733849e-05,0,0.019570925940085426,model::deberta,DeBERTa,42
15745,1,3.692922109621577e-05,0,0.019570925940085426,model::deberta,DeBERTa,42
5715,1,3.587426181184128e-05,0,0.019570925940085426,model::deberta,DeBERTa,42
17278,0,3.604796074796468e-05,0,0.019570925940085426,model::deberta,DeBERTa,42
11436,0,3.5114720958517864e-05,0,0.019570925940085426,model::deberta,DeBERTa,42
4647,0,3.812680370174349e-05,0,0.019570925940085426,model::deberta,DeBERTa,42
15980,0,4.244565207045525e-05,0,0.019570925940085426,model::deberta,DeBERTa,42
18355,0,3.987098898505792e-05,0,0.019570925940085426,model::deberta,DeBERTa,42
16337,0,3.734471101779491e-05,0,0.019570925940085426,model::deberta,DeBERTa,42
2361,0,3.783003921853378e-05,0,0.019570925940085426,model::deberta,DeBERTa,42
4623,1,5.101485294289887e-05,0,0.019570925940085426,model::deberta,DeBERTa,42
20871,0,3.736972212209366e-05,0,0.019570925940085426,model::deberta,DeBERTa,42
16550,1,3.715430648298934e-05,0,0.019570925940085426,model::deberta,DeBERTa,42
15950,1,3.50126028934028e-05,0,0.019570925940085426,model::deberta,DeBERTa,42
2200,0,3.728254523593933e-05,0,0.019570925940085426,model::deberta,DeBERTa,42
19326,1,3.613952139858157e-05,0,0.019570925940085426,model::deberta,DeBERTa,42
4522,0,3.2834828743943945e-05,0,0.019570925940085426,model::deberta,DeBERTa,42
18987,1,3.699887747643516e-05,0,0.019570925940085426,model::deberta,DeBERTa,42
10913,0,3.397660475457087e-05,0,0.019570925940085426,model::deberta,DeBERTa,42
18340,0,3.6485984310274944e-05,0,0.019570925940085426,model::deberta,DeBERTa,42
14800,0,3.3651915146037936e-05,0,0.019570925940085426,model::deberta,DeBERTa,42
2248,1,3.5737506550503895e-05,0,0.019570925940085426,model::deberta,DeBERTa,42
14467,0,3.5804816434392706e-05,0,0.019570925940085426,model::deberta,DeBERTa,42
78,1,3.903889228240587e-05,0,0.019570925940085426,model::deberta,DeBERTa,42
4625,0,4.088494461029768e-05,0,0.019570925940085426,model::deberta,DeBERTa,42
4323,1,3.584785736165941e-05,0,0.019570925940085426,model::deberta,DeBERTa,42
4510,0,0.0001794297568267,0,0.019570925940085426,model::deberta,DeBERTa,42
293,1,3.530322283040732e-05,0,0.019570925940085426,model::deberta,DeBERTa,42
1271,0,3.6895002267556265e-05,0,0.019570925940085426,model::deberta,DeBERTa,42
5374,0,3.690879748319276e-05,0,0.019570925940085426,model::deberta,DeBERTa,42
14898,1,3.6356777854962274e-05,0,0.019570925940085426,model::deberta,DeBERTa,42
5107,1,3.601075513870455e-05,0,0.019570925940085426,model::deberta,DeBERTa,42
573,1,3.6702276702271774e-05,0,0.019570925940085426,model::deberta,DeBERTa,42
19652,0,4.1139010136248544e-05,0,0.019570925940085426,model::deberta,DeBERTa,42
8391,1,3.565951556083746e-05,0,0.019570925940085426,model::deberta,DeBERTa,42
6472,0,4.111268935957924e-05,0,0.019570925940085426,model::deberta,DeBERTa,42
5633,1,3.4695243812166154e-05,0,0.019570925940085426,model::deberta,DeBERTa,42
4581,1,3.835549432551488e-05,0,0.019570925940085426,model::deberta,DeBERTa,42
18214,1,3.810437556239776e-05,0,0.019570925940085426,model::deberta,DeBERTa,42
17119,0,4.1326329665025696e-05,0,0.019570925940085426,model::deberta,DeBERTa,42
20170,1,3.536889562383294e-05,0,0.019570925940085426,model::deberta,DeBERTa,42
18229,0,3.377605025889352e-05,0,0.019570925940085426,model::deberta,DeBERTa,42
19907,0,3.415931496419944e-05,0,0.019570925940085426,model::deberta,DeBERTa,42
18168,0,3.5453151213005185e-05,0,0.019570925940085426,model::deberta,DeBERTa,42
10285,1,3.7472495023394e-05,0,0.019570925940085426,model::deberta,DeBERTa,42
9229,0,3.546992229530588e-05,0,0.019570925940085426,model::deberta,DeBERTa,42
4426,0,3.436421320657246e-05,0,0.019570925940085426,model::deberta,DeBERTa,42
19485,1,3.746827860595658e-05,0,0.019570925940085426,model::deberta,DeBERTa,42
20520,0,3.571689376258291e-05,0,0.019570925940085426,model::deberta,DeBERTa,42
16322,1,3.545673826010898e-05,0,0.019570925940085426,model::deberta,DeBERTa,42
11621,1,3.6883120628772303e-05,0,0.019570925940085426,model::deberta,DeBERTa,42
3376,1,4.255837120581418e-05,0,0.019570925940085426,model::deberta,DeBERTa,42
20041,0,3.49486836057622e-05,0,0.019570925940085426,model::deberta,DeBERTa,42
7166,1,3.631443178164773e-05,0,0.019570925940085426,model::deberta,DeBERTa,42
6506,1,3.608521001297049e-05,0,0.019570925940085426,model::deberta,DeBERTa,42
20862,1,3.746774382307194e-05,0,0.019570925940085426,model::deberta,DeBERTa,42
18690,0,3.287502840976231e-05,0,0.019570925940085426,model::deberta,DeBERTa,42
7607,1,3.7378624256234616e-05,0,0.019570925940085426,model::deberta,DeBERTa,42
10060,1,3.710388773470186e-05,0,0.019570925940085426,model::deberta,DeBERTa,42
20271,1,3.7015812267782167e-05,0,0.019570925940085426,model::deberta,DeBERTa,42
5211,1,3.526381988194771e-05,0,0.019570925940085426,model::deberta,DeBERTa,42
12121,1,3.717152867466211e-05,0,0.019570925940085426,model::deberta,DeBERTa,42
7567,1,4.8851637984626e-05,0,0.019570925940085426,model::deberta,DeBERTa,42
9710,1,3.628179547376931e-05,0,0.019570925940085426,model::deberta,DeBERTa,42
6786,0,3.906268102582544e-05,0,0.019570925940085426,model::deberta,DeBERTa,42
17521,0,4.063067171955481e-05,0,0.019570925940085426,model::deberta,DeBERTa,42
21034,1,3.56850287062116e-05,0,0.019570925940085426,model::deberta,DeBERTa,42
3187,0,3.5316992580192164e-05,0,0.019570925940085426,model::deberta,DeBERTa,42
3973,1,3.4166223485954106e-05,0,0.019570925940085426,model::deberta,DeBERTa,42
8214,1,3.572830610210076e-05,0,0.019570925940085426,model::deberta,DeBERTa,42
18871,0,3.5846420360030606e-05,0,0.019570925940085426,model::deberta,DeBERTa,42
18245,0,3.8527501601492986e-05,0,0.019570925940085426,model::deberta,DeBERTa,42
10798,0,3.608810220612213e-05,0,0.019570925940085426,model::deberta,DeBERTa,42
5409,0,4.206931043881923e-05,0,0.019570925940085426,model::deberta,DeBERTa,42
16226,0,0.0020791620481759,0,0.019570925940085426,model::deberta,DeBERTa,42
4468,1,3.68694745702669e-05,0,0.019570925940085426,model::deberta,DeBERTa,42
15849,0,0.0004226704186294,0,0.019570925940085426,model::deberta,DeBERTa,42
14462,0,0.0001363407354801,0,0.019570925940085426,model::deberta,DeBERTa,42
19720,0,3.593346627894789e-05,0,0.019570925940085426,model::deberta,DeBERTa,42
4146,0,8.924485155148432e-05,0,0.019570925940085426,model::deberta,DeBERTa,42
4386,0,3.515147545840591e-05,0,0.019570925940085426,model::deberta,DeBERTa,42
13526,1,3.93167429137975e-05,0,0.019570925940085426,model::deberta,DeBERTa,42
18523,1,3.642430601757951e-05,0,0.019570925940085426,model::deberta,DeBERTa,42
19751,0,3.726395152625628e-05,0,0.019570925940085426,model::deberta,DeBERTa,42
1179,0,0.0023975372314453,0,0.019570925940085426,model::deberta,DeBERTa,42
16424,1,3.7026195059297606e-05,0,0.019570925940085426,model::deberta,DeBERTa,42
8875,0,3.987623131251894e-05,0,0.019570925940085426,model::deberta,DeBERTa,42
2267,0,3.696459680213593e-05,0,0.019570925940085426,model::deberta,DeBERTa,42
12942,0,6.222215597517788e-05,0,0.019570925940085426,model::deberta,DeBERTa,42
2832,0,3.4783632145263255e-05,0,0.019570925940085426,model::deberta,DeBERTa,42
1021,0,3.298934461781755e-05,0,0.019570925940085426,model::deberta,DeBERTa,42
7945,0,3.458827268332243e-05,0,0.019570925940085426,model::deberta,DeBERTa,42
4843,1,3.571829074644484e-05,0,0.019570925940085426,model::deberta,DeBERTa,42
3236,0,3.623272641561925e-05,0,0.019570925940085426,model::deberta,DeBERTa,42
9186,1,4.582989640766755e-05,0,0.019570925940085426,model::deberta,DeBERTa,42
13491,0,3.713164187502116e-05,0,0.019570925940085426,model::deberta,DeBERTa,42
10371,0,3.561356425052509e-05,0,0.019570925940085426,model::deberta,DeBERTa,42
551,0,3.266561543568969e-05,0,0.019570925940085426,model::deberta,DeBERTa,42
444,1,3.587878018151969e-05,0,0.019570925940085426,model::deberta,DeBERTa,42
1591,1,3.6762983654625714e-05,0,0.019570925940085426,model::deberta,DeBERTa,42
6736,1,4.816773434868082e-05,0,0.019570925940085426,model::deberta,DeBERTa,42
4134,0,3.646719414973632e-05,0,0.019570925940085426,model::deberta,DeBERTa,42
12473,0,3.642448064056225e-05,0,0.019570925940085426,model::deberta,DeBERTa,42
2556,1,3.584041041904129e-05,0,0.019570925940085426,model::deberta,DeBERTa,42
10416,1,3.375054802745581e-05,0,0.019570925940085426,model::deberta,DeBERTa,42
16237,1,4.765305493492633e-05,0,0.019570925940085426,model::deberta,DeBERTa,42
96,1,3.607069083955139e-05,0,0.019570925940085426,model::deberta,DeBERTa,42
4673,1,3.521428516251035e-05,0,0.019570925940085426,model::deberta,DeBERTa,42
3115,0,3.7548685213550925e-05,0,0.019570925940085426,model::deberta,DeBERTa,42
7640,0,3.380849739187397e-05,0,0.019570925940085426,model::deberta,DeBERTa,42
18818,1,3.772657146328129e-05,0,0.019570925940085426,model::deberta,DeBERTa,42
3550,1,3.6298122722655535e-05,0,0.019570925940085426,model::deberta,DeBERTa,42
15293,1,3.750069663510658e-05,0,0.019570925940085426,model::deberta,DeBERTa,42
10902,1,3.618479968281463e-05,0,0.019570925940085426,model::deberta,DeBERTa,42
16425,0,3.535675568855368e-05,0,0.019570925940085426,model::deberta,DeBERTa,42
1649,0,3.522553379298188e-05,0,0.019570925940085426,model::deberta,DeBERTa,42
9946,0,3.450640360824764e-05,0,0.019570925940085426,model::deberta,DeBERTa,42
18354,0,3.4905118809547275e-05,0,0.019570925940085426,model::deberta,DeBERTa,42
15802,0,3.6352372262626886e-05,0,0.019570925940085426,model::deberta,DeBERTa,42
8471,1,3.729715535882861e-05,0,0.019570925940085426,model::deberta,DeBERTa,42
4029,1,3.402092261239886e-05,0,0.019570925940085426,model::deberta,DeBERTa,42
3806,0,3.414267848711461e-05,0,0.019570925940085426,model::deberta,DeBERTa,42
9240,1,3.6930065107299015e-05,0,0.019570925940085426,model::deberta,DeBERTa,42
20407,1,3.586044113035314e-05,0,0.019570925940085426,model::deberta,DeBERTa,42
20442,1,3.729687523446046e-05,0,0.019570925940085426,model::deberta,DeBERTa,42
12406,0,3.931558239855804e-05,0,0.019570925940085426,model::deberta,DeBERTa,42
20870,0,3.569803084246814e-05,0,0.019570925940085426,model::deberta,DeBERTa,42
17718,1,3.604242738219909e-05,0,0.019570925940085426,model::deberta,DeBERTa,42
17043,1,4.5437242079060525e-05,0,0.019570925940085426,model::deberta,DeBERTa,42
14805,1,4.241943315719254e-05,0,0.019570925940085426,model::deberta,DeBERTa,42
12105,1,3.839319106191397e-05,0,0.019570925940085426,model::deberta,DeBERTa,42
13440,1,3.599330739234574e-05,0,0.019570925940085426,model::deberta,DeBERTa,42
8420,0,3.4209719160571694e-05,0,0.019570925940085426,model::deberta,DeBERTa,42
6543,1,9.314878116128966e-05,0,0.019570925940085426,model::deberta,DeBERTa,42
14425,0,3.369751721038483e-05,0,0.019570925940085426,model::deberta,DeBERTa,42
11002,1,3.723557165358216e-05,0,0.019570925940085426,model::deberta,DeBERTa,42
1148,1,3.839103010250256e-05,0,0.019570925940085426,model::deberta,DeBERTa,42
12116,1,3.6306468246039e-05,0,0.019570925940085426,model::deberta,DeBERTa,42
1173,0,3.752377233467996e-05,0,0.019570925940085426,model::deberta,DeBERTa,42
19460,0,3.725073838722892e-05,0,0.019570925940085426,model::deberta,DeBERTa,42
5391,1,3.734364145202562e-05,0,0.019570925940085426,model::deberta,DeBERTa,42
12339,0,4.266455289325677e-05,0,0.019570925940085426,model::deberta,DeBERTa,42
8041,1,3.696967178257182e-05,0,0.019570925940085426,model::deberta,DeBERTa,42
14605,1,4.054992677993141e-05,0,0.019570925940085426,model::deberta,DeBERTa,42
2291,1,3.750137693714351e-05,0,0.019570925940085426,model::deberta,DeBERTa,42
7120,0,3.4296768717467785e-05,0,0.019570925940085426,model::deberta,DeBERTa,42
587,0,3.441540684434585e-05,0,0.019570925940085426,model::deberta,DeBERTa,42
16321,1,3.697347710840404e-05,0,0.019570925940085426,model::deberta,DeBERTa,42
18541,1,3.6246136005502194e-05,0,0.019570925940085426,model::deberta,DeBERTa,42
12598,0,3.626633042586036e-05,0,0.019570925940085426,model::deberta,DeBERTa,42
13419,1,3.736238068086095e-05,0,0.019570925940085426,model::deberta,DeBERTa,42
8543,0,3.7502701161429286e-05,0,0.019570925940085426,model::deberta,DeBERTa,42
20439,0,3.637570989667438e-05,0,0.019570925940085426,model::deberta,DeBERTa,42
15320,0,4.208776954328641e-05,0,0.019570925940085426,model::deberta,DeBERTa,42
9800,0,3.816362004727125e-05,0,0.019570925940085426,model::deberta,DeBERTa,42
16021,1,3.571559864212759e-05,0,0.019570925940085426,model::deberta,DeBERTa,42
8382,1,3.886111517203972e-05,0,0.019570925940085426,model::deberta,DeBERTa,42
2867,1,3.696354178828187e-05,0,0.019570925940085426,model::deberta,DeBERTa,42
20212,0,3.713531987159513e-05,0,0.019570925940085426,model::deberta,DeBERTa,42
9481,1,3.940521492040716e-05,0,0.019570925940085426,model::deberta,DeBERTa,42
12286,1,3.757175363716669e-05,0,0.019570925940085426,model::deberta,DeBERTa,42
19149,0,3.569687396520749e-05,0,0.019570925940085426,model::deberta,DeBERTa,42
16239,1,3.569966429495253e-05,0,0.019570925940085426,model::deberta,DeBERTa,42
17829,1,3.545379513525404e-05,0,0.019570925940085426,model::deberta,DeBERTa,42
20947,0,3.8289279473247007e-05,0,0.019570925940085426,model::deberta,DeBERTa,42
9400,0,4.428491229191423e-05,0,0.019570925940085426,model::deberta,DeBERTa,42
18451,1,3.5947821743320674e-05,0,0.019570925940085426,model::deberta,DeBERTa,42
19994,1,3.820498750428669e-05,0,0.019570925940085426,model::deberta,DeBERTa,42
10829,0,3.8104848499642685e-05,0,0.019570925940085426,model::deberta,DeBERTa,42
1980,0,3.461599408183247e-05,0,0.019570925940085426,model::deberta,DeBERTa,42
829,0,3.8441954529844224e-05,0,0.019570925940085426,model::deberta,DeBERTa,42
7876,1,3.692203608807176e-05,0,0.019570925940085426,model::deberta,DeBERTa,42
965,0,4.269515920896083e-05,0,0.019570925940085426,model::deberta,DeBERTa,42
18189,1,3.799283877015114e-05,0,0.019570925940085426,model::deberta,DeBERTa,42
12645,1,3.5220971767557785e-05,0,0.019570925940085426,model::deberta,DeBERTa,42
12073,0,4.299981446820311e-05,0,0.019570925940085426,model::deberta,DeBERTa,42
241,1,3.707544965436682e-05,0,0.019570925940085426,model::deberta,DeBERTa,42
8318,0,3.841080615529791e-05,0,0.019570925940085426,model::deberta,DeBERTa,42
2294,0,3.677445056382567e-05,0,0.019570925940085426,model::deberta,DeBERTa,42
15189,1,3.653354724519886e-05,0,0.019570925940085426,model::deberta,DeBERTa,42
15462,0,3.649980135378428e-05,0,0.019570925940085426,model::deberta,DeBERTa,42
6769,0,3.414687671465799e-05,0,0.019570925940085426,model::deberta,DeBERTa,42
21078,0,3.339810064062476e-05,0,0.019570925940085426,model::deberta,DeBERTa,42
2498,0,3.6559260479407385e-05,0,0.019570925940085426,model::deberta,DeBERTa,42
20875,0,3.809242480201647e-05,0,0.019570925940085426,model::deberta,DeBERTa,42
2694,0,3.706296774907969e-05,0,0.019570925940085426,model::deberta,DeBERTa,42
8380,0,3.559546894393861e-05,0,0.019570925940085426,model::deberta,DeBERTa,42
2683,1,3.768385431612842e-05,0,0.019570925940085426,model::deberta,DeBERTa,42
12903,1,3.5137898521497846e-05,0,0.019570925940085426,model::deberta,DeBERTa,42
3395,1,3.527804801706225e-05,0,0.019570925940085426,model::deberta,DeBERTa,42
14670,0,3.9436756196664646e-05,0,0.019570925940085426,model::deberta,DeBERTa,42
3815,1,3.677950007840991e-05,0,0.019570925940085426,model::deberta,DeBERTa,42
9823,0,3.4026699722744524e-05,0,0.019570925940085426,model::deberta,DeBERTa,42
3971,0,3.692619429784827e-05,0,0.019570925940085426,model::deberta,DeBERTa,42
19954,0,3.658294372144155e-05,0,0.019570925940085426,model::deberta,DeBERTa,42
19163,1,3.724157431861386e-05,0,0.019570925940085426,model::deberta,DeBERTa,42
11315,0,9.92210188996978e-05,0,0.019570925940085426,model::deberta,DeBERTa,42
16475,1,3.701041714521125e-05,0,0.019570925940085426,model::deberta,DeBERTa,42
8298,1,3.8662474253214896e-05,0,0.019570925940085426,model::deberta,DeBERTa,42
6704,0,3.567101157386787e-05,0,0.019570925940085426,model::deberta,DeBERTa,42
1867,0,3.9073860534699634e-05,0,0.019570925940085426,model::deberta,DeBERTa,42
3479,1,3.51204835169483e-05,0,0.019570925940085426,model::deberta,DeBERTa,42
14387,0,3.3672105928417295e-05,0,0.019570925940085426,model::deberta,DeBERTa,42
21099,0,3.4519467590143904e-05,0,0.019570925940085426,model::deberta,DeBERTa,42
10173,0,3.4312015486648306e-05,0,0.019570925940085426,model::deberta,DeBERTa,42
14584,1,5.17343869432807e-05,0,0.019570925940085426,model::deberta,DeBERTa,42
18579,0,0.0001438139006495,0,0.019570925940085426,model::deberta,DeBERTa,42
6719,0,3.3050211641239e-05,0,0.019570925940085426,model::deberta,DeBERTa,42
13994,1,3.549746543285437e-05,0,0.019570925940085426,model::deberta,DeBERTa,42
15409,0,3.8872312870807946e-05,0,0.019570925940085426,model::deberta,DeBERTa,42
10287,0,3.815590389422141e-05,0,0.019570925940085426,model::deberta,DeBERTa,42
14182,0,3.857893534586765e-05,0,0.019570925940085426,model::deberta,DeBERTa,42
1866,0,3.622291478677653e-05,0,0.019570925940085426,model::deberta,DeBERTa,42
5840,1,3.623504380811937e-05,0,0.019570925940085426,model::deberta,DeBERTa,42
8508,0,3.636728433775716e-05,0,0.019570925940085426,model::deberta,DeBERTa,42
16600,0,4.088338391738944e-05,0,0.019570925940085426,model::deberta,DeBERTa,42
12136,1,3.703643596963957e-05,0,0.019570925940085426,model::deberta,DeBERTa,42
15175,1,3.794530130107887e-05,0,0.019570925940085426,model::deberta,DeBERTa,42
1171,0,3.785941589740105e-05,0,0.019570925940085426,model::deberta,DeBERTa,42
10626,0,3.484748231130652e-05,0,0.019570925940085426,model::deberta,DeBERTa,42
17816,0,3.757082231459208e-05,0,0.019570925940085426,model::deberta,DeBERTa,42
7438,1,3.796875171246938e-05,0,0.019570925940085426,model::deberta,DeBERTa,42
4132,1,3.689106597448699e-05,0,0.019570925940085426,model::deberta,DeBERTa,42
12929,0,4.223609721520916e-05,0,0.019570925940085426,model::deberta,DeBERTa,42
17018,1,3.735710561159067e-05,0,0.019570925940085426,model::deberta,DeBERTa,42
14608,0,3.915794150088914e-05,0,0.019570925940085426,model::deberta,DeBERTa,42
16274,0,3.690147786983289e-05,0,0.019570925940085426,model::deberta,DeBERTa,42
2408,0,4.001214256277308e-05,0,0.019570925940085426,model::deberta,DeBERTa,42
7731,0,3.572200512280688e-05,0,0.019570925940085426,model::deberta,DeBERTa,42
1204,1,4.535295374807902e-05,0,0.019570925940085426,model::deberta,DeBERTa,42
15159,1,3.5175889934180304e-05,0,0.019570925940085426,model::deberta,DeBERTa,42
13621,0,3.438169005676173e-05,0,0.019570925940085426,model::deberta,DeBERTa,42
1729,0,3.794363510678522e-05,0,0.019570925940085426,model::deberta,DeBERTa,42
16466,0,3.539889439707622e-05,0,0.019570925940085426,model::deberta,DeBERTa,42
1197,1,3.760107574635185e-05,0,0.019570925940085426,model::deberta,DeBERTa,42
14491,0,3.558497701305896e-05,0,0.019570925940085426,model::deberta,DeBERTa,42
3338,1,3.453092722338624e-05,0,0.019570925940085426,model::deberta,DeBERTa,42
3165,1,3.609216219047085e-05,0,0.019570925940085426,model::deberta,DeBERTa,42
3852,0,0.9991412162780762,1,0.019570925940085426,model::deberta,DeBERTa,42
16232,1,3.4360575227765366e-05,0,0.019570925940085426,model::deberta,DeBERTa,42
3551,1,3.676182677736506e-05,0,0.019570925940085426,model::deberta,DeBERTa,42
18200,1,3.8728670915588737e-05,0,0.019570925940085426,model::deberta,DeBERTa,42
1750,1,3.4209944715257734e-05,0,0.019570925940085426,model::deberta,DeBERTa,42
13356,1,3.738450686796568e-05,0,0.019570925940085426,model::deberta,DeBERTa,42
14029,0,3.817283140961081e-05,0,0.019570925940085426,model::deberta,DeBERTa,42
15702,1,3.87510190194007e-05,0,0.019570925940085426,model::deberta,DeBERTa,42
6671,0,3.5205692256568e-05,0,0.019570925940085426,model::deberta,DeBERTa,42
1598,1,3.7530859117396176e-05,0,0.019570925940085426,model::deberta,DeBERTa,42
14361,0,3.887601997121237e-05,0,0.019570925940085426,model::deberta,DeBERTa,42
8832,0,3.5549270251067355e-05,0,0.019570925940085426,model::deberta,DeBERTa,42
9975,1,3.680384543258697e-05,0,0.019570925940085426,model::deberta,DeBERTa,42
13954,0,3.358647518325597e-05,0,0.019570925940085426,model::deberta,DeBERTa,42
9267,0,4.7384019126184285e-05,0,0.019570925940085426,model::deberta,DeBERTa,42
13091,1,3.639233182184398e-05,0,0.019570925940085426,model::deberta,DeBERTa,42
17553,1,3.553472924977541e-05,0,0.019570925940085426,model::deberta,DeBERTa,42
11555,0,3.829804336419329e-05,0,0.019570925940085426,model::deberta,DeBERTa,42
11748,1,3.4697695809882134e-05,0,0.019570925940085426,model::deberta,DeBERTa,42
10804,0,3.515687421895564e-05,0,0.019570925940085426,model::deberta,DeBERTa,42
12854,0,4.143966725678183e-05,0,0.019570925940085426,model::deberta,DeBERTa,42
16115,0,3.760419713216834e-05,0,0.019570925940085426,model::deberta,DeBERTa,42
7308,1,3.573522553779185e-05,0,0.019570925940085426,model::deberta,DeBERTa,42
6556,1,3.6891135096084327e-05,0,0.019570925940085426,model::deberta,DeBERTa,42
14549,1,4.187761805951595e-05,0,0.019570925940085426,model::deberta,DeBERTa,42
6787,0,3.916424975614064e-05,0,0.019570925940085426,model::deberta,DeBERTa,42
11776,0,4.170418105786666e-05,0,0.019570925940085426,model::deberta,DeBERTa,42
9577,0,4.539985820883885e-05,0,0.019570925940085426,model::deberta,DeBERTa,42
19107,0,3.736494545591995e-05,0,0.019570925940085426,model::deberta,DeBERTa,42
3818,0,3.606161044444889e-05,0,0.019570925940085426,model::deberta,DeBERTa,42
6319,0,3.3829557651188225e-05,0,0.019570925940085426,model::deberta,DeBERTa,42
7931,1,3.78149634343572e-05,0,0.019570925940085426,model::deberta,DeBERTa,42
18516,1,3.599358387873508e-05,0,0.019570925940085426,model::deberta,DeBERTa,42
19974,1,3.893463872373104e-05,0,0.019570925940085426,model::deberta,DeBERTa,42
8003,1,3.6286812246544287e-05,0,0.019570925940085426,model::deberta,DeBERTa,42
14855,1,3.698448199429549e-05,0,0.019570925940085426,model::deberta,DeBERTa,42
935,0,3.405270035727881e-05,0,0.019570925940085426,model::deberta,DeBERTa,42
3623,1,3.910278974217363e-05,0,0.019570925940085426,model::deberta,DeBERTa,42
2857,0,3.422577356104739e-05,0,0.019570925940085426,model::deberta,DeBERTa,42
15100,1,3.848318010568619e-05,0,0.019570925940085426,model::deberta,DeBERTa,42
12647,1,3.568809188436717e-05,0,0.019570925940085426,model::deberta,DeBERTa,42
16571,0,3.596990791265853e-05,0,0.019570925940085426,model::deberta,DeBERTa,42
18098,1,3.899189687217586e-05,0,0.019570925940085426,model::deberta,DeBERTa,42
18736,1,3.5863246012013406e-05,0,0.019570925940085426,model::deberta,DeBERTa,42
8920,1,3.678384746308439e-05,0,0.019570925940085426,model::deberta,DeBERTa,42
11186,1,3.672678576549515e-05,0,0.019570925940085426,model::deberta,DeBERTa,42
15711,1,3.683861359604634e-05,0,0.019570925940085426,model::deberta,DeBERTa,42
5958,1,3.659683352452703e-05,0,0.019570925940085426,model::deberta,DeBERTa,42
7558,0,4.267252734280192e-05,0,0.019570925940085426,model::deberta,DeBERTa,42
20149,1,3.806562745012343e-05,0,0.019570925940085426,model::deberta,DeBERTa,42
9778,0,0.0020810072310268,0,0.019570925940085426,model::deberta,DeBERTa,42
8502,1,3.5563207347877324e-05,0,0.019570925940085426,model::deberta,DeBERTa,42
1642,1,3.732355980901048e-05,0,0.019570925940085426,model::deberta,DeBERTa,42
21039,0,3.495181954349391e-05,0,0.019570925940085426,model::deberta,DeBERTa,42
11515,0,6.0157119150972e-05,0,0.019570925940085426,model::deberta,DeBERTa,42
5310,0,3.402277434361167e-05,0,0.019570925940085426,model::deberta,DeBERTa,42
20759,0,3.696477506309748e-05,0,0.019570925940085426,model::deberta,DeBERTa,42
12683,0,3.516398282954469e-05,0,0.019570925940085426,model::deberta,DeBERTa,42
5142,0,3.623179509304464e-05,0,0.019570925940085426,model::deberta,DeBERTa,42
11672,1,3.585609738365747e-05,0,0.019570925940085426,model::deberta,DeBERTa,42
6976,1,3.86032261303626e-05,0,0.019570925940085426,model::deberta,DeBERTa,42
10148,0,3.4659366065170616e-05,0,0.019570925940085426,model::deberta,DeBERTa,42
18578,0,3.73133116227109e-05,0,0.019570925940085426,model::deberta,DeBERTa,42
19362,1,3.55133815901354e-05,0,0.019570925940085426,model::deberta,DeBERTa,42
5241,1,3.752348857233301e-05,0,0.019570925940085426,model::deberta,DeBERTa,42
664,0,3.373329673195258e-05,0,0.019570925940085426,model::deberta,DeBERTa,42
12453,0,3.3921172871487215e-05,0,0.019570925940085426,model::deberta,DeBERTa,42
2205,1,3.694922997965477e-05,0,0.019570925940085426,model::deberta,DeBERTa,42
9896,0,3.5486838896758854e-05,0,0.019570925940085426,model::deberta,DeBERTa,42
15733,0,4.123924736632034e-05,0,0.019570925940085426,model::deberta,DeBERTa,42
6070,0,3.968908640672453e-05,0,0.019570925940085426,model::deberta,DeBERTa,42
3994,0,4.291988807381131e-05,0,0.019570925940085426,model::deberta,DeBERTa,42
11962,0,3.510106398607604e-05,0,0.019570925940085426,model::deberta,DeBERTa,42
13923,0,3.552425550878979e-05,0,0.019570925940085426,model::deberta,DeBERTa,42
3512,0,3.874857793562114e-05,0,0.019570925940085426,model::deberta,DeBERTa,42
8737,0,3.6013705539517105e-05,0,0.019570925940085426,model::deberta,DeBERTa,42
17758,1,3.774787546717562e-05,0,0.019570925940085426,model::deberta,DeBERTa,42
11250,1,3.4494034480303526e-05,0,0.019570925940085426,model::deberta,DeBERTa,42
8102,0,3.981847476097755e-05,0,0.019570925940085426,model::deberta,DeBERTa,42
3614,0,3.6712008295580745e-05,0,0.019570925940085426,model::deberta,DeBERTa,42
6659,1,3.614837987697683e-05,0,0.019570925940085426,model::deberta,DeBERTa,42
12125,0,4.09899657825008e-05,0,0.019570925940085426,model::deberta,DeBERTa,42
13471,1,3.588520849007182e-05,0,0.019570925940085426,model::deberta,DeBERTa,42
5246,0,3.487237700028345e-05,0,0.019570925940085426,model::deberta,DeBERTa,42
2612,1,3.7854868423892185e-05,0,0.019570925940085426,model::deberta,DeBERTa,42
16686,1,3.489992377581075e-05,0,0.019570925940085426,model::deberta,DeBERTa,42
4569,0,3.542259946698323e-05,0,0.019570925940085426,model::deberta,DeBERTa,42
16586,1,3.676891356008127e-05,0,0.019570925940085426,model::deberta,DeBERTa,42
9777,0,3.666953125502914e-05,0,0.019570925940085426,model::deberta,DeBERTa,42
10194,1,3.617238326114602e-05,0,0.019570925940085426,model::deberta,DeBERTa,42
13439,0,6.719782686559483e-05,0,0.019570925940085426,model::deberta,DeBERTa,42
12371,1,3.550437395460904e-05,0,0.019570925940085426,model::deberta,DeBERTa,42
20902,0,3.639194983406924e-05,0,0.019570925940085426,model::deberta,DeBERTa,42
7768,1,3.745063077076338e-05,0,0.019570925940085426,model::deberta,DeBERTa,42
2321,1,3.642601222964004e-05,0,0.019570925940085426,model::deberta,DeBERTa,42
11714,0,3.497365833027288e-05,0,0.019570925940085426,model::deberta,DeBERTa,42
3655,0,3.753408236661926e-05,0,0.019570925940085426,model::deberta,DeBERTa,42
19633,0,3.830384957836941e-05,0,0.019570925940085426,model::deberta,DeBERTa,42
2593,0,3.505409404169768e-05,0,0.019570925940085426,model::deberta,DeBERTa,42
5964,0,3.51690141542349e-05,0,0.019570925940085426,model::deberta,DeBERTa,42
11822,0,3.4586690162541345e-05,0,0.019570925940085426,model::deberta,DeBERTa,42
12791,1,4.087941124453209e-05,0,0.019570925940085426,model::deberta,DeBERTa,42
3841,0,3.988604294136167e-05,0,0.019570925940085426,model::deberta,DeBERTa,42
15763,0,3.920961535186507e-05,0,0.019570925940085426,model::deberta,DeBERTa,42
9129,1,3.889648723998107e-05,0,0.019570925940085426,model::deberta,DeBERTa,42
13046,1,3.719943924807012e-05,0,0.019570925940085426,model::deberta,DeBERTa,42
1847,0,3.518350422382355e-05,0,0.019570925940085426,model::deberta,DeBERTa,42
8591,1,3.696071871672757e-05,0,0.019570925940085426,model::deberta,DeBERTa,42
3209,0,3.3650376281002536e-05,0,0.019570925940085426,model::deberta,DeBERTa,42
11566,0,3.5102337278658524e-05,0,0.019570925940085426,model::deberta,DeBERTa,42
18276,1,3.7592541048070416e-05,0,0.019570925940085426,model::deberta,DeBERTa,42
21121,0,3.460430889390409e-05,0,0.019570925940085426,model::deberta,DeBERTa,42
19671,0,3.494395423331298e-05,0,0.019570925940085426,model::deberta,DeBERTa,42
729,1,3.5170422052033246e-05,0,0.019570925940085426,model::deberta,DeBERTa,42
17129,0,3.517709410516545e-05,0,0.019570925940085426,model::deberta,DeBERTa,42
12185,1,3.54129406332504e-05,0,0.019570925940085426,model::deberta,DeBERTa,42
1996,0,3.42071070917882e-05,0,0.019570925940085426,model::deberta,DeBERTa,42
18477,0,4.1614039218984544e-05,0,0.019570925940085426,model::deberta,DeBERTa,42
13495,0,3.5669108910951763e-05,0,0.019570925940085426,model::deberta,DeBERTa,42
3467,1,3.575110895326361e-05,0,0.019570925940085426,model::deberta,DeBERTa,42
3100,1,3.732825643965043e-05,0,0.019570925940085426,model::deberta,DeBERTa,42
19006,0,3.4399392461637035e-05,0,0.019570925940085426,model::deberta,DeBERTa,42
2734,0,3.480486702756025e-05,0,0.019570925940085426,model::deberta,DeBERTa,42
7923,1,3.787877358263359e-05,0,0.019570925940085426,model::deberta,DeBERTa,42
14593,1,3.569374166545458e-05,0,0.019570925940085426,model::deberta,DeBERTa,42
315,1,3.6744932003784925e-05,0,0.019570925940085426,model::deberta,DeBERTa,42
18937,0,3.837382610072382e-05,0,0.019570925940085426,model::deberta,DeBERTa,42
7718,1,3.509905582177453e-05,0,0.019570925940085426,model::deberta,DeBERTa,42
9619,1,3.439099600655027e-05,0,0.019570925940085426,model::deberta,DeBERTa,42
6986,1,3.732936238520779e-05,0,0.019570925940085426,model::deberta,DeBERTa,42
17354,1,3.8155685615492985e-05,0,0.019570925940085426,model::deberta,DeBERTa,42
16941,0,3.330395702505484e-05,0,0.019570925940085426,model::deberta,DeBERTa,42
13328,1,3.670017758850008e-05,0,0.019570925940085426,model::deberta,DeBERTa,42
10753,1,4.592729237629101e-05,0,0.019570925940085426,model::deberta,DeBERTa,42
730,1,3.6237426684238017e-05,0,0.019570925940085426,model::deberta,DeBERTa,42
15496,1,3.551460395101458e-05,0,0.019570925940085426,model::deberta,DeBERTa,42
9203,1,3.537027805577964e-05,0,0.019570925940085426,model::deberta,DeBERTa,42
9971,1,3.6979861761210486e-05,0,0.019570925940085426,model::deberta,DeBERTa,42
14137,1,3.941333488910459e-05,0,0.019570925940085426,model::deberta,DeBERTa,42
20659,1,4.031096250400879e-05,0,0.019570925940085426,model::deberta,DeBERTa,42
1737,1,4.345947309047915e-05,0,0.019570925940085426,model::deberta,DeBERTa,42
18365,1,3.5999557439936325e-05,0,0.019570925940085426,model::deberta,DeBERTa,42
16948,1,3.686258060042746e-05,0,0.019570925940085426,model::deberta,DeBERTa,42
4209,1,3.580590782803483e-05,0,0.019570925940085426,model::deberta,DeBERTa,42
11255,0,3.65773266821634e-05,0,0.019570925940085426,model::deberta,DeBERTa,42
4818,0,3.439827560214326e-05,0,0.019570925940085426,model::deberta,DeBERTa,42
16989,0,3.531399488565512e-05,0,0.019570925940085426,model::deberta,DeBERTa,42
13822,1,3.695113264257088e-05,0,0.019570925940085426,model::deberta,DeBERTa,42
18218,0,3.502916661091149e-05,0,0.019570925940085426,model::deberta,DeBERTa,42
11069,0,3.82666039513424e-05,0,0.019570925940085426,model::deberta,DeBERTa,42
16576,1,3.6793215258512646e-05,0,0.019570925940085426,model::deberta,DeBERTa,42
14690,1,3.5291574022267014e-05,0,0.019570925940085426,model::deberta,DeBERTa,42
7545,0,3.706403003889136e-05,0,0.019570925940085426,model::deberta,DeBERTa,42
11793,0,3.390367783140391e-05,0,0.019570925940085426,model::deberta,DeBERTa,42
11185,1,3.864514292217791e-05,0,0.019570925940085426,model::deberta,DeBERTa,42
14124,0,3.439788270043209e-05,0,0.019570925940085426,model::deberta,DeBERTa,42
20861,0,3.483316322672181e-05,0,0.019570925940085426,model::deberta,DeBERTa,42
11618,0,3.5956665669800714e-05,0,0.019570925940085426,model::deberta,DeBERTa,42
744,1,3.438083513174206e-05,0,0.019570925940085426,model::deberta,DeBERTa,42
261,0,3.479083170532249e-05,0,0.019570925940085426,model::deberta,DeBERTa,42
11958,0,6.856238178443164e-05,0,0.019570925940085426,model::deberta,DeBERTa,42
12663,1,5.1810267905239016e-05,0,0.019570925940085426,model::deberta,DeBERTa,42
5696,1,3.780461702262983e-05,0,0.019570925940085426,model::deberta,DeBERTa,42
7908,1,3.633625965449028e-05,0,0.019570925940085426,model::deberta,DeBERTa,42
16295,0,3.5630891943583265e-05,0,0.019570925940085426,model::deberta,DeBERTa,42
254,1,0.001784989493899,0,0.019570925940085426,model::deberta,DeBERTa,42
5340,1,5.641900861519389e-05,0,0.019570925940085426,model::deberta,DeBERTa,42
8001,0,3.502402250887826e-05,0,0.019570925940085426,model::deberta,DeBERTa,42
7354,1,3.803340223385021e-05,0,0.019570925940085426,model::deberta,DeBERTa,42
7138,1,3.7707439332734793e-05,0,0.019570925940085426,model::deberta,DeBERTa,42
8105,1,3.8147318264236674e-05,0,0.019570925940085426,model::deberta,DeBERTa,42
6579,0,3.93301306758076e-05,0,0.019570925940085426,model::deberta,DeBERTa,42
7934,1,3.44973559549544e-05,0,0.019570925940085426,model::deberta,DeBERTa,42
8606,1,3.4446402423782274e-05,0,0.019570925940085426,model::deberta,DeBERTa,42
7600,0,3.6732497392222285e-05,0,0.019570925940085426,model::deberta,DeBERTa,42
16101,1,3.518974335747771e-05,0,0.019570925940085426,model::deberta,DeBERTa,42
1203,0,3.536488293320872e-05,0,0.019570925940085426,model::deberta,DeBERTa,42
5057,0,3.718805237440392e-05,0,0.019570925940085426,model::deberta,DeBERTa,42
12089,0,3.635403845692053e-05,0,0.019570925940085426,model::deberta,DeBERTa,42
4527,1,3.770182593143545e-05,0,0.019570925940085426,model::deberta,DeBERTa,42
9382,1,3.545159779605456e-05,0,0.019570925940085426,model::deberta,DeBERTa,42
13521,1,4.281495057512075e-05,0,0.019570925940085426,model::deberta,DeBERTa,42
3108,1,3.655086038634181e-05,0,0.019570925940085426,model::deberta,DeBERTa,42
8712,0,4.274339153198525e-05,0,0.019570925940085426,model::deberta,DeBERTa,42
19949,1,6.461235170718282e-05,0,0.019570925940085426,model::deberta,DeBERTa,42
577,1,3.778778045671061e-05,0,0.019570925940085426,model::deberta,DeBERTa,42
2039,0,3.433974416111596e-05,0,0.019570925940085426,model::deberta,DeBERTa,42
17193,0,3.364668373251334e-05,0,0.019570925940085426,model::deberta,DeBERTa,42
14350,1,3.653581006801687e-05,0,0.019570925940085426,model::deberta,DeBERTa,42
19730,1,3.877693598042242e-05,0,0.019570925940085426,model::deberta,DeBERTa,42
20960,1,3.804678999586031e-05,0,0.019570925940085426,model::deberta,DeBERTa,42
2547,1,4.353248004917987e-05,0,0.019570925940085426,model::deberta,DeBERTa,42
13601,0,3.860263677779585e-05,0,0.019570925940085426,model::deberta,DeBERTa,42
5423,0,3.39189064106904e-05,0,0.019570925940085426,model::deberta,DeBERTa,42
13210,0,3.5944292903877795e-05,0,0.019570925940085426,model::deberta,DeBERTa,42
18396,1,3.8027239497751e-05,0,0.019570925940085426,model::deberta,DeBERTa,42
6019,0,3.615093010012061e-05,0,0.019570925940085426,model::deberta,DeBERTa,42
2872,0,3.752584962057881e-05,0,0.019570925940085426,model::deberta,DeBERTa,42
6204,0,3.798062971327454e-05,0,0.019570925940085426,model::deberta,DeBERTa,42
9717,1,3.667001874418929e-05,0,0.019570925940085426,model::deberta,DeBERTa,42
3733,0,3.607000326155685e-05,0,0.019570925940085426,model::deberta,DeBERTa,42
3150,1,3.7824884202564135e-05,0,0.019570925940085426,model::deberta,DeBERTa,42
12007,0,3.7251869798637927e-05,0,0.019570925940085426,model::deberta,DeBERTa,42
20412,0,3.604840821935795e-05,0,0.019570925940085426,model::deberta,DeBERTa,42
10966,1,3.472546814009547e-05,0,0.019570925940085426,model::deberta,DeBERTa,42
15297,1,3.525584907038137e-05,0,0.019570925940085426,model::deberta,DeBERTa,42
8581,0,3.517639197525568e-05,0,0.019570925940085426,model::deberta,DeBERTa,42
9247,1,3.68262808478903e-05,0,0.019570925940085426,model::deberta,DeBERTa,42
20802,1,4.949386857333593e-05,0,0.019570925940085426,model::deberta,DeBERTa,42
11856,0,3.904998447978869e-05,0,0.019570925940085426,model::deberta,DeBERTa,42
16750,0,3.411393481655978e-05,0,0.019570925940085426,model::deberta,DeBERTa,42
14447,1,3.545836079865694e-05,0,0.019570925940085426,model::deberta,DeBERTa,42
599,1,3.91658213629853e-05,0,0.019570925940085426,model::deberta,DeBERTa,42
19339,1,6.917069549672306e-05,0,0.019570925940085426,model::deberta,DeBERTa,42
20904,0,3.790898335864768e-05,0,0.019570925940085426,model::deberta,DeBERTa,42
18860,1,3.6201639886712655e-05,0,0.019570925940085426,model::deberta,DeBERTa,42
7349,0,3.844232196570374e-05,0,0.019570925940085426,model::deberta,DeBERTa,42
12739,0,3.847011976176873e-05,0,0.019570925940085426,model::deberta,DeBERTa,42
1732,0,3.4622265957295895e-05,0,0.019570925940085426,model::deberta,DeBERTa,42
9070,1,3.711811586981639e-05,0,0.019570925940085426,model::deberta,DeBERTa,42
20274,0,3.713928163051605e-05,0,0.019570925940085426,model::deberta,DeBERTa,42
16439,1,3.528107481542975e-05,0,0.019570925940085426,model::deberta,DeBERTa,42
9723,0,3.930680759367533e-05,0,0.019570925940085426,model::deberta,DeBERTa,42
15367,0,4.2909945477731526e-05,0,0.019570925940085426,model::deberta,DeBERTa,42
21113,0,3.596973328967579e-05,0,0.019570925940085426,model::deberta,DeBERTa,42
12151,1,3.74018018192146e-05,0,0.019570925940085426,model::deberta,DeBERTa,42
4476,1,3.767400630749762e-05,0,0.019570925940085426,model::deberta,DeBERTa,42
8093,1,3.611608917708509e-05,0,0.019570925940085426,model::deberta,DeBERTa,42
6237,0,3.5352677514310926e-05,0,0.019570925940085426,model::deberta,DeBERTa,42
19531,1,3.4277578379260376e-05,0,0.019570925940085426,model::deberta,DeBERTa,42
5192,0,3.34789656335488e-05,0,0.019570925940085426,model::deberta,DeBERTa,42
16725,1,3.6676734453067183e-05,0,0.019570925940085426,model::deberta,DeBERTa,42
7744,1,3.725528222275898e-05,0,0.019570925940085426,model::deberta,DeBERTa,42
9746,0,3.681392263388261e-05,0,0.019570925940085426,model::deberta,DeBERTa,42
2397,1,4.0543505747336894e-05,0,0.019570925940085426,model::deberta,DeBERTa,42
3746,0,3.540638863341883e-05,0,0.019570925940085426,model::deberta,DeBERTa,42
5190,0,3.529699461068958e-05,0,0.019570925940085426,model::deberta,DeBERTa,42
19360,0,6.548680539708585e-05,0,0.019570925940085426,model::deberta,DeBERTa,42
5879,1,3.775655204663053e-05,0,0.019570925940085426,model::deberta,DeBERTa,42
11527,1,3.725336500792764e-05,0,0.019570925940085426,model::deberta,DeBERTa,42
2187,0,3.37656783813145e-05,0,0.019570925940085426,model::deberta,DeBERTa,42
12869,0,3.961924085160717e-05,0,0.019570925940085426,model::deberta,DeBERTa,42
5091,1,3.59194164047949e-05,0,0.019570925940085426,model::deberta,DeBERTa,42
14152,1,3.979618850280531e-05,0,0.019570925940085426,model::deberta,DeBERTa,42
20776,0,3.669010038720444e-05,0,0.019570925940085426,model::deberta,DeBERTa,42
20518,1,3.804537482210435e-05,0,0.019570925940085426,model::deberta,DeBERTa,42
8641,1,3.611495048971847e-05,0,0.019570925940085426,model::deberta,DeBERTa,42
11128,1,3.719128289958462e-05,0,0.019570925940085426,model::deberta,DeBERTa,42
12306,0,3.688381912070327e-05,0,0.019570925940085426,model::deberta,DeBERTa,42
8675,1,3.67429711332079e-05,0,0.019570925940085426,model::deberta,DeBERTa,42
16643,1,3.632828884292394e-05,0,0.019570925940085426,model::deberta,DeBERTa,42
16124,0,3.396196188987233e-05,0,0.019570925940085426,model::deberta,DeBERTa,42
5838,0,3.438231215113774e-05,0,0.019570925940085426,model::deberta,DeBERTa,42
8821,1,3.713624028023333e-05,0,0.019570925940085426,model::deberta,DeBERTa,42
13942,1,3.6992310924688354e-05,0,0.019570925940085426,model::deberta,DeBERTa,42
7149,1,4.6835535613354295e-05,0,0.019570925940085426,model::deberta,DeBERTa,42
6690,1,3.9924558222992346e-05,0,0.019570925940085426,model::deberta,DeBERTa,42
18207,0,7.189598545664921e-05,0,0.019570925940085426,model::deberta,DeBERTa,42
20961,0,3.913446198566817e-05,0,0.019570925940085426,model::deberta,DeBERTa,42
7895,1,4.188752791378647e-05,0,0.019570925940085426,model::deberta,DeBERTa,42
18853,1,3.771786577999592e-05,0,0.019570925940085426,model::deberta,DeBERTa,42
17705,0,3.49971087416634e-05,0,0.019570925940085426,model::deberta,DeBERTa,42
19169,0,3.7205187254585326e-05,0,0.019570925940085426,model::deberta,DeBERTa,42
17658,1,3.397556793061085e-05,0,0.019570925940085426,model::deberta,DeBERTa,42
13277,0,3.716848368640058e-05,0,0.019570925940085426,model::deberta,DeBERTa,42
20062,1,3.585531158023514e-05,0,0.019570925940085426,model::deberta,DeBERTa,42
16652,1,3.80058481823653e-05,0,0.019570925940085426,model::deberta,DeBERTa,42
11093,0,3.893047687597573e-05,0,0.019570925940085426,model::deberta,DeBERTa,42
12262,0,3.4390537621220574e-05,0,0.019570925940085426,model::deberta,DeBERTa,42
3119,1,3.5687069612322375e-05,0,0.019570925940085426,model::deberta,DeBERTa,42
17297,0,3.4851869713747874e-05,0,0.019570925940085426,model::deberta,DeBERTa,42
10638,1,3.549069879227318e-05,0,0.019570925940085426,model::deberta,DeBERTa,42
2783,1,3.644181924755685e-05,0,0.019570925940085426,model::deberta,DeBERTa,42
14032,0,3.511860631988384e-05,0,0.019570925940085426,model::deberta,DeBERTa,42
14851,0,3.438024577917531e-05,0,0.019570925940085426,model::deberta,DeBERTa,42
12174,0,4.105451444047503e-05,0,0.019570925940085426,model::deberta,DeBERTa,42
2004,1,3.696223575389013e-05,0,0.019570925940085426,model::deberta,DeBERTa,42
18219,1,3.829347770079039e-05,0,0.019570925940085426,model::deberta,DeBERTa,42
8168,0,3.537736483849585e-05,0,0.019570925940085426,model::deberta,DeBERTa,42
20316,0,3.839132114080712e-05,0,0.019570925940085426,model::deberta,DeBERTa,42
4844,0,3.695846680784598e-05,0,0.019570925940085426,model::deberta,DeBERTa,42
11474,1,3.778108293772675e-05,0,0.019570925940085426,model::deberta,DeBERTa,42
10047,0,3.34342330461368e-05,0,0.019570925940085426,model::deberta,DeBERTa,42
5861,1,3.793437281274237e-05,0,0.019570925940085426,model::deberta,DeBERTa,42
9226,1,3.5007593396585435e-05,0,0.019570925940085426,model::deberta,DeBERTa,42
20898,0,3.378068868187256e-05,0,0.019570925940085426,model::deberta,DeBERTa,42
569,0,3.735903010237962e-05,0,0.019570925940085426,model::deberta,DeBERTa,42
4565,0,3.783740248763934e-05,0,0.019570925940085426,model::deberta,DeBERTa,42
7145,1,3.509597445372492e-05,0,0.019570925940085426,model::deberta,DeBERTa,42
11649,1,3.556998854037374e-05,0,0.019570925940085426,model::deberta,DeBERTa,42
13929,1,3.505877612042241e-05,0,0.019570925940085426,model::deberta,DeBERTa,42
3753,1,3.624724558903836e-05,0,0.019570925940085426,model::deberta,DeBERTa,42
15158,1,3.61789352609776e-05,0,0.019570925940085426,model::deberta,DeBERTa,42
16218,1,3.888061473844573e-05,0,0.019570925940085426,model::deberta,DeBERTa,42
20386,1,3.621669748099521e-05,0,0.019570925940085426,model::deberta,DeBERTa,42
17498,0,3.706031930050813e-05,0,0.019570925940085426,model::deberta,DeBERTa,42
2167,0,4.091603113920428e-05,0,0.019570925940085426,model::deberta,DeBERTa,42
2243,0,0.0002625600609462,0,0.019570925940085426,model::deberta,DeBERTa,42
10786,0,3.71146816178225e-05,0,0.019570925940085426,model::deberta,DeBERTa,42
3657,0,0.0005789158167317,0,0.019570925940085426,model::deberta,DeBERTa,42
3062,1,3.701807509060018e-05,0,0.019570925940085426,model::deberta,DeBERTa,42
4628,0,3.831634603557177e-05,0,0.019570925940085426,model::deberta,DeBERTa,42
9579,1,3.645453762146644e-05,0,0.019570925940085426,model::deberta,DeBERTa,42
2333,1,3.944311174564064e-05,0,0.019570925940085426,model::deberta,DeBERTa,42
20319,0,3.473868491710164e-05,0,0.019570925940085426,model::deberta,DeBERTa,42
16926,1,3.688301148940809e-05,0,0.019570925940085426,model::deberta,DeBERTa,42
6800,1,3.563945574569516e-05,0,0.019570925940085426,model::deberta,DeBERTa,42
5003,0,4.050432107760571e-05,0,0.019570925940085426,model::deberta,DeBERTa,42
12074,1,3.799084515776485e-05,0,0.019570925940085426,model::deberta,DeBERTa,42
6804,0,3.356444722157903e-05,0,0.019570925940085426,model::deberta,DeBERTa,42
10891,1,3.639615169959143e-05,0,0.019570925940085426,model::deberta,DeBERTa,42
12606,1,3.6248624383006245e-05,0,0.019570925940085426,model::deberta,DeBERTa,42
4490,0,3.78644690499641e-05,0,0.019570925940085426,model::deberta,DeBERTa,42
9963,1,3.681146336020902e-05,0,0.019570925940085426,model::deberta,DeBERTa,42
3158,0,3.761842890526168e-05,0,0.019570925940085426,model::deberta,DeBERTa,42
16831,1,3.66111817129422e-05,0,0.019570925940085426,model::deberta,DeBERTa,42
2875,1,3.4921831684187055e-05,0,0.019570925940085426,model::deberta,DeBERTa,42
7424,1,3.913498221663758e-05,0,0.019570925940085426,model::deberta,DeBERTa,42
3520,0,3.5631030186777934e-05,0,0.019570925940085426,model::deberta,DeBERTa,42
13077,0,3.694094993988983e-05,0,0.019570925940085426,model::deberta,DeBERTa,42
10020,1,3.470252704573795e-05,0,0.019570925940085426,model::deberta,DeBERTa,42
18236,1,3.676617416203953e-05,0,0.019570925940085426,model::deberta,DeBERTa,42
12740,1,3.7779569538543e-05,0,0.019570925940085426,model::deberta,DeBERTa,42
626,1,3.547317101038061e-05,0,0.019570925940085426,model::deberta,DeBERTa,42
5714,1,3.6402609111974016e-05,0,0.019570925940085426,model::deberta,DeBERTa,42
13642,1,3.449360519880429e-05,0,0.019570925940085426,model::deberta,DeBERTa,42
18508,1,3.479590668575838e-05,0,0.019570925940085426,model::deberta,DeBERTa,42
3639,1,4.069423084729351e-05,0,0.019570925940085426,model::deberta,DeBERTa,42
15024,0,3.3865584555314854e-05,0,0.019570925940085426,model::deberta,DeBERTa,42
15804,1,8.283653005491942e-05,0,0.019570925940085426,model::deberta,DeBERTa,42
614,1,3.5376284358790144e-05,0,0.019570925940085426,model::deberta,DeBERTa,42
21007,0,3.515982098178938e-05,0,0.019570925940085426,model::deberta,DeBERTa,42
48,0,3.51196140400134e-05,0,0.019570925940085426,model::deberta,DeBERTa,42
4659,0,3.356764864292927e-05,0,0.019570925940085426,model::deberta,DeBERTa,42
2451,0,3.549069879227318e-05,0,0.019570925940085426,model::deberta,DeBERTa,42
20014,1,3.585083322832361e-05,0,0.019570925940085426,model::deberta,DeBERTa,42
16523,1,3.947427467210218e-05,0,0.019570925940085426,model::deberta,DeBERTa,42
7588,0,3.631193612818606e-05,0,0.019570925940085426,model::deberta,DeBERTa,42
10690,0,3.764509528991766e-05,0,0.019570925940085426,model::deberta,DeBERTa,42
11707,1,3.5760211176238954e-05,0,0.019570925940085426,model::deberta,DeBERTa,42
7072,0,3.621351788751781e-05,0,0.019570925940085426,model::deberta,DeBERTa,42
2583,1,3.965000360039994e-05,0,0.019570925940085426,model::deberta,DeBERTa,42
14906,1,3.636593100964092e-05,0,0.019570925940085426,model::deberta,DeBERTa,42
7454,1,3.662116796476767e-05,0,0.019570925940085426,model::deberta,DeBERTa,42
8783,1,3.786512024817057e-05,0,0.019570925940085426,model::deberta,DeBERTa,42
6422,0,0.0001095058614737,0,0.019570925940085426,model::deberta,DeBERTa,42
7361,1,3.6572306271409616e-05,0,0.019570925940085426,model::deberta,DeBERTa,42
10470,0,3.795934026129544e-05,0,0.019570925940085426,model::deberta,DeBERTa,42
13196,1,3.732868572114967e-05,0,0.019570925940085426,model::deberta,DeBERTa,42
8823,0,3.6649536923505366e-05,0,0.019570925940085426,model::deberta,DeBERTa,42
13026,0,3.733982885023579e-05,0,0.019570925940085426,model::deberta,DeBERTa,42
6243,1,4.133405673201196e-05,0,0.019570925940085426,model::deberta,DeBERTa,42
11626,0,3.440277214394882e-05,0,0.019570925940085426,model::deberta,DeBERTa,42
4722,0,3.362012284924276e-05,0,0.019570925940085426,model::deberta,DeBERTa,42
9105,0,3.878351708408445e-05,0,0.019570925940085426,model::deberta,DeBERTa,42
7276,1,3.479564475128427e-05,0,0.019570925940085426,model::deberta,DeBERTa,42
13624,0,3.595708039938472e-05,0,0.019570925940085426,model::deberta,DeBERTa,42
1294,0,3.76727148250211e-05,0,0.019570925940085426,model::deberta,DeBERTa,42
2762,1,3.6059889680473134e-05,0,0.019570925940085426,model::deberta,DeBERTa,42
11880,1,3.975875006290153e-05,0,0.019570925940085426,model::deberta,DeBERTa,42
9542,1,3.52932584064547e-05,0,0.019570925940085426,model::deberta,DeBERTa,42
354,1,3.523312625475228e-05,0,0.019570925940085426,model::deberta,DeBERTa,42
11301,0,3.406244650250301e-05,0,0.019570925940085426,model::deberta,DeBERTa,42
20095,0,3.872003071592189e-05,0,0.019570925940085426,model::deberta,DeBERTa,42
17999,1,3.883881072397344e-05,0,0.019570925940085426,model::deberta,DeBERTa,42
2645,1,3.424049646127969e-05,0,0.019570925940085426,model::deberta,DeBERTa,42
2234,1,3.4760851121973246e-05,0,0.019570925940085426,model::deberta,DeBERTa,42
11688,1,3.693309554364532e-05,0,0.019570925940085426,model::deberta,DeBERTa,42
10725,0,3.775154618779197e-05,0,0.019570925940085426,model::deberta,DeBERTa,42
6916,0,3.6832745536230505e-05,0,0.019570925940085426,model::deberta,DeBERTa,42
9011,1,3.798345642280765e-05,0,0.019570925940085426,model::deberta,DeBERTa,42
18464,0,3.668604040285573e-05,0,0.019570925940085426,model::deberta,DeBERTa,42
19953,0,3.578903852030635e-05,0,0.019570925940085426,model::deberta,DeBERTa,42
8233,0,3.372731589479372e-05,0,0.019570925940085426,model::deberta,DeBERTa,42
3981,0,3.7777586840093136e-05,0,0.019570925940085426,model::deberta,DeBERTa,42
9752,1,3.722822293639183e-05,0,0.019570925940085426,model::deberta,DeBERTa,42
4575,0,3.607963662943803e-05,0,0.019570925940085426,model::deberta,DeBERTa,42
14558,0,3.4470194805180654e-05,0,0.019570925940085426,model::deberta,DeBERTa,42
11928,0,3.6432367778616026e-05,0,0.019570925940085426,model::deberta,DeBERTa,42
4444,0,3.495344935799949e-05,0,0.019570925940085426,model::deberta,DeBERTa,42
18467,1,3.612111686379649e-05,0,0.019570925940085426,model::deberta,DeBERTa,42
7606,0,3.676971755339764e-05,0,0.019570925940085426,model::deberta,DeBERTa,42
18410,1,3.8342219340847805e-05,0,0.019570925940085426,model::deberta,DeBERTa,42
17983,1,5.3867624956183136e-05,0,0.019570925940085426,model::deberta,DeBERTa,42
15930,1,3.5314264096086845e-05,0,0.019570925940085426,model::deberta,DeBERTa,42
7429,0,3.422165900701657e-05,0,0.019570925940085426,model::deberta,DeBERTa,42
7104,0,3.5729088267544284e-05,0,0.019570925940085426,model::deberta,DeBERTa,42
18949,1,3.664757605292834e-05,0,0.019570925940085426,model::deberta,DeBERTa,42
10732,1,3.627477053669281e-05,0,0.019570925940085426,model::deberta,DeBERTa,42
10381,1,3.644501703092829e-05,0,0.019570925940085426,model::deberta,DeBERTa,42
17604,0,3.466805719654076e-05,0,0.019570925940085426,model::deberta,DeBERTa,42
16909,1,4.004306538263336e-05,0,0.019570925940085426,model::deberta,DeBERTa,42
18975,1,3.725947317434475e-05,0,0.019570925940085426,model::deberta,DeBERTa,42
7951,1,3.771053161472082e-05,0,0.019570925940085426,model::deberta,DeBERTa,42
10647,0,4.169113890384324e-05,0,0.019570925940085426,model::deberta,DeBERTa,42
11217,0,6.187157850945368e-05,0,0.019570925940085426,model::deberta,DeBERTa,42
4794,0,4.1551182221155614e-05,0,0.019570925940085426,model::deberta,DeBERTa,42
17644,1,3.884625766659156e-05,0,0.019570925940085426,model::deberta,DeBERTa,42
10081,1,3.929245212930255e-05,0,0.019570925940085426,model::deberta,DeBERTa,42
16527,0,3.460487278061919e-05,0,0.019570925940085426,model::deberta,DeBERTa,42
18750,1,3.7232195609249175e-05,0,0.019570925940085426,model::deberta,DeBERTa,42
15382,1,3.5330198443261907e-05,0,0.019570925940085426,model::deberta,DeBERTa,42
4640,1,3.704106347868219e-05,0,0.019570925940085426,model::deberta,DeBERTa,42
4407,0,3.627546539064497e-05,0,0.019570925940085426,model::deberta,DeBERTa,42
19782,0,3.892453605658375e-05,0,0.019570925940085426,model::deberta,DeBERTa,42
14288,1,3.6184039345243946e-05,0,0.019570925940085426,model::deberta,DeBERTa,42
1967,0,5.647347643389367e-05,0,0.019570925940085426,model::deberta,DeBERTa,42
9658,0,3.811429996858351e-05,0,0.019570925940085426,model::deberta,DeBERTa,42
4808,0,0.0003156237653456,0,0.019570925940085426,model::deberta,DeBERTa,42
5494,0,8.191049710148945e-05,0,0.019570925940085426,model::deberta,DeBERTa,42
20622,0,3.7821744626853615e-05,0,0.019570925940085426,model::deberta,DeBERTa,42
7209,0,3.437218038015999e-05,0,0.019570925940085426,model::deberta,DeBERTa,42
10074,1,3.664848918560892e-05,0,0.019570925940085426,model::deberta,DeBERTa,42
8835,0,3.390849815332331e-05,0,0.019570925940085426,model::deberta,DeBERTa,42
8186,0,3.602270589908585e-05,0,0.019570925940085426,model::deberta,DeBERTa,42
6294,1,3.664688119897619e-05,0,0.019570925940085426,model::deberta,DeBERTa,42
5954,1,3.6659355828305706e-05,0,0.019570925940085426,model::deberta,DeBERTa,42
20302,0,3.464644032646902e-05,0,0.019570925940085426,model::deberta,DeBERTa,42
10236,1,3.637848567450419e-05,0,0.019570925940085426,model::deberta,DeBERTa,42
11945,0,3.6637440643971786e-05,0,0.019570925940085426,model::deberta,DeBERTa,42
12336,0,3.442981687840074e-05,0,0.019570925940085426,model::deberta,DeBERTa,42
9515,1,3.811618807958439e-05,0,0.019570925940085426,model::deberta,DeBERTa,42
8018,0,3.413147715036757e-05,0,0.019570925940085426,model::deberta,DeBERTa,42
12779,0,3.503544576233253e-05,0,0.019570925940085426,model::deberta,DeBERTa,42
17947,0,3.691214078571648e-05,0,0.019570925940085426,model::deberta,DeBERTa,42
18792,1,3.9807462599128485e-05,0,0.019570925940085426,model::deberta,DeBERTa,42
18321,1,3.708266376634128e-05,0,0.019570925940085426,model::deberta,DeBERTa,42
10611,1,3.715763523359783e-05,0,0.019570925940085426,model::deberta,DeBERTa,42
16529,0,3.555818693712354e-05,0,0.019570925940085426,model::deberta,DeBERTa,42
20670,0,4.150825770921074e-05,0,0.019570925940085426,model::deberta,DeBERTa,42
2198,1,3.7473208067240193e-05,0,0.019570925940085426,model::deberta,DeBERTa,42
14419,1,3.551134795998223e-05,0,0.019570925940085426,model::deberta,DeBERTa,42
17089,0,3.571052366169169e-05,0,0.019570925940085426,model::deberta,DeBERTa,42
5803,1,0.0001255928218597,0,0.019570925940085426,model::deberta,DeBERTa,42
11159,1,3.847224434139207e-05,0,0.019570925940085426,model::deberta,DeBERTa,42
4982,1,3.701101741171442e-05,0,0.019570925940085426,model::deberta,DeBERTa,42
18079,0,3.92388719774317e-05,0,0.019570925940085426,model::deberta,DeBERTa,42
3152,1,3.606934842537157e-05,0,0.019570925940085426,model::deberta,DeBERTa,42
2813,0,8.661238825879991e-05,0,0.019570925940085426,model::deberta,DeBERTa,42
2818,1,3.549045868567191e-05,0,0.019570925940085426,model::deberta,DeBERTa,42
9507,1,3.414648745092563e-05,0,0.019570925940085426,model::deberta,DeBERTa,42
5872,1,3.5984798159915954e-05,0,0.019570925940085426,model::deberta,DeBERTa,42
4366,1,3.5825920349452645e-05,0,0.019570925940085426,model::deberta,DeBERTa,42
2432,1,4.546502532321029e-05,0,0.019570925940085426,model::deberta,DeBERTa,42
6574,1,3.866276529151946e-05,0,0.019570925940085426,model::deberta,DeBERTa,42
13861,0,4.1370101826032624e-05,0,0.019570925940085426,model::deberta,DeBERTa,42
18835,0,3.41011218552012e-05,0,0.019570925940085426,model::deberta,DeBERTa,42
1627,1,3.4742264688247815e-05,0,0.019570925940085426,model::deberta,DeBERTa,42
5263,1,4.03494959755335e-05,0,0.019570925940085426,model::deberta,DeBERTa,42
14743,1,3.707014548126608e-05,0,0.019570925940085426,model::deberta,DeBERTa,42
7814,0,3.5676999686984345e-05,0,0.019570925940085426,model::deberta,DeBERTa,42
14849,1,3.864466634695418e-05,0,0.019570925940085426,model::deberta,DeBERTa,42
8244,0,3.587275568861514e-05,0,0.019570925940085426,model::deberta,DeBERTa,42
12521,1,3.853701855405234e-05,0,0.019570925940085426,model::deberta,DeBERTa,42
19236,1,3.655528780655004e-05,0,0.019570925940085426,model::deberta,DeBERTa,42
559,0,3.997888779849745e-05,0,0.019570925940085426,model::deberta,DeBERTa,42
9711,1,3.505061977193691e-05,0,0.019570925940085426,model::deberta,DeBERTa,42
14318,0,4.715673276223242e-05,0,0.019570925940085426,model::deberta,DeBERTa,42
9456,1,3.3936510590137914e-05,0,0.019570925940085426,model::deberta,DeBERTa,42
221,0,3.887179263983853e-05,0,0.019570925940085426,model::deberta,DeBERTa,42
5404,0,3.734827259904705e-05,0,0.019570925940085426,model::deberta,DeBERTa,42
12978,0,4.071503281011246e-05,0,0.019570925940085426,model::deberta,DeBERTa,42
13785,0,4.219133188598789e-05,0,0.019570925940085426,model::deberta,DeBERTa,42
7045,0,8.260981121566147e-05,0,0.019570925940085426,model::deberta,DeBERTa,42
11761,1,3.6771223676623777e-05,0,0.019570925940085426,model::deberta,DeBERTa,42
10347,0,3.9771075535099953e-05,0,0.019570925940085426,model::deberta,DeBERTa,42
16541,1,3.636849942267872e-05,0,0.019570925940085426,model::deberta,DeBERTa,42
12217,1,3.511023533064872e-05,0,0.019570925940085426,model::deberta,DeBERTa,42
3789,0,3.500271850498393e-05,0,0.019570925940085426,model::deberta,DeBERTa,42
8363,1,3.671550803119317e-05,0,0.019570925940085426,model::deberta,DeBERTa,42
17717,0,3.3781529054977e-05,0,0.019570925940085426,model::deberta,DeBERTa,42
14020,0,3.506268694764003e-05,0,0.019570925940085426,model::deberta,DeBERTa,42
7490,1,3.554848808562383e-05,0,0.019570925940085426,model::deberta,DeBERTa,42
13316,1,3.57856260961853e-05,0,0.019570925940085426,model::deberta,DeBERTa,42
227,0,3.5874090826837346e-05,0,0.019570925940085426,model::deberta,DeBERTa,42
17201,1,3.587857281672768e-05,0,0.019570925940085426,model::deberta,DeBERTa,42
6356,0,3.9884067518869415e-05,0,0.019570925940085426,model::deberta,DeBERTa,42
1016,0,3.487084904918447e-05,0,0.019570925940085426,model::deberta,DeBERTa,42
10615,0,3.349749022163451e-05,0,0.019570925940085426,model::deberta,DeBERTa,42
6432,1,3.633026062743738e-05,0,0.019570925940085426,model::deberta,DeBERTa,42
556,1,3.772793934331276e-05,0,0.019570925940085426,model::deberta,DeBERTa,42
16230,0,3.2024443498812616e-05,0,0.019570925940085426,model::deberta,DeBERTa,42
6959,0,3.745134745258838e-05,0,0.019570925940085426,model::deberta,DeBERTa,42
12216,1,3.6089684726903215e-05,0,0.019570925940085426,model::deberta,DeBERTa,42
12314,1,3.691337406053208e-05,0,0.019570925940085426,model::deberta,DeBERTa,42
4822,0,3.4786022297339514e-05,0,0.019570925940085426,model::deberta,DeBERTa,42
3986,1,3.857033152598888e-05,0,0.019570925940085426,model::deberta,DeBERTa,42
10498,1,3.540378747857176e-05,0,0.019570925940085426,model::deberta,DeBERTa,42
11207,1,3.966482836403884e-05,0,0.019570925940085426,model::deberta,DeBERTa,42
8885,1,3.4686047001741827e-05,0,0.019570925940085426,model::deberta,DeBERTa,42
11347,1,3.559400647645816e-05,0,0.019570925940085426,model::deberta,DeBERTa,42
16177,0,4.09037820645608e-05,0,0.019570925940085426,model::deberta,DeBERTa,42
6396,0,3.890212610713206e-05,0,0.019570925940085426,model::deberta,DeBERTa,42
14011,1,3.6468933103606105e-05,0,0.019570925940085426,model::deberta,DeBERTa,42
8713,0,3.6904682929161936e-05,0,0.019570925940085426,model::deberta,DeBERTa,42
6917,0,3.859174103126861e-05,0,0.019570925940085426,model::deberta,DeBERTa,42
20398,0,3.615182868088596e-05,0,0.019570925940085426,model::deberta,DeBERTa,42
19976,0,3.516046126605943e-05,0,0.019570925940085426,model::deberta,DeBERTa,42
19008,1,3.4652061003725976e-05,0,0.019570925940085426,model::deberta,DeBERTa,42
16593,1,3.610180283430964e-05,0,0.019570925940085426,model::deberta,DeBERTa,42
11248,0,3.579894109861925e-05,0,0.019570925940085426,model::deberta,DeBERTa,42
20722,1,3.472686148597859e-05,0,0.019570925940085426,model::deberta,DeBERTa,42
1924,1,3.818466211669147e-05,0,0.019570925940085426,model::deberta,DeBERTa,42
9501,0,4.112049282412045e-05,0,0.019570925940085426,model::deberta,DeBERTa,42
14798,1,3.5652068618219346e-05,0,0.019570925940085426,model::deberta,DeBERTa,42
16378,0,3.43625433743e-05,0,0.019570925940085426,model::deberta,DeBERTa,42
9953,0,3.418395499465987e-05,0,0.019570925940085426,model::deberta,DeBERTa,42
2778,0,3.62112041329965e-05,0,0.019570925940085426,model::deberta,DeBERTa,42
7289,1,3.641777584562078e-05,0,0.019570925940085426,model::deberta,DeBERTa,42
4511,1,3.571563138393685e-05,0,0.019570925940085426,model::deberta,DeBERTa,42
14006,0,3.868289786623791e-05,0,0.019570925940085426,model::deberta,DeBERTa,42
10111,0,3.345758159412071e-05,0,0.019570925940085426,model::deberta,DeBERTa,42
2281,0,3.6375153285916895e-05,0,0.019570925940085426,model::deberta,DeBERTa,42
12607,1,3.748200106201693e-05,0,0.019570925940085426,model::deberta,DeBERTa,42
18157,0,3.447256312938407e-05,0,0.019570925940085426,model::deberta,DeBERTa,42
17548,1,3.93192567571532e-05,0,0.019570925940085426,model::deberta,DeBERTa,42
15779,1,3.497979560052045e-05,0,0.019570925940085426,model::deberta,DeBERTa,42
20594,0,3.622567965066992e-05,0,0.019570925940085426,model::deberta,DeBERTa,42
15437,0,3.585367085179314e-05,0,0.019570925940085426,model::deberta,DeBERTa,42
11322,1,3.671813465189189e-05,0,0.019570925940085426,model::deberta,DeBERTa,42
18605,1,3.799896512646228e-05,0,0.019570925940085426,model::deberta,DeBERTa,42
21053,1,3.701698005897924e-05,0,0.019570925940085426,model::deberta,DeBERTa,42
5662,1,3.756501610041596e-05,0,0.019570925940085426,model::deberta,DeBERTa,42
11892,0,5.289186810841784e-05,0,0.019570925940085426,model::deberta,DeBERTa,42
5775,1,3.697171632666141e-05,0,0.019570925940085426,model::deberta,DeBERTa,42
14139,1,3.722729525179602e-05,0,0.019570925940085426,model::deberta,DeBERTa,42
19692,1,3.694986298796721e-05,0,0.019570925940085426,model::deberta,DeBERTa,42
4473,0,3.3028816687874496e-05,0,0.019570925940085426,model::deberta,DeBERTa,42
20647,1,3.536420990712941e-05,0,0.019570925940085426,model::deberta,DeBERTa,42
19921,1,4.029766205349006e-05,0,0.019570925940085426,model::deberta,DeBERTa,42
16487,0,3.77280121028889e-05,0,0.019570925940085426,model::deberta,DeBERTa,42
670,1,3.703827314893715e-05,0,0.019570925940085426,model::deberta,DeBERTa,42
16860,0,3.569571708794683e-05,0,0.019570925940085426,model::deberta,DeBERTa,42
6128,1,3.894570181728341e-05,0,0.019570925940085426,model::deberta,DeBERTa,42
12790,0,3.8240345020312816e-05,0,0.019570925940085426,model::deberta,DeBERTa,42
4849,0,3.512383045745082e-05,0,0.019570925940085426,model::deberta,DeBERTa,42
18421,0,3.485017441562377e-05,0,0.019570925940085426,model::deberta,DeBERTa,42
1477,0,3.467807619017549e-05,0,0.019570925940085426,model::deberta,DeBERTa,42
1422,0,3.398477201699279e-05,0,0.019570925940085426,model::deberta,DeBERTa,42
11260,0,4.578350490191952e-05,0,0.019570925940085426,model::deberta,DeBERTa,42
17332,0,3.864617974613793e-05,0,0.019570925940085426,model::deberta,DeBERTa,42
3713,0,3.695374107337557e-05,0,0.019570925940085426,model::deberta,DeBERTa,42
4360,0,3.391547943465412e-05,0,0.019570925940085426,model::deberta,DeBERTa,42
14527,0,3.559876131475903e-05,0,0.019570925940085426,model::deberta,DeBERTa,42
8526,1,3.891340747941285e-05,0,0.019570925940085426,model::deberta,DeBERTa,42
3101,0,3.554984505171888e-05,0,0.019570925940085426,model::deberta,DeBERTa,42
8673,1,3.593548899516463e-05,0,0.019570925940085426,model::deberta,DeBERTa,42
20321,0,3.671151716844179e-05,0,0.019570925940085426,model::deberta,DeBERTa,42
2411,0,3.594967347453348e-05,0,0.019570925940085426,model::deberta,DeBERTa,42
15912,1,5.978298941045068e-05,0,0.019570925940085426,model::deberta,DeBERTa,42
16662,1,3.792648567468859e-05,0,0.019570925940085426,model::deberta,DeBERTa,42
12940,0,0.0001057902918546,0,0.019570925940085426,model::deberta,DeBERTa,42
8926,1,3.821752034127712e-05,0,0.019570925940085426,model::deberta,DeBERTa,42
20423,0,3.440438013058156e-05,0,0.019570925940085426,model::deberta,DeBERTa,42
6242,1,3.602978176786564e-05,0,0.019570925940085426,model::deberta,DeBERTa,42
5924,0,3.586895763874054e-05,0,0.019570925940085426,model::deberta,DeBERTa,42
14214,0,3.661914524855092e-05,0,0.019570925940085426,model::deberta,DeBERTa,42
15557,1,3.5442470107227564e-05,0,0.019570925940085426,model::deberta,DeBERTa,42
2667,0,3.748343078768812e-05,0,0.019570925940085426,model::deberta,DeBERTa,42
14287,0,3.492356700007804e-05,0,0.019570925940085426,model::deberta,DeBERTa,42
7373,0,3.7237950891722e-05,0,0.019570925940085426,model::deberta,DeBERTa,42
8547,1,3.78109616576694e-05,0,0.019570925940085426,model::deberta,DeBERTa,42
3638,1,3.6182038456900045e-05,0,0.019570925940085426,model::deberta,DeBERTa,42
6776,0,3.4847915230784565e-05,0,0.019570925940085426,model::deberta,DeBERTa,42
17287,1,3.413593731238507e-05,0,0.019570925940085426,model::deberta,DeBERTa,42
2915,0,3.457013372099027e-05,0,0.019570925940085426,model::deberta,DeBERTa,42
18262,1,3.6209097743267193e-05,0,0.019570925940085426,model::deberta,DeBERTa,42
16617,1,3.7762853025924414e-05,0,0.019570925940085426,model::deberta,DeBERTa,42
11524,1,3.5236418625572696e-05,0,0.019570925940085426,model::deberta,DeBERTa,42
11482,1,3.9938382542459294e-05,0,0.019570925940085426,model::deberta,DeBERTa,42
7515,1,3.438231215113774e-05,0,0.019570925940085426,model::deberta,DeBERTa,42
16592,1,3.6459336115513e-05,0,0.019570925940085426,model::deberta,DeBERTa,42
1011,1,3.821136124315672e-05,0,0.019570925940085426,model::deberta,DeBERTa,42
18744,0,3.5309349186718464e-05,0,0.019570925940085426,model::deberta,DeBERTa,42
9419,0,3.628030754043721e-05,0,0.019570925940085426,model::deberta,DeBERTa,42
19969,0,4.130285378778353e-05,0,0.019570925940085426,model::deberta,DeBERTa,42
11031,1,4.117076241527684e-05,0,0.019570925940085426,model::deberta,DeBERTa,42
1336,1,4.122584141441621e-05,0,0.019570925940085426,model::deberta,DeBERTa,42
2976,1,3.946832293877378e-05,0,0.019570925940085426,model::deberta,DeBERTa,42
9188,1,3.5201595892431214e-05,0,0.019570925940085426,model::deberta,DeBERTa,42
4049,1,3.754564022528939e-05,0,0.019570925940085426,model::deberta,DeBERTa,42
19567,0,3.760172330657952e-05,0,0.019570925940085426,model::deberta,DeBERTa,42
14807,1,3.8677149859722704e-05,0,0.019570925940085426,model::deberta,DeBERTa,42
1257,1,3.487297362880781e-05,0,0.019570925940085426,model::deberta,DeBERTa,42
20326,0,3.579348049242981e-05,0,0.019570925940085426,model::deberta,DeBERTa,42
11605,0,3.49337569787167e-05,0,0.019570925940085426,model::deberta,DeBERTa,42
3365,0,3.3734650060068816e-05,0,0.019570925940085426,model::deberta,DeBERTa,42
11378,0,3.612983346101828e-05,0,0.019570925940085426,model::deberta,DeBERTa,42
11665,1,3.608693077694625e-05,0,0.019570925940085426,model::deberta,DeBERTa,42
5858,0,4.7817342419875786e-05,0,0.019570925940085426,model::deberta,DeBERTa,42
10405,1,3.687390562845394e-05,0,0.019570925940085426,model::deberta,DeBERTa,42
8205,1,3.880674557876773e-05,0,0.019570925940085426,model::deberta,DeBERTa,42
14304,1,3.379511690582149e-05,0,0.019570925940085426,model::deberta,DeBERTa,42
1405,1,3.694352199090645e-05,0,0.019570925940085426,model::deberta,DeBERTa,42
4561,0,3.5617169487522915e-05,0,0.019570925940085426,model::deberta,DeBERTa,42
15932,0,3.810881025856361e-05,0,0.019570925940085426,model::deberta,DeBERTa,42
18624,1,3.750974792637862e-05,0,0.019570925940085426,model::deberta,DeBERTa,42
265,1,3.870555883622728e-05,0,0.019570925940085426,model::deberta,DeBERTa,42
19066,0,3.5398963518673554e-05,0,0.019570925940085426,model::deberta,DeBERTa,42
11126,0,4.032064680359326e-05,0,0.019570925940085426,model::deberta,DeBERTa,42
11701,1,3.665366239147261e-05,0,0.019570925940085426,model::deberta,DeBERTa,42
5097,1,3.659571666503325e-05,0,0.019570925940085426,model::deberta,DeBERTa,42
19427,1,4.1165578295476735e-05,0,0.019570925940085426,model::deberta,DeBERTa,42
7818,1,3.40184269589372e-05,0,0.019570925940085426,model::deberta,DeBERTa,42
1595,1,4.594630081555806e-05,0,0.019570925940085426,model::deberta,DeBERTa,42
15046,0,3.598637704271823e-05,0,0.019570925940085426,model::deberta,DeBERTa,42
18178,1,3.5478482459438965e-05,0,0.019570925940085426,model::deberta,DeBERTa,42
8753,0,3.4859211154980585e-05,0,0.019570925940085426,model::deberta,DeBERTa,42
12835,1,3.4982698707608506e-05,0,0.019570925940085426,model::deberta,DeBERTa,42
15736,0,3.472398020676337e-05,0,0.019570925940085426,model::deberta,DeBERTa,42
18109,1,3.665981057565659e-05,0,0.019570925940085426,model::deberta,DeBERTa,42
13159,0,3.841897705569863e-05,0,0.019570925940085426,model::deberta,DeBERTa,42
7253,0,3.500558887026273e-05,0,0.019570925940085426,model::deberta,DeBERTa,42
7729,0,3.6099940189160407e-05,0,0.019570925940085426,model::deberta,DeBERTa,42
19005,0,3.960594403906725e-05,0,0.019570925940085426,model::deberta,DeBERTa,42
2460,0,3.567934618331492e-05,0,0.019570925940085426,model::deberta,DeBERTa,42
18090,0,3.52335991919972e-05,0,0.019570925940085426,model::deberta,DeBERTa,42
2077,0,3.402874426683411e-05,0,0.019570925940085426,model::deberta,DeBERTa,42
4663,1,3.579463736969046e-05,0,0.019570925940085426,model::deberta,DeBERTa,42
16139,0,3.4453631087671965e-05,0,0.019570925940085426,model::deberta,DeBERTa,42
10338,0,3.2430863939225674e-05,0,0.019570925940085426,model::deberta,DeBERTa,42
14067,1,3.533313065418042e-05,0,0.019570925940085426,model::deberta,DeBERTa,42
1836,0,3.500358434394002e-05,0,0.019570925940085426,model::deberta,DeBERTa,42
2134,0,3.552273483364843e-05,0,0.019570925940085426,model::deberta,DeBERTa,42
17561,0,3.645572360255756e-05,0,0.019570925940085426,model::deberta,DeBERTa,42
10345,0,3.455646219663322e-05,0,0.019570925940085426,model::deberta,DeBERTa,42
3795,0,3.502402250887826e-05,0,0.019570925940085426,model::deberta,DeBERTa,42
12517,1,4.00883836846333e-05,0,0.019570925940085426,model::deberta,DeBERTa,42
16677,0,3.506666689645499e-05,0,0.019570925940085426,model::deberta,DeBERTa,42
15460,0,3.563034988474101e-05,0,0.019570925940085426,model::deberta,DeBERTa,42
13065,1,3.5392720747040585e-05,0,0.019570925940085426,model::deberta,DeBERTa,42
1321,1,3.8571946788579226e-05,0,0.019570925940085426,model::deberta,DeBERTa,42
20250,1,3.565985753084533e-05,0,0.019570925940085426,model::deberta,DeBERTa,42
11640,1,0.000120097414765,0,0.019570925940085426,model::deberta,DeBERTa,42
6580,1,3.6708719562739134e-05,0,0.019570925940085426,model::deberta,DeBERTa,42
6313,0,3.583812213037163e-05,0,0.019570925940085426,model::deberta,DeBERTa,42
11111,1,5.209022856433876e-05,0,0.019570925940085426,model::deberta,DeBERTa,42
2475,0,3.4723150747595355e-05,0,0.019570925940085426,model::deberta,DeBERTa,42
10652,0,3.823304723482579e-05,0,0.019570925940085426,model::deberta,DeBERTa,42
13222,1,3.578699397621676e-05,0,0.019570925940085426,model::deberta,DeBERTa,42
5277,1,3.6445155274122953e-05,0,0.019570925940085426,model::deberta,DeBERTa,42
21013,1,3.784848013310693e-05,0,0.019570925940085426,model::deberta,DeBERTa,42
9,0,3.3257045288337395e-05,0,0.019570925940085426,model::deberta,DeBERTa,42
20707,0,3.290827589808032e-05,0,0.019570925940085426,model::deberta,DeBERTa,42
10325,1,3.532935443217866e-05,0,0.019570925940085426,model::deberta,DeBERTa,42
10768,0,3.573215872165747e-05,0,0.019570925940085426,model::deberta,DeBERTa,42
2987,0,3.351148188812658e-05,0,0.019570925940085426,model::deberta,DeBERTa,42
11122,1,3.533124254317954e-05,0,0.019570925940085426,model::deberta,DeBERTa,42
15045,0,3.635819666669704e-05,0,0.019570925940085426,model::deberta,DeBERTa,42
14538,0,3.3465017622802407e-05,0,0.019570925940085426,model::deberta,DeBERTa,42
413,0,4.08261148550082e-05,0,0.019570925940085426,model::deberta,DeBERTa,42
1205,0,3.674871913972311e-05,0,0.019570925940085426,model::deberta,DeBERTa,42
16379,0,3.481496241874993e-05,0,0.019570925940085426,model::deberta,DeBERTa,42
12654,0,3.848853884846904e-05,0,0.019570925940085426,model::deberta,DeBERTa,42
2629,0,3.520824247971177e-05,0,0.019570925940085426,model::deberta,DeBERTa,42
4403,1,3.502415711409412e-05,0,0.019570925940085426,model::deberta,DeBERTa,42
19138,1,3.687632852233946e-05,0,0.019570925940085426,model::deberta,DeBERTa,42
628,0,3.7326906749513e-05,0,0.019570925940085426,model::deberta,DeBERTa,42
20890,1,3.363077121321112e-05,0,0.019570925940085426,model::deberta,DeBERTa,42
20004,1,3.600577110773884e-05,0,0.019570925940085426,model::deberta,DeBERTa,42
9947,0,3.546066000126302e-05,0,0.019570925940085426,model::deberta,DeBERTa,42
16144,0,3.789669426623732e-05,0,0.019570925940085426,model::deberta,DeBERTa,42
17524,1,3.567577005014755e-05,0,0.019570925940085426,model::deberta,DeBERTa,42
10217,0,3.318665039842017e-05,0,0.019570925940085426,model::deberta,DeBERTa,42
10363,0,8.197550778277218e-05,0,0.019570925940085426,model::deberta,DeBERTa,42
16001,1,3.4481599868740886e-05,0,0.019570925940085426,model::deberta,DeBERTa,42
3976,0,3.3411157346563414e-05,0,0.019570925940085426,model::deberta,DeBERTa,42
1978,0,3.416511754039675e-05,0,0.019570925940085426,model::deberta,DeBERTa,42
3445,0,3.781676787184552e-05,0,0.019570925940085426,model::deberta,DeBERTa,42
20953,0,3.8789879909018055e-05,0,0.019570925940085426,model::deberta,DeBERTa,42
17904,0,3.3303451346000656e-05,0,0.019570925940085426,model::deberta,DeBERTa,42
6409,0,3.3930427889572456e-05,0,0.019570925940085426,model::deberta,DeBERTa,42
6020,0,3.517189543345012e-05,0,0.019570925940085426,model::deberta,DeBERTa,42
19041,1,4.749350409838371e-05,0,0.019570925940085426,model::deberta,DeBERTa,42
2889,1,3.409370401641354e-05,0,0.019570925940085426,model::deberta,DeBERTa,42
6607,0,3.845639730570838e-05,0,0.019570925940085426,model::deberta,DeBERTa,42
19231,1,3.715728234965354e-05,0,0.019570925940085426,model::deberta,DeBERTa,42
14736,0,3.809478585026227e-05,0,0.019570925940085426,model::deberta,DeBERTa,42
18719,1,3.5573688364820555e-05,0,0.019570925940085426,model::deberta,DeBERTa,42
19248,1,3.861905861413106e-05,0,0.019570925940085426,model::deberta,DeBERTa,42
10087,1,3.8509941077791154e-05,0,0.019570925940085426,model::deberta,DeBERTa,42
7423,1,3.764531356864609e-05,0,0.019570925940085426,model::deberta,DeBERTa,42
5009,1,3.6832920159213245e-05,0,0.019570925940085426,model::deberta,DeBERTa,42
18142,0,3.917276626452804e-05,0,0.019570925940085426,model::deberta,DeBERTa,42
12644,0,3.973964703618549e-05,0,0.019570925940085426,model::deberta,DeBERTa,42
18889,1,3.837858457700349e-05,0,0.019570925940085426,model::deberta,DeBERTa,42
9810,1,3.693964390549809e-05,0,0.019570925940085426,model::deberta,DeBERTa,42
17310,0,3.2350741093978286e-05,0,0.019570925940085426,model::deberta,DeBERTa,42
5329,1,3.447085327934474e-05,0,0.019570925940085426,model::deberta,DeBERTa,42
15990,0,4.234554944559932e-05,0,0.019570925940085426,model::deberta,DeBERTa,42
18161,0,3.742938861250877e-05,0,0.019570925940085426,model::deberta,DeBERTa,42
20800,0,3.285020648036152e-05,0,0.019570925940085426,model::deberta,DeBERTa,42
4388,0,3.5170185583410785e-05,0,0.019570925940085426,model::deberta,DeBERTa,42
12997,0,3.4551878343336284e-05,0,0.019570925940085426,model::deberta,DeBERTa,42
15529,1,4.37702183262445e-05,0,0.019570925940085426,model::deberta,DeBERTa,42
4515,0,8.28034317237325e-05,0,0.019570925940085426,model::deberta,DeBERTa,42
8682,1,3.646267578005791e-05,0,0.019570925940085426,model::deberta,DeBERTa,42
1964,1,3.683348404592834e-05,0,0.019570925940085426,model::deberta,DeBERTa,42
4004,1,3.629089042078704e-05,0,0.019570925940085426,model::deberta,DeBERTa,42
16870,0,3.538114469847642e-05,0,0.019570925940085426,model::deberta,DeBERTa,42
9469,1,3.7382116715889424e-05,0,0.019570925940085426,model::deberta,DeBERTa,42
16215,1,3.626000398071483e-05,0,0.019570925940085426,model::deberta,DeBERTa,42
2736,0,3.452167584327981e-05,0,0.019570925940085426,model::deberta,DeBERTa,42
5536,0,3.478903818177059e-05,0,0.019570925940085426,model::deberta,DeBERTa,42
12685,0,3.885570549755357e-05,0,0.019570925940085426,model::deberta,DeBERTa,42
2266,0,3.747245864360593e-05,0,0.019570925940085426,model::deberta,DeBERTa,42
13911,1,3.686346099129878e-05,0,0.019570925940085426,model::deberta,DeBERTa,42
6424,1,4.088814239366912e-05,0,0.019570925940085426,model::deberta,DeBERTa,42
9668,0,3.510287206154317e-05,0,0.019570925940085426,model::deberta,DeBERTa,42
5980,1,3.6228371754987165e-05,0,0.019570925940085426,model::deberta,DeBERTa,42
13606,0,3.21306251862552e-05,0,0.019570925940085426,model::deberta,DeBERTa,42
9254,0,3.7586913094855845e-05,0,0.019570925940085426,model::deberta,DeBERTa,42
14812,1,3.54846051777713e-05,0,0.019570925940085426,model::deberta,DeBERTa,42
2368,0,3.442804154474288e-05,0,0.019570925940085426,model::deberta,DeBERTa,42
1894,1,3.782109706662595e-05,0,0.019570925940085426,model::deberta,DeBERTa,42
14639,1,3.871670560329221e-05,0,0.019570925940085426,model::deberta,DeBERTa,42
2984,0,5.079882248537615e-05,0,0.019570925940085426,model::deberta,DeBERTa,42
11783,0,3.714941703947261e-05,0,0.019570925940085426,model::deberta,DeBERTa,42
12490,1,3.7844874896109104e-05,0,0.019570925940085426,model::deberta,DeBERTa,42
14023,1,3.748364542843774e-05,0,0.019570925940085426,model::deberta,DeBERTa,42
2269,1,3.672965613077395e-05,0,0.019570925940085426,model::deberta,DeBERTa,42
8015,0,3.644449679995887e-05,0,0.019570925940085426,model::deberta,DeBERTa,42
18677,0,3.583767465897836e-05,0,0.019570925940085426,model::deberta,DeBERTa,42
5578,1,4.269222699804232e-05,0,0.019570925940085426,model::deberta,DeBERTa,42
4643,1,3.768356691580266e-05,0,0.019570925940085426,model::deberta,DeBERTa,42
19156,1,3.969347380916588e-05,0,0.019570925940085426,model::deberta,DeBERTa,42
3206,0,3.932026811526157e-05,0,0.019570925940085426,model::deberta,DeBERTa,42
15428,1,3.615403329604305e-05,0,0.019570925940085426,model::deberta,DeBERTa,42
16131,0,3.753880810108967e-05,0,0.019570925940085426,model::deberta,DeBERTa,42
1989,0,3.433135861996561e-05,0,0.019570925940085426,model::deberta,DeBERTa,42
7293,1,3.5840541386278346e-05,0,0.019570925940085426,model::deberta,DeBERTa,42
18244,1,3.968317832914181e-05,0,0.019570925940085426,model::deberta,DeBERTa,42
14079,1,3.515251228236593e-05,0,0.019570925940085426,model::deberta,DeBERTa,42
7188,0,5.804680404253304e-05,0,0.019570925940085426,model::deberta,DeBERTa,42
20049,1,3.649712016340345e-05,0,0.019570925940085426,model::deberta,DeBERTa,42
16956,1,3.5000648495042697e-05,0,0.019570925940085426,model::deberta,DeBERTa,42
9372,1,3.618052141973749e-05,0,0.019570925940085426,model::deberta,DeBERTa,42
14968,1,3.692583777592517e-05,0,0.019570925940085426,model::deberta,DeBERTa,42
11974,0,4.3077143345726654e-05,0,0.019570925940085426,model::deberta,DeBERTa,42
11821,1,3.559516335371882e-05,0,0.019570925940085426,model::deberta,DeBERTa,42
6134,1,3.72043032257352e-05,0,0.019570925940085426,model::deberta,DeBERTa,42
375,1,3.705600465764292e-05,0,0.019570925940085426,model::deberta,DeBERTa,42
18947,1,3.609856867115013e-05,0,0.019570925940085426,model::deberta,DeBERTa,42
19941,1,3.702887988765724e-05,0,0.019570925940085426,model::deberta,DeBERTa,42
7048,0,3.665505573735573e-05,0,0.019570925940085426,model::deberta,DeBERTa,42
4931,0,3.642951924121007e-05,0,0.019570925940085426,model::deberta,DeBERTa,42
19979,0,3.5752233088715e-05,0,0.019570925940085426,model::deberta,DeBERTa,42
16265,0,3.584782098187134e-05,0,0.019570925940085426,model::deberta,DeBERTa,42
4125,0,3.410827412153594e-05,0,0.019570925940085426,model::deberta,DeBERTa,42
3608,1,3.6964000173611566e-05,0,0.019570925940085426,model::deberta,DeBERTa,42
3270,0,3.404964809305966e-05,0,0.019570925940085426,model::deberta,DeBERTa,42
9878,0,3.595694215619005e-05,0,0.019570925940085426,model::deberta,DeBERTa,42
13799,0,3.744459900190122e-05,0,0.019570925940085426,model::deberta,DeBERTa,42
2917,1,3.918528454960324e-05,0,0.019570925940085426,model::deberta,DeBERTa,42
4199,0,3.645002288976684e-05,0,0.019570925940085426,model::deberta,DeBERTa,42
8159,1,3.791657582041808e-05,0,0.019570925940085426,model::deberta,DeBERTa,42
10995,1,3.610620842664503e-05,0,0.019570925940085426,model::deberta,DeBERTa,42
20100,1,3.750910400412977e-05,0,0.019570925940085426,model::deberta,DeBERTa,42
3459,1,3.610820203903131e-05,0,0.019570925940085426,model::deberta,DeBERTa,42
10628,1,3.62350074283313e-05,0,0.019570925940085426,model::deberta,DeBERTa,42
7777,0,3.899282819475047e-05,0,0.019570925940085426,model::deberta,DeBERTa,42
16485,0,3.83799742849078e-05,0,0.019570925940085426,model::deberta,DeBERTa,42
2338,1,3.589178231777623e-05,0,0.019570925940085426,model::deberta,DeBERTa,42
239,0,3.8053287426009774e-05,0,0.019570925940085426,model::deberta,DeBERTa,42
9970,1,3.462979293544777e-05,0,0.019570925940085426,model::deberta,DeBERTa,42
13792,1,4.301290027797222e-05,0,0.019570925940085426,model::deberta,DeBERTa,42
20033,0,3.349033431732096e-05,0,0.019570925940085426,model::deberta,DeBERTa,42
19476,0,3.387172182556242e-05,0,0.019570925940085426,model::deberta,DeBERTa,42
8937,1,5.217737634666264e-05,0,0.019570925940085426,model::deberta,DeBERTa,42
7496,1,3.612208456615917e-05,0,0.019570925940085426,model::deberta,DeBERTa,42
16479,0,3.756465957849287e-05,0,0.019570925940085426,model::deberta,DeBERTa,42
3878,1,3.5087476135231555e-05,0,0.019570925940085426,model::deberta,DeBERTa,42
8152,0,3.9533075323561206e-05,0,0.019570925940085426,model::deberta,DeBERTa,42
4784,1,3.4862139727920294e-05,0,0.019570925940085426,model::deberta,DeBERTa,42
11310,1,3.6861176340607926e-05,0,0.019570925940085426,model::deberta,DeBERTa,42
3739,0,3.674822801258415e-05,0,0.019570925940085426,model::deberta,DeBERTa,42
3404,0,3.5059580113738775e-05,0,0.019570925940085426,model::deberta,DeBERTa,42
7311,1,3.722339170053601e-05,0,0.019570925940085426,model::deberta,DeBERTa,42
7672,1,3.872689921990968e-05,0,0.019570925940085426,model::deberta,DeBERTa,42
13190,0,3.462791573838331e-05,0,0.019570925940085426,model::deberta,DeBERTa,42
5887,0,3.87715372198727e-05,0,0.019570925940085426,model::deberta,DeBERTa,42
4656,0,3.6004123103339225e-05,0,0.019570925940085426,model::deberta,DeBERTa,42
1535,1,3.5796412703348324e-05,0,0.019570925940085426,model::deberta,DeBERTa,42
6036,0,3.6773577448911965e-05,0,0.019570925940085426,model::deberta,DeBERTa,42
8774,1,3.563537757145241e-05,0,0.019570925940085426,model::deberta,DeBERTa,42
7379,0,4.278254345990717e-05,0,0.019570925940085426,model::deberta,DeBERTa,42
17063,1,3.524744533933699e-05,0,0.019570925940085426,model::deberta,DeBERTa,42
9635,0,3.363134601386264e-05,0,0.019570925940085426,model::deberta,DeBERTa,42
5991,1,3.8592625060118735e-05,0,0.019570925940085426,model::deberta,DeBERTa,42
10222,1,3.745970752788708e-05,0,0.019570925940085426,model::deberta,DeBERTa,42
242,0,4.114065814064816e-05,0,0.019570925940085426,model::deberta,DeBERTa,42
1440,0,3.634634049376473e-05,0,0.019570925940085426,model::deberta,DeBERTa,42
17866,1,3.754968565772288e-05,0,0.019570925940085426,model::deberta,DeBERTa,42
6262,1,3.556571755325422e-05,0,0.019570925940085426,model::deberta,DeBERTa,42
525,0,3.540301258908585e-05,0,0.019570925940085426,model::deberta,DeBERTa,42
6760,1,4.159824675298296e-05,0,0.019570925940085426,model::deberta,DeBERTa,42
10757,0,5.194592085899785e-05,0,0.019570925940085426,model::deberta,DeBERTa,42
3745,1,3.7304198485799134e-05,0,0.019570925940085426,model::deberta,DeBERTa,42
13302,1,3.5200555430492386e-05,0,0.019570925940085426,model::deberta,DeBERTa,42
2359,1,3.596575697883964e-05,0,0.019570925940085426,model::deberta,DeBERTa,42
2230,0,3.41413397109136e-05,0,0.019570925940085426,model::deberta,DeBERTa,42
8897,1,3.751554322661832e-05,0,0.019570925940085426,model::deberta,DeBERTa,42
11327,0,0.0358471870422363,1,0.019570925940085426,model::deberta,DeBERTa,42
14905,0,3.79002740373835e-05,0,0.019570925940085426,model::deberta,DeBERTa,42
3485,0,3.9090820791898295e-05,0,0.019570925940085426,model::deberta,DeBERTa,42
1823,0,3.625263707363047e-05,0,0.019570925940085426,model::deberta,DeBERTa,42
151,0,3.609450504882261e-05,0,0.019570925940085426,model::deberta,DeBERTa,42
8191,0,3.3756597986212e-05,0,0.019570925940085426,model::deberta,DeBERTa,42
17469,0,3.851953078992665e-05,0,0.019570925940085426,model::deberta,DeBERTa,42
3680,1,3.596613532863557e-05,0,0.019570925940085426,model::deberta,DeBERTa,42
6676,1,3.6479577829595655e-05,0,0.019570925940085426,model::deberta,DeBERTa,42
8994,0,3.6247623938834295e-05,0,0.019570925940085426,model::deberta,DeBERTa,42
12011,1,4.732283196062781e-05,0,0.019570925940085426,model::deberta,DeBERTa,42
12375,1,3.7489404348889366e-05,0,0.019570925940085426,model::deberta,DeBERTa,42
18281,1,3.695976920425892e-05,0,0.019570925940085426,model::deberta,DeBERTa,42
2644,1,3.638393172877841e-05,0,0.019570925940085426,model::deberta,DeBERTa,42
13136,1,0.0001439000479876,0,0.019570925940085426,model::deberta,DeBERTa,42
1455,1,3.4773613151628524e-05,0,0.019570925940085426,model::deberta,DeBERTa,42
12137,0,3.3919233828783035e-05,0,0.019570925940085426,model::deberta,DeBERTa,42
17338,0,3.425797331146896e-05,0,0.019570925940085426,model::deberta,DeBERTa,42
16904,1,3.7126119423192e-05,0,0.019570925940085426,model::deberta,DeBERTa,42
2775,1,3.671284866868518e-05,0,0.019570925940085426,model::deberta,DeBERTa,42
19643,0,3.614610250224359e-05,0,0.019570925940085426,model::deberta,DeBERTa,42
9795,1,3.831550566246733e-05,0,0.019570925940085426,model::deberta,DeBERTa,42
11340,0,3.762402411666699e-05,0,0.019570925940085426,model::deberta,DeBERTa,42
5544,0,3.553730493877083e-05,0,0.019570925940085426,model::deberta,DeBERTa,42
11826,0,3.639014539658092e-05,0,0.019570925940085426,model::deberta,DeBERTa,42
10637,1,3.616551839513704e-05,0,0.019570925940085426,model::deberta,DeBERTa,42
13922,0,3.752838892978616e-05,0,0.019570925940085426,model::deberta,DeBERTa,42
20767,0,3.624575765570626e-05,0,0.019570925940085426,model::deberta,DeBERTa,42
6729,1,3.526681393850595e-05,0,0.019570925940085426,model::deberta,DeBERTa,42
18053,1,4.066250039613806e-05,0,0.019570925940085426,model::deberta,DeBERTa,42
7363,1,3.845042010652833e-05,0,0.019570925940085426,model::deberta,DeBERTa,42
17615,0,3.456120612099767e-05,0,0.019570925940085426,model::deberta,DeBERTa,42
7070,0,3.52580682374537e-05,0,0.019570925940085426,model::deberta,DeBERTa,42
3221,1,3.781849954975769e-05,0,0.019570925940085426,model::deberta,DeBERTa,42
20612,1,3.583876969059929e-05,0,0.019570925940085426,model::deberta,DeBERTa,42
13292,0,3.62462415068876e-05,0,0.019570925940085426,model::deberta,DeBERTa,42
11406,1,3.624703822424635e-05,0,0.019570925940085426,model::deberta,DeBERTa,42
8781,1,3.6196874134475365e-05,0,0.019570925940085426,model::deberta,DeBERTa,42
2577,1,3.981938425567933e-05,0,0.019570925940085426,model::deberta,DeBERTa,42
18682,0,3.5395285522099584e-05,0,0.019570925940085426,model::deberta,DeBERTa,42
17753,0,3.7922291085124016e-05,0,0.019570925940085426,model::deberta,DeBERTa,42
15451,0,3.500742604956031e-05,0,0.019570925940085426,model::deberta,DeBERTa,42
15590,1,3.5057841159868985e-05,0,0.019570925940085426,model::deberta,DeBERTa,42
3707,1,3.691619349410757e-05,0,0.019570925940085426,model::deberta,DeBERTa,42
11516,0,4.046297544846311e-05,0,0.019570925940085426,model::deberta,DeBERTa,42
7453,1,3.741682303370908e-05,0,0.019570925940085426,model::deberta,DeBERTa,42
7190,1,4.5163305912865326e-05,0,0.019570925940085426,model::deberta,DeBERTa,42
5207,1,0.0001777236029738,0,0.019570925940085426,model::deberta,DeBERTa,42
19706,0,3.876591290463693e-05,0,0.019570925940085426,model::deberta,DeBERTa,42
8327,0,3.7903202610323206e-05,0,0.019570925940085426,model::deberta,DeBERTa,42
19780,0,3.90416789741721e-05,0,0.019570925940085426,model::deberta,DeBERTa,42
10129,0,3.789944094023667e-05,0,0.019570925940085426,model::deberta,DeBERTa,42
18764,0,3.461130472715013e-05,0,0.019570925940085426,model::deberta,DeBERTa,42
15732,1,3.756774094654247e-05,0,0.019570925940085426,model::deberta,DeBERTa,42
8398,1,3.5692173696588725e-05,0,0.019570925940085426,model::deberta,DeBERTa,42
19062,1,3.6005600122734904e-05,0,0.019570925940085426,model::deberta,DeBERTa,42
17138,0,3.3280462957918644e-05,0,0.019570925940085426,model::deberta,DeBERTa,42
17158,1,3.578828909667209e-05,0,0.019570925940085426,model::deberta,DeBERTa,42
17888,0,3.517531877150759e-05,0,0.019570925940085426,model::deberta,DeBERTa,42
3309,1,3.6934430681867525e-05,0,0.019570925940085426,model::deberta,DeBERTa,42
19842,0,4.706840627477504e-05,0,0.019570925940085426,model::deberta,DeBERTa,42
17826,0,4.377146979095414e-05,0,0.019570925940085426,model::deberta,DeBERTa,42
6246,0,3.5200955608161166e-05,0,0.019570925940085426,model::deberta,DeBERTa,42
5116,0,3.74721348634921e-05,0,0.019570925940085426,model::deberta,DeBERTa,42
16300,0,3.950244354200549e-05,0,0.019570925940085426,model::deberta,DeBERTa,42
10259,1,3.5757719160756096e-05,0,0.019570925940085426,model::deberta,DeBERTa,42
2526,0,3.205163375241682e-05,0,0.019570925940085426,model::deberta,DeBERTa,42
20569,1,3.607447433751077e-05,0,0.019570925940085426,model::deberta,DeBERTa,42
2697,1,3.828186527243816e-05,0,0.019570925940085426,model::deberta,DeBERTa,42
18743,0,3.714934427989647e-05,0,0.019570925940085426,model::deberta,DeBERTa,42
2507,1,3.5910445149056613e-05,0,0.019570925940085426,model::deberta,DeBERTa,42
8194,0,3.502562685753219e-05,0,0.019570925940085426,model::deberta,DeBERTa,42
4381,1,4.355203782324679e-05,0,0.019570925940085426,model::deberta,DeBERTa,42
7795,1,3.850667417282239e-05,0,0.019570925940085426,model::deberta,DeBERTa,42
10061,0,4.050015195389278e-05,0,0.019570925940085426,model::deberta,DeBERTa,42
4693,0,4.0167746192310005e-05,0,0.019570925940085426,model::deberta,DeBERTa,42
3826,0,0.0007058646297082,0,0.019570925940085426,model::deberta,DeBERTa,42
10152,0,3.421317524043843e-05,0,0.019570925940085426,model::deberta,DeBERTa,42
16583,1,3.711447061505169e-05,0,0.019570925940085426,model::deberta,DeBERTa,42
18831,1,3.780032420763746e-05,0,0.019570925940085426,model::deberta,DeBERTa,42
10597,0,4.0528932004235685e-05,0,0.019570925940085426,model::deberta,DeBERTa,42
20401,1,3.412604201002978e-05,0,0.019570925940085426,model::deberta,DeBERTa,42
13777,1,4.446374441613443e-05,0,0.019570925940085426,model::deberta,DeBERTa,42
13654,1,3.716118226293474e-05,0,0.019570925940085426,model::deberta,DeBERTa,42
8000,1,3.731245669769123e-05,0,0.019570925940085426,model::deberta,DeBERTa,42
18174,1,3.973104321630672e-05,0,0.019570925940085426,model::deberta,DeBERTa,42
19937,1,3.750609903363511e-05,0,0.019570925940085426,model::deberta,DeBERTa,42
10938,0,3.926492718164809e-05,0,0.019570925940085426,model::deberta,DeBERTa,42
2177,1,3.816354728769511e-05,0,0.019570925940085426,model::deberta,DeBERTa,42
3002,0,3.4656888601602986e-05,0,0.019570925940085426,model::deberta,DeBERTa,42
15913,0,3.690249650389888e-05,0,0.019570925940085426,model::deberta,DeBERTa,42
12837,1,3.604916491894983e-05,0,0.019570925940085426,model::deberta,DeBERTa,42
18327,1,3.813189687207341e-05,0,0.019570925940085426,model::deberta,DeBERTa,42
9442,0,3.3029667974915355e-05,0,0.019570925940085426,model::deberta,DeBERTa,42
124,0,4.0611805161461234e-05,0,0.019570925940085426,model::deberta,DeBERTa,42
20857,0,3.612139698816464e-05,0,0.019570925940085426,model::deberta,DeBERTa,42
10349,1,3.5048011341132224e-05,0,0.019570925940085426,model::deberta,DeBERTa,42
610,0,3.498042860883288e-05,0,0.019570925940085426,model::deberta,DeBERTa,42
4769,0,3.783682404900901e-05,0,0.019570925940085426,model::deberta,DeBERTa,42
13141,1,3.958751403843053e-05,0,0.019570925940085426,model::deberta,DeBERTa,42
10987,1,3.7399415305117145e-05,0,0.019570925940085426,model::deberta,DeBERTa,42
19307,0,3.999162436230108e-05,0,0.019570925940085426,model::deberta,DeBERTa,42
3091,0,3.979888060712256e-05,0,0.019570925940085426,model::deberta,DeBERTa,42
5725,0,3.2648793421685696e-05,0,0.019570925940085426,model::deberta,DeBERTa,42
14337,1,4.050632924190722e-05,0,0.019570925940085426,model::deberta,DeBERTa,42
5596,0,4.6406552428379655e-05,0,0.019570925940085426,model::deberta,DeBERTa,42
3771,1,3.906350320903584e-05,0,0.019570925940085426,model::deberta,DeBERTa,42
9317,0,3.510648457449861e-05,0,0.019570925940085426,model::deberta,DeBERTa,42
15823,1,3.757189551834017e-05,0,0.019570925940085426,model::deberta,DeBERTa,42
3948,0,3.627643309300765e-05,0,0.019570925940085426,model::deberta,DeBERTa,42
6310,1,3.6057863326277584e-05,0,0.019570925940085426,model::deberta,DeBERTa,42
6088,0,3.411227953620255e-05,0,0.019570925940085426,model::deberta,DeBERTa,42
6962,0,3.388923141756095e-05,0,0.019570925940085426,model::deberta,DeBERTa,42
19675,1,4.577612708089873e-05,0,0.019570925940085426,model::deberta,DeBERTa,42
1569,1,3.657834167825058e-05,0,0.019570925940085426,model::deberta,DeBERTa,42
12189,0,3.816645767074078e-05,0,0.019570925940085426,model::deberta,DeBERTa,42
17551,1,3.728016235982068e-05,0,0.019570925940085426,model::deberta,DeBERTa,42
9669,1,3.657056004158221e-05,0,0.019570925940085426,model::deberta,DeBERTa,42
16953,1,3.707152427523397e-05,0,0.019570925940085426,model::deberta,DeBERTa,42
11277,1,3.516659853630699e-05,0,0.019570925940085426,model::deberta,DeBERTa,42
3740,0,8.360798528883606e-05,0,0.019570925940085426,model::deberta,DeBERTa,42
4848,0,3.380240377737209e-05,0,0.019570925940085426,model::deberta,DeBERTa,42
9860,0,3.885188925778493e-05,0,0.019570925940085426,model::deberta,DeBERTa,42
4686,0,4.308503048378043e-05,0,0.019570925940085426,model::deberta,DeBERTa,42
10203,1,3.839022610918619e-05,0,0.019570925940085426,model::deberta,DeBERTa,42
10607,0,3.434675090829842e-05,0,0.019570925940085426,model::deberta,DeBERTa,42
7476,1,3.6334524338599294e-05,0,0.019570925940085426,model::deberta,DeBERTa,42
2478,1,3.992124766227789e-05,0,0.019570925940085426,model::deberta,DeBERTa,42
5047,0,3.553191709215753e-05,0,0.019570925940085426,model::deberta,DeBERTa,42
13934,0,3.415566970943473e-05,0,0.019570925940085426,model::deberta,DeBERTa,42
13460,0,0.0001452343130949,0,0.019570925940085426,model::deberta,DeBERTa,42
8026,1,3.546268999343738e-05,0,0.019570925940085426,model::deberta,DeBERTa,42
6166,0,3.549956454662606e-05,0,0.019570925940085426,model::deberta,DeBERTa,42
14031,0,3.386900425539352e-05,0,0.019570925940085426,model::deberta,DeBERTa,42
2565,1,3.598757757572457e-05,0,0.019570925940085426,model::deberta,DeBERTa,42
12486,1,3.63714098057244e-05,0,0.019570925940085426,model::deberta,DeBERTa,42
4621,0,3.467328133410774e-05,0,0.019570925940085426,model::deberta,DeBERTa,42
870,1,3.6171346437186e-05,0,0.019570925940085426,model::deberta,DeBERTa,42
1840,1,3.5561442928155884e-05,0,0.019570925940085426,model::deberta,DeBERTa,42
2839,0,3.602699871407822e-05,0,0.019570925940085426,model::deberta,DeBERTa,42
7767,0,3.415596438571811e-05,0,0.019570925940085426,model::deberta,DeBERTa,42
14793,0,3.818648474407382e-05,0,0.019570925940085426,model::deberta,DeBERTa,42
5370,1,3.9458387618651614e-05,0,0.019570925940085426,model::deberta,DeBERTa,42
13179,0,3.3577700378373265e-05,0,0.019570925940085426,model::deberta,DeBERTa,42
13151,1,3.631304571172223e-05,0,0.019570925940085426,model::deberta,DeBERTa,42
18916,0,3.557500895112753e-05,0,0.019570925940085426,model::deberta,DeBERTa,42
18199,0,4.0622922824695706e-05,0,0.019570925940085426,model::deberta,DeBERTa,42
10364,0,3.487590220174752e-05,0,0.019570925940085426,model::deberta,DeBERTa,42
393,0,3.577791721909307e-05,0,0.019570925940085426,model::deberta,DeBERTa,42
9570,0,3.3738866477506235e-05,0,0.019570925940085426,model::deberta,DeBERTa,42
229,1,4.036512109450996e-05,0,0.019570925940085426,model::deberta,DeBERTa,42
12846,1,3.5030036087846383e-05,0,0.019570925940085426,model::deberta,DeBERTa,42
14257,0,3.573413414414972e-05,0,0.019570925940085426,model::deberta,DeBERTa,42
2316,1,3.911080784746446e-05,0,0.019570925940085426,model::deberta,DeBERTa,42
8820,1,4.011495911981911e-05,0,0.019570925940085426,model::deberta,DeBERTa,42
1716,0,4.032018841826357e-05,0,0.019570925940085426,model::deberta,DeBERTa,42
15157,0,3.648487108875997e-05,0,0.019570925940085426,model::deberta,DeBERTa,42
3297,1,3.781979830819182e-05,0,0.019570925940085426,model::deberta,DeBERTa,42
2229,0,5.901390250073746e-05,0,0.019570925940085426,model::deberta,DeBERTa,42
18563,1,3.832792936009355e-05,0,0.019570925940085426,model::deberta,DeBERTa,42
6354,1,3.550891051418148e-05,0,0.019570925940085426,model::deberta,DeBERTa,42
19632,0,3.652587838587351e-05,0,0.019570925940085426,model::deberta,DeBERTa,42
3157,0,5.4005675337975845e-05,0,0.019570925940085426,model::deberta,DeBERTa,42
8808,1,3.68467990483623e-05,0,0.019570925940085426,model::deberta,DeBERTa,42
15058,0,3.585148078855127e-05,0,0.019570925940085426,model::deberta,DeBERTa,42
6171,0,4.001886190962978e-05,0,0.019570925940085426,model::deberta,DeBERTa,42
9116,0,3.5401662898948416e-05,0,0.019570925940085426,model::deberta,DeBERTa,42
8213,1,3.699489025166258e-05,0,0.019570925940085426,model::deberta,DeBERTa,42
8860,1,3.649064456112683e-05,0,0.019570925940085426,model::deberta,DeBERTa,42
1673,1,3.567236853996292e-05,0,0.019570925940085426,model::deberta,DeBERTa,42
5464,1,3.5391505662119016e-05,0,0.019570925940085426,model::deberta,DeBERTa,42
9624,0,3.622194708441384e-05,0,0.019570925940085426,model::deberta,DeBERTa,42
5868,0,3.627843761933036e-05,0,0.019570925940085426,model::deberta,DeBERTa,42
4242,0,3.514004492899403e-05,0,0.019570925940085426,model::deberta,DeBERTa,42
12906,0,3.506573193590157e-05,0,0.019570925940085426,model::deberta,DeBERTa,42
10084,0,3.540122270351276e-05,0,0.019570925940085426,model::deberta,DeBERTa,42
3000,0,4.167197766946629e-05,0,0.019570925940085426,model::deberta,DeBERTa,42
14235,0,3.4458658774383366e-05,0,0.019570925940085426,model::deberta,DeBERTa,42
20644,0,3.67943721357733e-05,0,0.019570925940085426,model::deberta,DeBERTa,42
4578,1,3.53082396031823e-05,0,0.019570925940085426,model::deberta,DeBERTa,42
19505,0,3.722530891536735e-05,0,0.019570925940085426,model::deberta,DeBERTa,42
3260,1,3.48466492141597e-05,0,0.019570925940085426,model::deberta,DeBERTa,42
10054,0,3.4455570130376145e-05,0,0.019570925940085426,model::deberta,DeBERTa,42
19294,1,3.687467687996104e-05,0,0.019570925940085426,model::deberta,DeBERTa,42
2766,1,5.094990410725586e-05,0,0.019570925940085426,model::deberta,DeBERTa,42
6407,0,4.030992204206996e-05,0,0.019570925940085426,model::deberta,DeBERTa,42
13693,1,3.72292852262035e-05,0,0.019570925940085426,model::deberta,DeBERTa,42
6757,0,3.5016473702853546e-05,0,0.019570925940085426,model::deberta,DeBERTa,42
14999,1,3.6261146306060255e-05,0,0.019570925940085426,model::deberta,DeBERTa,42
20137,0,4.0137801988748834e-05,0,0.019570925940085426,model::deberta,DeBERTa,42
17303,0,3.313870547572151e-05,0,0.019570925940085426,model::deberta,DeBERTa,42
15307,1,3.91223729820922e-05,0,0.019570925940085426,model::deberta,DeBERTa,42
13326,1,3.560894765541889e-05,0,0.019570925940085426,model::deberta,DeBERTa,42
4557,1,3.740362444659695e-05,0,0.019570925940085426,model::deberta,DeBERTa,42
6699,1,3.862016455968842e-05,0,0.019570925940085426,model::deberta,DeBERTa,42
9280,0,6.843526352895424e-05,0,0.019570925940085426,model::deberta,DeBERTa,42
209,0,3.420306165935472e-05,0,0.019570925940085426,model::deberta,DeBERTa,42
11350,1,3.694563565659337e-05,0,0.019570925940085426,model::deberta,DeBERTa,42
1969,1,3.674552863230929e-05,0,0.019570925940085426,model::deberta,DeBERTa,42
20058,1,3.5251981898909435e-05,0,0.019570925940085426,model::deberta,DeBERTa,42
20625,1,3.648340862127952e-05,0,0.019570925940085426,model::deberta,DeBERTa,42
8212,0,3.3596439607208595e-05,0,0.019570925940085426,model::deberta,DeBERTa,42
5525,0,3.5971825127489865e-05,0,0.019570925940085426,model::deberta,DeBERTa,42
11018,1,3.4829838114092126e-05,0,0.019570925940085426,model::deberta,DeBERTa,42
11943,1,3.6066769098397344e-05,0,0.019570925940085426,model::deberta,DeBERTa,42
6611,1,3.636197652667761e-05,0,0.019570925940085426,model::deberta,DeBERTa,42
5821,0,4.389879904920235e-05,0,0.019570925940085426,model::deberta,DeBERTa,42
8492,0,4.941632869304158e-05,0,0.019570925940085426,model::deberta,DeBERTa,42
9461,1,3.526836007949896e-05,0,0.019570925940085426,model::deberta,DeBERTa,42
338,1,3.64020888810046e-05,0,0.019570925940085426,model::deberta,DeBERTa,42
6973,0,3.402916627237573e-05,0,0.019570925940085426,model::deberta,DeBERTa,42
20872,1,3.842484147753567e-05,0,0.019570925940085426,model::deberta,DeBERTa,42
12986,1,3.706819916260429e-05,0,0.019570925940085426,model::deberta,DeBERTa,42
13669,0,3.393139922991395e-05,0,0.019570925940085426,model::deberta,DeBERTa,42
10890,0,3.434203608776443e-05,0,0.019570925940085426,model::deberta,DeBERTa,42
9089,0,3.824774466920644e-05,0,0.019570925940085426,model::deberta,DeBERTa,42
2840,1,3.5184544685762376e-05,0,0.019570925940085426,model::deberta,DeBERTa,42
10318,0,3.440884029259905e-05,0,0.019570925940085426,model::deberta,DeBERTa,42
16787,1,3.4558568586362526e-05,0,0.019570925940085426,model::deberta,DeBERTa,42
4404,1,3.476353231235407e-05,0,0.019570925940085426,model::deberta,DeBERTa,42
15737,0,3.421200017328374e-05,0,0.019570925940085426,model::deberta,DeBERTa,42
3736,1,3.659672802314162e-05,0,0.019570925940085426,model::deberta,DeBERTa,42
1264,1,3.69935150956735e-05,0,0.019570925940085426,model::deberta,DeBERTa,42
13451,0,3.645857213996351e-05,0,0.019570925940085426,model::deberta,DeBERTa,42
1855,0,3.931112223654054e-05,0,0.019570925940085426,model::deberta,DeBERTa,42
1945,0,3.408298289286904e-05,0,0.019570925940085426,model::deberta,DeBERTa,42
12976,0,3.517619188642129e-05,0,0.019570925940085426,model::deberta,DeBERTa,42
12920,1,3.569234468159266e-05,0,0.019570925940085426,model::deberta,DeBERTa,42
6410,1,3.586717866710387e-05,0,0.019570925940085426,model::deberta,DeBERTa,42
6746,1,3.3998705475823954e-05,0,0.019570925940085426,model::deberta,DeBERTa,42
8067,1,3.687974094646052e-05,0,0.019570925940085426,model::deberta,DeBERTa,42
4846,1,3.653542808024213e-05,0,0.019570925940085426,model::deberta,DeBERTa,42
4533,1,3.628799095167778e-05,0,0.019570925940085426,model::deberta,DeBERTa,42
11794,1,3.585291779018007e-05,0,0.019570925940085426,model::deberta,DeBERTa,42
17267,0,3.604483572416939e-05,0,0.019570925940085426,model::deberta,DeBERTa,42
18522,0,3.45738953910768e-05,0,0.019570925940085426,model::deberta,DeBERTa,42
2937,1,3.806221502600238e-05,0,0.019570925940085426,model::deberta,DeBERTa,42
7387,1,3.486865170998499e-05,0,0.019570925940085426,model::deberta,DeBERTa,42
16334,1,3.7600071664201096e-05,0,0.019570925940085426,model::deberta,DeBERTa,42
4259,1,3.7388821510830894e-05,0,0.019570925940085426,model::deberta,DeBERTa,42
