sample_id,y_true,y_prob_machine_generated,y_pred,threshold,system_key,system,seed
10379,1,1.9811968741123565e-06,0,0.05772783383033802,model::deberta_v3_sentiment_gated,DeBERTa-v3 + Sentiment Profile (Gated),42
1092,1,1.956809001057991e-06,0,0.05772783383033802,model::deberta_v3_sentiment_gated,DeBERTa-v3 + Sentiment Profile (Gated),42
8924,0,3.459401568761677e-06,0,0.05772783383033802,model::deberta_v3_sentiment_gated,DeBERTa-v3 + Sentiment Profile (Gated),42
1291,0,1.2155164768046234e-06,0,0.05772783383033802,model::deberta_v3_sentiment_gated,DeBERTa-v3 + Sentiment Profile (Gated),42
13927,1,2.2992826416157186e-06,0,0.05772783383033802,model::deberta_v3_sentiment_gated,DeBERTa-v3 + Sentiment Profile (Gated),42
8035,0,2.565569957369007e-06,0,0.05772783383033802,model::deberta_v3_sentiment_gated,DeBERTa-v3 + Sentiment Profile (Gated),42
1632,1,1.663988427935692e-06,0,0.05772783383033802,model::deberta_v3_sentiment_gated,DeBERTa-v3 + Sentiment Profile (Gated),42
17416,1,1.961898988156463e-06,0,0.05772783383033802,model::deberta_v3_sentiment_gated,DeBERTa-v3 + Sentiment Profile (Gated),42
14654,1,3.5702018976735417e-06,0,0.05772783383033802,model::deberta_v3_sentiment_gated,DeBERTa-v3 + Sentiment Profile (Gated),42
5189,1,1.9680715013237204e-06,0,0.05772783383033802,model::deberta_v3_sentiment_gated,DeBERTa-v3 + Sentiment Profile (Gated),42
3026,1,2.430328777336399e-06,0,0.05772783383033802,model::deberta_v3_sentiment_gated,DeBERTa-v3 + Sentiment Profile (Gated),42
1353,1,3.99000145989703e-06,0,0.05772783383033802,model::deberta_v3_sentiment_gated,DeBERTa-v3 + Sentiment Profile (Gated),42
13373,0,5.588338808593107e-06,0,0.05772783383033802,model::deberta_v3_sentiment_gated,DeBERTa-v3 + Sentiment Profile (Gated),42
20409,1,1.8613774273035235e-06,0,0.05772783383033802,model::deberta_v3_sentiment_gated,DeBERTa-v3 + Sentiment Profile (Gated),42
19701,0,1.8266935057908995e-06,0,0.05772783383033802,model::deberta_v3_sentiment_gated,DeBERTa-v3 + Sentiment Profile (Gated),42
15296,0,1.3297141094881226e-06,0,0.05772783383033802,model::deberta_v3_sentiment_gated,DeBERTa-v3 + Sentiment Profile (Gated),42
18991,0,1.924150637933053e-06,0,0.05772783383033802,model::deberta_v3_sentiment_gated,DeBERTa-v3 + Sentiment Profile (Gated),42
512,1,1.7145935089502018e-06,0,0.05772783383033802,model::deberta_v3_sentiment_gated,DeBERTa-v3 + Sentiment Profile (Gated),42
18295,0,3.5707805636775447e-06,0,0.05772783383033802,model::deberta_v3_sentiment_gated,DeBERTa-v3 + Sentiment Profile (Gated),42
18450,1,2.10297980629548e-06,0,0.05772783383033802,model::deberta_v3_sentiment_gated,DeBERTa-v3 + Sentiment Profile (Gated),42
15675,1,1.988738631553133e-06,0,0.05772783383033802,model::deberta_v3_sentiment_gated,DeBERTa-v3 + Sentiment Profile (Gated),42
20025,0,4.502071533352137e-06,0,0.05772783383033802,model::deberta_v3_sentiment_gated,DeBERTa-v3 + Sentiment Profile (Gated),42
7229,0,2.4152870992111275e-06,0,0.05772783383033802,model::deberta_v3_sentiment_gated,DeBERTa-v3 + Sentiment Profile (Gated),42
10752,1,2.209019157817238e-06,0,0.05772783383033802,model::deberta_v3_sentiment_gated,DeBERTa-v3 + Sentiment Profile (Gated),42
20566,0,1.7603666719878674e-06,0,0.05772783383033802,model::deberta_v3_sentiment_gated,DeBERTa-v3 + Sentiment Profile (Gated),42
18854,0,2.9385796551650856e-06,0,0.05772783383033802,model::deberta_v3_sentiment_gated,DeBERTa-v3 + Sentiment Profile (Gated),42
9483,1,3.984868271800224e-06,0,0.05772783383033802,model::deberta_v3_sentiment_gated,DeBERTa-v3 + Sentiment Profile (Gated),42
5666,0,2.4188668703573057e-06,0,0.05772783383033802,model::deberta_v3_sentiment_gated,DeBERTa-v3 + Sentiment Profile (Gated),42
7486,1,2.767832256722613e-06,0,0.05772783383033802,model::deberta_v3_sentiment_gated,DeBERTa-v3 + Sentiment Profile (Gated),42
16331,1,1.9464011984382523e-06,0,0.05772783383033802,model::deberta_v3_sentiment_gated,DeBERTa-v3 + Sentiment Profile (Gated),42
2999,1,1.54699864651775e-06,0,0.05772783383033802,model::deberta_v3_sentiment_gated,DeBERTa-v3 + Sentiment Profile (Gated),42
3958,1,1.6283993318211287e-06,0,0.05772783383033802,model::deberta_v3_sentiment_gated,DeBERTa-v3 + Sentiment Profile (Gated),42
13982,0,1.2979318171346677e-06,0,0.05772783383033802,model::deberta_v3_sentiment_gated,DeBERTa-v3 + Sentiment Profile (Gated),42
17720,1,5.375653472583508e-06,0,0.05772783383033802,model::deberta_v3_sentiment_gated,DeBERTa-v3 + Sentiment Profile (Gated),42
18694,1,2.703699919948121e-06,0,0.05772783383033802,model::deberta_v3_sentiment_gated,DeBERTa-v3 + Sentiment Profile (Gated),42
4466,0,2.316189466000651e-06,0,0.05772783383033802,model::deberta_v3_sentiment_gated,DeBERTa-v3 + Sentiment Profile (Gated),42
19676,1,1.802751967261429e-06,0,0.05772783383033802,model::deberta_v3_sentiment_gated,DeBERTa-v3 + Sentiment Profile (Gated),42
20003,1,1.936864919116488e-06,0,0.05772783383033802,model::deberta_v3_sentiment_gated,DeBERTa-v3 + Sentiment Profile (Gated),42
8936,1,2.022466560447356e-06,0,0.05772783383033802,model::deberta_v3_sentiment_gated,DeBERTa-v3 + Sentiment Profile (Gated),42
12592,0,2.415763901808532e-06,0,0.05772783383033802,model::deberta_v3_sentiment_gated,DeBERTa-v3 + Sentiment Profile (Gated),42
2861,0,4.4607531890505925e-06,0,0.05772783383033802,model::deberta_v3_sentiment_gated,DeBERTa-v3 + Sentiment Profile (Gated),42
16760,0,1.7906310176840634e-06,0,0.05772783383033802,model::deberta_v3_sentiment_gated,DeBERTa-v3 + Sentiment Profile (Gated),42
4976,1,1.8836940398614388e-06,0,0.05772783383033802,model::deberta_v3_sentiment_gated,DeBERTa-v3 + Sentiment Profile (Gated),42
11506,0,6.665903492830694e-05,0,0.05772783383033802,model::deberta_v3_sentiment_gated,DeBERTa-v3 + Sentiment Profile (Gated),42
4974,1,3.1375304843095364e-06,0,0.05772783383033802,model::deberta_v3_sentiment_gated,DeBERTa-v3 + Sentiment Profile (Gated),42
12865,1,2.3387783585349098e-06,0,0.05772783383033802,model::deberta_v3_sentiment_gated,DeBERTa-v3 + Sentiment Profile (Gated),42
10717,1,2.23135043597722e-06,0,0.05772783383033802,model::deberta_v3_sentiment_gated,DeBERTa-v3 + Sentiment Profile (Gated),42
8625,1,3.534050165399094e-06,0,0.05772783383033802,model::deberta_v3_sentiment_gated,DeBERTa-v3 + Sentiment Profile (Gated),42
15748,0,8.79515937413089e-06,0,0.05772783383033802,model::deberta_v3_sentiment_gated,DeBERTa-v3 + Sentiment Profile (Gated),42
3681,0,1.5829915582799003e-06,0,0.05772783383033802,model::deberta_v3_sentiment_gated,DeBERTa-v3 + Sentiment Profile (Gated),42
1600,0,5.643464646709617e-06,0,0.05772783383033802,model::deberta_v3_sentiment_gated,DeBERTa-v3 + Sentiment Profile (Gated),42
11251,1,1.5797294281583163e-06,0,0.05772783383033802,model::deberta_v3_sentiment_gated,DeBERTa-v3 + Sentiment Profile (Gated),42
11286,1,2.309706360392738e-06,0,0.05772783383033802,model::deberta_v3_sentiment_gated,DeBERTa-v3 + Sentiment Profile (Gated),42
2808,0,2.469412947903038e-06,0,0.05772783383033802,model::deberta_v3_sentiment_gated,DeBERTa-v3 + Sentiment Profile (Gated),42
159,0,1.664194655859319e-06,0,0.05772783383033802,model::deberta_v3_sentiment_gated,DeBERTa-v3 + Sentiment Profile (Gated),42
12797,0,2.033059899986256e-06,0,0.05772783383033802,model::deberta_v3_sentiment_gated,DeBERTa-v3 + Sentiment Profile (Gated),42
3074,0,1.6762348877819022e-06,0,0.05772783383033802,model::deberta_v3_sentiment_gated,DeBERTa-v3 + Sentiment Profile (Gated),42
14840,0,2.1126204501342727e-06,0,0.05772783383033802,model::deberta_v3_sentiment_gated,DeBERTa-v3 + Sentiment Profile (Gated),42
12328,0,2.868042201953358e-06,0,0.05772783383033802,model::deberta_v3_sentiment_gated,DeBERTa-v3 + Sentiment Profile (Gated),42
95,1,3.0651713132101577e-06,0,0.05772783383033802,model::deberta_v3_sentiment_gated,DeBERTa-v3 + Sentiment Profile (Gated),42
1308,0,4.0513814383302815e-06,0,0.05772783383033802,model::deberta_v3_sentiment_gated,DeBERTa-v3 + Sentiment Profile (Gated),42
3386,1,1.6199793435589529e-06,0,0.05772783383033802,model::deberta_v3_sentiment_gated,DeBERTa-v3 + Sentiment Profile (Gated),42
15472,0,1.4705024113936815e-06,0,0.05772783383033802,model::deberta_v3_sentiment_gated,DeBERTa-v3 + Sentiment Profile (Gated),42
16039,0,1.329517544945702e-06,0,0.05772783383033802,model::deberta_v3_sentiment_gated,DeBERTa-v3 + Sentiment Profile (Gated),42
15903,1,1.9344429347256664e-06,0,0.05772783383033802,model::deberta_v3_sentiment_gated,DeBERTa-v3 + Sentiment Profile (Gated),42
13242,1,1.6547229506613803e-06,0,0.05772783383033802,model::deberta_v3_sentiment_gated,DeBERTa-v3 + Sentiment Profile (Gated),42
5334,1,2.740557874858496e-06,0,0.05772783383033802,model::deberta_v3_sentiment_gated,DeBERTa-v3 + Sentiment Profile (Gated),42
20678,1,2.250430270578363e-06,0,0.05772783383033802,model::deberta_v3_sentiment_gated,DeBERTa-v3 + Sentiment Profile (Gated),42
7102,0,1.447445015401172e-06,0,0.05772783383033802,model::deberta_v3_sentiment_gated,DeBERTa-v3 + Sentiment Profile (Gated),42
17456,1,1.6016620065784082e-06,0,0.05772783383033802,model::deberta_v3_sentiment_gated,DeBERTa-v3 + Sentiment Profile (Gated),42
17207,1,2.029263214353705e-06,0,0.05772783383033802,model::deberta_v3_sentiment_gated,DeBERTa-v3 + Sentiment Profile (Gated),42
20060,0,1.494224306952674e-05,0,0.05772783383033802,model::deberta_v3_sentiment_gated,DeBERTa-v3 + Sentiment Profile (Gated),42
8328,1,2.1036537418694934e-06,0,0.05772783383033802,model::deberta_v3_sentiment_gated,DeBERTa-v3 + Sentiment Profile (Gated),42
5697,1,1.74004708242137e-06,0,0.05772783383033802,model::deberta_v3_sentiment_gated,DeBERTa-v3 + Sentiment Profile (Gated),42
3917,1,3.3525841445225524e-06,0,0.05772783383033802,model::deberta_v3_sentiment_gated,DeBERTa-v3 + Sentiment Profile (Gated),42
7890,0,5.711762696591904e-06,0,0.05772783383033802,model::deberta_v3_sentiment_gated,DeBERTa-v3 + Sentiment Profile (Gated),42
20874,0,1.6572210370213725e-05,0,0.05772783383033802,model::deberta_v3_sentiment_gated,DeBERTa-v3 + Sentiment Profile (Gated),42
9228,0,1.960557938218699e-06,0,0.05772783383033802,model::deberta_v3_sentiment_gated,DeBERTa-v3 + Sentiment Profile (Gated),42
7626,1,1.7326517536275787e-06,0,0.05772783383033802,model::deberta_v3_sentiment_gated,DeBERTa-v3 + Sentiment Profile (Gated),42
17701,1,3.3234371130674845e-06,0,0.05772783383033802,model::deberta_v3_sentiment_gated,DeBERTa-v3 + Sentiment Profile (Gated),42
2326,1,1.9669942048494704e-06,0,0.05772783383033802,model::deberta_v3_sentiment_gated,DeBERTa-v3 + Sentiment Profile (Gated),42
10548,1,1.6246949599008076e-06,0,0.05772783383033802,model::deberta_v3_sentiment_gated,DeBERTa-v3 + Sentiment Profile (Gated),42
5550,0,2.851805902537308e-06,0,0.05772783383033802,model::deberta_v3_sentiment_gated,DeBERTa-v3 + Sentiment Profile (Gated),42
20860,0,2.5032627490872983e-06,0,0.05772783383033802,model::deberta_v3_sentiment_gated,DeBERTa-v3 + Sentiment Profile (Gated),42
14054,1,7.946196092234459e-06,0,0.05772783383033802,model::deberta_v3_sentiment_gated,DeBERTa-v3 + Sentiment Profile (Gated),42
14852,0,1.409982928635145e-06,0,0.05772783383033802,model::deberta_v3_sentiment_gated,DeBERTa-v3 + Sentiment Profile (Gated),42
11175,1,2.321251031389693e-06,0,0.05772783383033802,model::deberta_v3_sentiment_gated,DeBERTa-v3 + Sentiment Profile (Gated),42
2207,0,7.949743121571373e-06,0,0.05772783383033802,model::deberta_v3_sentiment_gated,DeBERTa-v3 + Sentiment Profile (Gated),42
6783,1,1.534072907816153e-06,0,0.05772783383033802,model::deberta_v3_sentiment_gated,DeBERTa-v3 + Sentiment Profile (Gated),42
2699,0,1.2208697626192588e-06,0,0.05772783383033802,model::deberta_v3_sentiment_gated,DeBERTa-v3 + Sentiment Profile (Gated),42
4090,0,1.5283691254808218e-06,0,0.05772783383033802,model::deberta_v3_sentiment_gated,DeBERTa-v3 + Sentiment Profile (Gated),42
7244,0,4.640930455934722e-06,0,0.05772783383033802,model::deberta_v3_sentiment_gated,DeBERTa-v3 + Sentiment Profile (Gated),42
11424,0,1.4510716255244915e-06,0,0.05772783383033802,model::deberta_v3_sentiment_gated,DeBERTa-v3 + Sentiment Profile (Gated),42
16052,0,1.3089627373119583e-06,0,0.05772783383033802,model::deberta_v3_sentiment_gated,DeBERTa-v3 + Sentiment Profile (Gated),42
12196,0,1.6924600458878558e-06,0,0.05772783383033802,model::deberta_v3_sentiment_gated,DeBERTa-v3 + Sentiment Profile (Gated),42
5583,1,1.508147647655278e-06,0,0.05772783383033802,model::deberta_v3_sentiment_gated,DeBERTa-v3 + Sentiment Profile (Gated),42
7455,1,2.9097866445226828e-06,0,0.05772783383033802,model::deberta_v3_sentiment_gated,DeBERTa-v3 + Sentiment Profile (Gated),42
846,0,1.5976498843883746e-06,0,0.05772783383033802,model::deberta_v3_sentiment_gated,DeBERTa-v3 + Sentiment Profile (Gated),42
3005,1,2.3726606741547585e-06,0,0.05772783383033802,model::deberta_v3_sentiment_gated,DeBERTa-v3 + Sentiment Profile (Gated),42
4180,0,3.3057165182981407e-06,0,0.05772783383033802,model::deberta_v3_sentiment_gated,DeBERTa-v3 + Sentiment Profile (Gated),42
6266,0,3.067577836191049e-06,0,0.05772783383033802,model::deberta_v3_sentiment_gated,DeBERTa-v3 + Sentiment Profile (Gated),42
7721,1,5.510009941644967e-05,0,0.05772783383033802,model::deberta_v3_sentiment_gated,DeBERTa-v3 + Sentiment Profile (Gated),42
8374,1,4.562548838293878e-06,0,0.05772783383033802,model::deberta_v3_sentiment_gated,DeBERTa-v3 + Sentiment Profile (Gated),42
14457,1,2.6689590413297992e-06,0,0.05772783383033802,model::deberta_v3_sentiment_gated,DeBERTa-v3 + Sentiment Profile (Gated),42
17052,1,2.430595486657694e-06,0,0.05772783383033802,model::deberta_v3_sentiment_gated,DeBERTa-v3 + Sentiment Profile (Gated),42
15630,1,2.014708343267557e-06,0,0.05772783383033802,model::deberta_v3_sentiment_gated,DeBERTa-v3 + Sentiment Profile (Gated),42
8013,1,3.979384473495884e-06,0,0.05772783383033802,model::deberta_v3_sentiment_gated,DeBERTa-v3 + Sentiment Profile (Gated),42
10556,0,2.3113723273127107e-06,0,0.05772783383033802,model::deberta_v3_sentiment_gated,DeBERTa-v3 + Sentiment Profile (Gated),42
6752,0,3.3357162010361208e-06,0,0.05772783383033802,model::deberta_v3_sentiment_gated,DeBERTa-v3 + Sentiment Profile (Gated),42
4344,0,2.747761391219683e-05,0,0.05772783383033802,model::deberta_v3_sentiment_gated,DeBERTa-v3 + Sentiment Profile (Gated),42
3687,1,1.945887106558075e-06,0,0.05772783383033802,model::deberta_v3_sentiment_gated,DeBERTa-v3 + Sentiment Profile (Gated),42
4189,1,1.764750436450413e-06,0,0.05772783383033802,model::deberta_v3_sentiment_gated,DeBERTa-v3 + Sentiment Profile (Gated),42
10831,1,1.5017900295788422e-05,0,0.05772783383033802,model::deberta_v3_sentiment_gated,DeBERTa-v3 + Sentiment Profile (Gated),42
3743,0,1.3458452485792805e-06,0,0.05772783383033802,model::deberta_v3_sentiment_gated,DeBERTa-v3 + Sentiment Profile (Gated),42
20504,0,2.1067014586151345e-06,0,0.05772783383033802,model::deberta_v3_sentiment_gated,DeBERTa-v3 + Sentiment Profile (Gated),42
2869,1,1.321409968113585e-06,0,0.05772783383033802,model::deberta_v3_sentiment_gated,DeBERTa-v3 + Sentiment Profile (Gated),42
14846,1,2.240096591776819e-06,0,0.05772783383033802,model::deberta_v3_sentiment_gated,DeBERTa-v3 + Sentiment Profile (Gated),42
8988,0,1.5962715451678378e-06,0,0.05772783383033802,model::deberta_v3_sentiment_gated,DeBERTa-v3 + Sentiment Profile (Gated),42
12023,1,3.214217258573626e-06,0,0.05772783383033802,model::deberta_v3_sentiment_gated,DeBERTa-v3 + Sentiment Profile (Gated),42
14099,1,1.744393443914305e-06,0,0.05772783383033802,model::deberta_v3_sentiment_gated,DeBERTa-v3 + Sentiment Profile (Gated),42
14724,0,6.455344191635959e-06,0,0.05772783383033802,model::deberta_v3_sentiment_gated,DeBERTa-v3 + Sentiment Profile (Gated),42
4785,0,1.6474639323860174e-06,0,0.05772783383033802,model::deberta_v3_sentiment_gated,DeBERTa-v3 + Sentiment Profile (Gated),42
20713,0,2.37673725678178e-06,0,0.05772783383033802,model::deberta_v3_sentiment_gated,DeBERTa-v3 + Sentiment Profile (Gated),42
8986,0,1.4508461845252896e-06,0,0.05772783383033802,model::deberta_v3_sentiment_gated,DeBERTa-v3 + Sentiment Profile (Gated),42
39,0,1.6022822819650171e-06,0,0.05772783383033802,model::deberta_v3_sentiment_gated,DeBERTa-v3 + Sentiment Profile (Gated),42
15187,0,2.084674997604452e-05,0,0.05772783383033802,model::deberta_v3_sentiment_gated,DeBERTa-v3 + Sentiment Profile (Gated),42
1492,1,2.6198015348199988e-06,0,0.05772783383033802,model::deberta_v3_sentiment_gated,DeBERTa-v3 + Sentiment Profile (Gated),42
20588,0,1.5040612879602122e-06,0,0.05772783383033802,model::deberta_v3_sentiment_gated,DeBERTa-v3 + Sentiment Profile (Gated),42
8231,1,2.3843927010602783e-06,0,0.05772783383033802,model::deberta_v3_sentiment_gated,DeBERTa-v3 + Sentiment Profile (Gated),42
5094,1,3.142288505841861e-06,0,0.05772783383033802,model::deberta_v3_sentiment_gated,DeBERTa-v3 + Sentiment Profile (Gated),42
7483,0,1.2220742746649194e-06,0,0.05772783383033802,model::deberta_v3_sentiment_gated,DeBERTa-v3 + Sentiment Profile (Gated),42
753,0,1.4918044826117691e-06,0,0.05772783383033802,model::deberta_v3_sentiment_gated,DeBERTa-v3 + Sentiment Profile (Gated),42
1416,0,2.808870476656012e-06,0,0.05772783383033802,model::deberta_v3_sentiment_gated,DeBERTa-v3 + Sentiment Profile (Gated),42
6055,1,1.394865876136464e-06,0,0.05772783383033802,model::deberta_v3_sentiment_gated,DeBERTa-v3 + Sentiment Profile (Gated),42
11306,1,1.5721233239673893e-06,0,0.05772783383033802,model::deberta_v3_sentiment_gated,DeBERTa-v3 + Sentiment Profile (Gated),42
15807,1,2.4747857878537616e-06,0,0.05772783383033802,model::deberta_v3_sentiment_gated,DeBERTa-v3 + Sentiment Profile (Gated),42
11393,0,1.602309794179746e-06,0,0.05772783383033802,model::deberta_v3_sentiment_gated,DeBERTa-v3 + Sentiment Profile (Gated),42
1532,1,2.6952197913487907e-06,0,0.05772783383033802,model::deberta_v3_sentiment_gated,DeBERTa-v3 + Sentiment Profile (Gated),42
17823,1,2.2046901904104743e-06,0,0.05772783383033802,model::deberta_v3_sentiment_gated,DeBERTa-v3 + Sentiment Profile (Gated),42
912,1,2.149060037481832e-06,0,0.05772783383033802,model::deberta_v3_sentiment_gated,DeBERTa-v3 + Sentiment Profile (Gated),42
9162,1,1.7725667476042872e-06,0,0.05772783383033802,model::deberta_v3_sentiment_gated,DeBERTa-v3 + Sentiment Profile (Gated),42
12703,0,1.4037308346814823e-06,0,0.05772783383033802,model::deberta_v3_sentiment_gated,DeBERTa-v3 + Sentiment Profile (Gated),42
14284,0,1.2351126770226983e-06,0,0.05772783383033802,model::deberta_v3_sentiment_gated,DeBERTa-v3 + Sentiment Profile (Gated),42
11887,1,4.096202701475704e-06,0,0.05772783383033802,model::deberta_v3_sentiment_gated,DeBERTa-v3 + Sentiment Profile (Gated),42
4680,1,2.1094494968565414e-06,0,0.05772783383033802,model::deberta_v3_sentiment_gated,DeBERTa-v3 + Sentiment Profile (Gated),42
9114,1,2.109616616507992e-06,0,0.05772783383033802,model::deberta_v3_sentiment_gated,DeBERTa-v3 + Sentiment Profile (Gated),42
15087,1,1.845689553192642e-06,0,0.05772783383033802,model::deberta_v3_sentiment_gated,DeBERTa-v3 + Sentiment Profile (Gated),42
11501,0,0.0001347760407952,0,0.05772783383033802,model::deberta_v3_sentiment_gated,DeBERTa-v3 + Sentiment Profile (Gated),42
9261,1,1.7928422266777488e-06,0,0.05772783383033802,model::deberta_v3_sentiment_gated,DeBERTa-v3 + Sentiment Profile (Gated),42
17032,1,1.8682402469494264e-06,0,0.05772783383033802,model::deberta_v3_sentiment_gated,DeBERTa-v3 + Sentiment Profile (Gated),42
13742,0,2.9125685614417307e-06,0,0.05772783383033802,model::deberta_v3_sentiment_gated,DeBERTa-v3 + Sentiment Profile (Gated),42
607,1,1.7889276477944804e-06,0,0.05772783383033802,model::deberta_v3_sentiment_gated,DeBERTa-v3 + Sentiment Profile (Gated),42
16065,1,2.066801926048356e-06,0,0.05772783383033802,model::deberta_v3_sentiment_gated,DeBERTa-v3 + Sentiment Profile (Gated),42
1061,0,2.002911060117185e-06,0,0.05772783383033802,model::deberta_v3_sentiment_gated,DeBERTa-v3 + Sentiment Profile (Gated),42
9683,0,1.2540830311991158e-06,0,0.05772783383033802,model::deberta_v3_sentiment_gated,DeBERTa-v3 + Sentiment Profile (Gated),42
9767,1,2.0543118353089085e-06,0,0.05772783383033802,model::deberta_v3_sentiment_gated,DeBERTa-v3 + Sentiment Profile (Gated),42
1792,0,2.691431518542231e-06,0,0.05772783383033802,model::deberta_v3_sentiment_gated,DeBERTa-v3 + Sentiment Profile (Gated),42
3351,0,1.176870227936888e-06,0,0.05772783383033802,model::deberta_v3_sentiment_gated,DeBERTa-v3 + Sentiment Profile (Gated),42
4098,0,3.653932708402863e-06,0,0.05772783383033802,model::deberta_v3_sentiment_gated,DeBERTa-v3 + Sentiment Profile (Gated),42
1194,0,2.849503289326094e-06,0,0.05772783383033802,model::deberta_v3_sentiment_gated,DeBERTa-v3 + Sentiment Profile (Gated),42
12026,0,2.020376768996357e-06,0,0.05772783383033802,model::deberta_v3_sentiment_gated,DeBERTa-v3 + Sentiment Profile (Gated),42
4868,1,1.7758222838892834e-06,0,0.05772783383033802,model::deberta_v3_sentiment_gated,DeBERTa-v3 + Sentiment Profile (Gated),42
19019,1,1.88623778285546e-06,0,0.05772783383033802,model::deberta_v3_sentiment_gated,DeBERTa-v3 + Sentiment Profile (Gated),42
19855,1,1.7497617363915197e-06,0,0.05772783383033802,model::deberta_v3_sentiment_gated,DeBERTa-v3 + Sentiment Profile (Gated),42
9565,1,2.237056605736143e-06,0,0.05772783383033802,model::deberta_v3_sentiment_gated,DeBERTa-v3 + Sentiment Profile (Gated),42
1647,1,1.9488882117002504e-06,0,0.05772783383033802,model::deberta_v3_sentiment_gated,DeBERTa-v3 + Sentiment Profile (Gated),42
15961,1,2.119970986314001e-06,0,0.05772783383033802,model::deberta_v3_sentiment_gated,DeBERTa-v3 + Sentiment Profile (Gated),42
285,0,1.7830343495006673e-06,0,0.05772783383033802,model::deberta_v3_sentiment_gated,DeBERTa-v3 + Sentiment Profile (Gated),42
18138,0,3.414224238440511e-06,0,0.05772783383033802,model::deberta_v3_sentiment_gated,DeBERTa-v3 + Sentiment Profile (Gated),42
3347,0,1.324377194578119e-06,0,0.05772783383033802,model::deberta_v3_sentiment_gated,DeBERTa-v3 + Sentiment Profile (Gated),42
19656,1,2.276484110552701e-06,0,0.05772783383033802,model::deberta_v3_sentiment_gated,DeBERTa-v3 + Sentiment Profile (Gated),42
12678,1,2.5161323264910607e-06,0,0.05772783383033802,model::deberta_v3_sentiment_gated,DeBERTa-v3 + Sentiment Profile (Gated),42
4231,0,1.305056343881006e-06,0,0.05772783383033802,model::deberta_v3_sentiment_gated,DeBERTa-v3 + Sentiment Profile (Gated),42
13425,1,2.8126903544034576e-06,0,0.05772783383033802,model::deberta_v3_sentiment_gated,DeBERTa-v3 + Sentiment Profile (Gated),42
6282,0,2.132002009602729e-06,0,0.05772783383033802,model::deberta_v3_sentiment_gated,DeBERTa-v3 + Sentiment Profile (Gated),42
12418,1,1.6932027619986911e-06,0,0.05772783383033802,model::deberta_v3_sentiment_gated,DeBERTa-v3 + Sentiment Profile (Gated),42
10239,1,2.294435034855269e-06,0,0.05772783383033802,model::deberta_v3_sentiment_gated,DeBERTa-v3 + Sentiment Profile (Gated),42
6212,1,1.7529233673485578e-06,0,0.05772783383033802,model::deberta_v3_sentiment_gated,DeBERTa-v3 + Sentiment Profile (Gated),42
24,1,2.462550583004486e-06,0,0.05772783383033802,model::deberta_v3_sentiment_gated,DeBERTa-v3 + Sentiment Profile (Gated),42
6691,0,2.414183882137877e-06,0,0.05772783383033802,model::deberta_v3_sentiment_gated,DeBERTa-v3 + Sentiment Profile (Gated),42
3507,1,1.9762489955610363e-06,0,0.05772783383033802,model::deberta_v3_sentiment_gated,DeBERTa-v3 + Sentiment Profile (Gated),42
6583,1,2.820993813656969e-06,0,0.05772783383033802,model::deberta_v3_sentiment_gated,DeBERTa-v3 + Sentiment Profile (Gated),42
15156,1,1.945313670148608e-06,0,0.05772783383033802,model::deberta_v3_sentiment_gated,DeBERTa-v3 + Sentiment Profile (Gated),42
14876,0,3.2012619612942217e-06,0,0.05772783383033802,model::deberta_v3_sentiment_gated,DeBERTa-v3 + Sentiment Profile (Gated),42
15809,0,2.7852181574417045e-06,0,0.05772783383033802,model::deberta_v3_sentiment_gated,DeBERTa-v3 + Sentiment Profile (Gated),42
19948,0,3.5390992252359865e-06,0,0.05772783383033802,model::deberta_v3_sentiment_gated,DeBERTa-v3 + Sentiment Profile (Gated),42
20661,0,1.5337862350861542e-05,0,0.05772783383033802,model::deberta_v3_sentiment_gated,DeBERTa-v3 + Sentiment Profile (Gated),42
15457,1,2.0670386220444925e-06,0,0.05772783383033802,model::deberta_v3_sentiment_gated,DeBERTa-v3 + Sentiment Profile (Gated),42
16560,1,1.5732827023384743e-06,0,0.05772783383033802,model::deberta_v3_sentiment_gated,DeBERTa-v3 + Sentiment Profile (Gated),42
3353,0,2.3723960111965425e-06,0,0.05772783383033802,model::deberta_v3_sentiment_gated,DeBERTa-v3 + Sentiment Profile (Gated),42
15343,1,2.6682641873776447e-06,0,0.05772783383033802,model::deberta_v3_sentiment_gated,DeBERTa-v3 + Sentiment Profile (Gated),42
139,1,3.824258783424739e-06,0,0.05772783383033802,model::deberta_v3_sentiment_gated,DeBERTa-v3 + Sentiment Profile (Gated),42
14673,1,1.9009066818398423e-06,0,0.05772783383033802,model::deberta_v3_sentiment_gated,DeBERTa-v3 + Sentiment Profile (Gated),42
18413,1,2.653743194969138e-06,0,0.05772783383033802,model::deberta_v3_sentiment_gated,DeBERTa-v3 + Sentiment Profile (Gated),42
11800,0,1.7351618453176345e-06,0,0.05772783383033802,model::deberta_v3_sentiment_gated,DeBERTa-v3 + Sentiment Profile (Gated),42
1827,0,2.105060730173136e-06,0,0.05772783383033802,model::deberta_v3_sentiment_gated,DeBERTa-v3 + Sentiment Profile (Gated),42
18537,0,1.7200276261064571e-06,0,0.05772783383033802,model::deberta_v3_sentiment_gated,DeBERTa-v3 + Sentiment Profile (Gated),42
1799,0,2.1119114990142407e-06,0,0.05772783383033802,model::deberta_v3_sentiment_gated,DeBERTa-v3 + Sentiment Profile (Gated),42
326,1,1.6929444655033876e-06,0,0.05772783383033802,model::deberta_v3_sentiment_gated,DeBERTa-v3 + Sentiment Profile (Gated),42
11382,0,4.861700290348381e-06,0,0.05772783383033802,model::deberta_v3_sentiment_gated,DeBERTa-v3 + Sentiment Profile (Gated),42
19498,1,2.1494165594049264e-06,0,0.05772783383033802,model::deberta_v3_sentiment_gated,DeBERTa-v3 + Sentiment Profile (Gated),42
14625,0,6.487578048108844e-06,0,0.05772783383033802,model::deberta_v3_sentiment_gated,DeBERTa-v3 + Sentiment Profile (Gated),42
14044,1,1.6880046587175457e-06,0,0.05772783383033802,model::deberta_v3_sentiment_gated,DeBERTa-v3 + Sentiment Profile (Gated),42
17779,0,3.820846814051038e-06,0,0.05772783383033802,model::deberta_v3_sentiment_gated,DeBERTa-v3 + Sentiment Profile (Gated),42
19114,0,2.599619847387657e-06,0,0.05772783383033802,model::deberta_v3_sentiment_gated,DeBERTa-v3 + Sentiment Profile (Gated),42
1387,1,1.6960925677267369e-06,0,0.05772783383033802,model::deberta_v3_sentiment_gated,DeBERTa-v3 + Sentiment Profile (Gated),42
10624,1,2.071739345410606e-06,0,0.05772783383033802,model::deberta_v3_sentiment_gated,DeBERTa-v3 + Sentiment Profile (Gated),42
20310,0,5.672347924701171e-06,0,0.05772783383033802,model::deberta_v3_sentiment_gated,DeBERTa-v3 + Sentiment Profile (Gated),42
4592,0,1.401700410497142e-05,0,0.05772783383033802,model::deberta_v3_sentiment_gated,DeBERTa-v3 + Sentiment Profile (Gated),42
10484,0,2.45399337472918e-06,0,0.05772783383033802,model::deberta_v3_sentiment_gated,DeBERTa-v3 + Sentiment Profile (Gated),42
819,0,2.6816778699867427e-06,0,0.05772783383033802,model::deberta_v3_sentiment_gated,DeBERTa-v3 + Sentiment Profile (Gated),42
12702,1,1.6163635336852169e-06,0,0.05772783383033802,model::deberta_v3_sentiment_gated,DeBERTa-v3 + Sentiment Profile (Gated),42
11791,1,2.9319762688828632e-06,0,0.05772783383033802,model::deberta_v3_sentiment_gated,DeBERTa-v3 + Sentiment Profile (Gated),42
10008,0,1.1242033224334591e-06,0,0.05772783383033802,model::deberta_v3_sentiment_gated,DeBERTa-v3 + Sentiment Profile (Gated),42
10395,0,1.509648427600041e-06,0,0.05772783383033802,model::deberta_v3_sentiment_gated,DeBERTa-v3 + Sentiment Profile (Gated),42
2941,1,2.153158675355371e-06,0,0.05772783383033802,model::deberta_v3_sentiment_gated,DeBERTa-v3 + Sentiment Profile (Gated),42
6203,0,2.12349186767824e-06,0,0.05772783383033802,model::deberta_v3_sentiment_gated,DeBERTa-v3 + Sentiment Profile (Gated),42
3563,1,1.7185749356940503e-06,0,0.05772783383033802,model::deberta_v3_sentiment_gated,DeBERTa-v3 + Sentiment Profile (Gated),42
14100,0,1.424901142854651e-06,0,0.05772783383033802,model::deberta_v3_sentiment_gated,DeBERTa-v3 + Sentiment Profile (Gated),42
4129,0,3.960167305194773e-06,0,0.05772783383033802,model::deberta_v3_sentiment_gated,DeBERTa-v3 + Sentiment Profile (Gated),42
7813,1,2.107332420564489e-06,0,0.05772783383033802,model::deberta_v3_sentiment_gated,DeBERTa-v3 + Sentiment Profile (Gated),42
16228,1,1.847820612965733e-06,0,0.05772783383033802,model::deberta_v3_sentiment_gated,DeBERTa-v3 + Sentiment Profile (Gated),42
21120,1,2.53227540270018e-06,0,0.05772783383033802,model::deberta_v3_sentiment_gated,DeBERTa-v3 + Sentiment Profile (Gated),42
13948,0,1.624526134946791e-06,0,0.05772783383033802,model::deberta_v3_sentiment_gated,DeBERTa-v3 + Sentiment Profile (Gated),42
9284,1,2.0248980945325457e-06,0,0.05772783383033802,model::deberta_v3_sentiment_gated,DeBERTa-v3 + Sentiment Profile (Gated),42
8347,0,1.2509471162047705e-05,0,0.05772783383033802,model::deberta_v3_sentiment_gated,DeBERTa-v3 + Sentiment Profile (Gated),42
5542,0,1.2535771247712546e-06,0,0.05772783383033802,model::deberta_v3_sentiment_gated,DeBERTa-v3 + Sentiment Profile (Gated),42
13005,1,2.046232566499384e-06,0,0.05772783383033802,model::deberta_v3_sentiment_gated,DeBERTa-v3 + Sentiment Profile (Gated),42
111,1,3.352529574840446e-06,0,0.05772783383033802,model::deberta_v3_sentiment_gated,DeBERTa-v3 + Sentiment Profile (Gated),42
18715,0,1.9604101453296607e-06,0,0.05772783383033802,model::deberta_v3_sentiment_gated,DeBERTa-v3 + Sentiment Profile (Gated),42
9630,1,1.7806281675802893e-06,0,0.05772783383033802,model::deberta_v3_sentiment_gated,DeBERTa-v3 + Sentiment Profile (Gated),42
14498,1,2.2507865651277825e-06,0,0.05772783383033802,model::deberta_v3_sentiment_gated,DeBERTa-v3 + Sentiment Profile (Gated),42
16013,1,2.530759275032324e-06,0,0.05772783383033802,model::deberta_v3_sentiment_gated,DeBERTa-v3 + Sentiment Profile (Gated),42
3862,1,1.98842394638632e-06,0,0.05772783383033802,model::deberta_v3_sentiment_gated,DeBERTa-v3 + Sentiment Profile (Gated),42
8953,1,1.752577418301371e-06,0,0.05772783383033802,model::deberta_v3_sentiment_gated,DeBERTa-v3 + Sentiment Profile (Gated),42
4930,1,1.9609187802416272e-06,0,0.05772783383033802,model::deberta_v3_sentiment_gated,DeBERTa-v3 + Sentiment Profile (Gated),42
6229,0,5.348703780327924e-06,0,0.05772783383033802,model::deberta_v3_sentiment_gated,DeBERTa-v3 + Sentiment Profile (Gated),42
11757,1,2.2279057247942542e-06,0,0.05772783383033802,model::deberta_v3_sentiment_gated,DeBERTa-v3 + Sentiment Profile (Gated),42
2247,0,1.592512717252248e-06,0,0.05772783383033802,model::deberta_v3_sentiment_gated,DeBERTa-v3 + Sentiment Profile (Gated),42
10885,1,2.8483812002377817e-06,0,0.05772783383033802,model::deberta_v3_sentiment_gated,DeBERTa-v3 + Sentiment Profile (Gated),42
20406,0,1.4158997601043666e-06,0,0.05772783383033802,model::deberta_v3_sentiment_gated,DeBERTa-v3 + Sentiment Profile (Gated),42
15691,0,2.803769575621118e-06,0,0.05772783383033802,model::deberta_v3_sentiment_gated,DeBERTa-v3 + Sentiment Profile (Gated),42
8914,0,1.2747980235872092e-06,0,0.05772783383033802,model::deberta_v3_sentiment_gated,DeBERTa-v3 + Sentiment Profile (Gated),42
15641,1,2.155509037038428e-06,0,0.05772783383033802,model::deberta_v3_sentiment_gated,DeBERTa-v3 + Sentiment Profile (Gated),42
18481,1,2.2625908968620934e-06,0,0.05772783383033802,model::deberta_v3_sentiment_gated,DeBERTa-v3 + Sentiment Profile (Gated),42
10771,0,1.7971492525248325e-06,0,0.05772783383033802,model::deberta_v3_sentiment_gated,DeBERTa-v3 + Sentiment Profile (Gated),42
632,0,3.11831058752432e-06,0,0.05772783383033802,model::deberta_v3_sentiment_gated,DeBERTa-v3 + Sentiment Profile (Gated),42
4261,1,1.955532752617728e-06,0,0.05772783383033802,model::deberta_v3_sentiment_gated,DeBERTa-v3 + Sentiment Profile (Gated),42
13653,0,1.2510688975453377e-05,0,0.05772783383033802,model::deberta_v3_sentiment_gated,DeBERTa-v3 + Sentiment Profile (Gated),42
6990,0,4.113117029191926e-06,0,0.05772783383033802,model::deberta_v3_sentiment_gated,DeBERTa-v3 + Sentiment Profile (Gated),42
17412,1,5.2117143241048325e-06,0,0.05772783383033802,model::deberta_v3_sentiment_gated,DeBERTa-v3 + Sentiment Profile (Gated),42
8163,0,3.2911650578171248e-06,0,0.05772783383033802,model::deberta_v3_sentiment_gated,DeBERTa-v3 + Sentiment Profile (Gated),42
12223,1,1.835743319134053e-06,0,0.05772783383033802,model::deberta_v3_sentiment_gated,DeBERTa-v3 + Sentiment Profile (Gated),42
7679,1,1.932720579134184e-06,0,0.05772783383033802,model::deberta_v3_sentiment_gated,DeBERTa-v3 + Sentiment Profile (Gated),42
1839,1,2.1578805444733007e-06,0,0.05772783383033802,model::deberta_v3_sentiment_gated,DeBERTa-v3 + Sentiment Profile (Gated),42
1912,0,1.5996714637367404e-06,0,0.05772783383033802,model::deberta_v3_sentiment_gated,DeBERTa-v3 + Sentiment Profile (Gated),42
8034,0,1.5956034076225478e-06,0,0.05772783383033802,model::deberta_v3_sentiment_gated,DeBERTa-v3 + Sentiment Profile (Gated),42
6558,0,2.057958909063018e-06,0,0.05772783383033802,model::deberta_v3_sentiment_gated,DeBERTa-v3 + Sentiment Profile (Gated),42
5357,0,3.283239948359551e-06,0,0.05772783383033802,model::deberta_v3_sentiment_gated,DeBERTa-v3 + Sentiment Profile (Gated),42
18423,0,1.402165366926056e-06,0,0.05772783383033802,model::deberta_v3_sentiment_gated,DeBERTa-v3 + Sentiment Profile (Gated),42
14058,0,6.81812116454239e-06,0,0.05772783383033802,model::deberta_v3_sentiment_gated,DeBERTa-v3 + Sentiment Profile (Gated),42
16942,0,1.8095179257215928e-06,0,0.05772783383033802,model::deberta_v3_sentiment_gated,DeBERTa-v3 + Sentiment Profile (Gated),42
5449,0,5.932974545430625e-06,0,0.05772783383033802,model::deberta_v3_sentiment_gated,DeBERTa-v3 + Sentiment Profile (Gated),42
6530,0,2.152017259504646e-06,0,0.05772783383033802,model::deberta_v3_sentiment_gated,DeBERTa-v3 + Sentiment Profile (Gated),42
13569,1,1.743724965308502e-06,0,0.05772783383033802,model::deberta_v3_sentiment_gated,DeBERTa-v3 + Sentiment Profile (Gated),42
13881,1,1.796390165509365e-06,0,0.05772783383033802,model::deberta_v3_sentiment_gated,DeBERTa-v3 + Sentiment Profile (Gated),42
12804,0,1.3904658544561244e-06,0,0.05772783383033802,model::deberta_v3_sentiment_gated,DeBERTa-v3 + Sentiment Profile (Gated),42
2770,0,1.7385906403433182e-06,0,0.05772783383033802,model::deberta_v3_sentiment_gated,DeBERTa-v3 + Sentiment Profile (Gated),42
3909,1,1.6154897366504883e-06,0,0.05772783383033802,model::deberta_v3_sentiment_gated,DeBERTa-v3 + Sentiment Profile (Gated),42
5847,0,6.33240688330261e-06,0,0.05772783383033802,model::deberta_v3_sentiment_gated,DeBERTa-v3 + Sentiment Profile (Gated),42
16422,1,2.221549266323564e-06,0,0.05772783383033802,model::deberta_v3_sentiment_gated,DeBERTa-v3 + Sentiment Profile (Gated),42
6021,1,2.0240756839484675e-06,0,0.05772783383033802,model::deberta_v3_sentiment_gated,DeBERTa-v3 + Sentiment Profile (Gated),42
10868,1,1.8617661226016933e-06,0,0.05772783383033802,model::deberta_v3_sentiment_gated,DeBERTa-v3 + Sentiment Profile (Gated),42
15790,0,1.415790507053316e-06,0,0.05772783383033802,model::deberta_v3_sentiment_gated,DeBERTa-v3 + Sentiment Profile (Gated),42
215,0,1.8003981949732406e-06,0,0.05772783383033802,model::deberta_v3_sentiment_gated,DeBERTa-v3 + Sentiment Profile (Gated),42
21127,0,1.6620740552752975e-06,0,0.05772783383033802,model::deberta_v3_sentiment_gated,DeBERTa-v3 + Sentiment Profile (Gated),42
11090,1,2.7996920834993944e-06,0,0.05772783383033802,model::deberta_v3_sentiment_gated,DeBERTa-v3 + Sentiment Profile (Gated),42
14313,1,8.466311555821449e-06,0,0.05772783383033802,model::deberta_v3_sentiment_gated,DeBERTa-v3 + Sentiment Profile (Gated),42
10978,0,3.154812930006301e-06,0,0.05772783383033802,model::deberta_v3_sentiment_gated,DeBERTa-v3 + Sentiment Profile (Gated),42
20359,1,2.2481738142232643e-06,0,0.05772783383033802,model::deberta_v3_sentiment_gated,DeBERTa-v3 + Sentiment Profile (Gated),42
4636,1,2.214420874224743e-06,0,0.05772783383033802,model::deberta_v3_sentiment_gated,DeBERTa-v3 + Sentiment Profile (Gated),42
11619,1,2.082062337649404e-06,0,0.05772783383033802,model::deberta_v3_sentiment_gated,DeBERTa-v3 + Sentiment Profile (Gated),42
193,0,2.561289875302464e-06,0,0.05772783383033802,model::deberta_v3_sentiment_gated,DeBERTa-v3 + Sentiment Profile (Gated),42
12479,0,1.292208594350086e-06,0,0.05772783383033802,model::deberta_v3_sentiment_gated,DeBERTa-v3 + Sentiment Profile (Gated),42
5040,1,3.711607860168442e-06,0,0.05772783383033802,model::deberta_v3_sentiment_gated,DeBERTa-v3 + Sentiment Profile (Gated),42
9303,1,1.5659030623282888e-06,0,0.05772783383033802,model::deberta_v3_sentiment_gated,DeBERTa-v3 + Sentiment Profile (Gated),42
11257,0,3.955803913413547e-05,0,0.05772783383033802,model::deberta_v3_sentiment_gated,DeBERTa-v3 + Sentiment Profile (Gated),42
6146,0,2.5051256216102047e-06,0,0.05772783383033802,model::deberta_v3_sentiment_gated,DeBERTa-v3 + Sentiment Profile (Gated),42
18985,0,1.4416920066651071e-06,0,0.05772783383033802,model::deberta_v3_sentiment_gated,DeBERTa-v3 + Sentiment Profile (Gated),42
20553,1,1.8147022728953743e-06,0,0.05772783383033802,model::deberta_v3_sentiment_gated,DeBERTa-v3 + Sentiment Profile (Gated),42
461,1,2.094733190460829e-06,0,0.05772783383033802,model::deberta_v3_sentiment_gated,DeBERTa-v3 + Sentiment Profile (Gated),42
18330,1,2.1196071884332923e-06,0,0.05772783383033802,model::deberta_v3_sentiment_gated,DeBERTa-v3 + Sentiment Profile (Gated),42
3672,1,1.6611566024948845e-06,0,0.05772783383033802,model::deberta_v3_sentiment_gated,DeBERTa-v3 + Sentiment Profile (Gated),42
1926,0,1.876633064057387e-06,0,0.05772783383033802,model::deberta_v3_sentiment_gated,DeBERTa-v3 + Sentiment Profile (Gated),42
10818,0,7.267420733114704e-05,0,0.05772783383033802,model::deberta_v3_sentiment_gated,DeBERTa-v3 + Sentiment Profile (Gated),42
2357,1,1.4094197240410722e-06,0,0.05772783383033802,model::deberta_v3_sentiment_gated,DeBERTa-v3 + Sentiment Profile (Gated),42
20238,1,1.756581582412764e-06,0,0.05772783383033802,model::deberta_v3_sentiment_gated,DeBERTa-v3 + Sentiment Profile (Gated),42
12538,0,2.3626446363778086e-06,0,0.05772783383033802,model::deberta_v3_sentiment_gated,DeBERTa-v3 + Sentiment Profile (Gated),42
11460,1,2.4989312805701047e-06,0,0.05772783383033802,model::deberta_v3_sentiment_gated,DeBERTa-v3 + Sentiment Profile (Gated),42
8845,0,1.173857185676752e-06,0,0.05772783383033802,model::deberta_v3_sentiment_gated,DeBERTa-v3 + Sentiment Profile (Gated),42
6862,0,2.335190401936416e-06,0,0.05772783383033802,model::deberta_v3_sentiment_gated,DeBERTa-v3 + Sentiment Profile (Gated),42
6486,0,1.8575486819827347e-06,0,0.05772783383033802,model::deberta_v3_sentiment_gated,DeBERTa-v3 + Sentiment Profile (Gated),42
15654,1,2.189946144426358e-06,0,0.05772783383033802,model::deberta_v3_sentiment_gated,DeBERTa-v3 + Sentiment Profile (Gated),42
19794,0,1.4892643775965553e-06,0,0.05772783383033802,model::deberta_v3_sentiment_gated,DeBERTa-v3 + Sentiment Profile (Gated),42
19378,1,2.1480393570527667e-06,0,0.05772783383033802,model::deberta_v3_sentiment_gated,DeBERTa-v3 + Sentiment Profile (Gated),42
8941,0,1.472485337217222e-06,0,0.05772783383033802,model::deberta_v3_sentiment_gated,DeBERTa-v3 + Sentiment Profile (Gated),42
17423,0,7.748751158942468e-06,0,0.05772783383033802,model::deberta_v3_sentiment_gated,DeBERTa-v3 + Sentiment Profile (Gated),42
13739,1,2.360640110055101e-06,0,0.05772783383033802,model::deberta_v3_sentiment_gated,DeBERTa-v3 + Sentiment Profile (Gated),42
11920,0,1.938102968779276e-06,0,0.05772783383033802,model::deberta_v3_sentiment_gated,DeBERTa-v3 + Sentiment Profile (Gated),42
5298,0,2.8339609343674965e-06,0,0.05772783383033802,model::deberta_v3_sentiment_gated,DeBERTa-v3 + Sentiment Profile (Gated),42
17987,1,4.482676558836829e-06,0,0.05772783383033802,model::deberta_v3_sentiment_gated,DeBERTa-v3 + Sentiment Profile (Gated),42
17579,0,3.235755684727337e-06,0,0.05772783383033802,model::deberta_v3_sentiment_gated,DeBERTa-v3 + Sentiment Profile (Gated),42
12541,0,2.3120705009205267e-05,0,0.05772783383033802,model::deberta_v3_sentiment_gated,DeBERTa-v3 + Sentiment Profile (Gated),42
8477,0,1.4019301488588098e-06,0,0.05772783383033802,model::deberta_v3_sentiment_gated,DeBERTa-v3 + Sentiment Profile (Gated),42
4734,0,2.5576869120413903e-06,0,0.05772783383033802,model::deberta_v3_sentiment_gated,DeBERTa-v3 + Sentiment Profile (Gated),42
7493,0,2.304026111232816e-06,0,0.05772783383033802,model::deberta_v3_sentiment_gated,DeBERTa-v3 + Sentiment Profile (Gated),42
15109,1,6.631406449741917e-06,0,0.05772783383033802,model::deberta_v3_sentiment_gated,DeBERTa-v3 + Sentiment Profile (Gated),42
2100,0,3.6780488699150737e-06,0,0.05772783383033802,model::deberta_v3_sentiment_gated,DeBERTa-v3 + Sentiment Profile (Gated),42
1075,1,2.164601937693078e-06,0,0.05772783383033802,model::deberta_v3_sentiment_gated,DeBERTa-v3 + Sentiment Profile (Gated),42
1209,1,2.1571438537648646e-06,0,0.05772783383033802,model::deberta_v3_sentiment_gated,DeBERTa-v3 + Sentiment Profile (Gated),42
4692,1,1.939249159477185e-06,0,0.05772783383033802,model::deberta_v3_sentiment_gated,DeBERTa-v3 + Sentiment Profile (Gated),42
5307,1,1.882124593066692e-06,0,0.05772783383033802,model::deberta_v3_sentiment_gated,DeBERTa-v3 + Sentiment Profile (Gated),42
19342,0,2.8594038212759187e-06,0,0.05772783383033802,model::deberta_v3_sentiment_gated,DeBERTa-v3 + Sentiment Profile (Gated),42
4314,0,7.012127753114328e-05,0,0.05772783383033802,model::deberta_v3_sentiment_gated,DeBERTa-v3 + Sentiment Profile (Gated),42
2980,1,1.85496071480884e-06,0,0.05772783383033802,model::deberta_v3_sentiment_gated,DeBERTa-v3 + Sentiment Profile (Gated),42
13846,0,0.0002752321597654,0,0.05772783383033802,model::deberta_v3_sentiment_gated,DeBERTa-v3 + Sentiment Profile (Gated),42
18405,0,1.500764483353123e-06,0,0.05772783383033802,model::deberta_v3_sentiment_gated,DeBERTa-v3 + Sentiment Profile (Gated),42
9552,1,1.6518046095370664e-06,0,0.05772783383033802,model::deberta_v3_sentiment_gated,DeBERTa-v3 + Sentiment Profile (Gated),42
18882,1,4.777306912728818e-06,0,0.05772783383033802,model::deberta_v3_sentiment_gated,DeBERTa-v3 + Sentiment Profile (Gated),42
15253,0,1.581659148541803e-06,0,0.05772783383033802,model::deberta_v3_sentiment_gated,DeBERTa-v3 + Sentiment Profile (Gated),42
4815,0,2.0782813408004586e-06,0,0.05772783383033802,model::deberta_v3_sentiment_gated,DeBERTa-v3 + Sentiment Profile (Gated),42
8531,1,1.985899643841549e-06,0,0.05772783383033802,model::deberta_v3_sentiment_gated,DeBERTa-v3 + Sentiment Profile (Gated),42
14005,1,1.5158548194449395e-06,0,0.05772783383033802,model::deberta_v3_sentiment_gated,DeBERTa-v3 + Sentiment Profile (Gated),42
3579,1,1.6715719084459124e-06,0,0.05772783383033802,model::deberta_v3_sentiment_gated,DeBERTa-v3 + Sentiment Profile (Gated),42
8311,1,3.963197286793729e-06,0,0.05772783383033802,model::deberta_v3_sentiment_gated,DeBERTa-v3 + Sentiment Profile (Gated),42
6421,0,1.2425722388798022e-06,0,0.05772783383033802,model::deberta_v3_sentiment_gated,DeBERTa-v3 + Sentiment Profile (Gated),42
15194,1,4.193273070995929e-06,0,0.05772783383033802,model::deberta_v3_sentiment_gated,DeBERTa-v3 + Sentiment Profile (Gated),42
12840,1,1.5209113826131215e-06,0,0.05772783383033802,model::deberta_v3_sentiment_gated,DeBERTa-v3 + Sentiment Profile (Gated),42
15793,0,1.4704604609505625e-06,0,0.05772783383033802,model::deberta_v3_sentiment_gated,DeBERTa-v3 + Sentiment Profile (Gated),42
12661,0,1.677531713539793e-06,0,0.05772783383033802,model::deberta_v3_sentiment_gated,DeBERTa-v3 + Sentiment Profile (Gated),42
17329,0,2.852940269804094e-06,0,0.05772783383033802,model::deberta_v3_sentiment_gated,DeBERTa-v3 + Sentiment Profile (Gated),42
20832,1,6.370907613018062e-06,0,0.05772783383033802,model::deberta_v3_sentiment_gated,DeBERTa-v3 + Sentiment Profile (Gated),42
6802,0,4.825716132472735e-06,0,0.05772783383033802,model::deberta_v3_sentiment_gated,DeBERTa-v3 + Sentiment Profile (Gated),42
16815,1,3.902102889696835e-06,0,0.05772783383033802,model::deberta_v3_sentiment_gated,DeBERTa-v3 + Sentiment Profile (Gated),42
4850,0,0.0005024296115152,0,0.05772783383033802,model::deberta_v3_sentiment_gated,DeBERTa-v3 + Sentiment Profile (Gated),42
15309,0,2.562606823630631e-06,0,0.05772783383033802,model::deberta_v3_sentiment_gated,DeBERTa-v3 + Sentiment Profile (Gated),42
8342,0,1.8592591004562564e-05,0,0.05772783383033802,model::deberta_v3_sentiment_gated,DeBERTa-v3 + Sentiment Profile (Gated),42
8878,1,2.3072980184224434e-06,0,0.05772783383033802,model::deberta_v3_sentiment_gated,DeBERTa-v3 + Sentiment Profile (Gated),42
19332,1,3.79661923943786e-06,0,0.05772783383033802,model::deberta_v3_sentiment_gated,DeBERTa-v3 + Sentiment Profile (Gated),42
6987,1,5.040761152486084e-06,0,0.05772783383033802,model::deberta_v3_sentiment_gated,DeBERTa-v3 + Sentiment Profile (Gated),42
17374,1,1.528427446828573e-06,0,0.05772783383033802,model::deberta_v3_sentiment_gated,DeBERTa-v3 + Sentiment Profile (Gated),42
3848,1,2.2904803245182848e-06,0,0.05772783383033802,model::deberta_v3_sentiment_gated,DeBERTa-v3 + Sentiment Profile (Gated),42
12077,1,1.8668225720830376e-06,0,0.05772783383033802,model::deberta_v3_sentiment_gated,DeBERTa-v3 + Sentiment Profile (Gated),42
6620,1,2.035378201981075e-06,0,0.05772783383033802,model::deberta_v3_sentiment_gated,DeBERTa-v3 + Sentiment Profile (Gated),42
14377,0,4.547623120743083e-06,0,0.05772783383033802,model::deberta_v3_sentiment_gated,DeBERTa-v3 + Sentiment Profile (Gated),42
2816,1,2.3507145670009777e-06,0,0.05772783383033802,model::deberta_v3_sentiment_gated,DeBERTa-v3 + Sentiment Profile (Gated),42
6392,1,2.146700126104406e-06,0,0.05772783383033802,model::deberta_v3_sentiment_gated,DeBERTa-v3 + Sentiment Profile (Gated),42
16552,1,2.4845453481248114e-06,0,0.05772783383033802,model::deberta_v3_sentiment_gated,DeBERTa-v3 + Sentiment Profile (Gated),42
13603,0,7.478972838725895e-05,0,0.05772783383033802,model::deberta_v3_sentiment_gated,DeBERTa-v3 + Sentiment Profile (Gated),42
14546,0,2.9521934266085736e-05,0,0.05772783383033802,model::deberta_v3_sentiment_gated,DeBERTa-v3 + Sentiment Profile (Gated),42
4627,1,2.274110329381074e-06,0,0.05772783383033802,model::deberta_v3_sentiment_gated,DeBERTa-v3 + Sentiment Profile (Gated),42
12923,1,2.816783762682462e-06,0,0.05772783383033802,model::deberta_v3_sentiment_gated,DeBERTa-v3 + Sentiment Profile (Gated),42
18722,1,2.816087999235606e-06,0,0.05772783383033802,model::deberta_v3_sentiment_gated,DeBERTa-v3 + Sentiment Profile (Gated),42
7617,1,2.573112169557134e-06,0,0.05772783383033802,model::deberta_v3_sentiment_gated,DeBERTa-v3 + Sentiment Profile (Gated),42
4668,0,2.0072116058145184e-06,0,0.05772783383033802,model::deberta_v3_sentiment_gated,DeBERTa-v3 + Sentiment Profile (Gated),42
6499,0,1.365534330943774e-06,0,0.05772783383033802,model::deberta_v3_sentiment_gated,DeBERTa-v3 + Sentiment Profile (Gated),42
8288,0,1.6950219787759124e-06,0,0.05772783383033802,model::deberta_v3_sentiment_gated,DeBERTa-v3 + Sentiment Profile (Gated),42
2725,0,4.8518481889914256e-06,0,0.05772783383033802,model::deberta_v3_sentiment_gated,DeBERTa-v3 + Sentiment Profile (Gated),42
18557,0,1.0873173778236378e-05,0,0.05772783383033802,model::deberta_v3_sentiment_gated,DeBERTa-v3 + Sentiment Profile (Gated),42
2093,0,1.4431004728976404e-06,0,0.05772783383033802,model::deberta_v3_sentiment_gated,DeBERTa-v3 + Sentiment Profile (Gated),42
8843,0,4.4960561353946105e-06,0,0.05772783383033802,model::deberta_v3_sentiment_gated,DeBERTa-v3 + Sentiment Profile (Gated),42
16318,0,4.806774541066261e-06,0,0.05772783383033802,model::deberta_v3_sentiment_gated,DeBERTa-v3 + Sentiment Profile (Gated),42
4469,1,1.3583180589193944e-06,0,0.05772783383033802,model::deberta_v3_sentiment_gated,DeBERTa-v3 + Sentiment Profile (Gated),42
20318,0,9.150977348326704e-06,0,0.05772783383033802,model::deberta_v3_sentiment_gated,DeBERTa-v3 + Sentiment Profile (Gated),42
18224,1,1.67878977208602e-06,0,0.05772783383033802,model::deberta_v3_sentiment_gated,DeBERTa-v3 + Sentiment Profile (Gated),42
20399,1,1.557922018946556e-06,0,0.05772783383033802,model::deberta_v3_sentiment_gated,DeBERTa-v3 + Sentiment Profile (Gated),42
6939,0,3.8140167362143984e-06,0,0.05772783383033802,model::deberta_v3_sentiment_gated,DeBERTa-v3 + Sentiment Profile (Gated),42
9990,0,1.7486739807281992e-06,0,0.05772783383033802,model::deberta_v3_sentiment_gated,DeBERTa-v3 + Sentiment Profile (Gated),42
10238,1,1.861121859292325e-06,0,0.05772783383033802,model::deberta_v3_sentiment_gated,DeBERTa-v3 + Sentiment Profile (Gated),42
20987,0,3.6162502965453314e-06,0,0.05772783383033802,model::deberta_v3_sentiment_gated,DeBERTa-v3 + Sentiment Profile (Gated),42
15757,1,1.9022268133994647e-06,0,0.05772783383033802,model::deberta_v3_sentiment_gated,DeBERTa-v3 + Sentiment Profile (Gated),42
18082,0,2.751373358478304e-06,0,0.05772783383033802,model::deberta_v3_sentiment_gated,DeBERTa-v3 + Sentiment Profile (Gated),42
1506,1,1.5324118294302025e-06,0,0.05772783383033802,model::deberta_v3_sentiment_gated,DeBERTa-v3 + Sentiment Profile (Gated),42
19964,0,1.6799556306068553e-06,0,0.05772783383033802,model::deberta_v3_sentiment_gated,DeBERTa-v3 + Sentiment Profile (Gated),42
12627,1,1.8109749362338328e-06,0,0.05772783383033802,model::deberta_v3_sentiment_gated,DeBERTa-v3 + Sentiment Profile (Gated),42
12100,0,2.5852036742435303e-06,0,0.05772783383033802,model::deberta_v3_sentiment_gated,DeBERTa-v3 + Sentiment Profile (Gated),42
8388,1,3.021872316821828e-06,0,0.05772783383033802,model::deberta_v3_sentiment_gated,DeBERTa-v3 + Sentiment Profile (Gated),42
21083,0,1.347518605143705e-06,0,0.05772783383033802,model::deberta_v3_sentiment_gated,DeBERTa-v3 + Sentiment Profile (Gated),42
18678,1,1.8557072962721577e-06,0,0.05772783383033802,model::deberta_v3_sentiment_gated,DeBERTa-v3 + Sentiment Profile (Gated),42
832,0,2.277737166878069e-06,0,0.05772783383033802,model::deberta_v3_sentiment_gated,DeBERTa-v3 + Sentiment Profile (Gated),42
6428,1,1.6518674783583265e-06,0,0.05772783383033802,model::deberta_v3_sentiment_gated,DeBERTa-v3 + Sentiment Profile (Gated),42
14122,1,1.6732849417167015e-06,0,0.05772783383033802,model::deberta_v3_sentiment_gated,DeBERTa-v3 + Sentiment Profile (Gated),42
10830,0,2.214902451669332e-06,0,0.05772783383033802,model::deberta_v3_sentiment_gated,DeBERTa-v3 + Sentiment Profile (Gated),42
6650,1,2.088170958813862e-06,0,0.05772783383033802,model::deberta_v3_sentiment_gated,DeBERTa-v3 + Sentiment Profile (Gated),42
2349,1,2.1141927390999622e-06,0,0.05772783383033802,model::deberta_v3_sentiment_gated,DeBERTa-v3 + Sentiment Profile (Gated),42
17693,0,1.8597822872834515e-06,0,0.05772783383033802,model::deberta_v3_sentiment_gated,DeBERTa-v3 + Sentiment Profile (Gated),42
1505,1,4.0359332160733175e-06,0,0.05772783383033802,model::deberta_v3_sentiment_gated,DeBERTa-v3 + Sentiment Profile (Gated),42
20743,0,7.776201528031379e-06,0,0.05772783383033802,model::deberta_v3_sentiment_gated,DeBERTa-v3 + Sentiment Profile (Gated),42
208,1,1.8467302425051453e-06,0,0.05772783383033802,model::deberta_v3_sentiment_gated,DeBERTa-v3 + Sentiment Profile (Gated),42
5140,1,2.440117668811581e-06,0,0.05772783383033802,model::deberta_v3_sentiment_gated,DeBERTa-v3 + Sentiment Profile (Gated),42
3077,1,8.663355401949957e-06,0,0.05772783383033802,model::deberta_v3_sentiment_gated,DeBERTa-v3 + Sentiment Profile (Gated),42
10906,1,1.7652149608693437e-06,0,0.05772783383033802,model::deberta_v3_sentiment_gated,DeBERTa-v3 + Sentiment Profile (Gated),42
16467,1,2.377462578806444e-06,0,0.05772783383033802,model::deberta_v3_sentiment_gated,DeBERTa-v3 + Sentiment Profile (Gated),42
18995,1,2.840668685166748e-06,0,0.05772783383033802,model::deberta_v3_sentiment_gated,DeBERTa-v3 + Sentiment Profile (Gated),42
13964,0,1.2610183830474853e-06,0,0.05772783383033802,model::deberta_v3_sentiment_gated,DeBERTa-v3 + Sentiment Profile (Gated),42
19122,1,2.9124546472303336e-06,0,0.05772783383033802,model::deberta_v3_sentiment_gated,DeBERTa-v3 + Sentiment Profile (Gated),42
12284,1,1.4061399724596413e-06,0,0.05772783383033802,model::deberta_v3_sentiment_gated,DeBERTa-v3 + Sentiment Profile (Gated),42
15030,0,1.854016090874211e-06,0,0.05772783383033802,model::deberta_v3_sentiment_gated,DeBERTa-v3 + Sentiment Profile (Gated),42
8464,0,1.6601081824774155e-06,0,0.05772783383033802,model::deberta_v3_sentiment_gated,DeBERTa-v3 + Sentiment Profile (Gated),42
8716,1,1.5120849639060907e-06,0,0.05772783383033802,model::deberta_v3_sentiment_gated,DeBERTa-v3 + Sentiment Profile (Gated),42
1028,0,1.611098582543491e-06,0,0.05772783383033802,model::deberta_v3_sentiment_gated,DeBERTa-v3 + Sentiment Profile (Gated),42
5908,1,1.5056040183480943e-06,0,0.05772783383033802,model::deberta_v3_sentiment_gated,DeBERTa-v3 + Sentiment Profile (Gated),42
12457,1,2.0154789126536343e-06,0,0.05772783383033802,model::deberta_v3_sentiment_gated,DeBERTa-v3 + Sentiment Profile (Gated),42
17102,1,4.174456080363598e-06,0,0.05772783383033802,model::deberta_v3_sentiment_gated,DeBERTa-v3 + Sentiment Profile (Gated),42
10844,0,3.6257258670957526e-06,0,0.05772783383033802,model::deberta_v3_sentiment_gated,DeBERTa-v3 + Sentiment Profile (Gated),42
20782,1,1.5390111229862669e-06,0,0.05772783383033802,model::deberta_v3_sentiment_gated,DeBERTa-v3 + Sentiment Profile (Gated),42
16211,0,1.595372168594622e-06,0,0.05772783383033802,model::deberta_v3_sentiment_gated,DeBERTa-v3 + Sentiment Profile (Gated),42
18610,1,2.4264081730507314e-06,0,0.05772783383033802,model::deberta_v3_sentiment_gated,DeBERTa-v3 + Sentiment Profile (Gated),42
6018,1,1.7069385194190545e-06,0,0.05772783383033802,model::deberta_v3_sentiment_gated,DeBERTa-v3 + Sentiment Profile (Gated),42
15466,1,2.159125870093704e-06,0,0.05772783383033802,model::deberta_v3_sentiment_gated,DeBERTa-v3 + Sentiment Profile (Gated),42
716,0,2.007117927860236e-06,0,0.05772783383033802,model::deberta_v3_sentiment_gated,DeBERTa-v3 + Sentiment Profile (Gated),42
9034,0,1.7750162442098372e-06,0,0.05772783383033802,model::deberta_v3_sentiment_gated,DeBERTa-v3 + Sentiment Profile (Gated),42
13710,0,2.291305918333819e-06,0,0.05772783383033802,model::deberta_v3_sentiment_gated,DeBERTa-v3 + Sentiment Profile (Gated),42
2365,1,2.2717235879099462e-06,0,0.05772783383033802,model::deberta_v3_sentiment_gated,DeBERTa-v3 + Sentiment Profile (Gated),42
19049,0,1.9653671188279982e-06,0,0.05772783383033802,model::deberta_v3_sentiment_gated,DeBERTa-v3 + Sentiment Profile (Gated),42
6730,1,2.941259708677535e-06,0,0.05772783383033802,model::deberta_v3_sentiment_gated,DeBERTa-v3 + Sentiment Profile (Gated),42
3653,0,1.350232651020633e-05,0,0.05772783383033802,model::deberta_v3_sentiment_gated,DeBERTa-v3 + Sentiment Profile (Gated),42
18153,1,4.723297479358735e-06,0,0.05772783383033802,model::deberta_v3_sentiment_gated,DeBERTa-v3 + Sentiment Profile (Gated),42
2392,1,3.0908679491403745e-06,0,0.05772783383033802,model::deberta_v3_sentiment_gated,DeBERTa-v3 + Sentiment Profile (Gated),42
12733,0,1.4131264833849856e-05,0,0.05772783383033802,model::deberta_v3_sentiment_gated,DeBERTa-v3 + Sentiment Profile (Gated),42
9310,0,1.8809762423188656e-06,0,0.05772783383033802,model::deberta_v3_sentiment_gated,DeBERTa-v3 + Sentiment Profile (Gated),42
7591,1,2.525621312088333e-06,0,0.05772783383033802,model::deberta_v3_sentiment_gated,DeBERTa-v3 + Sentiment Profile (Gated),42
20265,0,1.13401601993246e-05,0,0.05772783383033802,model::deberta_v3_sentiment_gated,DeBERTa-v3 + Sentiment Profile (Gated),42
12991,1,2.106138936142088e-06,0,0.05772783383033802,model::deberta_v3_sentiment_gated,DeBERTa-v3 + Sentiment Profile (Gated),42
4602,1,6.636289617745206e-05,0,0.05772783383033802,model::deberta_v3_sentiment_gated,DeBERTa-v3 + Sentiment Profile (Gated),42
5286,1,2.104645091094426e-06,0,0.05772783383033802,model::deberta_v3_sentiment_gated,DeBERTa-v3 + Sentiment Profile (Gated),42
1544,0,2.2613721739617176e-06,0,0.05772783383033802,model::deberta_v3_sentiment_gated,DeBERTa-v3 + Sentiment Profile (Gated),42
12179,0,1.7555918248035596e-06,0,0.05772783383033802,model::deberta_v3_sentiment_gated,DeBERTa-v3 + Sentiment Profile (Gated),42
18950,0,1.6316823803208536e-06,0,0.05772783383033802,model::deberta_v3_sentiment_gated,DeBERTa-v3 + Sentiment Profile (Gated),42
299,1,2.54978408520401e-06,0,0.05772783383033802,model::deberta_v3_sentiment_gated,DeBERTa-v3 + Sentiment Profile (Gated),42
9220,1,2.434599309708574e-06,0,0.05772783383033802,model::deberta_v3_sentiment_gated,DeBERTa-v3 + Sentiment Profile (Gated),42
5996,0,1.975747636606684e-06,0,0.05772783383033802,model::deberta_v3_sentiment_gated,DeBERTa-v3 + Sentiment Profile (Gated),42
18391,1,2.040219214904937e-06,0,0.05772783383033802,model::deberta_v3_sentiment_gated,DeBERTa-v3 + Sentiment Profile (Gated),42
1344,0,1.9043578731725568e-06,0,0.05772783383033802,model::deberta_v3_sentiment_gated,DeBERTa-v3 + Sentiment Profile (Gated),42
18727,1,2.1346634184737923e-06,0,0.05772783383033802,model::deberta_v3_sentiment_gated,DeBERTa-v3 + Sentiment Profile (Gated),42
2307,1,2.8507561182777863e-06,0,0.05772783383033802,model::deberta_v3_sentiment_gated,DeBERTa-v3 + Sentiment Profile (Gated),42
6844,1,2.25319627134013e-06,0,0.05772783383033802,model::deberta_v3_sentiment_gated,DeBERTa-v3 + Sentiment Profile (Gated),42
18049,1,1.5655700735806022e-06,0,0.05772783383033802,model::deberta_v3_sentiment_gated,DeBERTa-v3 + Sentiment Profile (Gated),42
16513,0,3.8991865949356e-06,0,0.05772783383033802,model::deberta_v3_sentiment_gated,DeBERTa-v3 + Sentiment Profile (Gated),42
1636,1,1.4626087931901566e-06,0,0.05772783383033802,model::deberta_v3_sentiment_gated,DeBERTa-v3 + Sentiment Profile (Gated),42
5741,1,4.866217750532087e-06,0,0.05772783383033802,model::deberta_v3_sentiment_gated,DeBERTa-v3 + Sentiment Profile (Gated),42
7792,0,5.361001058190595e-06,0,0.05772783383033802,model::deberta_v3_sentiment_gated,DeBERTa-v3 + Sentiment Profile (Gated),42
17869,1,1.5605689895892283e-06,0,0.05772783383033802,model::deberta_v3_sentiment_gated,DeBERTa-v3 + Sentiment Profile (Gated),42
5132,1,1.954082563315751e-06,0,0.05772783383033802,model::deberta_v3_sentiment_gated,DeBERTa-v3 + Sentiment Profile (Gated),42
4576,1,2.493341980880359e-06,0,0.05772783383033802,model::deberta_v3_sentiment_gated,DeBERTa-v3 + Sentiment Profile (Gated),42
5222,0,1.8022450376520285e-06,0,0.05772783383033802,model::deberta_v3_sentiment_gated,DeBERTa-v3 + Sentiment Profile (Gated),42
7317,1,2.3707789296167903e-06,0,0.05772783383033802,model::deberta_v3_sentiment_gated,DeBERTa-v3 + Sentiment Profile (Gated),42
20554,0,1.9759663700824603e-06,0,0.05772783383033802,model::deberta_v3_sentiment_gated,DeBERTa-v3 + Sentiment Profile (Gated),42
3513,0,3.290813310741214e-06,0,0.05772783383033802,model::deberta_v3_sentiment_gated,DeBERTa-v3 + Sentiment Profile (Gated),42
905,1,2.5030408323800657e-06,0,0.05772783383033802,model::deberta_v3_sentiment_gated,DeBERTa-v3 + Sentiment Profile (Gated),42
20667,0,1.926012737385463e-05,0,0.05772783383033802,model::deberta_v3_sentiment_gated,DeBERTa-v3 + Sentiment Profile (Gated),42
9661,0,3.838128577626776e-06,0,0.05772783383033802,model::deberta_v3_sentiment_gated,DeBERTa-v3 + Sentiment Profile (Gated),42
10254,1,2.6721909307525493e-06,0,0.05772783383033802,model::deberta_v3_sentiment_gated,DeBERTa-v3 + Sentiment Profile (Gated),42
8912,0,4.7932426241459325e-06,0,0.05772783383033802,model::deberta_v3_sentiment_gated,DeBERTa-v3 + Sentiment Profile (Gated),42
4089,0,1.8745438410405768e-06,0,0.05772783383033802,model::deberta_v3_sentiment_gated,DeBERTa-v3 + Sentiment Profile (Gated),42
17783,1,1.67203108958347e-06,0,0.05772783383033802,model::deberta_v3_sentiment_gated,DeBERTa-v3 + Sentiment Profile (Gated),42
16845,1,2.6319171411159914e-06,0,0.05772783383033802,model::deberta_v3_sentiment_gated,DeBERTa-v3 + Sentiment Profile (Gated),42
17988,1,1.6350081750715615e-06,0,0.05772783383033802,model::deberta_v3_sentiment_gated,DeBERTa-v3 + Sentiment Profile (Gated),42
20016,0,1.6774549749243306e-06,0,0.05772783383033802,model::deberta_v3_sentiment_gated,DeBERTa-v3 + Sentiment Profile (Gated),42
20641,1,1.838658818087424e-06,0,0.05772783383033802,model::deberta_v3_sentiment_gated,DeBERTa-v3 + Sentiment Profile (Gated),42
16492,1,1.9940487163694343e-06,0,0.05772783383033802,model::deberta_v3_sentiment_gated,DeBERTa-v3 + Sentiment Profile (Gated),42
5336,0,2.6831919512915192e-06,0,0.05772783383033802,model::deberta_v3_sentiment_gated,DeBERTa-v3 + Sentiment Profile (Gated),42
17733,1,2.497037485227338e-06,0,0.05772783383033802,model::deberta_v3_sentiment_gated,DeBERTa-v3 + Sentiment Profile (Gated),42
14810,1,2.0161689917586045e-06,0,0.05772783383033802,model::deberta_v3_sentiment_gated,DeBERTa-v3 + Sentiment Profile (Gated),42
9299,1,1.738093374115124e-06,0,0.05772783383033802,model::deberta_v3_sentiment_gated,DeBERTa-v3 + Sentiment Profile (Gated),42
16433,0,2.789077598208678e-06,0,0.05772783383033802,model::deberta_v3_sentiment_gated,DeBERTa-v3 + Sentiment Profile (Gated),42
1734,1,1.760205577738816e-06,0,0.05772783383033802,model::deberta_v3_sentiment_gated,DeBERTa-v3 + Sentiment Profile (Gated),42
6052,0,4.366630491858814e-06,0,0.05772783383033802,model::deberta_v3_sentiment_gated,DeBERTa-v3 + Sentiment Profile (Gated),42
5806,1,1.8758743181024329e-06,0,0.05772783383033802,model::deberta_v3_sentiment_gated,DeBERTa-v3 + Sentiment Profile (Gated),42
15588,0,3.332736923766788e-06,0,0.05772783383033802,model::deberta_v3_sentiment_gated,DeBERTa-v3 + Sentiment Profile (Gated),42
15626,1,4.605218691722257e-06,0,0.05772783383033802,model::deberta_v3_sentiment_gated,DeBERTa-v3 + Sentiment Profile (Gated),42
9918,1,2.0891429812763818e-06,0,0.05772783383033802,model::deberta_v3_sentiment_gated,DeBERTa-v3 + Sentiment Profile (Gated),42
14579,0,1.532552118987951e-06,0,0.05772783383033802,model::deberta_v3_sentiment_gated,DeBERTa-v3 + Sentiment Profile (Gated),42
16056,1,2.375873918936122e-06,0,0.05772783383033802,model::deberta_v3_sentiment_gated,DeBERTa-v3 + Sentiment Profile (Gated),42
13238,0,3.6854223708360223e-06,0,0.05772783383033802,model::deberta_v3_sentiment_gated,DeBERTa-v3 + Sentiment Profile (Gated),42
11787,1,3.581377086447901e-06,0,0.05772783383033802,model::deberta_v3_sentiment_gated,DeBERTa-v3 + Sentiment Profile (Gated),42
10176,1,2.0289885469537694e-06,0,0.05772783383033802,model::deberta_v3_sentiment_gated,DeBERTa-v3 + Sentiment Profile (Gated),42
1360,0,4.533921583060874e-06,0,0.05772783383033802,model::deberta_v3_sentiment_gated,DeBERTa-v3 + Sentiment Profile (Gated),42
3883,0,2.1837915937794605e-06,0,0.05772783383033802,model::deberta_v3_sentiment_gated,DeBERTa-v3 + Sentiment Profile (Gated),42
5387,0,2.6570758109301096e-06,0,0.05772783383033802,model::deberta_v3_sentiment_gated,DeBERTa-v3 + Sentiment Profile (Gated),42
20307,1,2.1934954475000268e-06,0,0.05772783383033802,model::deberta_v3_sentiment_gated,DeBERTa-v3 + Sentiment Profile (Gated),42
1963,0,2.1126527371961856e-06,0,0.05772783383033802,model::deberta_v3_sentiment_gated,DeBERTa-v3 + Sentiment Profile (Gated),42
16002,0,1.2214660500831087e-06,0,0.05772783383033802,model::deberta_v3_sentiment_gated,DeBERTa-v3 + Sentiment Profile (Gated),42
19416,0,1.2413155445756274e-06,0,0.05772783383033802,model::deberta_v3_sentiment_gated,DeBERTa-v3 + Sentiment Profile (Gated),42
5518,0,3.884770194417797e-06,0,0.05772783383033802,model::deberta_v3_sentiment_gated,DeBERTa-v3 + Sentiment Profile (Gated),42
17651,0,4.62655543742585e-06,0,0.05772783383033802,model::deberta_v3_sentiment_gated,DeBERTa-v3 + Sentiment Profile (Gated),42
8179,0,4.3283212107780855e-06,0,0.05772783383033802,model::deberta_v3_sentiment_gated,DeBERTa-v3 + Sentiment Profile (Gated),42
10276,0,5.12759788762196e-06,0,0.05772783383033802,model::deberta_v3_sentiment_gated,DeBERTa-v3 + Sentiment Profile (Gated),42
13812,0,2.4211101390392287e-06,0,0.05772783383033802,model::deberta_v3_sentiment_gated,DeBERTa-v3 + Sentiment Profile (Gated),42
12745,0,1.3159043419364025e-06,0,0.05772783383033802,model::deberta_v3_sentiment_gated,DeBERTa-v3 + Sentiment Profile (Gated),42
11182,0,6.149743057903834e-06,0,0.05772783383033802,model::deberta_v3_sentiment_gated,DeBERTa-v3 + Sentiment Profile (Gated),42
13950,0,1.484375388827175e-06,0,0.05772783383033802,model::deberta_v3_sentiment_gated,DeBERTa-v3 + Sentiment Profile (Gated),42
16749,1,2.1192554413573816e-06,0,0.05772783383033802,model::deberta_v3_sentiment_gated,DeBERTa-v3 + Sentiment Profile (Gated),42
6368,0,8.024620001378935e-06,0,0.05772783383033802,model::deberta_v3_sentiment_gated,DeBERTa-v3 + Sentiment Profile (Gated),42
9739,1,2.056216771961772e-06,0,0.05772783383033802,model::deberta_v3_sentiment_gated,DeBERTa-v3 + Sentiment Profile (Gated),42
7749,0,2.215620725110057e-06,0,0.05772783383033802,model::deberta_v3_sentiment_gated,DeBERTa-v3 + Sentiment Profile (Gated),42
20739,0,1.511101913820312e-06,0,0.05772783383033802,model::deberta_v3_sentiment_gated,DeBERTa-v3 + Sentiment Profile (Gated),42
19228,1,2.379658553763875e-06,0,0.05772783383033802,model::deberta_v3_sentiment_gated,DeBERTa-v3 + Sentiment Profile (Gated),42
2161,0,2.132193230863777e-06,0,0.05772783383033802,model::deberta_v3_sentiment_gated,DeBERTa-v3 + Sentiment Profile (Gated),42
6302,0,8.939320650824811e-06,0,0.05772783383033802,model::deberta_v3_sentiment_gated,DeBERTa-v3 + Sentiment Profile (Gated),42
6784,1,1.4952756828279234e-06,0,0.05772783383033802,model::deberta_v3_sentiment_gated,DeBERTa-v3 + Sentiment Profile (Gated),42
20887,1,1.9392030026210705e-06,0,0.05772783383033802,model::deberta_v3_sentiment_gated,DeBERTa-v3 + Sentiment Profile (Gated),42
5202,0,8.07896867627278e-06,0,0.05772783383033802,model::deberta_v3_sentiment_gated,DeBERTa-v3 + Sentiment Profile (Gated),42
6877,1,2.1519845176953822e-06,0,0.05772783383033802,model::deberta_v3_sentiment_gated,DeBERTa-v3 + Sentiment Profile (Gated),42
11013,0,3.1915683393890504e-06,0,0.05772783383033802,model::deberta_v3_sentiment_gated,DeBERTa-v3 + Sentiment Profile (Gated),42
17333,1,2.8327667678240687e-06,0,0.05772783383033802,model::deberta_v3_sentiment_gated,DeBERTa-v3 + Sentiment Profile (Gated),42
16463,0,1.226282893185271e-05,0,0.05772783383033802,model::deberta_v3_sentiment_gated,DeBERTa-v3 + Sentiment Profile (Gated),42
12128,1,1.919932856253581e-06,0,0.05772783383033802,model::deberta_v3_sentiment_gated,DeBERTa-v3 + Sentiment Profile (Gated),42
20941,0,4.951232767780311e-06,0,0.05772783383033802,model::deberta_v3_sentiment_gated,DeBERTa-v3 + Sentiment Profile (Gated),42
5545,1,2.0525942545646103e-06,0,0.05772783383033802,model::deberta_v3_sentiment_gated,DeBERTa-v3 + Sentiment Profile (Gated),42
16670,1,2.230959125881782e-06,0,0.05772783383033802,model::deberta_v3_sentiment_gated,DeBERTa-v3 + Sentiment Profile (Gated),42
17613,1,1.624137325961783e-06,0,0.05772783383033802,model::deberta_v3_sentiment_gated,DeBERTa-v3 + Sentiment Profile (Gated),42
3261,1,1.6054730167525122e-06,0,0.05772783383033802,model::deberta_v3_sentiment_gated,DeBERTa-v3 + Sentiment Profile (Gated),42
9418,0,1.251771846000338e-05,0,0.05772783383033802,model::deberta_v3_sentiment_gated,DeBERTa-v3 + Sentiment Profile (Gated),42
7179,1,1.8793374465531087e-06,0,0.05772783383033802,model::deberta_v3_sentiment_gated,DeBERTa-v3 + Sentiment Profile (Gated),42
8831,0,1.5765479020046769e-06,0,0.05772783383033802,model::deberta_v3_sentiment_gated,DeBERTa-v3 + Sentiment Profile (Gated),42
16949,1,4.69787119072862e-06,0,0.05772783383033802,model::deberta_v3_sentiment_gated,DeBERTa-v3 + Sentiment Profile (Gated),42
1284,0,1.2152706858614692e-06,0,0.05772783383033802,model::deberta_v3_sentiment_gated,DeBERTa-v3 + Sentiment Profile (Gated),42
12243,1,2.733831024670508e-06,0,0.05772783383033802,model::deberta_v3_sentiment_gated,DeBERTa-v3 + Sentiment Profile (Gated),42
11706,1,1.582226332175196e-06,0,0.05772783383033802,model::deberta_v3_sentiment_gated,DeBERTa-v3 + Sentiment Profile (Gated),42
20237,0,8.199779404094443e-05,0,0.05772783383033802,model::deberta_v3_sentiment_gated,DeBERTa-v3 + Sentiment Profile (Gated),42
835,0,2.174130713683553e-06,0,0.05772783383033802,model::deberta_v3_sentiment_gated,DeBERTa-v3 + Sentiment Profile (Gated),42
16194,1,2.020887222897727e-06,0,0.05772783383033802,model::deberta_v3_sentiment_gated,DeBERTa-v3 + Sentiment Profile (Gated),42
2330,1,2.501711605873425e-06,0,0.05772783383033802,model::deberta_v3_sentiment_gated,DeBERTa-v3 + Sentiment Profile (Gated),42
13622,1,3.528900606397656e-06,0,0.05772783383033802,model::deberta_v3_sentiment_gated,DeBERTa-v3 + Sentiment Profile (Gated),42
18058,1,1.6694085616109078e-06,0,0.05772783383033802,model::deberta_v3_sentiment_gated,DeBERTa-v3 + Sentiment Profile (Gated),42
5015,0,4.067048394063022e-06,0,0.05772783383033802,model::deberta_v3_sentiment_gated,DeBERTa-v3 + Sentiment Profile (Gated),42
10920,0,2.8785786980733974e-06,0,0.05772783383033802,model::deberta_v3_sentiment_gated,DeBERTa-v3 + Sentiment Profile (Gated),42
13464,0,7.135603027563775e-06,0,0.05772783383033802,model::deberta_v3_sentiment_gated,DeBERTa-v3 + Sentiment Profile (Gated),42
20656,1,4.007244569947943e-05,0,0.05772783383033802,model::deberta_v3_sentiment_gated,DeBERTa-v3 + Sentiment Profile (Gated),42
12789,0,2.4801090603432385e-06,0,0.05772783383033802,model::deberta_v3_sentiment_gated,DeBERTa-v3 + Sentiment Profile (Gated),42
19212,1,1.9819340195681434e-06,0,0.05772783383033802,model::deberta_v3_sentiment_gated,DeBERTa-v3 + Sentiment Profile (Gated),42
19282,1,5.9013741520175245e-06,0,0.05772783383033802,model::deberta_v3_sentiment_gated,DeBERTa-v3 + Sentiment Profile (Gated),42
288,0,1.2714117474388331e-06,0,0.05772783383033802,model::deberta_v3_sentiment_gated,DeBERTa-v3 + Sentiment Profile (Gated),42
15250,0,2.035816805801005e-06,0,0.05772783383033802,model::deberta_v3_sentiment_gated,DeBERTa-v3 + Sentiment Profile (Gated),42
10506,0,1.1466812566141016e-06,0,0.05772783383033802,model::deberta_v3_sentiment_gated,DeBERTa-v3 + Sentiment Profile (Gated),42
3269,1,1.8433711375109847e-06,0,0.05772783383033802,model::deberta_v3_sentiment_gated,DeBERTa-v3 + Sentiment Profile (Gated),42
2241,1,2.7588064313022187e-06,0,0.05772783383033802,model::deberta_v3_sentiment_gated,DeBERTa-v3 + Sentiment Profile (Gated),42
12807,1,2.471321295161033e-06,0,0.05772783383033802,model::deberta_v3_sentiment_gated,DeBERTa-v3 + Sentiment Profile (Gated),42
21086,0,2.915631057476276e-06,0,0.05772783383033802,model::deberta_v3_sentiment_gated,DeBERTa-v3 + Sentiment Profile (Gated),42
20188,0,3.519432993925875e-06,0,0.05772783383033802,model::deberta_v3_sentiment_gated,DeBERTa-v3 + Sentiment Profile (Gated),42
11548,0,1.6538048157599403e-06,0,0.05772783383033802,model::deberta_v3_sentiment_gated,DeBERTa-v3 + Sentiment Profile (Gated),42
12955,1,1.5994197610780247e-06,0,0.05772783383033802,model::deberta_v3_sentiment_gated,DeBERTa-v3 + Sentiment Profile (Gated),42
10288,1,2.266244791826466e-06,0,0.05772783383033802,model::deberta_v3_sentiment_gated,DeBERTa-v3 + Sentiment Profile (Gated),42
6633,1,2.029468305408954e-06,0,0.05772783383033802,model::deberta_v3_sentiment_gated,DeBERTa-v3 + Sentiment Profile (Gated),42
13995,0,1.471158952881524e-06,0,0.05772783383033802,model::deberta_v3_sentiment_gated,DeBERTa-v3 + Sentiment Profile (Gated),42
14659,1,1.5540119875367964e-06,0,0.05772783383033802,model::deberta_v3_sentiment_gated,DeBERTa-v3 + Sentiment Profile (Gated),42
3708,1,3.549912662492716e-06,0,0.05772783383033802,model::deberta_v3_sentiment_gated,DeBERTa-v3 + Sentiment Profile (Gated),42
14245,0,1.8952588334286704e-06,0,0.05772783383033802,model::deberta_v3_sentiment_gated,DeBERTa-v3 + Sentiment Profile (Gated),42
10751,0,1.23504423754639e-06,0,0.05772783383033802,model::deberta_v3_sentiment_gated,DeBERTa-v3 + Sentiment Profile (Gated),42
20867,1,1.7965649021789432e-06,0,0.05772783383033802,model::deberta_v3_sentiment_gated,DeBERTa-v3 + Sentiment Profile (Gated),42
16297,1,3.266755356889917e-06,0,0.05772783383033802,model::deberta_v3_sentiment_gated,DeBERTa-v3 + Sentiment Profile (Gated),42
19176,0,2.3836469154048245e-06,0,0.05772783383033802,model::deberta_v3_sentiment_gated,DeBERTa-v3 + Sentiment Profile (Gated),42
10463,1,2.2354911379807163e-06,0,0.05772783383033802,model::deberta_v3_sentiment_gated,DeBERTa-v3 + Sentiment Profile (Gated),42
5943,0,1.7472838180765391e-06,0,0.05772783383033802,model::deberta_v3_sentiment_gated,DeBERTa-v3 + Sentiment Profile (Gated),42
6274,0,0.9978164434432985,1,0.05772783383033802,model::deberta_v3_sentiment_gated,DeBERTa-v3 + Sentiment Profile (Gated),42
7012,1,2.123459353242652e-06,0,0.05772783383033802,model::deberta_v3_sentiment_gated,DeBERTa-v3 + Sentiment Profile (Gated),42
2528,0,1.9475041881378274e-06,0,0.05772783383033802,model::deberta_v3_sentiment_gated,DeBERTa-v3 + Sentiment Profile (Gated),42
5244,1,1.9981605419161497e-06,0,0.05772783383033802,model::deberta_v3_sentiment_gated,DeBERTa-v3 + Sentiment Profile (Gated),42
3228,1,2.130154598489753e-06,0,0.05772783383033802,model::deberta_v3_sentiment_gated,DeBERTa-v3 + Sentiment Profile (Gated),42
13679,1,2.1327912236301927e-06,0,0.05772783383033802,model::deberta_v3_sentiment_gated,DeBERTa-v3 + Sentiment Profile (Gated),42
2353,0,1.5253868923537084e-06,0,0.05772783383033802,model::deberta_v3_sentiment_gated,DeBERTa-v3 + Sentiment Profile (Gated),42
17868,0,1.5817283838259757e-06,0,0.05772783383033802,model::deberta_v3_sentiment_gated,DeBERTa-v3 + Sentiment Profile (Gated),42
10911,0,1.0405858120066114e-05,0,0.05772783383033802,model::deberta_v3_sentiment_gated,DeBERTa-v3 + Sentiment Profile (Gated),42
17795,0,1.6566160638831209e-06,0,0.05772783383033802,model::deberta_v3_sentiment_gated,DeBERTa-v3 + Sentiment Profile (Gated),42
4064,0,4.612017619365361e-06,0,0.05772783383033802,model::deberta_v3_sentiment_gated,DeBERTa-v3 + Sentiment Profile (Gated),42
11220,1,2.3271579721040325e-06,0,0.05772783383033802,model::deberta_v3_sentiment_gated,DeBERTa-v3 + Sentiment Profile (Gated),42
6330,0,2.16137345887546e-06,0,0.05772783383033802,model::deberta_v3_sentiment_gated,DeBERTa-v3 + Sentiment Profile (Gated),42
3160,1,1.769064169820922e-06,0,0.05772783383033802,model::deberta_v3_sentiment_gated,DeBERTa-v3 + Sentiment Profile (Gated),42
9211,0,1.3936730738350889e-06,0,0.05772783383033802,model::deberta_v3_sentiment_gated,DeBERTa-v3 + Sentiment Profile (Gated),42
13829,1,2.3029454041534336e-06,0,0.05772783383033802,model::deberta_v3_sentiment_gated,DeBERTa-v3 + Sentiment Profile (Gated),42
20040,0,1.847418957368064e-06,0,0.05772783383033802,model::deberta_v3_sentiment_gated,DeBERTa-v3 + Sentiment Profile (Gated),42
8151,0,1.5001724023022687e-05,0,0.05772783383033802,model::deberta_v3_sentiment_gated,DeBERTa-v3 + Sentiment Profile (Gated),42
19258,1,2.8356641905702418e-06,0,0.05772783383033802,model::deberta_v3_sentiment_gated,DeBERTa-v3 + Sentiment Profile (Gated),42
18899,0,1.1770980563596822e-06,0,0.05772783383033802,model::deberta_v3_sentiment_gated,DeBERTa-v3 + Sentiment Profile (Gated),42
21008,0,1.693590320428484e-06,0,0.05772783383033802,model::deberta_v3_sentiment_gated,DeBERTa-v3 + Sentiment Profile (Gated),42
17324,1,2.5071260552067542e-06,0,0.05772783383033802,model::deberta_v3_sentiment_gated,DeBERTa-v3 + Sentiment Profile (Gated),42
944,1,2.447512315484346e-06,0,0.05772783383033802,model::deberta_v3_sentiment_gated,DeBERTa-v3 + Sentiment Profile (Gated),42
8278,0,4.470999556360766e-06,0,0.05772783383033802,model::deberta_v3_sentiment_gated,DeBERTa-v3 + Sentiment Profile (Gated),42
17555,1,1.805520469133625e-06,0,0.05772783383033802,model::deberta_v3_sentiment_gated,DeBERTa-v3 + Sentiment Profile (Gated),42
3857,1,1.8491002720111285e-06,0,0.05772783383033802,model::deberta_v3_sentiment_gated,DeBERTa-v3 + Sentiment Profile (Gated),42
12737,1,2.9380582873272942e-06,0,0.05772783383033802,model::deberta_v3_sentiment_gated,DeBERTa-v3 + Sentiment Profile (Gated),42
15545,0,1.643475002310879e-06,0,0.05772783383033802,model::deberta_v3_sentiment_gated,DeBERTa-v3 + Sentiment Profile (Gated),42
8693,1,4.020976575702662e-06,0,0.05772783383033802,model::deberta_v3_sentiment_gated,DeBERTa-v3 + Sentiment Profile (Gated),42
2521,1,3.751375061256113e-06,0,0.05772783383033802,model::deberta_v3_sentiment_gated,DeBERTa-v3 + Sentiment Profile (Gated),42
5398,1,2.1795428892801283e-06,0,0.05772783383033802,model::deberta_v3_sentiment_gated,DeBERTa-v3 + Sentiment Profile (Gated),42
14372,1,1.949881152540911e-06,0,0.05772783383033802,model::deberta_v3_sentiment_gated,DeBERTa-v3 + Sentiment Profile (Gated),42
14629,0,7.683512194489595e-06,0,0.05772783383033802,model::deberta_v3_sentiment_gated,DeBERTa-v3 + Sentiment Profile (Gated),42
5149,0,1.0794299669214524e-05,0,0.05772783383033802,model::deberta_v3_sentiment_gated,DeBERTa-v3 + Sentiment Profile (Gated),42
1411,1,2.2563572201761417e-06,0,0.05772783383033802,model::deberta_v3_sentiment_gated,DeBERTa-v3 + Sentiment Profile (Gated),42
20931,1,1.554262439640297e-06,0,0.05772783383033802,model::deberta_v3_sentiment_gated,DeBERTa-v3 + Sentiment Profile (Gated),42
7180,0,1.0539337381487712e-05,0,0.05772783383033802,model::deberta_v3_sentiment_gated,DeBERTa-v3 + Sentiment Profile (Gated),42
2091,0,4.240145244693849e-06,0,0.05772783383033802,model::deberta_v3_sentiment_gated,DeBERTa-v3 + Sentiment Profile (Gated),42
2141,1,2.135343493137043e-06,0,0.05772783383033802,model::deberta_v3_sentiment_gated,DeBERTa-v3 + Sentiment Profile (Gated),42
6695,0,6.967550689296331e-06,0,0.05772783383033802,model::deberta_v3_sentiment_gated,DeBERTa-v3 + Sentiment Profile (Gated),42
7950,0,1.8254188489663647e-06,0,0.05772783383033802,model::deberta_v3_sentiment_gated,DeBERTa-v3 + Sentiment Profile (Gated),42
17601,1,2.040094614130794e-06,0,0.05772783383033802,model::deberta_v3_sentiment_gated,DeBERTa-v3 + Sentiment Profile (Gated),42
14362,0,1.527812401036499e-06,0,0.05772783383033802,model::deberta_v3_sentiment_gated,DeBERTa-v3 + Sentiment Profile (Gated),42
9196,1,1.6245307961071376e-06,0,0.05772783383033802,model::deberta_v3_sentiment_gated,DeBERTa-v3 + Sentiment Profile (Gated),42
18311,1,3.0654225611215224e-06,0,0.05772783383033802,model::deberta_v3_sentiment_gated,DeBERTa-v3 + Sentiment Profile (Gated),42
18325,0,5.524882453755708e-06,0,0.05772783383033802,model::deberta_v3_sentiment_gated,DeBERTa-v3 + Sentiment Profile (Gated),42
2602,0,9.433915693080053e-06,0,0.05772783383033802,model::deberta_v3_sentiment_gated,DeBERTa-v3 + Sentiment Profile (Gated),42
17256,0,1.175202442027512e-06,0,0.05772783383033802,model::deberta_v3_sentiment_gated,DeBERTa-v3 + Sentiment Profile (Gated),42
2691,1,1.7619303207538906e-06,0,0.05772783383033802,model::deberta_v3_sentiment_gated,DeBERTa-v3 + Sentiment Profile (Gated),42
19058,0,1.7539751979711582e-06,0,0.05772783383033802,model::deberta_v3_sentiment_gated,DeBERTa-v3 + Sentiment Profile (Gated),42
9185,1,1.90490266049892e-06,0,0.05772783383033802,model::deberta_v3_sentiment_gated,DeBERTa-v3 + Sentiment Profile (Gated),42
20745,0,4.216266461298801e-06,0,0.05772783383033802,model::deberta_v3_sentiment_gated,DeBERTa-v3 + Sentiment Profile (Gated),42
9544,0,1.765617412274878e-06,0,0.05772783383033802,model::deberta_v3_sentiment_gated,DeBERTa-v3 + Sentiment Profile (Gated),42
11431,1,1.5437033198395511e-06,0,0.05772783383033802,model::deberta_v3_sentiment_gated,DeBERTa-v3 + Sentiment Profile (Gated),42
11528,0,3.451265911280643e-06,0,0.05772783383033802,model::deberta_v3_sentiment_gated,DeBERTa-v3 + Sentiment Profile (Gated),42
12441,0,2.546051746321609e-06,0,0.05772783383033802,model::deberta_v3_sentiment_gated,DeBERTa-v3 + Sentiment Profile (Gated),42
11925,0,1.515451572231541e-06,0,0.05772783383033802,model::deberta_v3_sentiment_gated,DeBERTa-v3 + Sentiment Profile (Gated),42
2900,0,3.495755299809389e-05,0,0.05772783383033802,model::deberta_v3_sentiment_gated,DeBERTa-v3 + Sentiment Profile (Gated),42
16701,1,2.002934024858405e-06,0,0.05772783383033802,model::deberta_v3_sentiment_gated,DeBERTa-v3 + Sentiment Profile (Gated),42
5660,0,1.4277576156018768e-05,0,0.05772783383033802,model::deberta_v3_sentiment_gated,DeBERTa-v3 + Sentiment Profile (Gated),42
346,1,2.039477976722992e-06,0,0.05772783383033802,model::deberta_v3_sentiment_gated,DeBERTa-v3 + Sentiment Profile (Gated),42
13438,1,1.9882304513885174e-06,0,0.05772783383033802,model::deberta_v3_sentiment_gated,DeBERTa-v3 + Sentiment Profile (Gated),42
1650,0,2.4002856662264094e-06,0,0.05772783383033802,model::deberta_v3_sentiment_gated,DeBERTa-v3 + Sentiment Profile (Gated),42
7861,0,1.289473289034504e-06,0,0.05772783383033802,model::deberta_v3_sentiment_gated,DeBERTa-v3 + Sentiment Profile (Gated),42
21098,0,1.8111493318428984e-06,0,0.05772783383033802,model::deberta_v3_sentiment_gated,DeBERTa-v3 + Sentiment Profile (Gated),42
3888,1,1.4802448049522354e-06,0,0.05772783383033802,model::deberta_v3_sentiment_gated,DeBERTa-v3 + Sentiment Profile (Gated),42
19944,0,2.479371232766425e-06,0,0.05772783383033802,model::deberta_v3_sentiment_gated,DeBERTa-v3 + Sentiment Profile (Gated),42
6096,1,1.812929212974268e-06,0,0.05772783383033802,model::deberta_v3_sentiment_gated,DeBERTa-v3 + Sentiment Profile (Gated),42
12443,1,2.5424944851693e-06,0,0.05772783383033802,model::deberta_v3_sentiment_gated,DeBERTa-v3 + Sentiment Profile (Gated),42
18921,0,2.6933134904538747e-06,0,0.05772783383033802,model::deberta_v3_sentiment_gated,DeBERTa-v3 + Sentiment Profile (Gated),42
19057,1,2.3678890102019068e-06,0,0.05772783383033802,model::deberta_v3_sentiment_gated,DeBERTa-v3 + Sentiment Profile (Gated),42
10696,0,1.606901059858501e-05,0,0.05772783383033802,model::deberta_v3_sentiment_gated,DeBERTa-v3 + Sentiment Profile (Gated),42
1091,0,1.4389255511559895e-06,0,0.05772783383033802,model::deberta_v3_sentiment_gated,DeBERTa-v3 + Sentiment Profile (Gated),42
10496,1,2.8450149329728447e-06,0,0.05772783383033802,model::deberta_v3_sentiment_gated,DeBERTa-v3 + Sentiment Profile (Gated),42
5579,1,1.6254326737907832e-06,0,0.05772783383033802,model::deberta_v3_sentiment_gated,DeBERTa-v3 + Sentiment Profile (Gated),42
348,0,1.130115288106026e-05,0,0.05772783383033802,model::deberta_v3_sentiment_gated,DeBERTa-v3 + Sentiment Profile (Gated),42
7791,0,1.6076139218057506e-05,0,0.05772783383033802,model::deberta_v3_sentiment_gated,DeBERTa-v3 + Sentiment Profile (Gated),42
6921,0,1.543117377877934e-06,0,0.05772783383033802,model::deberta_v3_sentiment_gated,DeBERTa-v3 + Sentiment Profile (Gated),42
5961,0,1.2727650755550712e-05,0,0.05772783383033802,model::deberta_v3_sentiment_gated,DeBERTa-v3 + Sentiment Profile (Gated),42
423,0,1.4960372709538206e-06,0,0.05772783383033802,model::deberta_v3_sentiment_gated,DeBERTa-v3 + Sentiment Profile (Gated),42
5252,1,2.25764870265266e-06,0,0.05772783383033802,model::deberta_v3_sentiment_gated,DeBERTa-v3 + Sentiment Profile (Gated),42
6483,1,1.8460698356648209e-06,0,0.05772783383033802,model::deberta_v3_sentiment_gated,DeBERTa-v3 + Sentiment Profile (Gated),42
9998,0,1.2483162663556868e-06,0,0.05772783383033802,model::deberta_v3_sentiment_gated,DeBERTa-v3 + Sentiment Profile (Gated),42
11973,1,1.941351229106658e-06,0,0.05772783383033802,model::deberta_v3_sentiment_gated,DeBERTa-v3 + Sentiment Profile (Gated),42
10073,0,6.481523996626493e-06,0,0.05772783383033802,model::deberta_v3_sentiment_gated,DeBERTa-v3 + Sentiment Profile (Gated),42
16291,1,1.7041961655195337e-06,0,0.05772783383033802,model::deberta_v3_sentiment_gated,DeBERTa-v3 + Sentiment Profile (Gated),42
15117,0,1.34208096369548e-06,0,0.05772783383033802,model::deberta_v3_sentiment_gated,DeBERTa-v3 + Sentiment Profile (Gated),42
6412,1,2.1124310478626285e-06,0,0.05772783383033802,model::deberta_v3_sentiment_gated,DeBERTa-v3 + Sentiment Profile (Gated),42
14392,0,1.4289372529674438e-06,0,0.05772783383033802,model::deberta_v3_sentiment_gated,DeBERTa-v3 + Sentiment Profile (Gated),42
13991,1,7.853358511056285e-06,0,0.05772783383033802,model::deberta_v3_sentiment_gated,DeBERTa-v3 + Sentiment Profile (Gated),42
5799,0,4.494868790061446e-06,0,0.05772783383033802,model::deberta_v3_sentiment_gated,DeBERTa-v3 + Sentiment Profile (Gated),42
14778,1,2.2928056750970427e-06,0,0.05772783383033802,model::deberta_v3_sentiment_gated,DeBERTa-v3 + Sentiment Profile (Gated),42
15503,0,5.457527095131809e-06,0,0.05772783383033802,model::deberta_v3_sentiment_gated,DeBERTa-v3 + Sentiment Profile (Gated),42
13030,1,1.8818087710315008e-06,0,0.05772783383033802,model::deberta_v3_sentiment_gated,DeBERTa-v3 + Sentiment Profile (Gated),42
5198,1,3.006387487403117e-06,0,0.05772783383033802,model::deberta_v3_sentiment_gated,DeBERTa-v3 + Sentiment Profile (Gated),42
6892,1,2.361833594477502e-06,0,0.05772783383033802,model::deberta_v3_sentiment_gated,DeBERTa-v3 + Sentiment Profile (Gated),42
3729,0,1.1643795005511492e-05,0,0.05772783383033802,model::deberta_v3_sentiment_gated,DeBERTa-v3 + Sentiment Profile (Gated),42
8235,1,2.759769586191396e-06,0,0.05772783383033802,model::deberta_v3_sentiment_gated,DeBERTa-v3 + Sentiment Profile (Gated),42
21073,0,7.831458788132295e-06,0,0.05772783383033802,model::deberta_v3_sentiment_gated,DeBERTa-v3 + Sentiment Profile (Gated),42
19901,0,1.7502424043414069e-06,0,0.05772783383033802,model::deberta_v3_sentiment_gated,DeBERTa-v3 + Sentiment Profile (Gated),42
16269,0,8.05470426712418e-06,0,0.05772783383033802,model::deberta_v3_sentiment_gated,DeBERTa-v3 + Sentiment Profile (Gated),42
415,0,2.4020903310884023e-06,0,0.05772783383033802,model::deberta_v3_sentiment_gated,DeBERTa-v3 + Sentiment Profile (Gated),42
619,1,1.955555262611597e-06,0,0.05772783383033802,model::deberta_v3_sentiment_gated,DeBERTa-v3 + Sentiment Profile (Gated),42
9421,1,1.3678883306056375e-06,0,0.05772783383033802,model::deberta_v3_sentiment_gated,DeBERTa-v3 + Sentiment Profile (Gated),42
1992,1,2.5563774670445127e-06,0,0.05772783383033802,model::deberta_v3_sentiment_gated,DeBERTa-v3 + Sentiment Profile (Gated),42
9633,0,3.010022510352428e-06,0,0.05772783383033802,model::deberta_v3_sentiment_gated,DeBERTa-v3 + Sentiment Profile (Gated),42
790,0,5.355957455321914e-06,0,0.05772783383033802,model::deberta_v3_sentiment_gated,DeBERTa-v3 + Sentiment Profile (Gated),42
7410,1,4.370942406239919e-06,0,0.05772783383033802,model::deberta_v3_sentiment_gated,DeBERTa-v3 + Sentiment Profile (Gated),42
5427,0,1.4900074347679038e-06,0,0.05772783383033802,model::deberta_v3_sentiment_gated,DeBERTa-v3 + Sentiment Profile (Gated),42
12704,0,2.148436806237441e-06,0,0.05772783383033802,model::deberta_v3_sentiment_gated,DeBERTa-v3 + Sentiment Profile (Gated),42
7225,1,3.265600071244989e-06,0,0.05772783383033802,model::deberta_v3_sentiment_gated,DeBERTa-v3 + Sentiment Profile (Gated),42
3310,0,1.72678767285106e-06,0,0.05772783383033802,model::deberta_v3_sentiment_gated,DeBERTa-v3 + Sentiment Profile (Gated),42
11385,0,1.2098022352802218e-06,0,0.05772783383033802,model::deberta_v3_sentiment_gated,DeBERTa-v3 + Sentiment Profile (Gated),42
490,1,2.5555145839462057e-06,0,0.05772783383033802,model::deberta_v3_sentiment_gated,DeBERTa-v3 + Sentiment Profile (Gated),42
1730,1,8.2509850471979e-06,0,0.05772783383033802,model::deberta_v3_sentiment_gated,DeBERTa-v3 + Sentiment Profile (Gated),42
20113,1,1.93404457604629e-06,0,0.05772783383033802,model::deberta_v3_sentiment_gated,DeBERTa-v3 + Sentiment Profile (Gated),42
13770,0,1.2354400951153366e-06,0,0.05772783383033802,model::deberta_v3_sentiment_gated,DeBERTa-v3 + Sentiment Profile (Gated),42
12039,1,2.918763584602857e-06,0,0.05772783383033802,model::deberta_v3_sentiment_gated,DeBERTa-v3 + Sentiment Profile (Gated),42
8972,0,1.256147697858978e-06,0,0.05772783383033802,model::deberta_v3_sentiment_gated,DeBERTa-v3 + Sentiment Profile (Gated),42
5955,0,1.3097993587507515e-06,0,0.05772783383033802,model::deberta_v3_sentiment_gated,DeBERTa-v3 + Sentiment Profile (Gated),42
18914,1,5.953844265604857e-06,0,0.05772783383033802,model::deberta_v3_sentiment_gated,DeBERTa-v3 + Sentiment Profile (Gated),42
13109,1,1.813276753637183e-06,0,0.05772783383033802,model::deberta_v3_sentiment_gated,DeBERTa-v3 + Sentiment Profile (Gated),42
14314,0,1.2699176750174956e-06,0,0.05772783383033802,model::deberta_v3_sentiment_gated,DeBERTa-v3 + Sentiment Profile (Gated),42
487,1,3.0996407076600008e-06,0,0.05772783383033802,model::deberta_v3_sentiment_gated,DeBERTa-v3 + Sentiment Profile (Gated),42
613,0,1.9071347878707456e-06,0,0.05772783383033802,model::deberta_v3_sentiment_gated,DeBERTa-v3 + Sentiment Profile (Gated),42
18712,0,1.863681177383114e-06,0,0.05772783383033802,model::deberta_v3_sentiment_gated,DeBERTa-v3 + Sentiment Profile (Gated),42
20055,0,1.3615144780487752e-05,0,0.05772783383033802,model::deberta_v3_sentiment_gated,DeBERTa-v3 + Sentiment Profile (Gated),42
18631,0,4.195553628960624e-06,0,0.05772783383033802,model::deberta_v3_sentiment_gated,DeBERTa-v3 + Sentiment Profile (Gated),42
4749,1,1.648242005103384e-06,0,0.05772783383033802,model::deberta_v3_sentiment_gated,DeBERTa-v3 + Sentiment Profile (Gated),42
13940,0,3.5642926832224475e-06,0,0.05772783383033802,model::deberta_v3_sentiment_gated,DeBERTa-v3 + Sentiment Profile (Gated),42
18683,0,3.513692035994609e-06,0,0.05772783383033802,model::deberta_v3_sentiment_gated,DeBERTa-v3 + Sentiment Profile (Gated),42
7674,1,4.159895070188213e-06,0,0.05772783383033802,model::deberta_v3_sentiment_gated,DeBERTa-v3 + Sentiment Profile (Gated),42
13468,0,3.3958092444663635e-06,0,0.05772783383033802,model::deberta_v3_sentiment_gated,DeBERTa-v3 + Sentiment Profile (Gated),42
1488,1,1.8506704009269013e-06,0,0.05772783383033802,model::deberta_v3_sentiment_gated,DeBERTa-v3 + Sentiment Profile (Gated),42
17143,0,2.458212065903353e-06,0,0.05772783383033802,model::deberta_v3_sentiment_gated,DeBERTa-v3 + Sentiment Profile (Gated),42
8932,1,1.857582446973538e-06,0,0.05772783383033802,model::deberta_v3_sentiment_gated,DeBERTa-v3 + Sentiment Profile (Gated),42
10240,1,2.47643151851662e-06,0,0.05772783383033802,model::deberta_v3_sentiment_gated,DeBERTa-v3 + Sentiment Profile (Gated),42
5794,0,2.725196509345551e-06,0,0.05772783383033802,model::deberta_v3_sentiment_gated,DeBERTa-v3 + Sentiment Profile (Gated),42
429,1,1.0557021596468983e-05,0,0.05772783383033802,model::deberta_v3_sentiment_gated,DeBERTa-v3 + Sentiment Profile (Gated),42
14203,1,3.051564817724284e-06,0,0.05772783383033802,model::deberta_v3_sentiment_gated,DeBERTa-v3 + Sentiment Profile (Gated),42
1602,0,5.72153794564656e-06,0,0.05772783383033802,model::deberta_v3_sentiment_gated,DeBERTa-v3 + Sentiment Profile (Gated),42
10137,1,3.572316927602514e-06,0,0.05772783383033802,model::deberta_v3_sentiment_gated,DeBERTa-v3 + Sentiment Profile (Gated),42
21093,1,3.2856014513527043e-06,0,0.05772783383033802,model::deberta_v3_sentiment_gated,DeBERTa-v3 + Sentiment Profile (Gated),42
20550,0,2.459802090015728e-06,0,0.05772783383033802,model::deberta_v3_sentiment_gated,DeBERTa-v3 + Sentiment Profile (Gated),42
16419,1,2.6775378501042724e-06,0,0.05772783383033802,model::deberta_v3_sentiment_gated,DeBERTa-v3 + Sentiment Profile (Gated),42
3435,0,1.2563154996314552e-06,0,0.05772783383033802,model::deberta_v3_sentiment_gated,DeBERTa-v3 + Sentiment Profile (Gated),42
19747,0,2.750153498709551e-06,0,0.05772783383033802,model::deberta_v3_sentiment_gated,DeBERTa-v3 + Sentiment Profile (Gated),42
896,0,2.183806145694689e-06,0,0.05772783383033802,model::deberta_v3_sentiment_gated,DeBERTa-v3 + Sentiment Profile (Gated),42
1158,0,1.7120152051575133e-06,0,0.05772783383033802,model::deberta_v3_sentiment_gated,DeBERTa-v3 + Sentiment Profile (Gated),42
3961,0,1.7681921917755972e-06,0,0.05772783383033802,model::deberta_v3_sentiment_gated,DeBERTa-v3 + Sentiment Profile (Gated),42
5649,1,3.283941168774618e-06,0,0.05772783383033802,model::deberta_v3_sentiment_gated,DeBERTa-v3 + Sentiment Profile (Gated),42
19197,0,2.535549811000237e-06,0,0.05772783383033802,model::deberta_v3_sentiment_gated,DeBERTa-v3 + Sentiment Profile (Gated),42
634,0,2.863415602405439e-06,0,0.05772783383033802,model::deberta_v3_sentiment_gated,DeBERTa-v3 + Sentiment Profile (Gated),42
15856,1,1.7616262084629852e-06,0,0.05772783383033802,model::deberta_v3_sentiment_gated,DeBERTa-v3 + Sentiment Profile (Gated),42
11681,1,5.65831714993692e-06,0,0.05772783383033802,model::deberta_v3_sentiment_gated,DeBERTa-v3 + Sentiment Profile (Gated),42
18629,1,1.8299261910215137e-06,0,0.05772783383033802,model::deberta_v3_sentiment_gated,DeBERTa-v3 + Sentiment Profile (Gated),42
908,1,1.8461262243363308e-06,0,0.05772783383033802,model::deberta_v3_sentiment_gated,DeBERTa-v3 + Sentiment Profile (Gated),42
10067,0,2.2355934561346658e-06,0,0.05772783383033802,model::deberta_v3_sentiment_gated,DeBERTa-v3 + Sentiment Profile (Gated),42
18318,1,1.503245471212722e-06,0,0.05772783383033802,model::deberta_v3_sentiment_gated,DeBERTa-v3 + Sentiment Profile (Gated),42
8724,1,2.1321648091543466e-06,0,0.05772783383033802,model::deberta_v3_sentiment_gated,DeBERTa-v3 + Sentiment Profile (Gated),42
17763,0,7.647077836736571e-06,0,0.05772783383033802,model::deberta_v3_sentiment_gated,DeBERTa-v3 + Sentiment Profile (Gated),42
10931,0,2.002154815272661e-06,0,0.05772783383033802,model::deberta_v3_sentiment_gated,DeBERTa-v3 + Sentiment Profile (Gated),42
5300,1,1.9395599792915164e-06,0,0.05772783383033802,model::deberta_v3_sentiment_gated,DeBERTa-v3 + Sentiment Profile (Gated),42
14296,0,5.188722298044013e-06,0,0.05772783383033802,model::deberta_v3_sentiment_gated,DeBERTa-v3 + Sentiment Profile (Gated),42
6517,0,3.2235955131909577e-06,0,0.05772783383033802,model::deberta_v3_sentiment_gated,DeBERTa-v3 + Sentiment Profile (Gated),42
9698,0,1.1039933269785251e-06,0,0.05772783383033802,model::deberta_v3_sentiment_gated,DeBERTa-v3 + Sentiment Profile (Gated),42
3299,1,2.97157453132968e-06,0,0.05772783383033802,model::deberta_v3_sentiment_gated,DeBERTa-v3 + Sentiment Profile (Gated),42
15057,0,2.3147076717577875e-06,0,0.05772783383033802,model::deberta_v3_sentiment_gated,DeBERTa-v3 + Sentiment Profile (Gated),42
18724,1,1.7854625866675633e-06,0,0.05772783383033802,model::deberta_v3_sentiment_gated,DeBERTa-v3 + Sentiment Profile (Gated),42
4523,0,7.041691787890159e-06,0,0.05772783383033802,model::deberta_v3_sentiment_gated,DeBERTa-v3 + Sentiment Profile (Gated),42
15341,1,1.8751713923848e-06,0,0.05772783383033802,model::deberta_v3_sentiment_gated,DeBERTa-v3 + Sentiment Profile (Gated),42
20812,0,6.124536412244197e-06,0,0.05772783383033802,model::deberta_v3_sentiment_gated,DeBERTa-v3 + Sentiment Profile (Gated),42
10438,1,1.9169376628269674e-06,0,0.05772783383033802,model::deberta_v3_sentiment_gated,DeBERTa-v3 + Sentiment Profile (Gated),42
4214,0,3.492224777801312e-06,0,0.05772783383033802,model::deberta_v3_sentiment_gated,DeBERTa-v3 + Sentiment Profile (Gated),42
17013,0,2.0930917798978044e-06,0,0.05772783383033802,model::deberta_v3_sentiment_gated,DeBERTa-v3 + Sentiment Profile (Gated),42
6937,1,2.729704192461213e-06,0,0.05772783383033802,model::deberta_v3_sentiment_gated,DeBERTa-v3 + Sentiment Profile (Gated),42
1126,0,2.659490564838052e-05,0,0.05772783383033802,model::deberta_v3_sentiment_gated,DeBERTa-v3 + Sentiment Profile (Gated),42
10572,0,2.001360826398013e-06,0,0.05772783383033802,model::deberta_v3_sentiment_gated,DeBERTa-v3 + Sentiment Profile (Gated),42
10926,1,3.904165168933105e-06,0,0.05772783383033802,model::deberta_v3_sentiment_gated,DeBERTa-v3 + Sentiment Profile (Gated),42
6536,1,1.852056470852404e-06,0,0.05772783383033802,model::deberta_v3_sentiment_gated,DeBERTa-v3 + Sentiment Profile (Gated),42
18459,0,1.669801349635236e-05,0,0.05772783383033802,model::deberta_v3_sentiment_gated,DeBERTa-v3 + Sentiment Profile (Gated),42
11808,0,3.856811872537946e-06,0,0.05772783383033802,model::deberta_v3_sentiment_gated,DeBERTa-v3 + Sentiment Profile (Gated),42
11380,0,1.9967128537246026e-06,0,0.05772783383033802,model::deberta_v3_sentiment_gated,DeBERTa-v3 + Sentiment Profile (Gated),42
808,1,2.321290821782896e-06,0,0.05772783383033802,model::deberta_v3_sentiment_gated,DeBERTa-v3 + Sentiment Profile (Gated),42
128,0,5.251943548501004e-06,0,0.05772783383033802,model::deberta_v3_sentiment_gated,DeBERTa-v3 + Sentiment Profile (Gated),42
2751,0,1.4339008203023695e-06,0,0.05772783383033802,model::deberta_v3_sentiment_gated,DeBERTa-v3 + Sentiment Profile (Gated),42
12590,1,1.472913709221757e-06,0,0.05772783383033802,model::deberta_v3_sentiment_gated,DeBERTa-v3 + Sentiment Profile (Gated),42
14014,0,1.2118415725126395e-05,0,0.05772783383033802,model::deberta_v3_sentiment_gated,DeBERTa-v3 + Sentiment Profile (Gated),42
18569,0,7.088978691172088e-06,0,0.05772783383033802,model::deberta_v3_sentiment_gated,DeBERTa-v3 + Sentiment Profile (Gated),42
3436,1,1.284453446714906e-06,0,0.05772783383033802,model::deberta_v3_sentiment_gated,DeBERTa-v3 + Sentiment Profile (Gated),42
3401,0,2.0906120425934205e-06,0,0.05772783383033802,model::deberta_v3_sentiment_gated,DeBERTa-v3 + Sentiment Profile (Gated),42
15971,0,1.587710130479536e-06,0,0.05772783383033802,model::deberta_v3_sentiment_gated,DeBERTa-v3 + Sentiment Profile (Gated),42
9490,0,1.96858945855638e-06,0,0.05772783383033802,model::deberta_v3_sentiment_gated,DeBERTa-v3 + Sentiment Profile (Gated),42
20368,0,2.8576373551914003e-06,0,0.05772783383033802,model::deberta_v3_sentiment_gated,DeBERTa-v3 + Sentiment Profile (Gated),42
6327,1,2.854499825843959e-06,0,0.05772783383033802,model::deberta_v3_sentiment_gated,DeBERTa-v3 + Sentiment Profile (Gated),42
14955,0,1.3292919902596625e-06,0,0.05772783383033802,model::deberta_v3_sentiment_gated,DeBERTa-v3 + Sentiment Profile (Gated),42
4579,1,1.932281975314254e-06,0,0.05772783383033802,model::deberta_v3_sentiment_gated,DeBERTa-v3 + Sentiment Profile (Gated),42
982,1,2.201160668846569e-06,0,0.05772783383033802,model::deberta_v3_sentiment_gated,DeBERTa-v3 + Sentiment Profile (Gated),42
8426,1,1.976644853129983e-06,0,0.05772783383033802,model::deberta_v3_sentiment_gated,DeBERTa-v3 + Sentiment Profile (Gated),42
6009,1,1.9815199721051613e-06,0,0.05772783383033802,model::deberta_v3_sentiment_gated,DeBERTa-v3 + Sentiment Profile (Gated),42
334,0,2.454330569889862e-06,0,0.05772783383033802,model::deberta_v3_sentiment_gated,DeBERTa-v3 + Sentiment Profile (Gated),42
19831,1,1.7234494862350402e-06,0,0.05772783383033802,model::deberta_v3_sentiment_gated,DeBERTa-v3 + Sentiment Profile (Gated),42
6688,1,2.248070813948289e-06,0,0.05772783383033802,model::deberta_v3_sentiment_gated,DeBERTa-v3 + Sentiment Profile (Gated),42
2448,0,3.9693363760306966e-06,0,0.05772783383033802,model::deberta_v3_sentiment_gated,DeBERTa-v3 + Sentiment Profile (Gated),42
17841,1,1.6034317695812206e-06,0,0.05772783383033802,model::deberta_v3_sentiment_gated,DeBERTa-v3 + Sentiment Profile (Gated),42
16629,0,6.918809503986267e-06,0,0.05772783383033802,model::deberta_v3_sentiment_gated,DeBERTa-v3 + Sentiment Profile (Gated),42
5068,1,1.867061200755416e-06,0,0.05772783383033802,model::deberta_v3_sentiment_gated,DeBERTa-v3 + Sentiment Profile (Gated),42
5234,1,1.6554048443140346e-06,0,0.05772783383033802,model::deberta_v3_sentiment_gated,DeBERTa-v3 + Sentiment Profile (Gated),42
13878,1,1.8299959947398747e-06,0,0.05772783383033802,model::deberta_v3_sentiment_gated,DeBERTa-v3 + Sentiment Profile (Gated),42
14440,1,2.242013579234481e-06,0,0.05772783383033802,model::deberta_v3_sentiment_gated,DeBERTa-v3 + Sentiment Profile (Gated),42
10785,1,3.2322827792086173e-06,0,0.05772783383033802,model::deberta_v3_sentiment_gated,DeBERTa-v3 + Sentiment Profile (Gated),42
5471,0,5.037013124820078e-06,0,0.05772783383033802,model::deberta_v3_sentiment_gated,DeBERTa-v3 + Sentiment Profile (Gated),42
13068,0,1.633273654988443e-06,0,0.05772783383033802,model::deberta_v3_sentiment_gated,DeBERTa-v3 + Sentiment Profile (Gated),42
11483,1,1.8111130657416648e-06,0,0.05772783383033802,model::deberta_v3_sentiment_gated,DeBERTa-v3 + Sentiment Profile (Gated),42
8732,0,6.7230130298412405e-06,0,0.05772783383033802,model::deberta_v3_sentiment_gated,DeBERTa-v3 + Sentiment Profile (Gated),42
19263,1,2.4084715732897166e-06,0,0.05772783383033802,model::deberta_v3_sentiment_gated,DeBERTa-v3 + Sentiment Profile (Gated),42
9360,0,1.820785655581858e-05,0,0.05772783383033802,model::deberta_v3_sentiment_gated,DeBERTa-v3 + Sentiment Profile (Gated),42
14206,1,1.8578853087092284e-06,0,0.05772783383033802,model::deberta_v3_sentiment_gated,DeBERTa-v3 + Sentiment Profile (Gated),42
688,0,8.290035111713223e-06,0,0.05772783383033802,model::deberta_v3_sentiment_gated,DeBERTa-v3 + Sentiment Profile (Gated),42
4075,0,3.089818619628204e-06,0,0.05772783383033802,model::deberta_v3_sentiment_gated,DeBERTa-v3 + Sentiment Profile (Gated),42
11274,0,1.5581420029775472e-06,0,0.05772783383033802,model::deberta_v3_sentiment_gated,DeBERTa-v3 + Sentiment Profile (Gated),42
13925,1,1.762523538673122e-06,0,0.05772783383033802,model::deberta_v3_sentiment_gated,DeBERTa-v3 + Sentiment Profile (Gated),42
7279,0,4.262606580596184e-06,0,0.05772783383033802,model::deberta_v3_sentiment_gated,DeBERTa-v3 + Sentiment Profile (Gated),42
15247,0,2.2167409952089656e-06,0,0.05772783383033802,model::deberta_v3_sentiment_gated,DeBERTa-v3 + Sentiment Profile (Gated),42
7024,0,1.84069576789625e-05,0,0.05772783383033802,model::deberta_v3_sentiment_gated,DeBERTa-v3 + Sentiment Profile (Gated),42
7278,1,1.5581626939820126e-06,0,0.05772783383033802,model::deberta_v3_sentiment_gated,DeBERTa-v3 + Sentiment Profile (Gated),42
17680,1,4.4533230720844585e-06,0,0.05772783383033802,model::deberta_v3_sentiment_gated,DeBERTa-v3 + Sentiment Profile (Gated),42
6777,1,2.738347575359512e-06,0,0.05772783383033802,model::deberta_v3_sentiment_gated,DeBERTa-v3 + Sentiment Profile (Gated),42
13849,0,1.963444810826332e-05,0,0.05772783383033802,model::deberta_v3_sentiment_gated,DeBERTa-v3 + Sentiment Profile (Gated),42
3985,1,1.531919565422868e-06,0,0.05772783383033802,model::deberta_v3_sentiment_gated,DeBERTa-v3 + Sentiment Profile (Gated),42
6058,1,2.07330094781355e-06,0,0.05772783383033802,model::deberta_v3_sentiment_gated,DeBERTa-v3 + Sentiment Profile (Gated),42
1079,0,3.035369218196138e-06,0,0.05772783383033802,model::deberta_v3_sentiment_gated,DeBERTa-v3 + Sentiment Profile (Gated),42
19594,0,4.025239377369871e-06,0,0.05772783383033802,model::deberta_v3_sentiment_gated,DeBERTa-v3 + Sentiment Profile (Gated),42
850,0,2.1833104710822222e-06,0,0.05772783383033802,model::deberta_v3_sentiment_gated,DeBERTa-v3 + Sentiment Profile (Gated),42
4983,0,1.6939021634243543e-06,0,0.05772783383033802,model::deberta_v3_sentiment_gated,DeBERTa-v3 + Sentiment Profile (Gated),42
174,1,2.394551756879082e-06,0,0.05772783383033802,model::deberta_v3_sentiment_gated,DeBERTa-v3 + Sentiment Profile (Gated),42
20094,0,2.642334038682748e-06,0,0.05772783383033802,model::deberta_v3_sentiment_gated,DeBERTa-v3 + Sentiment Profile (Gated),42
20213,1,1.8227572127216265e-06,0,0.05772783383033802,model::deberta_v3_sentiment_gated,DeBERTa-v3 + Sentiment Profile (Gated),42
8534,0,1.293195327889407e-05,0,0.05772783383033802,model::deberta_v3_sentiment_gated,DeBERTa-v3 + Sentiment Profile (Gated),42
11858,0,1.3455282896757126e-06,0,0.05772783383033802,model::deberta_v3_sentiment_gated,DeBERTa-v3 + Sentiment Profile (Gated),42
367,1,5.040165433456423e-06,0,0.05772783383033802,model::deberta_v3_sentiment_gated,DeBERTa-v3 + Sentiment Profile (Gated),42
7143,0,1.2080453416274397e-05,0,0.05772783383033802,model::deberta_v3_sentiment_gated,DeBERTa-v3 + Sentiment Profile (Gated),42
10376,0,1.50802679854678e-06,0,0.05772783383033802,model::deberta_v3_sentiment_gated,DeBERTa-v3 + Sentiment Profile (Gated),42
8199,0,9.873915587377269e-06,0,0.05772783383033802,model::deberta_v3_sentiment_gated,DeBERTa-v3 + Sentiment Profile (Gated),42
20114,0,8.795562280283775e-06,0,0.05772783383033802,model::deberta_v3_sentiment_gated,DeBERTa-v3 + Sentiment Profile (Gated),42
11262,0,1.0414270263936487e-06,0,0.05772783383033802,model::deberta_v3_sentiment_gated,DeBERTa-v3 + Sentiment Profile (Gated),42
9563,1,1.916257815537392e-06,0,0.05772783383033802,model::deberta_v3_sentiment_gated,DeBERTa-v3 + Sentiment Profile (Gated),42
12761,1,1.8305458979739344e-06,0,0.05772783383033802,model::deberta_v3_sentiment_gated,DeBERTa-v3 + Sentiment Profile (Gated),42
17570,1,1.609016749171133e-06,0,0.05772783383033802,model::deberta_v3_sentiment_gated,DeBERTa-v3 + Sentiment Profile (Gated),42
16713,0,1.9451726984698325e-06,0,0.05772783383033802,model::deberta_v3_sentiment_gated,DeBERTa-v3 + Sentiment Profile (Gated),42
5713,1,1.610026515663776e-06,0,0.05772783383033802,model::deberta_v3_sentiment_gated,DeBERTa-v3 + Sentiment Profile (Gated),42
5414,0,1.170101768366294e-06,0,0.05772783383033802,model::deberta_v3_sentiment_gated,DeBERTa-v3 + Sentiment Profile (Gated),42
18494,1,1.6644994502712509e-06,0,0.05772783383033802,model::deberta_v3_sentiment_gated,DeBERTa-v3 + Sentiment Profile (Gated),42
1935,1,2.442594905005535e-06,0,0.05772783383033802,model::deberta_v3_sentiment_gated,DeBERTa-v3 + Sentiment Profile (Gated),42
16113,1,1.8453376924298937e-06,0,0.05772783383033802,model::deberta_v3_sentiment_gated,DeBERTa-v3 + Sentiment Profile (Gated),42
1441,0,0.8755289912223816,1,0.05772783383033802,model::deberta_v3_sentiment_gated,DeBERTa-v3 + Sentiment Profile (Gated),42
1228,0,1.6236870578723028e-05,0,0.05772783383033802,model::deberta_v3_sentiment_gated,DeBERTa-v3 + Sentiment Profile (Gated),42
19144,1,1.881031721495674e-06,0,0.05772783383033802,model::deberta_v3_sentiment_gated,DeBERTa-v3 + Sentiment Profile (Gated),42
4712,1,2.2074671051086625e-06,0,0.05772783383033802,model::deberta_v3_sentiment_gated,DeBERTa-v3 + Sentiment Profile (Gated),42
11466,0,5.966366188658867e-06,0,0.05772783383033802,model::deberta_v3_sentiment_gated,DeBERTa-v3 + Sentiment Profile (Gated),42
17459,0,2.300249889231054e-06,0,0.05772783383033802,model::deberta_v3_sentiment_gated,DeBERTa-v3 + Sentiment Profile (Gated),42
8967,0,1.694188199508062e-06,0,0.05772783383033802,model::deberta_v3_sentiment_gated,DeBERTa-v3 + Sentiment Profile (Gated),42
14341,0,1.3796241091768024e-06,0,0.05772783383033802,model::deberta_v3_sentiment_gated,DeBERTa-v3 + Sentiment Profile (Gated),42
3632,0,4.245283889758866e-06,0,0.05772783383033802,model::deberta_v3_sentiment_gated,DeBERTa-v3 + Sentiment Profile (Gated),42
3480,1,2.014320216403576e-06,0,0.05772783383033802,model::deberta_v3_sentiment_gated,DeBERTa-v3 + Sentiment Profile (Gated),42
6585,1,5.743910151068121e-06,0,0.05772783383033802,model::deberta_v3_sentiment_gated,DeBERTa-v3 + Sentiment Profile (Gated),42
6008,0,6.318291525531095e-06,0,0.05772783383033802,model::deberta_v3_sentiment_gated,DeBERTa-v3 + Sentiment Profile (Gated),42
1254,0,1.6455985587526811e-06,0,0.05772783383033802,model::deberta_v3_sentiment_gated,DeBERTa-v3 + Sentiment Profile (Gated),42
17474,0,2.042122787315748e-06,0,0.05772783383033802,model::deberta_v3_sentiment_gated,DeBERTa-v3 + Sentiment Profile (Gated),42
1177,1,2.520005864425912e-06,0,0.05772783383033802,model::deberta_v3_sentiment_gated,DeBERTa-v3 + Sentiment Profile (Gated),42
11781,1,3.3399087442376185e-06,0,0.05772783383033802,model::deberta_v3_sentiment_gated,DeBERTa-v3 + Sentiment Profile (Gated),42
2146,1,1.3489355978890671e-06,0,0.05772783383033802,model::deberta_v3_sentiment_gated,DeBERTa-v3 + Sentiment Profile (Gated),42
18172,1,2.3318832518270938e-06,0,0.05772783383033802,model::deberta_v3_sentiment_gated,DeBERTa-v3 + Sentiment Profile (Gated),42
7548,0,1.7137549548351672e-06,0,0.05772783383033802,model::deberta_v3_sentiment_gated,DeBERTa-v3 + Sentiment Profile (Gated),42
764,0,1.8637949779076728e-06,0,0.05772783383033802,model::deberta_v3_sentiment_gated,DeBERTa-v3 + Sentiment Profile (Gated),42
14320,1,1.887927624011354e-06,0,0.05772783383033802,model::deberta_v3_sentiment_gated,DeBERTa-v3 + Sentiment Profile (Gated),42
15706,1,1.972490736079635e-06,0,0.05772783383033802,model::deberta_v3_sentiment_gated,DeBERTa-v3 + Sentiment Profile (Gated),42
780,0,2.1639866645273287e-06,0,0.05772783383033802,model::deberta_v3_sentiment_gated,DeBERTa-v3 + Sentiment Profile (Gated),42
3599,1,2.927729155999259e-06,0,0.05772783383033802,model::deberta_v3_sentiment_gated,DeBERTa-v3 + Sentiment Profile (Gated),42
6337,0,2.1386858861660585e-06,0,0.05772783383033802,model::deberta_v3_sentiment_gated,DeBERTa-v3 + Sentiment Profile (Gated),42
8245,0,1.5803050246177008e-06,0,0.05772783383033802,model::deberta_v3_sentiment_gated,DeBERTa-v3 + Sentiment Profile (Gated),42
4228,1,1.868995923359762e-06,0,0.05772783383033802,model::deberta_v3_sentiment_gated,DeBERTa-v3 + Sentiment Profile (Gated),42
11837,0,1.8507638515075089e-06,0,0.05772783383033802,model::deberta_v3_sentiment_gated,DeBERTa-v3 + Sentiment Profile (Gated),42
3082,1,2.3512752704846207e-06,0,0.05772783383033802,model::deberta_v3_sentiment_gated,DeBERTa-v3 + Sentiment Profile (Gated),42
13788,1,1.7820585753725029e-06,0,0.05772783383033802,model::deberta_v3_sentiment_gated,DeBERTa-v3 + Sentiment Profile (Gated),42
18100,0,1.9886931568180444e-06,0,0.05772783383033802,model::deberta_v3_sentiment_gated,DeBERTa-v3 + Sentiment Profile (Gated),42
3378,0,1.629592475183017e-06,0,0.05772783383033802,model::deberta_v3_sentiment_gated,DeBERTa-v3 + Sentiment Profile (Gated),42
15236,1,1.8806873640642152e-06,0,0.05772783383033802,model::deberta_v3_sentiment_gated,DeBERTa-v3 + Sentiment Profile (Gated),42
6983,1,2.7321236757416045e-06,0,0.05772783383033802,model::deberta_v3_sentiment_gated,DeBERTa-v3 + Sentiment Profile (Gated),42
2555,1,1.994402509808424e-06,0,0.05772783383033802,model::deberta_v3_sentiment_gated,DeBERTa-v3 + Sentiment Profile (Gated),42
12868,0,1.933264456965844e-06,0,0.05772783383033802,model::deberta_v3_sentiment_gated,DeBERTa-v3 + Sentiment Profile (Gated),42
13479,1,1.813807671169343e-06,0,0.05772783383033802,model::deberta_v3_sentiment_gated,DeBERTa-v3 + Sentiment Profile (Gated),42
14049,0,1.6260529491773925e-06,0,0.05772783383033802,model::deberta_v3_sentiment_gated,DeBERTa-v3 + Sentiment Profile (Gated),42
6635,0,3.96868153984542e-06,0,0.05772783383033802,model::deberta_v3_sentiment_gated,DeBERTa-v3 + Sentiment Profile (Gated),42
7378,1,1.4933076499801246e-06,0,0.05772783383033802,model::deberta_v3_sentiment_gated,DeBERTa-v3 + Sentiment Profile (Gated),42
20958,1,1.4043989722267725e-06,0,0.05772783383033802,model::deberta_v3_sentiment_gated,DeBERTa-v3 + Sentiment Profile (Gated),42
14303,1,2.2001406705385307e-06,0,0.05772783383033802,model::deberta_v3_sentiment_gated,DeBERTa-v3 + Sentiment Profile (Gated),42
20001,0,3.0456480999419e-06,0,0.05772783383033802,model::deberta_v3_sentiment_gated,DeBERTa-v3 + Sentiment Profile (Gated),42
2340,0,5.262778358883224e-06,0,0.05772783383033802,model::deberta_v3_sentiment_gated,DeBERTa-v3 + Sentiment Profile (Gated),42
6722,0,1.4282505844676052e-06,0,0.05772783383033802,model::deberta_v3_sentiment_gated,DeBERTa-v3 + Sentiment Profile (Gated),42
10561,0,1.5534384147031233e-05,0,0.05772783383033802,model::deberta_v3_sentiment_gated,DeBERTa-v3 + Sentiment Profile (Gated),42
8073,0,1.3302278603077866e-06,0,0.05772783383033802,model::deberta_v3_sentiment_gated,DeBERTa-v3 + Sentiment Profile (Gated),42
8739,1,1.28674855659483e-06,0,0.05772783383033802,model::deberta_v3_sentiment_gated,DeBERTa-v3 + Sentiment Profile (Gated),42
7683,0,2.109998831656412e-06,0,0.05772783383033802,model::deberta_v3_sentiment_gated,DeBERTa-v3 + Sentiment Profile (Gated),42
562,1,1.8126577288057888e-06,0,0.05772783383033802,model::deberta_v3_sentiment_gated,DeBERTa-v3 + Sentiment Profile (Gated),42
481,0,2.1037660644651623e-06,0,0.05772783383033802,model::deberta_v3_sentiment_gated,DeBERTa-v3 + Sentiment Profile (Gated),42
11690,0,1.1832775271614082e-05,0,0.05772783383033802,model::deberta_v3_sentiment_gated,DeBERTa-v3 + Sentiment Profile (Gated),42
8968,0,6.006152034387924e-06,0,0.05772783383033802,model::deberta_v3_sentiment_gated,DeBERTa-v3 + Sentiment Profile (Gated),42
10874,0,1.5512889603996882e-06,0,0.05772783383033802,model::deberta_v3_sentiment_gated,DeBERTa-v3 + Sentiment Profile (Gated),42
210,1,1.950593286892399e-06,0,0.05772783383033802,model::deberta_v3_sentiment_gated,DeBERTa-v3 + Sentiment Profile (Gated),42
4549,1,2.5150984583888203e-06,0,0.05772783383033802,model::deberta_v3_sentiment_gated,DeBERTa-v3 + Sentiment Profile (Gated),42
1413,0,1.6902566812859732e-06,0,0.05772783383033802,model::deberta_v3_sentiment_gated,DeBERTa-v3 + Sentiment Profile (Gated),42
15997,1,2.4495882371411426e-06,0,0.05772783383033802,model::deberta_v3_sentiment_gated,DeBERTa-v3 + Sentiment Profile (Gated),42
75,0,3.106761141680181e-06,0,0.05772783383033802,model::deberta_v3_sentiment_gated,DeBERTa-v3 + Sentiment Profile (Gated),42
2717,0,2.0527529613900697e-06,0,0.05772783383033802,model::deberta_v3_sentiment_gated,DeBERTa-v3 + Sentiment Profile (Gated),42
19926,1,2.8710690003208583e-06,0,0.05772783383033802,model::deberta_v3_sentiment_gated,DeBERTa-v3 + Sentiment Profile (Gated),42
15315,1,1.398442122990673e-06,0,0.05772783383033802,model::deberta_v3_sentiment_gated,DeBERTa-v3 + Sentiment Profile (Gated),42
9835,0,4.336576239438728e-06,0,0.05772783383033802,model::deberta_v3_sentiment_gated,DeBERTa-v3 + Sentiment Profile (Gated),42
5659,0,9.806057050809611e-07,0,0.05772783383033802,model::deberta_v3_sentiment_gated,DeBERTa-v3 + Sentiment Profile (Gated),42
18648,0,1.99813757717493e-06,0,0.05772783383033802,model::deberta_v3_sentiment_gated,DeBERTa-v3 + Sentiment Profile (Gated),42
9603,0,8.878024345904123e-06,0,0.05772783383033802,model::deberta_v3_sentiment_gated,DeBERTa-v3 + Sentiment Profile (Gated),42
18453,0,1.4762438240722986e-06,0,0.05772783383033802,model::deberta_v3_sentiment_gated,DeBERTa-v3 + Sentiment Profile (Gated),42
16468,1,2.6722675556811737e-06,0,0.05772783383033802,model::deberta_v3_sentiment_gated,DeBERTa-v3 + Sentiment Profile (Gated),42
16588,1,2.226673814220703e-06,0,0.05772783383033802,model::deberta_v3_sentiment_gated,DeBERTa-v3 + Sentiment Profile (Gated),42
16650,1,2.930251412180951e-06,0,0.05772783383033802,model::deberta_v3_sentiment_gated,DeBERTa-v3 + Sentiment Profile (Gated),42
15928,0,2.0836316707573133e-06,0,0.05772783383033802,model::deberta_v3_sentiment_gated,DeBERTa-v3 + Sentiment Profile (Gated),42
13095,0,2.3249617697729263e-06,0,0.05772783383033802,model::deberta_v3_sentiment_gated,DeBERTa-v3 + Sentiment Profile (Gated),42
14860,0,2.2997585347184213e-06,0,0.05772783383033802,model::deberta_v3_sentiment_gated,DeBERTa-v3 + Sentiment Profile (Gated),42
4139,0,1.2523760233307256e-05,0,0.05772783383033802,model::deberta_v3_sentiment_gated,DeBERTa-v3 + Sentiment Profile (Gated),42
20110,0,1.8960398620038177e-06,0,0.05772783383033802,model::deberta_v3_sentiment_gated,DeBERTa-v3 + Sentiment Profile (Gated),42
4560,1,2.0972956917830743e-06,0,0.05772783383033802,model::deberta_v3_sentiment_gated,DeBERTa-v3 + Sentiment Profile (Gated),42
19539,1,6.152899459266337e-06,0,0.05772783383033802,model::deberta_v3_sentiment_gated,DeBERTa-v3 + Sentiment Profile (Gated),42
9745,0,1.835914986259013e-06,0,0.05772783383033802,model::deberta_v3_sentiment_gated,DeBERTa-v3 + Sentiment Profile (Gated),42
5156,1,1.8461279296388968e-06,0,0.05772783383033802,model::deberta_v3_sentiment_gated,DeBERTa-v3 + Sentiment Profile (Gated),42
20760,0,2.8879824185423786e-06,0,0.05772783383033802,model::deberta_v3_sentiment_gated,DeBERTa-v3 + Sentiment Profile (Gated),42
16958,1,2.374784116909723e-06,0,0.05772783383033802,model::deberta_v3_sentiment_gated,DeBERTa-v3 + Sentiment Profile (Gated),42
11575,0,8.94832828635117e-06,0,0.05772783383033802,model::deberta_v3_sentiment_gated,DeBERTa-v3 + Sentiment Profile (Gated),42
3619,1,2.071174549200805e-06,0,0.05772783383033802,model::deberta_v3_sentiment_gated,DeBERTa-v3 + Sentiment Profile (Gated),42
10185,0,6.032407782186056e-06,0,0.05772783383033802,model::deberta_v3_sentiment_gated,DeBERTa-v3 + Sentiment Profile (Gated),42
2926,0,7.623339115525596e-06,0,0.05772783383033802,model::deberta_v3_sentiment_gated,DeBERTa-v3 + Sentiment Profile (Gated),42
2115,1,1.3646504157804884e-06,0,0.05772783383033802,model::deberta_v3_sentiment_gated,DeBERTa-v3 + Sentiment Profile (Gated),42
1055,1,2.152427668988821e-06,0,0.05772783383033802,model::deberta_v3_sentiment_gated,DeBERTa-v3 + Sentiment Profile (Gated),42
8123,1,2.5176759663736448e-06,0,0.05772783383033802,model::deberta_v3_sentiment_gated,DeBERTa-v3 + Sentiment Profile (Gated),42
12769,0,2.539019988034852e-06,0,0.05772783383033802,model::deberta_v3_sentiment_gated,DeBERTa-v3 + Sentiment Profile (Gated),42
15160,0,2.568268791947048e-05,0,0.05772783383033802,model::deberta_v3_sentiment_gated,DeBERTa-v3 + Sentiment Profile (Gated),42
5461,0,1.540268044664117e-06,0,0.05772783383033802,model::deberta_v3_sentiment_gated,DeBERTa-v3 + Sentiment Profile (Gated),42
17879,0,1.9333622276462847e-06,0,0.05772783383033802,model::deberta_v3_sentiment_gated,DeBERTa-v3 + Sentiment Profile (Gated),42
10608,0,1.595437538526312e-06,0,0.05772783383033802,model::deberta_v3_sentiment_gated,DeBERTa-v3 + Sentiment Profile (Gated),42
7532,0,1.5501767620662577e-06,0,0.05772783383033802,model::deberta_v3_sentiment_gated,DeBERTa-v3 + Sentiment Profile (Gated),42
17132,0,1.160997726401547e-05,0,0.05772783383033802,model::deberta_v3_sentiment_gated,DeBERTa-v3 + Sentiment Profile (Gated),42
8408,1,2.066537717837491e-06,0,0.05772783383033802,model::deberta_v3_sentiment_gated,DeBERTa-v3 + Sentiment Profile (Gated),42
10165,1,1.8945648889712168e-06,0,0.05772783383033802,model::deberta_v3_sentiment_gated,DeBERTa-v3 + Sentiment Profile (Gated),42
21091,1,1.680279183347011e-06,0,0.05772783383033802,model::deberta_v3_sentiment_gated,DeBERTa-v3 + Sentiment Profile (Gated),42
12766,0,1.208257231155585e-06,0,0.05772783383033802,model::deberta_v3_sentiment_gated,DeBERTa-v3 + Sentiment Profile (Gated),42
2251,0,0.0003035033296328,0,0.05772783383033802,model::deberta_v3_sentiment_gated,DeBERTa-v3 + Sentiment Profile (Gated),42
8615,0,1.2125801731599497e-06,0,0.05772783383033802,model::deberta_v3_sentiment_gated,DeBERTa-v3 + Sentiment Profile (Gated),42
8378,0,1.3144845070200972e-06,0,0.05772783383033802,model::deberta_v3_sentiment_gated,DeBERTa-v3 + Sentiment Profile (Gated),42
14277,0,1.4186449561748304e-06,0,0.05772783383033802,model::deberta_v3_sentiment_gated,DeBERTa-v3 + Sentiment Profile (Gated),42
19458,0,2.020619376708055e-06,0,0.05772783383033802,model::deberta_v3_sentiment_gated,DeBERTa-v3 + Sentiment Profile (Gated),42
20796,0,8.103291293082293e-06,0,0.05772783383033802,model::deberta_v3_sentiment_gated,DeBERTa-v3 + Sentiment Profile (Gated),42
5845,1,1.9667920696520014e-06,0,0.05772783383033802,model::deberta_v3_sentiment_gated,DeBERTa-v3 + Sentiment Profile (Gated),42
1310,0,2.093458988383645e-06,0,0.05772783383033802,model::deberta_v3_sentiment_gated,DeBERTa-v3 + Sentiment Profile (Gated),42
4280,1,1.6652982139930828e-06,0,0.05772783383033802,model::deberta_v3_sentiment_gated,DeBERTa-v3 + Sentiment Profile (Gated),42
15389,1,1.9843055270030163e-06,0,0.05772783383033802,model::deberta_v3_sentiment_gated,DeBERTa-v3 + Sentiment Profile (Gated),42
496,1,1.8223453253085609e-06,0,0.05772783383033802,model::deberta_v3_sentiment_gated,DeBERTa-v3 + Sentiment Profile (Gated),42
18252,1,2.121771331076161e-06,0,0.05772783383033802,model::deberta_v3_sentiment_gated,DeBERTa-v3 + Sentiment Profile (Gated),42
6519,0,1.35921993660304e-06,0,0.05772783383033802,model::deberta_v3_sentiment_gated,DeBERTa-v3 + Sentiment Profile (Gated),42
11741,0,3.8116243104013847e-06,0,0.05772783383033802,model::deberta_v3_sentiment_gated,DeBERTa-v3 + Sentiment Profile (Gated),42
484,1,2.2761194031772902e-06,0,0.05772783383033802,model::deberta_v3_sentiment_gated,DeBERTa-v3 + Sentiment Profile (Gated),42
9895,0,1.2924525663038366e-06,0,0.05772783383033802,model::deberta_v3_sentiment_gated,DeBERTa-v3 + Sentiment Profile (Gated),42
923,0,1.4686218037240906e-06,0,0.05772783383033802,model::deberta_v3_sentiment_gated,DeBERTa-v3 + Sentiment Profile (Gated),42
3798,0,2.453712568240008e-06,0,0.05772783383033802,model::deberta_v3_sentiment_gated,DeBERTa-v3 + Sentiment Profile (Gated),42
18139,0,2.088963628921192e-05,0,0.05772783383033802,model::deberta_v3_sentiment_gated,DeBERTa-v3 + Sentiment Profile (Gated),42
17468,1,2.313648337803897e-06,0,0.05772783383033802,model::deberta_v3_sentiment_gated,DeBERTa-v3 + Sentiment Profile (Gated),42
15063,1,1.6406092981924305e-06,0,0.05772783383033802,model::deberta_v3_sentiment_gated,DeBERTa-v3 + Sentiment Profile (Gated),42
126,1,1.6418175619037356e-06,0,0.05772783383033802,model::deberta_v3_sentiment_gated,DeBERTa-v3 + Sentiment Profile (Gated),42
21095,1,1.7403589254172402e-06,0,0.05772783383033802,model::deberta_v3_sentiment_gated,DeBERTa-v3 + Sentiment Profile (Gated),42
15130,0,1.5855282526899828e-06,0,0.05772783383033802,model::deberta_v3_sentiment_gated,DeBERTa-v3 + Sentiment Profile (Gated),42
19359,1,1.696595631983655e-06,0,0.05772783383033802,model::deberta_v3_sentiment_gated,DeBERTa-v3 + Sentiment Profile (Gated),42
9491,1,3.2559194096393185e-06,0,0.05772783383033802,model::deberta_v3_sentiment_gated,DeBERTa-v3 + Sentiment Profile (Gated),42
19796,1,1.920630438689841e-06,0,0.05772783383033802,model::deberta_v3_sentiment_gated,DeBERTa-v3 + Sentiment Profile (Gated),42
13646,1,1.6843126786625362e-06,0,0.05772783383033802,model::deberta_v3_sentiment_gated,DeBERTa-v3 + Sentiment Profile (Gated),42
466,1,2.006428985623643e-06,0,0.05772783383033802,model::deberta_v3_sentiment_gated,DeBERTa-v3 + Sentiment Profile (Gated),42
6094,0,1.0802875749504892e-06,0,0.05772783383033802,model::deberta_v3_sentiment_gated,DeBERTa-v3 + Sentiment Profile (Gated),42
15145,0,2.466226305841701e-06,0,0.05772783383033802,model::deberta_v3_sentiment_gated,DeBERTa-v3 + Sentiment Profile (Gated),42
16604,1,4.238309884385672e-06,0,0.05772783383033802,model::deberta_v3_sentiment_gated,DeBERTa-v3 + Sentiment Profile (Gated),42
17821,1,2.516312406442012e-06,0,0.05772783383033802,model::deberta_v3_sentiment_gated,DeBERTa-v3 + Sentiment Profile (Gated),42
17419,1,1.6129589539559674e-06,0,0.05772783383033802,model::deberta_v3_sentiment_gated,DeBERTa-v3 + Sentiment Profile (Gated),42
14877,1,2.0898842194583267e-06,0,0.05772783383033802,model::deberta_v3_sentiment_gated,DeBERTa-v3 + Sentiment Profile (Gated),42
8393,1,1.7661210449659848e-06,0,0.05772783383033802,model::deberta_v3_sentiment_gated,DeBERTa-v3 + Sentiment Profile (Gated),42
18878,1,1.6900730770430528e-06,0,0.05772783383033802,model::deberta_v3_sentiment_gated,DeBERTa-v3 + Sentiment Profile (Gated),42
6177,1,5.410973244579509e-06,0,0.05772783383033802,model::deberta_v3_sentiment_gated,DeBERTa-v3 + Sentiment Profile (Gated),42
7263,1,1.911424760692171e-06,0,0.05772783383033802,model::deberta_v3_sentiment_gated,DeBERTa-v3 + Sentiment Profile (Gated),42
15386,0,2.0380584828672e-06,0,0.05772783383033802,model::deberta_v3_sentiment_gated,DeBERTa-v3 + Sentiment Profile (Gated),42
14349,1,3.047048494408955e-06,0,0.05772783383033802,model::deberta_v3_sentiment_gated,DeBERTa-v3 + Sentiment Profile (Gated),42
21131,1,2.922119620052399e-06,0,0.05772783383033802,model::deberta_v3_sentiment_gated,DeBERTa-v3 + Sentiment Profile (Gated),42
9817,0,0.0013041668571531,0,0.05772783383033802,model::deberta_v3_sentiment_gated,DeBERTa-v3 + Sentiment Profile (Gated),42
10877,0,2.673473318282049e-06,0,0.05772783383033802,model::deberta_v3_sentiment_gated,DeBERTa-v3 + Sentiment Profile (Gated),42
18463,1,2.8734139050357044e-06,0,0.05772783383033802,model::deberta_v3_sentiment_gated,DeBERTa-v3 + Sentiment Profile (Gated),42
6629,1,6.523132469737902e-06,0,0.05772783383033802,model::deberta_v3_sentiment_gated,DeBERTa-v3 + Sentiment Profile (Gated),42
14541,1,2.429325377306668e-06,0,0.05772783383033802,model::deberta_v3_sentiment_gated,DeBERTa-v3 + Sentiment Profile (Gated),42
14884,1,2.4677178771526087e-06,0,0.05772783383033802,model::deberta_v3_sentiment_gated,DeBERTa-v3 + Sentiment Profile (Gated),42
2215,0,1.530072381683567e-06,0,0.05772783383033802,model::deberta_v3_sentiment_gated,DeBERTa-v3 + Sentiment Profile (Gated),42
9773,1,1.5353492699432536e-06,0,0.05772783383033802,model::deberta_v3_sentiment_gated,DeBERTa-v3 + Sentiment Profile (Gated),42
18562,0,9.473549653193912e-06,0,0.05772783383033802,model::deberta_v3_sentiment_gated,DeBERTa-v3 + Sentiment Profile (Gated),42
6143,1,1.84796499524964e-06,0,0.05772783383033802,model::deberta_v3_sentiment_gated,DeBERTa-v3 + Sentiment Profile (Gated),42
11551,0,5.0836883929150645e-06,0,0.05772783383033802,model::deberta_v3_sentiment_gated,DeBERTa-v3 + Sentiment Profile (Gated),42
13996,1,1.3161729839339389e-06,0,0.05772783383033802,model::deberta_v3_sentiment_gated,DeBERTa-v3 + Sentiment Profile (Gated),42
9568,1,1.8643673911356016e-06,0,0.05772783383033802,model::deberta_v3_sentiment_gated,DeBERTa-v3 + Sentiment Profile (Gated),42
19372,1,2.930360551545164e-06,0,0.05772783383033802,model::deberta_v3_sentiment_gated,DeBERTa-v3 + Sentiment Profile (Gated),42
8080,1,2.5372310119564645e-06,0,0.05772783383033802,model::deberta_v3_sentiment_gated,DeBERTa-v3 + Sentiment Profile (Gated),42
7987,1,2.0896670775982784e-06,0,0.05772783383033802,model::deberta_v3_sentiment_gated,DeBERTa-v3 + Sentiment Profile (Gated),42
20784,1,2.601259211587603e-06,0,0.05772783383033802,model::deberta_v3_sentiment_gated,DeBERTa-v3 + Sentiment Profile (Gated),42
16157,0,4.5614310693054e-06,0,0.05772783383033802,model::deberta_v3_sentiment_gated,DeBERTa-v3 + Sentiment Profile (Gated),42
13696,1,1.702350914456474e-06,0,0.05772783383033802,model::deberta_v3_sentiment_gated,DeBERTa-v3 + Sentiment Profile (Gated),42
10440,1,2.2596193502977258e-06,0,0.05772783383033802,model::deberta_v3_sentiment_gated,DeBERTa-v3 + Sentiment Profile (Gated),42
15548,1,5.760339718108298e-06,0,0.05772783383033802,model::deberta_v3_sentiment_gated,DeBERTa-v3 + Sentiment Profile (Gated),42
19883,0,2.453024762871792e-06,0,0.05772783383033802,model::deberta_v3_sentiment_gated,DeBERTa-v3 + Sentiment Profile (Gated),42
12834,1,1.818102646211628e-06,0,0.05772783383033802,model::deberta_v3_sentiment_gated,DeBERTa-v3 + Sentiment Profile (Gated),42
20620,0,1.3174450259612058e-06,0,0.05772783383033802,model::deberta_v3_sentiment_gated,DeBERTa-v3 + Sentiment Profile (Gated),42
5767,0,6.798823960707523e-06,0,0.05772783383033802,model::deberta_v3_sentiment_gated,DeBERTa-v3 + Sentiment Profile (Gated),42
17817,0,2.509515979909338e-06,0,0.05772783383033802,model::deberta_v3_sentiment_gated,DeBERTa-v3 + Sentiment Profile (Gated),42
20158,0,1.790747205632215e-06,0,0.05772783383033802,model::deberta_v3_sentiment_gated,DeBERTa-v3 + Sentiment Profile (Gated),42
880,0,4.709206223196816e-06,0,0.05772783383033802,model::deberta_v3_sentiment_gated,DeBERTa-v3 + Sentiment Profile (Gated),42
12576,0,1.312577865064668e-06,0,0.05772783383033802,model::deberta_v3_sentiment_gated,DeBERTa-v3 + Sentiment Profile (Gated),42
644,1,1.7701239585221629e-06,0,0.05772783383033802,model::deberta_v3_sentiment_gated,DeBERTa-v3 + Sentiment Profile (Gated),42
19510,0,1.5988539416866845e-06,0,0.05772783383033802,model::deberta_v3_sentiment_gated,DeBERTa-v3 + Sentiment Profile (Gated),42
15492,0,0.999970316886902,1,0.05772783383033802,model::deberta_v3_sentiment_gated,DeBERTa-v3 + Sentiment Profile (Gated),42
7563,0,4.013295438198838e-06,0,0.05772783383033802,model::deberta_v3_sentiment_gated,DeBERTa-v3 + Sentiment Profile (Gated),42
11597,0,2.6670888928492782e-06,0,0.05772783383033802,model::deberta_v3_sentiment_gated,DeBERTa-v3 + Sentiment Profile (Gated),42
16398,0,2.551676516304724e-06,0,0.05772783383033802,model::deberta_v3_sentiment_gated,DeBERTa-v3 + Sentiment Profile (Gated),42
11855,1,1.8266830466018287e-06,0,0.05772783383033802,model::deberta_v3_sentiment_gated,DeBERTa-v3 + Sentiment Profile (Gated),42
2772,1,1.631925215406227e-06,0,0.05772783383033802,model::deberta_v3_sentiment_gated,DeBERTa-v3 + Sentiment Profile (Gated),42
21125,1,1.442920165573014e-06,0,0.05772783383033802,model::deberta_v3_sentiment_gated,DeBERTa-v3 + Sentiment Profile (Gated),42
10189,1,2.2418491880671354e-06,0,0.05772783383033802,model::deberta_v3_sentiment_gated,DeBERTa-v3 + Sentiment Profile (Gated),42
5790,0,3.4191052691312507e-06,0,0.05772783383033802,model::deberta_v3_sentiment_gated,DeBERTa-v3 + Sentiment Profile (Gated),42
9368,0,1.7075457208193257e-06,0,0.05772783383033802,model::deberta_v3_sentiment_gated,DeBERTa-v3 + Sentiment Profile (Gated),42
6941,0,1.5658283700759057e-06,0,0.05772783383033802,model::deberta_v3_sentiment_gated,DeBERTa-v3 + Sentiment Profile (Gated),42
3266,0,1.9769559003179893e-06,0,0.05772783383033802,model::deberta_v3_sentiment_gated,DeBERTa-v3 + Sentiment Profile (Gated),42
11833,0,2.2005772279953817e-06,0,0.05772783383033802,model::deberta_v3_sentiment_gated,DeBERTa-v3 + Sentiment Profile (Gated),42
6764,1,1.970317271116073e-06,0,0.05772783383033802,model::deberta_v3_sentiment_gated,DeBERTa-v3 + Sentiment Profile (Gated),42
13066,1,4.792648724105675e-06,0,0.05772783383033802,model::deberta_v3_sentiment_gated,DeBERTa-v3 + Sentiment Profile (Gated),42
20392,0,1.3962434195491369e-06,0,0.05772783383033802,model::deberta_v3_sentiment_gated,DeBERTa-v3 + Sentiment Profile (Gated),42
394,0,2.324726665392518e-06,0,0.05772783383033802,model::deberta_v3_sentiment_gated,DeBERTa-v3 + Sentiment Profile (Gated),42
1023,0,5.751523985964013e-06,0,0.05772783383033802,model::deberta_v3_sentiment_gated,DeBERTa-v3 + Sentiment Profile (Gated),42
13531,1,2.199049959017429e-06,0,0.05772783383033802,model::deberta_v3_sentiment_gated,DeBERTa-v3 + Sentiment Profile (Gated),42
12092,0,1.0463509170222096e-06,0,0.05772783383033802,model::deberta_v3_sentiment_gated,DeBERTa-v3 + Sentiment Profile (Gated),42
13760,1,1.9172487100149738e-06,0,0.05772783383033802,model::deberta_v3_sentiment_gated,DeBERTa-v3 + Sentiment Profile (Gated),42
2190,1,1.8281435814060387e-06,0,0.05772783383033802,model::deberta_v3_sentiment_gated,DeBERTa-v3 + Sentiment Profile (Gated),42
18934,0,5.9353628785174806e-06,0,0.05772783383033802,model::deberta_v3_sentiment_gated,DeBERTa-v3 + Sentiment Profile (Gated),42
19211,1,7.253752755786991e-06,0,0.05772783383033802,model::deberta_v3_sentiment_gated,DeBERTa-v3 + Sentiment Profile (Gated),42
11587,0,3.2378329706261866e-06,0,0.05772783383033802,model::deberta_v3_sentiment_gated,DeBERTa-v3 + Sentiment Profile (Gated),42
17062,0,1.3692299489775903e-06,0,0.05772783383033802,model::deberta_v3_sentiment_gated,DeBERTa-v3 + Sentiment Profile (Gated),42
2259,1,2.1226960598141886e-06,0,0.05772783383033802,model::deberta_v3_sentiment_gated,DeBERTa-v3 + Sentiment Profile (Gated),42
13809,1,1.931254018927575e-06,0,0.05772783383033802,model::deberta_v3_sentiment_gated,DeBERTa-v3 + Sentiment Profile (Gated),42
1803,1,1.4416342537515447e-06,0,0.05772783383033802,model::deberta_v3_sentiment_gated,DeBERTa-v3 + Sentiment Profile (Gated),42
12667,1,2.56209591498191e-06,0,0.05772783383033802,model::deberta_v3_sentiment_gated,DeBERTa-v3 + Sentiment Profile (Gated),42
17411,0,1.310624156758422e-06,0,0.05772783383033802,model::deberta_v3_sentiment_gated,DeBERTa-v3 + Sentiment Profile (Gated),42
8698,1,3.3903470466611907e-06,0,0.05772783383033802,model::deberta_v3_sentiment_gated,DeBERTa-v3 + Sentiment Profile (Gated),42
6460,1,2.4473185931128683e-06,0,0.05772783383033802,model::deberta_v3_sentiment_gated,DeBERTa-v3 + Sentiment Profile (Gated),42
13965,1,2.139583330063033e-06,0,0.05772783383033802,model::deberta_v3_sentiment_gated,DeBERTa-v3 + Sentiment Profile (Gated),42
11339,0,1.921187504194677e-06,0,0.05772783383033802,model::deberta_v3_sentiment_gated,DeBERTa-v3 + Sentiment Profile (Gated),42
7569,1,2.9138298032194143e-06,0,0.05772783383033802,model::deberta_v3_sentiment_gated,DeBERTa-v3 + Sentiment Profile (Gated),42
7963,1,1.6025558124965755e-06,0,0.05772783383033802,model::deberta_v3_sentiment_gated,DeBERTa-v3 + Sentiment Profile (Gated),42
3414,1,2.2790779894421576e-06,0,0.05772783383033802,model::deberta_v3_sentiment_gated,DeBERTa-v3 + Sentiment Profile (Gated),42
2590,1,1.8866550135498985e-06,0,0.05772783383033802,model::deberta_v3_sentiment_gated,DeBERTa-v3 + Sentiment Profile (Gated),42
14210,1,2.891857320719282e-06,0,0.05772783383033802,model::deberta_v3_sentiment_gated,DeBERTa-v3 + Sentiment Profile (Gated),42
10156,1,1.562463125992508e-06,0,0.05772783383033802,model::deberta_v3_sentiment_gated,DeBERTa-v3 + Sentiment Profile (Gated),42
8969,0,1.3877837773179635e-05,0,0.05772783383033802,model::deberta_v3_sentiment_gated,DeBERTa-v3 + Sentiment Profile (Gated),42
4717,1,2.403719463472953e-06,0,0.05772783383033802,model::deberta_v3_sentiment_gated,DeBERTa-v3 + Sentiment Profile (Gated),42
16809,0,1.907583282445557e-05,0,0.05772783383033802,model::deberta_v3_sentiment_gated,DeBERTa-v3 + Sentiment Profile (Gated),42
4177,1,2.357717448830954e-06,0,0.05772783383033802,model::deberta_v3_sentiment_gated,DeBERTa-v3 + Sentiment Profile (Gated),42
4534,1,5.8128084674535785e-06,0,0.05772783383033802,model::deberta_v3_sentiment_gated,DeBERTa-v3 + Sentiment Profile (Gated),42
14469,0,1.2596902934092211e-06,0,0.05772783383033802,model::deberta_v3_sentiment_gated,DeBERTa-v3 + Sentiment Profile (Gated),42
11927,1,2.973530627059517e-06,0,0.05772783383033802,model::deberta_v3_sentiment_gated,DeBERTa-v3 + Sentiment Profile (Gated),42
19264,0,1.5330024325521665e-06,0,0.05772783383033802,model::deberta_v3_sentiment_gated,DeBERTa-v3 + Sentiment Profile (Gated),42
16944,0,8.249749953392893e-06,0,0.05772783383033802,model::deberta_v3_sentiment_gated,DeBERTa-v3 + Sentiment Profile (Gated),42
20919,1,1.6330679954990046e-06,0,0.05772783383033802,model::deberta_v3_sentiment_gated,DeBERTa-v3 + Sentiment Profile (Gated),42
5177,0,8.90373939910205e-06,0,0.05772783383033802,model::deberta_v3_sentiment_gated,DeBERTa-v3 + Sentiment Profile (Gated),42
18181,1,3.2357183954445645e-06,0,0.05772783383033802,model::deberta_v3_sentiment_gated,DeBERTa-v3 + Sentiment Profile (Gated),42
19414,1,1.8982218534802089e-06,0,0.05772783383033802,model::deberta_v3_sentiment_gated,DeBERTa-v3 + Sentiment Profile (Gated),42
191,1,2.7499045245349407e-06,0,0.05772783383033802,model::deberta_v3_sentiment_gated,DeBERTa-v3 + Sentiment Profile (Gated),42
13914,1,2.3381451228488004e-06,0,0.05772783383033802,model::deberta_v3_sentiment_gated,DeBERTa-v3 + Sentiment Profile (Gated),42
20969,1,1.9045285171159776e-06,0,0.05772783383033802,model::deberta_v3_sentiment_gated,DeBERTa-v3 + Sentiment Profile (Gated),42
8565,1,1.4966537946747849e-06,0,0.05772783383033802,model::deberta_v3_sentiment_gated,DeBERTa-v3 + Sentiment Profile (Gated),42
15773,1,1.5944715414661914e-06,0,0.05772783383033802,model::deberta_v3_sentiment_gated,DeBERTa-v3 + Sentiment Profile (Gated),42
9829,1,2.0104819213884184e-06,0,0.05772783383033802,model::deberta_v3_sentiment_gated,DeBERTa-v3 + Sentiment Profile (Gated),42
14330,0,1.5905350210232427e-06,0,0.05772783383033802,model::deberta_v3_sentiment_gated,DeBERTa-v3 + Sentiment Profile (Gated),42
19291,0,1.267550942429807e-06,0,0.05772783383033802,model::deberta_v3_sentiment_gated,DeBERTa-v3 + Sentiment Profile (Gated),42
10709,1,1.8945179363072384e-06,0,0.05772783383033802,model::deberta_v3_sentiment_gated,DeBERTa-v3 + Sentiment Profile (Gated),42
1170,0,3.607564576668665e-05,0,0.05772783383033802,model::deberta_v3_sentiment_gated,DeBERTa-v3 + Sentiment Profile (Gated),42
15340,1,1.4620370620832546e-06,0,0.05772783383033802,model::deberta_v3_sentiment_gated,DeBERTa-v3 + Sentiment Profile (Gated),42
14324,1,1.854872039075417e-06,0,0.05772783383033802,model::deberta_v3_sentiment_gated,DeBERTa-v3 + Sentiment Profile (Gated),42
18346,0,1.3268601833260618e-05,0,0.05772783383033802,model::deberta_v3_sentiment_gated,DeBERTa-v3 + Sentiment Profile (Gated),42
14941,1,1.5248225508912585e-06,0,0.05772783383033802,model::deberta_v3_sentiment_gated,DeBERTa-v3 + Sentiment Profile (Gated),42
19736,0,2.195720071540564e-06,0,0.05772783383033802,model::deberta_v3_sentiment_gated,DeBERTa-v3 + Sentiment Profile (Gated),42
17760,1,2.1848416054126574e-06,0,0.05772783383033802,model::deberta_v3_sentiment_gated,DeBERTa-v3 + Sentiment Profile (Gated),42
10372,1,1.914314452733379e-06,0,0.05772783383033802,model::deberta_v3_sentiment_gated,DeBERTa-v3 + Sentiment Profile (Gated),42
7236,1,2.9551097213698085e-06,0,0.05772783383033802,model::deberta_v3_sentiment_gated,DeBERTa-v3 + Sentiment Profile (Gated),42
4339,1,3.505959739413811e-06,0,0.05772783383033802,model::deberta_v3_sentiment_gated,DeBERTa-v3 + Sentiment Profile (Gated),42
6041,0,1.644083204155322e-05,0,0.05772783383033802,model::deberta_v3_sentiment_gated,DeBERTa-v3 + Sentiment Profile (Gated),42
5369,0,2.196249852204346e-06,0,0.05772783383033802,model::deberta_v3_sentiment_gated,DeBERTa-v3 + Sentiment Profile (Gated),42
16730,0,2.718973973969696e-06,0,0.05772783383033802,model::deberta_v3_sentiment_gated,DeBERTa-v3 + Sentiment Profile (Gated),42
20508,1,8.104650987661444e-06,0,0.05772783383033802,model::deberta_v3_sentiment_gated,DeBERTa-v3 + Sentiment Profile (Gated),42
13592,1,5.715065071854042e-06,0,0.05772783383033802,model::deberta_v3_sentiment_gated,DeBERTa-v3 + Sentiment Profile (Gated),42
8155,1,1.5435944078490138e-06,0,0.05772783383033802,model::deberta_v3_sentiment_gated,DeBERTa-v3 + Sentiment Profile (Gated),42
18328,0,1.973420239664847e-06,0,0.05772783383033802,model::deberta_v3_sentiment_gated,DeBERTa-v3 + Sentiment Profile (Gated),42
19562,1,2.4169530661311e-06,0,0.05772783383033802,model::deberta_v3_sentiment_gated,DeBERTa-v3 + Sentiment Profile (Gated),42
17565,0,1.7166354382425195e-06,0,0.05772783383033802,model::deberta_v3_sentiment_gated,DeBERTa-v3 + Sentiment Profile (Gated),42
1493,0,1.1792261602749932e-06,0,0.05772783383033802,model::deberta_v3_sentiment_gated,DeBERTa-v3 + Sentiment Profile (Gated),42
15789,1,1.5732376823507366e-06,0,0.05772783383033802,model::deberta_v3_sentiment_gated,DeBERTa-v3 + Sentiment Profile (Gated),42
4254,1,3.034640030818992e-06,0,0.05772783383033802,model::deberta_v3_sentiment_gated,DeBERTa-v3 + Sentiment Profile (Gated),42
19938,1,3.456991180428304e-06,0,0.05772783383033802,model::deberta_v3_sentiment_gated,DeBERTa-v3 + Sentiment Profile (Gated),42
2511,0,1.4048476941752597e-06,0,0.05772783383033802,model::deberta_v3_sentiment_gated,DeBERTa-v3 + Sentiment Profile (Gated),42
3060,1,2.1284265585563844e-06,0,0.05772783383033802,model::deberta_v3_sentiment_gated,DeBERTa-v3 + Sentiment Profile (Gated),42
5849,1,4.82408722746186e-06,0,0.05772783383033802,model::deberta_v3_sentiment_gated,DeBERTa-v3 + Sentiment Profile (Gated),42
18804,1,1.8105225763065391e-06,0,0.05772783383033802,model::deberta_v3_sentiment_gated,DeBERTa-v3 + Sentiment Profile (Gated),42
2992,1,2.2217400328372605e-06,0,0.05772783383033802,model::deberta_v3_sentiment_gated,DeBERTa-v3 + Sentiment Profile (Gated),42
1449,1,3.3037408684322145e-06,0,0.05772783383033802,model::deberta_v3_sentiment_gated,DeBERTa-v3 + Sentiment Profile (Gated),42
20007,0,5.763779427070404e-06,0,0.05772783383033802,model::deberta_v3_sentiment_gated,DeBERTa-v3 + Sentiment Profile (Gated),42
19349,1,1.5528712538070977e-06,0,0.05772783383033802,model::deberta_v3_sentiment_gated,DeBERTa-v3 + Sentiment Profile (Gated),42
17116,1,1.862892304416164e-06,0,0.05772783383033802,model::deberta_v3_sentiment_gated,DeBERTa-v3 + Sentiment Profile (Gated),42
1129,0,3.2542679946345743e-06,0,0.05772783383033802,model::deberta_v3_sentiment_gated,DeBERTa-v3 + Sentiment Profile (Gated),42
17084,1,1.8713234339884368e-06,0,0.05772783383033802,model::deberta_v3_sentiment_gated,DeBERTa-v3 + Sentiment Profile (Gated),42
11028,0,5.568659616983496e-06,0,0.05772783383033802,model::deberta_v3_sentiment_gated,DeBERTa-v3 + Sentiment Profile (Gated),42
9985,1,2.8021574962622253e-06,0,0.05772783383033802,model::deberta_v3_sentiment_gated,DeBERTa-v3 + Sentiment Profile (Gated),42
9096,0,2.2410561086871894e-06,0,0.05772783383033802,model::deberta_v3_sentiment_gated,DeBERTa-v3 + Sentiment Profile (Gated),42
20664,0,2.0661752841988346e-06,0,0.05772783383033802,model::deberta_v3_sentiment_gated,DeBERTa-v3 + Sentiment Profile (Gated),42
6968,1,1.939012463481049e-06,0,0.05772783383033802,model::deberta_v3_sentiment_gated,DeBERTa-v3 + Sentiment Profile (Gated),42
15681,0,2.4595941795269027e-05,0,0.05772783383033802,model::deberta_v3_sentiment_gated,DeBERTa-v3 + Sentiment Profile (Gated),42
7172,0,2.0279051113902824e-06,0,0.05772783383033802,model::deberta_v3_sentiment_gated,DeBERTa-v3 + Sentiment Profile (Gated),42
10656,0,2.489462076482596e-06,0,0.05772783383033802,model::deberta_v3_sentiment_gated,DeBERTa-v3 + Sentiment Profile (Gated),42
3398,0,4.322182212490589e-05,0,0.05772783383033802,model::deberta_v3_sentiment_gated,DeBERTa-v3 + Sentiment Profile (Gated),42
1970,1,1.5486518805118976e-06,0,0.05772783383033802,model::deberta_v3_sentiment_gated,DeBERTa-v3 + Sentiment Profile (Gated),42
3690,1,1.7730468471199856e-06,0,0.05772783383033802,model::deberta_v3_sentiment_gated,DeBERTa-v3 + Sentiment Profile (Gated),42
5829,0,1.812560981306888e-06,0,0.05772783383033802,model::deberta_v3_sentiment_gated,DeBERTa-v3 + Sentiment Profile (Gated),42
8905,0,1.939689354912844e-06,0,0.05772783383033802,model::deberta_v3_sentiment_gated,DeBERTa-v3 + Sentiment Profile (Gated),42
15440,0,2.994818032675539e-06,0,0.05772783383033802,model::deberta_v3_sentiment_gated,DeBERTa-v3 + Sentiment Profile (Gated),42
49,1,1.9528679331415333e-06,0,0.05772783383033802,model::deberta_v3_sentiment_gated,DeBERTa-v3 + Sentiment Profile (Gated),42
2412,1,1.7293566543230554e-06,0,0.05772783383033802,model::deberta_v3_sentiment_gated,DeBERTa-v3 + Sentiment Profile (Gated),42
13478,0,3.754249064513715e-06,0,0.05772783383033802,model::deberta_v3_sentiment_gated,DeBERTa-v3 + Sentiment Profile (Gated),42
17514,0,1.837898025769391e-06,0,0.05772783383033802,model::deberta_v3_sentiment_gated,DeBERTa-v3 + Sentiment Profile (Gated),42
3723,0,3.1179451980278827e-06,0,0.05772783383033802,model::deberta_v3_sentiment_gated,DeBERTa-v3 + Sentiment Profile (Gated),42
7471,0,0.0046857860870659,0,0.05772783383033802,model::deberta_v3_sentiment_gated,DeBERTa-v3 + Sentiment Profile (Gated),42
25,1,2.9576699489553e-06,0,0.05772783383033802,model::deberta_v3_sentiment_gated,DeBERTa-v3 + Sentiment Profile (Gated),42
17971,1,1.9981262084911577e-06,0,0.05772783383033802,model::deberta_v3_sentiment_gated,DeBERTa-v3 + Sentiment Profile (Gated),42
5061,1,2.4621795091661625e-06,0,0.05772783383033802,model::deberta_v3_sentiment_gated,DeBERTa-v3 + Sentiment Profile (Gated),42
11342,0,1.4604469242840423e-06,0,0.05772783383033802,model::deberta_v3_sentiment_gated,DeBERTa-v3 + Sentiment Profile (Gated),42
4069,1,2.1892610675422475e-06,0,0.05772783383033802,model::deberta_v3_sentiment_gated,DeBERTa-v3 + Sentiment Profile (Gated),42
1796,0,0.0153818791732192,0,0.05772783383033802,model::deberta_v3_sentiment_gated,DeBERTa-v3 + Sentiment Profile (Gated),42
13682,0,2.4914882033044705e-06,0,0.05772783383033802,model::deberta_v3_sentiment_gated,DeBERTa-v3 + Sentiment Profile (Gated),42
8867,1,1.6154897366504883e-06,0,0.05772783383033802,model::deberta_v3_sentiment_gated,DeBERTa-v3 + Sentiment Profile (Gated),42
15767,1,3.361423296155408e-06,0,0.05772783383033802,model::deberta_v3_sentiment_gated,DeBERTa-v3 + Sentiment Profile (Gated),42
20628,1,1.45922604133375e-06,0,0.05772783383033802,model::deberta_v3_sentiment_gated,DeBERTa-v3 + Sentiment Profile (Gated),42
6935,1,2.726670572883449e-06,0,0.05772783383033802,model::deberta_v3_sentiment_gated,DeBERTa-v3 + Sentiment Profile (Gated),42
20056,1,2.820939926095889e-06,0,0.05772783383033802,model::deberta_v3_sentiment_gated,DeBERTa-v3 + Sentiment Profile (Gated),42
5592,1,4.08521736972034e-06,0,0.05772783383033802,model::deberta_v3_sentiment_gated,DeBERTa-v3 + Sentiment Profile (Gated),42
19316,1,2.243761173303937e-06,0,0.05772783383033802,model::deberta_v3_sentiment_gated,DeBERTa-v3 + Sentiment Profile (Gated),42
7887,1,2.601899268483976e-06,0,0.05772783383033802,model::deberta_v3_sentiment_gated,DeBERTa-v3 + Sentiment Profile (Gated),42
10219,1,2.4997702894324902e-06,0,0.05772783383033802,model::deberta_v3_sentiment_gated,DeBERTa-v3 + Sentiment Profile (Gated),42
15212,0,4.207626261631958e-06,0,0.05772783383033802,model::deberta_v3_sentiment_gated,DeBERTa-v3 + Sentiment Profile (Gated),42
8530,0,1.3859381624570233e-06,0,0.05772783383033802,model::deberta_v3_sentiment_gated,DeBERTa-v3 + Sentiment Profile (Gated),42
11428,1,2.4276116619148524e-06,0,0.05772783383033802,model::deberta_v3_sentiment_gated,DeBERTa-v3 + Sentiment Profile (Gated),42
4217,0,3.8618618418695405e-06,0,0.05772783383033802,model::deberta_v3_sentiment_gated,DeBERTa-v3 + Sentiment Profile (Gated),42
15424,0,1.5997171658455045e-06,0,0.05772783383033802,model::deberta_v3_sentiment_gated,DeBERTa-v3 + Sentiment Profile (Gated),42
21114,1,1.672862026680377e-06,0,0.05772783383033802,model::deberta_v3_sentiment_gated,DeBERTa-v3 + Sentiment Profile (Gated),42
5793,1,2.3648042315471685e-06,0,0.05772783383033802,model::deberta_v3_sentiment_gated,DeBERTa-v3 + Sentiment Profile (Gated),42
14533,1,2.1721871235058643e-06,0,0.05772783383033802,model::deberta_v3_sentiment_gated,DeBERTa-v3 + Sentiment Profile (Gated),42
7866,1,2.6351469841756625e-06,0,0.05772783383033802,model::deberta_v3_sentiment_gated,DeBERTa-v3 + Sentiment Profile (Gated),42
19695,1,6.486247912107501e-06,0,0.05772783383033802,model::deberta_v3_sentiment_gated,DeBERTa-v3 + Sentiment Profile (Gated),42
16004,1,2.526912567191175e-06,0,0.05772783383033802,model::deberta_v3_sentiment_gated,DeBERTa-v3 + Sentiment Profile (Gated),42
3239,0,2.0655545540648745e-06,0,0.05772783383033802,model::deberta_v3_sentiment_gated,DeBERTa-v3 + Sentiment Profile (Gated),42
3527,0,2.741242724368931e-06,0,0.05772783383033802,model::deberta_v3_sentiment_gated,DeBERTa-v3 + Sentiment Profile (Gated),42
16501,1,2.071079734378145e-06,0,0.05772783383033802,model::deberta_v3_sentiment_gated,DeBERTa-v3 + Sentiment Profile (Gated),42
18416,0,1.586293478794687e-06,0,0.05772783383033802,model::deberta_v3_sentiment_gated,DeBERTa-v3 + Sentiment Profile (Gated),42
19251,0,1.4043467899682582e-06,0,0.05772783383033802,model::deberta_v3_sentiment_gated,DeBERTa-v3 + Sentiment Profile (Gated),42
2961,1,2.7610885808826424e-06,0,0.05772783383033802,model::deberta_v3_sentiment_gated,DeBERTa-v3 + Sentiment Profile (Gated),42
11149,0,1.81426787548844e-06,0,0.05772783383033802,model::deberta_v3_sentiment_gated,DeBERTa-v3 + Sentiment Profile (Gated),42
12669,1,1.2622793974514934e-06,0,0.05772783383033802,model::deberta_v3_sentiment_gated,DeBERTa-v3 + Sentiment Profile (Gated),42
20575,0,1.4163604191708146e-06,0,0.05772783383033802,model::deberta_v3_sentiment_gated,DeBERTa-v3 + Sentiment Profile (Gated),42
19971,0,3.060007202293491e-06,0,0.05772783383033802,model::deberta_v3_sentiment_gated,DeBERTa-v3 + Sentiment Profile (Gated),42
10848,0,2.4695850697753485e-06,0,0.05772783383033802,model::deberta_v3_sentiment_gated,DeBERTa-v3 + Sentiment Profile (Gated),42
9864,1,1.8881904679801664e-06,0,0.05772783383033802,model::deberta_v3_sentiment_gated,DeBERTa-v3 + Sentiment Profile (Gated),42
20475,0,6.158957603474846e-06,0,0.05772783383033802,model::deberta_v3_sentiment_gated,DeBERTa-v3 + Sentiment Profile (Gated),42
13271,1,1.8422271068629923e-06,0,0.05772783383033802,model::deberta_v3_sentiment_gated,DeBERTa-v3 + Sentiment Profile (Gated),42
15921,1,2.8497750008682488e-06,0,0.05772783383033802,model::deberta_v3_sentiment_gated,DeBERTa-v3 + Sentiment Profile (Gated),42
10018,1,1.9016953274331168e-06,0,0.05772783383033802,model::deberta_v3_sentiment_gated,DeBERTa-v3 + Sentiment Profile (Gated),42
16642,0,1.7518989352538483e-06,0,0.05772783383033802,model::deberta_v3_sentiment_gated,DeBERTa-v3 + Sentiment Profile (Gated),42
10634,0,1.4011108078193502e-06,0,0.05772783383033802,model::deberta_v3_sentiment_gated,DeBERTa-v3 + Sentiment Profile (Gated),42
16120,1,1.4763958233743324e-06,0,0.05772783383033802,model::deberta_v3_sentiment_gated,DeBERTa-v3 + Sentiment Profile (Gated),42
14174,1,2.867689772756421e-06,0,0.05772783383033802,model::deberta_v3_sentiment_gated,DeBERTa-v3 + Sentiment Profile (Gated),42
11296,0,2.6650343443179736e-06,0,0.05772783383033802,model::deberta_v3_sentiment_gated,DeBERTa-v3 + Sentiment Profile (Gated),42
2168,1,5.940414212091127e-06,0,0.05772783383033802,model::deberta_v3_sentiment_gated,DeBERTa-v3 + Sentiment Profile (Gated),42
5118,1,2.475581368344137e-06,0,0.05772783383033802,model::deberta_v3_sentiment_gated,DeBERTa-v3 + Sentiment Profile (Gated),42
2608,0,8.083633292699233e-05,0,0.05772783383033802,model::deberta_v3_sentiment_gated,DeBERTa-v3 + Sentiment Profile (Gated),42
13813,1,2.293113993800944e-06,0,0.05772783383033802,model::deberta_v3_sentiment_gated,DeBERTa-v3 + Sentiment Profile (Gated),42
8051,1,1.8617359955896973e-06,0,0.05772783383033802,model::deberta_v3_sentiment_gated,DeBERTa-v3 + Sentiment Profile (Gated),42
17462,0,2.409314902251936e-06,0,0.05772783383033802,model::deberta_v3_sentiment_gated,DeBERTa-v3 + Sentiment Profile (Gated),42
6082,1,1.8055773125524863e-06,0,0.05772783383033802,model::deberta_v3_sentiment_gated,DeBERTa-v3 + Sentiment Profile (Gated),42
14585,1,1.7506965832581043e-06,0,0.05772783383033802,model::deberta_v3_sentiment_gated,DeBERTa-v3 + Sentiment Profile (Gated),42
17465,0,1.5082728168636097e-06,0,0.05772783383033802,model::deberta_v3_sentiment_gated,DeBERTa-v3 + Sentiment Profile (Gated),42
4921,0,2.4321234377566725e-06,0,0.05772783383033802,model::deberta_v3_sentiment_gated,DeBERTa-v3 + Sentiment Profile (Gated),42
4263,0,1.7381314592057606e-06,0,0.05772783383033802,model::deberta_v3_sentiment_gated,DeBERTa-v3 + Sentiment Profile (Gated),42
6430,1,2.281450406371732e-06,0,0.05772783383033802,model::deberta_v3_sentiment_gated,DeBERTa-v3 + Sentiment Profile (Gated),42
7255,1,2.6503694243729115e-06,0,0.05772783383033802,model::deberta_v3_sentiment_gated,DeBERTa-v3 + Sentiment Profile (Gated),42
13883,1,3.2288535294355825e-06,0,0.05772783383033802,model::deberta_v3_sentiment_gated,DeBERTa-v3 + Sentiment Profile (Gated),42
7334,0,4.118596734770108e-06,0,0.05772783383033802,model::deberta_v3_sentiment_gated,DeBERTa-v3 + Sentiment Profile (Gated),42
14839,0,2.040915887846495e-06,0,0.05772783383033802,model::deberta_v3_sentiment_gated,DeBERTa-v3 + Sentiment Profile (Gated),42
947,0,1.7044139895006083e-06,0,0.05772783383033802,model::deberta_v3_sentiment_gated,DeBERTa-v3 + Sentiment Profile (Gated),42
9665,1,1.7382259329679073e-06,0,0.05772783383033802,model::deberta_v3_sentiment_gated,DeBERTa-v3 + Sentiment Profile (Gated),42
9765,1,1.8499133602745133e-06,0,0.05772783383033802,model::deberta_v3_sentiment_gated,DeBERTa-v3 + Sentiment Profile (Gated),42
12532,0,2.156763457605848e-06,0,0.05772783383033802,model::deberta_v3_sentiment_gated,DeBERTa-v3 + Sentiment Profile (Gated),42
6202,1,2.5841045498964377e-06,0,0.05772783383033802,model::deberta_v3_sentiment_gated,DeBERTa-v3 + Sentiment Profile (Gated),42
3441,0,2.4542557639506413e-06,0,0.05772783383033802,model::deberta_v3_sentiment_gated,DeBERTa-v3 + Sentiment Profile (Gated),42
11841,1,2.023458137045964e-06,0,0.05772783383033802,model::deberta_v3_sentiment_gated,DeBERTa-v3 + Sentiment Profile (Gated),42
12968,0,3.738100758710061e-06,0,0.05772783383033802,model::deberta_v3_sentiment_gated,DeBERTa-v3 + Sentiment Profile (Gated),42
913,0,1.1251321438976447e-06,0,0.05772783383033802,model::deberta_v3_sentiment_gated,DeBERTa-v3 + Sentiment Profile (Gated),42
1365,1,2.385434299867484e-06,0,0.05772783383033802,model::deberta_v3_sentiment_gated,DeBERTa-v3 + Sentiment Profile (Gated),42
849,0,1.278843114960182e-06,0,0.05772783383033802,model::deberta_v3_sentiment_gated,DeBERTa-v3 + Sentiment Profile (Gated),42
18962,0,2.8495358037616825e-06,0,0.05772783383033802,model::deberta_v3_sentiment_gated,DeBERTa-v3 + Sentiment Profile (Gated),42
20352,1,1.849869363468315e-06,0,0.05772783383033802,model::deberta_v3_sentiment_gated,DeBERTa-v3 + Sentiment Profile (Gated),42
9798,1,2.475236669852165e-06,0,0.05772783383033802,model::deberta_v3_sentiment_gated,DeBERTa-v3 + Sentiment Profile (Gated),42
14501,0,3.142795094390749e-06,0,0.05772783383033802,model::deberta_v3_sentiment_gated,DeBERTa-v3 + Sentiment Profile (Gated),42
3732,1,1.3913784187025158e-06,0,0.05772783383033802,model::deberta_v3_sentiment_gated,DeBERTa-v3 + Sentiment Profile (Gated),42
12595,1,1.813484232116025e-06,0,0.05772783383033802,model::deberta_v3_sentiment_gated,DeBERTa-v3 + Sentiment Profile (Gated),42
6974,1,2.382174443482654e-06,0,0.05772783383033802,model::deberta_v3_sentiment_gated,DeBERTa-v3 + Sentiment Profile (Gated),42
8882,1,1.894915499178751e-06,0,0.05772783383033802,model::deberta_v3_sentiment_gated,DeBERTa-v3 + Sentiment Profile (Gated),42
16266,0,2.346020437471452e-06,0,0.05772783383033802,model::deberta_v3_sentiment_gated,DeBERTa-v3 + Sentiment Profile (Gated),42
15334,1,1.4517565432470292e-05,0,0.05772783383033802,model::deberta_v3_sentiment_gated,DeBERTa-v3 + Sentiment Profile (Gated),42
6697,1,1.830819996939681e-06,0,0.05772783383033802,model::deberta_v3_sentiment_gated,DeBERTa-v3 + Sentiment Profile (Gated),42
4665,1,5.499292456079274e-06,0,0.05772783383033802,model::deberta_v3_sentiment_gated,DeBERTa-v3 + Sentiment Profile (Gated),42
20143,0,1.378932211082429e-06,0,0.05772783383033802,model::deberta_v3_sentiment_gated,DeBERTa-v3 + Sentiment Profile (Gated),42
6868,0,2.940712874988094e-06,0,0.05772783383033802,model::deberta_v3_sentiment_gated,DeBERTa-v3 + Sentiment Profile (Gated),42
5364,1,1.6636059854135965e-06,0,0.05772783383033802,model::deberta_v3_sentiment_gated,DeBERTa-v3 + Sentiment Profile (Gated),42
6120,1,1.8526021676734672e-06,0,0.05772783383033802,model::deberta_v3_sentiment_gated,DeBERTa-v3 + Sentiment Profile (Gated),42
11173,0,1.754306481416279e-06,0,0.05772783383033802,model::deberta_v3_sentiment_gated,DeBERTa-v3 + Sentiment Profile (Gated),42
15071,0,1.0457917596795596e-05,0,0.05772783383033802,model::deberta_v3_sentiment_gated,DeBERTa-v3 + Sentiment Profile (Gated),42
10881,0,1.4139958466330429e-06,0,0.05772783383033802,model::deberta_v3_sentiment_gated,DeBERTa-v3 + Sentiment Profile (Gated),42
12164,1,2.5393394480488496e-06,0,0.05772783383033802,model::deberta_v3_sentiment_gated,DeBERTa-v3 + Sentiment Profile (Gated),42
3926,1,3.362882125657052e-06,0,0.05772783383033802,model::deberta_v3_sentiment_gated,DeBERTa-v3 + Sentiment Profile (Gated),42
5021,1,2.0200452581775608e-06,0,0.05772783383033802,model::deberta_v3_sentiment_gated,DeBERTa-v3 + Sentiment Profile (Gated),42
11604,1,3.3347650969517417e-06,0,0.05772783383033802,model::deberta_v3_sentiment_gated,DeBERTa-v3 + Sentiment Profile (Gated),42
18608,1,4.519390586210648e-06,0,0.05772783383033802,model::deberta_v3_sentiment_gated,DeBERTa-v3 + Sentiment Profile (Gated),42
8138,0,1.1488320978969568e-06,0,0.05772783383033802,model::deberta_v3_sentiment_gated,DeBERTa-v3 + Sentiment Profile (Gated),42
20209,0,4.355267719802214e-06,0,0.05772783383033802,model::deberta_v3_sentiment_gated,DeBERTa-v3 + Sentiment Profile (Gated),42
12932,0,2.0493414467637194e-06,0,0.05772783383033802,model::deberta_v3_sentiment_gated,DeBERTa-v3 + Sentiment Profile (Gated),42
17276,1,1.4405402453121496e-06,0,0.05772783383033802,model::deberta_v3_sentiment_gated,DeBERTa-v3 + Sentiment Profile (Gated),42
2885,1,1.5217151485558134e-06,0,0.05772783383033802,model::deberta_v3_sentiment_gated,DeBERTa-v3 + Sentiment Profile (Gated),42
8594,0,3.709088787218208e-06,0,0.05772783383033802,model::deberta_v3_sentiment_gated,DeBERTa-v3 + Sentiment Profile (Gated),42
12423,1,2.429663709335728e-06,0,0.05772783383033802,model::deberta_v3_sentiment_gated,DeBERTa-v3 + Sentiment Profile (Gated),42
15119,0,2.4841046979418024e-06,0,0.05772783383033802,model::deberta_v3_sentiment_gated,DeBERTa-v3 + Sentiment Profile (Gated),42
10228,0,1.822051558519888e-06,0,0.05772783383033802,model::deberta_v3_sentiment_gated,DeBERTa-v3 + Sentiment Profile (Gated),42
5378,1,1.878658167697722e-06,0,0.05772783383033802,model::deberta_v3_sentiment_gated,DeBERTa-v3 + Sentiment Profile (Gated),42
18305,1,3.19384571412229e-06,0,0.05772783383033802,model::deberta_v3_sentiment_gated,DeBERTa-v3 + Sentiment Profile (Gated),42
1619,0,1.988890517168329e-06,0,0.05772783383033802,model::deberta_v3_sentiment_gated,DeBERTa-v3 + Sentiment Profile (Gated),42
10250,1,3.542269723766367e-06,0,0.05772783383033802,model::deberta_v3_sentiment_gated,DeBERTa-v3 + Sentiment Profile (Gated),42
13321,0,2.4930996005423367e-06,0,0.05772783383033802,model::deberta_v3_sentiment_gated,DeBERTa-v3 + Sentiment Profile (Gated),42
14508,1,2.16752687265398e-06,0,0.05772783383033802,model::deberta_v3_sentiment_gated,DeBERTa-v3 + Sentiment Profile (Gated),42
18074,1,1.8262545609104563e-06,0,0.05772783383033802,model::deberta_v3_sentiment_gated,DeBERTa-v3 + Sentiment Profile (Gated),42
18548,1,2.139003981938004e-06,0,0.05772783383033802,model::deberta_v3_sentiment_gated,DeBERTa-v3 + Sentiment Profile (Gated),42
16401,1,2.4030364329519216e-06,0,0.05772783383033802,model::deberta_v3_sentiment_gated,DeBERTa-v3 + Sentiment Profile (Gated),42
18906,0,2.2119661480246577e-06,0,0.05772783383033802,model::deberta_v3_sentiment_gated,DeBERTa-v3 + Sentiment Profile (Gated),42
11862,0,1.2784723821823718e-06,0,0.05772783383033802,model::deberta_v3_sentiment_gated,DeBERTa-v3 + Sentiment Profile (Gated),42
21074,0,4.986017302144319e-06,0,0.05772783383033802,model::deberta_v3_sentiment_gated,DeBERTa-v3 + Sentiment Profile (Gated),42
19687,1,2.088589326376677e-06,0,0.05772783383033802,model::deberta_v3_sentiment_gated,DeBERTa-v3 + Sentiment Profile (Gated),42
18495,1,3.0659195999760414e-06,0,0.05772783383033802,model::deberta_v3_sentiment_gated,DeBERTa-v3 + Sentiment Profile (Gated),42
9398,1,1.7497584394732255e-06,0,0.05772783383033802,model::deberta_v3_sentiment_gated,DeBERTa-v3 + Sentiment Profile (Gated),42
11589,0,2.877623273889185e-06,0,0.05772783383033802,model::deberta_v3_sentiment_gated,DeBERTa-v3 + Sentiment Profile (Gated),42
702,0,1.996625087485881e-06,0,0.05772783383033802,model::deberta_v3_sentiment_gated,DeBERTa-v3 + Sentiment Profile (Gated),42
6624,1,3.379703684913693e-06,0,0.05772783383033802,model::deberta_v3_sentiment_gated,DeBERTa-v3 + Sentiment Profile (Gated),42
2681,1,1.727812332319445e-06,0,0.05772783383033802,model::deberta_v3_sentiment_gated,DeBERTa-v3 + Sentiment Profile (Gated),42
4359,1,2.1580060547421454e-06,0,0.05772783383033802,model::deberta_v3_sentiment_gated,DeBERTa-v3 + Sentiment Profile (Gated),42
8981,1,5.0426697271177545e-06,0,0.05772783383033802,model::deberta_v3_sentiment_gated,DeBERTa-v3 + Sentiment Profile (Gated),42
201,0,4.010173597635003e-06,0,0.05772783383033802,model::deberta_v3_sentiment_gated,DeBERTa-v3 + Sentiment Profile (Gated),42
4761,0,2.046285408141557e-05,0,0.05772783383033802,model::deberta_v3_sentiment_gated,DeBERTa-v3 + Sentiment Profile (Gated),42
19171,0,1.3997863788972609e-05,0,0.05772783383033802,model::deberta_v3_sentiment_gated,DeBERTa-v3 + Sentiment Profile (Gated),42
18927,0,1.4567759762940111e-06,0,0.05772783383033802,model::deberta_v3_sentiment_gated,DeBERTa-v3 + Sentiment Profile (Gated),42
2522,1,1.71262911408121e-06,0,0.05772783383033802,model::deberta_v3_sentiment_gated,DeBERTa-v3 + Sentiment Profile (Gated),42
20437,0,1.878713760561368e-06,0,0.05772783383033802,model::deberta_v3_sentiment_gated,DeBERTa-v3 + Sentiment Profile (Gated),42
16968,1,3.539507360983407e-06,0,0.05772783383033802,model::deberta_v3_sentiment_gated,DeBERTa-v3 + Sentiment Profile (Gated),42
2417,0,1.5598011486872565e-06,0,0.05772783383033802,model::deberta_v3_sentiment_gated,DeBERTa-v3 + Sentiment Profile (Gated),42
20291,0,2.6179484393651364e-06,0,0.05772783383033802,model::deberta_v3_sentiment_gated,DeBERTa-v3 + Sentiment Profile (Gated),42
10430,0,1.4246566024667118e-06,0,0.05772783383033802,model::deberta_v3_sentiment_gated,DeBERTa-v3 + Sentiment Profile (Gated),42
14417,0,1.3533010587707397e-06,0,0.05772783383033802,model::deberta_v3_sentiment_gated,DeBERTa-v3 + Sentiment Profile (Gated),42
20335,1,2.6251914277963806e-06,0,0.05772783383033802,model::deberta_v3_sentiment_gated,DeBERTa-v3 + Sentiment Profile (Gated),42
12330,0,3.058082029383513e-06,0,0.05772783383033802,model::deberta_v3_sentiment_gated,DeBERTa-v3 + Sentiment Profile (Gated),42
12502,0,1.0102737633133074e-06,0,0.05772783383033802,model::deberta_v3_sentiment_gated,DeBERTa-v3 + Sentiment Profile (Gated),42
9690,1,1.783782636266551e-06,0,0.05772783383033802,model::deberta_v3_sentiment_gated,DeBERTa-v3 + Sentiment Profile (Gated),42
11811,1,1.996419541683281e-06,0,0.05772783383033802,model::deberta_v3_sentiment_gated,DeBERTa-v3 + Sentiment Profile (Gated),42
13900,0,4.393263225210831e-05,0,0.05772783383033802,model::deberta_v3_sentiment_gated,DeBERTa-v3 + Sentiment Profile (Gated),42
10589,0,1.9316887573950225e-06,0,0.05772783383033802,model::deberta_v3_sentiment_gated,DeBERTa-v3 + Sentiment Profile (Gated),42
11457,0,2.4547236989747034e-06,0,0.05772783383033802,model::deberta_v3_sentiment_gated,DeBERTa-v3 + Sentiment Profile (Gated),42
11593,0,1.3079882137390086e-06,0,0.05772783383033802,model::deberta_v3_sentiment_gated,DeBERTa-v3 + Sentiment Profile (Gated),42
19874,1,1.980558408831712e-06,0,0.05772783383033802,model::deberta_v3_sentiment_gated,DeBERTa-v3 + Sentiment Profile (Gated),42
8546,1,1.7376127061652369e-06,0,0.05772783383033802,model::deberta_v3_sentiment_gated,DeBERTa-v3 + Sentiment Profile (Gated),42
13087,1,1.7476105540481512e-06,0,0.05772783383033802,model::deberta_v3_sentiment_gated,DeBERTa-v3 + Sentiment Profile (Gated),42
4053,1,1.893333092084504e-06,0,0.05772783383033802,model::deberta_v3_sentiment_gated,DeBERTa-v3 + Sentiment Profile (Gated),42
11035,0,1.1227729146412455e-06,0,0.05772783383033802,model::deberta_v3_sentiment_gated,DeBERTa-v3 + Sentiment Profile (Gated),42
7106,0,8.066158443398308e-06,0,0.05772783383033802,model::deberta_v3_sentiment_gated,DeBERTa-v3 + Sentiment Profile (Gated),42
16967,1,3.475015773801715e-06,0,0.05772783383033802,model::deberta_v3_sentiment_gated,DeBERTa-v3 + Sentiment Profile (Gated),42
14055,0,1.5352115951827727e-06,0,0.05772783383033802,model::deberta_v3_sentiment_gated,DeBERTa-v3 + Sentiment Profile (Gated),42
18254,1,2.408866748737637e-06,0,0.05772783383033802,model::deberta_v3_sentiment_gated,DeBERTa-v3 + Sentiment Profile (Gated),42
4141,1,1.68558688073972e-06,0,0.05772783383033802,model::deberta_v3_sentiment_gated,DeBERTa-v3 + Sentiment Profile (Gated),42
14685,1,2.303197788933176e-06,0,0.05772783383033802,model::deberta_v3_sentiment_gated,DeBERTa-v3 + Sentiment Profile (Gated),42
3870,1,2.055844333881396e-06,0,0.05772783383033802,model::deberta_v3_sentiment_gated,DeBERTa-v3 + Sentiment Profile (Gated),42
12585,1,1.8117038962373044e-06,0,0.05772783383033802,model::deberta_v3_sentiment_gated,DeBERTa-v3 + Sentiment Profile (Gated),42
20856,0,1.631327677387162e-06,0,0.05772783383033802,model::deberta_v3_sentiment_gated,DeBERTa-v3 + Sentiment Profile (Gated),42
15655,1,2.200497419835301e-06,0,0.05772783383033802,model::deberta_v3_sentiment_gated,DeBERTa-v3 + Sentiment Profile (Gated),42
12360,1,1.8538712538429536e-06,0,0.05772783383033802,model::deberta_v3_sentiment_gated,DeBERTa-v3 + Sentiment Profile (Gated),42
4962,0,1.868340063992946e-06,0,0.05772783383033802,model::deberta_v3_sentiment_gated,DeBERTa-v3 + Sentiment Profile (Gated),42
13155,1,2.3718644115433563e-06,0,0.05772783383033802,model::deberta_v3_sentiment_gated,DeBERTa-v3 + Sentiment Profile (Gated),42
12601,0,4.194473149254918e-06,0,0.05772783383033802,model::deberta_v3_sentiment_gated,DeBERTa-v3 + Sentiment Profile (Gated),42
1625,1,2.026888068940025e-06,0,0.05772783383033802,model::deberta_v3_sentiment_gated,DeBERTa-v3 + Sentiment Profile (Gated),42
6045,1,1.96519840756082e-06,0,0.05772783383033802,model::deberta_v3_sentiment_gated,DeBERTa-v3 + Sentiment Profile (Gated),42
9783,0,2.9905938845331548e-06,0,0.05772783383033802,model::deberta_v3_sentiment_gated,DeBERTa-v3 + Sentiment Profile (Gated),42
4525,0,2.054801598205813e-06,0,0.05772783383033802,model::deberta_v3_sentiment_gated,DeBERTa-v3 + Sentiment Profile (Gated),42
18524,0,2.061726718238788e-06,0,0.05772783383033802,model::deberta_v3_sentiment_gated,DeBERTa-v3 + Sentiment Profile (Gated),42
1911,1,2.7040455279347952e-06,0,0.05772783383033802,model::deberta_v3_sentiment_gated,DeBERTa-v3 + Sentiment Profile (Gated),42
6497,1,1.364263880532235e-06,0,0.05772783383033802,model::deberta_v3_sentiment_gated,DeBERTa-v3 + Sentiment Profile (Gated),42
2439,0,2.8427664346963866e-06,0,0.05772783383033802,model::deberta_v3_sentiment_gated,DeBERTa-v3 + Sentiment Profile (Gated),42
19139,1,2.111077947120066e-06,0,0.05772783383033802,model::deberta_v3_sentiment_gated,DeBERTa-v3 + Sentiment Profile (Gated),42
9705,0,2.4139169454429066e-06,0,0.05772783383033802,model::deberta_v3_sentiment_gated,DeBERTa-v3 + Sentiment Profile (Gated),42
13888,0,1.568526931805536e-05,0,0.05772783383033802,model::deberta_v3_sentiment_gated,DeBERTa-v3 + Sentiment Profile (Gated),42
1130,1,2.241090214738506e-06,0,0.05772783383033802,model::deberta_v3_sentiment_gated,DeBERTa-v3 + Sentiment Profile (Gated),42
2383,1,2.188432290495257e-06,0,0.05772783383033802,model::deberta_v3_sentiment_gated,DeBERTa-v3 + Sentiment Profile (Gated),42
19105,0,1.4189074590831297e-06,0,0.05772783383033802,model::deberta_v3_sentiment_gated,DeBERTa-v3 + Sentiment Profile (Gated),42
9378,1,2.2058926333556883e-05,0,0.05772783383033802,model::deberta_v3_sentiment_gated,DeBERTa-v3 + Sentiment Profile (Gated),42
12134,0,1.2442976640159031e-06,0,0.05772783383033802,model::deberta_v3_sentiment_gated,DeBERTa-v3 + Sentiment Profile (Gated),42
1229,1,2.1203593405516585e-06,0,0.05772783383033802,model::deberta_v3_sentiment_gated,DeBERTa-v3 + Sentiment Profile (Gated),42
3541,0,2.375291614953312e-06,0,0.05772783383033802,model::deberta_v3_sentiment_gated,DeBERTa-v3 + Sentiment Profile (Gated),42
18869,0,4.236604127072496e-06,0,0.05772783383033802,model::deberta_v3_sentiment_gated,DeBERTa-v3 + Sentiment Profile (Gated),42
14407,1,1.4559676628778109e-06,0,0.05772783383033802,model::deberta_v3_sentiment_gated,DeBERTa-v3 + Sentiment Profile (Gated),42
10759,1,1.881471348497144e-06,0,0.05772783383033802,model::deberta_v3_sentiment_gated,DeBERTa-v3 + Sentiment Profile (Gated),42
16389,0,1.4842862583464012e-06,0,0.05772783383033802,model::deberta_v3_sentiment_gated,DeBERTa-v3 + Sentiment Profile (Gated),42
14450,1,1.914108224809752e-06,0,0.05772783383033802,model::deberta_v3_sentiment_gated,DeBERTa-v3 + Sentiment Profile (Gated),42
12180,1,1.4749491583643248e-06,0,0.05772783383033802,model::deberta_v3_sentiment_gated,DeBERTa-v3 + Sentiment Profile (Gated),42
2887,1,1.602587872184813e-06,0,0.05772783383033802,model::deberta_v3_sentiment_gated,DeBERTa-v3 + Sentiment Profile (Gated),42
8839,0,2.481580395397032e-06,0,0.05772783383033802,model::deberta_v3_sentiment_gated,DeBERTa-v3 + Sentiment Profile (Gated),42
14721,1,3.008796966241789e-06,0,0.05772783383033802,model::deberta_v3_sentiment_gated,DeBERTa-v3 + Sentiment Profile (Gated),42
7710,1,1.9196088487660745e-06,0,0.05772783383033802,model::deberta_v3_sentiment_gated,DeBERTa-v3 + Sentiment Profile (Gated),42
20750,0,1.1699187325575622e-06,0,0.05772783383033802,model::deberta_v3_sentiment_gated,DeBERTa-v3 + Sentiment Profile (Gated),42
658,1,2.238102069895831e-06,0,0.05772783383033802,model::deberta_v3_sentiment_gated,DeBERTa-v3 + Sentiment Profile (Gated),42
16111,0,1.6521622683285386e-06,0,0.05772783383033802,model::deberta_v3_sentiment_gated,DeBERTa-v3 + Sentiment Profile (Gated),42
19833,1,1.7376557934767334e-06,0,0.05772783383033802,model::deberta_v3_sentiment_gated,DeBERTa-v3 + Sentiment Profile (Gated),42
6161,0,4.263793925929349e-06,0,0.05772783383033802,model::deberta_v3_sentiment_gated,DeBERTa-v3 + Sentiment Profile (Gated),42
16884,1,1.6607322095296697e-06,0,0.05772783383033802,model::deberta_v3_sentiment_gated,DeBERTa-v3 + Sentiment Profile (Gated),42
5903,1,2.9878003715566592e-06,0,0.05772783383033802,model::deberta_v3_sentiment_gated,DeBERTa-v3 + Sentiment Profile (Gated),42
4020,0,3.0448409233940765e-06,0,0.05772783383033802,model::deberta_v3_sentiment_gated,DeBERTa-v3 + Sentiment Profile (Gated),42
2822,0,1.7114731463152566e-06,0,0.05772783383033802,model::deberta_v3_sentiment_gated,DeBERTa-v3 + Sentiment Profile (Gated),42
17899,1,1.8497776181902736e-06,0,0.05772783383033802,model::deberta_v3_sentiment_gated,DeBERTa-v3 + Sentiment Profile (Gated),42
11967,0,9.912314453686122e-06,0,0.05772783383033802,model::deberta_v3_sentiment_gated,DeBERTa-v3 + Sentiment Profile (Gated),42
16633,1,2.0620138911908725e-06,0,0.05772783383033802,model::deberta_v3_sentiment_gated,DeBERTa-v3 + Sentiment Profile (Gated),42
15481,1,2.7672886062646285e-06,0,0.05772783383033802,model::deberta_v3_sentiment_gated,DeBERTa-v3 + Sentiment Profile (Gated),42
10860,1,1.798318521650799e-06,0,0.05772783383033802,model::deberta_v3_sentiment_gated,DeBERTa-v3 + Sentiment Profile (Gated),42
8770,1,2.222282546426868e-06,0,0.05772783383033802,model::deberta_v3_sentiment_gated,DeBERTa-v3 + Sentiment Profile (Gated),42
647,1,1.407281501997204e-06,0,0.05772783383033802,model::deberta_v3_sentiment_gated,DeBERTa-v3 + Sentiment Profile (Gated),42
9453,1,2.339220145586296e-06,0,0.05772783383033802,model::deberta_v3_sentiment_gated,DeBERTa-v3 + Sentiment Profile (Gated),42
11535,1,1.679170850366063e-06,0,0.05772783383033802,model::deberta_v3_sentiment_gated,DeBERTa-v3 + Sentiment Profile (Gated),42
17005,1,1.9389681256143376e-06,0,0.05772783383033802,model::deberta_v3_sentiment_gated,DeBERTa-v3 + Sentiment Profile (Gated),42
3022,1,2.416830966467387e-06,0,0.05772783383033802,model::deberta_v3_sentiment_gated,DeBERTa-v3 + Sentiment Profile (Gated),42
14896,0,1.5192399587249383e-06,0,0.05772783383033802,model::deberta_v3_sentiment_gated,DeBERTa-v3 + Sentiment Profile (Gated),42
3587,1,3.375866981514264e-06,0,0.05772783383033802,model::deberta_v3_sentiment_gated,DeBERTa-v3 + Sentiment Profile (Gated),42
12652,1,1.995701950363582e-06,0,0.05772783383033802,model::deberta_v3_sentiment_gated,DeBERTa-v3 + Sentiment Profile (Gated),42
17345,0,1.5290178225768614e-06,0,0.05772783383033802,model::deberta_v3_sentiment_gated,DeBERTa-v3 + Sentiment Profile (Gated),42
15517,1,1.583678567840252e-06,0,0.05772783383033802,model::deberta_v3_sentiment_gated,DeBERTa-v3 + Sentiment Profile (Gated),42
17189,1,1.9648236957436893e-06,0,0.05772783383033802,model::deberta_v3_sentiment_gated,DeBERTa-v3 + Sentiment Profile (Gated),42
9134,1,2.0678587588918163e-06,0,0.05772783383033802,model::deberta_v3_sentiment_gated,DeBERTa-v3 + Sentiment Profile (Gated),42
12200,1,1.829141069720208e-06,0,0.05772783383033802,model::deberta_v3_sentiment_gated,DeBERTa-v3 + Sentiment Profile (Gated),42
4839,1,2.351163175262627e-06,0,0.05772783383033802,model::deberta_v3_sentiment_gated,DeBERTa-v3 + Sentiment Profile (Gated),42
8432,0,2.591429165477166e-06,0,0.05772783383033802,model::deberta_v3_sentiment_gated,DeBERTa-v3 + Sentiment Profile (Gated),42
6609,0,2.2112258193374146e-06,0,0.05772783383033802,model::deberta_v3_sentiment_gated,DeBERTa-v3 + Sentiment Profile (Gated),42
11117,1,2.5566455406078603e-06,0,0.05772783383033802,model::deberta_v3_sentiment_gated,DeBERTa-v3 + Sentiment Profile (Gated),42
18588,0,1.8216519492852967e-06,0,0.05772783383033802,model::deberta_v3_sentiment_gated,DeBERTa-v3 + Sentiment Profile (Gated),42
11898,1,3.597270278987708e-06,0,0.05772783383033802,model::deberta_v3_sentiment_gated,DeBERTa-v3 + Sentiment Profile (Gated),42
4684,1,2.342238076380454e-06,0,0.05772783383033802,model::deberta_v3_sentiment_gated,DeBERTa-v3 + Sentiment Profile (Gated),42
8985,1,2.217665041825967e-06,0,0.05772783383033802,model::deberta_v3_sentiment_gated,DeBERTa-v3 + Sentiment Profile (Gated),42
3148,0,4.002948116976768e-06,0,0.05772783383033802,model::deberta_v3_sentiment_gated,DeBERTa-v3 + Sentiment Profile (Gated),42
16635,1,2.129644826709409e-06,0,0.05772783383033802,model::deberta_v3_sentiment_gated,DeBERTa-v3 + Sentiment Profile (Gated),42
20623,1,1.8151350786865803e-06,0,0.05772783383033802,model::deberta_v3_sentiment_gated,DeBERTa-v3 + Sentiment Profile (Gated),42
3382,1,2.781170451271464e-06,0,0.05772783383033802,model::deberta_v3_sentiment_gated,DeBERTa-v3 + Sentiment Profile (Gated),42
16006,0,2.387241238466231e-06,0,0.05772783383033802,model::deberta_v3_sentiment_gated,DeBERTa-v3 + Sentiment Profile (Gated),42
15846,1,7.4201907409587875e-06,0,0.05772783383033802,model::deberta_v3_sentiment_gated,DeBERTa-v3 + Sentiment Profile (Gated),42
2724,0,1.376425416310667e-06,0,0.05772783383033802,model::deberta_v3_sentiment_gated,DeBERTa-v3 + Sentiment Profile (Gated),42
14423,0,1.5614799622198916e-06,0,0.05772783383033802,model::deberta_v3_sentiment_gated,DeBERTa-v3 + Sentiment Profile (Gated),42
19181,0,3.04890590996365e-06,0,0.05772783383033802,model::deberta_v3_sentiment_gated,DeBERTa-v3 + Sentiment Profile (Gated),42
13906,1,1.91425056073058e-06,0,0.05772783383033802,model::deberta_v3_sentiment_gated,DeBERTa-v3 + Sentiment Profile (Gated),42
6906,0,1.4749068668606924e-06,0,0.05772783383033802,model::deberta_v3_sentiment_gated,DeBERTa-v3 + Sentiment Profile (Gated),42
14746,0,2.009960553550627e-06,0,0.05772783383033802,model::deberta_v3_sentiment_gated,DeBERTa-v3 + Sentiment Profile (Gated),42
18165,0,1.1231638836761704e-06,0,0.05772783383033802,model::deberta_v3_sentiment_gated,DeBERTa-v3 + Sentiment Profile (Gated),42
10178,1,3.644264779723017e-06,0,0.05772783383033802,model::deberta_v3_sentiment_gated,DeBERTa-v3 + Sentiment Profile (Gated),42
11965,0,2.103754013660364e-06,0,0.05772783383033802,model::deberta_v3_sentiment_gated,DeBERTa-v3 + Sentiment Profile (Gated),42
6514,0,1.0939958883682266e-05,0,0.05772783383033802,model::deberta_v3_sentiment_gated,DeBERTa-v3 + Sentiment Profile (Gated),42
12259,1,2.13153043659986e-06,0,0.05772783383033802,model::deberta_v3_sentiment_gated,DeBERTa-v3 + Sentiment Profile (Gated),42
4443,0,1.8136262269763392e-06,0,0.05772783383033802,model::deberta_v3_sentiment_gated,DeBERTa-v3 + Sentiment Profile (Gated),42
17788,1,2.360856115046772e-06,0,0.05772783383033802,model::deberta_v3_sentiment_gated,DeBERTa-v3 + Sentiment Profile (Gated),42
20738,1,2.2515853288496146e-06,0,0.05772783383033802,model::deberta_v3_sentiment_gated,DeBERTa-v3 + Sentiment Profile (Gated),42
694,1,2.080391368508572e-06,0,0.05772783383033802,model::deberta_v3_sentiment_gated,DeBERTa-v3 + Sentiment Profile (Gated),42
16476,1,6.926765308890026e-06,0,0.05772783383033802,model::deberta_v3_sentiment_gated,DeBERTa-v3 + Sentiment Profile (Gated),42
9628,1,2.307865770490025e-06,0,0.05772783383033802,model::deberta_v3_sentiment_gated,DeBERTa-v3 + Sentiment Profile (Gated),42
13808,0,3.681797124954755e-06,0,0.05772783383033802,model::deberta_v3_sentiment_gated,DeBERTa-v3 + Sentiment Profile (Gated),42
13474,1,2.378356157350936e-06,0,0.05772783383033802,model::deberta_v3_sentiment_gated,DeBERTa-v3 + Sentiment Profile (Gated),42
16807,0,3.357466539455345e-06,0,0.05772783383033802,model::deberta_v3_sentiment_gated,DeBERTa-v3 + Sentiment Profile (Gated),42
9251,1,2.5686056233098498e-06,0,0.05772783383033802,model::deberta_v3_sentiment_gated,DeBERTa-v3 + Sentiment Profile (Gated),42
4372,0,2.344385620745016e-06,0,0.05772783383033802,model::deberta_v3_sentiment_gated,DeBERTa-v3 + Sentiment Profile (Gated),42
5210,0,4.733290552394465e-06,0,0.05772783383033802,model::deberta_v3_sentiment_gated,DeBERTa-v3 + Sentiment Profile (Gated),42
16415,1,5.294462880556239e-06,0,0.05772783383033802,model::deberta_v3_sentiment_gated,DeBERTa-v3 + Sentiment Profile (Gated),42
18154,1,1.8719071022133e-06,0,0.05772783383033802,model::deberta_v3_sentiment_gated,DeBERTa-v3 + Sentiment Profile (Gated),42
7981,0,1.5020904129414705e-06,0,0.05772783383033802,model::deberta_v3_sentiment_gated,DeBERTa-v3 + Sentiment Profile (Gated),42
7735,0,9.534255696053153e-06,0,0.05772783383033802,model::deberta_v3_sentiment_gated,DeBERTa-v3 + Sentiment Profile (Gated),42
1586,0,5.32806961928145e-06,0,0.05772783383033802,model::deberta_v3_sentiment_gated,DeBERTa-v3 + Sentiment Profile (Gated),42
3996,0,3.1627562293579103e-06,0,0.05772783383033802,model::deberta_v3_sentiment_gated,DeBERTa-v3 + Sentiment Profile (Gated),42
8136,0,1.6783766341177395e-06,0,0.05772783383033802,model::deberta_v3_sentiment_gated,DeBERTa-v3 + Sentiment Profile (Gated),42
10160,0,1.625665163373924e-06,0,0.05772783383033802,model::deberta_v3_sentiment_gated,DeBERTa-v3 + Sentiment Profile (Gated),42
17517,0,1.4769084373256192e-06,0,0.05772783383033802,model::deberta_v3_sentiment_gated,DeBERTa-v3 + Sentiment Profile (Gated),42
11299,1,1.7920953041539178e-06,0,0.05772783383033802,model::deberta_v3_sentiment_gated,DeBERTa-v3 + Sentiment Profile (Gated),42
18883,0,5.618976501864381e-06,0,0.05772783383033802,model::deberta_v3_sentiment_gated,DeBERTa-v3 + Sentiment Profile (Gated),42
13217,1,2.931486733359634e-06,0,0.05772783383033802,model::deberta_v3_sentiment_gated,DeBERTa-v3 + Sentiment Profile (Gated),42
17518,1,2.233010945928981e-06,0,0.05772783383033802,model::deberta_v3_sentiment_gated,DeBERTa-v3 + Sentiment Profile (Gated),42
17572,1,2.071936933134566e-06,0,0.05772783383033802,model::deberta_v3_sentiment_gated,DeBERTa-v3 + Sentiment Profile (Gated),42
992,1,1.527593894934398e-06,0,0.05772783383033802,model::deberta_v3_sentiment_gated,DeBERTa-v3 + Sentiment Profile (Gated),42
18566,1,2.0500688151514623e-06,0,0.05772783383033802,model::deberta_v3_sentiment_gated,DeBERTa-v3 + Sentiment Profile (Gated),42
1408,0,2.589236100902781e-05,0,0.05772783383033802,model::deberta_v3_sentiment_gated,DeBERTa-v3 + Sentiment Profile (Gated),42
18302,1,3.900964657077566e-06,0,0.05772783383033802,model::deberta_v3_sentiment_gated,DeBERTa-v3 + Sentiment Profile (Gated),42
18924,1,2.480298235241208e-06,0,0.05772783383033802,model::deberta_v3_sentiment_gated,DeBERTa-v3 + Sentiment Profile (Gated),42
17217,1,2.441754077153746e-06,0,0.05772783383033802,model::deberta_v3_sentiment_gated,DeBERTa-v3 + Sentiment Profile (Gated),42
15180,0,8.825945769785903e-06,0,0.05772783383033802,model::deberta_v3_sentiment_gated,DeBERTa-v3 + Sentiment Profile (Gated),42
5612,1,1.6039533647926874e-06,0,0.05772783383033802,model::deberta_v3_sentiment_gated,DeBERTa-v3 + Sentiment Profile (Gated),42
20230,0,3.7156949019845342e-06,0,0.05772783383033802,model::deberta_v3_sentiment_gated,DeBERTa-v3 + Sentiment Profile (Gated),42
19044,1,1.6301178220601289e-06,0,0.05772783383033802,model::deberta_v3_sentiment_gated,DeBERTa-v3 + Sentiment Profile (Gated),42
11003,1,1.9839951619360363e-06,0,0.05772783383033802,model::deberta_v3_sentiment_gated,DeBERTa-v3 + Sentiment Profile (Gated),42
1719,0,1.2668222098000117e-06,0,0.05772783383033802,model::deberta_v3_sentiment_gated,DeBERTa-v3 + Sentiment Profile (Gated),42
12564,1,1.9551785044313874e-06,0,0.05772783383033802,model::deberta_v3_sentiment_gated,DeBERTa-v3 + Sentiment Profile (Gated),42
3399,1,1.84874943442992e-06,0,0.05772783383033802,model::deberta_v3_sentiment_gated,DeBERTa-v3 + Sentiment Profile (Gated),42
13910,1,3.0083292585914023e-06,0,0.05772783383033802,model::deberta_v3_sentiment_gated,DeBERTa-v3 + Sentiment Profile (Gated),42
6487,1,1.7357974684273358e-06,0,0.05772783383033802,model::deberta_v3_sentiment_gated,DeBERTa-v3 + Sentiment Profile (Gated),42
2142,0,8.502496712026186e-06,0,0.05772783383033802,model::deberta_v3_sentiment_gated,DeBERTa-v3 + Sentiment Profile (Gated),42
13431,1,2.111140020133462e-06,0,0.05772783383033802,model::deberta_v3_sentiment_gated,DeBERTa-v3 + Sentiment Profile (Gated),42
1180,1,1.5423362356159489e-06,0,0.05772783383033802,model::deberta_v3_sentiment_gated,DeBERTa-v3 + Sentiment Profile (Gated),42
4332,1,5.2019613576703705e-06,0,0.05772783383033802,model::deberta_v3_sentiment_gated,DeBERTa-v3 + Sentiment Profile (Gated),42
7629,0,1.376846853418101e-06,0,0.05772783383033802,model::deberta_v3_sentiment_gated,DeBERTa-v3 + Sentiment Profile (Gated),42
1938,0,1.3970079635328148e-06,0,0.05772783383033802,model::deberta_v3_sentiment_gated,DeBERTa-v3 + Sentiment Profile (Gated),42
9064,0,7.643767276022118e-06,0,0.05772783383033802,model::deberta_v3_sentiment_gated,DeBERTa-v3 + Sentiment Profile (Gated),42
11771,1,1.8961844716614e-06,0,0.05772783383033802,model::deberta_v3_sentiment_gated,DeBERTa-v3 + Sentiment Profile (Gated),42
10164,0,1.583397647664242e-06,0,0.05772783383033802,model::deberta_v3_sentiment_gated,DeBERTa-v3 + Sentiment Profile (Gated),42
20501,1,2.43116801357246e-06,0,0.05772783383033802,model::deberta_v3_sentiment_gated,DeBERTa-v3 + Sentiment Profile (Gated),42
13574,1,2.788199935821467e-06,0,0.05772783383033802,model::deberta_v3_sentiment_gated,DeBERTa-v3 + Sentiment Profile (Gated),42
14784,1,1.918582029247773e-06,0,0.05772783383033802,model::deberta_v3_sentiment_gated,DeBERTa-v3 + Sentiment Profile (Gated),42
12696,0,2.2206893390830373e-06,0,0.05772783383033802,model::deberta_v3_sentiment_gated,DeBERTa-v3 + Sentiment Profile (Gated),42
16175,0,1.6849119219841668e-06,0,0.05772783383033802,model::deberta_v3_sentiment_gated,DeBERTa-v3 + Sentiment Profile (Gated),42
1047,1,2.784453272397513e-06,0,0.05772783383033802,model::deberta_v3_sentiment_gated,DeBERTa-v3 + Sentiment Profile (Gated),42
1896,1,2.964823352158419e-06,0,0.05772783383033802,model::deberta_v3_sentiment_gated,DeBERTa-v3 + Sentiment Profile (Gated),42
15528,0,1.82157896233548e-06,0,0.05772783383033802,model::deberta_v3_sentiment_gated,DeBERTa-v3 + Sentiment Profile (Gated),42
20703,0,4.392224946059287e-05,0,0.05772783383033802,model::deberta_v3_sentiment_gated,DeBERTa-v3 + Sentiment Profile (Gated),42
4700,0,6.116358690633206e-06,0,0.05772783383033802,model::deberta_v3_sentiment_gated,DeBERTa-v3 + Sentiment Profile (Gated),42
7086,0,1.3053701195531175e-06,0,0.05772783383033802,model::deberta_v3_sentiment_gated,DeBERTa-v3 + Sentiment Profile (Gated),42
17127,1,2.205556484113913e-06,0,0.05772783383033802,model::deberta_v3_sentiment_gated,DeBERTa-v3 + Sentiment Profile (Gated),42
11904,1,2.168738546970417e-06,0,0.05772783383033802,model::deberta_v3_sentiment_gated,DeBERTa-v3 + Sentiment Profile (Gated),42
17366,0,3.9911388739710674e-05,0,0.05772783383033802,model::deberta_v3_sentiment_gated,DeBERTa-v3 + Sentiment Profile (Gated),42
6440,0,1.7105821825680323e-06,0,0.05772783383033802,model::deberta_v3_sentiment_gated,DeBERTa-v3 + Sentiment Profile (Gated),42
11789,0,1.4477142258328968e-06,0,0.05772783383033802,model::deberta_v3_sentiment_gated,DeBERTa-v3 + Sentiment Profile (Gated),42
13514,0,1.321640638707322e-06,0,0.05772783383033802,model::deberta_v3_sentiment_gated,DeBERTa-v3 + Sentiment Profile (Gated),42
19817,0,3.3084521419368684e-05,0,0.05772783383033802,model::deberta_v3_sentiment_gated,DeBERTa-v3 + Sentiment Profile (Gated),42
9850,0,1.9206727301934734e-06,0,0.05772783383033802,model::deberta_v3_sentiment_gated,DeBERTa-v3 + Sentiment Profile (Gated),42
19653,1,2.15583577301004e-06,0,0.05772783383033802,model::deberta_v3_sentiment_gated,DeBERTa-v3 + Sentiment Profile (Gated),42
8248,1,2.1894657038501464e-06,0,0.05772783383033802,model::deberta_v3_sentiment_gated,DeBERTa-v3 + Sentiment Profile (Gated),42
6993,0,1.7215439811479882e-06,0,0.05772783383033802,model::deberta_v3_sentiment_gated,DeBERTa-v3 + Sentiment Profile (Gated),42
869,1,3.5407092582318e-06,0,0.05772783383033802,model::deberta_v3_sentiment_gated,DeBERTa-v3 + Sentiment Profile (Gated),42
4531,0,1.444276335860195e-06,0,0.05772783383033802,model::deberta_v3_sentiment_gated,DeBERTa-v3 + Sentiment Profile (Gated),42
4600,0,3.987475793110207e-06,0,0.05772783383033802,model::deberta_v3_sentiment_gated,DeBERTa-v3 + Sentiment Profile (Gated),42
20600,1,1.7985997828873224e-06,0,0.05772783383033802,model::deberta_v3_sentiment_gated,DeBERTa-v3 + Sentiment Profile (Gated),42
11615,1,2.3908230559754884e-06,0,0.05772783383033802,model::deberta_v3_sentiment_gated,DeBERTa-v3 + Sentiment Profile (Gated),42
11622,1,1.5752539184177294e-06,0,0.05772783383033802,model::deberta_v3_sentiment_gated,DeBERTa-v3 + Sentiment Profile (Gated),42
13650,0,2.112340553139802e-06,0,0.05772783383033802,model::deberta_v3_sentiment_gated,DeBERTa-v3 + Sentiment Profile (Gated),42
16735,1,1.4699221537739504e-06,0,0.05772783383033802,model::deberta_v3_sentiment_gated,DeBERTa-v3 + Sentiment Profile (Gated),42
8640,1,2.5113281481026206e-06,0,0.05772783383033802,model::deberta_v3_sentiment_gated,DeBERTa-v3 + Sentiment Profile (Gated),42
6830,0,1.87562750397774e-06,0,0.05772783383033802,model::deberta_v3_sentiment_gated,DeBERTa-v3 + Sentiment Profile (Gated),42
5077,0,1.5526210290772724e-06,0,0.05772783383033802,model::deberta_v3_sentiment_gated,DeBERTa-v3 + Sentiment Profile (Gated),42
14749,1,1.6796479940239806e-06,0,0.05772783383033802,model::deberta_v3_sentiment_gated,DeBERTa-v3 + Sentiment Profile (Gated),42
771,1,5.60295029572444e-06,0,0.05772783383033802,model::deberta_v3_sentiment_gated,DeBERTa-v3 + Sentiment Profile (Gated),42
9405,0,1.5681432614655932e-06,0,0.05772783383033802,model::deberta_v3_sentiment_gated,DeBERTa-v3 + Sentiment Profile (Gated),42
10887,1,1.6203747463805485e-06,0,0.05772783383033802,model::deberta_v3_sentiment_gated,DeBERTa-v3 + Sentiment Profile (Gated),42
1780,1,1.6615684899079497e-06,0,0.05772783383033802,model::deberta_v3_sentiment_gated,DeBERTa-v3 + Sentiment Profile (Gated),42
6717,0,1.4681260154247866e-06,0,0.05772783383033802,model::deberta_v3_sentiment_gated,DeBERTa-v3 + Sentiment Profile (Gated),42
19911,0,1.971467781913816e-06,0,0.05772783383033802,model::deberta_v3_sentiment_gated,DeBERTa-v3 + Sentiment Profile (Gated),42
14298,1,2.0197717276460025e-06,0,0.05772783383033802,model::deberta_v3_sentiment_gated,DeBERTa-v3 + Sentiment Profile (Gated),42
15411,0,1.2224379588587908e-06,0,0.05772783383033802,model::deberta_v3_sentiment_gated,DeBERTa-v3 + Sentiment Profile (Gated),42
15019,1,3.1722204312245594e-06,0,0.05772783383033802,model::deberta_v3_sentiment_gated,DeBERTa-v3 + Sentiment Profile (Gated),42
9610,0,4.255287421983667e-06,0,0.05772783383033802,model::deberta_v3_sentiment_gated,DeBERTa-v3 + Sentiment Profile (Gated),42
1303,1,2.3252034679899225e-06,0,0.05772783383033802,model::deberta_v3_sentiment_gated,DeBERTa-v3 + Sentiment Profile (Gated),42
19490,1,1.3033026107223122e-06,0,0.05772783383033802,model::deberta_v3_sentiment_gated,DeBERTa-v3 + Sentiment Profile (Gated),42
6822,1,3.7361619433795568e-06,0,0.05772783383033802,model::deberta_v3_sentiment_gated,DeBERTa-v3 + Sentiment Profile (Gated),42
4488,0,6.076880254113348e-06,0,0.05772783383033802,model::deberta_v3_sentiment_gated,DeBERTa-v3 + Sentiment Profile (Gated),42
7461,1,3.0869821330270497e-06,0,0.05772783383033802,model::deberta_v3_sentiment_gated,DeBERTa-v3 + Sentiment Profile (Gated),42
13029,0,6.876479346829001e-06,0,0.05772783383033802,model::deberta_v3_sentiment_gated,DeBERTa-v3 + Sentiment Profile (Gated),42
14146,0,3.929551439796342e-06,0,0.05772783383033802,model::deberta_v3_sentiment_gated,DeBERTa-v3 + Sentiment Profile (Gated),42
18257,0,1.6880152543308213e-05,0,0.05772783383033802,model::deberta_v3_sentiment_gated,DeBERTa-v3 + Sentiment Profile (Gated),42
9122,0,1.7934697780219722e-06,0,0.05772783383033802,model::deberta_v3_sentiment_gated,DeBERTa-v3 + Sentiment Profile (Gated),42
15865,0,2.422299530735472e-06,0,0.05772783383033802,model::deberta_v3_sentiment_gated,DeBERTa-v3 + Sentiment Profile (Gated),42
6557,0,1.698941787253716e-06,0,0.05772783383033802,model::deberta_v3_sentiment_gated,DeBERTa-v3 + Sentiment Profile (Gated),42
11588,1,3.327217427795404e-06,0,0.05772783383033802,model::deberta_v3_sentiment_gated,DeBERTa-v3 + Sentiment Profile (Gated),42
6186,0,2.913727030318114e-06,0,0.05772783383033802,model::deberta_v3_sentiment_gated,DeBERTa-v3 + Sentiment Profile (Gated),42
1900,0,1.4081447261560245e-06,0,0.05772783383033802,model::deberta_v3_sentiment_gated,DeBERTa-v3 + Sentiment Profile (Gated),42
73,1,1.5728595599284745e-06,0,0.05772783383033802,model::deberta_v3_sentiment_gated,DeBERTa-v3 + Sentiment Profile (Gated),42
1997,1,3.024963234565803e-06,0,0.05772783383033802,model::deberta_v3_sentiment_gated,DeBERTa-v3 + Sentiment Profile (Gated),42
17534,0,1.326885467278771e-06,0,0.05772783383033802,model::deberta_v3_sentiment_gated,DeBERTa-v3 + Sentiment Profile (Gated),42
9958,1,2.711236902541714e-06,0,0.05772783383033802,model::deberta_v3_sentiment_gated,DeBERTa-v3 + Sentiment Profile (Gated),42
17511,0,6.869275239296257e-05,0,0.05772783383033802,model::deberta_v3_sentiment_gated,DeBERTa-v3 + Sentiment Profile (Gated),42
16955,0,1.5345030988100916e-06,0,0.05772783383033802,model::deberta_v3_sentiment_gated,DeBERTa-v3 + Sentiment Profile (Gated),42
15570,1,2.471373136359034e-06,0,0.05772783383033802,model::deberta_v3_sentiment_gated,DeBERTa-v3 + Sentiment Profile (Gated),42
14801,0,3.228856803616509e-05,0,0.05772783383033802,model::deberta_v3_sentiment_gated,DeBERTa-v3 + Sentiment Profile (Gated),42
21136,1,2.0317418147897115e-06,0,0.05772783383033802,model::deberta_v3_sentiment_gated,DeBERTa-v3 + Sentiment Profile (Gated),42
13584,0,2.3502977910538903e-06,0,0.05772783383033802,model::deberta_v3_sentiment_gated,DeBERTa-v3 + Sentiment Profile (Gated),42
140,0,1.8909457821791875e-06,0,0.05772783383033802,model::deberta_v3_sentiment_gated,DeBERTa-v3 + Sentiment Profile (Gated),42
12883,0,1.504072770330822e-06,0,0.05772783383033802,model::deberta_v3_sentiment_gated,DeBERTa-v3 + Sentiment Profile (Gated),42
2537,1,1.846774239311344e-06,0,0.05772783383033802,model::deberta_v3_sentiment_gated,DeBERTa-v3 + Sentiment Profile (Gated),42
14346,1,3.557266609277576e-06,0,0.05772783383033802,model::deberta_v3_sentiment_gated,DeBERTa-v3 + Sentiment Profile (Gated),42
12273,0,2.954687261080835e-06,0,0.05772783383033802,model::deberta_v3_sentiment_gated,DeBERTa-v3 + Sentiment Profile (Gated),42
17739,0,2.2335976609610952e-05,0,0.05772783383033802,model::deberta_v3_sentiment_gated,DeBERTa-v3 + Sentiment Profile (Gated),42
2964,0,3.771315505218809e-06,0,0.05772783383033802,model::deberta_v3_sentiment_gated,DeBERTa-v3 + Sentiment Profile (Gated),42
1868,0,0.9997020363807678,1,0.05772783383033802,model::deberta_v3_sentiment_gated,DeBERTa-v3 + Sentiment Profile (Gated),42
4967,0,6.577115982508985e-06,0,0.05772783383033802,model::deberta_v3_sentiment_gated,DeBERTa-v3 + Sentiment Profile (Gated),42
983,0,3.0021271868463373e-06,0,0.05772783383033802,model::deberta_v3_sentiment_gated,DeBERTa-v3 + Sentiment Profile (Gated),42
8412,0,6.817314897489268e-06,0,0.05772783383033802,model::deberta_v3_sentiment_gated,DeBERTa-v3 + Sentiment Profile (Gated),42
11817,0,2.452007265674183e-06,0,0.05772783383033802,model::deberta_v3_sentiment_gated,DeBERTa-v3 + Sentiment Profile (Gated),42
9858,0,2.133276211679913e-05,0,0.05772783383033802,model::deberta_v3_sentiment_gated,DeBERTa-v3 + Sentiment Profile (Gated),42
5689,0,2.3326037990045734e-06,0,0.05772783383033802,model::deberta_v3_sentiment_gated,DeBERTa-v3 + Sentiment Profile (Gated),42
15542,1,3.4597348985698773e-06,0,0.05772783383033802,model::deberta_v3_sentiment_gated,DeBERTa-v3 + Sentiment Profile (Gated),42
6656,0,3.852298050333047e-06,0,0.05772783383033802,model::deberta_v3_sentiment_gated,DeBERTa-v3 + Sentiment Profile (Gated),42
13243,0,2.166772446798859e-06,0,0.05772783383033802,model::deberta_v3_sentiment_gated,DeBERTa-v3 + Sentiment Profile (Gated),42
4093,0,0.0001344593765679,0,0.05772783383033802,model::deberta_v3_sentiment_gated,DeBERTa-v3 + Sentiment Profile (Gated),42
2931,1,1.836018213907664e-06,0,0.05772783383033802,model::deberta_v3_sentiment_gated,DeBERTa-v3 + Sentiment Profile (Gated),42
16447,0,1.2374125617498066e-05,0,0.05772783383033802,model::deberta_v3_sentiment_gated,DeBERTa-v3 + Sentiment Profile (Gated),42
12140,0,7.409499175992096e-06,0,0.05772783383033802,model::deberta_v3_sentiment_gated,DeBERTa-v3 + Sentiment Profile (Gated),42
2519,1,2.53355824497703e-06,0,0.05772783383033802,model::deberta_v3_sentiment_gated,DeBERTa-v3 + Sentiment Profile (Gated),42
5451,1,1.5217354984997655e-06,0,0.05772783383033802,model::deberta_v3_sentiment_gated,DeBERTa-v3 + Sentiment Profile (Gated),42
19200,0,1.933347448357381e-06,0,0.05772783383033802,model::deberta_v3_sentiment_gated,DeBERTa-v3 + Sentiment Profile (Gated),42
10442,1,1.7582760847290049e-06,0,0.05772783383033802,model::deberta_v3_sentiment_gated,DeBERTa-v3 + Sentiment Profile (Gated),42
12549,0,1.6659540733598988e-06,0,0.05772783383033802,model::deberta_v3_sentiment_gated,DeBERTa-v3 + Sentiment Profile (Gated),42
9431,0,3.883799763571005e-06,0,0.05772783383033802,model::deberta_v3_sentiment_gated,DeBERTa-v3 + Sentiment Profile (Gated),42
990,0,0.9999920129776,1,0.05772783383033802,model::deberta_v3_sentiment_gated,DeBERTa-v3 + Sentiment Profile (Gated),42
15110,1,2.090041789415409e-06,0,0.05772783383033802,model::deberta_v3_sentiment_gated,DeBERTa-v3 + Sentiment Profile (Gated),42
3788,1,1.813539597605996e-06,0,0.05772783383033802,model::deberta_v3_sentiment_gated,DeBERTa-v3 + Sentiment Profile (Gated),42
9914,1,1.416271175003203e-06,0,0.05772783383033802,model::deberta_v3_sentiment_gated,DeBERTa-v3 + Sentiment Profile (Gated),42
12594,1,2.195680281147361e-06,0,0.05772783383033802,model::deberta_v3_sentiment_gated,DeBERTa-v3 + Sentiment Profile (Gated),42
11580,1,2.386592541370192e-06,0,0.05772783383033802,model::deberta_v3_sentiment_gated,DeBERTa-v3 + Sentiment Profile (Gated),42
20231,1,2.685316758288536e-06,0,0.05772783383033802,model::deberta_v3_sentiment_gated,DeBERTa-v3 + Sentiment Profile (Gated),42
21023,1,2.5111341983574675e-06,0,0.05772783383033802,model::deberta_v3_sentiment_gated,DeBERTa-v3 + Sentiment Profile (Gated),42
2728,1,2.0611232685041614e-06,0,0.05772783383033802,model::deberta_v3_sentiment_gated,DeBERTa-v3 + Sentiment Profile (Gated),42
11422,0,2.228683570137946e-06,0,0.05772783383033802,model::deberta_v3_sentiment_gated,DeBERTa-v3 + Sentiment Profile (Gated),42
58,1,2.532007329136832e-06,0,0.05772783383033802,model::deberta_v3_sentiment_gated,DeBERTa-v3 + Sentiment Profile (Gated),42
17977,0,4.31528815170168e-06,0,0.05772783383033802,model::deberta_v3_sentiment_gated,DeBERTa-v3 + Sentiment Profile (Gated),42
14416,0,1.6748141433708952e-06,0,0.05772783383033802,model::deberta_v3_sentiment_gated,DeBERTa-v3 + Sentiment Profile (Gated),42
10629,0,3.1058225431479514e-05,0,0.05772783383033802,model::deberta_v3_sentiment_gated,DeBERTa-v3 + Sentiment Profile (Gated),42
4138,0,3.2163206924451515e-06,0,0.05772783383033802,model::deberta_v3_sentiment_gated,DeBERTa-v3 + Sentiment Profile (Gated),42
2877,1,1.5204458350126515e-06,0,0.05772783383033802,model::deberta_v3_sentiment_gated,DeBERTa-v3 + Sentiment Profile (Gated),42
17097,1,2.1419700715341605e-06,0,0.05772783383033802,model::deberta_v3_sentiment_gated,DeBERTa-v3 + Sentiment Profile (Gated),42
4870,0,2.0632276118703885e-06,0,0.05772783383033802,model::deberta_v3_sentiment_gated,DeBERTa-v3 + Sentiment Profile (Gated),42
15207,0,1.8457460555509897e-06,0,0.05772783383033802,model::deberta_v3_sentiment_gated,DeBERTa-v3 + Sentiment Profile (Gated),42
4160,1,1.914929725899128e-06,0,0.05772783383033802,model::deberta_v3_sentiment_gated,DeBERTa-v3 + Sentiment Profile (Gated),42
16079,1,2.623316731842351e-06,0,0.05772783383033802,model::deberta_v3_sentiment_gated,DeBERTa-v3 + Sentiment Profile (Gated),42
16506,0,2.0207505713187857e-06,0,0.05772783383033802,model::deberta_v3_sentiment_gated,DeBERTa-v3 + Sentiment Profile (Gated),42
7357,0,4.161228389421012e-06,0,0.05772783383033802,model::deberta_v3_sentiment_gated,DeBERTa-v3 + Sentiment Profile (Gated),42
2804,1,3.0601095204474404e-06,0,0.05772783383033802,model::deberta_v3_sentiment_gated,DeBERTa-v3 + Sentiment Profile (Gated),42
4393,0,2.7167370717506856e-06,0,0.05772783383033802,model::deberta_v3_sentiment_gated,DeBERTa-v3 + Sentiment Profile (Gated),42
16123,0,1.4879257150823832e-06,0,0.05772783383033802,model::deberta_v3_sentiment_gated,DeBERTa-v3 + Sentiment Profile (Gated),42
14689,0,1.5362249996542232e-06,0,0.05772783383033802,model::deberta_v3_sentiment_gated,DeBERTa-v3 + Sentiment Profile (Gated),42
2098,1,1.954248318725149e-06,0,0.05772783383033802,model::deberta_v3_sentiment_gated,DeBERTa-v3 + Sentiment Profile (Gated),42
4123,0,1.750305841596855e-06,0,0.05772783383033802,model::deberta_v3_sentiment_gated,DeBERTa-v3 + Sentiment Profile (Gated),42
2710,1,2.252293825222296e-06,0,0.05772783383033802,model::deberta_v3_sentiment_gated,DeBERTa-v3 + Sentiment Profile (Gated),42
13111,0,4.333434389991453e-06,0,0.05772783383033802,model::deberta_v3_sentiment_gated,DeBERTa-v3 + Sentiment Profile (Gated),42
12692,0,1.280804553971393e-06,0,0.05772783383033802,model::deberta_v3_sentiment_gated,DeBERTa-v3 + Sentiment Profile (Gated),42
13520,1,1.6645598179820809e-06,0,0.05772783383033802,model::deberta_v3_sentiment_gated,DeBERTa-v3 + Sentiment Profile (Gated),42
5758,1,1.6323782574545476e-06,0,0.05772783383033802,model::deberta_v3_sentiment_gated,DeBERTa-v3 + Sentiment Profile (Gated),42
1923,0,1.5852530168558587e-06,0,0.05772783383033802,model::deberta_v3_sentiment_gated,DeBERTa-v3 + Sentiment Profile (Gated),42
16691,1,2.858817651940626e-06,0,0.05772783383033802,model::deberta_v3_sentiment_gated,DeBERTa-v3 + Sentiment Profile (Gated),42
2843,1,1.4555789675796404e-06,0,0.05772783383033802,model::deberta_v3_sentiment_gated,DeBERTa-v3 + Sentiment Profile (Gated),42
6914,0,1.0419801583338996e-05,0,0.05772783383033802,model::deberta_v3_sentiment_gated,DeBERTa-v3 + Sentiment Profile (Gated),42
262,1,1.7889070704768528e-06,0,0.05772783383033802,model::deberta_v3_sentiment_gated,DeBERTa-v3 + Sentiment Profile (Gated),42
19118,1,2.118804786732653e-06,0,0.05772783383033802,model::deberta_v3_sentiment_gated,DeBERTa-v3 + Sentiment Profile (Gated),42
13201,0,1.7049602547558609e-06,0,0.05772783383033802,model::deberta_v3_sentiment_gated,DeBERTa-v3 + Sentiment Profile (Gated),42
15079,1,2.0137979390710825e-06,0,0.05772783383033802,model::deberta_v3_sentiment_gated,DeBERTa-v3 + Sentiment Profile (Gated),42
19957,1,3.849426320812199e-06,0,0.05772783383033802,model::deberta_v3_sentiment_gated,DeBERTa-v3 + Sentiment Profile (Gated),42
18151,0,2.6055320176965324e-06,0,0.05772783383033802,model::deberta_v3_sentiment_gated,DeBERTa-v3 + Sentiment Profile (Gated),42
10389,1,1.3798136251352844e-06,0,0.05772783383033802,model::deberta_v3_sentiment_gated,DeBERTa-v3 + Sentiment Profile (Gated),42
15721,0,2.3123072878661333e-06,0,0.05772783383033802,model::deberta_v3_sentiment_gated,DeBERTa-v3 + Sentiment Profile (Gated),42
8334,0,2.829459162967396e-06,0,0.05772783383033802,model::deberta_v3_sentiment_gated,DeBERTa-v3 + Sentiment Profile (Gated),42
9060,1,1.7632514754950537e-06,0,0.05772783383033802,model::deberta_v3_sentiment_gated,DeBERTa-v3 + Sentiment Profile (Gated),42
15608,0,0.001000900985673,0,0.05772783383033802,model::deberta_v3_sentiment_gated,DeBERTa-v3 + Sentiment Profile (Gated),42
6900,1,3.000223841809202e-06,0,0.05772783383033802,model::deberta_v3_sentiment_gated,DeBERTa-v3 + Sentiment Profile (Gated),42
8360,0,2.522496970414068e-06,0,0.05772783383033802,model::deberta_v3_sentiment_gated,DeBERTa-v3 + Sentiment Profile (Gated),42
20748,0,1.6800805724415111e-06,0,0.05772783383033802,model::deberta_v3_sentiment_gated,DeBERTa-v3 + Sentiment Profile (Gated),42
9035,0,1.766606146702543e-06,0,0.05772783383033802,model::deberta_v3_sentiment_gated,DeBERTa-v3 + Sentiment Profile (Gated),42
21063,1,2.3557463464385364e-06,0,0.05772783383033802,model::deberta_v3_sentiment_gated,DeBERTa-v3 + Sentiment Profile (Gated),42
9584,0,2.637932766447193e-06,0,0.05772783383033802,model::deberta_v3_sentiment_gated,DeBERTa-v3 + Sentiment Profile (Gated),42
6997,0,1.3644355476571943e-06,0,0.05772783383033802,model::deberta_v3_sentiment_gated,DeBERTa-v3 + Sentiment Profile (Gated),42
6627,1,1.691934016889718e-06,0,0.05772783383033802,model::deberta_v3_sentiment_gated,DeBERTa-v3 + Sentiment Profile (Gated),42
11010,0,0.00020199494611,0,0.05772783383033802,model::deberta_v3_sentiment_gated,DeBERTa-v3 + Sentiment Profile (Gated),42
1758,1,2.00591421162244e-06,0,0.05772783383033802,model::deberta_v3_sentiment_gated,DeBERTa-v3 + Sentiment Profile (Gated),42
13549,1,1.7038711348504876e-06,0,0.05772783383033802,model::deberta_v3_sentiment_gated,DeBERTa-v3 + Sentiment Profile (Gated),42
10221,0,3.544290393620031e-06,0,0.05772783383033802,model::deberta_v3_sentiment_gated,DeBERTa-v3 + Sentiment Profile (Gated),42
10909,0,1.7229302784471656e-06,0,0.05772783383033802,model::deberta_v3_sentiment_gated,DeBERTa-v3 + Sentiment Profile (Gated),42
18920,1,1.6877310144991498e-06,0,0.05772783383033802,model::deberta_v3_sentiment_gated,DeBERTa-v3 + Sentiment Profile (Gated),42
2552,1,2.3043776309350505e-06,0,0.05772783383033802,model::deberta_v3_sentiment_gated,DeBERTa-v3 + Sentiment Profile (Gated),42
8331,0,1.8417827050143387e-06,0,0.05772783383033802,model::deberta_v3_sentiment_gated,DeBERTa-v3 + Sentiment Profile (Gated),42
10710,0,2.8813285098294728e-05,0,0.05772783383033802,model::deberta_v3_sentiment_gated,DeBERTa-v3 + Sentiment Profile (Gated),42
7649,0,2.3614729798282497e-06,0,0.05772783383033802,model::deberta_v3_sentiment_gated,DeBERTa-v3 + Sentiment Profile (Gated),42
5626,1,2.2406200059776893e-06,0,0.05772783383033802,model::deberta_v3_sentiment_gated,DeBERTa-v3 + Sentiment Profile (Gated),42
1752,1,6.134678187663667e-06,0,0.05772783383033802,model::deberta_v3_sentiment_gated,DeBERTa-v3 + Sentiment Profile (Gated),42
8963,0,1.8915644659500688e-06,0,0.05772783383033802,model::deberta_v3_sentiment_gated,DeBERTa-v3 + Sentiment Profile (Gated),42
3156,0,2.3634852368559223e-06,0,0.05772783383033802,model::deberta_v3_sentiment_gated,DeBERTa-v3 + Sentiment Profile (Gated),42
10116,1,2.456395804983913e-06,0,0.05772783383033802,model::deberta_v3_sentiment_gated,DeBERTa-v3 + Sentiment Profile (Gated),42
15902,1,1.952428419826901e-06,0,0.05772783383033802,model::deberta_v3_sentiment_gated,DeBERTa-v3 + Sentiment Profile (Gated),42
5167,0,2.487378651494509e-06,0,0.05772783383033802,model::deberta_v3_sentiment_gated,DeBERTa-v3 + Sentiment Profile (Gated),42
14813,0,2.3479879018850625e-06,0,0.05772783383033802,model::deberta_v3_sentiment_gated,DeBERTa-v3 + Sentiment Profile (Gated),42
19699,1,2.71917087957263e-06,0,0.05772783383033802,model::deberta_v3_sentiment_gated,DeBERTa-v3 + Sentiment Profile (Gated),42
2287,1,1.7373128002873273e-06,0,0.05772783383033802,model::deberta_v3_sentiment_gated,DeBERTa-v3 + Sentiment Profile (Gated),42
3792,1,1.6648265273033758e-06,0,0.05772783383033802,model::deberta_v3_sentiment_gated,DeBERTa-v3 + Sentiment Profile (Gated),42
11717,1,5.462312401505187e-06,0,0.05772783383033802,model::deberta_v3_sentiment_gated,DeBERTa-v3 + Sentiment Profile (Gated),42
12060,1,2.0998895706725307e-06,0,0.05772783383033802,model::deberta_v3_sentiment_gated,DeBERTa-v3 + Sentiment Profile (Gated),42
4459,0,2.2314525267574936e-06,0,0.05772783383033802,model::deberta_v3_sentiment_gated,DeBERTa-v3 + Sentiment Profile (Gated),42
18589,1,1.5685291145928204e-06,0,0.05772783383033802,model::deberta_v3_sentiment_gated,DeBERTa-v3 + Sentiment Profile (Gated),42
12309,1,1.362459215670242e-06,0,0.05772783383033802,model::deberta_v3_sentiment_gated,DeBERTa-v3 + Sentiment Profile (Gated),42
3518,1,1.5290323744920895e-06,0,0.05772783383033802,model::deberta_v3_sentiment_gated,DeBERTa-v3 + Sentiment Profile (Gated),42
2605,0,1.5986084918040433e-06,0,0.05772783383033802,model::deberta_v3_sentiment_gated,DeBERTa-v3 + Sentiment Profile (Gated),42
2708,1,2.387223275945871e-06,0,0.05772783383033802,model::deberta_v3_sentiment_gated,DeBERTa-v3 + Sentiment Profile (Gated),42
18702,0,2.6232261006953195e-05,0,0.05772783383033802,model::deberta_v3_sentiment_gated,DeBERTa-v3 + Sentiment Profile (Gated),42
13381,1,2.5394967906322563e-06,0,0.05772783383033802,model::deberta_v3_sentiment_gated,DeBERTa-v3 + Sentiment Profile (Gated),42
15131,1,3.578283894967172e-06,0,0.05772783383033802,model::deberta_v3_sentiment_gated,DeBERTa-v3 + Sentiment Profile (Gated),42
11910,0,2.98301711154636e-06,0,0.05772783383033802,model::deberta_v3_sentiment_gated,DeBERTa-v3 + Sentiment Profile (Gated),42
8854,0,4.43214730694308e-06,0,0.05772783383033802,model::deberta_v3_sentiment_gated,DeBERTa-v3 + Sentiment Profile (Gated),42
18940,1,2.161041720682988e-06,0,0.05772783383033802,model::deberta_v3_sentiment_gated,DeBERTa-v3 + Sentiment Profile (Gated),42
4387,1,2.024998593697092e-06,0,0.05772783383033802,model::deberta_v3_sentiment_gated,DeBERTa-v3 + Sentiment Profile (Gated),42
20660,1,1.572538735672424e-06,0,0.05772783383033802,model::deberta_v3_sentiment_gated,DeBERTa-v3 + Sentiment Profile (Gated),42
20305,1,2.282127070429852e-06,0,0.05772783383033802,model::deberta_v3_sentiment_gated,DeBERTa-v3 + Sentiment Profile (Gated),42
14420,1,1.5678217550885163e-06,0,0.05772783383033802,model::deberta_v3_sentiment_gated,DeBERTa-v3 + Sentiment Profile (Gated),42
1708,0,3.097055241596536e-06,0,0.05772783383033802,model::deberta_v3_sentiment_gated,DeBERTa-v3 + Sentiment Profile (Gated),42
6131,0,2.353152922296431e-06,0,0.05772783383033802,model::deberta_v3_sentiment_gated,DeBERTa-v3 + Sentiment Profile (Gated),42
2669,0,1.2862516314271488e-06,0,0.05772783383033802,model::deberta_v3_sentiment_gated,DeBERTa-v3 + Sentiment Profile (Gated),42
4759,0,3.490516746751382e-06,0,0.05772783383033802,model::deberta_v3_sentiment_gated,DeBERTa-v3 + Sentiment Profile (Gated),42
5305,1,2.006618160521612e-06,0,0.05772783383033802,model::deberta_v3_sentiment_gated,DeBERTa-v3 + Sentiment Profile (Gated),42
1262,0,5.909139872528613e-06,0,0.05772783383033802,model::deberta_v3_sentiment_gated,DeBERTa-v3 + Sentiment Profile (Gated),42
18111,0,2.288447376486147e-06,0,0.05772783383033802,model::deberta_v3_sentiment_gated,DeBERTa-v3 + Sentiment Profile (Gated),42
19422,0,2.5596609702915885e-06,0,0.05772783383033802,model::deberta_v3_sentiment_gated,DeBERTa-v3 + Sentiment Profile (Gated),42
15033,0,1.152584718511207e-05,0,0.05772783383033802,model::deberta_v3_sentiment_gated,DeBERTa-v3 + Sentiment Profile (Gated),42
11051,0,2.6093862288689702e-06,0,0.05772783383033802,model::deberta_v3_sentiment_gated,DeBERTa-v3 + Sentiment Profile (Gated),42
16591,0,5.415325631474843e-06,0,0.05772783383033802,model::deberta_v3_sentiment_gated,DeBERTa-v3 + Sentiment Profile (Gated),42
2053,1,1.837736704146664e-06,0,0.05772783383033802,model::deberta_v3_sentiment_gated,DeBERTa-v3 + Sentiment Profile (Gated),42
7319,0,2.3230181795952376e-06,0,0.05772783383033802,model::deberta_v3_sentiment_gated,DeBERTa-v3 + Sentiment Profile (Gated),42
7997,0,2.788104939099867e-05,0,0.05772783383033802,model::deberta_v3_sentiment_gated,DeBERTa-v3 + Sentiment Profile (Gated),42
2440,1,2.4860100893420167e-06,0,0.05772783383033802,model::deberta_v3_sentiment_gated,DeBERTa-v3 + Sentiment Profile (Gated),42
7873,1,1.697014681667497e-06,0,0.05772783383033802,model::deberta_v3_sentiment_gated,DeBERTa-v3 + Sentiment Profile (Gated),42
1101,1,2.176695033995202e-06,0,0.05772783383033802,model::deberta_v3_sentiment_gated,DeBERTa-v3 + Sentiment Profile (Gated),42
3293,1,1.6241962157437229e-06,0,0.05772783383033802,model::deberta_v3_sentiment_gated,DeBERTa-v3 + Sentiment Profile (Gated),42
8649,0,1.5699043842687388e-06,0,0.05772783383033802,model::deberta_v3_sentiment_gated,DeBERTa-v3 + Sentiment Profile (Gated),42
9112,0,9.529406383990136e-07,0,0.05772783383033802,model::deberta_v3_sentiment_gated,DeBERTa-v3 + Sentiment Profile (Gated),42
18634,1,7.118379926396301e-06,0,0.05772783383033802,model::deberta_v3_sentiment_gated,DeBERTa-v3 + Sentiment Profile (Gated),42
6069,0,2.273576683364809e-06,0,0.05772783383033802,model::deberta_v3_sentiment_gated,DeBERTa-v3 + Sentiment Profile (Gated),42
11843,0,1.135789943873533e-06,0,0.05772783383033802,model::deberta_v3_sentiment_gated,DeBERTa-v3 + Sentiment Profile (Gated),42
1064,1,1.8919180320153828e-06,0,0.05772783383033802,model::deberta_v3_sentiment_gated,DeBERTa-v3 + Sentiment Profile (Gated),42
19432,1,2.11066708288854e-06,0,0.05772783383033802,model::deberta_v3_sentiment_gated,DeBERTa-v3 + Sentiment Profile (Gated),42
20396,1,2.6443253773322795e-06,0,0.05772783383033802,model::deberta_v3_sentiment_gated,DeBERTa-v3 + Sentiment Profile (Gated),42
175,1,1.9261187844676897e-06,0,0.05772783383033802,model::deberta_v3_sentiment_gated,DeBERTa-v3 + Sentiment Profile (Gated),42
973,1,2.417169753243797e-06,0,0.05772783383033802,model::deberta_v3_sentiment_gated,DeBERTa-v3 + Sentiment Profile (Gated),42
13368,1,6.068471066100756e-06,0,0.05772783383033802,model::deberta_v3_sentiment_gated,DeBERTa-v3 + Sentiment Profile (Gated),42
43,0,1.5823017065486056e-06,0,0.05772783383033802,model::deberta_v3_sentiment_gated,DeBERTa-v3 + Sentiment Profile (Gated),42
13811,0,2.0227307686582208e-06,0,0.05772783383033802,model::deberta_v3_sentiment_gated,DeBERTa-v3 + Sentiment Profile (Gated),42
14588,1,2.040997514995979e-06,0,0.05772783383033802,model::deberta_v3_sentiment_gated,DeBERTa-v3 + Sentiment Profile (Gated),42
10266,1,2.382437969572493e-06,0,0.05772783383033802,model::deberta_v3_sentiment_gated,DeBERTa-v3 + Sentiment Profile (Gated),42
18433,1,8.544324373360723e-06,0,0.05772783383033802,model::deberta_v3_sentiment_gated,DeBERTa-v3 + Sentiment Profile (Gated),42
4570,1,2.7167734515387565e-06,0,0.05772783383033802,model::deberta_v3_sentiment_gated,DeBERTa-v3 + Sentiment Profile (Gated),42
6306,0,1.4447956573349074e-06,0,0.05772783383033802,model::deberta_v3_sentiment_gated,DeBERTa-v3 + Sentiment Profile (Gated),42
14540,0,2.530522806409863e-06,0,0.05772783383033802,model::deberta_v3_sentiment_gated,DeBERTa-v3 + Sentiment Profile (Gated),42
17165,0,1.687315943854628e-06,0,0.05772783383033802,model::deberta_v3_sentiment_gated,DeBERTa-v3 + Sentiment Profile (Gated),42
641,1,2.410544539088733e-06,0,0.05772783383033802,model::deberta_v3_sentiment_gated,DeBERTa-v3 + Sentiment Profile (Gated),42
5502,0,1.785396193554334e-06,0,0.05772783383033802,model::deberta_v3_sentiment_gated,DeBERTa-v3 + Sentiment Profile (Gated),42
20592,0,3.870050477416953e-06,0,0.05772783383033802,model::deberta_v3_sentiment_gated,DeBERTa-v3 + Sentiment Profile (Gated),42
18238,1,1.8039405631498084e-06,0,0.05772783383033802,model::deberta_v3_sentiment_gated,DeBERTa-v3 + Sentiment Profile (Gated),42
8128,1,2.1493181066034595e-06,0,0.05772783383033802,model::deberta_v3_sentiment_gated,DeBERTa-v3 + Sentiment Profile (Gated),42
19729,0,8.996708857011981e-06,0,0.05772783383033802,model::deberta_v3_sentiment_gated,DeBERTa-v3 + Sentiment Profile (Gated),42
15926,1,2.5333913526992542e-06,0,0.05772783383033802,model::deberta_v3_sentiment_gated,DeBERTa-v3 + Sentiment Profile (Gated),42
19177,1,5.017892362957355e-06,0,0.05772783383033802,model::deberta_v3_sentiment_gated,DeBERTa-v3 + Sentiment Profile (Gated),42
17990,1,2.058744257737999e-06,0,0.05772783383033802,model::deberta_v3_sentiment_gated,DeBERTa-v3 + Sentiment Profile (Gated),42
4899,1,2.6443253773322795e-06,0,0.05772783383033802,model::deberta_v3_sentiment_gated,DeBERTa-v3 + Sentiment Profile (Gated),42
19461,1,1.914584572659805e-06,0,0.05772783383033802,model::deberta_v3_sentiment_gated,DeBERTa-v3 + Sentiment Profile (Gated),42
616,1,1.4043667988516972e-06,0,0.05772783383033802,model::deberta_v3_sentiment_gated,DeBERTa-v3 + Sentiment Profile (Gated),42
5886,0,6.753201887477189e-06,0,0.05772783383033802,model::deberta_v3_sentiment_gated,DeBERTa-v3 + Sentiment Profile (Gated),42
11169,1,2.439708168822108e-06,0,0.05772783383033802,model::deberta_v3_sentiment_gated,DeBERTa-v3 + Sentiment Profile (Gated),42
16365,1,3.1480237794312416e-06,0,0.05772783383033802,model::deberta_v3_sentiment_gated,DeBERTa-v3 + Sentiment Profile (Gated),42
5788,1,1.764230546541512e-06,0,0.05772783383033802,model::deberta_v3_sentiment_gated,DeBERTa-v3 + Sentiment Profile (Gated),42
10187,1,1.81407926902466e-06,0,0.05772783383033802,model::deberta_v3_sentiment_gated,DeBERTa-v3 + Sentiment Profile (Gated),42
9084,1,3.021751354026492e-06,0,0.05772783383033802,model::deberta_v3_sentiment_gated,DeBERTa-v3 + Sentiment Profile (Gated),42
243,0,7.077225745888427e-06,0,0.05772783383033802,model::deberta_v3_sentiment_gated,DeBERTa-v3 + Sentiment Profile (Gated),42
12047,1,4.582660494634183e-06,0,0.05772783383033802,model::deberta_v3_sentiment_gated,DeBERTa-v3 + Sentiment Profile (Gated),42
13921,0,3.806618678936502e-06,0,0.05772783383033802,model::deberta_v3_sentiment_gated,DeBERTa-v3 + Sentiment Profile (Gated),42
10155,0,1.2340365174168255e-06,0,0.05772783383033802,model::deberta_v3_sentiment_gated,DeBERTa-v3 + Sentiment Profile (Gated),42
9309,1,1.7482055909567862e-06,0,0.05772783383033802,model::deberta_v3_sentiment_gated,DeBERTa-v3 + Sentiment Profile (Gated),42
15515,1,1.782571416697465e-05,0,0.05772783383033802,model::deberta_v3_sentiment_gated,DeBERTa-v3 + Sentiment Profile (Gated),42
10662,0,1.5407558748847805e-06,0,0.05772783383033802,model::deberta_v3_sentiment_gated,DeBERTa-v3 + Sentiment Profile (Gated),42
12693,0,1.3316455351741752e-06,0,0.05772783383033802,model::deberta_v3_sentiment_gated,DeBERTa-v3 + Sentiment Profile (Gated),42
16574,0,1.8943842405860776e-06,0,0.05772783383033802,model::deberta_v3_sentiment_gated,DeBERTa-v3 + Sentiment Profile (Gated),42
20044,0,5.055617748439545e-06,0,0.05772783383033802,model::deberta_v3_sentiment_gated,DeBERTa-v3 + Sentiment Profile (Gated),42
15500,1,2.6689335754781496e-06,0,0.05772783383033802,model::deberta_v3_sentiment_gated,DeBERTa-v3 + Sentiment Profile (Gated),42
1029,0,1.1127326615678612e-05,0,0.05772783383033802,model::deberta_v3_sentiment_gated,DeBERTa-v3 + Sentiment Profile (Gated),42
11614,1,5.304621481627692e-06,0,0.05772783383033802,model::deberta_v3_sentiment_gated,DeBERTa-v3 + Sentiment Profile (Gated),42
9822,1,1.8884912833527776e-06,0,0.05772783383033802,model::deberta_v3_sentiment_gated,DeBERTa-v3 + Sentiment Profile (Gated),42
20524,0,1.5854541288717885e-06,0,0.05772783383033802,model::deberta_v3_sentiment_gated,DeBERTa-v3 + Sentiment Profile (Gated),42
7741,1,1.6295178966174715e-06,0,0.05772783383033802,model::deberta_v3_sentiment_gated,DeBERTa-v3 + Sentiment Profile (Gated),42
14573,0,1.4017643934494115e-06,0,0.05772783383033802,model::deberta_v3_sentiment_gated,DeBERTa-v3 + Sentiment Profile (Gated),42
19611,0,2.3411482743540546e-06,0,0.05772783383033802,model::deberta_v3_sentiment_gated,DeBERTa-v3 + Sentiment Profile (Gated),42
3277,0,1.8211851056548767e-05,0,0.05772783383033802,model::deberta_v3_sentiment_gated,DeBERTa-v3 + Sentiment Profile (Gated),42
12554,1,1.972048721654573e-06,0,0.05772783383033802,model::deberta_v3_sentiment_gated,DeBERTa-v3 + Sentiment Profile (Gated),42
12526,1,2.581124135758728e-06,0,0.05772783383033802,model::deberta_v3_sentiment_gated,DeBERTa-v3 + Sentiment Profile (Gated),42
20390,1,1.830362634791527e-06,0,0.05772783383033802,model::deberta_v3_sentiment_gated,DeBERTa-v3 + Sentiment Profile (Gated),42
5242,0,6.144314738776302e-06,0,0.05772783383033802,model::deberta_v3_sentiment_gated,DeBERTa-v3 + Sentiment Profile (Gated),42
7776,0,2.10136408895778e-06,0,0.05772783383033802,model::deberta_v3_sentiment_gated,DeBERTa-v3 + Sentiment Profile (Gated),42
13747,1,3.671985496112029e-06,0,0.05772783383033802,model::deberta_v3_sentiment_gated,DeBERTa-v3 + Sentiment Profile (Gated),42
14769,1,5.3565345297101885e-06,0,0.05772783383033802,model::deberta_v3_sentiment_gated,DeBERTa-v3 + Sentiment Profile (Gated),42
15408,0,1.885369101728429e-06,0,0.05772783383033802,model::deberta_v3_sentiment_gated,DeBERTa-v3 + Sentiment Profile (Gated),42
8850,0,3.8661032704112586e-06,0,0.05772783383033802,model::deberta_v3_sentiment_gated,DeBERTa-v3 + Sentiment Profile (Gated),42
6341,0,1.975110990315443e-06,0,0.05772783383033802,model::deberta_v3_sentiment_gated,DeBERTa-v3 + Sentiment Profile (Gated),42
7677,1,7.017054940661183e-06,0,0.05772783383033802,model::deberta_v3_sentiment_gated,DeBERTa-v3 + Sentiment Profile (Gated),42
12610,0,1.893177795864176e-06,0,0.05772783383033802,model::deberta_v3_sentiment_gated,DeBERTa-v3 + Sentiment Profile (Gated),42
15436,1,2.462884140186361e-06,0,0.05772783383033802,model::deberta_v3_sentiment_gated,DeBERTa-v3 + Sentiment Profile (Gated),42
248,1,1.944415998877957e-06,0,0.05772783383033802,model::deberta_v3_sentiment_gated,DeBERTa-v3 + Sentiment Profile (Gated),42
8795,0,4.481996711547254e-06,0,0.05772783383033802,model::deberta_v3_sentiment_gated,DeBERTa-v3 + Sentiment Profile (Gated),42
683,1,3.143676394756767e-06,0,0.05772783383033802,model::deberta_v3_sentiment_gated,DeBERTa-v3 + Sentiment Profile (Gated),42
10619,0,1.744453470564622e-06,0,0.05772783383033802,model::deberta_v3_sentiment_gated,DeBERTa-v3 + Sentiment Profile (Gated),42
901,1,4.647831246984424e-06,0,0.05772783383033802,model::deberta_v3_sentiment_gated,DeBERTa-v3 + Sentiment Profile (Gated),42
6945,0,1.8845349814000656e-06,0,0.05772783383033802,model::deberta_v3_sentiment_gated,DeBERTa-v3 + Sentiment Profile (Gated),42
112,1,1.4957620351196963e-06,0,0.05772783383033802,model::deberta_v3_sentiment_gated,DeBERTa-v3 + Sentiment Profile (Gated),42
14601,0,4.909788913209923e-06,0,0.05772783383033802,model::deberta_v3_sentiment_gated,DeBERTa-v3 + Sentiment Profile (Gated),42
9124,1,4.828597411687952e-06,0,0.05772783383033802,model::deberta_v3_sentiment_gated,DeBERTa-v3 + Sentiment Profile (Gated),42
12747,0,1.1802319477283163e-06,0,0.05772783383033802,model::deberta_v3_sentiment_gated,DeBERTa-v3 + Sentiment Profile (Gated),42
20252,1,2.0903567019558977e-06,0,0.05772783383033802,model::deberta_v3_sentiment_gated,DeBERTa-v3 + Sentiment Profile (Gated),42
18768,0,2.124569391526165e-06,0,0.05772783383033802,model::deberta_v3_sentiment_gated,DeBERTa-v3 + Sentiment Profile (Gated),42
16844,1,3.424737997193006e-06,0,0.05772783383033802,model::deberta_v3_sentiment_gated,DeBERTa-v3 + Sentiment Profile (Gated),42
5992,0,1.5167211131483782e-06,0,0.05772783383033802,model::deberta_v3_sentiment_gated,DeBERTa-v3 + Sentiment Profile (Gated),42
16312,1,2.103389078911277e-06,0,0.05772783383033802,model::deberta_v3_sentiment_gated,DeBERTa-v3 + Sentiment Profile (Gated),42
8930,1,2.302005441379152e-06,0,0.05772783383033802,model::deberta_v3_sentiment_gated,DeBERTa-v3 + Sentiment Profile (Gated),42
10000,1,2.4024704998737434e-06,0,0.05772783383033802,model::deberta_v3_sentiment_gated,DeBERTa-v3 + Sentiment Profile (Gated),42
8083,0,4.821962193091167e-06,0,0.05772783383033802,model::deberta_v3_sentiment_gated,DeBERTa-v3 + Sentiment Profile (Gated),42
1356,0,2.7443711587693542e-06,0,0.05772783383033802,model::deberta_v3_sentiment_gated,DeBERTa-v3 + Sentiment Profile (Gated),42
14307,0,2.136445345968241e-06,0,0.05772783383033802,model::deberta_v3_sentiment_gated,DeBERTa-v3 + Sentiment Profile (Gated),42
13423,0,1.662278577896359e-06,0,0.05772783383033802,model::deberta_v3_sentiment_gated,DeBERTa-v3 + Sentiment Profile (Gated),42
19674,0,1.8543556734584848e-06,0,0.05772783383033802,model::deberta_v3_sentiment_gated,DeBERTa-v3 + Sentiment Profile (Gated),42
16406,0,1.3638905329571571e-06,0,0.05772783383033802,model::deberta_v3_sentiment_gated,DeBERTa-v3 + Sentiment Profile (Gated),42
17846,1,2.12678514799336e-06,0,0.05772783383033802,model::deberta_v3_sentiment_gated,DeBERTa-v3 + Sentiment Profile (Gated),42
12642,1,2.696839374038973e-06,0,0.05772783383033802,model::deberta_v3_sentiment_gated,DeBERTa-v3 + Sentiment Profile (Gated),42
13004,0,2.944962034234777e-06,0,0.05772783383033802,model::deberta_v3_sentiment_gated,DeBERTa-v3 + Sentiment Profile (Gated),42
20367,1,1.7189190657518338e-06,0,0.05772783383033802,model::deberta_v3_sentiment_gated,DeBERTa-v3 + Sentiment Profile (Gated),42
16778,1,1.9168828657711856e-06,0,0.05772783383033802,model::deberta_v3_sentiment_gated,DeBERTa-v3 + Sentiment Profile (Gated),42
20433,0,1.8341473833061173e-06,0,0.05772783383033802,model::deberta_v3_sentiment_gated,DeBERTa-v3 + Sentiment Profile (Gated),42
20928,0,1.379429477310623e-06,0,0.05772783383033802,model::deberta_v3_sentiment_gated,DeBERTa-v3 + Sentiment Profile (Gated),42
7440,1,1.9824215087282937e-06,0,0.05772783383033802,model::deberta_v3_sentiment_gated,DeBERTa-v3 + Sentiment Profile (Gated),42
10613,0,2.443501216475852e-06,0,0.05772783383033802,model::deberta_v3_sentiment_gated,DeBERTa-v3 + Sentiment Profile (Gated),42
8465,0,2.8032534373778617e-06,0,0.05772783383033802,model::deberta_v3_sentiment_gated,DeBERTa-v3 + Sentiment Profile (Gated),42
18203,0,1.5134570503505529e-06,0,0.05772783383033802,model::deberta_v3_sentiment_gated,DeBERTa-v3 + Sentiment Profile (Gated),42
6170,0,3.110751777057885e-06,0,0.05772783383033802,model::deberta_v3_sentiment_gated,DeBERTa-v3 + Sentiment Profile (Gated),42
11685,1,2.0348638827272225e-06,0,0.05772783383033802,model::deberta_v3_sentiment_gated,DeBERTa-v3 + Sentiment Profile (Gated),42
10932,1,1.637887521610537e-06,0,0.05772783383033802,model::deberta_v3_sentiment_gated,DeBERTa-v3 + Sentiment Profile (Gated),42
12424,0,3.292351721029263e-06,0,0.05772783383033802,model::deberta_v3_sentiment_gated,DeBERTa-v3 + Sentiment Profile (Gated),42
9968,1,1.5933087524899747e-06,0,0.05772783383033802,model::deberta_v3_sentiment_gated,DeBERTa-v3 + Sentiment Profile (Gated),42
10475,1,2.772756943159038e-06,0,0.05772783383033802,model::deberta_v3_sentiment_gated,DeBERTa-v3 + Sentiment Profile (Gated),42
11525,1,2.286752305735717e-06,0,0.05772783383033802,model::deberta_v3_sentiment_gated,DeBERTa-v3 + Sentiment Profile (Gated),42
7042,1,5.229228918324225e-06,0,0.05772783383033802,model::deberta_v3_sentiment_gated,DeBERTa-v3 + Sentiment Profile (Gated),42
3558,0,2.639863168951706e-06,0,0.05772783383033802,model::deberta_v3_sentiment_gated,DeBERTa-v3 + Sentiment Profile (Gated),42
13588,0,1.8372145405010087e-06,0,0.05772783383033802,model::deberta_v3_sentiment_gated,DeBERTa-v3 + Sentiment Profile (Gated),42
11379,1,2.942892933788244e-06,0,0.05772783383033802,model::deberta_v3_sentiment_gated,DeBERTa-v3 + Sentiment Profile (Gated),42
18014,0,1.8036841993307464e-06,0,0.05772783383033802,model::deberta_v3_sentiment_gated,DeBERTa-v3 + Sentiment Profile (Gated),42
1072,1,1.4942705774956266e-06,0,0.05772783383033802,model::deberta_v3_sentiment_gated,DeBERTa-v3 + Sentiment Profile (Gated),42
12006,1,1.6322629790010978e-06,0,0.05772783383033802,model::deberta_v3_sentiment_gated,DeBERTa-v3 + Sentiment Profile (Gated),42
8759,0,1.639120455365628e-05,0,0.05772783383033802,model::deberta_v3_sentiment_gated,DeBERTa-v3 + Sentiment Profile (Gated),42
10957,0,3.509341922836029e-06,0,0.05772783383033802,model::deberta_v3_sentiment_gated,DeBERTa-v3 + Sentiment Profile (Gated),42
6046,0,4.818174147658283e-06,0,0.05772783383033802,model::deberta_v3_sentiment_gated,DeBERTa-v3 + Sentiment Profile (Gated),42
16763,0,9.950977073458487e-06,0,0.05772783383033802,model::deberta_v3_sentiment_gated,DeBERTa-v3 + Sentiment Profile (Gated),42
18932,1,2.3500379029428582e-06,0,0.05772783383033802,model::deberta_v3_sentiment_gated,DeBERTa-v3 + Sentiment Profile (Gated),42
10362,0,2.2772485408495413e-06,0,0.05772783383033802,model::deberta_v3_sentiment_gated,DeBERTa-v3 + Sentiment Profile (Gated),42
11711,0,1.1538032595126424e-05,0,0.05772783383033802,model::deberta_v3_sentiment_gated,DeBERTa-v3 + Sentiment Profile (Gated),42
7514,0,2.914171545853605e-06,0,0.05772783383033802,model::deberta_v3_sentiment_gated,DeBERTa-v3 + Sentiment Profile (Gated),42
8935,0,1.46588981806417e-05,0,0.05772783383033802,model::deberta_v3_sentiment_gated,DeBERTa-v3 + Sentiment Profile (Gated),42
10058,1,1.8322837149753468e-06,0,0.05772783383033802,model::deberta_v3_sentiment_gated,DeBERTa-v3 + Sentiment Profile (Gated),42
16718,1,2.868026058422401e-06,0,0.05772783383033802,model::deberta_v3_sentiment_gated,DeBERTa-v3 + Sentiment Profile (Gated),42
16317,0,0.0066319955512881,0,0.05772783383033802,model::deberta_v3_sentiment_gated,DeBERTa-v3 + Sentiment Profile (Gated),42
19108,1,1.991300678128028e-06,0,0.05772783383033802,model::deberta_v3_sentiment_gated,DeBERTa-v3 + Sentiment Profile (Gated),42
1682,1,1.613409608580696e-06,0,0.05772783383033802,model::deberta_v3_sentiment_gated,DeBERTa-v3 + Sentiment Profile (Gated),42
10385,0,2.809036459439085e-06,0,0.05772783383033802,model::deberta_v3_sentiment_gated,DeBERTa-v3 + Sentiment Profile (Gated),42
18795,1,4.8028796300059184e-06,0,0.05772783383033802,model::deberta_v3_sentiment_gated,DeBERTa-v3 + Sentiment Profile (Gated),42
19579,0,4.54346127298777e-06,0,0.05772783383033802,model::deberta_v3_sentiment_gated,DeBERTa-v3 + Sentiment Profile (Gated),42
428,1,1.8109491293216704e-06,0,0.05772783383033802,model::deberta_v3_sentiment_gated,DeBERTa-v3 + Sentiment Profile (Gated),42
14232,1,2.156837354050367e-06,0,0.05772783383033802,model::deberta_v3_sentiment_gated,DeBERTa-v3 + Sentiment Profile (Gated),42
12476,1,2.059195821857429e-06,0,0.05772783383033802,model::deberta_v3_sentiment_gated,DeBERTa-v3 + Sentiment Profile (Gated),42
15738,0,2.157398967028712e-06,0,0.05772783383033802,model::deberta_v3_sentiment_gated,DeBERTa-v3 + Sentiment Profile (Gated),42
16924,0,2.071316657747957e-06,0,0.05772783383033802,model::deberta_v3_sentiment_gated,DeBERTa-v3 + Sentiment Profile (Gated),42
1646,0,1.6763548273956983e-06,0,0.05772783383033802,model::deberta_v3_sentiment_gated,DeBERTa-v3 + Sentiment Profile (Gated),42
15008,1,1.4153314396025962e-06,0,0.05772783383033802,model::deberta_v3_sentiment_gated,DeBERTa-v3 + Sentiment Profile (Gated),42
6317,1,1.669437097007176e-06,0,0.05772783383033802,model::deberta_v3_sentiment_gated,DeBERTa-v3 + Sentiment Profile (Gated),42
3032,0,4.675706804846413e-06,0,0.05772783383033802,model::deberta_v3_sentiment_gated,DeBERTa-v3 + Sentiment Profile (Gated),42
492,0,1.7749586049831123e-06,0,0.05772783383033802,model::deberta_v3_sentiment_gated,DeBERTa-v3 + Sentiment Profile (Gated),42
15815,0,2.217130031567649e-06,0,0.05772783383033802,model::deberta_v3_sentiment_gated,DeBERTa-v3 + Sentiment Profile (Gated),42
1378,0,1.5449551256097038e-06,0,0.05772783383033802,model::deberta_v3_sentiment_gated,DeBERTa-v3 + Sentiment Profile (Gated),42
3999,1,1.911526851472445e-06,0,0.05772783383033802,model::deberta_v3_sentiment_gated,DeBERTa-v3 + Sentiment Profile (Gated),42
16561,0,7.413103958242573e-06,0,0.05772783383033802,model::deberta_v3_sentiment_gated,DeBERTa-v3 + Sentiment Profile (Gated),42
17155,0,3.950220616388833e-06,0,0.05772783383033802,model::deberta_v3_sentiment_gated,DeBERTa-v3 + Sentiment Profile (Gated),42
12823,0,2.694523573154584e-06,0,0.05772783383033802,model::deberta_v3_sentiment_gated,DeBERTa-v3 + Sentiment Profile (Gated),42
10019,1,3.416119852772681e-06,0,0.05772783383033802,model::deberta_v3_sentiment_gated,DeBERTa-v3 + Sentiment Profile (Gated),42
12458,1,3.078723693761276e-06,0,0.05772783383033802,model::deberta_v3_sentiment_gated,DeBERTa-v3 + Sentiment Profile (Gated),42
4243,0,3.4624117688508704e-05,0,0.05772783383033802,model::deberta_v3_sentiment_gated,DeBERTa-v3 + Sentiment Profile (Gated),42
16512,1,2.449445901220315e-06,0,0.05772783383033802,model::deberta_v3_sentiment_gated,DeBERTa-v3 + Sentiment Profile (Gated),42
16146,0,1.3705991932511097e-06,0,0.05772783383033802,model::deberta_v3_sentiment_gated,DeBERTa-v3 + Sentiment Profile (Gated),42
17428,0,3.074226015087333e-06,0,0.05772783383033802,model::deberta_v3_sentiment_gated,DeBERTa-v3 + Sentiment Profile (Gated),42
14070,1,2.004422640311532e-06,0,0.05772783383033802,model::deberta_v3_sentiment_gated,DeBERTa-v3 + Sentiment Profile (Gated),42
1741,1,2.1673718038073275e-06,0,0.05772783383033802,model::deberta_v3_sentiment_gated,DeBERTa-v3 + Sentiment Profile (Gated),42
20962,0,4.658086254494265e-06,0,0.05772783383033802,model::deberta_v3_sentiment_gated,DeBERTa-v3 + Sentiment Profile (Gated),42
15911,1,2.2411393274524016e-06,0,0.05772783383033802,model::deberta_v3_sentiment_gated,DeBERTa-v3 + Sentiment Profile (Gated),42
13593,0,1.7278138102483354e-06,0,0.05772783383033802,model::deberta_v3_sentiment_gated,DeBERTa-v3 + Sentiment Profile (Gated),42
8964,0,1.0395840035926083e-05,0,0.05772783383033802,model::deberta_v3_sentiment_gated,DeBERTa-v3 + Sentiment Profile (Gated),42
10530,0,1.6794463135738624e-06,0,0.05772783383033802,model::deberta_v3_sentiment_gated,DeBERTa-v3 + Sentiment Profile (Gated),42
3502,0,1.6599941545791808e-06,0,0.05772783383033802,model::deberta_v3_sentiment_gated,DeBERTa-v3 + Sentiment Profile (Gated),42
7557,0,1.6886600633370108e-06,0,0.05772783383033802,model::deberta_v3_sentiment_gated,DeBERTa-v3 + Sentiment Profile (Gated),42
19547,1,3.0677740596729564e-06,0,0.05772783383033802,model::deberta_v3_sentiment_gated,DeBERTa-v3 + Sentiment Profile (Gated),42
14635,0,2.513714889573748e-06,0,0.05772783383033802,model::deberta_v3_sentiment_gated,DeBERTa-v3 + Sentiment Profile (Gated),42
12168,0,2.5022698082466377e-06,0,0.05772783383033802,model::deberta_v3_sentiment_gated,DeBERTa-v3 + Sentiment Profile (Gated),42
3189,0,2.6474742753634928e-06,0,0.05772783383033802,model::deberta_v3_sentiment_gated,DeBERTa-v3 + Sentiment Profile (Gated),42
2560,0,2.9531208838307066e-06,0,0.05772783383033802,model::deberta_v3_sentiment_gated,DeBERTa-v3 + Sentiment Profile (Gated),42
18150,1,1.7634617961448384e-06,0,0.05772783383033802,model::deberta_v3_sentiment_gated,DeBERTa-v3 + Sentiment Profile (Gated),42
2062,0,2.585282572908909e-06,0,0.05772783383033802,model::deberta_v3_sentiment_gated,DeBERTa-v3 + Sentiment Profile (Gated),42
17970,0,2.095855961670168e-06,0,0.05772783383033802,model::deberta_v3_sentiment_gated,DeBERTa-v3 + Sentiment Profile (Gated),42
14679,0,1.7575500805833144e-06,0,0.05772783383033802,model::deberta_v3_sentiment_gated,DeBERTa-v3 + Sentiment Profile (Gated),42
8099,0,2.473212134646019e-06,0,0.05772783383033802,model::deberta_v3_sentiment_gated,DeBERTa-v3 + Sentiment Profile (Gated),42
3192,0,0.0001885069505078,0,0.05772783383033802,model::deberta_v3_sentiment_gated,DeBERTa-v3 + Sentiment Profile (Gated),42
19761,0,1.4676249975309474e-06,0,0.05772783383033802,model::deberta_v3_sentiment_gated,DeBERTa-v3 + Sentiment Profile (Gated),42
65,1,2.1484327135112835e-06,0,0.05772783383033802,model::deberta_v3_sentiment_gated,DeBERTa-v3 + Sentiment Profile (Gated),42
1424,0,2.169880644942168e-06,0,0.05772783383033802,model::deberta_v3_sentiment_gated,DeBERTa-v3 + Sentiment Profile (Gated),42
18050,0,2.107030923070852e-06,0,0.05772783383033802,model::deberta_v3_sentiment_gated,DeBERTa-v3 + Sentiment Profile (Gated),42
14331,0,3.145625669276342e-06,0,0.05772783383033802,model::deberta_v3_sentiment_gated,DeBERTa-v3 + Sentiment Profile (Gated),42
4106,1,1.440194068891287e-06,0,0.05772783383033802,model::deberta_v3_sentiment_gated,DeBERTa-v3 + Sentiment Profile (Gated),42
5060,1,1.942258677445352e-06,0,0.05772783383033802,model::deberta_v3_sentiment_gated,DeBERTa-v3 + Sentiment Profile (Gated),42
8701,0,1.430437123417505e-06,0,0.05772783383033802,model::deberta_v3_sentiment_gated,DeBERTa-v3 + Sentiment Profile (Gated),42
17019,0,2.145660346286604e-06,0,0.05772783383033802,model::deberta_v3_sentiment_gated,DeBERTa-v3 + Sentiment Profile (Gated),42
4095,1,2.934476924565388e-06,0,0.05772783383033802,model::deberta_v3_sentiment_gated,DeBERTa-v3 + Sentiment Profile (Gated),42
14548,1,1.908097146952059e-06,0,0.05772783383033802,model::deberta_v3_sentiment_gated,DeBERTa-v3 + Sentiment Profile (Gated),42
15632,0,1.7031643437803725e-06,0,0.05772783383033802,model::deberta_v3_sentiment_gated,DeBERTa-v3 + Sentiment Profile (Gated),42
13320,0,2.2233380150282755e-06,0,0.05772783383033802,model::deberta_v3_sentiment_gated,DeBERTa-v3 + Sentiment Profile (Gated),42
13035,1,2.155829861294478e-06,0,0.05772783383033802,model::deberta_v3_sentiment_gated,DeBERTa-v3 + Sentiment Profile (Gated),42
8147,0,1.7377982430843986e-06,0,0.05772783383033802,model::deberta_v3_sentiment_gated,DeBERTa-v3 + Sentiment Profile (Gated),42
6933,1,2.127846073562978e-06,0,0.05772783383033802,model::deberta_v3_sentiment_gated,DeBERTa-v3 + Sentiment Profile (Gated),42
1687,1,1.174856697616633e-05,0,0.05772783383033802,model::deberta_v3_sentiment_gated,DeBERTa-v3 + Sentiment Profile (Gated),42
14159,1,1.8087415583067925e-06,0,0.05772783383033802,model::deberta_v3_sentiment_gated,DeBERTa-v3 + Sentiment Profile (Gated),42
12864,0,1.038407935993746e-05,0,0.05772783383033802,model::deberta_v3_sentiment_gated,DeBERTa-v3 + Sentiment Profile (Gated),42
7414,0,3.1943909561960027e-06,0,0.05772783383033802,model::deberta_v3_sentiment_gated,DeBERTa-v3 + Sentiment Profile (Gated),42
10319,0,1.6562054270252702e-06,0,0.05772783383033802,model::deberta_v3_sentiment_gated,DeBERTa-v3 + Sentiment Profile (Gated),42
5750,0,4.315930709708482e-06,0,0.05772783383033802,model::deberta_v3_sentiment_gated,DeBERTa-v3 + Sentiment Profile (Gated),42
19293,0,8.768703082751017e-06,0,0.05772783383033802,model::deberta_v3_sentiment_gated,DeBERTa-v3 + Sentiment Profile (Gated),42
2232,0,1.475148792451364e-06,0,0.05772783383033802,model::deberta_v3_sentiment_gated,DeBERTa-v3 + Sentiment Profile (Gated),42
13229,1,2.4632176973682363e-06,0,0.05772783383033802,model::deberta_v3_sentiment_gated,DeBERTa-v3 + Sentiment Profile (Gated),42
10707,0,2.474748043823638e-06,0,0.05772783383033802,model::deberta_v3_sentiment_gated,DeBERTa-v3 + Sentiment Profile (Gated),42
8561,1,1.7677757568890229e-06,0,0.05772783383033802,model::deberta_v3_sentiment_gated,DeBERTa-v3 + Sentiment Profile (Gated),42
13985,1,3.3717135465849424e-06,0,0.05772783383033802,model::deberta_v3_sentiment_gated,DeBERTa-v3 + Sentiment Profile (Gated),42
2854,1,2.7625424081634264e-06,0,0.05772783383033802,model::deberta_v3_sentiment_gated,DeBERTa-v3 + Sentiment Profile (Gated),42
2236,1,1.8363036815571832e-06,0,0.05772783383033802,model::deberta_v3_sentiment_gated,DeBERTa-v3 + Sentiment Profile (Gated),42
3868,0,3.5706752896658145e-06,0,0.05772783383033802,model::deberta_v3_sentiment_gated,DeBERTa-v3 + Sentiment Profile (Gated),42
10796,0,2.719892108871136e-06,0,0.05772783383033802,model::deberta_v3_sentiment_gated,DeBERTa-v3 + Sentiment Profile (Gated),42
17402,1,2.078094894386595e-06,0,0.05772783383033802,model::deberta_v3_sentiment_gated,DeBERTa-v3 + Sentiment Profile (Gated),42
7141,1,3.8005352962500174e-06,0,0.05772783383033802,model::deberta_v3_sentiment_gated,DeBERTa-v3 + Sentiment Profile (Gated),42
14597,1,2.025531784966006e-06,0,0.05772783383033802,model::deberta_v3_sentiment_gated,DeBERTa-v3 + Sentiment Profile (Gated),42
9934,0,3.110437319264747e-06,0,0.05772783383033802,model::deberta_v3_sentiment_gated,DeBERTa-v3 + Sentiment Profile (Gated),42
18619,0,1.9413550944591407e-06,0,0.05772783383033802,model::deberta_v3_sentiment_gated,DeBERTa-v3 + Sentiment Profile (Gated),42
3695,1,1.906320335365308e-06,0,0.05772783383033802,model::deberta_v3_sentiment_gated,DeBERTa-v3 + Sentiment Profile (Gated),42
8344,0,1.2554196473502088e-06,0,0.05772783383033802,model::deberta_v3_sentiment_gated,DeBERTa-v3 + Sentiment Profile (Gated),42
15114,0,3.3092683224822395e-06,0,0.05772783383033802,model::deberta_v3_sentiment_gated,DeBERTa-v3 + Sentiment Profile (Gated),42
12391,1,1.97115173250495e-06,0,0.05772783383033802,model::deberta_v3_sentiment_gated,DeBERTa-v3 + Sentiment Profile (Gated),42
4632,1,2.0520403722912306e-06,0,0.05772783383033802,model::deberta_v3_sentiment_gated,DeBERTa-v3 + Sentiment Profile (Gated),42
15102,0,2.2102412913227454e-06,0,0.05772783383033802,model::deberta_v3_sentiment_gated,DeBERTa-v3 + Sentiment Profile (Gated),42
5842,0,7.929450475785416e-06,0,0.05772783383033802,model::deberta_v3_sentiment_gated,DeBERTa-v3 + Sentiment Profile (Gated),42
5498,0,1.0996862329193393e-05,0,0.05772783383033802,model::deberta_v3_sentiment_gated,DeBERTa-v3 + Sentiment Profile (Gated),42
3589,0,2.632464429552784e-06,0,0.05772783383033802,model::deberta_v3_sentiment_gated,DeBERTa-v3 + Sentiment Profile (Gated),42
3086,1,1.557633709126094e-06,0,0.05772783383033802,model::deberta_v3_sentiment_gated,DeBERTa-v3 + Sentiment Profile (Gated),42
13493,1,1.78319089627621e-06,0,0.05772783383033802,model::deberta_v3_sentiment_gated,DeBERTa-v3 + Sentiment Profile (Gated),42
10682,0,1.8160977788284072e-06,0,0.05772783383033802,model::deberta_v3_sentiment_gated,DeBERTa-v3 + Sentiment Profile (Gated),42
10036,0,2.195483375544427e-06,0,0.05772783383033802,model::deberta_v3_sentiment_gated,DeBERTa-v3 + Sentiment Profile (Gated),42
19345,0,1.940699576152838e-06,0,0.05772783383033802,model::deberta_v3_sentiment_gated,DeBERTa-v3 + Sentiment Profile (Gated),42
2750,0,3.602310016503907e-06,0,0.05772783383033802,model::deberta_v3_sentiment_gated,DeBERTa-v3 + Sentiment Profile (Gated),42
15614,1,1.891723172775528e-06,0,0.05772783383033802,model::deberta_v3_sentiment_gated,DeBERTa-v3 + Sentiment Profile (Gated),42
5002,1,2.0435509213712062e-06,0,0.05772783383033802,model::deberta_v3_sentiment_gated,DeBERTa-v3 + Sentiment Profile (Gated),42
13930,1,2.397759999439586e-06,0,0.05772783383033802,model::deberta_v3_sentiment_gated,DeBERTa-v3 + Sentiment Profile (Gated),42
10120,0,1.827634491746721e-06,0,0.05772783383033802,model::deberta_v3_sentiment_gated,DeBERTa-v3 + Sentiment Profile (Gated),42
18713,1,1.8286683598489617e-06,0,0.05772783383033802,model::deberta_v3_sentiment_gated,DeBERTa-v3 + Sentiment Profile (Gated),42
8232,1,1.6471922208438627e-06,0,0.05772783383033802,model::deberta_v3_sentiment_gated,DeBERTa-v3 + Sentiment Profile (Gated),42
7129,0,3.318376229799469e-06,0,0.05772783383033802,model::deberta_v3_sentiment_gated,DeBERTa-v3 + Sentiment Profile (Gated),42
18752,1,1.613857534721319e-06,0,0.05772783383033802,model::deberta_v3_sentiment_gated,DeBERTa-v3 + Sentiment Profile (Gated),42
6196,1,1.273364318876702e-06,0,0.05772783383033802,model::deberta_v3_sentiment_gated,DeBERTa-v3 + Sentiment Profile (Gated),42
7708,0,2.6258196612616302e-06,0,0.05772783383033802,model::deberta_v3_sentiment_gated,DeBERTa-v3 + Sentiment Profile (Gated),42
11980,1,1.8973241822095588e-06,0,0.05772783383033802,model::deberta_v3_sentiment_gated,DeBERTa-v3 + Sentiment Profile (Gated),42
6870,1,1.525910647615092e-06,0,0.05772783383033802,model::deberta_v3_sentiment_gated,DeBERTa-v3 + Sentiment Profile (Gated),42
14038,1,3.0683211207360728e-06,0,0.05772783383033802,model::deberta_v3_sentiment_gated,DeBERTa-v3 + Sentiment Profile (Gated),42
9212,0,3.6675339742942015e-06,0,0.05772783383033802,model::deberta_v3_sentiment_gated,DeBERTa-v3 + Sentiment Profile (Gated),42
20144,1,2.7167473035660805e-06,0,0.05772783383033802,model::deberta_v3_sentiment_gated,DeBERTa-v3 + Sentiment Profile (Gated),42
12670,1,2.256804918943089e-06,0,0.05772783383033802,model::deberta_v3_sentiment_gated,DeBERTa-v3 + Sentiment Profile (Gated),42
197,0,1.909821321532945e-06,0,0.05772783383033802,model::deberta_v3_sentiment_gated,DeBERTa-v3 + Sentiment Profile (Gated),42
5786,0,1.7158662330984953e-06,0,0.05772783383033802,model::deberta_v3_sentiment_gated,DeBERTa-v3 + Sentiment Profile (Gated),42
19596,1,2.7520031835592818e-06,0,0.05772783383033802,model::deberta_v3_sentiment_gated,DeBERTa-v3 + Sentiment Profile (Gated),42
14263,1,1.759705241966003e-06,0,0.05772783383033802,model::deberta_v3_sentiment_gated,DeBERTa-v3 + Sentiment Profile (Gated),42
5527,0,1.6120976624733885e-06,0,0.05772783383033802,model::deberta_v3_sentiment_gated,DeBERTa-v3 + Sentiment Profile (Gated),42
3613,1,2.061443638012861e-06,0,0.05772783383033802,model::deberta_v3_sentiment_gated,DeBERTa-v3 + Sentiment Profile (Gated),42
19069,0,8.600013643444981e-06,0,0.05772783383033802,model::deberta_v3_sentiment_gated,DeBERTa-v3 + Sentiment Profile (Gated),42
11053,1,2.234337898698868e-06,0,0.05772783383033802,model::deberta_v3_sentiment_gated,DeBERTa-v3 + Sentiment Profile (Gated),42
10188,0,0.0718626081943512,1,0.05772783383033802,model::deberta_v3_sentiment_gated,DeBERTa-v3 + Sentiment Profile (Gated),42
5807,1,1.906787588268344e-06,0,0.05772783383033802,model::deberta_v3_sentiment_gated,DeBERTa-v3 + Sentiment Profile (Gated),42
16841,0,1.4241634289646754e-06,0,0.05772783383033802,model::deberta_v3_sentiment_gated,DeBERTa-v3 + Sentiment Profile (Gated),42
19452,1,2.8714687232422875e-06,0,0.05772783383033802,model::deberta_v3_sentiment_gated,DeBERTa-v3 + Sentiment Profile (Gated),42
14754,1,2.031939402513672e-06,0,0.05772783383033802,model::deberta_v3_sentiment_gated,DeBERTa-v3 + Sentiment Profile (Gated),42
15299,0,2.1746823222201783e-06,0,0.05772783383033802,model::deberta_v3_sentiment_gated,DeBERTa-v3 + Sentiment Profile (Gated),42
8336,1,1.8003596778726205e-05,0,0.05772783383033802,model::deberta_v3_sentiment_gated,DeBERTa-v3 + Sentiment Profile (Gated),42
9523,1,1.891023430289352e-06,0,0.05772783383033802,model::deberta_v3_sentiment_gated,DeBERTa-v3 + Sentiment Profile (Gated),42
12154,1,1.7511807754999609e-06,0,0.05772783383033802,model::deberta_v3_sentiment_gated,DeBERTa-v3 + Sentiment Profile (Gated),42
19454,0,1.5339442143158522e-06,0,0.05772783383033802,model::deberta_v3_sentiment_gated,DeBERTa-v3 + Sentiment Profile (Gated),42
20356,0,1.844070993684e-06,0,0.05772783383033802,model::deberta_v3_sentiment_gated,DeBERTa-v3 + Sentiment Profile (Gated),42
20645,0,1.662132717683562e-06,0,0.05772783383033802,model::deberta_v3_sentiment_gated,DeBERTa-v3 + Sentiment Profile (Gated),42
4937,0,1.198862378259946e-06,0,0.05772783383033802,model::deberta_v3_sentiment_gated,DeBERTa-v3 + Sentiment Profile (Gated),42
14311,0,2.8464205570344348e-06,0,0.05772783383033802,model::deberta_v3_sentiment_gated,DeBERTa-v3 + Sentiment Profile (Gated),42
15899,1,3.076733719353797e-06,0,0.05772783383033802,model::deberta_v3_sentiment_gated,DeBERTa-v3 + Sentiment Profile (Gated),42
12221,1,1.8829181271939888e-06,0,0.05772783383033802,model::deberta_v3_sentiment_gated,DeBERTa-v3 + Sentiment Profile (Gated),42
6235,1,2.087963821395533e-06,0,0.05772783383033802,model::deberta_v3_sentiment_gated,DeBERTa-v3 + Sentiment Profile (Gated),42
4530,0,1.4812417248322165e-06,0,0.05772783383033802,model::deberta_v3_sentiment_gated,DeBERTa-v3 + Sentiment Profile (Gated),42
11047,0,1.937600245582871e-06,0,0.05772783383033802,model::deberta_v3_sentiment_gated,DeBERTa-v3 + Sentiment Profile (Gated),42
6030,1,2.4407320324826287e-06,0,0.05772783383033802,model::deberta_v3_sentiment_gated,DeBERTa-v3 + Sentiment Profile (Gated),42
11784,0,2.0290272004785948e-06,0,0.05772783383033802,model::deberta_v3_sentiment_gated,DeBERTa-v3 + Sentiment Profile (Gated),42
16240,1,2.453506795063732e-06,0,0.05772783383033802,model::deberta_v3_sentiment_gated,DeBERTa-v3 + Sentiment Profile (Gated),42
6814,0,9.401295756106263e-06,0,0.05772783383033802,model::deberta_v3_sentiment_gated,DeBERTa-v3 + Sentiment Profile (Gated),42
9480,0,1.8080826293953576e-06,0,0.05772783383033802,model::deberta_v3_sentiment_gated,DeBERTa-v3 + Sentiment Profile (Gated),42
18776,0,1.4843866438241091e-06,0,0.05772783383033802,model::deberta_v3_sentiment_gated,DeBERTa-v3 + Sentiment Profile (Gated),42
19473,1,1.6063659131759778e-06,0,0.05772783383033802,model::deberta_v3_sentiment_gated,DeBERTa-v3 + Sentiment Profile (Gated),42
21029,0,1.3431731531454716e-06,0,0.05772783383033802,model::deberta_v3_sentiment_gated,DeBERTa-v3 + Sentiment Profile (Gated),42
9437,0,1.45265846640541e-06,0,0.05772783383033802,model::deberta_v3_sentiment_gated,DeBERTa-v3 + Sentiment Profile (Gated),42
9842,1,2.047290308837546e-06,0,0.05772783383033802,model::deberta_v3_sentiment_gated,DeBERTa-v3 + Sentiment Profile (Gated),42
3009,1,2.952490149255027e-06,0,0.05772783383033802,model::deberta_v3_sentiment_gated,DeBERTa-v3 + Sentiment Profile (Gated),42
11712,0,5.207590220379643e-06,0,0.05772783383033802,model::deberta_v3_sentiment_gated,DeBERTa-v3 + Sentiment Profile (Gated),42
16729,1,1.8614537111716345e-06,0,0.05772783383033802,model::deberta_v3_sentiment_gated,DeBERTa-v3 + Sentiment Profile (Gated),42
5237,1,3.2309296784660546e-06,0,0.05772783383033802,model::deberta_v3_sentiment_gated,DeBERTa-v3 + Sentiment Profile (Gated),42
7020,1,2.800509537337348e-05,0,0.05772783383033802,model::deberta_v3_sentiment_gated,DeBERTa-v3 + Sentiment Profile (Gated),42
11806,0,2.25397866415733e-06,0,0.05772783383033802,model::deberta_v3_sentiment_gated,DeBERTa-v3 + Sentiment Profile (Gated),42
12464,0,2.976816176669672e-06,0,0.05772783383033802,model::deberta_v3_sentiment_gated,DeBERTa-v3 + Sentiment Profile (Gated),42
792,0,1.4628640201408416e-06,0,0.05772783383033802,model::deberta_v3_sentiment_gated,DeBERTa-v3 + Sentiment Profile (Gated),42
1233,1,1.711646177682269e-06,0,0.05772783383033802,model::deberta_v3_sentiment_gated,DeBERTa-v3 + Sentiment Profile (Gated),42
16456,1,2.6911670829576906e-06,0,0.05772783383033802,model::deberta_v3_sentiment_gated,DeBERTa-v3 + Sentiment Profile (Gated),42
20327,1,2.5608428586565424e-06,0,0.05772783383033802,model::deberta_v3_sentiment_gated,DeBERTa-v3 + Sentiment Profile (Gated),42
14791,1,1.3395415408012925e-06,0,0.05772783383033802,model::deberta_v3_sentiment_gated,DeBERTa-v3 + Sentiment Profile (Gated),42
2125,0,3.173139930368052e-06,0,0.05772783383033802,model::deberta_v3_sentiment_gated,DeBERTa-v3 + Sentiment Profile (Gated),42
20580,0,2.223584033345105e-06,0,0.05772783383033802,model::deberta_v3_sentiment_gated,DeBERTa-v3 + Sentiment Profile (Gated),42
1352,0,4.456403530639364e-06,0,0.05772783383033802,model::deberta_v3_sentiment_gated,DeBERTa-v3 + Sentiment Profile (Gated),42
9413,0,2.4501864572812337e-06,0,0.05772783383033802,model::deberta_v3_sentiment_gated,DeBERTa-v3 + Sentiment Profile (Gated),42
16103,0,3.77367869077716e-05,0,0.05772783383033802,model::deberta_v3_sentiment_gated,DeBERTa-v3 + Sentiment Profile (Gated),42
5733,1,4.198603164695669e-06,0,0.05772783383033802,model::deberta_v3_sentiment_gated,DeBERTa-v3 + Sentiment Profile (Gated),42
6147,0,1.4076897969061974e-05,0,0.05772783383033802,model::deberta_v3_sentiment_gated,DeBERTa-v3 + Sentiment Profile (Gated),42
10220,1,2.738765715548652e-06,0,0.05772783383033802,model::deberta_v3_sentiment_gated,DeBERTa-v3 + Sentiment Profile (Gated),42
13001,1,2.2258245735429227e-06,0,0.05772783383033802,model::deberta_v3_sentiment_gated,DeBERTa-v3 + Sentiment Profile (Gated),42
7442,1,1.7414647572877584e-06,0,0.05772783383033802,model::deberta_v3_sentiment_gated,DeBERTa-v3 + Sentiment Profile (Gated),42
6884,0,1.6041170738390065e-06,0,0.05772783383033802,model::deberta_v3_sentiment_gated,DeBERTa-v3 + Sentiment Profile (Gated),42
4949,1,2.2041772353986744e-06,0,0.05772783383033802,model::deberta_v3_sentiment_gated,DeBERTa-v3 + Sentiment Profile (Gated),42
9301,1,2.0330560346337734e-06,0,0.05772783383033802,model::deberta_v3_sentiment_gated,DeBERTa-v3 + Sentiment Profile (Gated),42
16483,0,4.226149030728266e-06,0,0.05772783383033802,model::deberta_v3_sentiment_gated,DeBERTa-v3 + Sentiment Profile (Gated),42
12858,0,2.7636186132440343e-05,0,0.05772783383033802,model::deberta_v3_sentiment_gated,DeBERTa-v3 + Sentiment Profile (Gated),42
2490,0,1.2061445886502042e-06,0,0.05772783383033802,model::deberta_v3_sentiment_gated,DeBERTa-v3 + Sentiment Profile (Gated),42
2298,0,2.4248929548775777e-06,0,0.05772783383033802,model::deberta_v3_sentiment_gated,DeBERTa-v3 + Sentiment Profile (Gated),42
20372,0,0.0004672078066505,0,0.05772783383033802,model::deberta_v3_sentiment_gated,DeBERTa-v3 + Sentiment Profile (Gated),42
16026,1,2.2467056624009274e-06,0,0.05772783383033802,model::deberta_v3_sentiment_gated,DeBERTa-v3 + Sentiment Profile (Gated),42
1654,1,1.9159911062160973e-06,0,0.05772783383033802,model::deberta_v3_sentiment_gated,DeBERTa-v3 + Sentiment Profile (Gated),42
5270,1,2.562738700362388e-06,0,0.05772783383033802,model::deberta_v3_sentiment_gated,DeBERTa-v3 + Sentiment Profile (Gated),42
20611,1,1.9592962416936643e-06,0,0.05772783383033802,model::deberta_v3_sentiment_gated,DeBERTa-v3 + Sentiment Profile (Gated),42
19998,0,6.72039141136338e-06,0,0.05772783383033802,model::deberta_v3_sentiment_gated,DeBERTa-v3 + Sentiment Profile (Gated),42
9193,0,2.5154295144602656e-06,0,0.05772783383033802,model::deberta_v3_sentiment_gated,DeBERTa-v3 + Sentiment Profile (Gated),42
11269,0,5.94184166402556e-06,0,0.05772783383033802,model::deberta_v3_sentiment_gated,DeBERTa-v3 + Sentiment Profile (Gated),42
2088,0,2.4534926978958538e-06,0,0.05772783383033802,model::deberta_v3_sentiment_gated,DeBERTa-v3 + Sentiment Profile (Gated),42
6637,0,2.903214408433996e-06,0,0.05772783383033802,model::deberta_v3_sentiment_gated,DeBERTa-v3 + Sentiment Profile (Gated),42
6554,1,1.7354763031107725e-06,0,0.05772783383033802,model::deberta_v3_sentiment_gated,DeBERTa-v3 + Sentiment Profile (Gated),42
2779,1,2.359676727792248e-06,0,0.05772783383033802,model::deberta_v3_sentiment_gated,DeBERTa-v3 + Sentiment Profile (Gated),42
14704,1,3.056081823160639e-06,0,0.05772783383033802,model::deberta_v3_sentiment_gated,DeBERTa-v3 + Sentiment Profile (Gated),42
9470,0,3.227028173569124e-06,0,0.05772783383033802,model::deberta_v3_sentiment_gated,DeBERTa-v3 + Sentiment Profile (Gated),42
13502,1,2.0283462163206423e-06,0,0.05772783383033802,model::deberta_v3_sentiment_gated,DeBERTa-v3 + Sentiment Profile (Gated),42
11886,1,4.994788469048217e-06,0,0.05772783383033802,model::deberta_v3_sentiment_gated,DeBERTa-v3 + Sentiment Profile (Gated),42
9976,1,1.8671823909244267e-06,0,0.05772783383033802,model::deberta_v3_sentiment_gated,DeBERTa-v3 + Sentiment Profile (Gated),42
9870,0,1.1974981362072867e-06,0,0.05772783383033802,model::deberta_v3_sentiment_gated,DeBERTa-v3 + Sentiment Profile (Gated),42
3216,0,1.7043554407791817e-06,0,0.05772783383033802,model::deberta_v3_sentiment_gated,DeBERTa-v3 + Sentiment Profile (Gated),42
11857,1,1.1556732715689575e-05,0,0.05772783383033802,model::deberta_v3_sentiment_gated,DeBERTa-v3 + Sentiment Profile (Gated),42
2564,1,2.129718041032902e-06,0,0.05772783383033802,model::deberta_v3_sentiment_gated,DeBERTa-v3 + Sentiment Profile (Gated),42
11284,1,5.443139343697112e-06,0,0.05772783383033802,model::deberta_v3_sentiment_gated,DeBERTa-v3 + Sentiment Profile (Gated),42
1669,0,6.043348548701033e-06,0,0.05772783383033802,model::deberta_v3_sentiment_gated,DeBERTa-v3 + Sentiment Profile (Gated),42
1031,0,4.915359568258282e-06,0,0.05772783383033802,model::deberta_v3_sentiment_gated,DeBERTa-v3 + Sentiment Profile (Gated),42
20648,1,5.219239483267302e-06,0,0.05772783383033802,model::deberta_v3_sentiment_gated,DeBERTa-v3 + Sentiment Profile (Gated),42
17870,0,1.9213084669900127e-06,0,0.05772783383033802,model::deberta_v3_sentiment_gated,DeBERTa-v3 + Sentiment Profile (Gated),42
15836,0,2.111351477651624e-06,0,0.05772783383033802,model::deberta_v3_sentiment_gated,DeBERTa-v3 + Sentiment Profile (Gated),42
7602,1,1.47728462707164e-06,0,0.05772783383033802,model::deberta_v3_sentiment_gated,DeBERTa-v3 + Sentiment Profile (Gated),42
6097,0,1.8655856592886264e-06,0,0.05772783383033802,model::deberta_v3_sentiment_gated,DeBERTa-v3 + Sentiment Profile (Gated),42
11780,1,1.852411514846608e-06,0,0.05772783383033802,model::deberta_v3_sentiment_gated,DeBERTa-v3 + Sentiment Profile (Gated),42
12327,1,1.3248572940938177e-06,0,0.05772783383033802,model::deberta_v3_sentiment_gated,DeBERTa-v3 + Sentiment Profile (Gated),42
7422,0,1.2502677009251784e-06,0,0.05772783383033802,model::deberta_v3_sentiment_gated,DeBERTa-v3 + Sentiment Profile (Gated),42
1605,0,2.201759116360336e-06,0,0.05772783383033802,model::deberta_v3_sentiment_gated,DeBERTa-v3 + Sentiment Profile (Gated),42
9219,0,1.5996027968867566e-06,0,0.05772783383033802,model::deberta_v3_sentiment_gated,DeBERTa-v3 + Sentiment Profile (Gated),42
1998,0,8.567775694245938e-06,0,0.05772783383033802,model::deberta_v3_sentiment_gated,DeBERTa-v3 + Sentiment Profile (Gated),42
7787,1,2.4811781713651726e-06,0,0.05772783383033802,model::deberta_v3_sentiment_gated,DeBERTa-v3 + Sentiment Profile (Gated),42
6209,1,1.6994958969007712e-06,0,0.05772783383033802,model::deberta_v3_sentiment_gated,DeBERTa-v3 + Sentiment Profile (Gated),42
14715,0,1.8823257050826208e-06,0,0.05772783383033802,model::deberta_v3_sentiment_gated,DeBERTa-v3 + Sentiment Profile (Gated),42
274,0,1.2758330285578268e-06,0,0.05772783383033802,model::deberta_v3_sentiment_gated,DeBERTa-v3 + Sentiment Profile (Gated),42
1200,0,2.9591201382572763e-06,0,0.05772783383033802,model::deberta_v3_sentiment_gated,DeBERTa-v3 + Sentiment Profile (Gated),42
1804,1,1.2998732017877046e-05,0,0.05772783383033802,model::deberta_v3_sentiment_gated,DeBERTa-v3 + Sentiment Profile (Gated),42
18547,1,2.7856510769197484e-06,0,0.05772783383033802,model::deberta_v3_sentiment_gated,DeBERTa-v3 + Sentiment Profile (Gated),42
4952,0,3.354451791892643e-06,0,0.05772783383033802,model::deberta_v3_sentiment_gated,DeBERTa-v3 + Sentiment Profile (Gated),42
10413,1,1.9906001398339868e-06,0,0.05772783383033802,model::deberta_v3_sentiment_gated,DeBERTa-v3 + Sentiment Profile (Gated),42
20278,0,2.018169652728829e-06,0,0.05772783383033802,model::deberta_v3_sentiment_gated,DeBERTa-v3 + Sentiment Profile (Gated),42
15260,0,2.0771162780874874e-06,0,0.05772783383033802,model::deberta_v3_sentiment_gated,DeBERTa-v3 + Sentiment Profile (Gated),42
9825,0,3.23360245602089e-06,0,0.05772783383033802,model::deberta_v3_sentiment_gated,DeBERTa-v3 + Sentiment Profile (Gated),42
13644,1,2.181458285122062e-06,0,0.05772783383033802,model::deberta_v3_sentiment_gated,DeBERTa-v3 + Sentiment Profile (Gated),42
2384,1,2.0676932308560936e-06,0,0.05772783383033802,model::deberta_v3_sentiment_gated,DeBERTa-v3 + Sentiment Profile (Gated),42
9493,1,1.915665961860213e-06,0,0.05772783383033802,model::deberta_v3_sentiment_gated,DeBERTa-v3 + Sentiment Profile (Gated),42
15687,1,1.5759767393319637e-06,0,0.05772783383033802,model::deberta_v3_sentiment_gated,DeBERTa-v3 + Sentiment Profile (Gated),42
15144,0,2.8674817258433904e-06,0,0.05772783383033802,model::deberta_v3_sentiment_gated,DeBERTa-v3 + Sentiment Profile (Gated),42
20175,1,2.334397549930145e-06,0,0.05772783383033802,model::deberta_v3_sentiment_gated,DeBERTa-v3 + Sentiment Profile (Gated),42
20844,1,2.2963615720072994e-06,0,0.05772783383033802,model::deberta_v3_sentiment_gated,DeBERTa-v3 + Sentiment Profile (Gated),42
5744,1,3.134294729534304e-06,0,0.05772783383033802,model::deberta_v3_sentiment_gated,DeBERTa-v3 + Sentiment Profile (Gated),42
20183,0,4.361927040008595e-06,0,0.05772783383033802,model::deberta_v3_sentiment_gated,DeBERTa-v3 + Sentiment Profile (Gated),42
1277,0,1.6286322761516203e-06,0,0.05772783383033802,model::deberta_v3_sentiment_gated,DeBERTa-v3 + Sentiment Profile (Gated),42
1051,0,9.285221312893556e-05,0,0.05772783383033802,model::deberta_v3_sentiment_gated,DeBERTa-v3 + Sentiment Profile (Gated),42
980,0,3.904571258317446e-06,0,0.05772783383033802,model::deberta_v3_sentiment_gated,DeBERTa-v3 + Sentiment Profile (Gated),42
3443,0,1.4154016980683082e-06,0,0.05772783383033802,model::deberta_v3_sentiment_gated,DeBERTa-v3 + Sentiment Profile (Gated),42
13908,1,7.088181064318633e-06,0,0.05772783383033802,model::deberta_v3_sentiment_gated,DeBERTa-v3 + Sentiment Profile (Gated),42
21046,1,2.4465205115120625e-06,0,0.05772783383033802,model::deberta_v3_sentiment_gated,DeBERTa-v3 + Sentiment Profile (Gated),42
6179,1,1.0772129826364107e-05,0,0.05772783383033802,model::deberta_v3_sentiment_gated,DeBERTa-v3 + Sentiment Profile (Gated),42
19724,1,2.061644181594602e-06,0,0.05772783383033802,model::deberta_v3_sentiment_gated,DeBERTa-v3 + Sentiment Profile (Gated),42
20341,1,1.3832075183017878e-06,0,0.05772783383033802,model::deberta_v3_sentiment_gated,DeBERTa-v3 + Sentiment Profile (Gated),42
3028,1,2.4381845378229627e-06,0,0.05772783383033802,model::deberta_v3_sentiment_gated,DeBERTa-v3 + Sentiment Profile (Gated),42
6737,0,6.382887931977166e-06,0,0.05772783383033802,model::deberta_v3_sentiment_gated,DeBERTa-v3 + Sentiment Profile (Gated),42
12004,0,1.595877392901457e-06,0,0.05772783383033802,model::deberta_v3_sentiment_gated,DeBERTa-v3 + Sentiment Profile (Gated),42
21054,0,3.5833620586345205e-06,0,0.05772783383033802,model::deberta_v3_sentiment_gated,DeBERTa-v3 + Sentiment Profile (Gated),42
735,1,2.161653810617281e-06,0,0.05772783383033802,model::deberta_v3_sentiment_gated,DeBERTa-v3 + Sentiment Profile (Gated),42
845,1,2.5451583951507928e-06,0,0.05772783383033802,model::deberta_v3_sentiment_gated,DeBERTa-v3 + Sentiment Profile (Gated),42
2659,0,1.7577999642526263e-06,0,0.05772783383033802,model::deberta_v3_sentiment_gated,DeBERTa-v3 + Sentiment Profile (Gated),42
11691,1,3.57669773620728e-06,0,0.05772783383033802,model::deberta_v3_sentiment_gated,DeBERTa-v3 + Sentiment Profile (Gated),42
220,0,4.357885245553916e-06,0,0.05772783383033802,model::deberta_v3_sentiment_gated,DeBERTa-v3 + Sentiment Profile (Gated),42
14073,1,2.518021801733994e-06,0,0.05772783383033802,model::deberta_v3_sentiment_gated,DeBERTa-v3 + Sentiment Profile (Gated),42
14089,0,2.1509504222194664e-06,0,0.05772783383033802,model::deberta_v3_sentiment_gated,DeBERTa-v3 + Sentiment Profile (Gated),42
15991,0,2.3729278382234043e-06,0,0.05772783383033802,model::deberta_v3_sentiment_gated,DeBERTa-v3 + Sentiment Profile (Gated),42
17752,1,1.936776243383065e-06,0,0.05772783383033802,model::deberta_v3_sentiment_gated,DeBERTa-v3 + Sentiment Profile (Gated),42
1093,1,2.21915433940012e-06,0,0.05772783383033802,model::deberta_v3_sentiment_gated,DeBERTa-v3 + Sentiment Profile (Gated),42
9141,1,1.8332520994590595e-06,0,0.05772783383033802,model::deberta_v3_sentiment_gated,DeBERTa-v3 + Sentiment Profile (Gated),42
715,1,3.42309863299306e-06,0,0.05772783383033802,model::deberta_v3_sentiment_gated,DeBERTa-v3 + Sentiment Profile (Gated),42
14951,1,1.395484559907345e-06,0,0.05772783383033802,model::deberta_v3_sentiment_gated,DeBERTa-v3 + Sentiment Profile (Gated),42
3193,1,2.474653683748329e-06,0,0.05772783383033802,model::deberta_v3_sentiment_gated,DeBERTa-v3 + Sentiment Profile (Gated),42
15844,1,2.260048177049612e-06,0,0.05772783383033802,model::deberta_v3_sentiment_gated,DeBERTa-v3 + Sentiment Profile (Gated),42
10910,1,1.601373355697433e-06,0,0.05772783383033802,model::deberta_v3_sentiment_gated,DeBERTa-v3 + Sentiment Profile (Gated),42
9172,1,1.9394231003388995e-06,0,0.05772783383033802,model::deberta_v3_sentiment_gated,DeBERTa-v3 + Sentiment Profile (Gated),42
5017,1,1.8540144992584828e-06,0,0.05772783383033802,model::deberta_v3_sentiment_gated,DeBERTa-v3 + Sentiment Profile (Gated),42
8474,1,1.4539460835294449e-06,0,0.05772783383033802,model::deberta_v3_sentiment_gated,DeBERTa-v3 + Sentiment Profile (Gated),42
7041,0,4.343840373621788e-06,0,0.05772783383033802,model::deberta_v3_sentiment_gated,DeBERTa-v3 + Sentiment Profile (Gated),42
19785,0,3.0506366783811245e-06,0,0.05772783383033802,model::deberta_v3_sentiment_gated,DeBERTa-v3 + Sentiment Profile (Gated),42
1706,0,8.411297130805906e-06,0,0.05772783383033802,model::deberta_v3_sentiment_gated,DeBERTa-v3 + Sentiment Profile (Gated),42
18644,1,2.8001329610560788e-06,0,0.05772783383033802,model::deberta_v3_sentiment_gated,DeBERTa-v3 + Sentiment Profile (Gated),42
20618,1,3.018819143107976e-06,0,0.05772783383033802,model::deberta_v3_sentiment_gated,DeBERTa-v3 + Sentiment Profile (Gated),42
10680,0,3.275390326962224e-06,0,0.05772783383033802,model::deberta_v3_sentiment_gated,DeBERTa-v3 + Sentiment Profile (Gated),42
1137,1,2.4526225388399325e-06,0,0.05772783383033802,model::deberta_v3_sentiment_gated,DeBERTa-v3 + Sentiment Profile (Gated),42
5984,1,2.0770726223418023e-06,0,0.05772783383033802,model::deberta_v3_sentiment_gated,DeBERTa-v3 + Sentiment Profile (Gated),42
8627,0,0.0001279461866943,0,0.05772783383033802,model::deberta_v3_sentiment_gated,DeBERTa-v3 + Sentiment Profile (Gated),42
3083,0,1.7913091596710728e-06,0,0.05772783383033802,model::deberta_v3_sentiment_gated,DeBERTa-v3 + Sentiment Profile (Gated),42
1335,0,1.5009504750196356e-06,0,0.05772783383033802,model::deberta_v3_sentiment_gated,DeBERTa-v3 + Sentiment Profile (Gated),42
7661,1,1.621821866137907e-06,0,0.05772783383033802,model::deberta_v3_sentiment_gated,DeBERTa-v3 + Sentiment Profile (Gated),42
20122,1,6.613155619561439e-06,0,0.05772783383033802,model::deberta_v3_sentiment_gated,DeBERTa-v3 + Sentiment Profile (Gated),42
16125,1,2.1745663616457023e-06,0,0.05772783383033802,model::deberta_v3_sentiment_gated,DeBERTa-v3 + Sentiment Profile (Gated),42
8998,1,2.181645413656952e-06,0,0.05772783383033802,model::deberta_v3_sentiment_gated,DeBERTa-v3 + Sentiment Profile (Gated),42
19137,1,5.1382889978413004e-06,0,0.05772783383033802,model::deberta_v3_sentiment_gated,DeBERTa-v3 + Sentiment Profile (Gated),42
9285,0,2.504542862880044e-06,0,0.05772783383033802,model::deberta_v3_sentiment_gated,DeBERTa-v3 + Sentiment Profile (Gated),42
10260,1,1.5000132407294586e-06,0,0.05772783383033802,model::deberta_v3_sentiment_gated,DeBERTa-v3 + Sentiment Profile (Gated),42
5406,0,2.3210518520500045e-06,0,0.05772783383033802,model::deberta_v3_sentiment_gated,DeBERTa-v3 + Sentiment Profile (Gated),42
445,0,1.5836423017390189e-06,0,0.05772783383033802,model::deberta_v3_sentiment_gated,DeBERTa-v3 + Sentiment Profile (Gated),42
11938,1,2.2801953036832856e-06,0,0.05772783383033802,model::deberta_v3_sentiment_gated,DeBERTa-v3 + Sentiment Profile (Gated),42
10326,0,1.7474972082709428e-06,0,0.05772783383033802,model::deberta_v3_sentiment_gated,DeBERTa-v3 + Sentiment Profile (Gated),42
20045,0,2.208621026511537e-06,0,0.05772783383033802,model::deberta_v3_sentiment_gated,DeBERTa-v3 + Sentiment Profile (Gated),42
4939,1,2.537436557759065e-06,0,0.05772783383033802,model::deberta_v3_sentiment_gated,DeBERTa-v3 + Sentiment Profile (Gated),42
12602,1,1.6067075421233312e-06,0,0.05772783383033802,model::deberta_v3_sentiment_gated,DeBERTa-v3 + Sentiment Profile (Gated),42
12820,0,1.3490758874468156e-06,0,0.05772783383033802,model::deberta_v3_sentiment_gated,DeBERTa-v3 + Sentiment Profile (Gated),42
4707,1,1.5234010106723872e-06,0,0.05772783383033802,model::deberta_v3_sentiment_gated,DeBERTa-v3 + Sentiment Profile (Gated),42
2740,1,2.1465691588673508e-06,0,0.05772783383033802,model::deberta_v3_sentiment_gated,DeBERTa-v3 + Sentiment Profile (Gated),42
15206,0,2.3806073841114994e-06,0,0.05772783383033802,model::deberta_v3_sentiment_gated,DeBERTa-v3 + Sentiment Profile (Gated),42
20765,1,2.7710914309864165e-06,0,0.05772783383033802,model::deberta_v3_sentiment_gated,DeBERTa-v3 + Sentiment Profile (Gated),42
13867,1,4.092443305125926e-06,0,0.05772783383033802,model::deberta_v3_sentiment_gated,DeBERTa-v3 + Sentiment Profile (Gated),42
10393,0,7.286470463441219e-06,0,0.05772783383033802,model::deberta_v3_sentiment_gated,DeBERTa-v3 + Sentiment Profile (Gated),42
18360,0,3.764836264963378e-06,0,0.05772783383033802,model::deberta_v3_sentiment_gated,DeBERTa-v3 + Sentiment Profile (Gated),42
16306,0,1.391089199387352e-06,0,0.05772783383033802,model::deberta_v3_sentiment_gated,DeBERTa-v3 + Sentiment Profile (Gated),42
16392,0,7.658499271201435e-06,0,0.05772783383033802,model::deberta_v3_sentiment_gated,DeBERTa-v3 + Sentiment Profile (Gated),42
223,1,1.922065166581888e-06,0,0.05772783383033802,model::deberta_v3_sentiment_gated,DeBERTa-v3 + Sentiment Profile (Gated),42
13724,1,1.78374875758891e-06,0,0.05772783383033802,model::deberta_v3_sentiment_gated,DeBERTa-v3 + Sentiment Profile (Gated),42
10533,1,1.652296191423375e-06,0,0.05772783383033802,model::deberta_v3_sentiment_gated,DeBERTa-v3 + Sentiment Profile (Gated),42
14919,1,1.81160032752814e-06,0,0.05772783383033802,model::deberta_v3_sentiment_gated,DeBERTa-v3 + Sentiment Profile (Gated),42
4826,0,2.683465709196753e-06,0,0.05772783383033802,model::deberta_v3_sentiment_gated,DeBERTa-v3 + Sentiment Profile (Gated),42
12828,1,2.74966305369162e-06,0,0.05772783383033802,model::deberta_v3_sentiment_gated,DeBERTa-v3 + Sentiment Profile (Gated),42
1508,1,1.7226492445843178e-06,0,0.05772783383033802,model::deberta_v3_sentiment_gated,DeBERTa-v3 + Sentiment Profile (Gated),42
14590,0,1.77914466803486e-06,0,0.05772783383033802,model::deberta_v3_sentiment_gated,DeBERTa-v3 + Sentiment Profile (Gated),42
8866,1,1.4814621636105585e-06,0,0.05772783383033802,model::deberta_v3_sentiment_gated,DeBERTa-v3 + Sentiment Profile (Gated),42
4409,0,2.69108477368718e-06,0,0.05772783383033802,model::deberta_v3_sentiment_gated,DeBERTa-v3 + Sentiment Profile (Gated),42
18033,1,2.1643809304805472e-06,0,0.05772783383033802,model::deberta_v3_sentiment_gated,DeBERTa-v3 + Sentiment Profile (Gated),42
12087,1,2.074586518574506e-06,0,0.05772783383033802,model::deberta_v3_sentiment_gated,DeBERTa-v3 + Sentiment Profile (Gated),42
10834,0,1.5020216324046487e-06,0,0.05772783383033802,model::deberta_v3_sentiment_gated,DeBERTa-v3 + Sentiment Profile (Gated),42
3238,1,1.6541612239961978e-06,0,0.05772783383033802,model::deberta_v3_sentiment_gated,DeBERTa-v3 + Sentiment Profile (Gated),42
15827,0,3.540088073350489e-06,0,0.05772783383033802,model::deberta_v3_sentiment_gated,DeBERTa-v3 + Sentiment Profile (Gated),42
3656,1,2.0404020233399933e-06,0,0.05772783383033802,model::deberta_v3_sentiment_gated,DeBERTa-v3 + Sentiment Profile (Gated),42
8955,0,1.4708334674651269e-06,0,0.05772783383033802,model::deberta_v3_sentiment_gated,DeBERTa-v3 + Sentiment Profile (Gated),42
890,1,1.8393076288703008e-06,0,0.05772783383033802,model::deberta_v3_sentiment_gated,DeBERTa-v3 + Sentiment Profile (Gated),42
2516,1,1.910706714625121e-06,0,0.05772783383033802,model::deberta_v3_sentiment_gated,DeBERTa-v3 + Sentiment Profile (Gated),42
18073,1,3.4324937132623745e-06,0,0.05772783383033802,model::deberta_v3_sentiment_gated,DeBERTa-v3 + Sentiment Profile (Gated),42
8460,1,5.079637048766017e-06,0,0.05772783383033802,model::deberta_v3_sentiment_gated,DeBERTa-v3 + Sentiment Profile (Gated),42
13913,1,1.7234199276572326e-06,0,0.05772783383033802,model::deberta_v3_sentiment_gated,DeBERTa-v3 + Sentiment Profile (Gated),42
14989,0,2.4408439003309468e-06,0,0.05772783383033802,model::deberta_v3_sentiment_gated,DeBERTa-v3 + Sentiment Profile (Gated),42
12550,0,1.348334876638546e-06,0,0.05772783383033802,model::deberta_v3_sentiment_gated,DeBERTa-v3 + Sentiment Profile (Gated),42
8601,0,2.824215698638e-06,0,0.05772783383033802,model::deberta_v3_sentiment_gated,DeBERTa-v3 + Sentiment Profile (Gated),42
11106,1,2.099877519867732e-06,0,0.05772783383033802,model::deberta_v3_sentiment_gated,DeBERTa-v3 + Sentiment Profile (Gated),42
18688,0,2.4041619326453656e-06,0,0.05772783383033802,model::deberta_v3_sentiment_gated,DeBERTa-v3 + Sentiment Profile (Gated),42
8130,0,0.0005941162235103,0,0.05772783383033802,model::deberta_v3_sentiment_gated,DeBERTa-v3 + Sentiment Profile (Gated),42
4465,1,2.2704048205923755e-06,0,0.05772783383033802,model::deberta_v3_sentiment_gated,DeBERTa-v3 + Sentiment Profile (Gated),42
17215,1,1.482408947595104e-06,0,0.05772783383033802,model::deberta_v3_sentiment_gated,DeBERTa-v3 + Sentiment Profile (Gated),42
8438,1,2.4448343083349755e-06,0,0.05772783383033802,model::deberta_v3_sentiment_gated,DeBERTa-v3 + Sentiment Profile (Gated),42
10332,1,2.4304331418534275e-06,0,0.05772783383033802,model::deberta_v3_sentiment_gated,DeBERTa-v3 + Sentiment Profile (Gated),42
7194,1,2.244600182166323e-06,0,0.05772783383033802,model::deberta_v3_sentiment_gated,DeBERTa-v3 + Sentiment Profile (Gated),42
7211,1,2.416856204945361e-06,0,0.05772783383033802,model::deberta_v3_sentiment_gated,DeBERTa-v3 + Sentiment Profile (Gated),42
7652,0,1.233194211636146e-06,0,0.05772783383033802,model::deberta_v3_sentiment_gated,DeBERTa-v3 + Sentiment Profile (Gated),42
20393,1,1.3228840316514834e-06,0,0.05772783383033802,model::deberta_v3_sentiment_gated,DeBERTa-v3 + Sentiment Profile (Gated),42
7624,0,3.716099172379472e-06,0,0.05772783383033802,model::deberta_v3_sentiment_gated,DeBERTa-v3 + Sentiment Profile (Gated),42
19363,1,2.51220740210556e-06,0,0.05772783383033802,model::deberta_v3_sentiment_gated,DeBERTa-v3 + Sentiment Profile (Gated),42
7628,1,3.350206270624767e-06,0,0.05772783383033802,model::deberta_v3_sentiment_gated,DeBERTa-v3 + Sentiment Profile (Gated),42
13143,0,1.92622155736899e-06,0,0.05772783383033802,model::deberta_v3_sentiment_gated,DeBERTa-v3 + Sentiment Profile (Gated),42
18653,1,1.8301635691386764e-06,0,0.05772783383033802,model::deberta_v3_sentiment_gated,DeBERTa-v3 + Sentiment Profile (Gated),42
910,0,3.536589429131709e-05,0,0.05772783383033802,model::deberta_v3_sentiment_gated,DeBERTa-v3 + Sentiment Profile (Gated),42
257,1,4.301253284211271e-06,0,0.05772783383033802,model::deberta_v3_sentiment_gated,DeBERTa-v3 + Sentiment Profile (Gated),42
8122,1,1.5721967656645577e-06,0,0.05772783383033802,model::deberta_v3_sentiment_gated,DeBERTa-v3 + Sentiment Profile (Gated),42
9065,1,2.2804408672527643e-06,0,0.05772783383033802,model::deberta_v3_sentiment_gated,DeBERTa-v3 + Sentiment Profile (Gated),42
18774,0,4.776295554620447e-06,0,0.05772783383033802,model::deberta_v3_sentiment_gated,DeBERTa-v3 + Sentiment Profile (Gated),42
8840,1,1.6073051938292338e-06,0,0.05772783383033802,model::deberta_v3_sentiment_gated,DeBERTa-v3 + Sentiment Profile (Gated),42
9083,1,3.937939254683442e-06,0,0.05772783383033802,model::deberta_v3_sentiment_gated,DeBERTa-v3 + Sentiment Profile (Gated),42
1188,1,1.928912752191536e-06,0,0.05772783383033802,model::deberta_v3_sentiment_gated,DeBERTa-v3 + Sentiment Profile (Gated),42
10566,0,1.220562535309e-05,0,0.05772783383033802,model::deberta_v3_sentiment_gated,DeBERTa-v3 + Sentiment Profile (Gated),42
19405,1,2.0801810478587868e-06,0,0.05772783383033802,model::deberta_v3_sentiment_gated,DeBERTa-v3 + Sentiment Profile (Gated),42
8459,1,2.152169145119842e-06,0,0.05772783383033802,model::deberta_v3_sentiment_gated,DeBERTa-v3 + Sentiment Profile (Gated),42
17679,1,2.664640533112106e-06,0,0.05772783383033802,model::deberta_v3_sentiment_gated,DeBERTa-v3 + Sentiment Profile (Gated),42
12760,0,5.265207073534839e-05,0,0.05772783383033802,model::deberta_v3_sentiment_gated,DeBERTa-v3 + Sentiment Profile (Gated),42
11399,1,1.6002574056983576e-06,0,0.05772783383033802,model::deberta_v3_sentiment_gated,DeBERTa-v3 + Sentiment Profile (Gated),42
1972,1,1.889071199911996e-06,0,0.05772783383033802,model::deberta_v3_sentiment_gated,DeBERTa-v3 + Sentiment Profile (Gated),42
11132,0,1.8936293599836065e-06,0,0.05772783383033802,model::deberta_v3_sentiment_gated,DeBERTa-v3 + Sentiment Profile (Gated),42
1578,1,2.1300754724506987e-06,0,0.05772783383033802,model::deberta_v3_sentiment_gated,DeBERTa-v3 + Sentiment Profile (Gated),42
407,1,2.717612915148493e-06,0,0.05772783383033802,model::deberta_v3_sentiment_gated,DeBERTa-v3 + Sentiment Profile (Gated),42
10444,1,1.4888582882122137e-06,0,0.05772783383033802,model::deberta_v3_sentiment_gated,DeBERTa-v3 + Sentiment Profile (Gated),42
6758,0,2.1084219952172134e-06,0,0.05772783383033802,model::deberta_v3_sentiment_gated,DeBERTa-v3 + Sentiment Profile (Gated),42
12226,0,2.129055928890012e-06,0,0.05772783383033802,model::deberta_v3_sentiment_gated,DeBERTa-v3 + Sentiment Profile (Gated),42
15551,1,3.1357176339952275e-06,0,0.05772783383033802,model::deberta_v3_sentiment_gated,DeBERTa-v3 + Sentiment Profile (Gated),42
2313,1,2.089692998197279e-06,0,0.05772783383033802,model::deberta_v3_sentiment_gated,DeBERTa-v3 + Sentiment Profile (Gated),42
11015,1,1.7214782701557851e-06,0,0.05772783383033802,model::deberta_v3_sentiment_gated,DeBERTa-v3 + Sentiment Profile (Gated),42
35,1,2.1848852611583425e-06,0,0.05772783383033802,model::deberta_v3_sentiment_gated,DeBERTa-v3 + Sentiment Profile (Gated),42
20481,0,4.24041218138882e-06,0,0.05772783383033802,model::deberta_v3_sentiment_gated,DeBERTa-v3 + Sentiment Profile (Gated),42
10167,0,5.488939223141642e-06,0,0.05772783383033802,model::deberta_v3_sentiment_gated,DeBERTa-v3 + Sentiment Profile (Gated),42
19682,1,1.8770751921692863e-06,0,0.05772783383033802,model::deberta_v3_sentiment_gated,DeBERTa-v3 + Sentiment Profile (Gated),42
4811,0,1.561350472911727e-06,0,0.05772783383033802,model::deberta_v3_sentiment_gated,DeBERTa-v3 + Sentiment Profile (Gated),42
19927,1,2.0143913843639893e-06,0,0.05772783383033802,model::deberta_v3_sentiment_gated,DeBERTa-v3 + Sentiment Profile (Gated),42
2122,1,1.593887759554491e-06,0,0.05772783383033802,model::deberta_v3_sentiment_gated,DeBERTa-v3 + Sentiment Profile (Gated),42
19791,1,2.7593932827585377e-06,0,0.05772783383033802,model::deberta_v3_sentiment_gated,DeBERTa-v3 + Sentiment Profile (Gated),42
14532,1,1.558816734359425e-06,0,0.05772783383033802,model::deberta_v3_sentiment_gated,DeBERTa-v3 + Sentiment Profile (Gated),42
6234,1,1.7106181076087523e-06,0,0.05772783383033802,model::deberta_v3_sentiment_gated,DeBERTa-v3 + Sentiment Profile (Gated),42
13877,1,1.9979434000561014e-06,0,0.05772783383033802,model::deberta_v3_sentiment_gated,DeBERTa-v3 + Sentiment Profile (Gated),42
13949,1,2.429167807349586e-06,0,0.05772783383033802,model::deberta_v3_sentiment_gated,DeBERTa-v3 + Sentiment Profile (Gated),42
16838,0,3.081173417740501e-06,0,0.05772783383033802,model::deberta_v3_sentiment_gated,DeBERTa-v3 + Sentiment Profile (Gated),42
4456,0,1.5506175259361044e-06,0,0.05772783383033802,model::deberta_v3_sentiment_gated,DeBERTa-v3 + Sentiment Profile (Gated),42
10744,1,2.1087980712763965e-06,0,0.05772783383033802,model::deberta_v3_sentiment_gated,DeBERTa-v3 + Sentiment Profile (Gated),42
18984,1,1.3701757097805969e-06,0,0.05772783383033802,model::deberta_v3_sentiment_gated,DeBERTa-v3 + Sentiment Profile (Gated),42
20496,0,1.65699532317376e-06,0,0.05772783383033802,model::deberta_v3_sentiment_gated,DeBERTa-v3 + Sentiment Profile (Gated),42
5594,1,1.875078396551544e-06,0,0.05772783383033802,model::deberta_v3_sentiment_gated,DeBERTa-v3 + Sentiment Profile (Gated),42
130,1,1.9341146071383264e-06,0,0.05772783383033802,model::deberta_v3_sentiment_gated,DeBERTa-v3 + Sentiment Profile (Gated),42
4873,0,1.0093982382386455e-05,0,0.05772783383033802,model::deberta_v3_sentiment_gated,DeBERTa-v3 + Sentiment Profile (Gated),42
19469,1,2.0779125406988896e-06,0,0.05772783383033802,model::deberta_v3_sentiment_gated,DeBERTa-v3 + Sentiment Profile (Gated),42
7641,0,4.1576026887923945e-06,0,0.05772783383033802,model::deberta_v3_sentiment_gated,DeBERTa-v3 + Sentiment Profile (Gated),42
9028,1,2.5313120204373263e-06,0,0.05772783383033802,model::deberta_v3_sentiment_gated,DeBERTa-v3 + Sentiment Profile (Gated),42
1377,0,3.8134858186822393e-06,0,0.05772783383033802,model::deberta_v3_sentiment_gated,DeBERTa-v3 + Sentiment Profile (Gated),42
8451,0,1.6533979305677349e-06,0,0.05772783383033802,model::deberta_v3_sentiment_gated,DeBERTa-v3 + Sentiment Profile (Gated),42
13056,1,2.763691327345441e-06,0,0.05772783383033802,model::deberta_v3_sentiment_gated,DeBERTa-v3 + Sentiment Profile (Gated),42
9516,0,2.462052862028941e-06,0,0.05772783383033802,model::deberta_v3_sentiment_gated,DeBERTa-v3 + Sentiment Profile (Gated),42
11571,0,1.163354454547516e-06,0,0.05772783383033802,model::deberta_v3_sentiment_gated,DeBERTa-v3 + Sentiment Profile (Gated),42
15549,0,3.162189159411355e-06,0,0.05772783383033802,model::deberta_v3_sentiment_gated,DeBERTa-v3 + Sentiment Profile (Gated),42
6838,0,1.6231266272370704e-05,0,0.05772783383033802,model::deberta_v3_sentiment_gated,DeBERTa-v3 + Sentiment Profile (Gated),42
14624,0,1.2400814739521593e-06,0,0.05772783383033802,model::deberta_v3_sentiment_gated,DeBERTa-v3 + Sentiment Profile (Gated),42
20203,1,2.1047253540018573e-06,0,0.05772783383033802,model::deberta_v3_sentiment_gated,DeBERTa-v3 + Sentiment Profile (Gated),42
17249,0,2.122523937941878e-06,0,0.05772783383033802,model::deberta_v3_sentiment_gated,DeBERTa-v3 + Sentiment Profile (Gated),42
7666,1,2.084840389215969e-06,0,0.05772783383033802,model::deberta_v3_sentiment_gated,DeBERTa-v3 + Sentiment Profile (Gated),42
14003,0,1.4315070302473032e-06,0,0.05772783383033802,model::deberta_v3_sentiment_gated,DeBERTa-v3 + Sentiment Profile (Gated),42
8295,1,1.979550006581121e-06,0,0.05772783383033802,model::deberta_v3_sentiment_gated,DeBERTa-v3 + Sentiment Profile (Gated),42
7750,0,9.847498176895897e-07,0,0.05772783383033802,model::deberta_v3_sentiment_gated,DeBERTa-v3 + Sentiment Profile (Gated),42
15845,0,2.232793576695258e-06,0,0.05772783383033802,model::deberta_v3_sentiment_gated,DeBERTa-v3 + Sentiment Profile (Gated),42
18290,1,2.2590052140003536e-06,0,0.05772783383033802,model::deberta_v3_sentiment_gated,DeBERTa-v3 + Sentiment Profile (Gated),42
15259,0,3.455814066910534e-06,0,0.05772783383033802,model::deberta_v3_sentiment_gated,DeBERTa-v3 + Sentiment Profile (Gated),42
12818,0,4.697521944763139e-06,0,0.05772783383033802,model::deberta_v3_sentiment_gated,DeBERTa-v3 + Sentiment Profile (Gated),42
1307,0,3.2111229302245192e-06,0,0.05772783383033802,model::deberta_v3_sentiment_gated,DeBERTa-v3 + Sentiment Profile (Gated),42
11666,0,3.0368310035555623e-05,0,0.05772783383033802,model::deberta_v3_sentiment_gated,DeBERTa-v3 + Sentiment Profile (Gated),42
10098,0,1.1831587016786216e-06,0,0.05772783383033802,model::deberta_v3_sentiment_gated,DeBERTa-v3 + Sentiment Profile (Gated),42
14991,0,1.6010348190320656e-05,0,0.05772783383033802,model::deberta_v3_sentiment_gated,DeBERTa-v3 + Sentiment Profile (Gated),42
3536,1,1.6172007235581989e-06,0,0.05772783383033802,model::deberta_v3_sentiment_gated,DeBERTa-v3 + Sentiment Profile (Gated),42
793,0,1.739519348120666e-06,0,0.05772783383033802,model::deberta_v3_sentiment_gated,DeBERTa-v3 + Sentiment Profile (Gated),42
6444,1,1.7733326558300178e-06,0,0.05772783383033802,model::deberta_v3_sentiment_gated,DeBERTa-v3 + Sentiment Profile (Gated),42
21037,1,1.536292415948992e-06,0,0.05772783383033802,model::deberta_v3_sentiment_gated,DeBERTa-v3 + Sentiment Profile (Gated),42
1046,1,2.1549005850829417e-06,0,0.05772783383033802,model::deberta_v3_sentiment_gated,DeBERTa-v3 + Sentiment Profile (Gated),42
17091,1,3.437574605413829e-06,0,0.05772783383033802,model::deberta_v3_sentiment_gated,DeBERTa-v3 + Sentiment Profile (Gated),42
10760,1,3.3421708849346032e-06,0,0.05772783383033802,model::deberta_v3_sentiment_gated,DeBERTa-v3 + Sentiment Profile (Gated),42
19789,1,1.8685468603507616e-06,0,0.05772783383033802,model::deberta_v3_sentiment_gated,DeBERTa-v3 + Sentiment Profile (Gated),42
14570,0,2.4466512513754424e-06,0,0.05772783383033802,model::deberta_v3_sentiment_gated,DeBERTa-v3 + Sentiment Profile (Gated),42
4501,0,1.0066124559671152e-05,0,0.05772783383033802,model::deberta_v3_sentiment_gated,DeBERTa-v3 + Sentiment Profile (Gated),42
17804,1,2.475992232575664e-06,0,0.05772783383033802,model::deberta_v3_sentiment_gated,DeBERTa-v3 + Sentiment Profile (Gated),42
20930,1,5.769168183178408e-06,0,0.05772783383033802,model::deberta_v3_sentiment_gated,DeBERTa-v3 + Sentiment Profile (Gated),42
5681,0,1.5963095165716368e-06,0,0.05772783383033802,model::deberta_v3_sentiment_gated,DeBERTa-v3 + Sentiment Profile (Gated),42
19492,0,1.906900365611364e-06,0,0.05772783383033802,model::deberta_v3_sentiment_gated,DeBERTa-v3 + Sentiment Profile (Gated),42
15199,0,4.954477390128886e-06,0,0.05772783383033802,model::deberta_v3_sentiment_gated,DeBERTa-v3 + Sentiment Profile (Gated),42
19773,1,1.805994088499574e-06,0,0.05772783383033802,model::deberta_v3_sentiment_gated,DeBERTa-v3 + Sentiment Profile (Gated),42
8648,1,3.5735401979763992e-06,0,0.05772783383033802,model::deberta_v3_sentiment_gated,DeBERTa-v3 + Sentiment Profile (Gated),42
19415,0,8.344049092556816e-06,0,0.05772783383033802,model::deberta_v3_sentiment_gated,DeBERTa-v3 + Sentiment Profile (Gated),42
7801,0,3.4589531878737034e-06,0,0.05772783383033802,model::deberta_v3_sentiment_gated,DeBERTa-v3 + Sentiment Profile (Gated),42
8,1,5.375797627493739e-06,0,0.05772783383033802,model::deberta_v3_sentiment_gated,DeBERTa-v3 + Sentiment Profile (Gated),42
20689,0,2.7692422008840367e-06,0,0.05772783383033802,model::deberta_v3_sentiment_gated,DeBERTa-v3 + Sentiment Profile (Gated),42
8222,0,2.306692977072089e-06,0,0.05772783383033802,model::deberta_v3_sentiment_gated,DeBERTa-v3 + Sentiment Profile (Gated),42
2404,0,2.989231006722548e-06,0,0.05772783383033802,model::deberta_v3_sentiment_gated,DeBERTa-v3 + Sentiment Profile (Gated),42
16855,0,2.0059544567629928e-06,0,0.05772783383033802,model::deberta_v3_sentiment_gated,DeBERTa-v3 + Sentiment Profile (Gated),42
16043,0,2.563437419667025e-06,0,0.05772783383033802,model::deberta_v3_sentiment_gated,DeBERTa-v3 + Sentiment Profile (Gated),42
3970,1,1.800509949134721e-06,0,0.05772783383033802,model::deberta_v3_sentiment_gated,DeBERTa-v3 + Sentiment Profile (Gated),42
15080,0,2.9992941108503146e-06,0,0.05772783383033802,model::deberta_v3_sentiment_gated,DeBERTa-v3 + Sentiment Profile (Gated),42
12208,1,1.3728412113778177e-06,0,0.05772783383033802,model::deberta_v3_sentiment_gated,DeBERTa-v3 + Sentiment Profile (Gated),42
16329,0,1.815169639485248e-06,0,0.05772783383033802,model::deberta_v3_sentiment_gated,DeBERTa-v3 + Sentiment Profile (Gated),42
16072,0,1.5364814771601232e-06,0,0.05772783383033802,model::deberta_v3_sentiment_gated,DeBERTa-v3 + Sentiment Profile (Gated),42
7193,0,1.5367525065812515e-06,0,0.05772783383033802,model::deberta_v3_sentiment_gated,DeBERTa-v3 + Sentiment Profile (Gated),42
9127,0,2.9993370844749734e-06,0,0.05772783383033802,model::deberta_v3_sentiment_gated,DeBERTa-v3 + Sentiment Profile (Gated),42
8752,0,1.0801711596286625e-06,0,0.05772783383033802,model::deberta_v3_sentiment_gated,DeBERTa-v3 + Sentiment Profile (Gated),42
15219,0,1.4398672192328377e-06,0,0.05772783383033802,model::deberta_v3_sentiment_gated,DeBERTa-v3 + Sentiment Profile (Gated),42
3972,1,2.16712169276434e-06,0,0.05772783383033802,model::deberta_v3_sentiment_gated,DeBERTa-v3 + Sentiment Profile (Gated),42
17228,0,3.7484962831513258e-06,0,0.05772783383033802,model::deberta_v3_sentiment_gated,DeBERTa-v3 + Sentiment Profile (Gated),42
11729,1,2.4696296350157354e-06,0,0.05772783383033802,model::deberta_v3_sentiment_gated,DeBERTa-v3 + Sentiment Profile (Gated),42
10278,0,1.1027937034668869e-06,0,0.05772783383033802,model::deberta_v3_sentiment_gated,DeBERTa-v3 + Sentiment Profile (Gated),42
6727,1,1.8648705690793577e-06,0,0.05772783383033802,model::deberta_v3_sentiment_gated,DeBERTa-v3 + Sentiment Profile (Gated),42
13215,0,4.721298319054768e-05,0,0.05772783383033802,model::deberta_v3_sentiment_gated,DeBERTa-v3 + Sentiment Profile (Gated),42
15369,1,2.1420844404929085e-06,0,0.05772783383033802,model::deberta_v3_sentiment_gated,DeBERTa-v3 + Sentiment Profile (Gated),42
6047,0,9.605367813492194e-05,0,0.05772783383033802,model::deberta_v3_sentiment_gated,DeBERTa-v3 + Sentiment Profile (Gated),42
3678,1,4.196641384623945e-06,0,0.05772783383033802,model::deberta_v3_sentiment_gated,DeBERTa-v3 + Sentiment Profile (Gated),42
7108,1,3.622024451033212e-06,0,0.05772783383033802,model::deberta_v3_sentiment_gated,DeBERTa-v3 + Sentiment Profile (Gated),42
12819,1,1.6402290157202517e-06,0,0.05772783383033802,model::deberta_v3_sentiment_gated,DeBERTa-v3 + Sentiment Profile (Gated),42
1116,1,2.183676997447037e-06,0,0.05772783383033802,model::deberta_v3_sentiment_gated,DeBERTa-v3 + Sentiment Profile (Gated),42
11919,1,2.929983338617604e-06,0,0.05772783383033802,model::deberta_v3_sentiment_gated,DeBERTa-v3 + Sentiment Profile (Gated),42
20150,1,2.2179187908477616e-06,0,0.05772783383033802,model::deberta_v3_sentiment_gated,DeBERTa-v3 + Sentiment Profile (Gated),42
15363,1,7.446732524840627e-06,0,0.05772783383033802,model::deberta_v3_sentiment_gated,DeBERTa-v3 + Sentiment Profile (Gated),42
9926,0,4.221883500576951e-06,0,0.05772783383033802,model::deberta_v3_sentiment_gated,DeBERTa-v3 + Sentiment Profile (Gated),42
1315,1,6.436840067181038e-06,0,0.05772783383033802,model::deberta_v3_sentiment_gated,DeBERTa-v3 + Sentiment Profile (Gated),42
12578,1,2.613563083286863e-06,0,0.05772783383033802,model::deberta_v3_sentiment_gated,DeBERTa-v3 + Sentiment Profile (Gated),42
9256,1,1.8531994783188568e-06,0,0.05772783383033802,model::deberta_v3_sentiment_gated,DeBERTa-v3 + Sentiment Profile (Gated),42
2825,1,2.624210083013168e-06,0,0.05772783383033802,model::deberta_v3_sentiment_gated,DeBERTa-v3 + Sentiment Profile (Gated),42
12249,1,1.889476607175311e-06,0,0.05772783383033802,model::deberta_v3_sentiment_gated,DeBERTa-v3 + Sentiment Profile (Gated),42
2998,1,2.237564331153408e-06,0,0.05772783383033802,model::deberta_v3_sentiment_gated,DeBERTa-v3 + Sentiment Profile (Gated),42
12377,0,1.797750883270055e-06,0,0.05772783383033802,model::deberta_v3_sentiment_gated,DeBERTa-v3 + Sentiment Profile (Gated),42
14586,0,1.693730837359908e-06,0,0.05772783383033802,model::deberta_v3_sentiment_gated,DeBERTa-v3 + Sentiment Profile (Gated),42
232,0,1.3270069985082955e-06,0,0.05772783383033802,model::deberta_v3_sentiment_gated,DeBERTa-v3 + Sentiment Profile (Gated),42
11854,0,5.251868060440756e-06,0,0.05772783383033802,model::deberta_v3_sentiment_gated,DeBERTa-v3 + Sentiment Profile (Gated),42
20165,0,1.0403397936897818e-05,0,0.05772783383033802,model::deberta_v3_sentiment_gated,DeBERTa-v3 + Sentiment Profile (Gated),42
14236,0,1.4710831237607636e-06,0,0.05772783383033802,model::deberta_v3_sentiment_gated,DeBERTa-v3 + Sentiment Profile (Gated),42
19570,0,3.1041224701766623e-06,0,0.05772783383033802,model::deberta_v3_sentiment_gated,DeBERTa-v3 + Sentiment Profile (Gated),42
12489,0,2.979920736834174e-06,0,0.05772783383033802,model::deberta_v3_sentiment_gated,DeBERTa-v3 + Sentiment Profile (Gated),42
10124,1,2.391320094830008e-06,0,0.05772783383033802,model::deberta_v3_sentiment_gated,DeBERTa-v3 + Sentiment Profile (Gated),42
1189,1,3.165209363942268e-06,0,0.05772783383033802,model::deberta_v3_sentiment_gated,DeBERTa-v3 + Sentiment Profile (Gated),42
12081,1,1.811842253118812e-06,0,0.05772783383033802,model::deberta_v3_sentiment_gated,DeBERTa-v3 + Sentiment Profile (Gated),42
3134,0,1.774352654138056e-06,0,0.05772783383033802,model::deberta_v3_sentiment_gated,DeBERTa-v3 + Sentiment Profile (Gated),42
14002,1,1.8507939785195049e-06,0,0.05772783383033802,model::deberta_v3_sentiment_gated,DeBERTa-v3 + Sentiment Profile (Gated),42
15576,0,1.9500503185554408e-06,0,0.05772783383033802,model::deberta_v3_sentiment_gated,DeBERTa-v3 + Sentiment Profile (Gated),42
1697,1,2.266415549456724e-06,0,0.05772783383033802,model::deberta_v3_sentiment_gated,DeBERTa-v3 + Sentiment Profile (Gated),42
4042,1,5.402615443017567e-06,0,0.05772783383033802,model::deberta_v3_sentiment_gated,DeBERTa-v3 + Sentiment Profile (Gated),42
15141,1,1.261153920495417e-05,0,0.05772783383033802,model::deberta_v3_sentiment_gated,DeBERTa-v3 + Sentiment Profile (Gated),42
9519,1,2.1551245481532533e-06,0,0.05772783383033802,model::deberta_v3_sentiment_gated,DeBERTa-v3 + Sentiment Profile (Gated),42
5313,1,2.375187477809959e-06,0,0.05772783383033802,model::deberta_v3_sentiment_gated,DeBERTa-v3 + Sentiment Profile (Gated),42
6119,0,1.8281261873198675e-06,0,0.05772783383033802,model::deberta_v3_sentiment_gated,DeBERTa-v3 + Sentiment Profile (Gated),42
1040,1,3.351631448822445e-06,0,0.05772783383033802,model::deberta_v3_sentiment_gated,DeBERTa-v3 + Sentiment Profile (Gated),42
19078,0,2.972430593217723e-06,0,0.05772783383033802,model::deberta_v3_sentiment_gated,DeBERTa-v3 + Sentiment Profile (Gated),42
17454,0,1.1577728855627356e-06,0,0.05772783383033802,model::deberta_v3_sentiment_gated,DeBERTa-v3 + Sentiment Profile (Gated),42
7896,1,1.6597156218267628e-06,0,0.05772783383033802,model::deberta_v3_sentiment_gated,DeBERTa-v3 + Sentiment Profile (Gated),42
2774,1,2.8277677301957738e-06,0,0.05772783383033802,model::deberta_v3_sentiment_gated,DeBERTa-v3 + Sentiment Profile (Gated),42
4384,1,1.81819984845788e-06,0,0.05772783383033802,model::deberta_v3_sentiment_gated,DeBERTa-v3 + Sentiment Profile (Gated),42
10964,1,3.029195340786828e-06,0,0.05772783383033802,model::deberta_v3_sentiment_gated,DeBERTa-v3 + Sentiment Profile (Gated),42
14351,0,1.687747271716944e-06,0,0.05772783383033802,model::deberta_v3_sentiment_gated,DeBERTa-v3 + Sentiment Profile (Gated),42
2623,0,3.2506202387594385e-06,0,0.05772783383033802,model::deberta_v3_sentiment_gated,DeBERTa-v3 + Sentiment Profile (Gated),42
16957,0,1.450147192372242e-05,0,0.05772783383033802,model::deberta_v3_sentiment_gated,DeBERTa-v3 + Sentiment Profile (Gated),42
3957,0,1.7354994952256677e-06,0,0.05772783383033802,model::deberta_v3_sentiment_gated,DeBERTa-v3 + Sentiment Profile (Gated),42
10091,1,2.067188233922934e-06,0,0.05772783383033802,model::deberta_v3_sentiment_gated,DeBERTa-v3 + Sentiment Profile (Gated),42
5191,0,2.521058831916889e-06,0,0.05772783383033802,model::deberta_v3_sentiment_gated,DeBERTa-v3 + Sentiment Profile (Gated),42
18187,1,2.076931878036703e-06,0,0.05772783383033802,model::deberta_v3_sentiment_gated,DeBERTa-v3 + Sentiment Profile (Gated),42
18204,0,1.6295053910653223e-06,0,0.05772783383033802,model::deberta_v3_sentiment_gated,DeBERTa-v3 + Sentiment Profile (Gated),42
20699,0,1.5885082120803418e-06,0,0.05772783383033802,model::deberta_v3_sentiment_gated,DeBERTa-v3 + Sentiment Profile (Gated),42
10673,1,1.7006957477860851e-06,0,0.05772783383033802,model::deberta_v3_sentiment_gated,DeBERTa-v3 + Sentiment Profile (Gated),42
11601,1,1.4161765875542187e-06,0,0.05772783383033802,model::deberta_v3_sentiment_gated,DeBERTa-v3 + Sentiment Profile (Gated),42
18930,1,1.682177753536962e-06,0,0.05772783383033802,model::deberta_v3_sentiment_gated,DeBERTa-v3 + Sentiment Profile (Gated),42
20037,1,1.887720600279863e-06,0,0.05772783383033802,model::deberta_v3_sentiment_gated,DeBERTa-v3 + Sentiment Profile (Gated),42
14499,1,2.494893124094233e-06,0,0.05772783383033802,model::deberta_v3_sentiment_gated,DeBERTa-v3 + Sentiment Profile (Gated),42
19267,0,3.530620688252384e-06,0,0.05772783383033802,model::deberta_v3_sentiment_gated,DeBERTa-v3 + Sentiment Profile (Gated),42
15555,1,1.794066861293686e-06,0,0.05772783383033802,model::deberta_v3_sentiment_gated,DeBERTa-v3 + Sentiment Profile (Gated),42
4094,0,2.90309549200174e-06,0,0.05772783383033802,model::deberta_v3_sentiment_gated,DeBERTa-v3 + Sentiment Profile (Gated),42
6491,0,1.171408143818553e-06,0,0.05772783383033802,model::deberta_v3_sentiment_gated,DeBERTa-v3 + Sentiment Profile (Gated),42
2925,1,3.302801815152634e-06,0,0.05772783383033802,model::deberta_v3_sentiment_gated,DeBERTa-v3 + Sentiment Profile (Gated),42
15798,0,1.63075844739069e-06,0,0.05772783383033802,model::deberta_v3_sentiment_gated,DeBERTa-v3 + Sentiment Profile (Gated),42
20639,1,1.8472040892447688e-06,0,0.05772783383033802,model::deberta_v3_sentiment_gated,DeBERTa-v3 + Sentiment Profile (Gated),42
11212,1,2.728150548136909e-06,0,0.05772783383033802,model::deberta_v3_sentiment_gated,DeBERTa-v3 + Sentiment Profile (Gated),42
2422,0,9.20614093047334e-06,0,0.05772783383033802,model::deberta_v3_sentiment_gated,DeBERTa-v3 + Sentiment Profile (Gated),42
5012,1,2.03909485207987e-06,0,0.05772783383033802,model::deberta_v3_sentiment_gated,DeBERTa-v3 + Sentiment Profile (Gated),42
6603,1,1.8902715055446608e-06,0,0.05772783383033802,model::deberta_v3_sentiment_gated,DeBERTa-v3 + Sentiment Profile (Gated),42
4997,0,1.6273328355964622e-06,0,0.05772783383033802,model::deberta_v3_sentiment_gated,DeBERTa-v3 + Sentiment Profile (Gated),42
5034,1,1.4346956049848814e-06,0,0.05772783383033802,model::deberta_v3_sentiment_gated,DeBERTa-v3 + Sentiment Profile (Gated),42
2639,0,1.9956714822910726e-06,0,0.05772783383033802,model::deberta_v3_sentiment_gated,DeBERTa-v3 + Sentiment Profile (Gated),42
10947,1,1.568705670251802e-06,0,0.05772783383033802,model::deberta_v3_sentiment_gated,DeBERTa-v3 + Sentiment Profile (Gated),42
4724,0,3.7357417568273377e-06,0,0.05772783383033802,model::deberta_v3_sentiment_gated,DeBERTa-v3 + Sentiment Profile (Gated),42
11645,1,3.10614791487751e-06,0,0.05772783383033802,model::deberta_v3_sentiment_gated,DeBERTa-v3 + Sentiment Profile (Gated),42
825,0,2.4880521323211724e-06,0,0.05772783383033802,model::deberta_v3_sentiment_gated,DeBERTa-v3 + Sentiment Profile (Gated),42
3923,1,2.47930961450038e-06,0,0.05772783383033802,model::deberta_v3_sentiment_gated,DeBERTa-v3 + Sentiment Profile (Gated),42
8746,0,8.954243639891502e-06,0,0.05772783383033802,model::deberta_v3_sentiment_gated,DeBERTa-v3 + Sentiment Profile (Gated),42
14833,1,3.127143827441614e-06,0,0.05772783383033802,model::deberta_v3_sentiment_gated,DeBERTa-v3 + Sentiment Profile (Gated),42
16281,0,4.8306242206308525e-06,0,0.05772783383033802,model::deberta_v3_sentiment_gated,DeBERTa-v3 + Sentiment Profile (Gated),42
5044,0,2.329785047550104e-06,0,0.05772783383033802,model::deberta_v3_sentiment_gated,DeBERTa-v3 + Sentiment Profile (Gated),42
6285,0,3.431014420129941e-06,0,0.05772783383033802,model::deberta_v3_sentiment_gated,DeBERTa-v3 + Sentiment Profile (Gated),42
8873,0,0.9998894929885864,1,0.05772783383033802,model::deberta_v3_sentiment_gated,DeBERTa-v3 + Sentiment Profile (Gated),42
14231,0,0.0001097020431188,0,0.05772783383033802,model::deberta_v3_sentiment_gated,DeBERTa-v3 + Sentiment Profile (Gated),42
2040,1,2.2074480057199253e-06,0,0.05772783383033802,model::deberta_v3_sentiment_gated,DeBERTa-v3 + Sentiment Profile (Gated),42
13075,1,2.660252903297078e-06,0,0.05772783383033802,model::deberta_v3_sentiment_gated,DeBERTa-v3 + Sentiment Profile (Gated),42
11080,0,1.966435775102582e-06,0,0.05772783383033802,model::deberta_v3_sentiment_gated,DeBERTa-v3 + Sentiment Profile (Gated),42
15958,1,1.8481695178707007e-06,0,0.05772783383033802,model::deberta_v3_sentiment_gated,DeBERTa-v3 + Sentiment Profile (Gated),42
546,0,1.355005792902375e-06,0,0.05772783383033802,model::deberta_v3_sentiment_gated,DeBERTa-v3 + Sentiment Profile (Gated),42
798,0,1.260162548533117e-06,0,0.05772783383033802,model::deberta_v3_sentiment_gated,DeBERTa-v3 + Sentiment Profile (Gated),42
15907,1,7.222915883176029e-06,0,0.05772783383033802,model::deberta_v3_sentiment_gated,DeBERTa-v3 + Sentiment Profile (Gated),42
271,1,1.2988756679988e-05,0,0.05772783383033802,model::deberta_v3_sentiment_gated,DeBERTa-v3 + Sentiment Profile (Gated),42
4130,0,2.098512140946696e-06,0,0.05772783383033802,model::deberta_v3_sentiment_gated,DeBERTa-v3 + Sentiment Profile (Gated),42
10142,0,2.5272693164879456e-06,0,0.05772783383033802,model::deberta_v3_sentiment_gated,DeBERTa-v3 + Sentiment Profile (Gated),42
16117,0,1.6082578440546058e-05,0,0.05772783383033802,model::deberta_v3_sentiment_gated,DeBERTa-v3 + Sentiment Profile (Gated),42
7121,0,2.152140268663061e-06,0,0.05772783383033802,model::deberta_v3_sentiment_gated,DeBERTa-v3 + Sentiment Profile (Gated),42
4788,0,2.25971643885714e-06,0,0.05772783383033802,model::deberta_v3_sentiment_gated,DeBERTa-v3 + Sentiment Profile (Gated),42
1574,0,4.017776063847123e-06,0,0.05772783383033802,model::deberta_v3_sentiment_gated,DeBERTa-v3 + Sentiment Profile (Gated),42
9657,1,2.25880080506613e-06,0,0.05772783383033802,model::deberta_v3_sentiment_gated,DeBERTa-v3 + Sentiment Profile (Gated),42
15674,1,2.2120041194284568e-06,0,0.05772783383033802,model::deberta_v3_sentiment_gated,DeBERTa-v3 + Sentiment Profile (Gated),42
14017,0,4.75880415251595e-06,0,0.05772783383033802,model::deberta_v3_sentiment_gated,DeBERTa-v3 + Sentiment Profile (Gated),42
18691,0,2.31628382607596e-05,0,0.05772783383033802,model::deberta_v3_sentiment_gated,DeBERTa-v3 + Sentiment Profile (Gated),42
19684,0,4.38247989222873e-05,0,0.05772783383033802,model::deberta_v3_sentiment_gated,DeBERTa-v3 + Sentiment Profile (Gated),42
19741,1,5.656396297126776e-06,0,0.05772783383033802,model::deberta_v3_sentiment_gated,DeBERTa-v3 + Sentiment Profile (Gated),42
3141,1,1.898786763376848e-06,0,0.05772783383033802,model::deberta_v3_sentiment_gated,DeBERTa-v3 + Sentiment Profile (Gated),42
2968,1,2.0474135453696363e-06,0,0.05772783383033802,model::deberta_v3_sentiment_gated,DeBERTa-v3 + Sentiment Profile (Gated),42
10633,1,2.515894948373898e-06,0,0.05772783383033802,model::deberta_v3_sentiment_gated,DeBERTa-v3 + Sentiment Profile (Gated),42
11195,0,1.2303326002438553e-06,0,0.05772783383033802,model::deberta_v3_sentiment_gated,DeBERTa-v3 + Sentiment Profile (Gated),42
17044,0,8.261643233709037e-05,0,0.05772783383033802,model::deberta_v3_sentiment_gated,DeBERTa-v3 + Sentiment Profile (Gated),42
17321,0,1.4134565162748911e-06,0,0.05772783383033802,model::deberta_v3_sentiment_gated,DeBERTa-v3 + Sentiment Profile (Gated),42
12886,1,2.3852705908211647e-06,0,0.05772783383033802,model::deberta_v3_sentiment_gated,DeBERTa-v3 + Sentiment Profile (Gated),42
18709,0,1.5291170711861923e-06,0,0.05772783383033802,model::deberta_v3_sentiment_gated,DeBERTa-v3 + Sentiment Profile (Gated),42
8346,1,1.7164128394142608e-06,0,0.05772783383033802,model::deberta_v3_sentiment_gated,DeBERTa-v3 + Sentiment Profile (Gated),42
18967,0,5.628904091281584e-06,0,0.05772783383033802,model::deberta_v3_sentiment_gated,DeBERTa-v3 + Sentiment Profile (Gated),42
8952,0,1.6650296856823843e-06,0,0.05772783383033802,model::deberta_v3_sentiment_gated,DeBERTa-v3 + Sentiment Profile (Gated),42
20168,0,6.590955308638513e-06,0,0.05772783383033802,model::deberta_v3_sentiment_gated,DeBERTa-v3 + Sentiment Profile (Gated),42
10331,0,1.842278152253129e-06,0,0.05772783383033802,model::deberta_v3_sentiment_gated,DeBERTa-v3 + Sentiment Profile (Gated),42
18336,1,1.91410981642548e-06,0,0.05772783383033802,model::deberta_v3_sentiment_gated,DeBERTa-v3 + Sentiment Profile (Gated),42
19721,0,4.2261935959686525e-06,0,0.05772783383033802,model::deberta_v3_sentiment_gated,DeBERTa-v3 + Sentiment Profile (Gated),42
2895,0,2.9014597657806007e-06,0,0.05772783383033802,model::deberta_v3_sentiment_gated,DeBERTa-v3 + Sentiment Profile (Gated),42
9311,1,1.689306031948945e-06,0,0.05772783383033802,model::deberta_v3_sentiment_gated,DeBERTa-v3 + Sentiment Profile (Gated),42
19159,0,3.418603000682197e-06,0,0.05772783383033802,model::deberta_v3_sentiment_gated,DeBERTa-v3 + Sentiment Profile (Gated),42
1740,0,2.25469671022438e-06,0,0.05772783383033802,model::deberta_v3_sentiment_gated,DeBERTa-v3 + Sentiment Profile (Gated),42
7063,0,1.971774054254638e-06,0,0.05772783383033802,model::deberta_v3_sentiment_gated,DeBERTa-v3 + Sentiment Profile (Gated),42
1117,0,4.306929895392386e-06,0,0.05772783383033802,model::deberta_v3_sentiment_gated,DeBERTa-v3 + Sentiment Profile (Gated),42
17864,0,7.743133028270677e-05,0,0.05772783383033802,model::deberta_v3_sentiment_gated,DeBERTa-v3 + Sentiment Profile (Gated),42
4091,1,1.940903302966035e-06,0,0.05772783383033802,model::deberta_v3_sentiment_gated,DeBERTa-v3 + Sentiment Profile (Gated),42
14084,0,1.9179838091076817e-06,0,0.05772783383033802,model::deberta_v3_sentiment_gated,DeBERTa-v3 + Sentiment Profile (Gated),42
18286,0,1.3245642094261711e-06,0,0.05772783383033802,model::deberta_v3_sentiment_gated,DeBERTa-v3 + Sentiment Profile (Gated),42
20021,1,2.109461775035016e-06,0,0.05772783383033802,model::deberta_v3_sentiment_gated,DeBERTa-v3 + Sentiment Profile (Gated),42
11050,0,2.5745357561390847e-06,0,0.05772783383033802,model::deberta_v3_sentiment_gated,DeBERTa-v3 + Sentiment Profile (Gated),42
4650,1,2.9060981887596427e-06,0,0.05772783383033802,model::deberta_v3_sentiment_gated,DeBERTa-v3 + Sentiment Profile (Gated),42
14381,1,2.0221539216436213e-06,0,0.05772783383033802,model::deberta_v3_sentiment_gated,DeBERTa-v3 + Sentiment Profile (Gated),42
2274,0,5.933076408837224e-06,0,0.05772783383033802,model::deberta_v3_sentiment_gated,DeBERTa-v3 + Sentiment Profile (Gated),42
2975,1,1.5294684772015898e-06,0,0.05772783383033802,model::deberta_v3_sentiment_gated,DeBERTa-v3 + Sentiment Profile (Gated),42
18110,1,2.3716722807876067e-06,0,0.05772783383033802,model::deberta_v3_sentiment_gated,DeBERTa-v3 + Sentiment Profile (Gated),42
13568,1,2.0731072254420724e-06,0,0.05772783383033802,model::deberta_v3_sentiment_gated,DeBERTa-v3 + Sentiment Profile (Gated),42
20984,0,6.6884672378364485e-06,0,0.05772783383033802,model::deberta_v3_sentiment_gated,DeBERTa-v3 + Sentiment Profile (Gated),42
10928,1,1.539149138807261e-06,0,0.05772783383033802,model::deberta_v3_sentiment_gated,DeBERTa-v3 + Sentiment Profile (Gated),42
4169,1,1.6885763898244477e-06,0,0.05772783383033802,model::deberta_v3_sentiment_gated,DeBERTa-v3 + Sentiment Profile (Gated),42
9177,1,2.0775758002855582e-06,0,0.05772783383033802,model::deberta_v3_sentiment_gated,DeBERTa-v3 + Sentiment Profile (Gated),42
13388,0,1.43697002386034e-06,0,0.05772783383033802,model::deberta_v3_sentiment_gated,DeBERTa-v3 + Sentiment Profile (Gated),42
12785,0,1.3219734000813332e-06,0,0.05772783383033802,model::deberta_v3_sentiment_gated,DeBERTa-v3 + Sentiment Profile (Gated),42
15272,1,1.7141391026598285e-06,0,0.05772783383033802,model::deberta_v3_sentiment_gated,DeBERTa-v3 + Sentiment Profile (Gated),42
10296,0,1.579859031153319e-06,0,0.05772783383033802,model::deberta_v3_sentiment_gated,DeBERTa-v3 + Sentiment Profile (Gated),42
1854,1,2.2327512851916254e-06,0,0.05772783383033802,model::deberta_v3_sentiment_gated,DeBERTa-v3 + Sentiment Profile (Gated),42
16449,0,1.3451484619508849e-06,0,0.05772783383033802,model::deberta_v3_sentiment_gated,DeBERTa-v3 + Sentiment Profile (Gated),42
4113,1,1.927509856614052e-06,0,0.05772783383033802,model::deberta_v3_sentiment_gated,DeBERTa-v3 + Sentiment Profile (Gated),42
14894,0,3.074674623348983e-06,0,0.05772783383033802,model::deberta_v3_sentiment_gated,DeBERTa-v3 + Sentiment Profile (Gated),42
19635,1,1.999592313950416e-06,0,0.05772783383033802,model::deberta_v3_sentiment_gated,DeBERTa-v3 + Sentiment Profile (Gated),42
816,1,2.243065864604432e-06,0,0.05772783383033802,model::deberta_v3_sentiment_gated,DeBERTa-v3 + Sentiment Profile (Gated),42
20057,0,2.476185954947141e-06,0,0.05772783383033802,model::deberta_v3_sentiment_gated,DeBERTa-v3 + Sentiment Profile (Gated),42
13410,0,2.1672872208000622e-06,0,0.05772783383033802,model::deberta_v3_sentiment_gated,DeBERTa-v3 + Sentiment Profile (Gated),42
10307,0,1.7981006976697245e-06,0,0.05772783383033802,model::deberta_v3_sentiment_gated,DeBERTa-v3 + Sentiment Profile (Gated),42
2188,1,6.145216957520461e-06,0,0.05772783383033802,model::deberta_v3_sentiment_gated,DeBERTa-v3 + Sentiment Profile (Gated),42
6244,0,1.3058830745649177e-06,0,0.05772783383033802,model::deberta_v3_sentiment_gated,DeBERTa-v3 + Sentiment Profile (Gated),42
19435,1,5.712525762646692e-06,0,0.05772783383033802,model::deberta_v3_sentiment_gated,DeBERTa-v3 + Sentiment Profile (Gated),42
2773,1,2.9563218504335964e-06,0,0.05772783383033802,model::deberta_v3_sentiment_gated,DeBERTa-v3 + Sentiment Profile (Gated),42
17667,0,2.68433359451592e-06,0,0.05772783383033802,model::deberta_v3_sentiment_gated,DeBERTa-v3 + Sentiment Profile (Gated),42
18611,0,1.458672272747208e-06,0,0.05772783383033802,model::deberta_v3_sentiment_gated,DeBERTa-v3 + Sentiment Profile (Gated),42
14694,0,8.249521670222748e-06,0,0.05772783383033802,model::deberta_v3_sentiment_gated,DeBERTa-v3 + Sentiment Profile (Gated),42
17911,1,1.974628958123504e-06,0,0.05772783383033802,model::deberta_v3_sentiment_gated,DeBERTa-v3 + Sentiment Profile (Gated),42
14524,1,1.5240258335325052e-06,0,0.05772783383033802,model::deberta_v3_sentiment_gated,DeBERTa-v3 + Sentiment Profile (Gated),42
16528,0,1.788721192497178e-06,0,0.05772783383033802,model::deberta_v3_sentiment_gated,DeBERTa-v3 + Sentiment Profile (Gated),42
3412,0,1.7628193518248736e-06,0,0.05772783383033802,model::deberta_v3_sentiment_gated,DeBERTa-v3 + Sentiment Profile (Gated),42
16238,0,2.6626667022355832e-06,0,0.05772783383033802,model::deberta_v3_sentiment_gated,DeBERTa-v3 + Sentiment Profile (Gated),42
14091,1,2.672486516530625e-06,0,0.05772783383033802,model::deberta_v3_sentiment_gated,DeBERTa-v3 + Sentiment Profile (Gated),42
10747,0,3.4490909456508234e-05,0,0.05772783383033802,model::deberta_v3_sentiment_gated,DeBERTa-v3 + Sentiment Profile (Gated),42
13544,0,1.0645002248566016e-06,0,0.05772783383033802,model::deberta_v3_sentiment_gated,DeBERTa-v3 + Sentiment Profile (Gated),42
1956,0,1.6056200138336862e-06,0,0.05772783383033802,model::deberta_v3_sentiment_gated,DeBERTa-v3 + Sentiment Profile (Gated),42
5540,0,8.65241509018233e-06,0,0.05772783383033802,model::deberta_v3_sentiment_gated,DeBERTa-v3 + Sentiment Profile (Gated),42
4946,1,1.6658589174767258e-06,0,0.05772783383033802,model::deberta_v3_sentiment_gated,DeBERTa-v3 + Sentiment Profile (Gated),42
9335,0,2.701751327549573e-06,0,0.05772783383033802,model::deberta_v3_sentiment_gated,DeBERTa-v3 + Sentiment Profile (Gated),42
6785,1,1.6752584315327113e-06,0,0.05772783383033802,model::deberta_v3_sentiment_gated,DeBERTa-v3 + Sentiment Profile (Gated),42
3545,0,1.5610183936587418e-06,0,0.05772783383033802,model::deberta_v3_sentiment_gated,DeBERTa-v3 + Sentiment Profile (Gated),42
10811,0,1.7544352886034176e-06,0,0.05772783383033802,model::deberta_v3_sentiment_gated,DeBERTa-v3 + Sentiment Profile (Gated),42
7712,0,1.9359138150321087e-06,0,0.05772783383033802,model::deberta_v3_sentiment_gated,DeBERTa-v3 + Sentiment Profile (Gated),42
11797,0,2.582304114184808e-05,0,0.05772783383033802,model::deberta_v3_sentiment_gated,DeBERTa-v3 + Sentiment Profile (Gated),42
16705,1,1.7967345229408238e-06,0,0.05772783383033802,model::deberta_v3_sentiment_gated,DeBERTa-v3 + Sentiment Profile (Gated),42
17307,1,2.472613232384901e-06,0,0.05772783383033802,model::deberta_v3_sentiment_gated,DeBERTa-v3 + Sentiment Profile (Gated),42
9386,1,1.8416421880829148e-06,0,0.05772783383033802,model::deberta_v3_sentiment_gated,DeBERTa-v3 + Sentiment Profile (Gated),42
2510,0,2.211685568909161e-06,0,0.05772783383033802,model::deberta_v3_sentiment_gated,DeBERTa-v3 + Sentiment Profile (Gated),42
9672,0,1.8655109670362435e-05,0,0.05772783383033802,model::deberta_v3_sentiment_gated,DeBERTa-v3 + Sentiment Profile (Gated),42
2290,1,1.820804413910082e-06,0,0.05772783383033802,model::deberta_v3_sentiment_gated,DeBERTa-v3 + Sentiment Profile (Gated),42
13123,1,2.64141181105515e-06,0,0.05772783383033802,model::deberta_v3_sentiment_gated,DeBERTa-v3 + Sentiment Profile (Gated),42
1322,0,0.0001006855745799,0,0.05772783383033802,model::deberta_v3_sentiment_gated,DeBERTa-v3 + Sentiment Profile (Gated),42
5841,1,1.819519866330665e-06,0,0.05772783383033802,model::deberta_v3_sentiment_gated,DeBERTa-v3 + Sentiment Profile (Gated),42
9513,0,2.477577254467178e-06,0,0.05772783383033802,model::deberta_v3_sentiment_gated,DeBERTa-v3 + Sentiment Profile (Gated),42
12211,1,2.5696053853607737e-06,0,0.05772783383033802,model::deberta_v3_sentiment_gated,DeBERTa-v3 + Sentiment Profile (Gated),42
21058,1,2.0969557681382867e-06,0,0.05772783383033802,model::deberta_v3_sentiment_gated,DeBERTa-v3 + Sentiment Profile (Gated),42
10357,1,2.68985331786098e-06,0,0.05772783383033802,model::deberta_v3_sentiment_gated,DeBERTa-v3 + Sentiment Profile (Gated),42
6183,1,1.5707804550402216e-06,0,0.05772783383033802,model::deberta_v3_sentiment_gated,DeBERTa-v3 + Sentiment Profile (Gated),42
18633,0,3.5328839658177458e-06,0,0.05772783383033802,model::deberta_v3_sentiment_gated,DeBERTa-v3 + Sentiment Profile (Gated),42
19725,0,1.597921027496341e-06,0,0.05772783383033802,model::deberta_v3_sentiment_gated,DeBERTa-v3 + Sentiment Profile (Gated),42
16923,0,2.790929556795163e-06,0,0.05772783383033802,model::deberta_v3_sentiment_gated,DeBERTa-v3 + Sentiment Profile (Gated),42
13020,1,2.0527077140286565e-06,0,0.05772783383033802,model::deberta_v3_sentiment_gated,DeBERTa-v3 + Sentiment Profile (Gated),42
540,0,1.2653504199988674e-06,0,0.05772783383033802,model::deberta_v3_sentiment_gated,DeBERTa-v3 + Sentiment Profile (Gated),42
4871,1,2.694068825803697e-06,0,0.05772783383033802,model::deberta_v3_sentiment_gated,DeBERTa-v3 + Sentiment Profile (Gated),42
8695,0,1.4779892580918386e-06,0,0.05772783383033802,model::deberta_v3_sentiment_gated,DeBERTa-v3 + Sentiment Profile (Gated),42
17258,0,2.4355563255085144e-06,0,0.05772783383033802,model::deberta_v3_sentiment_gated,DeBERTa-v3 + Sentiment Profile (Gated),42
6848,1,1.7656326463111327e-06,0,0.05772783383033802,model::deberta_v3_sentiment_gated,DeBERTa-v3 + Sentiment Profile (Gated),42
15205,1,2.15081900023506e-06,0,0.05772783383033802,model::deberta_v3_sentiment_gated,DeBERTa-v3 + Sentiment Profile (Gated),42
11072,0,5.076009529147996e-06,0,0.05772783383033802,model::deberta_v3_sentiment_gated,DeBERTa-v3 + Sentiment Profile (Gated),42
13487,1,1.5788770042490796e-06,0,0.05772783383033802,model::deberta_v3_sentiment_gated,DeBERTa-v3 + Sentiment Profile (Gated),42
6640,1,2.58215345638746e-06,0,0.05772783383033802,model::deberta_v3_sentiment_gated,DeBERTa-v3 + Sentiment Profile (Gated),42
6326,1,2.427357003398356e-06,0,0.05772783383033802,model::deberta_v3_sentiment_gated,DeBERTa-v3 + Sentiment Profile (Gated),42
10867,1,2.901791731346748e-06,0,0.05772783383033802,model::deberta_v3_sentiment_gated,DeBERTa-v3 + Sentiment Profile (Gated),42
8939,1,2.99232010547712e-06,0,0.05772783383033802,model::deberta_v3_sentiment_gated,DeBERTa-v3 + Sentiment Profile (Gated),42
9486,0,2.6105039978574496e-06,0,0.05772783383033802,model::deberta_v3_sentiment_gated,DeBERTa-v3 + Sentiment Profile (Gated),42
6563,1,1.605111719982233e-06,0,0.05772783383033802,model::deberta_v3_sentiment_gated,DeBERTa-v3 + Sentiment Profile (Gated),42
20362,1,3.4223446618852904e-06,0,0.05772783383033802,model::deberta_v3_sentiment_gated,DeBERTa-v3 + Sentiment Profile (Gated),42
17141,0,1.750409296619182e-06,0,0.05772783383033802,model::deberta_v3_sentiment_gated,DeBERTa-v3 + Sentiment Profile (Gated),42
5695,0,2.071988319585216e-06,0,0.05772783383033802,model::deberta_v3_sentiment_gated,DeBERTa-v3 + Sentiment Profile (Gated),42
19571,0,2.222507191618206e-06,0,0.05772783383033802,model::deberta_v3_sentiment_gated,DeBERTa-v3 + Sentiment Profile (Gated),42
18271,1,4.762767730426276e-06,0,0.05772783383033802,model::deberta_v3_sentiment_gated,DeBERTa-v3 + Sentiment Profile (Gated),42
9009,0,4.717742740467656e-06,0,0.05772783383033802,model::deberta_v3_sentiment_gated,DeBERTa-v3 + Sentiment Profile (Gated),42
687,0,1.524008325759496e-06,0,0.05772783383033802,model::deberta_v3_sentiment_gated,DeBERTa-v3 + Sentiment Profile (Gated),42
7481,1,2.752995442278916e-06,0,0.05772783383033802,model::deberta_v3_sentiment_gated,DeBERTa-v3 + Sentiment Profile (Gated),42
437,1,2.308763896508026e-06,0,0.05772783383033802,model::deberta_v3_sentiment_gated,DeBERTa-v3 + Sentiment Profile (Gated),42
2543,1,1.3743974704993889e-06,0,0.05772783383033802,model::deberta_v3_sentiment_gated,DeBERTa-v3 + Sentiment Profile (Gated),42
1100,0,3.026510057679843e-06,0,0.05772783383033802,model::deberta_v3_sentiment_gated,DeBERTa-v3 + Sentiment Profile (Gated),42
8900,0,3.1461477192351595e-06,0,0.05772783383033802,model::deberta_v3_sentiment_gated,DeBERTa-v3 + Sentiment Profile (Gated),42
18697,0,1.415478800481651e-05,0,0.05772783383033802,model::deberta_v3_sentiment_gated,DeBERTa-v3 + Sentiment Profile (Gated),42
13305,1,5.284293365548365e-06,0,0.05772783383033802,model::deberta_v3_sentiment_gated,DeBERTa-v3 + Sentiment Profile (Gated),42
17723,0,2.305520638401504e-06,0,0.05772783383033802,model::deberta_v3_sentiment_gated,DeBERTa-v3 + Sentiment Profile (Gated),42
5755,0,2.6529070964897983e-05,0,0.05772783383033802,model::deberta_v3_sentiment_gated,DeBERTa-v3 + Sentiment Profile (Gated),42
1390,0,1.8741041003522696e-06,0,0.05772783383033802,model::deberta_v3_sentiment_gated,DeBERTa-v3 + Sentiment Profile (Gated),42
3759,0,3.5776936329057207e-06,0,0.05772783383033802,model::deberta_v3_sentiment_gated,DeBERTa-v3 + Sentiment Profile (Gated),42
3392,0,2.947898337879451e-06,0,0.05772783383033802,model::deberta_v3_sentiment_gated,DeBERTa-v3 + Sentiment Profile (Gated),42
11785,0,1.5320728152801166e-06,0,0.05772783383033802,model::deberta_v3_sentiment_gated,DeBERTa-v3 + Sentiment Profile (Gated),42
12707,0,1.173376972474216e-06,0,0.05772783383033802,model::deberta_v3_sentiment_gated,DeBERTa-v3 + Sentiment Profile (Gated),42
5593,0,3.77415062757791e-06,0,0.05772783383033802,model::deberta_v3_sentiment_gated,DeBERTa-v3 + Sentiment Profile (Gated),42
19115,0,2.712067043830757e-06,0,0.05772783383033802,model::deberta_v3_sentiment_gated,DeBERTa-v3 + Sentiment Profile (Gated),42
6726,1,1.788286226656055e-06,0,0.05772783383033802,model::deberta_v3_sentiment_gated,DeBERTa-v3 + Sentiment Profile (Gated),42
3046,1,2.3902166503830813e-06,0,0.05772783383033802,model::deberta_v3_sentiment_gated,DeBERTa-v3 + Sentiment Profile (Gated),42
301,0,2.774105951175443e-06,0,0.05772783383033802,model::deberta_v3_sentiment_gated,DeBERTa-v3 + Sentiment Profile (Gated),42
8395,1,1.6508313365193317e-06,0,0.05772783383033802,model::deberta_v3_sentiment_gated,DeBERTa-v3 + Sentiment Profile (Gated),42
19689,0,1.165571120509412e-06,0,0.05772783383033802,model::deberta_v3_sentiment_gated,DeBERTa-v3 + Sentiment Profile (Gated),42
7687,1,1.7925173096955405e-06,0,0.05772783383033802,model::deberta_v3_sentiment_gated,DeBERTa-v3 + Sentiment Profile (Gated),42
7664,0,2.936887540272437e-06,0,0.05772783383033802,model::deberta_v3_sentiment_gated,DeBERTa-v3 + Sentiment Profile (Gated),42
4550,1,1.5718475196990769e-06,0,0.05772783383033802,model::deberta_v3_sentiment_gated,DeBERTa-v3 + Sentiment Profile (Gated),42
14612,1,2.74489980256476e-06,0,0.05772783383033802,model::deberta_v3_sentiment_gated,DeBERTa-v3 + Sentiment Profile (Gated),42
17535,0,2.029518782364903e-06,0,0.05772783383033802,model::deberta_v3_sentiment_gated,DeBERTa-v3 + Sentiment Profile (Gated),42
14500,0,2.759014250841574e-06,0,0.05772783383033802,model::deberta_v3_sentiment_gated,DeBERTa-v3 + Sentiment Profile (Gated),42
11181,1,2.113075879606185e-06,0,0.05772783383033802,model::deberta_v3_sentiment_gated,DeBERTa-v3 + Sentiment Profile (Gated),42
12882,1,5.428427812148584e-06,0,0.05772783383033802,model::deberta_v3_sentiment_gated,DeBERTa-v3 + Sentiment Profile (Gated),42
14542,0,2.1468024442583555e-06,0,0.05772783383033802,model::deberta_v3_sentiment_gated,DeBERTa-v3 + Sentiment Profile (Gated),42
12856,1,3.724244606928551e-06,0,0.05772783383033802,model::deberta_v3_sentiment_gated,DeBERTa-v3 + Sentiment Profile (Gated),42
16543,1,1.9372582755750045e-06,0,0.05772783383033802,model::deberta_v3_sentiment_gated,DeBERTa-v3 + Sentiment Profile (Gated),42
12935,0,2.29885495173221e-06,0,0.05772783383033802,model::deberta_v3_sentiment_gated,DeBERTa-v3 + Sentiment Profile (Gated),42
20507,1,2.490587803549716e-06,0,0.05772783383033802,model::deberta_v3_sentiment_gated,DeBERTa-v3 + Sentiment Profile (Gated),42
20281,1,3.633912911027437e-06,0,0.05772783383033802,model::deberta_v3_sentiment_gated,DeBERTa-v3 + Sentiment Profile (Gated),42
11670,1,2.581872649898287e-06,0,0.05772783383033802,model::deberta_v3_sentiment_gated,DeBERTa-v3 + Sentiment Profile (Gated),42
13377,0,6.1038067542540375e-06,0,0.05772783383033802,model::deberta_v3_sentiment_gated,DeBERTa-v3 + Sentiment Profile (Gated),42
16106,1,1.7670038232608931e-06,0,0.05772783383033802,model::deberta_v3_sentiment_gated,DeBERTa-v3 + Sentiment Profile (Gated),42
16093,0,1.7122389408541494e-06,0,0.05772783383033802,model::deberta_v3_sentiment_gated,DeBERTa-v3 + Sentiment Profile (Gated),42
17762,1,8.082112799456809e-06,0,0.05772783383033802,model::deberta_v3_sentiment_gated,DeBERTa-v3 + Sentiment Profile (Gated),42
3947,0,3.049633050977718e-06,0,0.05772783383033802,model::deberta_v3_sentiment_gated,DeBERTa-v3 + Sentiment Profile (Gated),42
4666,1,1.9264823549747234e-06,0,0.05772783383033802,model::deberta_v3_sentiment_gated,DeBERTa-v3 + Sentiment Profile (Gated),42
13764,0,1.475779299653368e-06,0,0.05772783383033802,model::deberta_v3_sentiment_gated,DeBERTa-v3 + Sentiment Profile (Gated),42
1338,0,2.3832287752156844e-06,0,0.05772783383033802,model::deberta_v3_sentiment_gated,DeBERTa-v3 + Sentiment Profile (Gated),42
15915,0,2.161829115721048e-06,0,0.05772783383033802,model::deberta_v3_sentiment_gated,DeBERTa-v3 + Sentiment Profile (Gated),42
19418,1,4.8007086661527865e-06,0,0.05772783383033802,model::deberta_v3_sentiment_gated,DeBERTa-v3 + Sentiment Profile (Gated),42
5541,0,3.06171227748564e-06,0,0.05772783383033802,model::deberta_v3_sentiment_gated,DeBERTa-v3 + Sentiment Profile (Gated),42
11345,1,2.143380015695584e-06,0,0.05772783383033802,model::deberta_v3_sentiment_gated,DeBERTa-v3 + Sentiment Profile (Gated),42
13047,1,2.40998133449466e-06,0,0.05772783383033802,model::deberta_v3_sentiment_gated,DeBERTa-v3 + Sentiment Profile (Gated),42
10206,1,1.7488707726442954e-06,0,0.05772783383033802,model::deberta_v3_sentiment_gated,DeBERTa-v3 + Sentiment Profile (Gated),42
6940,1,1.8722962522588205e-06,0,0.05772783383033802,model::deberta_v3_sentiment_gated,DeBERTa-v3 + Sentiment Profile (Gated),42
11720,1,1.5169958942351514e-06,0,0.05772783383033802,model::deberta_v3_sentiment_gated,DeBERTa-v3 + Sentiment Profile (Gated),42
2120,0,1.255867573490832e-06,0,0.05772783383033802,model::deberta_v3_sentiment_gated,DeBERTa-v3 + Sentiment Profile (Gated),42
21003,0,1.8661212379811327e-06,0,0.05772783383033802,model::deberta_v3_sentiment_gated,DeBERTa-v3 + Sentiment Profile (Gated),42
6534,1,2.06630124921503e-06,0,0.05772783383033802,model::deberta_v3_sentiment_gated,DeBERTa-v3 + Sentiment Profile (Gated),42
20927,1,2.348303723920253e-06,0,0.05772783383033802,model::deberta_v3_sentiment_gated,DeBERTa-v3 + Sentiment Profile (Gated),42
13107,0,3.049897713935934e-06,0,0.05772783383033802,model::deberta_v3_sentiment_gated,DeBERTa-v3 + Sentiment Profile (Gated),42
20603,0,4.235279448039364e-06,0,0.05772783383033802,model::deberta_v3_sentiment_gated,DeBERTa-v3 + Sentiment Profile (Gated),42
9452,1,2.205766804763698e-06,0,0.05772783383033802,model::deberta_v3_sentiment_gated,DeBERTa-v3 + Sentiment Profile (Gated),42
4005,0,3.382695922482526e-06,0,0.05772783383033802,model::deberta_v3_sentiment_gated,DeBERTa-v3 + Sentiment Profile (Gated),42
2041,1,3.856889634334948e-06,0,0.05772783383033802,model::deberta_v3_sentiment_gated,DeBERTa-v3 + Sentiment Profile (Gated),42
12589,1,1.5965957800290198e-06,0,0.05772783383033802,model::deberta_v3_sentiment_gated,DeBERTa-v3 + Sentiment Profile (Gated),42
99,1,2.4047169517871225e-06,0,0.05772783383033802,model::deberta_v3_sentiment_gated,DeBERTa-v3 + Sentiment Profile (Gated),42
4646,0,5.0885587370430585e-06,0,0.05772783383033802,model::deberta_v3_sentiment_gated,DeBERTa-v3 + Sentiment Profile (Gated),42
1275,0,4.375755452201702e-06,0,0.05772783383033802,model::deberta_v3_sentiment_gated,DeBERTa-v3 + Sentiment Profile (Gated),42
9606,0,0.000307055801386,0,0.05772783383033802,model::deberta_v3_sentiment_gated,DeBERTa-v3 + Sentiment Profile (Gated),42
15552,0,1.0734984243754296e-05,0,0.05772783383033802,model::deberta_v3_sentiment_gated,DeBERTa-v3 + Sentiment Profile (Gated),42
15416,1,1.8924774849438109e-06,0,0.05772783383033802,model::deberta_v3_sentiment_gated,DeBERTa-v3 + Sentiment Profile (Gated),42
3899,1,1.5116468148335116e-06,0,0.05772783383033802,model::deberta_v3_sentiment_gated,DeBERTa-v3 + Sentiment Profile (Gated),42
9168,1,1.6544626078029978e-06,0,0.05772783383033802,model::deberta_v3_sentiment_gated,DeBERTa-v3 + Sentiment Profile (Gated),42
20325,1,8.520939445588738e-06,0,0.05772783383033802,model::deberta_v3_sentiment_gated,DeBERTa-v3 + Sentiment Profile (Gated),42
19870,0,1.5796737216078327e-06,0,0.05772783383033802,model::deberta_v3_sentiment_gated,DeBERTa-v3 + Sentiment Profile (Gated),42
1973,0,1.1779335409300984e-06,0,0.05772783383033802,model::deberta_v3_sentiment_gated,DeBERTa-v3 + Sentiment Profile (Gated),42
16233,1,1.8438178130963927e-06,0,0.05772783383033802,model::deberta_v3_sentiment_gated,DeBERTa-v3 + Sentiment Profile (Gated),42
8004,1,1.8304917830391787e-06,0,0.05772783383033802,model::deberta_v3_sentiment_gated,DeBERTa-v3 + Sentiment Profile (Gated),42
7704,1,1.7564309473527828e-06,0,0.05772783383033802,model::deberta_v3_sentiment_gated,DeBERTa-v3 + Sentiment Profile (Gated),42
14453,0,7.497654223698191e-06,0,0.05772783383033802,model::deberta_v3_sentiment_gated,DeBERTa-v3 + Sentiment Profile (Gated),42
19283,1,1.94286803889554e-06,0,0.05772783383033802,model::deberta_v3_sentiment_gated,DeBERTa-v3 + Sentiment Profile (Gated),42
13121,0,1.5153707408899209e-06,0,0.05772783383033802,model::deberta_v3_sentiment_gated,DeBERTa-v3 + Sentiment Profile (Gated),42
933,1,2.241447191408952e-06,0,0.05772783383033802,model::deberta_v3_sentiment_gated,DeBERTa-v3 + Sentiment Profile (Gated),42
16534,1,2.320642352060532e-06,0,0.05772783383033802,model::deberta_v3_sentiment_gated,DeBERTa-v3 + Sentiment Profile (Gated),42
13551,0,2.754891738732113e-06,0,0.05772783383033802,model::deberta_v3_sentiment_gated,DeBERTa-v3 + Sentiment Profile (Gated),42
20584,0,9.534833225188776e-07,0,0.05772783383033802,model::deberta_v3_sentiment_gated,DeBERTa-v3 + Sentiment Profile (Gated),42
8329,1,2.001389248107444e-06,0,0.05772783383033802,model::deberta_v3_sentiment_gated,DeBERTa-v3 + Sentiment Profile (Gated),42
442,1,1.8690136585064463e-06,0,0.05772783383033802,model::deberta_v3_sentiment_gated,DeBERTa-v3 + Sentiment Profile (Gated),42
9517,0,2.679969838936813e-06,0,0.05772783383033802,model::deberta_v3_sentiment_gated,DeBERTa-v3 + Sentiment Profile (Gated),42
15277,0,1.0774061593110671e-05,0,0.05772783383033802,model::deberta_v3_sentiment_gated,DeBERTa-v3 + Sentiment Profile (Gated),42
8177,0,4.331087893660879e-06,0,0.05772783383033802,model::deberta_v3_sentiment_gated,DeBERTa-v3 + Sentiment Profile (Gated),42
9740,0,3.5417729122855235e-06,0,0.05772783383033802,model::deberta_v3_sentiment_gated,DeBERTa-v3 + Sentiment Profile (Gated),42
18612,0,1.3223996120359516e-06,0,0.05772783383033802,model::deberta_v3_sentiment_gated,DeBERTa-v3 + Sentiment Profile (Gated),42
7065,1,2.0737181785079883e-06,0,0.05772783383033802,model::deberta_v3_sentiment_gated,DeBERTa-v3 + Sentiment Profile (Gated),42
17108,1,1.5495944580834475e-06,0,0.05772783383033802,model::deberta_v3_sentiment_gated,DeBERTa-v3 + Sentiment Profile (Gated),42
623,1,1.4343521570481244e-06,0,0.05772783383033802,model::deberta_v3_sentiment_gated,DeBERTa-v3 + Sentiment Profile (Gated),42
450,1,2.7608305117610143e-06,0,0.05772783383033802,model::deberta_v3_sentiment_gated,DeBERTa-v3 + Sentiment Profile (Gated),42
14789,1,1.4255862197387614e-06,0,0.05772783383033802,model::deberta_v3_sentiment_gated,DeBERTa-v3 + Sentiment Profile (Gated),42
20505,1,1.7239952967429415e-06,0,0.05772783383033802,model::deberta_v3_sentiment_gated,DeBERTa-v3 + Sentiment Profile (Gated),42
6836,1,1.6974744312392431e-06,0,0.05772783383033802,model::deberta_v3_sentiment_gated,DeBERTa-v3 + Sentiment Profile (Gated),42
1568,0,4.650108894566074e-05,0,0.05772783383033802,model::deberta_v3_sentiment_gated,DeBERTa-v3 + Sentiment Profile (Gated),42
4933,0,2.1320631731214235e-06,0,0.05772783383033802,model::deberta_v3_sentiment_gated,DeBERTa-v3 + Sentiment Profile (Gated),42
1934,1,1.5870198240008904e-06,0,0.05772783383033802,model::deberta_v3_sentiment_gated,DeBERTa-v3 + Sentiment Profile (Gated),42
3849,0,1.5985048094080412e-06,0,0.05772783383033802,model::deberta_v3_sentiment_gated,DeBERTa-v3 + Sentiment Profile (Gated),42
8418,1,2.4767243758105906e-06,0,0.05772783383033802,model::deberta_v3_sentiment_gated,DeBERTa-v3 + Sentiment Profile (Gated),42
11146,0,1.546057660561928e-06,0,0.05772783383033802,model::deberta_v3_sentiment_gated,DeBERTa-v3 + Sentiment Profile (Gated),42
2858,0,2.299148945894558e-06,0,0.05772783383033802,model::deberta_v3_sentiment_gated,DeBERTa-v3 + Sentiment Profile (Gated),42
11360,0,1.6290485973513569e-06,0,0.05772783383033802,model::deberta_v3_sentiment_gated,DeBERTa-v3 + Sentiment Profile (Gated),42
6587,1,1.6626052001811331e-06,0,0.05772783383033802,model::deberta_v3_sentiment_gated,DeBERTa-v3 + Sentiment Profile (Gated),42
16519,0,3.130533514195122e-06,0,0.05772783383033802,model::deberta_v3_sentiment_gated,DeBERTa-v3 + Sentiment Profile (Gated),42
4196,0,2.344924496355816e-06,0,0.05772783383033802,model::deberta_v3_sentiment_gated,DeBERTa-v3 + Sentiment Profile (Gated),42
7775,1,3.3385520055162488e-06,0,0.05772783383033802,model::deberta_v3_sentiment_gated,DeBERTa-v3 + Sentiment Profile (Gated),42
16531,1,2.365426553296857e-06,0,0.05772783383033802,model::deberta_v3_sentiment_gated,DeBERTa-v3 + Sentiment Profile (Gated),42
4179,0,8.490374057146255e-06,0,0.05772783383033802,model::deberta_v3_sentiment_gated,DeBERTa-v3 + Sentiment Profile (Gated),42
12064,1,2.436972499708645e-05,0,0.05772783383033802,model::deberta_v3_sentiment_gated,DeBERTa-v3 + Sentiment Profile (Gated),42
6925,0,3.0235096346586943e-06,0,0.05772783383033802,model::deberta_v3_sentiment_gated,DeBERTa-v3 + Sentiment Profile (Gated),42
14658,1,1.7327146224488388e-06,0,0.05772783383033802,model::deberta_v3_sentiment_gated,DeBERTa-v3 + Sentiment Profile (Gated),42
8300,1,1.538218839414185e-06,0,0.05772783383033802,model::deberta_v3_sentiment_gated,DeBERTa-v3 + Sentiment Profile (Gated),42
7488,1,2.298782646903419e-06,0,0.05772783383033802,model::deberta_v3_sentiment_gated,DeBERTa-v3 + Sentiment Profile (Gated),42
6391,1,1.6703129404049832e-06,0,0.05772783383033802,model::deberta_v3_sentiment_gated,DeBERTa-v3 + Sentiment Profile (Gated),42
2972,1,2.1246787582640536e-06,0,0.05772783383033802,model::deberta_v3_sentiment_gated,DeBERTa-v3 + Sentiment Profile (Gated),42
4309,1,2.3429843167832587e-06,0,0.05772783383033802,model::deberta_v3_sentiment_gated,DeBERTa-v3 + Sentiment Profile (Gated),42
14302,0,1.3991439118399285e-06,0,0.05772783383033802,model::deberta_v3_sentiment_gated,DeBERTa-v3 + Sentiment Profile (Gated),42
2721,0,1.1063690408263938e-06,0,0.05772783383033802,model::deberta_v3_sentiment_gated,DeBERTa-v3 + Sentiment Profile (Gated),42
9113,0,1.7914304635269218e-06,0,0.05772783383033802,model::deberta_v3_sentiment_gated,DeBERTa-v3 + Sentiment Profile (Gated),42
5905,1,2.07610219149501e-06,0,0.05772783383033802,model::deberta_v3_sentiment_gated,DeBERTa-v3 + Sentiment Profile (Gated),42
13630,1,2.2524936866830103e-06,0,0.05772783383033802,model::deberta_v3_sentiment_gated,DeBERTa-v3 + Sentiment Profile (Gated),42
11675,1,5.338043138181092e-06,0,0.05772783383033802,model::deberta_v3_sentiment_gated,DeBERTa-v3 + Sentiment Profile (Gated),42
2821,1,2.08450205718691e-06,0,0.05772783383033802,model::deberta_v3_sentiment_gated,DeBERTa-v3 + Sentiment Profile (Gated),42
13740,0,3.76863340534328e-06,0,0.05772783383033802,model::deberta_v3_sentiment_gated,DeBERTa-v3 + Sentiment Profile (Gated),42
10802,1,1.6088019947346766e-06,0,0.05772783383033802,model::deberta_v3_sentiment_gated,DeBERTa-v3 + Sentiment Profile (Gated),42
16566,1,2.2544170406035846e-06,0,0.05772783383033802,model::deberta_v3_sentiment_gated,DeBERTa-v3 + Sentiment Profile (Gated),42
13407,1,1.4343344219014398e-06,0,0.05772783383033802,model::deberta_v3_sentiment_gated,DeBERTa-v3 + Sentiment Profile (Gated),42
21118,0,5.20105822943151e-06,0,0.05772783383033802,model::deberta_v3_sentiment_gated,DeBERTa-v3 + Sentiment Profile (Gated),42
10513,1,1.8949949662783183e-06,0,0.05772783383033802,model::deberta_v3_sentiment_gated,DeBERTa-v3 + Sentiment Profile (Gated),42
9566,0,1.5522449530180893e-06,0,0.05772783383033802,model::deberta_v3_sentiment_gated,DeBERTa-v3 + Sentiment Profile (Gated),42
13783,1,2.79558071270003e-06,0,0.05772783383033802,model::deberta_v3_sentiment_gated,DeBERTa-v3 + Sentiment Profile (Gated),42
560,1,2.560039320087526e-06,0,0.05772783383033802,model::deberta_v3_sentiment_gated,DeBERTa-v3 + Sentiment Profile (Gated),42
17002,1,1.5074703014761326e-06,0,0.05772783383033802,model::deberta_v3_sentiment_gated,DeBERTa-v3 + Sentiment Profile (Gated),42
5175,1,1.9964481907663867e-06,0,0.05772783383033802,model::deberta_v3_sentiment_gated,DeBERTa-v3 + Sentiment Profile (Gated),42
5690,1,2.2386657292372547e-06,0,0.05772783383033802,model::deberta_v3_sentiment_gated,DeBERTa-v3 + Sentiment Profile (Gated),42
15444,1,2.132044983227388e-06,0,0.05772783383033802,model::deberta_v3_sentiment_gated,DeBERTa-v3 + Sentiment Profile (Gated),42
10214,1,1.4984475456003563e-06,0,0.05772783383033802,model::deberta_v3_sentiment_gated,DeBERTa-v3 + Sentiment Profile (Gated),42
3049,1,1.7540388626002823e-06,0,0.05772783383033802,model::deberta_v3_sentiment_gated,DeBERTa-v3 + Sentiment Profile (Gated),42
2883,0,2.257879032185884e-06,0,0.05772783383033802,model::deberta_v3_sentiment_gated,DeBERTa-v3 + Sentiment Profile (Gated),42
975,1,1.6154742752405582e-06,0,0.05772783383033802,model::deberta_v3_sentiment_gated,DeBERTa-v3 + Sentiment Profile (Gated),42
71,0,1.951300419023028e-06,0,0.05772783383033802,model::deberta_v3_sentiment_gated,DeBERTa-v3 + Sentiment Profile (Gated),42
4599,1,1.823271873035992e-06,0,0.05772783383033802,model::deberta_v3_sentiment_gated,DeBERTa-v3 + Sentiment Profile (Gated),42
18275,0,4.91738501295913e-06,0,0.05772783383033802,model::deberta_v3_sentiment_gated,DeBERTa-v3 + Sentiment Profile (Gated),42
17571,1,2.240775984319044e-06,0,0.05772783383033802,model::deberta_v3_sentiment_gated,DeBERTa-v3 + Sentiment Profile (Gated),42
8416,0,2.1462149106810102e-06,0,0.05772783383033802,model::deberta_v3_sentiment_gated,DeBERTa-v3 + Sentiment Profile (Gated),42
3943,0,2.337023488507839e-06,0,0.05772783383033802,model::deberta_v3_sentiment_gated,DeBERTa-v3 + Sentiment Profile (Gated),42
5303,0,1.524665435681527e-06,0,0.05772783383033802,model::deberta_v3_sentiment_gated,DeBERTa-v3 + Sentiment Profile (Gated),42
16788,1,2.008234105232986e-06,0,0.05772783383033802,model::deberta_v3_sentiment_gated,DeBERTa-v3 + Sentiment Profile (Gated),42
18501,0,1.2170428362878738e-06,0,0.05772783383033802,model::deberta_v3_sentiment_gated,DeBERTa-v3 + Sentiment Profile (Gated),42
2130,1,1.6714890307412134e-06,0,0.05772783383033802,model::deberta_v3_sentiment_gated,DeBERTa-v3 + Sentiment Profile (Gated),42
17344,1,2.0385036805237178e-06,0,0.05772783383033802,model::deberta_v3_sentiment_gated,DeBERTa-v3 + Sentiment Profile (Gated),42
19397,1,1.839811261561408e-06,0,0.05772783383033802,model::deberta_v3_sentiment_gated,DeBERTa-v3 + Sentiment Profile (Gated),42
19239,1,1.997992740143673e-06,0,0.05772783383033802,model::deberta_v3_sentiment_gated,DeBERTa-v3 + Sentiment Profile (Gated),42
17745,0,1.8885596091422483e-06,0,0.05772783383033802,model::deberta_v3_sentiment_gated,DeBERTa-v3 + Sentiment Profile (Gated),42
18320,0,6.434850365621969e-05,0,0.05772783383033802,model::deberta_v3_sentiment_gated,DeBERTa-v3 + Sentiment Profile (Gated),42
1295,1,2.2710805751557928e-06,0,0.05772783383033802,model::deberta_v3_sentiment_gated,DeBERTa-v3 + Sentiment Profile (Gated),42
16517,0,4.471289685170632e-06,0,0.05772783383033802,model::deberta_v3_sentiment_gated,DeBERTa-v3 + Sentiment Profile (Gated),42
14688,1,1.6820139308038051e-06,0,0.05772783383033802,model::deberta_v3_sentiment_gated,DeBERTa-v3 + Sentiment Profile (Gated),42
14603,1,1.969302957149921e-06,0,0.05772783383033802,model::deberta_v3_sentiment_gated,DeBERTa-v3 + Sentiment Profile (Gated),42
6744,1,1.859494886957691e-06,0,0.05772783383033802,model::deberta_v3_sentiment_gated,DeBERTa-v3 + Sentiment Profile (Gated),42
6995,1,1.7118420601036632e-06,0,0.05772783383033802,model::deberta_v3_sentiment_gated,DeBERTa-v3 + Sentiment Profile (Gated),42
17663,1,1.673741394370154e-06,0,0.05772783383033802,model::deberta_v3_sentiment_gated,DeBERTa-v3 + Sentiment Profile (Gated),42
4851,1,1.9507831439113943e-06,0,0.05772783383033802,model::deberta_v3_sentiment_gated,DeBERTa-v3 + Sentiment Profile (Gated),42
958,1,1.6465608041471569e-06,0,0.05772783383033802,model::deberta_v3_sentiment_gated,DeBERTa-v3 + Sentiment Profile (Gated),42
19857,0,1.7957340787688736e-06,0,0.05772783383033802,model::deberta_v3_sentiment_gated,DeBERTa-v3 + Sentiment Profile (Gated),42
349,1,2.0626432615244994e-06,0,0.05772783383033802,model::deberta_v3_sentiment_gated,DeBERTa-v3 + Sentiment Profile (Gated),42
16537,1,1.8315009810976333e-06,0,0.05772783383033802,model::deberta_v3_sentiment_gated,DeBERTa-v3 + Sentiment Profile (Gated),42
2859,0,1.1978474958596053e-06,0,0.05772783383033802,model::deberta_v3_sentiment_gated,DeBERTa-v3 + Sentiment Profile (Gated),42
1002,1,1.4576460216630949e-06,0,0.05772783383033802,model::deberta_v3_sentiment_gated,DeBERTa-v3 + Sentiment Profile (Gated),42
19216,1,2.510626472940203e-06,0,0.05772783383033802,model::deberta_v3_sentiment_gated,DeBERTa-v3 + Sentiment Profile (Gated),42
8488,0,3.1210836368700257e-06,0,0.05772783383033802,model::deberta_v3_sentiment_gated,DeBERTa-v3 + Sentiment Profile (Gated),42
10341,1,1.6400163076468743e-06,0,0.05772783383033802,model::deberta_v3_sentiment_gated,DeBERTa-v3 + Sentiment Profile (Gated),42
5760,1,2.2739475298294565e-06,0,0.05772783383033802,model::deberta_v3_sentiment_gated,DeBERTa-v3 + Sentiment Profile (Gated),42
20532,0,1.2261168649274623e-06,0,0.05772783383033802,model::deberta_v3_sentiment_gated,DeBERTa-v3 + Sentiment Profile (Gated),42
3037,1,2.159370978915831e-06,0,0.05772783383033802,model::deberta_v3_sentiment_gated,DeBERTa-v3 + Sentiment Profile (Gated),42
13980,0,1.3920605397288457e-06,0,0.05772783383033802,model::deberta_v3_sentiment_gated,DeBERTa-v3 + Sentiment Profile (Gated),42
3036,1,2.2088695459387964e-06,0,0.05772783383033802,model::deberta_v3_sentiment_gated,DeBERTa-v3 + Sentiment Profile (Gated),42
21108,0,2.691264626264456e-06,0,0.05772783383033802,model::deberta_v3_sentiment_gated,DeBERTa-v3 + Sentiment Profile (Gated),42
12034,0,8.19685374153778e-06,0,0.05772783383033802,model::deberta_v3_sentiment_gated,DeBERTa-v3 + Sentiment Profile (Gated),42
240,1,2.3266609332495136e-06,0,0.05772783383033802,model::deberta_v3_sentiment_gated,DeBERTa-v3 + Sentiment Profile (Gated),42
15026,0,2.4089747512334725e-06,0,0.05772783383033802,model::deberta_v3_sentiment_gated,DeBERTa-v3 + Sentiment Profile (Gated),42
5678,1,1.8368045857641848e-06,0,0.05772783383033802,model::deberta_v3_sentiment_gated,DeBERTa-v3 + Sentiment Profile (Gated),42
4760,1,1.711327968223486e-06,0,0.05772783383033802,model::deberta_v3_sentiment_gated,DeBERTa-v3 + Sentiment Profile (Gated),42
19464,0,1.9442530174274e-05,0,0.05772783383033802,model::deberta_v3_sentiment_gated,DeBERTa-v3 + Sentiment Profile (Gated),42
5420,1,3.1329439025284955e-06,0,0.05772783383033802,model::deberta_v3_sentiment_gated,DeBERTa-v3 + Sentiment Profile (Gated),42
12307,0,2.064642785626347e-06,0,0.05772783383033802,model::deberta_v3_sentiment_gated,DeBERTa-v3 + Sentiment Profile (Gated),42
14776,1,1.808917431844748e-06,0,0.05772783383033802,model::deberta_v3_sentiment_gated,DeBERTa-v3 + Sentiment Profile (Gated),42
7210,1,3.1966337701305747e-06,0,0.05772783383033802,model::deberta_v3_sentiment_gated,DeBERTa-v3 + Sentiment Profile (Gated),42
19302,0,4.259884008206427e-06,0,0.05772783383033802,model::deberta_v3_sentiment_gated,DeBERTa-v3 + Sentiment Profile (Gated),42
7499,0,1.9018096963918647e-06,0,0.05772783383033802,model::deberta_v3_sentiment_gated,DeBERTa-v3 + Sentiment Profile (Gated),42
11150,1,1.6815777144074673e-06,0,0.05772783383033802,model::deberta_v3_sentiment_gated,DeBERTa-v3 + Sentiment Profile (Gated),42
4167,1,1.6769783997006016e-06,0,0.05772783383033802,model::deberta_v3_sentiment_gated,DeBERTa-v3 + Sentiment Profile (Gated),42
1192,0,1.8244442117065767e-06,0,0.05772783383033802,model::deberta_v3_sentiment_gated,DeBERTa-v3 + Sentiment Profile (Gated),42
15361,1,5.994180810375838e-06,0,0.05772783383033802,model::deberta_v3_sentiment_gated,DeBERTa-v3 + Sentiment Profile (Gated),42
7651,0,3.883058980136411e-06,0,0.05772783383033802,model::deberta_v3_sentiment_gated,DeBERTa-v3 + Sentiment Profile (Gated),42
15504,0,1.6370582898161956e-06,0,0.05772783383033802,model::deberta_v3_sentiment_gated,DeBERTa-v3 + Sentiment Profile (Gated),42
14752,0,2.319339273526566e-06,0,0.05772783383033802,model::deberta_v3_sentiment_gated,DeBERTa-v3 + Sentiment Profile (Gated),42
2178,1,1.4812035260547418e-06,0,0.05772783383033802,model::deberta_v3_sentiment_gated,DeBERTa-v3 + Sentiment Profile (Gated),42
18332,0,2.3634833269170485e-05,0,0.05772783383033802,model::deberta_v3_sentiment_gated,DeBERTa-v3 + Sentiment Profile (Gated),42
13009,0,2.9041782454442e-06,0,0.05772783383033802,model::deberta_v3_sentiment_gated,DeBERTa-v3 + Sentiment Profile (Gated),42
8134,0,2.294397927471437e-05,0,0.05772783383033802,model::deberta_v3_sentiment_gated,DeBERTa-v3 + Sentiment Profile (Gated),42
20680,0,3.532806658768095e-06,0,0.05772783383033802,model::deberta_v3_sentiment_gated,DeBERTa-v3 + Sentiment Profile (Gated),42
5438,0,2.8815284167649224e-06,0,0.05772783383033802,model::deberta_v3_sentiment_gated,DeBERTa-v3 + Sentiment Profile (Gated),42
1743,1,3.1655083603254752e-06,0,0.05772783383033802,model::deberta_v3_sentiment_gated,DeBERTa-v3 + Sentiment Profile (Gated),42
6833,1,1.931736733240541e-06,0,0.05772783383033802,model::deberta_v3_sentiment_gated,DeBERTa-v3 + Sentiment Profile (Gated),42
5762,0,1.9008413119081524e-06,0,0.05772783383033802,model::deberta_v3_sentiment_gated,DeBERTa-v3 + Sentiment Profile (Gated),42
2603,1,1.6187731262107263e-06,0,0.05772783383033802,model::deberta_v3_sentiment_gated,DeBERTa-v3 + Sentiment Profile (Gated),42
16252,0,4.329956027504522e-06,0,0.05772783383033802,model::deberta_v3_sentiment_gated,DeBERTa-v3 + Sentiment Profile (Gated),42
11280,1,2.065572289211559e-06,0,0.05772783383033802,model::deberta_v3_sentiment_gated,DeBERTa-v3 + Sentiment Profile (Gated),42
20734,1,1.6056889080573455e-06,0,0.05772783383033802,model::deberta_v3_sentiment_gated,DeBERTa-v3 + Sentiment Profile (Gated),42
18310,0,4.336781421443448e-05,0,0.05772783383033802,model::deberta_v3_sentiment_gated,DeBERTa-v3 + Sentiment Profile (Gated),42
2826,1,1.8512987480789889e-06,0,0.05772783383033802,model::deberta_v3_sentiment_gated,DeBERTa-v3 + Sentiment Profile (Gated),42
9081,0,2.0158345250820275e-06,0,0.05772783383033802,model::deberta_v3_sentiment_gated,DeBERTa-v3 + Sentiment Profile (Gated),42
11562,0,1.869484322014614e-06,0,0.05772783383033802,model::deberta_v3_sentiment_gated,DeBERTa-v3 + Sentiment Profile (Gated),42
19919,0,1.4272784483182477e-06,0,0.05772783383033802,model::deberta_v3_sentiment_gated,DeBERTa-v3 + Sentiment Profile (Gated),42
2044,0,3.1462468541576527e-06,0,0.05772783383033802,model::deberta_v3_sentiment_gated,DeBERTa-v3 + Sentiment Profile (Gated),42
11372,1,3.0323951705213403e-06,0,0.05772783383033802,model::deberta_v3_sentiment_gated,DeBERTa-v3 + Sentiment Profile (Gated),42
3645,0,6.409947218344314e-06,0,0.05772783383033802,model::deberta_v3_sentiment_gated,DeBERTa-v3 + Sentiment Profile (Gated),42
18497,0,1.525930997559044e-06,0,0.05772783383033802,model::deberta_v3_sentiment_gated,DeBERTa-v3 + Sentiment Profile (Gated),42
9128,1,1.3982368045617477e-06,0,0.05772783383033802,model::deberta_v3_sentiment_gated,DeBERTa-v3 + Sentiment Profile (Gated),42
16396,0,1.4760804560864926e-06,0,0.05772783383033802,model::deberta_v3_sentiment_gated,DeBERTa-v3 + Sentiment Profile (Gated),42
10989,0,2.470157141942764e-06,0,0.05772783383033802,model::deberta_v3_sentiment_gated,DeBERTa-v3 + Sentiment Profile (Gated),42
10863,1,1.941138407346444e-06,0,0.05772783383033802,model::deberta_v3_sentiment_gated,DeBERTa-v3 + Sentiment Profile (Gated),42
15927,1,1.7940532188731595e-06,0,0.05772783383033802,model::deberta_v3_sentiment_gated,DeBERTa-v3 + Sentiment Profile (Gated),42
8657,0,3.03239221466356e-06,0,0.05772783383033802,model::deberta_v3_sentiment_gated,DeBERTa-v3 + Sentiment Profile (Gated),42
15322,0,6.93346692060004e-06,0,0.05772783383033802,model::deberta_v3_sentiment_gated,DeBERTa-v3 + Sentiment Profile (Gated),42
356,1,2.1062514861114323e-06,0,0.05772783383033802,model::deberta_v3_sentiment_gated,DeBERTa-v3 + Sentiment Profile (Gated),42
1379,0,2.105588691847516e-06,0,0.05772783383033802,model::deberta_v3_sentiment_gated,DeBERTa-v3 + Sentiment Profile (Gated),42
18572,1,1.6029516700655222e-06,0,0.05772783383033802,model::deberta_v3_sentiment_gated,DeBERTa-v3 + Sentiment Profile (Gated),42
4491,1,2.148787416444975e-06,0,0.05772783383033802,model::deberta_v3_sentiment_gated,DeBERTa-v3 + Sentiment Profile (Gated),42
11479,1,3.3872863696160493e-06,0,0.05772783383033802,model::deberta_v3_sentiment_gated,DeBERTa-v3 + Sentiment Profile (Gated),42
1809,1,2.325777813894092e-06,0,0.05772783383033802,model::deberta_v3_sentiment_gated,DeBERTa-v3 + Sentiment Profile (Gated),42
7043,0,2.4023329388001e-06,0,0.05772783383033802,model::deberta_v3_sentiment_gated,DeBERTa-v3 + Sentiment Profile (Gated),42
1571,1,2.071364178846125e-06,0,0.05772783383033802,model::deberta_v3_sentiment_gated,DeBERTa-v3 + Sentiment Profile (Gated),42
12700,0,1.353880747956282e-06,0,0.05772783383033802,model::deberta_v3_sentiment_gated,DeBERTa-v3 + Sentiment Profile (Gated),42
4120,1,1.6838613419167814e-06,0,0.05772783383033802,model::deberta_v3_sentiment_gated,DeBERTa-v3 + Sentiment Profile (Gated),42
8406,0,3.7243123642838327e-06,0,0.05772783383033802,model::deberta_v3_sentiment_gated,DeBERTa-v3 + Sentiment Profile (Gated),42
7007,0,3.4488641631469363e-06,0,0.05772783383033802,model::deberta_v3_sentiment_gated,DeBERTa-v3 + Sentiment Profile (Gated),42
17529,1,1.5974045481925714e-06,0,0.05772783383033802,model::deberta_v3_sentiment_gated,DeBERTa-v3 + Sentiment Profile (Gated),42
16354,1,2.160369831472053e-06,0,0.05772783383033802,model::deberta_v3_sentiment_gated,DeBERTa-v3 + Sentiment Profile (Gated),42
2532,1,2.274938879054389e-06,0,0.05772783383033802,model::deberta_v3_sentiment_gated,DeBERTa-v3 + Sentiment Profile (Gated),42
5685,0,9.60291345108999e-06,0,0.05772783383033802,model::deberta_v3_sentiment_gated,DeBERTa-v3 + Sentiment Profile (Gated),42
2546,0,3.847466359729879e-06,0,0.05772783383033802,model::deberta_v3_sentiment_gated,DeBERTa-v3 + Sentiment Profile (Gated),42
10159,1,2.25849294110958e-06,0,0.05772783383033802,model::deberta_v3_sentiment_gated,DeBERTa-v3 + Sentiment Profile (Gated),42
12958,1,1.8043069758277848e-06,0,0.05772783383033802,model::deberta_v3_sentiment_gated,DeBERTa-v3 + Sentiment Profile (Gated),42
18460,1,6.540873528138036e-06,0,0.05772783383033802,model::deberta_v3_sentiment_gated,DeBERTa-v3 + Sentiment Profile (Gated),42
2067,0,2.115749794029398e-06,0,0.05772783383033802,model::deberta_v3_sentiment_gated,DeBERTa-v3 + Sentiment Profile (Gated),42
12297,0,2.00818999473995e-06,0,0.05772783383033802,model::deberta_v3_sentiment_gated,DeBERTa-v3 + Sentiment Profile (Gated),42
19561,0,1.5054632740429952e-06,0,0.05772783383033802,model::deberta_v3_sentiment_gated,DeBERTa-v3 + Sentiment Profile (Gated),42
8142,1,1.982330786631792e-06,0,0.05772783383033802,model::deberta_v3_sentiment_gated,DeBERTa-v3 + Sentiment Profile (Gated),42
922,0,1.8717482817010025e-06,0,0.05772783383033802,model::deberta_v3_sentiment_gated,DeBERTa-v3 + Sentiment Profile (Gated),42
3496,0,1.987384848689544e-06,0,0.05772783383033802,model::deberta_v3_sentiment_gated,DeBERTa-v3 + Sentiment Profile (Gated),42
5346,0,4.555182022158988e-05,0,0.05772783383033802,model::deberta_v3_sentiment_gated,DeBERTa-v3 + Sentiment Profile (Gated),42
19890,1,2.630030166983488e-06,0,0.05772783383033802,model::deberta_v3_sentiment_gated,DeBERTa-v3 + Sentiment Profile (Gated),42
16429,0,2.193394948335481e-06,0,0.05772783383033802,model::deberta_v3_sentiment_gated,DeBERTa-v3 + Sentiment Profile (Gated),42
10869,0,2.8935071441082982e-06,0,0.05772783383033802,model::deberta_v3_sentiment_gated,DeBERTa-v3 + Sentiment Profile (Gated),42
8273,1,1.7946674688573694e-06,0,0.05772783383033802,model::deberta_v3_sentiment_gated,DeBERTa-v3 + Sentiment Profile (Gated),42
10339,1,1.943867118825437e-06,0,0.05772783383033802,model::deberta_v3_sentiment_gated,DeBERTa-v3 + Sentiment Profile (Gated),42
9749,0,5.821784725412726e-06,0,0.05772783383033802,model::deberta_v3_sentiment_gated,DeBERTa-v3 + Sentiment Profile (Gated),42
17167,0,8.906066796043888e-06,0,0.05772783383033802,model::deberta_v3_sentiment_gated,DeBERTa-v3 + Sentiment Profile (Gated),42
5026,1,1.639617494220147e-06,0,0.05772783383033802,model::deberta_v3_sentiment_gated,DeBERTa-v3 + Sentiment Profile (Gated),42
10248,0,1.7443204569644877e-06,0,0.05772783383033802,model::deberta_v3_sentiment_gated,DeBERTa-v3 + Sentiment Profile (Gated),42
14065,0,7.827487024769653e-06,0,0.05772783383033802,model::deberta_v3_sentiment_gated,DeBERTa-v3 + Sentiment Profile (Gated),42
6297,1,2.2983924736763583e-06,0,0.05772783383033802,model::deberta_v3_sentiment_gated,DeBERTa-v3 + Sentiment Profile (Gated),42
16078,1,1.7570072259331937e-06,0,0.05772783383033802,model::deberta_v3_sentiment_gated,DeBERTa-v3 + Sentiment Profile (Gated),42
16743,0,1.579981130817032e-06,0,0.05772783383033802,model::deberta_v3_sentiment_gated,DeBERTa-v3 + Sentiment Profile (Gated),42
8902,0,4.087037268618587e-06,0,0.05772783383033802,model::deberta_v3_sentiment_gated,DeBERTa-v3 + Sentiment Profile (Gated),42
14127,1,3.3669448384898715e-06,0,0.05772783383033802,model::deberta_v3_sentiment_gated,DeBERTa-v3 + Sentiment Profile (Gated),42
5936,0,2.029956249316456e-06,0,0.05772783383033802,model::deberta_v3_sentiment_gated,DeBERTa-v3 + Sentiment Profile (Gated),42
20673,0,2.117186795658199e-06,0,0.05772783383033802,model::deberta_v3_sentiment_gated,DeBERTa-v3 + Sentiment Profile (Gated),42
13323,0,1.525888933429087e-06,0,0.05772783383033802,model::deberta_v3_sentiment_gated,DeBERTa-v3 + Sentiment Profile (Gated),42
7763,1,3.965117684856523e-06,0,0.05772783383033802,model::deberta_v3_sentiment_gated,DeBERTa-v3 + Sentiment Profile (Gated),42
18230,1,2.406969997537089e-06,0,0.05772783383033802,model::deberta_v3_sentiment_gated,DeBERTa-v3 + Sentiment Profile (Gated),42
11361,1,2.389947667325032e-06,0,0.05772783383033802,model::deberta_v3_sentiment_gated,DeBERTa-v3 + Sentiment Profile (Gated),42
9224,1,1.4987734857641044e-06,0,0.05772783383033802,model::deberta_v3_sentiment_gated,DeBERTa-v3 + Sentiment Profile (Gated),42
17556,1,4.537511813396122e-06,0,0.05772783383033802,model::deberta_v3_sentiment_gated,DeBERTa-v3 + Sentiment Profile (Gated),42
3794,1,2.077179715342936e-06,0,0.05772783383033802,model::deberta_v3_sentiment_gated,DeBERTa-v3 + Sentiment Profile (Gated),42
3683,0,1.3910121197113767e-06,0,0.05772783383033802,model::deberta_v3_sentiment_gated,DeBERTa-v3 + Sentiment Profile (Gated),42
8623,1,2.4857920379872667e-06,0,0.05772783383033802,model::deberta_v3_sentiment_gated,DeBERTa-v3 + Sentiment Profile (Gated),42
7348,1,2.1191522137087304e-06,0,0.05772783383033802,model::deberta_v3_sentiment_gated,DeBERTa-v3 + Sentiment Profile (Gated),42
17574,0,1.910145556394127e-06,0,0.05772783383033802,model::deberta_v3_sentiment_gated,DeBERTa-v3 + Sentiment Profile (Gated),42
19168,0,4.171439741185168e-06,0,0.05772783383033802,model::deberta_v3_sentiment_gated,DeBERTa-v3 + Sentiment Profile (Gated),42
6346,0,3.83946462534368e-06,0,0.05772783383033802,model::deberta_v3_sentiment_gated,DeBERTa-v3 + Sentiment Profile (Gated),42
2109,0,5.864340892003384e-06,0,0.05772783383033802,model::deberta_v3_sentiment_gated,DeBERTa-v3 + Sentiment Profile (Gated),42
5736,1,1.624738501959655e-06,0,0.05772783383033802,model::deberta_v3_sentiment_gated,DeBERTa-v3 + Sentiment Profile (Gated),42
3677,0,3.058822585444432e-06,0,0.05772783383033802,model::deberta_v3_sentiment_gated,DeBERTa-v3 + Sentiment Profile (Gated),42
14181,0,3.002745643243543e-06,0,0.05772783383033802,model::deberta_v3_sentiment_gated,DeBERTa-v3 + Sentiment Profile (Gated),42
16696,0,4.218936737743206e-06,0,0.05772783383033802,model::deberta_v3_sentiment_gated,DeBERTa-v3 + Sentiment Profile (Gated),42
18115,0,2.625110573717393e-05,0,0.05772783383033802,model::deberta_v3_sentiment_gated,DeBERTa-v3 + Sentiment Profile (Gated),42
1098,1,1.5096499055289314e-06,0,0.05772783383033802,model::deberta_v3_sentiment_gated,DeBERTa-v3 + Sentiment Profile (Gated),42
5422,0,1.442019311070908e-06,0,0.05772783383033802,model::deberta_v3_sentiment_gated,DeBERTa-v3 + Sentiment Profile (Gated),42
703,0,1.873164251264825e-06,0,0.05772783383033802,model::deberta_v3_sentiment_gated,DeBERTa-v3 + Sentiment Profile (Gated),42
12024,1,2.1905977973801782e-06,0,0.05772783383033802,model::deberta_v3_sentiment_gated,DeBERTa-v3 + Sentiment Profile (Gated),42
19715,1,1.965215460586478e-06,0,0.05772783383033802,model::deberta_v3_sentiment_gated,DeBERTa-v3 + Sentiment Profile (Gated),42
16386,1,2.012910726989503e-06,0,0.05772783383033802,model::deberta_v3_sentiment_gated,DeBERTa-v3 + Sentiment Profile (Gated),42
18231,1,7.660691153432708e-06,0,0.05772783383033802,model::deberta_v3_sentiment_gated,DeBERTa-v3 + Sentiment Profile (Gated),42
8966,1,1.4972563349147094e-06,0,0.05772783383033802,model::deberta_v3_sentiment_gated,DeBERTa-v3 + Sentiment Profile (Gated),42
19704,1,3.787166178881307e-06,0,0.05772783383033802,model::deberta_v3_sentiment_gated,DeBERTa-v3 + Sentiment Profile (Gated),42
11636,0,1.4856329926260514e-06,0,0.05772783383033802,model::deberta_v3_sentiment_gated,DeBERTa-v3 + Sentiment Profile (Gated),42
10984,1,1.3357246189116267e-06,0,0.05772783383033802,model::deberta_v3_sentiment_gated,DeBERTa-v3 + Sentiment Profile (Gated),42
9195,1,2.713510639296146e-06,0,0.05772783383033802,model::deberta_v3_sentiment_gated,DeBERTa-v3 + Sentiment Profile (Gated),42
1893,1,2.1860148535779445e-06,0,0.05772783383033802,model::deberta_v3_sentiment_gated,DeBERTa-v3 + Sentiment Profile (Gated),42
11198,1,9.30197347770445e-06,0,0.05772783383033802,model::deberta_v3_sentiment_gated,DeBERTa-v3 + Sentiment Profile (Gated),42
433,0,7.850924703234341e-06,0,0.05772783383033802,model::deberta_v3_sentiment_gated,DeBERTa-v3 + Sentiment Profile (Gated),42
18411,1,1.8078894754580688e-06,0,0.05772783383033802,model::deberta_v3_sentiment_gated,DeBERTa-v3 + Sentiment Profile (Gated),42
11101,0,1.957228732862859e-06,0,0.05772783383033802,model::deberta_v3_sentiment_gated,DeBERTa-v3 + Sentiment Profile (Gated),42
11375,0,1.2694114275291213e-06,0,0.05772783383033802,model::deberta_v3_sentiment_gated,DeBERTa-v3 + Sentiment Profile (Gated),42
1442,1,2.7851838240167126e-06,0,0.05772783383033802,model::deberta_v3_sentiment_gated,DeBERTa-v3 + Sentiment Profile (Gated),42
10872,0,1.7365789517498342e-06,0,0.05772783383033802,model::deberta_v3_sentiment_gated,DeBERTa-v3 + Sentiment Profile (Gated),42
17480,0,5.109502126288135e-06,0,0.05772783383033802,model::deberta_v3_sentiment_gated,DeBERTa-v3 + Sentiment Profile (Gated),42
9183,0,5.159738066140562e-06,0,0.05772783383033802,model::deberta_v3_sentiment_gated,DeBERTa-v3 + Sentiment Profile (Gated),42
13866,1,1.7587389038453694e-06,0,0.05772783383033802,model::deberta_v3_sentiment_gated,DeBERTa-v3 + Sentiment Profile (Gated),42
5929,0,4.531189460976748e-06,0,0.05772783383033802,model::deberta_v3_sentiment_gated,DeBERTa-v3 + Sentiment Profile (Gated),42
10569,1,5.270850124361459e-06,0,0.05772783383033802,model::deberta_v3_sentiment_gated,DeBERTa-v3 + Sentiment Profile (Gated),42
6481,1,2.7180353754374664e-06,0,0.05772783383033802,model::deberta_v3_sentiment_gated,DeBERTa-v3 + Sentiment Profile (Gated),42
5854,0,1.4592106936106577e-06,0,0.05772783383033802,model::deberta_v3_sentiment_gated,DeBERTa-v3 + Sentiment Profile (Gated),42
5637,0,1.6475001984872506e-06,0,0.05772783383033802,model::deberta_v3_sentiment_gated,DeBERTa-v3 + Sentiment Profile (Gated),42
21022,0,1.7056464685083483e-06,0,0.05772783383033802,model::deberta_v3_sentiment_gated,DeBERTa-v3 + Sentiment Profile (Gated),42
20695,0,0.0003263900289312,0,0.05772783383033802,model::deberta_v3_sentiment_gated,DeBERTa-v3 + Sentiment Profile (Gated),42
6808,1,2.871608558052685e-06,0,0.05772783383033802,model::deberta_v3_sentiment_gated,DeBERTa-v3 + Sentiment Profile (Gated),42
1191,1,2.632594942042488e-06,0,0.05772783383033802,model::deberta_v3_sentiment_gated,DeBERTa-v3 + Sentiment Profile (Gated),42
17878,0,1.7623538042244036e-06,0,0.05772783383033802,model::deberta_v3_sentiment_gated,DeBERTa-v3 + Sentiment Profile (Gated),42
11825,1,2.0234638213878497e-06,0,0.05772783383033802,model::deberta_v3_sentiment_gated,DeBERTa-v3 + Sentiment Profile (Gated),42
19889,1,2.166840658901492e-06,0,0.05772783383033802,model::deberta_v3_sentiment_gated,DeBERTa-v3 + Sentiment Profile (Gated),42
10247,0,1.872135499070282e-06,0,0.05772783383033802,model::deberta_v3_sentiment_gated,DeBERTa-v3 + Sentiment Profile (Gated),42
3557,1,2.3360321392829064e-06,0,0.05772783383033802,model::deberta_v3_sentiment_gated,DeBERTa-v3 + Sentiment Profile (Gated),42
7942,0,4.189500032225624e-06,0,0.05772783383033802,model::deberta_v3_sentiment_gated,DeBERTa-v3 + Sentiment Profile (Gated),42
6347,0,9.966571269615088e-06,0,0.05772783383033802,model::deberta_v3_sentiment_gated,DeBERTa-v3 + Sentiment Profile (Gated),42
10139,1,3.3133985652966658e-06,0,0.05772783383033802,model::deberta_v3_sentiment_gated,DeBERTa-v3 + Sentiment Profile (Gated),42
13933,0,1.4208507082003052e-06,0,0.05772783383033802,model::deberta_v3_sentiment_gated,DeBERTa-v3 + Sentiment Profile (Gated),42
15745,1,1.8421761751596928e-06,0,0.05772783383033802,model::deberta_v3_sentiment_gated,DeBERTa-v3 + Sentiment Profile (Gated),42
5715,1,1.5415847656186088e-06,0,0.05772783383033802,model::deberta_v3_sentiment_gated,DeBERTa-v3 + Sentiment Profile (Gated),42
17278,0,3.4972406410815893e-06,0,0.05772783383033802,model::deberta_v3_sentiment_gated,DeBERTa-v3 + Sentiment Profile (Gated),42
11436,0,3.1441682040167507e-06,0,0.05772783383033802,model::deberta_v3_sentiment_gated,DeBERTa-v3 + Sentiment Profile (Gated),42
4647,0,2.2032400011084974e-06,0,0.05772783383033802,model::deberta_v3_sentiment_gated,DeBERTa-v3 + Sentiment Profile (Gated),42
15980,0,3.484430180833442e-06,0,0.05772783383033802,model::deberta_v3_sentiment_gated,DeBERTa-v3 + Sentiment Profile (Gated),42
18355,0,2.416533561699908e-06,0,0.05772783383033802,model::deberta_v3_sentiment_gated,DeBERTa-v3 + Sentiment Profile (Gated),42
16337,0,2.1026751255703857e-06,0,0.05772783383033802,model::deberta_v3_sentiment_gated,DeBERTa-v3 + Sentiment Profile (Gated),42
2361,0,1.52413338128099e-06,0,0.05772783383033802,model::deberta_v3_sentiment_gated,DeBERTa-v3 + Sentiment Profile (Gated),42
4623,1,2.452262151564355e-06,0,0.05772783383033802,model::deberta_v3_sentiment_gated,DeBERTa-v3 + Sentiment Profile (Gated),42
20871,0,7.340383490372915e-06,0,0.05772783383033802,model::deberta_v3_sentiment_gated,DeBERTa-v3 + Sentiment Profile (Gated),42
16550,1,1.8365383311902408e-06,0,0.05772783383033802,model::deberta_v3_sentiment_gated,DeBERTa-v3 + Sentiment Profile (Gated),42
15950,1,2.1105704490764765e-06,0,0.05772783383033802,model::deberta_v3_sentiment_gated,DeBERTa-v3 + Sentiment Profile (Gated),42
2200,0,1.2460765219657333e-06,0,0.05772783383033802,model::deberta_v3_sentiment_gated,DeBERTa-v3 + Sentiment Profile (Gated),42
19326,1,1.881636535472353e-06,0,0.05772783383033802,model::deberta_v3_sentiment_gated,DeBERTa-v3 + Sentiment Profile (Gated),42
4522,0,3.4483609852031805e-06,0,0.05772783383033802,model::deberta_v3_sentiment_gated,DeBERTa-v3 + Sentiment Profile (Gated),42
18987,1,1.9048028434554e-06,0,0.05772783383033802,model::deberta_v3_sentiment_gated,DeBERTa-v3 + Sentiment Profile (Gated),42
10913,0,1.4697567394250657e-06,0,0.05772783383033802,model::deberta_v3_sentiment_gated,DeBERTa-v3 + Sentiment Profile (Gated),42
18340,0,1.8818949456544944e-06,0,0.05772783383033802,model::deberta_v3_sentiment_gated,DeBERTa-v3 + Sentiment Profile (Gated),42
14800,0,1.5609886077072588e-06,0,0.05772783383033802,model::deberta_v3_sentiment_gated,DeBERTa-v3 + Sentiment Profile (Gated),42
2248,1,1.5870182323851625e-06,0,0.05772783383033802,model::deberta_v3_sentiment_gated,DeBERTa-v3 + Sentiment Profile (Gated),42
14467,0,2.4931352982093813e-06,0,0.05772783383033802,model::deberta_v3_sentiment_gated,DeBERTa-v3 + Sentiment Profile (Gated),42
78,1,2.05261972041626e-06,0,0.05772783383033802,model::deberta_v3_sentiment_gated,DeBERTa-v3 + Sentiment Profile (Gated),42
4625,0,5.642331234412268e-05,0,0.05772783383033802,model::deberta_v3_sentiment_gated,DeBERTa-v3 + Sentiment Profile (Gated),42
4323,1,2.2438725864049047e-06,0,0.05772783383033802,model::deberta_v3_sentiment_gated,DeBERTa-v3 + Sentiment Profile (Gated),42
4510,0,0.9909874796867372,1,0.05772783383033802,model::deberta_v3_sentiment_gated,DeBERTa-v3 + Sentiment Profile (Gated),42
293,1,1.954354729605257e-06,0,0.05772783383033802,model::deberta_v3_sentiment_gated,DeBERTa-v3 + Sentiment Profile (Gated),42
1271,0,2.0565053091559093e-06,0,0.05772783383033802,model::deberta_v3_sentiment_gated,DeBERTa-v3 + Sentiment Profile (Gated),42
5374,0,1.3592471077572554e-06,0,0.05772783383033802,model::deberta_v3_sentiment_gated,DeBERTa-v3 + Sentiment Profile (Gated),42
14898,1,1.3929450233263196e-06,0,0.05772783383033802,model::deberta_v3_sentiment_gated,DeBERTa-v3 + Sentiment Profile (Gated),42
5107,1,1.952364982571453e-06,0,0.05772783383033802,model::deberta_v3_sentiment_gated,DeBERTa-v3 + Sentiment Profile (Gated),42
573,1,1.5498944776481949e-06,0,0.05772783383033802,model::deberta_v3_sentiment_gated,DeBERTa-v3 + Sentiment Profile (Gated),42
19652,0,9.586690794094466e-06,0,0.05772783383033802,model::deberta_v3_sentiment_gated,DeBERTa-v3 + Sentiment Profile (Gated),42
8391,1,2.0617189875338227e-06,0,0.05772783383033802,model::deberta_v3_sentiment_gated,DeBERTa-v3 + Sentiment Profile (Gated),42
6472,0,3.0978383165347623e-06,0,0.05772783383033802,model::deberta_v3_sentiment_gated,DeBERTa-v3 + Sentiment Profile (Gated),42
5633,1,1.8201012608187737e-06,0,0.05772783383033802,model::deberta_v3_sentiment_gated,DeBERTa-v3 + Sentiment Profile (Gated),42
4581,1,1.6371160427297582e-06,0,0.05772783383033802,model::deberta_v3_sentiment_gated,DeBERTa-v3 + Sentiment Profile (Gated),42
18214,1,1.905822159642412e-06,0,0.05772783383033802,model::deberta_v3_sentiment_gated,DeBERTa-v3 + Sentiment Profile (Gated),42
17119,0,1.7083455077226972e-06,0,0.05772783383033802,model::deberta_v3_sentiment_gated,DeBERTa-v3 + Sentiment Profile (Gated),42
20170,1,2.37704762184876e-06,0,0.05772783383033802,model::deberta_v3_sentiment_gated,DeBERTa-v3 + Sentiment Profile (Gated),42
18229,0,1.996392938963254e-06,0,0.05772783383033802,model::deberta_v3_sentiment_gated,DeBERTa-v3 + Sentiment Profile (Gated),42
19907,0,2.26137854042463e-06,0,0.05772783383033802,model::deberta_v3_sentiment_gated,DeBERTa-v3 + Sentiment Profile (Gated),42
18168,0,3.082231387452339e-06,0,0.05772783383033802,model::deberta_v3_sentiment_gated,DeBERTa-v3 + Sentiment Profile (Gated),42
10285,1,2.4722546640987275e-06,0,0.05772783383033802,model::deberta_v3_sentiment_gated,DeBERTa-v3 + Sentiment Profile (Gated),42
9229,0,3.587040964703192e-06,0,0.05772783383033802,model::deberta_v3_sentiment_gated,DeBERTa-v3 + Sentiment Profile (Gated),42
4426,0,5.244671228865627e-06,0,0.05772783383033802,model::deberta_v3_sentiment_gated,DeBERTa-v3 + Sentiment Profile (Gated),42
19485,1,1.6663625501678323e-06,0,0.05772783383033802,model::deberta_v3_sentiment_gated,DeBERTa-v3 + Sentiment Profile (Gated),42
20520,0,1.6568435512454016e-06,0,0.05772783383033802,model::deberta_v3_sentiment_gated,DeBERTa-v3 + Sentiment Profile (Gated),42
16322,1,2.2470976546173915e-06,0,0.05772783383033802,model::deberta_v3_sentiment_gated,DeBERTa-v3 + Sentiment Profile (Gated),42
11621,1,1.5608873127348488e-06,0,0.05772783383033802,model::deberta_v3_sentiment_gated,DeBERTa-v3 + Sentiment Profile (Gated),42
3376,1,1.981091145353276e-06,0,0.05772783383033802,model::deberta_v3_sentiment_gated,DeBERTa-v3 + Sentiment Profile (Gated),42
20041,0,2.7530425086297328e-06,0,0.05772783383033802,model::deberta_v3_sentiment_gated,DeBERTa-v3 + Sentiment Profile (Gated),42
7166,1,1.7822251265897648e-06,0,0.05772783383033802,model::deberta_v3_sentiment_gated,DeBERTa-v3 + Sentiment Profile (Gated),42
6506,1,2.2295168946584454e-06,0,0.05772783383033802,model::deberta_v3_sentiment_gated,DeBERTa-v3 + Sentiment Profile (Gated),42
20862,1,1.47329876654112e-06,0,0.05772783383033802,model::deberta_v3_sentiment_gated,DeBERTa-v3 + Sentiment Profile (Gated),42
18690,0,3.2150019251275808e-06,0,0.05772783383033802,model::deberta_v3_sentiment_gated,DeBERTa-v3 + Sentiment Profile (Gated),42
7607,1,1.8825015786205768e-06,0,0.05772783383033802,model::deberta_v3_sentiment_gated,DeBERTa-v3 + Sentiment Profile (Gated),42
10060,1,2.2878889467392582e-06,0,0.05772783383033802,model::deberta_v3_sentiment_gated,DeBERTa-v3 + Sentiment Profile (Gated),42
20271,1,1.7900387092595338e-06,0,0.05772783383033802,model::deberta_v3_sentiment_gated,DeBERTa-v3 + Sentiment Profile (Gated),42
5211,1,1.6991151596812417e-06,0,0.05772783383033802,model::deberta_v3_sentiment_gated,DeBERTa-v3 + Sentiment Profile (Gated),42
12121,1,2.0753107037307927e-06,0,0.05772783383033802,model::deberta_v3_sentiment_gated,DeBERTa-v3 + Sentiment Profile (Gated),42
7567,1,3.353044576215325e-06,0,0.05772783383033802,model::deberta_v3_sentiment_gated,DeBERTa-v3 + Sentiment Profile (Gated),42
9710,1,2.1497894522326533e-06,0,0.05772783383033802,model::deberta_v3_sentiment_gated,DeBERTa-v3 + Sentiment Profile (Gated),42
6786,0,1.0441339099998004e-06,0,0.05772783383033802,model::deberta_v3_sentiment_gated,DeBERTa-v3 + Sentiment Profile (Gated),42
17521,0,1.4947210047466797e-06,0,0.05772783383033802,model::deberta_v3_sentiment_gated,DeBERTa-v3 + Sentiment Profile (Gated),42
21034,1,1.5413144183185068e-06,0,0.05772783383033802,model::deberta_v3_sentiment_gated,DeBERTa-v3 + Sentiment Profile (Gated),42
3187,0,1.977497049665544e-06,0,0.05772783383033802,model::deberta_v3_sentiment_gated,DeBERTa-v3 + Sentiment Profile (Gated),42
3973,1,2.656270225998014e-06,0,0.05772783383033802,model::deberta_v3_sentiment_gated,DeBERTa-v3 + Sentiment Profile (Gated),42
8214,1,1.710062065285456e-06,0,0.05772783383033802,model::deberta_v3_sentiment_gated,DeBERTa-v3 + Sentiment Profile (Gated),42
18871,0,3.195945055267657e-06,0,0.05772783383033802,model::deberta_v3_sentiment_gated,DeBERTa-v3 + Sentiment Profile (Gated),42
18245,0,1.173020109490608e-06,0,0.05772783383033802,model::deberta_v3_sentiment_gated,DeBERTa-v3 + Sentiment Profile (Gated),42
10798,0,1.4792259435125743e-06,0,0.05772783383033802,model::deberta_v3_sentiment_gated,DeBERTa-v3 + Sentiment Profile (Gated),42
5409,0,3.3609778711252147e-06,0,0.05772783383033802,model::deberta_v3_sentiment_gated,DeBERTa-v3 + Sentiment Profile (Gated),42
16226,0,0.0003358994727022,0,0.05772783383033802,model::deberta_v3_sentiment_gated,DeBERTa-v3 + Sentiment Profile (Gated),42
4468,1,1.7571127273185994e-06,0,0.05772783383033802,model::deberta_v3_sentiment_gated,DeBERTa-v3 + Sentiment Profile (Gated),42
15849,0,1.0348834621254356e-05,0,0.05772783383033802,model::deberta_v3_sentiment_gated,DeBERTa-v3 + Sentiment Profile (Gated),42
14462,0,2.6101351977558807e-05,0,0.05772783383033802,model::deberta_v3_sentiment_gated,DeBERTa-v3 + Sentiment Profile (Gated),42
19720,0,3.3106318824138725e-06,0,0.05772783383033802,model::deberta_v3_sentiment_gated,DeBERTa-v3 + Sentiment Profile (Gated),42
4146,0,9.2079671958345e-06,0,0.05772783383033802,model::deberta_v3_sentiment_gated,DeBERTa-v3 + Sentiment Profile (Gated),42
4386,0,2.71373846771894e-06,0,0.05772783383033802,model::deberta_v3_sentiment_gated,DeBERTa-v3 + Sentiment Profile (Gated),42
13526,1,2.776874680421315e-06,0,0.05772783383033802,model::deberta_v3_sentiment_gated,DeBERTa-v3 + Sentiment Profile (Gated),42
18523,1,1.8934684931082304e-06,0,0.05772783383033802,model::deberta_v3_sentiment_gated,DeBERTa-v3 + Sentiment Profile (Gated),42
19751,0,5.365911420085467e-06,0,0.05772783383033802,model::deberta_v3_sentiment_gated,DeBERTa-v3 + Sentiment Profile (Gated),42
1179,0,3.0568044167011976e-05,0,0.05772783383033802,model::deberta_v3_sentiment_gated,DeBERTa-v3 + Sentiment Profile (Gated),42
16424,1,2.4357466372748604e-06,0,0.05772783383033802,model::deberta_v3_sentiment_gated,DeBERTa-v3 + Sentiment Profile (Gated),42
8875,0,1.7324534837825922e-06,0,0.05772783383033802,model::deberta_v3_sentiment_gated,DeBERTa-v3 + Sentiment Profile (Gated),42
2267,0,1.910105538627249e-06,0,0.05772783383033802,model::deberta_v3_sentiment_gated,DeBERTa-v3 + Sentiment Profile (Gated),42
12942,0,3.928138539777137e-06,0,0.05772783383033802,model::deberta_v3_sentiment_gated,DeBERTa-v3 + Sentiment Profile (Gated),42
2832,0,6.351010597427376e-06,0,0.05772783383033802,model::deberta_v3_sentiment_gated,DeBERTa-v3 + Sentiment Profile (Gated),42
1021,0,2.0021855107188458e-06,0,0.05772783383033802,model::deberta_v3_sentiment_gated,DeBERTa-v3 + Sentiment Profile (Gated),42
7945,0,3.361009930813452e-06,0,0.05772783383033802,model::deberta_v3_sentiment_gated,DeBERTa-v3 + Sentiment Profile (Gated),42
4843,1,1.8418476201986767e-06,0,0.05772783383033802,model::deberta_v3_sentiment_gated,DeBERTa-v3 + Sentiment Profile (Gated),42
3236,0,1.1396157333365409e-06,0,0.05772783383033802,model::deberta_v3_sentiment_gated,DeBERTa-v3 + Sentiment Profile (Gated),42
9186,1,1.836943056332529e-06,0,0.05772783383033802,model::deberta_v3_sentiment_gated,DeBERTa-v3 + Sentiment Profile (Gated),42
13491,0,2.5426352294743992e-06,0,0.05772783383033802,model::deberta_v3_sentiment_gated,DeBERTa-v3 + Sentiment Profile (Gated),42
10371,0,1.7132466609837138e-06,0,0.05772783383033802,model::deberta_v3_sentiment_gated,DeBERTa-v3 + Sentiment Profile (Gated),42
551,0,3.895295321854064e-06,0,0.05772783383033802,model::deberta_v3_sentiment_gated,DeBERTa-v3 + Sentiment Profile (Gated),42
444,1,1.587234805811022e-06,0,0.05772783383033802,model::deberta_v3_sentiment_gated,DeBERTa-v3 + Sentiment Profile (Gated),42
1591,1,1.7227987427759215e-06,0,0.05772783383033802,model::deberta_v3_sentiment_gated,DeBERTa-v3 + Sentiment Profile (Gated),42
6736,1,3.796170403802535e-06,0,0.05772783383033802,model::deberta_v3_sentiment_gated,DeBERTa-v3 + Sentiment Profile (Gated),42
4134,0,1.5214177437883336e-06,0,0.05772783383033802,model::deberta_v3_sentiment_gated,DeBERTa-v3 + Sentiment Profile (Gated),42
12473,0,2.9065834041830385e-06,0,0.05772783383033802,model::deberta_v3_sentiment_gated,DeBERTa-v3 + Sentiment Profile (Gated),42
2556,1,4.153916506766109e-06,0,0.05772783383033802,model::deberta_v3_sentiment_gated,DeBERTa-v3 + Sentiment Profile (Gated),42
10416,1,3.1454276268050307e-06,0,0.05772783383033802,model::deberta_v3_sentiment_gated,DeBERTa-v3 + Sentiment Profile (Gated),42
16237,1,5.520058039110154e-06,0,0.05772783383033802,model::deberta_v3_sentiment_gated,DeBERTa-v3 + Sentiment Profile (Gated),42
96,1,1.777960733306827e-06,0,0.05772783383033802,model::deberta_v3_sentiment_gated,DeBERTa-v3 + Sentiment Profile (Gated),42
4673,1,2.4607477371318964e-06,0,0.05772783383033802,model::deberta_v3_sentiment_gated,DeBERTa-v3 + Sentiment Profile (Gated),42
3115,0,2.4628864139231155e-06,0,0.05772783383033802,model::deberta_v3_sentiment_gated,DeBERTa-v3 + Sentiment Profile (Gated),42
7640,0,1.96091514226282e-06,0,0.05772783383033802,model::deberta_v3_sentiment_gated,DeBERTa-v3 + Sentiment Profile (Gated),42
18818,1,3.5374084745853902e-06,0,0.05772783383033802,model::deberta_v3_sentiment_gated,DeBERTa-v3 + Sentiment Profile (Gated),42
3550,1,2.080841795759625e-06,0,0.05772783383033802,model::deberta_v3_sentiment_gated,DeBERTa-v3 + Sentiment Profile (Gated),42
15293,1,1.9344836346135708e-06,0,0.05772783383033802,model::deberta_v3_sentiment_gated,DeBERTa-v3 + Sentiment Profile (Gated),42
10902,1,2.074653821182437e-06,0,0.05772783383033802,model::deberta_v3_sentiment_gated,DeBERTa-v3 + Sentiment Profile (Gated),42
16425,0,5.555187271966133e-06,0,0.05772783383033802,model::deberta_v3_sentiment_gated,DeBERTa-v3 + Sentiment Profile (Gated),42
1649,0,1.804967837415461e-06,0,0.05772783383033802,model::deberta_v3_sentiment_gated,DeBERTa-v3 + Sentiment Profile (Gated),42
9946,0,3.2989896681101527e-06,0,0.05772783383033802,model::deberta_v3_sentiment_gated,DeBERTa-v3 + Sentiment Profile (Gated),42
18354,0,1.3294262544150115e-06,0,0.05772783383033802,model::deberta_v3_sentiment_gated,DeBERTa-v3 + Sentiment Profile (Gated),42
15802,0,1.669768266765459e-06,0,0.05772783383033802,model::deberta_v3_sentiment_gated,DeBERTa-v3 + Sentiment Profile (Gated),42
8471,1,1.7902332274388757e-06,0,0.05772783383033802,model::deberta_v3_sentiment_gated,DeBERTa-v3 + Sentiment Profile (Gated),42
4029,1,3.432421635807259e-06,0,0.05772783383033802,model::deberta_v3_sentiment_gated,DeBERTa-v3 + Sentiment Profile (Gated),42
3806,0,3.741417685887427e-06,0,0.05772783383033802,model::deberta_v3_sentiment_gated,DeBERTa-v3 + Sentiment Profile (Gated),42
9240,1,1.9640349364635767e-06,0,0.05772783383033802,model::deberta_v3_sentiment_gated,DeBERTa-v3 + Sentiment Profile (Gated),42
20407,1,1.6853731494848034e-06,0,0.05772783383033802,model::deberta_v3_sentiment_gated,DeBERTa-v3 + Sentiment Profile (Gated),42
20442,1,1.7908531617649714e-06,0,0.05772783383033802,model::deberta_v3_sentiment_gated,DeBERTa-v3 + Sentiment Profile (Gated),42
12406,0,1.541170149721438e-06,0,0.05772783383033802,model::deberta_v3_sentiment_gated,DeBERTa-v3 + Sentiment Profile (Gated),42
20870,0,2.392205260548508e-06,0,0.05772783383033802,model::deberta_v3_sentiment_gated,DeBERTa-v3 + Sentiment Profile (Gated),42
17718,1,1.9403851183597e-06,0,0.05772783383033802,model::deberta_v3_sentiment_gated,DeBERTa-v3 + Sentiment Profile (Gated),42
17043,1,4.8268711907439865e-06,0,0.05772783383033802,model::deberta_v3_sentiment_gated,DeBERTa-v3 + Sentiment Profile (Gated),42
14805,1,2.168951596104307e-06,0,0.05772783383033802,model::deberta_v3_sentiment_gated,DeBERTa-v3 + Sentiment Profile (Gated),42
12105,1,1.5173069414231577e-06,0,0.05772783383033802,model::deberta_v3_sentiment_gated,DeBERTa-v3 + Sentiment Profile (Gated),42
13440,1,1.86569775451062e-06,0,0.05772783383033802,model::deberta_v3_sentiment_gated,DeBERTa-v3 + Sentiment Profile (Gated),42
8420,0,2.417049927316839e-06,0,0.05772783383033802,model::deberta_v3_sentiment_gated,DeBERTa-v3 + Sentiment Profile (Gated),42
6543,1,4.979108780389652e-06,0,0.05772783383033802,model::deberta_v3_sentiment_gated,DeBERTa-v3 + Sentiment Profile (Gated),42
14425,0,1.7969024384001386e-06,0,0.05772783383033802,model::deberta_v3_sentiment_gated,DeBERTa-v3 + Sentiment Profile (Gated),42
11002,1,1.8200128124590265e-06,0,0.05772783383033802,model::deberta_v3_sentiment_gated,DeBERTa-v3 + Sentiment Profile (Gated),42
1148,1,1.367111053696135e-06,0,0.05772783383033802,model::deberta_v3_sentiment_gated,DeBERTa-v3 + Sentiment Profile (Gated),42
12116,1,2.230439804407069e-06,0,0.05772783383033802,model::deberta_v3_sentiment_gated,DeBERTa-v3 + Sentiment Profile (Gated),42
1173,0,1.8334548030907168e-06,0,0.05772783383033802,model::deberta_v3_sentiment_gated,DeBERTa-v3 + Sentiment Profile (Gated),42
19460,0,1.4566787740477594e-06,0,0.05772783383033802,model::deberta_v3_sentiment_gated,DeBERTa-v3 + Sentiment Profile (Gated),42
5391,1,4.861996785621159e-06,0,0.05772783383033802,model::deberta_v3_sentiment_gated,DeBERTa-v3 + Sentiment Profile (Gated),42
12339,0,1.687692474661162e-06,0,0.05772783383033802,model::deberta_v3_sentiment_gated,DeBERTa-v3 + Sentiment Profile (Gated),42
8041,1,1.494755224484834e-06,0,0.05772783383033802,model::deberta_v3_sentiment_gated,DeBERTa-v3 + Sentiment Profile (Gated),42
14605,1,2.467357944624382e-06,0,0.05772783383033802,model::deberta_v3_sentiment_gated,DeBERTa-v3 + Sentiment Profile (Gated),42
2291,1,2.248718374175951e-06,0,0.05772783383033802,model::deberta_v3_sentiment_gated,DeBERTa-v3 + Sentiment Profile (Gated),42
7120,0,1.946304564626189e-06,0,0.05772783383033802,model::deberta_v3_sentiment_gated,DeBERTa-v3 + Sentiment Profile (Gated),42
587,0,2.2430808712670114e-06,0,0.05772783383033802,model::deberta_v3_sentiment_gated,DeBERTa-v3 + Sentiment Profile (Gated),42
16321,1,2.551447778387228e-06,0,0.05772783383033802,model::deberta_v3_sentiment_gated,DeBERTa-v3 + Sentiment Profile (Gated),42
18541,1,2.078265424643177e-06,0,0.05772783383033802,model::deberta_v3_sentiment_gated,DeBERTa-v3 + Sentiment Profile (Gated),42
12598,0,2.3231114028021693e-06,0,0.05772783383033802,model::deberta_v3_sentiment_gated,DeBERTa-v3 + Sentiment Profile (Gated),42
13419,1,2.113087930410984e-06,0,0.05772783383033802,model::deberta_v3_sentiment_gated,DeBERTa-v3 + Sentiment Profile (Gated),42
8543,0,9.248184142052196e-06,0,0.05772783383033802,model::deberta_v3_sentiment_gated,DeBERTa-v3 + Sentiment Profile (Gated),42
20439,0,1.869753396022133e-05,0,0.05772783383033802,model::deberta_v3_sentiment_gated,DeBERTa-v3 + Sentiment Profile (Gated),42
15320,0,1.539417780804797e-06,0,0.05772783383033802,model::deberta_v3_sentiment_gated,DeBERTa-v3 + Sentiment Profile (Gated),42
9800,0,1.7835293419921072e-06,0,0.05772783383033802,model::deberta_v3_sentiment_gated,DeBERTa-v3 + Sentiment Profile (Gated),42
16021,1,2.052024683507625e-06,0,0.05772783383033802,model::deberta_v3_sentiment_gated,DeBERTa-v3 + Sentiment Profile (Gated),42
8382,1,1.7684720887700678e-06,0,0.05772783383033802,model::deberta_v3_sentiment_gated,DeBERTa-v3 + Sentiment Profile (Gated),42
2867,1,1.874833515103092e-06,0,0.05772783383033802,model::deberta_v3_sentiment_gated,DeBERTa-v3 + Sentiment Profile (Gated),42
20212,0,3.103024482697947e-06,0,0.05772783383033802,model::deberta_v3_sentiment_gated,DeBERTa-v3 + Sentiment Profile (Gated),42
9481,1,2.922467956523178e-06,0,0.05772783383033802,model::deberta_v3_sentiment_gated,DeBERTa-v3 + Sentiment Profile (Gated),42
12286,1,2.551404122641543e-06,0,0.05772783383033802,model::deberta_v3_sentiment_gated,DeBERTa-v3 + Sentiment Profile (Gated),42
19149,0,2.250494844702189e-06,0,0.05772783383033802,model::deberta_v3_sentiment_gated,DeBERTa-v3 + Sentiment Profile (Gated),42
16239,1,2.2717431420460343e-06,0,0.05772783383033802,model::deberta_v3_sentiment_gated,DeBERTa-v3 + Sentiment Profile (Gated),42
17829,1,2.205867758675595e-06,0,0.05772783383033802,model::deberta_v3_sentiment_gated,DeBERTa-v3 + Sentiment Profile (Gated),42
20947,0,1.4901422673574416e-06,0,0.05772783383033802,model::deberta_v3_sentiment_gated,DeBERTa-v3 + Sentiment Profile (Gated),42
9400,0,2.3648130991205107e-06,0,0.05772783383033802,model::deberta_v3_sentiment_gated,DeBERTa-v3 + Sentiment Profile (Gated),42
18451,1,2.529026914999122e-06,0,0.05772783383033802,model::deberta_v3_sentiment_gated,DeBERTa-v3 + Sentiment Profile (Gated),42
19994,1,2.606478801681078e-06,0,0.05772783383033802,model::deberta_v3_sentiment_gated,DeBERTa-v3 + Sentiment Profile (Gated),42
10829,0,2.0883103388769086e-06,0,0.05772783383033802,model::deberta_v3_sentiment_gated,DeBERTa-v3 + Sentiment Profile (Gated),42
1980,0,2.393273007328389e-06,0,0.05772783383033802,model::deberta_v3_sentiment_gated,DeBERTa-v3 + Sentiment Profile (Gated),42
829,0,8.35093578643864e-06,0,0.05772783383033802,model::deberta_v3_sentiment_gated,DeBERTa-v3 + Sentiment Profile (Gated),42
7876,1,2.211042556155008e-06,0,0.05772783383033802,model::deberta_v3_sentiment_gated,DeBERTa-v3 + Sentiment Profile (Gated),42
965,0,1.3450330698105972e-06,0,0.05772783383033802,model::deberta_v3_sentiment_gated,DeBERTa-v3 + Sentiment Profile (Gated),42
18189,1,1.8751625248114576e-06,0,0.05772783383033802,model::deberta_v3_sentiment_gated,DeBERTa-v3 + Sentiment Profile (Gated),42
12645,1,3.882407781929942e-06,0,0.05772783383033802,model::deberta_v3_sentiment_gated,DeBERTa-v3 + Sentiment Profile (Gated),42
12073,0,4.235974301991519e-06,0,0.05772783383033802,model::deberta_v3_sentiment_gated,DeBERTa-v3 + Sentiment Profile (Gated),42
241,1,2.9218908821349032e-06,0,0.05772783383033802,model::deberta_v3_sentiment_gated,DeBERTa-v3 + Sentiment Profile (Gated),42
8318,0,1.2898974546260431e-06,0,0.05772783383033802,model::deberta_v3_sentiment_gated,DeBERTa-v3 + Sentiment Profile (Gated),42
2294,0,1.354817186438595e-06,0,0.05772783383033802,model::deberta_v3_sentiment_gated,DeBERTa-v3 + Sentiment Profile (Gated),42
15189,1,2.34955382438784e-06,0,0.05772783383033802,model::deberta_v3_sentiment_gated,DeBERTa-v3 + Sentiment Profile (Gated),42
15462,0,2.5045187612704467e-06,0,0.05772783383033802,model::deberta_v3_sentiment_gated,DeBERTa-v3 + Sentiment Profile (Gated),42
6769,0,1.2491891538957134e-06,0,0.05772783383033802,model::deberta_v3_sentiment_gated,DeBERTa-v3 + Sentiment Profile (Gated),42
21078,0,2.886132278945297e-06,0,0.05772783383033802,model::deberta_v3_sentiment_gated,DeBERTa-v3 + Sentiment Profile (Gated),42
2498,0,2.86351087197545e-06,0,0.05772783383033802,model::deberta_v3_sentiment_gated,DeBERTa-v3 + Sentiment Profile (Gated),42
20875,0,1.2532317441582563e-06,0,0.05772783383033802,model::deberta_v3_sentiment_gated,DeBERTa-v3 + Sentiment Profile (Gated),42
2694,0,2.002831024583429e-06,0,0.05772783383033802,model::deberta_v3_sentiment_gated,DeBERTa-v3 + Sentiment Profile (Gated),42
8380,0,2.9672758046217496e-06,0,0.05772783383033802,model::deberta_v3_sentiment_gated,DeBERTa-v3 + Sentiment Profile (Gated),42
2683,1,1.594097625456925e-06,0,0.05772783383033802,model::deberta_v3_sentiment_gated,DeBERTa-v3 + Sentiment Profile (Gated),42
12903,1,1.954386334546143e-06,0,0.05772783383033802,model::deberta_v3_sentiment_gated,DeBERTa-v3 + Sentiment Profile (Gated),42
3395,1,2.9315624487935565e-06,0,0.05772783383033802,model::deberta_v3_sentiment_gated,DeBERTa-v3 + Sentiment Profile (Gated),42
14670,0,1.3184983799874315e-05,0,0.05772783383033802,model::deberta_v3_sentiment_gated,DeBERTa-v3 + Sentiment Profile (Gated),42
3815,1,1.5628417031621211e-06,0,0.05772783383033802,model::deberta_v3_sentiment_gated,DeBERTa-v3 + Sentiment Profile (Gated),42
9823,0,1.6839368299770283e-06,0,0.05772783383033802,model::deberta_v3_sentiment_gated,DeBERTa-v3 + Sentiment Profile (Gated),42
3971,0,1.3620746130982295e-06,0,0.05772783383033802,model::deberta_v3_sentiment_gated,DeBERTa-v3 + Sentiment Profile (Gated),42
19954,0,2.914313427027082e-06,0,0.05772783383033802,model::deberta_v3_sentiment_gated,DeBERTa-v3 + Sentiment Profile (Gated),42
19163,1,2.12135023502924e-06,0,0.05772783383033802,model::deberta_v3_sentiment_gated,DeBERTa-v3 + Sentiment Profile (Gated),42
11315,0,1.108223386836471e-05,0,0.05772783383033802,model::deberta_v3_sentiment_gated,DeBERTa-v3 + Sentiment Profile (Gated),42
16475,1,2.6590835204842733e-06,0,0.05772783383033802,model::deberta_v3_sentiment_gated,DeBERTa-v3 + Sentiment Profile (Gated),42
8298,1,2.725113290580339e-06,0,0.05772783383033802,model::deberta_v3_sentiment_gated,DeBERTa-v3 + Sentiment Profile (Gated),42
6704,0,7.15956230123993e-06,0,0.05772783383033802,model::deberta_v3_sentiment_gated,DeBERTa-v3 + Sentiment Profile (Gated),42
1867,0,1.565276079418254e-06,0,0.05772783383033802,model::deberta_v3_sentiment_gated,DeBERTa-v3 + Sentiment Profile (Gated),42
3479,1,2.7596772724791663e-06,0,0.05772783383033802,model::deberta_v3_sentiment_gated,DeBERTa-v3 + Sentiment Profile (Gated),42
14387,0,1.4198009239407838e-06,0,0.05772783383033802,model::deberta_v3_sentiment_gated,DeBERTa-v3 + Sentiment Profile (Gated),42
21099,0,1.8189507500210311e-06,0,0.05772783383033802,model::deberta_v3_sentiment_gated,DeBERTa-v3 + Sentiment Profile (Gated),42
10173,0,1.3262985021356144e-06,0,0.05772783383033802,model::deberta_v3_sentiment_gated,DeBERTa-v3 + Sentiment Profile (Gated),42
14584,1,3.82753205485642e-06,0,0.05772783383033802,model::deberta_v3_sentiment_gated,DeBERTa-v3 + Sentiment Profile (Gated),42
18579,0,1.7528651369502768e-05,0,0.05772783383033802,model::deberta_v3_sentiment_gated,DeBERTa-v3 + Sentiment Profile (Gated),42
6719,0,4.429751243151259e-06,0,0.05772783383033802,model::deberta_v3_sentiment_gated,DeBERTa-v3 + Sentiment Profile (Gated),42
13994,1,2.6246079869451933e-06,0,0.05772783383033802,model::deberta_v3_sentiment_gated,DeBERTa-v3 + Sentiment Profile (Gated),42
15409,0,1.258298652828671e-06,0,0.05772783383033802,model::deberta_v3_sentiment_gated,DeBERTa-v3 + Sentiment Profile (Gated),42
10287,0,1.9914812128263293e-06,0,0.05772783383033802,model::deberta_v3_sentiment_gated,DeBERTa-v3 + Sentiment Profile (Gated),42
14182,0,5.164744834473822e-06,0,0.05772783383033802,model::deberta_v3_sentiment_gated,DeBERTa-v3 + Sentiment Profile (Gated),42
1866,0,1.7787459682949702e-06,0,0.05772783383033802,model::deberta_v3_sentiment_gated,DeBERTa-v3 + Sentiment Profile (Gated),42
5840,1,1.7228250044354354e-06,0,0.05772783383033802,model::deberta_v3_sentiment_gated,DeBERTa-v3 + Sentiment Profile (Gated),42
8508,0,1.6221405303440406e-06,0,0.05772783383033802,model::deberta_v3_sentiment_gated,DeBERTa-v3 + Sentiment Profile (Gated),42
16600,0,1.285799044126179e-06,0,0.05772783383033802,model::deberta_v3_sentiment_gated,DeBERTa-v3 + Sentiment Profile (Gated),42
12136,1,3.262303607698413e-06,0,0.05772783383033802,model::deberta_v3_sentiment_gated,DeBERTa-v3 + Sentiment Profile (Gated),42
15175,1,2.285041091454332e-06,0,0.05772783383033802,model::deberta_v3_sentiment_gated,DeBERTa-v3 + Sentiment Profile (Gated),42
1171,0,5.739940206694882e-06,0,0.05772783383033802,model::deberta_v3_sentiment_gated,DeBERTa-v3 + Sentiment Profile (Gated),42
10626,0,7.982030183484312e-06,0,0.05772783383033802,model::deberta_v3_sentiment_gated,DeBERTa-v3 + Sentiment Profile (Gated),42
17816,0,4.486166290007532e-06,0,0.05772783383033802,model::deberta_v3_sentiment_gated,DeBERTa-v3 + Sentiment Profile (Gated),42
7438,1,2.160808890039334e-06,0,0.05772783383033802,model::deberta_v3_sentiment_gated,DeBERTa-v3 + Sentiment Profile (Gated),42
4132,1,1.891225338113145e-06,0,0.05772783383033802,model::deberta_v3_sentiment_gated,DeBERTa-v3 + Sentiment Profile (Gated),42
12929,0,1.6243434401985724e-06,0,0.05772783383033802,model::deberta_v3_sentiment_gated,DeBERTa-v3 + Sentiment Profile (Gated),42
17018,1,2.365783075219952e-06,0,0.05772783383033802,model::deberta_v3_sentiment_gated,DeBERTa-v3 + Sentiment Profile (Gated),42
14608,0,1.2655228829316911e-06,0,0.05772783383033802,model::deberta_v3_sentiment_gated,DeBERTa-v3 + Sentiment Profile (Gated),42
16274,0,1.909202183014713e-06,0,0.05772783383033802,model::deberta_v3_sentiment_gated,DeBERTa-v3 + Sentiment Profile (Gated),42
2408,0,1.6150784176716115e-06,0,0.05772783383033802,model::deberta_v3_sentiment_gated,DeBERTa-v3 + Sentiment Profile (Gated),42
7731,0,4.028211606055265e-06,0,0.05772783383033802,model::deberta_v3_sentiment_gated,DeBERTa-v3 + Sentiment Profile (Gated),42
1204,1,3.866269253194332e-06,0,0.05772783383033802,model::deberta_v3_sentiment_gated,DeBERTa-v3 + Sentiment Profile (Gated),42
15159,1,1.7848224160843529e-06,0,0.05772783383033802,model::deberta_v3_sentiment_gated,DeBERTa-v3 + Sentiment Profile (Gated),42
13621,0,1.2743051229335832e-05,0,0.05772783383033802,model::deberta_v3_sentiment_gated,DeBERTa-v3 + Sentiment Profile (Gated),42
1729,0,1.648383317842672e-06,0,0.05772783383033802,model::deberta_v3_sentiment_gated,DeBERTa-v3 + Sentiment Profile (Gated),42
16466,0,1.920905333463452e-06,0,0.05772783383033802,model::deberta_v3_sentiment_gated,DeBERTa-v3 + Sentiment Profile (Gated),42
1197,1,1.923128593261936e-06,0,0.05772783383033802,model::deberta_v3_sentiment_gated,DeBERTa-v3 + Sentiment Profile (Gated),42
14491,0,3.5098505577479955e-06,0,0.05772783383033802,model::deberta_v3_sentiment_gated,DeBERTa-v3 + Sentiment Profile (Gated),42
3338,1,1.814660663512768e-06,0,0.05772783383033802,model::deberta_v3_sentiment_gated,DeBERTa-v3 + Sentiment Profile (Gated),42
3165,1,1.8142125099984696e-06,0,0.05772783383033802,model::deberta_v3_sentiment_gated,DeBERTa-v3 + Sentiment Profile (Gated),42
3852,0,0.9998142123222352,1,0.05772783383033802,model::deberta_v3_sentiment_gated,DeBERTa-v3 + Sentiment Profile (Gated),42
16232,1,2.0931395283696475e-06,0,0.05772783383033802,model::deberta_v3_sentiment_gated,DeBERTa-v3 + Sentiment Profile (Gated),42
3551,1,1.934612555487547e-06,0,0.05772783383033802,model::deberta_v3_sentiment_gated,DeBERTa-v3 + Sentiment Profile (Gated),42
18200,1,2.1698433556593955e-06,0,0.05772783383033802,model::deberta_v3_sentiment_gated,DeBERTa-v3 + Sentiment Profile (Gated),42
1750,1,2.138544914487284e-06,0,0.05772783383033802,model::deberta_v3_sentiment_gated,DeBERTa-v3 + Sentiment Profile (Gated),42
13356,1,1.934918827828369e-06,0,0.05772783383033802,model::deberta_v3_sentiment_gated,DeBERTa-v3 + Sentiment Profile (Gated),42
14029,0,1.7198783552885288e-06,0,0.05772783383033802,model::deberta_v3_sentiment_gated,DeBERTa-v3 + Sentiment Profile (Gated),42
15702,1,2.0737259092129534e-06,0,0.05772783383033802,model::deberta_v3_sentiment_gated,DeBERTa-v3 + Sentiment Profile (Gated),42
6671,0,1.2302151617404888e-06,0,0.05772783383033802,model::deberta_v3_sentiment_gated,DeBERTa-v3 + Sentiment Profile (Gated),42
1598,1,1.4673058785774629e-06,0,0.05772783383033802,model::deberta_v3_sentiment_gated,DeBERTa-v3 + Sentiment Profile (Gated),42
14361,0,1.2056752893840894e-06,0,0.05772783383033802,model::deberta_v3_sentiment_gated,DeBERTa-v3 + Sentiment Profile (Gated),42
8832,0,3.152142198814545e-06,0,0.05772783383033802,model::deberta_v3_sentiment_gated,DeBERTa-v3 + Sentiment Profile (Gated),42
9975,1,1.999546384467976e-06,0,0.05772783383033802,model::deberta_v3_sentiment_gated,DeBERTa-v3 + Sentiment Profile (Gated),42
13954,0,3.383735020179301e-06,0,0.05772783383033802,model::deberta_v3_sentiment_gated,DeBERTa-v3 + Sentiment Profile (Gated),42
9267,0,1.2176594282209408e-05,0,0.05772783383033802,model::deberta_v3_sentiment_gated,DeBERTa-v3 + Sentiment Profile (Gated),42
13091,1,3.76375237465254e-06,0,0.05772783383033802,model::deberta_v3_sentiment_gated,DeBERTa-v3 + Sentiment Profile (Gated),42
17553,1,2.0117438452871284e-06,0,0.05772783383033802,model::deberta_v3_sentiment_gated,DeBERTa-v3 + Sentiment Profile (Gated),42
11555,0,1.1625182878560736e-06,0,0.05772783383033802,model::deberta_v3_sentiment_gated,DeBERTa-v3 + Sentiment Profile (Gated),42
11748,1,2.186669689763221e-06,0,0.05772783383033802,model::deberta_v3_sentiment_gated,DeBERTa-v3 + Sentiment Profile (Gated),42
10804,0,2.92684694613854e-06,0,0.05772783383033802,model::deberta_v3_sentiment_gated,DeBERTa-v3 + Sentiment Profile (Gated),42
12854,0,1.4934172440916882e-06,0,0.05772783383033802,model::deberta_v3_sentiment_gated,DeBERTa-v3 + Sentiment Profile (Gated),42
16115,0,2.457455138937803e-06,0,0.05772783383033802,model::deberta_v3_sentiment_gated,DeBERTa-v3 + Sentiment Profile (Gated),42
7308,1,3.461890401013079e-06,0,0.05772783383033802,model::deberta_v3_sentiment_gated,DeBERTa-v3 + Sentiment Profile (Gated),42
6556,1,1.665442709963827e-06,0,0.05772783383033802,model::deberta_v3_sentiment_gated,DeBERTa-v3 + Sentiment Profile (Gated),42
14549,1,3.3736009754647966e-06,0,0.05772783383033802,model::deberta_v3_sentiment_gated,DeBERTa-v3 + Sentiment Profile (Gated),42
6787,0,1.629025291549624e-06,0,0.05772783383033802,model::deberta_v3_sentiment_gated,DeBERTa-v3 + Sentiment Profile (Gated),42
11776,0,1.6485469132021535e-06,0,0.05772783383033802,model::deberta_v3_sentiment_gated,DeBERTa-v3 + Sentiment Profile (Gated),42
9577,0,1.6867833210199024e-06,0,0.05772783383033802,model::deberta_v3_sentiment_gated,DeBERTa-v3 + Sentiment Profile (Gated),42
19107,0,1.870493747446744e-06,0,0.05772783383033802,model::deberta_v3_sentiment_gated,DeBERTa-v3 + Sentiment Profile (Gated),42
3818,0,1.4194583854987286e-06,0,0.05772783383033802,model::deberta_v3_sentiment_gated,DeBERTa-v3 + Sentiment Profile (Gated),42
6319,0,1.2990611821805942e-06,0,0.05772783383033802,model::deberta_v3_sentiment_gated,DeBERTa-v3 + Sentiment Profile (Gated),42
7931,1,1.857525717241515e-06,0,0.05772783383033802,model::deberta_v3_sentiment_gated,DeBERTa-v3 + Sentiment Profile (Gated),42
18516,1,2.2364977212419035e-06,0,0.05772783383033802,model::deberta_v3_sentiment_gated,DeBERTa-v3 + Sentiment Profile (Gated),42
19974,1,1.6272629181912637e-06,0,0.05772783383033802,model::deberta_v3_sentiment_gated,DeBERTa-v3 + Sentiment Profile (Gated),42
8003,1,1.6111077911773464e-06,0,0.05772783383033802,model::deberta_v3_sentiment_gated,DeBERTa-v3 + Sentiment Profile (Gated),42
14855,1,1.6817157302284611e-06,0,0.05772783383033802,model::deberta_v3_sentiment_gated,DeBERTa-v3 + Sentiment Profile (Gated),42
935,0,2.412013418506831e-05,0,0.05772783383033802,model::deberta_v3_sentiment_gated,DeBERTa-v3 + Sentiment Profile (Gated),42
3623,1,3.685689534904668e-06,0,0.05772783383033802,model::deberta_v3_sentiment_gated,DeBERTa-v3 + Sentiment Profile (Gated),42
2857,0,6.844898052804638e-06,0,0.05772783383033802,model::deberta_v3_sentiment_gated,DeBERTa-v3 + Sentiment Profile (Gated),42
15100,1,4.709498170996085e-06,0,0.05772783383033802,model::deberta_v3_sentiment_gated,DeBERTa-v3 + Sentiment Profile (Gated),42
12647,1,3.107377551714308e-06,0,0.05772783383033802,model::deberta_v3_sentiment_gated,DeBERTa-v3 + Sentiment Profile (Gated),42
16571,0,1.7589401295481366e-06,0,0.05772783383033802,model::deberta_v3_sentiment_gated,DeBERTa-v3 + Sentiment Profile (Gated),42
18098,1,1.6466487977595534e-06,0,0.05772783383033802,model::deberta_v3_sentiment_gated,DeBERTa-v3 + Sentiment Profile (Gated),42
18736,1,2.3323059394897427e-06,0,0.05772783383033802,model::deberta_v3_sentiment_gated,DeBERTa-v3 + Sentiment Profile (Gated),42
8920,1,3.008595967912697e-06,0,0.05772783383033802,model::deberta_v3_sentiment_gated,DeBERTa-v3 + Sentiment Profile (Gated),42
11186,1,1.8690136585064463e-06,0,0.05772783383033802,model::deberta_v3_sentiment_gated,DeBERTa-v3 + Sentiment Profile (Gated),42
15711,1,1.8681939764064737e-06,0,0.05772783383033802,model::deberta_v3_sentiment_gated,DeBERTa-v3 + Sentiment Profile (Gated),42
5958,1,1.6085442666735617e-06,0,0.05772783383033802,model::deberta_v3_sentiment_gated,DeBERTa-v3 + Sentiment Profile (Gated),42
7558,0,3.844862294499762e-05,0,0.05772783383033802,model::deberta_v3_sentiment_gated,DeBERTa-v3 + Sentiment Profile (Gated),42
20149,1,2.1510732040042058e-06,0,0.05772783383033802,model::deberta_v3_sentiment_gated,DeBERTa-v3 + Sentiment Profile (Gated),42
9778,0,7.013757112872554e-06,0,0.05772783383033802,model::deberta_v3_sentiment_gated,DeBERTa-v3 + Sentiment Profile (Gated),42
8502,1,2.245482392027043e-06,0,0.05772783383033802,model::deberta_v3_sentiment_gated,DeBERTa-v3 + Sentiment Profile (Gated),42
1642,1,1.5534933481831104e-06,0,0.05772783383033802,model::deberta_v3_sentiment_gated,DeBERTa-v3 + Sentiment Profile (Gated),42
21039,0,5.616694124910282e-06,0,0.05772783383033802,model::deberta_v3_sentiment_gated,DeBERTa-v3 + Sentiment Profile (Gated),42
11515,0,3.492211590128136e-06,0,0.05772783383033802,model::deberta_v3_sentiment_gated,DeBERTa-v3 + Sentiment Profile (Gated),42
5310,0,6.84260112393531e-06,0,0.05772783383033802,model::deberta_v3_sentiment_gated,DeBERTa-v3 + Sentiment Profile (Gated),42
20759,0,1.0942409289782518e-06,0,0.05772783383033802,model::deberta_v3_sentiment_gated,DeBERTa-v3 + Sentiment Profile (Gated),42
12683,0,3.13437226395763e-06,0,0.05772783383033802,model::deberta_v3_sentiment_gated,DeBERTa-v3 + Sentiment Profile (Gated),42
5142,0,1.6666979263391113e-06,0,0.05772783383033802,model::deberta_v3_sentiment_gated,DeBERTa-v3 + Sentiment Profile (Gated),42
11672,1,2.599840399852837e-06,0,0.05772783383033802,model::deberta_v3_sentiment_gated,DeBERTa-v3 + Sentiment Profile (Gated),42
6976,1,2.5145373001578264e-06,0,0.05772783383033802,model::deberta_v3_sentiment_gated,DeBERTa-v3 + Sentiment Profile (Gated),42
10148,0,6.841361027909443e-06,0,0.05772783383033802,model::deberta_v3_sentiment_gated,DeBERTa-v3 + Sentiment Profile (Gated),42
18578,0,2.3229140424518846e-06,0,0.05772783383033802,model::deberta_v3_sentiment_gated,DeBERTa-v3 + Sentiment Profile (Gated),42
19362,1,2.2360561615641927e-06,0,0.05772783383033802,model::deberta_v3_sentiment_gated,DeBERTa-v3 + Sentiment Profile (Gated),42
5241,1,2.4826883873174665e-06,0,0.05772783383033802,model::deberta_v3_sentiment_gated,DeBERTa-v3 + Sentiment Profile (Gated),42
664,0,4.595018708641874e-06,0,0.05772783383033802,model::deberta_v3_sentiment_gated,DeBERTa-v3 + Sentiment Profile (Gated),42
12453,0,1.7875939875011682e-06,0,0.05772783383033802,model::deberta_v3_sentiment_gated,DeBERTa-v3 + Sentiment Profile (Gated),42
2205,1,1.9038819800698548e-06,0,0.05772783383033802,model::deberta_v3_sentiment_gated,DeBERTa-v3 + Sentiment Profile (Gated),42
9896,0,1.8062299886878463e-06,0,0.05772783383033802,model::deberta_v3_sentiment_gated,DeBERTa-v3 + Sentiment Profile (Gated),42
15733,0,4.438876658241497e-06,0,0.05772783383033802,model::deberta_v3_sentiment_gated,DeBERTa-v3 + Sentiment Profile (Gated),42
6070,0,2.2826059193903347e-06,0,0.05772783383033802,model::deberta_v3_sentiment_gated,DeBERTa-v3 + Sentiment Profile (Gated),42
3994,0,2.654780928423861e-06,0,0.05772783383033802,model::deberta_v3_sentiment_gated,DeBERTa-v3 + Sentiment Profile (Gated),42
11962,0,1.8120355207429384e-06,0,0.05772783383033802,model::deberta_v3_sentiment_gated,DeBERTa-v3 + Sentiment Profile (Gated),42
13923,0,6.020988166710595e-06,0,0.05772783383033802,model::deberta_v3_sentiment_gated,DeBERTa-v3 + Sentiment Profile (Gated),42
3512,0,1.6538979252800343e-06,0,0.05772783383033802,model::deberta_v3_sentiment_gated,DeBERTa-v3 + Sentiment Profile (Gated),42
8737,0,2.434371708659455e-06,0,0.05772783383033802,model::deberta_v3_sentiment_gated,DeBERTa-v3 + Sentiment Profile (Gated),42
17758,1,1.7895880546348053e-06,0,0.05772783383033802,model::deberta_v3_sentiment_gated,DeBERTa-v3 + Sentiment Profile (Gated),42
11250,1,1.839325364016986e-06,0,0.05772783383033802,model::deberta_v3_sentiment_gated,DeBERTa-v3 + Sentiment Profile (Gated),42
8102,0,2.414248456261703e-06,0,0.05772783383033802,model::deberta_v3_sentiment_gated,DeBERTa-v3 + Sentiment Profile (Gated),42
3614,0,1.24661858080799e-06,0,0.05772783383033802,model::deberta_v3_sentiment_gated,DeBERTa-v3 + Sentiment Profile (Gated),42
6659,1,4.179905772616621e-06,0,0.05772783383033802,model::deberta_v3_sentiment_gated,DeBERTa-v3 + Sentiment Profile (Gated),42
12125,0,9.885285408017808e-07,0,0.05772783383033802,model::deberta_v3_sentiment_gated,DeBERTa-v3 + Sentiment Profile (Gated),42
13471,1,1.7858525325209484e-06,0,0.05772783383033802,model::deberta_v3_sentiment_gated,DeBERTa-v3 + Sentiment Profile (Gated),42
5246,0,2.5470451419096207e-06,0,0.05772783383033802,model::deberta_v3_sentiment_gated,DeBERTa-v3 + Sentiment Profile (Gated),42
2612,1,1.4862932857795386e-06,0,0.05772783383033802,model::deberta_v3_sentiment_gated,DeBERTa-v3 + Sentiment Profile (Gated),42
16686,1,4.658183570427354e-06,0,0.05772783383033802,model::deberta_v3_sentiment_gated,DeBERTa-v3 + Sentiment Profile (Gated),42
4569,0,2.556082563387463e-06,0,0.05772783383033802,model::deberta_v3_sentiment_gated,DeBERTa-v3 + Sentiment Profile (Gated),42
16586,1,1.993318619497586e-06,0,0.05772783383033802,model::deberta_v3_sentiment_gated,DeBERTa-v3 + Sentiment Profile (Gated),42
9777,0,2.920598490163684e-06,0,0.05772783383033802,model::deberta_v3_sentiment_gated,DeBERTa-v3 + Sentiment Profile (Gated),42
10194,1,2.1828400349477306e-06,0,0.05772783383033802,model::deberta_v3_sentiment_gated,DeBERTa-v3 + Sentiment Profile (Gated),42
13439,0,1.510209040134214e-05,0,0.05772783383033802,model::deberta_v3_sentiment_gated,DeBERTa-v3 + Sentiment Profile (Gated),42
12371,1,1.9649587557069026e-06,0,0.05772783383033802,model::deberta_v3_sentiment_gated,DeBERTa-v3 + Sentiment Profile (Gated),42
20902,0,2.4380265131185297e-06,0,0.05772783383033802,model::deberta_v3_sentiment_gated,DeBERTa-v3 + Sentiment Profile (Gated),42
7768,1,2.331511950615095e-06,0,0.05772783383033802,model::deberta_v3_sentiment_gated,DeBERTa-v3 + Sentiment Profile (Gated),42
2321,1,1.7651308326094297e-06,0,0.05772783383033802,model::deberta_v3_sentiment_gated,DeBERTa-v3 + Sentiment Profile (Gated),42
11714,0,4.5488982323149685e-06,0,0.05772783383033802,model::deberta_v3_sentiment_gated,DeBERTa-v3 + Sentiment Profile (Gated),42
3655,0,2.4328214749402832e-06,0,0.05772783383033802,model::deberta_v3_sentiment_gated,DeBERTa-v3 + Sentiment Profile (Gated),42
19633,0,2.7559663067222573e-06,0,0.05772783383033802,model::deberta_v3_sentiment_gated,DeBERTa-v3 + Sentiment Profile (Gated),42
2593,0,1.7054188674592297e-06,0,0.05772783383033802,model::deberta_v3_sentiment_gated,DeBERTa-v3 + Sentiment Profile (Gated),42
5964,0,1.7739297391017317e-06,0,0.05772783383033802,model::deberta_v3_sentiment_gated,DeBERTa-v3 + Sentiment Profile (Gated),42
11822,0,3.093678287768853e-06,0,0.05772783383033802,model::deberta_v3_sentiment_gated,DeBERTa-v3 + Sentiment Profile (Gated),42
12791,1,5.077893092675367e-06,0,0.05772783383033802,model::deberta_v3_sentiment_gated,DeBERTa-v3 + Sentiment Profile (Gated),42
3841,0,1.3907806533097755e-05,0,0.05772783383033802,model::deberta_v3_sentiment_gated,DeBERTa-v3 + Sentiment Profile (Gated),42
15763,0,1.9457738744677044e-06,0,0.05772783383033802,model::deberta_v3_sentiment_gated,DeBERTa-v3 + Sentiment Profile (Gated),42
9129,1,1.7478305380791426e-06,0,0.05772783383033802,model::deberta_v3_sentiment_gated,DeBERTa-v3 + Sentiment Profile (Gated),42
13046,1,3.385406898814836e-06,0,0.05772783383033802,model::deberta_v3_sentiment_gated,DeBERTa-v3 + Sentiment Profile (Gated),42
1847,0,4.080533472006209e-06,0,0.05772783383033802,model::deberta_v3_sentiment_gated,DeBERTa-v3 + Sentiment Profile (Gated),42
8591,1,2.9252423701109365e-06,0,0.05772783383033802,model::deberta_v3_sentiment_gated,DeBERTa-v3 + Sentiment Profile (Gated),42
3209,0,2.68573671746708e-06,0,0.05772783383033802,model::deberta_v3_sentiment_gated,DeBERTa-v3 + Sentiment Profile (Gated),42
11566,0,2.942651462944923e-06,0,0.05772783383033802,model::deberta_v3_sentiment_gated,DeBERTa-v3 + Sentiment Profile (Gated),42
18276,1,1.8051640608973685e-06,0,0.05772783383033802,model::deberta_v3_sentiment_gated,DeBERTa-v3 + Sentiment Profile (Gated),42
21121,0,1.9799219899141463e-06,0,0.05772783383033802,model::deberta_v3_sentiment_gated,DeBERTa-v3 + Sentiment Profile (Gated),42
19671,0,4.005235496151727e-06,0,0.05772783383033802,model::deberta_v3_sentiment_gated,DeBERTa-v3 + Sentiment Profile (Gated),42
729,1,1.7338368252239889e-06,0,0.05772783383033802,model::deberta_v3_sentiment_gated,DeBERTa-v3 + Sentiment Profile (Gated),42
17129,0,1.230805446539307e-05,0,0.05772783383033802,model::deberta_v3_sentiment_gated,DeBERTa-v3 + Sentiment Profile (Gated),42
12185,1,1.9726674054254545e-06,0,0.05772783383033802,model::deberta_v3_sentiment_gated,DeBERTa-v3 + Sentiment Profile (Gated),42
1996,0,1.5004853821665165e-06,0,0.05772783383033802,model::deberta_v3_sentiment_gated,DeBERTa-v3 + Sentiment Profile (Gated),42
18477,0,1.3081690894978235e-06,0,0.05772783383033802,model::deberta_v3_sentiment_gated,DeBERTa-v3 + Sentiment Profile (Gated),42
13495,0,6.090712304285262e-06,0,0.05772783383033802,model::deberta_v3_sentiment_gated,DeBERTa-v3 + Sentiment Profile (Gated),42
3467,1,1.8154950112148072e-06,0,0.05772783383033802,model::deberta_v3_sentiment_gated,DeBERTa-v3 + Sentiment Profile (Gated),42
3100,1,1.919892611113028e-06,0,0.05772783383033802,model::deberta_v3_sentiment_gated,DeBERTa-v3 + Sentiment Profile (Gated),42
19006,0,2.778402858893969e-06,0,0.05772783383033802,model::deberta_v3_sentiment_gated,DeBERTa-v3 + Sentiment Profile (Gated),42
2734,0,1.9796916603809223e-06,0,0.05772783383033802,model::deberta_v3_sentiment_gated,DeBERTa-v3 + Sentiment Profile (Gated),42
7923,1,1.4926911262591602e-06,0,0.05772783383033802,model::deberta_v3_sentiment_gated,DeBERTa-v3 + Sentiment Profile (Gated),42
14593,1,1.8568669020169184e-06,0,0.05772783383033802,model::deberta_v3_sentiment_gated,DeBERTa-v3 + Sentiment Profile (Gated),42
315,1,2.405469331279164e-06,0,0.05772783383033802,model::deberta_v3_sentiment_gated,DeBERTa-v3 + Sentiment Profile (Gated),42
18937,0,1.3057734804533538e-06,0,0.05772783383033802,model::deberta_v3_sentiment_gated,DeBERTa-v3 + Sentiment Profile (Gated),42
7718,1,3.647289759101113e-06,0,0.05772783383033802,model::deberta_v3_sentiment_gated,DeBERTa-v3 + Sentiment Profile (Gated),42
9619,1,1.5176065062405542e-06,0,0.05772783383033802,model::deberta_v3_sentiment_gated,DeBERTa-v3 + Sentiment Profile (Gated),42
6986,1,2.031495796472882e-06,0,0.05772783383033802,model::deberta_v3_sentiment_gated,DeBERTa-v3 + Sentiment Profile (Gated),42
17354,1,4.713690486823907e-06,0,0.05772783383033802,model::deberta_v3_sentiment_gated,DeBERTa-v3 + Sentiment Profile (Gated),42
16941,0,1.5379958995254128e-06,0,0.05772783383033802,model::deberta_v3_sentiment_gated,DeBERTa-v3 + Sentiment Profile (Gated),42
13328,1,2.189342467318056e-06,0,0.05772783383033802,model::deberta_v3_sentiment_gated,DeBERTa-v3 + Sentiment Profile (Gated),42
10753,1,2.353877789573744e-06,0,0.05772783383033802,model::deberta_v3_sentiment_gated,DeBERTa-v3 + Sentiment Profile (Gated),42
730,1,2.752990212684381e-06,0,0.05772783383033802,model::deberta_v3_sentiment_gated,DeBERTa-v3 + Sentiment Profile (Gated),42
15496,1,2.6914210593531607e-06,0,0.05772783383033802,model::deberta_v3_sentiment_gated,DeBERTa-v3 + Sentiment Profile (Gated),42
9203,1,2.684983655854012e-06,0,0.05772783383033802,model::deberta_v3_sentiment_gated,DeBERTa-v3 + Sentiment Profile (Gated),42
9971,1,4.959753368893871e-06,0,0.05772783383033802,model::deberta_v3_sentiment_gated,DeBERTa-v3 + Sentiment Profile (Gated),42
14137,1,2.9672419259441085e-06,0,0.05772783383033802,model::deberta_v3_sentiment_gated,DeBERTa-v3 + Sentiment Profile (Gated),42
20659,1,1.4004722288518678e-06,0,0.05772783383033802,model::deberta_v3_sentiment_gated,DeBERTa-v3 + Sentiment Profile (Gated),42
1737,1,5.727942607336445e-06,0,0.05772783383033802,model::deberta_v3_sentiment_gated,DeBERTa-v3 + Sentiment Profile (Gated),42
18365,1,1.911479330374277e-06,0,0.05772783383033802,model::deberta_v3_sentiment_gated,DeBERTa-v3 + Sentiment Profile (Gated),42
16948,1,2.1565410861512646e-06,0,0.05772783383033802,model::deberta_v3_sentiment_gated,DeBERTa-v3 + Sentiment Profile (Gated),42
4209,1,1.6750666418374749e-06,0,0.05772783383033802,model::deberta_v3_sentiment_gated,DeBERTa-v3 + Sentiment Profile (Gated),42
11255,0,2.130416760337539e-06,0,0.05772783383033802,model::deberta_v3_sentiment_gated,DeBERTa-v3 + Sentiment Profile (Gated),42
4818,0,1.790470719242876e-06,0,0.05772783383033802,model::deberta_v3_sentiment_gated,DeBERTa-v3 + Sentiment Profile (Gated),42
16989,0,2.3042766770231538e-06,0,0.05772783383033802,model::deberta_v3_sentiment_gated,DeBERTa-v3 + Sentiment Profile (Gated),42
13822,1,2.8257729809411103e-06,0,0.05772783383033802,model::deberta_v3_sentiment_gated,DeBERTa-v3 + Sentiment Profile (Gated),42
18218,0,2.8075126010662643e-06,0,0.05772783383033802,model::deberta_v3_sentiment_gated,DeBERTa-v3 + Sentiment Profile (Gated),42
11069,0,2.7255030090600485e-06,0,0.05772783383033802,model::deberta_v3_sentiment_gated,DeBERTa-v3 + Sentiment Profile (Gated),42
16576,1,1.4391011973202694e-06,0,0.05772783383033802,model::deberta_v3_sentiment_gated,DeBERTa-v3 + Sentiment Profile (Gated),42
14690,1,1.5250058140736655e-06,0,0.05772783383033802,model::deberta_v3_sentiment_gated,DeBERTa-v3 + Sentiment Profile (Gated),42
7545,0,2.2615920443058712e-06,0,0.05772783383033802,model::deberta_v3_sentiment_gated,DeBERTa-v3 + Sentiment Profile (Gated),42
11793,0,1.4417620377571438e-06,0,0.05772783383033802,model::deberta_v3_sentiment_gated,DeBERTa-v3 + Sentiment Profile (Gated),42
11185,1,1.7244030914298492e-06,0,0.05772783383033802,model::deberta_v3_sentiment_gated,DeBERTa-v3 + Sentiment Profile (Gated),42
14124,0,1.945553094628849e-06,0,0.05772783383033802,model::deberta_v3_sentiment_gated,DeBERTa-v3 + Sentiment Profile (Gated),42
20861,0,1.768451966199791e-06,0,0.05772783383033802,model::deberta_v3_sentiment_gated,DeBERTa-v3 + Sentiment Profile (Gated),42
11618,0,2.0358868368930416e-06,0,0.05772783383033802,model::deberta_v3_sentiment_gated,DeBERTa-v3 + Sentiment Profile (Gated),42
744,1,4.621735570253804e-06,0,0.05772783383033802,model::deberta_v3_sentiment_gated,DeBERTa-v3 + Sentiment Profile (Gated),42
261,0,1.794094259821577e-06,0,0.05772783383033802,model::deberta_v3_sentiment_gated,DeBERTa-v3 + Sentiment Profile (Gated),42
11958,0,8.036022336455062e-06,0,0.05772783383033802,model::deberta_v3_sentiment_gated,DeBERTa-v3 + Sentiment Profile (Gated),42
12663,1,1.3647960486196098e-06,0,0.05772783383033802,model::deberta_v3_sentiment_gated,DeBERTa-v3 + Sentiment Profile (Gated),42
5696,1,2.279908358104876e-06,0,0.05772783383033802,model::deberta_v3_sentiment_gated,DeBERTa-v3 + Sentiment Profile (Gated),42
7908,1,2.6282750695827417e-06,0,0.05772783383033802,model::deberta_v3_sentiment_gated,DeBERTa-v3 + Sentiment Profile (Gated),42
16295,0,1.4638312677561771e-06,0,0.05772783383033802,model::deberta_v3_sentiment_gated,DeBERTa-v3 + Sentiment Profile (Gated),42
254,1,6.861836300231516e-05,0,0.05772783383033802,model::deberta_v3_sentiment_gated,DeBERTa-v3 + Sentiment Profile (Gated),42
5340,1,1.919601345434785e-06,0,0.05772783383033802,model::deberta_v3_sentiment_gated,DeBERTa-v3 + Sentiment Profile (Gated),42
8001,0,5.308795607561478e-06,0,0.05772783383033802,model::deberta_v3_sentiment_gated,DeBERTa-v3 + Sentiment Profile (Gated),42
7354,1,1.8901596376963423e-06,0,0.05772783383033802,model::deberta_v3_sentiment_gated,DeBERTa-v3 + Sentiment Profile (Gated),42
7138,1,2.0430657059478108e-06,0,0.05772783383033802,model::deberta_v3_sentiment_gated,DeBERTa-v3 + Sentiment Profile (Gated),42
8105,1,2.9630764402099885e-06,0,0.05772783383033802,model::deberta_v3_sentiment_gated,DeBERTa-v3 + Sentiment Profile (Gated),42
6579,0,2.157596554752672e-06,0,0.05772783383033802,model::deberta_v3_sentiment_gated,DeBERTa-v3 + Sentiment Profile (Gated),42
7934,1,2.458650442349608e-06,0,0.05772783383033802,model::deberta_v3_sentiment_gated,DeBERTa-v3 + Sentiment Profile (Gated),42
8606,1,2.175142753912951e-06,0,0.05772783383033802,model::deberta_v3_sentiment_gated,DeBERTa-v3 + Sentiment Profile (Gated),42
7600,0,1.7000859315885464e-06,0,0.05772783383033802,model::deberta_v3_sentiment_gated,DeBERTa-v3 + Sentiment Profile (Gated),42
16101,1,2.1245371044642525e-06,0,0.05772783383033802,model::deberta_v3_sentiment_gated,DeBERTa-v3 + Sentiment Profile (Gated),42
1203,0,1.4203615137375891e-06,0,0.05772783383033802,model::deberta_v3_sentiment_gated,DeBERTa-v3 + Sentiment Profile (Gated),42
5057,0,1.3762048638454871e-06,0,0.05772783383033802,model::deberta_v3_sentiment_gated,DeBERTa-v3 + Sentiment Profile (Gated),42
12089,0,2.273923655593535e-06,0,0.05772783383033802,model::deberta_v3_sentiment_gated,DeBERTa-v3 + Sentiment Profile (Gated),42
4527,1,2.079702653645654e-06,0,0.05772783383033802,model::deberta_v3_sentiment_gated,DeBERTa-v3 + Sentiment Profile (Gated),42
9382,1,1.8586864598546529e-06,0,0.05772783383033802,model::deberta_v3_sentiment_gated,DeBERTa-v3 + Sentiment Profile (Gated),42
13521,1,2.771977051452268e-06,0,0.05772783383033802,model::deberta_v3_sentiment_gated,DeBERTa-v3 + Sentiment Profile (Gated),42
3108,1,2.484938704583328e-06,0,0.05772783383033802,model::deberta_v3_sentiment_gated,DeBERTa-v3 + Sentiment Profile (Gated),42
8712,0,9.833798685576768e-06,0,0.05772783383033802,model::deberta_v3_sentiment_gated,DeBERTa-v3 + Sentiment Profile (Gated),42
19949,1,2.601492496978608e-06,0,0.05772783383033802,model::deberta_v3_sentiment_gated,DeBERTa-v3 + Sentiment Profile (Gated),42
577,1,1.373857571707049e-06,0,0.05772783383033802,model::deberta_v3_sentiment_gated,DeBERTa-v3 + Sentiment Profile (Gated),42
2039,0,8.111919669318013e-06,0,0.05772783383033802,model::deberta_v3_sentiment_gated,DeBERTa-v3 + Sentiment Profile (Gated),42
17193,0,2.404652605036972e-06,0,0.05772783383033802,model::deberta_v3_sentiment_gated,DeBERTa-v3 + Sentiment Profile (Gated),42
14350,1,2.3539405447081663e-06,0,0.05772783383033802,model::deberta_v3_sentiment_gated,DeBERTa-v3 + Sentiment Profile (Gated),42
19730,1,1.443609903617471e-06,0,0.05772783383033802,model::deberta_v3_sentiment_gated,DeBERTa-v3 + Sentiment Profile (Gated),42
20960,1,2.3731902274448657e-06,0,0.05772783383033802,model::deberta_v3_sentiment_gated,DeBERTa-v3 + Sentiment Profile (Gated),42
2547,1,2.7526489247975405e-06,0,0.05772783383033802,model::deberta_v3_sentiment_gated,DeBERTa-v3 + Sentiment Profile (Gated),42
13601,0,3.48801745531091e-06,0,0.05772783383033802,model::deberta_v3_sentiment_gated,DeBERTa-v3 + Sentiment Profile (Gated),42
5423,0,5.0619473768165335e-06,0,0.05772783383033802,model::deberta_v3_sentiment_gated,DeBERTa-v3 + Sentiment Profile (Gated),42
13210,0,2.858362677216064e-06,0,0.05772783383033802,model::deberta_v3_sentiment_gated,DeBERTa-v3 + Sentiment Profile (Gated),42
18396,1,1.898491632346122e-06,0,0.05772783383033802,model::deberta_v3_sentiment_gated,DeBERTa-v3 + Sentiment Profile (Gated),42
6019,0,6.222269803402014e-06,0,0.05772783383033802,model::deberta_v3_sentiment_gated,DeBERTa-v3 + Sentiment Profile (Gated),42
2872,0,1.7639731595409105e-06,0,0.05772783383033802,model::deberta_v3_sentiment_gated,DeBERTa-v3 + Sentiment Profile (Gated),42
6204,0,1.4175549267747556e-06,0,0.05772783383033802,model::deberta_v3_sentiment_gated,DeBERTa-v3 + Sentiment Profile (Gated),42
9717,1,1.692779733275529e-06,0,0.05772783383033802,model::deberta_v3_sentiment_gated,DeBERTa-v3 + Sentiment Profile (Gated),42
3733,0,1.8877186676036213e-06,0,0.05772783383033802,model::deberta_v3_sentiment_gated,DeBERTa-v3 + Sentiment Profile (Gated),42
3150,1,2.862388782887137e-06,0,0.05772783383033802,model::deberta_v3_sentiment_gated,DeBERTa-v3 + Sentiment Profile (Gated),42
12007,0,4.000700300821336e-06,0,0.05772783383033802,model::deberta_v3_sentiment_gated,DeBERTa-v3 + Sentiment Profile (Gated),42
20412,0,1.454106950404821e-06,0,0.05772783383033802,model::deberta_v3_sentiment_gated,DeBERTa-v3 + Sentiment Profile (Gated),42
10966,1,1.6037009800129454e-06,0,0.05772783383033802,model::deberta_v3_sentiment_gated,DeBERTa-v3 + Sentiment Profile (Gated),42
15297,1,1.6583391015956297e-06,0,0.05772783383033802,model::deberta_v3_sentiment_gated,DeBERTa-v3 + Sentiment Profile (Gated),42
8581,0,2.29074453272915e-06,0,0.05772783383033802,model::deberta_v3_sentiment_gated,DeBERTa-v3 + Sentiment Profile (Gated),42
9247,1,2.9425871161947725e-06,0,0.05772783383033802,model::deberta_v3_sentiment_gated,DeBERTa-v3 + Sentiment Profile (Gated),42
20802,1,3.4091874567820923e-06,0,0.05772783383033802,model::deberta_v3_sentiment_gated,DeBERTa-v3 + Sentiment Profile (Gated),42
11856,0,1.5735888609924586e-06,0,0.05772783383033802,model::deberta_v3_sentiment_gated,DeBERTa-v3 + Sentiment Profile (Gated),42
16750,0,2.214877213191357e-06,0,0.05772783383033802,model::deberta_v3_sentiment_gated,DeBERTa-v3 + Sentiment Profile (Gated),42
14447,1,2.3901618533272995e-06,0,0.05772783383033802,model::deberta_v3_sentiment_gated,DeBERTa-v3 + Sentiment Profile (Gated),42
599,1,1.6420445945186657e-06,0,0.05772783383033802,model::deberta_v3_sentiment_gated,DeBERTa-v3 + Sentiment Profile (Gated),42
19339,1,5.82126858716947e-06,0,0.05772783383033802,model::deberta_v3_sentiment_gated,DeBERTa-v3 + Sentiment Profile (Gated),42
20904,0,1.4978475064708618e-06,0,0.05772783383033802,model::deberta_v3_sentiment_gated,DeBERTa-v3 + Sentiment Profile (Gated),42
18860,1,1.536811168989516e-06,0,0.05772783383033802,model::deberta_v3_sentiment_gated,DeBERTa-v3 + Sentiment Profile (Gated),42
7349,0,2.094760930049233e-06,0,0.05772783383033802,model::deberta_v3_sentiment_gated,DeBERTa-v3 + Sentiment Profile (Gated),42
12739,0,1.3904021898270005e-06,0,0.05772783383033802,model::deberta_v3_sentiment_gated,DeBERTa-v3 + Sentiment Profile (Gated),42
1732,0,2.500733444321668e-06,0,0.05772783383033802,model::deberta_v3_sentiment_gated,DeBERTa-v3 + Sentiment Profile (Gated),42
9070,1,1.6474766653118422e-06,0,0.05772783383033802,model::deberta_v3_sentiment_gated,DeBERTa-v3 + Sentiment Profile (Gated),42
20274,0,1.2658838386414573e-06,0,0.05772783383033802,model::deberta_v3_sentiment_gated,DeBERTa-v3 + Sentiment Profile (Gated),42
16439,1,2.1213525087659946e-06,0,0.05772783383033802,model::deberta_v3_sentiment_gated,DeBERTa-v3 + Sentiment Profile (Gated),42
9723,0,4.246636308380403e-06,0,0.05772783383033802,model::deberta_v3_sentiment_gated,DeBERTa-v3 + Sentiment Profile (Gated),42
15367,0,5.431312274595257e-06,0,0.05772783383033802,model::deberta_v3_sentiment_gated,DeBERTa-v3 + Sentiment Profile (Gated),42
21113,0,0.0020156709942966,0,0.05772783383033802,model::deberta_v3_sentiment_gated,DeBERTa-v3 + Sentiment Profile (Gated),42
12151,1,2.5497402020846494e-06,0,0.05772783383033802,model::deberta_v3_sentiment_gated,DeBERTa-v3 + Sentiment Profile (Gated),42
4476,1,2.3506272555096075e-06,0,0.05772783383033802,model::deberta_v3_sentiment_gated,DeBERTa-v3 + Sentiment Profile (Gated),42
8093,1,2.9284578886290547e-06,0,0.05772783383033802,model::deberta_v3_sentiment_gated,DeBERTa-v3 + Sentiment Profile (Gated),42
6237,0,1.7189207710543997e-06,0,0.05772783383033802,model::deberta_v3_sentiment_gated,DeBERTa-v3 + Sentiment Profile (Gated),42
19531,1,1.4839055211268717e-06,0,0.05772783383033802,model::deberta_v3_sentiment_gated,DeBERTa-v3 + Sentiment Profile (Gated),42
5192,0,3.4807137581083225e-06,0,0.05772783383033802,model::deberta_v3_sentiment_gated,DeBERTa-v3 + Sentiment Profile (Gated),42
16725,1,1.4713750715600329e-06,0,0.05772783383033802,model::deberta_v3_sentiment_gated,DeBERTa-v3 + Sentiment Profile (Gated),42
7744,1,2.8289869078435004e-06,0,0.05772783383033802,model::deberta_v3_sentiment_gated,DeBERTa-v3 + Sentiment Profile (Gated),42
9746,0,1.437781520507997e-06,0,0.05772783383033802,model::deberta_v3_sentiment_gated,DeBERTa-v3 + Sentiment Profile (Gated),42
2397,1,2.3310074084292864e-06,0,0.05772783383033802,model::deberta_v3_sentiment_gated,DeBERTa-v3 + Sentiment Profile (Gated),42
3746,0,2.334624696231913e-06,0,0.05772783383033802,model::deberta_v3_sentiment_gated,DeBERTa-v3 + Sentiment Profile (Gated),42
5190,0,4.993860329705058e-06,0,0.05772783383033802,model::deberta_v3_sentiment_gated,DeBERTa-v3 + Sentiment Profile (Gated),42
19360,0,0.0015288224676623,0,0.05772783383033802,model::deberta_v3_sentiment_gated,DeBERTa-v3 + Sentiment Profile (Gated),42
5879,1,1.6071365962488926e-06,0,0.05772783383033802,model::deberta_v3_sentiment_gated,DeBERTa-v3 + Sentiment Profile (Gated),42
11527,1,1.758209009494749e-06,0,0.05772783383033802,model::deberta_v3_sentiment_gated,DeBERTa-v3 + Sentiment Profile (Gated),42
2187,0,2.106016381731024e-06,0,0.05772783383033802,model::deberta_v3_sentiment_gated,DeBERTa-v3 + Sentiment Profile (Gated),42
12869,0,3.761811058211606e-06,0,0.05772783383033802,model::deberta_v3_sentiment_gated,DeBERTa-v3 + Sentiment Profile (Gated),42
5091,1,1.7424914631192223e-06,0,0.05772783383033802,model::deberta_v3_sentiment_gated,DeBERTa-v3 + Sentiment Profile (Gated),42
14152,1,2.254442961202585e-06,0,0.05772783383033802,model::deberta_v3_sentiment_gated,DeBERTa-v3 + Sentiment Profile (Gated),42
20776,0,1.3248446748548304e-06,0,0.05772783383033802,model::deberta_v3_sentiment_gated,DeBERTa-v3 + Sentiment Profile (Gated),42
20518,1,2.6593220354698133e-06,0,0.05772783383033802,model::deberta_v3_sentiment_gated,DeBERTa-v3 + Sentiment Profile (Gated),42
8641,1,1.7945186527867918e-06,0,0.05772783383033802,model::deberta_v3_sentiment_gated,DeBERTa-v3 + Sentiment Profile (Gated),42
11128,1,1.754957452249073e-06,0,0.05772783383033802,model::deberta_v3_sentiment_gated,DeBERTa-v3 + Sentiment Profile (Gated),42
12306,0,2.5648605515016243e-06,0,0.05772783383033802,model::deberta_v3_sentiment_gated,DeBERTa-v3 + Sentiment Profile (Gated),42
8675,1,6.568690878339112e-06,0,0.05772783383033802,model::deberta_v3_sentiment_gated,DeBERTa-v3 + Sentiment Profile (Gated),42
16643,1,3.666012617031811e-06,0,0.05772783383033802,model::deberta_v3_sentiment_gated,DeBERTa-v3 + Sentiment Profile (Gated),42
16124,0,4.135266863158904e-05,0,0.05772783383033802,model::deberta_v3_sentiment_gated,DeBERTa-v3 + Sentiment Profile (Gated),42
5838,0,1.4495309414996882e-06,0,0.05772783383033802,model::deberta_v3_sentiment_gated,DeBERTa-v3 + Sentiment Profile (Gated),42
8821,1,1.874738700280432e-06,0,0.05772783383033802,model::deberta_v3_sentiment_gated,DeBERTa-v3 + Sentiment Profile (Gated),42
13942,1,2.1386429125414e-06,0,0.05772783383033802,model::deberta_v3_sentiment_gated,DeBERTa-v3 + Sentiment Profile (Gated),42
7149,1,6.079471404518699e-06,0,0.05772783383033802,model::deberta_v3_sentiment_gated,DeBERTa-v3 + Sentiment Profile (Gated),42
6690,1,2.484076276232372e-06,0,0.05772783383033802,model::deberta_v3_sentiment_gated,DeBERTa-v3 + Sentiment Profile (Gated),42
18207,0,1.5462166629731655e-05,0,0.05772783383033802,model::deberta_v3_sentiment_gated,DeBERTa-v3 + Sentiment Profile (Gated),42
20961,0,1.7240938632312464e-06,0,0.05772783383033802,model::deberta_v3_sentiment_gated,DeBERTa-v3 + Sentiment Profile (Gated),42
7895,1,2.183652213716414e-06,0,0.05772783383033802,model::deberta_v3_sentiment_gated,DeBERTa-v3 + Sentiment Profile (Gated),42
18853,1,3.3714177334331907e-06,0,0.05772783383033802,model::deberta_v3_sentiment_gated,DeBERTa-v3 + Sentiment Profile (Gated),42
17705,0,3.136710574835888e-06,0,0.05772783383033802,model::deberta_v3_sentiment_gated,DeBERTa-v3 + Sentiment Profile (Gated),42
19169,0,3.734929350684979e-06,0,0.05772783383033802,model::deberta_v3_sentiment_gated,DeBERTa-v3 + Sentiment Profile (Gated),42
17658,1,2.7193682399229147e-06,0,0.05772783383033802,model::deberta_v3_sentiment_gated,DeBERTa-v3 + Sentiment Profile (Gated),42
13277,0,2.353689296796801e-06,0,0.05772783383033802,model::deberta_v3_sentiment_gated,DeBERTa-v3 + Sentiment Profile (Gated),42
20062,1,2.319772647751961e-06,0,0.05772783383033802,model::deberta_v3_sentiment_gated,DeBERTa-v3 + Sentiment Profile (Gated),42
16652,1,2.0368752302601933e-06,0,0.05772783383033802,model::deberta_v3_sentiment_gated,DeBERTa-v3 + Sentiment Profile (Gated),42
11093,0,9.464612276133266e-07,0,0.05772783383033802,model::deberta_v3_sentiment_gated,DeBERTa-v3 + Sentiment Profile (Gated),42
12262,0,3.448170218689484e-06,0,0.05772783383033802,model::deberta_v3_sentiment_gated,DeBERTa-v3 + Sentiment Profile (Gated),42
3119,1,1.6369521063097636e-06,0,0.05772783383033802,model::deberta_v3_sentiment_gated,DeBERTa-v3 + Sentiment Profile (Gated),42
17297,0,1.3904115121476934e-06,0,0.05772783383033802,model::deberta_v3_sentiment_gated,DeBERTa-v3 + Sentiment Profile (Gated),42
10638,1,2.5691642804304138e-06,0,0.05772783383033802,model::deberta_v3_sentiment_gated,DeBERTa-v3 + Sentiment Profile (Gated),42
2783,1,1.8809654420692825e-06,0,0.05772783383033802,model::deberta_v3_sentiment_gated,DeBERTa-v3 + Sentiment Profile (Gated),42
14032,0,1.536896093057294e-06,0,0.05772783383033802,model::deberta_v3_sentiment_gated,DeBERTa-v3 + Sentiment Profile (Gated),42
14851,0,6.618808129132958e-06,0,0.05772783383033802,model::deberta_v3_sentiment_gated,DeBERTa-v3 + Sentiment Profile (Gated),42
12174,0,1.3263718301459448e-06,0,0.05772783383033802,model::deberta_v3_sentiment_gated,DeBERTa-v3 + Sentiment Profile (Gated),42
2004,1,1.6289553741444252e-06,0,0.05772783383033802,model::deberta_v3_sentiment_gated,DeBERTa-v3 + Sentiment Profile (Gated),42
18219,1,2.9046047984593315e-06,0,0.05772783383033802,model::deberta_v3_sentiment_gated,DeBERTa-v3 + Sentiment Profile (Gated),42
8168,0,8.491159860568587e-06,0,0.05772783383033802,model::deberta_v3_sentiment_gated,DeBERTa-v3 + Sentiment Profile (Gated),42
20316,0,2.251922524010297e-06,0,0.05772783383033802,model::deberta_v3_sentiment_gated,DeBERTa-v3 + Sentiment Profile (Gated),42
4844,0,1.3508434903997113e-06,0,0.05772783383033802,model::deberta_v3_sentiment_gated,DeBERTa-v3 + Sentiment Profile (Gated),42
11474,1,1.88554520264006e-06,0,0.05772783383033802,model::deberta_v3_sentiment_gated,DeBERTa-v3 + Sentiment Profile (Gated),42
10047,0,5.137000243848888e-06,0,0.05772783383033802,model::deberta_v3_sentiment_gated,DeBERTa-v3 + Sentiment Profile (Gated),42
5861,1,2.780207751129637e-06,0,0.05772783383033802,model::deberta_v3_sentiment_gated,DeBERTa-v3 + Sentiment Profile (Gated),42
9226,1,2.3145839804783463e-06,0,0.05772783383033802,model::deberta_v3_sentiment_gated,DeBERTa-v3 + Sentiment Profile (Gated),42
20898,0,4.04579441237729e-06,0,0.05772783383033802,model::deberta_v3_sentiment_gated,DeBERTa-v3 + Sentiment Profile (Gated),42
569,0,2.3796358163963305e-06,0,0.05772783383033802,model::deberta_v3_sentiment_gated,DeBERTa-v3 + Sentiment Profile (Gated),42
4565,0,1.2571459819810116e-06,0,0.05772783383033802,model::deberta_v3_sentiment_gated,DeBERTa-v3 + Sentiment Profile (Gated),42
7145,1,2.008710907830391e-06,0,0.05772783383033802,model::deberta_v3_sentiment_gated,DeBERTa-v3 + Sentiment Profile (Gated),42
11649,1,2.601487494757748e-06,0,0.05772783383033802,model::deberta_v3_sentiment_gated,DeBERTa-v3 + Sentiment Profile (Gated),42
13929,1,1.8205820424554984e-06,0,0.05772783383033802,model::deberta_v3_sentiment_gated,DeBERTa-v3 + Sentiment Profile (Gated),42
3753,1,1.6361296957256857e-06,0,0.05772783383033802,model::deberta_v3_sentiment_gated,DeBERTa-v3 + Sentiment Profile (Gated),42
15158,1,1.84699797500798e-06,0,0.05772783383033802,model::deberta_v3_sentiment_gated,DeBERTa-v3 + Sentiment Profile (Gated),42
16218,1,2.174582732550334e-06,0,0.05772783383033802,model::deberta_v3_sentiment_gated,DeBERTa-v3 + Sentiment Profile (Gated),42
20386,1,2.3338277514994843e-06,0,0.05772783383033802,model::deberta_v3_sentiment_gated,DeBERTa-v3 + Sentiment Profile (Gated),42
17498,0,6.4112309701158665e-06,0,0.05772783383033802,model::deberta_v3_sentiment_gated,DeBERTa-v3 + Sentiment Profile (Gated),42
2167,0,2.1237559849396348e-05,0,0.05772783383033802,model::deberta_v3_sentiment_gated,DeBERTa-v3 + Sentiment Profile (Gated),42
2243,0,5.672965016856324e-06,0,0.05772783383033802,model::deberta_v3_sentiment_gated,DeBERTa-v3 + Sentiment Profile (Gated),42
10786,0,1.036625121741963e-06,0,0.05772783383033802,model::deberta_v3_sentiment_gated,DeBERTa-v3 + Sentiment Profile (Gated),42
3657,0,3.318617746117525e-05,0,0.05772783383033802,model::deberta_v3_sentiment_gated,DeBERTa-v3 + Sentiment Profile (Gated),42
3062,1,2.109727347487933e-06,0,0.05772783383033802,model::deberta_v3_sentiment_gated,DeBERTa-v3 + Sentiment Profile (Gated),42
4628,0,5.044565114076249e-06,0,0.05772783383033802,model::deberta_v3_sentiment_gated,DeBERTa-v3 + Sentiment Profile (Gated),42
9579,1,2.653454885148676e-06,0,0.05772783383033802,model::deberta_v3_sentiment_gated,DeBERTa-v3 + Sentiment Profile (Gated),42
2333,1,1.7757408841134747e-06,0,0.05772783383033802,model::deberta_v3_sentiment_gated,DeBERTa-v3 + Sentiment Profile (Gated),42
20319,0,2.7387811769585824e-06,0,0.05772783383033802,model::deberta_v3_sentiment_gated,DeBERTa-v3 + Sentiment Profile (Gated),42
16926,1,1.6862413758644834e-06,0,0.05772783383033802,model::deberta_v3_sentiment_gated,DeBERTa-v3 + Sentiment Profile (Gated),42
6800,1,1.8380311530563631e-06,0,0.05772783383033802,model::deberta_v3_sentiment_gated,DeBERTa-v3 + Sentiment Profile (Gated),42
5003,0,1.7522531834401889e-06,0,0.05772783383033802,model::deberta_v3_sentiment_gated,DeBERTa-v3 + Sentiment Profile (Gated),42
12074,1,1.9431888631515903e-06,0,0.05772783383033802,model::deberta_v3_sentiment_gated,DeBERTa-v3 + Sentiment Profile (Gated),42
6804,0,2.753100261543296e-06,0,0.05772783383033802,model::deberta_v3_sentiment_gated,DeBERTa-v3 + Sentiment Profile (Gated),42
10891,1,1.941558821272338e-06,0,0.05772783383033802,model::deberta_v3_sentiment_gated,DeBERTa-v3 + Sentiment Profile (Gated),42
12606,1,2.020773536060005e-06,0,0.05772783383033802,model::deberta_v3_sentiment_gated,DeBERTa-v3 + Sentiment Profile (Gated),42
4490,0,1.6660081882946542e-06,0,0.05772783383033802,model::deberta_v3_sentiment_gated,DeBERTa-v3 + Sentiment Profile (Gated),42
9963,1,6.5253102548012976e-06,0,0.05772783383033802,model::deberta_v3_sentiment_gated,DeBERTa-v3 + Sentiment Profile (Gated),42
3158,0,1.4582689118469716e-06,0,0.05772783383033802,model::deberta_v3_sentiment_gated,DeBERTa-v3 + Sentiment Profile (Gated),42
16831,1,1.6252064369837171e-06,0,0.05772783383033802,model::deberta_v3_sentiment_gated,DeBERTa-v3 + Sentiment Profile (Gated),42
2875,1,1.6381062550863137e-06,0,0.05772783383033802,model::deberta_v3_sentiment_gated,DeBERTa-v3 + Sentiment Profile (Gated),42
7424,1,2.3276995761989383e-06,0,0.05772783383033802,model::deberta_v3_sentiment_gated,DeBERTa-v3 + Sentiment Profile (Gated),42
3520,0,2.3493653316108976e-06,0,0.05772783383033802,model::deberta_v3_sentiment_gated,DeBERTa-v3 + Sentiment Profile (Gated),42
13077,0,1.3527308055927278e-06,0,0.05772783383033802,model::deberta_v3_sentiment_gated,DeBERTa-v3 + Sentiment Profile (Gated),42
10020,1,3.089621031904244e-06,0,0.05772783383033802,model::deberta_v3_sentiment_gated,DeBERTa-v3 + Sentiment Profile (Gated),42
18236,1,1.606385808372579e-06,0,0.05772783383033802,model::deberta_v3_sentiment_gated,DeBERTa-v3 + Sentiment Profile (Gated),42
12740,1,1.4515089787892066e-06,0,0.05772783383033802,model::deberta_v3_sentiment_gated,DeBERTa-v3 + Sentiment Profile (Gated),42
626,1,1.2138343663536943e-06,0,0.05772783383033802,model::deberta_v3_sentiment_gated,DeBERTa-v3 + Sentiment Profile (Gated),42
5714,1,1.7903715843203829e-06,0,0.05772783383033802,model::deberta_v3_sentiment_gated,DeBERTa-v3 + Sentiment Profile (Gated),42
13642,1,1.6405200540248188e-06,0,0.05772783383033802,model::deberta_v3_sentiment_gated,DeBERTa-v3 + Sentiment Profile (Gated),42
18508,1,1.6772901290096345e-06,0,0.05772783383033802,model::deberta_v3_sentiment_gated,DeBERTa-v3 + Sentiment Profile (Gated),42
3639,1,2.1127111722307745e-06,0,0.05772783383033802,model::deberta_v3_sentiment_gated,DeBERTa-v3 + Sentiment Profile (Gated),42
15024,0,1.87077739610686e-06,0,0.05772783383033802,model::deberta_v3_sentiment_gated,DeBERTa-v3 + Sentiment Profile (Gated),42
15804,1,2.002215978791355e-06,0,0.05772783383033802,model::deberta_v3_sentiment_gated,DeBERTa-v3 + Sentiment Profile (Gated),42
614,1,2.196752575400751e-06,0,0.05772783383033802,model::deberta_v3_sentiment_gated,DeBERTa-v3 + Sentiment Profile (Gated),42
21007,0,2.455093863318325e-06,0,0.05772783383033802,model::deberta_v3_sentiment_gated,DeBERTa-v3 + Sentiment Profile (Gated),42
48,0,1.857828692664043e-06,0,0.05772783383033802,model::deberta_v3_sentiment_gated,DeBERTa-v3 + Sentiment Profile (Gated),42
4659,0,9.19510239327792e-06,0,0.05772783383033802,model::deberta_v3_sentiment_gated,DeBERTa-v3 + Sentiment Profile (Gated),42
2451,0,1.7928114175447265e-06,0,0.05772783383033802,model::deberta_v3_sentiment_gated,DeBERTa-v3 + Sentiment Profile (Gated),42
20014,1,1.859934741332836e-06,0,0.05772783383033802,model::deberta_v3_sentiment_gated,DeBERTa-v3 + Sentiment Profile (Gated),42
16523,1,1.993307250813814e-06,0,0.05772783383033802,model::deberta_v3_sentiment_gated,DeBERTa-v3 + Sentiment Profile (Gated),42
7588,0,2.863224381144392e-06,0,0.05772783383033802,model::deberta_v3_sentiment_gated,DeBERTa-v3 + Sentiment Profile (Gated),42
10690,0,1.8912434143203427e-06,0,0.05772783383033802,model::deberta_v3_sentiment_gated,DeBERTa-v3 + Sentiment Profile (Gated),42
11707,1,1.885259393930028e-06,0,0.05772783383033802,model::deberta_v3_sentiment_gated,DeBERTa-v3 + Sentiment Profile (Gated),42
7072,0,1.551778723296593e-06,0,0.05772783383033802,model::deberta_v3_sentiment_gated,DeBERTa-v3 + Sentiment Profile (Gated),42
2583,1,2.574604422989069e-06,0,0.05772783383033802,model::deberta_v3_sentiment_gated,DeBERTa-v3 + Sentiment Profile (Gated),42
14906,1,2.6826751309272368e-06,0,0.05772783383033802,model::deberta_v3_sentiment_gated,DeBERTa-v3 + Sentiment Profile (Gated),42
7454,1,2.0087225038878387e-06,0,0.05772783383033802,model::deberta_v3_sentiment_gated,DeBERTa-v3 + Sentiment Profile (Gated),42
8783,1,2.0277175281080417e-06,0,0.05772783383033802,model::deberta_v3_sentiment_gated,DeBERTa-v3 + Sentiment Profile (Gated),42
6422,0,2.3621674699825235e-05,0,0.05772783383033802,model::deberta_v3_sentiment_gated,DeBERTa-v3 + Sentiment Profile (Gated),42
7361,1,1.8461507806932784e-06,0,0.05772783383033802,model::deberta_v3_sentiment_gated,DeBERTa-v3 + Sentiment Profile (Gated),42
10470,0,1.9731003249034984e-06,0,0.05772783383033802,model::deberta_v3_sentiment_gated,DeBERTa-v3 + Sentiment Profile (Gated),42
13196,1,1.6043495634221472e-06,0,0.05772783383033802,model::deberta_v3_sentiment_gated,DeBERTa-v3 + Sentiment Profile (Gated),42
8823,0,1.3811182952849776e-06,0,0.05772783383033802,model::deberta_v3_sentiment_gated,DeBERTa-v3 + Sentiment Profile (Gated),42
13026,0,2.608799377412652e-06,0,0.05772783383033802,model::deberta_v3_sentiment_gated,DeBERTa-v3 + Sentiment Profile (Gated),42
6243,1,2.656581955307047e-06,0,0.05772783383033802,model::deberta_v3_sentiment_gated,DeBERTa-v3 + Sentiment Profile (Gated),42
11626,0,1.9318215436214814e-06,0,0.05772783383033802,model::deberta_v3_sentiment_gated,DeBERTa-v3 + Sentiment Profile (Gated),42
4722,0,1.979168700927403e-06,0,0.05772783383033802,model::deberta_v3_sentiment_gated,DeBERTa-v3 + Sentiment Profile (Gated),42
9105,0,1.6886488083400764e-06,0,0.05772783383033802,model::deberta_v3_sentiment_gated,DeBERTa-v3 + Sentiment Profile (Gated),42
7276,1,2.0820189092773944e-06,0,0.05772783383033802,model::deberta_v3_sentiment_gated,DeBERTa-v3 + Sentiment Profile (Gated),42
13624,0,1.8849914340535177e-06,0,0.05772783383033802,model::deberta_v3_sentiment_gated,DeBERTa-v3 + Sentiment Profile (Gated),42
1294,0,2.5464207737968536e-06,0,0.05772783383033802,model::deberta_v3_sentiment_gated,DeBERTa-v3 + Sentiment Profile (Gated),42
2762,1,2.8065221613360336e-06,0,0.05772783383033802,model::deberta_v3_sentiment_gated,DeBERTa-v3 + Sentiment Profile (Gated),42
11880,1,2.4145801944541745e-06,0,0.05772783383033802,model::deberta_v3_sentiment_gated,DeBERTa-v3 + Sentiment Profile (Gated),42
9542,1,2.304777581230155e-06,0,0.05772783383033802,model::deberta_v3_sentiment_gated,DeBERTa-v3 + Sentiment Profile (Gated),42
354,1,1.951008243850083e-06,0,0.05772783383033802,model::deberta_v3_sentiment_gated,DeBERTa-v3 + Sentiment Profile (Gated),42
11301,0,2.349172973481473e-06,0,0.05772783383033802,model::deberta_v3_sentiment_gated,DeBERTa-v3 + Sentiment Profile (Gated),42
20095,0,1.2599329011209193e-06,0,0.05772783383033802,model::deberta_v3_sentiment_gated,DeBERTa-v3 + Sentiment Profile (Gated),42
17999,1,2.065308308374369e-06,0,0.05772783383033802,model::deberta_v3_sentiment_gated,DeBERTa-v3 + Sentiment Profile (Gated),42
2645,1,1.5244096402966534e-06,0,0.05772783383033802,model::deberta_v3_sentiment_gated,DeBERTa-v3 + Sentiment Profile (Gated),42
2234,1,1.6351376643797266e-06,0,0.05772783383033802,model::deberta_v3_sentiment_gated,DeBERTa-v3 + Sentiment Profile (Gated),42
11688,1,1.767607045621844e-06,0,0.05772783383033802,model::deberta_v3_sentiment_gated,DeBERTa-v3 + Sentiment Profile (Gated),42
10725,0,0.0007033555302768,0,0.05772783383033802,model::deberta_v3_sentiment_gated,DeBERTa-v3 + Sentiment Profile (Gated),42
6916,0,1.7826127987063956e-06,0,0.05772783383033802,model::deberta_v3_sentiment_gated,DeBERTa-v3 + Sentiment Profile (Gated),42
9011,1,5.265901108941762e-06,0,0.05772783383033802,model::deberta_v3_sentiment_gated,DeBERTa-v3 + Sentiment Profile (Gated),42
18464,0,1.446349301659211e-06,0,0.05772783383033802,model::deberta_v3_sentiment_gated,DeBERTa-v3 + Sentiment Profile (Gated),42
19953,0,5.874819908058271e-05,0,0.05772783383033802,model::deberta_v3_sentiment_gated,DeBERTa-v3 + Sentiment Profile (Gated),42
8233,0,1.4160078762870398e-06,0,0.05772783383033802,model::deberta_v3_sentiment_gated,DeBERTa-v3 + Sentiment Profile (Gated),42
3981,0,1.6639567093079677e-06,0,0.05772783383033802,model::deberta_v3_sentiment_gated,DeBERTa-v3 + Sentiment Profile (Gated),42
9752,1,5.762723958468996e-06,0,0.05772783383033802,model::deberta_v3_sentiment_gated,DeBERTa-v3 + Sentiment Profile (Gated),42
4575,0,1.4705163948747213e-06,0,0.05772783383033802,model::deberta_v3_sentiment_gated,DeBERTa-v3 + Sentiment Profile (Gated),42
14558,0,2.383960691076936e-06,0,0.05772783383033802,model::deberta_v3_sentiment_gated,DeBERTa-v3 + Sentiment Profile (Gated),42
11928,0,4.056937541463412e-06,0,0.05772783383033802,model::deberta_v3_sentiment_gated,DeBERTa-v3 + Sentiment Profile (Gated),42
4444,0,1.873446535682888e-06,0,0.05772783383033802,model::deberta_v3_sentiment_gated,DeBERTa-v3 + Sentiment Profile (Gated),42
18467,1,3.971169007854769e-06,0,0.05772783383033802,model::deberta_v3_sentiment_gated,DeBERTa-v3 + Sentiment Profile (Gated),42
7606,0,1.231411260960158e-06,0,0.05772783383033802,model::deberta_v3_sentiment_gated,DeBERTa-v3 + Sentiment Profile (Gated),42
18410,1,2.41740963247139e-06,0,0.05772783383033802,model::deberta_v3_sentiment_gated,DeBERTa-v3 + Sentiment Profile (Gated),42
17983,1,1.8504233594285324e-06,0,0.05772783383033802,model::deberta_v3_sentiment_gated,DeBERTa-v3 + Sentiment Profile (Gated),42
15930,1,1.5741832157800673e-06,0,0.05772783383033802,model::deberta_v3_sentiment_gated,DeBERTa-v3 + Sentiment Profile (Gated),42
7429,0,4.616057594830636e-06,0,0.05772783383033802,model::deberta_v3_sentiment_gated,DeBERTa-v3 + Sentiment Profile (Gated),42
7104,0,1.8643531802808864e-06,0,0.05772783383033802,model::deberta_v3_sentiment_gated,DeBERTa-v3 + Sentiment Profile (Gated),42
18949,1,2.144465724995825e-06,0,0.05772783383033802,model::deberta_v3_sentiment_gated,DeBERTa-v3 + Sentiment Profile (Gated),42
10732,1,1.5154761285884888e-06,0,0.05772783383033802,model::deberta_v3_sentiment_gated,DeBERTa-v3 + Sentiment Profile (Gated),42
10381,1,2.030579707934521e-06,0,0.05772783383033802,model::deberta_v3_sentiment_gated,DeBERTa-v3 + Sentiment Profile (Gated),42
17604,0,3.633985443229904e-06,0,0.05772783383033802,model::deberta_v3_sentiment_gated,DeBERTa-v3 + Sentiment Profile (Gated),42
16909,1,1.945526946656173e-06,0,0.05772783383033802,model::deberta_v3_sentiment_gated,DeBERTa-v3 + Sentiment Profile (Gated),42
18975,1,2.6141312901017955e-06,0,0.05772783383033802,model::deberta_v3_sentiment_gated,DeBERTa-v3 + Sentiment Profile (Gated),42
7951,1,2.94509959530842e-06,0,0.05772783383033802,model::deberta_v3_sentiment_gated,DeBERTa-v3 + Sentiment Profile (Gated),42
10647,0,3.014150024682749e-06,0,0.05772783383033802,model::deberta_v3_sentiment_gated,DeBERTa-v3 + Sentiment Profile (Gated),42
11217,0,2.564847090980038e-05,0,0.05772783383033802,model::deberta_v3_sentiment_gated,DeBERTa-v3 + Sentiment Profile (Gated),42
4794,0,1.5345207202699385e-06,0,0.05772783383033802,model::deberta_v3_sentiment_gated,DeBERTa-v3 + Sentiment Profile (Gated),42
17644,1,1.5873347365413792e-06,0,0.05772783383033802,model::deberta_v3_sentiment_gated,DeBERTa-v3 + Sentiment Profile (Gated),42
10081,1,2.649315547387232e-06,0,0.05772783383033802,model::deberta_v3_sentiment_gated,DeBERTa-v3 + Sentiment Profile (Gated),42
16527,0,6.034973921487108e-06,0,0.05772783383033802,model::deberta_v3_sentiment_gated,DeBERTa-v3 + Sentiment Profile (Gated),42
18750,1,2.2844744762551272e-06,0,0.05772783383033802,model::deberta_v3_sentiment_gated,DeBERTa-v3 + Sentiment Profile (Gated),42
15382,1,2.541694357205415e-06,0,0.05772783383033802,model::deberta_v3_sentiment_gated,DeBERTa-v3 + Sentiment Profile (Gated),42
4640,1,2.142756784451194e-06,0,0.05772783383033802,model::deberta_v3_sentiment_gated,DeBERTa-v3 + Sentiment Profile (Gated),42
4407,0,1.0092992397403575e-06,0,0.05772783383033802,model::deberta_v3_sentiment_gated,DeBERTa-v3 + Sentiment Profile (Gated),42
19782,0,1.920700242408202e-06,0,0.05772783383033802,model::deberta_v3_sentiment_gated,DeBERTa-v3 + Sentiment Profile (Gated),42
14288,1,1.5565052535748691e-06,0,0.05772783383033802,model::deberta_v3_sentiment_gated,DeBERTa-v3 + Sentiment Profile (Gated),42
1967,0,5.241855888016289e-06,0,0.05772783383033802,model::deberta_v3_sentiment_gated,DeBERTa-v3 + Sentiment Profile (Gated),42
9658,0,1.2684748753599706e-06,0,0.05772783383033802,model::deberta_v3_sentiment_gated,DeBERTa-v3 + Sentiment Profile (Gated),42
4808,0,3.994451617472805e-05,0,0.05772783383033802,model::deberta_v3_sentiment_gated,DeBERTa-v3 + Sentiment Profile (Gated),42
5494,0,1.3491708159563132e-05,0,0.05772783383033802,model::deberta_v3_sentiment_gated,DeBERTa-v3 + Sentiment Profile (Gated),42
20622,0,1.086346856027376e-06,0,0.05772783383033802,model::deberta_v3_sentiment_gated,DeBERTa-v3 + Sentiment Profile (Gated),42
7209,0,2.5323456611658912e-06,0,0.05772783383033802,model::deberta_v3_sentiment_gated,DeBERTa-v3 + Sentiment Profile (Gated),42
10074,1,1.7599638795218198e-06,0,0.05772783383033802,model::deberta_v3_sentiment_gated,DeBERTa-v3 + Sentiment Profile (Gated),42
8835,0,1.7251926465178258e-06,0,0.05772783383033802,model::deberta_v3_sentiment_gated,DeBERTa-v3 + Sentiment Profile (Gated),42
8186,0,2.0020136162202107e-06,0,0.05772783383033802,model::deberta_v3_sentiment_gated,DeBERTa-v3 + Sentiment Profile (Gated),42
6294,1,1.5017494661151432e-06,0,0.05772783383033802,model::deberta_v3_sentiment_gated,DeBERTa-v3 + Sentiment Profile (Gated),42
5954,1,1.917819190566661e-06,0,0.05772783383033802,model::deberta_v3_sentiment_gated,DeBERTa-v3 + Sentiment Profile (Gated),42
20302,0,4.491016625252087e-06,0,0.05772783383033802,model::deberta_v3_sentiment_gated,DeBERTa-v3 + Sentiment Profile (Gated),42
10236,1,1.499356812928454e-06,0,0.05772783383033802,model::deberta_v3_sentiment_gated,DeBERTa-v3 + Sentiment Profile (Gated),42
11945,0,5.278269782138523e-06,0,0.05772783383033802,model::deberta_v3_sentiment_gated,DeBERTa-v3 + Sentiment Profile (Gated),42
12336,0,2.406469548077439e-06,0,0.05772783383033802,model::deberta_v3_sentiment_gated,DeBERTa-v3 + Sentiment Profile (Gated),42
9515,1,2.317627831871505e-06,0,0.05772783383033802,model::deberta_v3_sentiment_gated,DeBERTa-v3 + Sentiment Profile (Gated),42
8018,0,1.5925688785500824e-06,0,0.05772783383033802,model::deberta_v3_sentiment_gated,DeBERTa-v3 + Sentiment Profile (Gated),42
12779,0,6.632836175413104e-06,0,0.05772783383033802,model::deberta_v3_sentiment_gated,DeBERTa-v3 + Sentiment Profile (Gated),42
17947,0,1.6127419257827569e-06,0,0.05772783383033802,model::deberta_v3_sentiment_gated,DeBERTa-v3 + Sentiment Profile (Gated),42
18792,1,2.080480726363021e-06,0,0.05772783383033802,model::deberta_v3_sentiment_gated,DeBERTa-v3 + Sentiment Profile (Gated),42
18321,1,1.895549871733237e-06,0,0.05772783383033802,model::deberta_v3_sentiment_gated,DeBERTa-v3 + Sentiment Profile (Gated),42
10611,1,2.0931754534103675e-06,0,0.05772783383033802,model::deberta_v3_sentiment_gated,DeBERTa-v3 + Sentiment Profile (Gated),42
16529,0,2.4560281417507213e-06,0,0.05772783383033802,model::deberta_v3_sentiment_gated,DeBERTa-v3 + Sentiment Profile (Gated),42
20670,0,1.4814551150266198e-06,0,0.05772783383033802,model::deberta_v3_sentiment_gated,DeBERTa-v3 + Sentiment Profile (Gated),42
2198,1,1.945547410286963e-06,0,0.05772783383033802,model::deberta_v3_sentiment_gated,DeBERTa-v3 + Sentiment Profile (Gated),42
14419,1,2.231641929029138e-06,0,0.05772783383033802,model::deberta_v3_sentiment_gated,DeBERTa-v3 + Sentiment Profile (Gated),42
17089,0,9.813803671931964e-07,0,0.05772783383033802,model::deberta_v3_sentiment_gated,DeBERTa-v3 + Sentiment Profile (Gated),42
5803,1,1.2107764632673934e-05,0,0.05772783383033802,model::deberta_v3_sentiment_gated,DeBERTa-v3 + Sentiment Profile (Gated),42
11159,1,3.0581345527025405e-06,0,0.05772783383033802,model::deberta_v3_sentiment_gated,DeBERTa-v3 + Sentiment Profile (Gated),42
4982,1,2.01663829102472e-06,0,0.05772783383033802,model::deberta_v3_sentiment_gated,DeBERTa-v3 + Sentiment Profile (Gated),42
18079,0,1.7274481933782226e-06,0,0.05772783383033802,model::deberta_v3_sentiment_gated,DeBERTa-v3 + Sentiment Profile (Gated),42
3152,1,2.391363523202017e-06,0,0.05772783383033802,model::deberta_v3_sentiment_gated,DeBERTa-v3 + Sentiment Profile (Gated),42
2813,0,1.449415685783606e-05,0,0.05772783383033802,model::deberta_v3_sentiment_gated,DeBERTa-v3 + Sentiment Profile (Gated),42
2818,1,2.4880357614165405e-06,0,0.05772783383033802,model::deberta_v3_sentiment_gated,DeBERTa-v3 + Sentiment Profile (Gated),42
9507,1,2.8836368528573075e-06,0,0.05772783383033802,model::deberta_v3_sentiment_gated,DeBERTa-v3 + Sentiment Profile (Gated),42
5872,1,2.239775994894444e-06,0,0.05772783383033802,model::deberta_v3_sentiment_gated,DeBERTa-v3 + Sentiment Profile (Gated),42
4366,1,1.9482210973365e-06,0,0.05772783383033802,model::deberta_v3_sentiment_gated,DeBERTa-v3 + Sentiment Profile (Gated),42
2432,1,2.958234063044074e-06,0,0.05772783383033802,model::deberta_v3_sentiment_gated,DeBERTa-v3 + Sentiment Profile (Gated),42
6574,1,3.445816446401296e-06,0,0.05772783383033802,model::deberta_v3_sentiment_gated,DeBERTa-v3 + Sentiment Profile (Gated),42
13861,0,2.016200960497372e-05,0,0.05772783383033802,model::deberta_v3_sentiment_gated,DeBERTa-v3 + Sentiment Profile (Gated),42
18835,0,1.4484337498288369e-06,0,0.05772783383033802,model::deberta_v3_sentiment_gated,DeBERTa-v3 + Sentiment Profile (Gated),42
1627,1,2.206561930506723e-06,0,0.05772783383033802,model::deberta_v3_sentiment_gated,DeBERTa-v3 + Sentiment Profile (Gated),42
5263,1,2.3881432298367145e-06,0,0.05772783383033802,model::deberta_v3_sentiment_gated,DeBERTa-v3 + Sentiment Profile (Gated),42
14743,1,1.957914037120645e-06,0,0.05772783383033802,model::deberta_v3_sentiment_gated,DeBERTa-v3 + Sentiment Profile (Gated),42
7814,0,1.2811013903046842e-06,0,0.05772783383033802,model::deberta_v3_sentiment_gated,DeBERTa-v3 + Sentiment Profile (Gated),42
14849,1,1.752915068209404e-06,0,0.05772783383033802,model::deberta_v3_sentiment_gated,DeBERTa-v3 + Sentiment Profile (Gated),42
8244,0,9.354433132102711e-06,0,0.05772783383033802,model::deberta_v3_sentiment_gated,DeBERTa-v3 + Sentiment Profile (Gated),42
12521,1,1.7862136019175523e-06,0,0.05772783383033802,model::deberta_v3_sentiment_gated,DeBERTa-v3 + Sentiment Profile (Gated),42
19236,1,2.4168193704099394e-06,0,0.05772783383033802,model::deberta_v3_sentiment_gated,DeBERTa-v3 + Sentiment Profile (Gated),42
559,0,1.8736180891210097e-06,0,0.05772783383033802,model::deberta_v3_sentiment_gated,DeBERTa-v3 + Sentiment Profile (Gated),42
9711,1,1.7718568869895537e-06,0,0.05772783383033802,model::deberta_v3_sentiment_gated,DeBERTa-v3 + Sentiment Profile (Gated),42
14318,0,3.0440683985943903e-05,0,0.05772783383033802,model::deberta_v3_sentiment_gated,DeBERTa-v3 + Sentiment Profile (Gated),42
9456,1,3.013871264556656e-06,0,0.05772783383033802,model::deberta_v3_sentiment_gated,DeBERTa-v3 + Sentiment Profile (Gated),42
221,0,1.2299711897867385e-06,0,0.05772783383033802,model::deberta_v3_sentiment_gated,DeBERTa-v3 + Sentiment Profile (Gated),42
5404,0,1.4632562397309812e-06,0,0.05772783383033802,model::deberta_v3_sentiment_gated,DeBERTa-v3 + Sentiment Profile (Gated),42
12978,0,1.6351469867004198e-06,0,0.05772783383033802,model::deberta_v3_sentiment_gated,DeBERTa-v3 + Sentiment Profile (Gated),42
13785,0,3.4141362448281143e-06,0,0.05772783383033802,model::deberta_v3_sentiment_gated,DeBERTa-v3 + Sentiment Profile (Gated),42
7045,0,0.0001636999222682,0,0.05772783383033802,model::deberta_v3_sentiment_gated,DeBERTa-v3 + Sentiment Profile (Gated),42
11761,1,2.0208469777571736e-06,0,0.05772783383033802,model::deberta_v3_sentiment_gated,DeBERTa-v3 + Sentiment Profile (Gated),42
10347,0,3.3067697131627938e-06,0,0.05772783383033802,model::deberta_v3_sentiment_gated,DeBERTa-v3 + Sentiment Profile (Gated),42
16541,1,1.888102360680932e-06,0,0.05772783383033802,model::deberta_v3_sentiment_gated,DeBERTa-v3 + Sentiment Profile (Gated),42
12217,1,1.9202952898922376e-06,0,0.05772783383033802,model::deberta_v3_sentiment_gated,DeBERTa-v3 + Sentiment Profile (Gated),42
3789,0,1.4846302747173468e-06,0,0.05772783383033802,model::deberta_v3_sentiment_gated,DeBERTa-v3 + Sentiment Profile (Gated),42
8363,1,2.012258164540981e-06,0,0.05772783383033802,model::deberta_v3_sentiment_gated,DeBERTa-v3 + Sentiment Profile (Gated),42
17717,0,7.243679647217505e-06,0,0.05772783383033802,model::deberta_v3_sentiment_gated,DeBERTa-v3 + Sentiment Profile (Gated),42
14020,0,3.3545668429724174e-06,0,0.05772783383033802,model::deberta_v3_sentiment_gated,DeBERTa-v3 + Sentiment Profile (Gated),42
7490,1,1.227231905431836e-06,0,0.05772783383033802,model::deberta_v3_sentiment_gated,DeBERTa-v3 + Sentiment Profile (Gated),42
13316,1,1.7986202465181125e-06,0,0.05772783383033802,model::deberta_v3_sentiment_gated,DeBERTa-v3 + Sentiment Profile (Gated),42
227,0,1.6675563756507472e-06,0,0.05772783383033802,model::deberta_v3_sentiment_gated,DeBERTa-v3 + Sentiment Profile (Gated),42
17201,1,2.813210812746547e-06,0,0.05772783383033802,model::deberta_v3_sentiment_gated,DeBERTa-v3 + Sentiment Profile (Gated),42
6356,0,1.278211470889801e-06,0,0.05772783383033802,model::deberta_v3_sentiment_gated,DeBERTa-v3 + Sentiment Profile (Gated),42
1016,0,3.886349077220075e-06,0,0.05772783383033802,model::deberta_v3_sentiment_gated,DeBERTa-v3 + Sentiment Profile (Gated),42
10615,0,1.881781940937799e-06,0,0.05772783383033802,model::deberta_v3_sentiment_gated,DeBERTa-v3 + Sentiment Profile (Gated),42
6432,1,2.189386577811092e-06,0,0.05772783383033802,model::deberta_v3_sentiment_gated,DeBERTa-v3 + Sentiment Profile (Gated),42
556,1,1.6493677321705036e-06,0,0.05772783383033802,model::deberta_v3_sentiment_gated,DeBERTa-v3 + Sentiment Profile (Gated),42
16230,0,3.836756150121801e-06,0,0.05772783383033802,model::deberta_v3_sentiment_gated,DeBERTa-v3 + Sentiment Profile (Gated),42
6959,0,3.2762588944024174e-06,0,0.05772783383033802,model::deberta_v3_sentiment_gated,DeBERTa-v3 + Sentiment Profile (Gated),42
12216,1,3.522515498843859e-06,0,0.05772783383033802,model::deberta_v3_sentiment_gated,DeBERTa-v3 + Sentiment Profile (Gated),42
12314,1,2.3097441044228617e-06,0,0.05772783383033802,model::deberta_v3_sentiment_gated,DeBERTa-v3 + Sentiment Profile (Gated),42
4822,0,2.926286015281221e-06,0,0.05772783383033802,model::deberta_v3_sentiment_gated,DeBERTa-v3 + Sentiment Profile (Gated),42
3986,1,2.780732984319912e-06,0,0.05772783383033802,model::deberta_v3_sentiment_gated,DeBERTa-v3 + Sentiment Profile (Gated),42
10498,1,1.864698106146534e-06,0,0.05772783383033802,model::deberta_v3_sentiment_gated,DeBERTa-v3 + Sentiment Profile (Gated),42
11207,1,2.5961464871215867e-06,0,0.05772783383033802,model::deberta_v3_sentiment_gated,DeBERTa-v3 + Sentiment Profile (Gated),42
8885,1,1.6756482636992589e-06,0,0.05772783383033802,model::deberta_v3_sentiment_gated,DeBERTa-v3 + Sentiment Profile (Gated),42
11347,1,2.2326041744236136e-06,0,0.05772783383033802,model::deberta_v3_sentiment_gated,DeBERTa-v3 + Sentiment Profile (Gated),42
16177,0,1.6590382756476174e-06,0,0.05772783383033802,model::deberta_v3_sentiment_gated,DeBERTa-v3 + Sentiment Profile (Gated),42
6396,0,1.3776939340459649e-06,0,0.05772783383033802,model::deberta_v3_sentiment_gated,DeBERTa-v3 + Sentiment Profile (Gated),42
14011,1,1.89493005109398e-06,0,0.05772783383033802,model::deberta_v3_sentiment_gated,DeBERTa-v3 + Sentiment Profile (Gated),42
8713,0,1.6290920257233663e-06,0,0.05772783383033802,model::deberta_v3_sentiment_gated,DeBERTa-v3 + Sentiment Profile (Gated),42
6917,0,1.1188511734872009e-06,0,0.05772783383033802,model::deberta_v3_sentiment_gated,DeBERTa-v3 + Sentiment Profile (Gated),42
20398,0,1.5486681377296918e-06,0,0.05772783383033802,model::deberta_v3_sentiment_gated,DeBERTa-v3 + Sentiment Profile (Gated),42
19976,0,2.2453882593254093e-06,0,0.05772783383033802,model::deberta_v3_sentiment_gated,DeBERTa-v3 + Sentiment Profile (Gated),42
19008,1,3.3785563573474064e-06,0,0.05772783383033802,model::deberta_v3_sentiment_gated,DeBERTa-v3 + Sentiment Profile (Gated),42
16593,1,1.656480321798881e-06,0,0.05772783383033802,model::deberta_v3_sentiment_gated,DeBERTa-v3 + Sentiment Profile (Gated),42
11248,0,1.991323642869247e-06,0,0.05772783383033802,model::deberta_v3_sentiment_gated,DeBERTa-v3 + Sentiment Profile (Gated),42
20722,1,2.0051013507327298e-06,0,0.05772783383033802,model::deberta_v3_sentiment_gated,DeBERTa-v3 + Sentiment Profile (Gated),42
1924,1,2.541321237004013e-06,0,0.05772783383033802,model::deberta_v3_sentiment_gated,DeBERTa-v3 + Sentiment Profile (Gated),42
9501,0,1.2379060763123562e-06,0,0.05772783383033802,model::deberta_v3_sentiment_gated,DeBERTa-v3 + Sentiment Profile (Gated),42
14798,1,1.5440861034221598e-06,0,0.05772783383033802,model::deberta_v3_sentiment_gated,DeBERTa-v3 + Sentiment Profile (Gated),42
16378,0,1.3640920997204375e-06,0,0.05772783383033802,model::deberta_v3_sentiment_gated,DeBERTa-v3 + Sentiment Profile (Gated),42
9953,0,1.7972092791751493e-06,0,0.05772783383033802,model::deberta_v3_sentiment_gated,DeBERTa-v3 + Sentiment Profile (Gated),42
2778,0,1.3958972431282746e-06,0,0.05772783383033802,model::deberta_v3_sentiment_gated,DeBERTa-v3 + Sentiment Profile (Gated),42
7289,1,2.0611173567886e-06,0,0.05772783383033802,model::deberta_v3_sentiment_gated,DeBERTa-v3 + Sentiment Profile (Gated),42
4511,1,2.1458015453390544e-06,0,0.05772783383033802,model::deberta_v3_sentiment_gated,DeBERTa-v3 + Sentiment Profile (Gated),42
14006,0,1.293680838898581e-06,0,0.05772783383033802,model::deberta_v3_sentiment_gated,DeBERTa-v3 + Sentiment Profile (Gated),42
10111,0,4.507557605393231e-06,0,0.05772783383033802,model::deberta_v3_sentiment_gated,DeBERTa-v3 + Sentiment Profile (Gated),42
2281,0,3.037917849724181e-06,0,0.05772783383033802,model::deberta_v3_sentiment_gated,DeBERTa-v3 + Sentiment Profile (Gated),42
12607,1,1.9045538692807893e-06,0,0.05772783383033802,model::deberta_v3_sentiment_gated,DeBERTa-v3 + Sentiment Profile (Gated),42
18157,0,5.247087392490357e-05,0,0.05772783383033802,model::deberta_v3_sentiment_gated,DeBERTa-v3 + Sentiment Profile (Gated),42
17548,1,2.67220138994162e-06,0,0.05772783383033802,model::deberta_v3_sentiment_gated,DeBERTa-v3 + Sentiment Profile (Gated),42
15779,1,1.465866716898745e-06,0,0.05772783383033802,model::deberta_v3_sentiment_gated,DeBERTa-v3 + Sentiment Profile (Gated),42
20594,0,1.1788359870479326e-06,0,0.05772783383033802,model::deberta_v3_sentiment_gated,DeBERTa-v3 + Sentiment Profile (Gated),42
15437,0,3.279806833234033e-06,0,0.05772783383033802,model::deberta_v3_sentiment_gated,DeBERTa-v3 + Sentiment Profile (Gated),42
11322,1,1.7915483567776391e-06,0,0.05772783383033802,model::deberta_v3_sentiment_gated,DeBERTa-v3 + Sentiment Profile (Gated),42
18605,1,1.8960271290779929e-06,0,0.05772783383033802,model::deberta_v3_sentiment_gated,DeBERTa-v3 + Sentiment Profile (Gated),42
21053,1,2.3496972971770447e-06,0,0.05772783383033802,model::deberta_v3_sentiment_gated,DeBERTa-v3 + Sentiment Profile (Gated),42
5662,1,1.9982023786724312e-06,0,0.05772783383033802,model::deberta_v3_sentiment_gated,DeBERTa-v3 + Sentiment Profile (Gated),42
11892,0,6.561238842550665e-05,0,0.05772783383033802,model::deberta_v3_sentiment_gated,DeBERTa-v3 + Sentiment Profile (Gated),42
5775,1,1.9268609321443364e-06,0,0.05772783383033802,model::deberta_v3_sentiment_gated,DeBERTa-v3 + Sentiment Profile (Gated),42
14139,1,1.9410513232287485e-06,0,0.05772783383033802,model::deberta_v3_sentiment_gated,DeBERTa-v3 + Sentiment Profile (Gated),42
19692,1,4.420690402184846e-06,0,0.05772783383033802,model::deberta_v3_sentiment_gated,DeBERTa-v3 + Sentiment Profile (Gated),42
4473,0,6.879542524984572e-06,0,0.05772783383033802,model::deberta_v3_sentiment_gated,DeBERTa-v3 + Sentiment Profile (Gated),42
20647,1,2.14634815165482e-06,0,0.05772783383033802,model::deberta_v3_sentiment_gated,DeBERTa-v3 + Sentiment Profile (Gated),42
19921,1,2.5438696411583805e-06,0,0.05772783383033802,model::deberta_v3_sentiment_gated,DeBERTa-v3 + Sentiment Profile (Gated),42
16487,0,2.50018047154299e-06,0,0.05772783383033802,model::deberta_v3_sentiment_gated,DeBERTa-v3 + Sentiment Profile (Gated),42
670,1,1.9257697658758843e-06,0,0.05772783383033802,model::deberta_v3_sentiment_gated,DeBERTa-v3 + Sentiment Profile (Gated),42
16860,0,3.025955948032788e-06,0,0.05772783383033802,model::deberta_v3_sentiment_gated,DeBERTa-v3 + Sentiment Profile (Gated),42
6128,1,2.632062660268275e-06,0,0.05772783383033802,model::deberta_v3_sentiment_gated,DeBERTa-v3 + Sentiment Profile (Gated),42
12790,0,3.0077640076342504e-06,0,0.05772783383033802,model::deberta_v3_sentiment_gated,DeBERTa-v3 + Sentiment Profile (Gated),42
4849,0,1.6367725947930012e-06,0,0.05772783383033802,model::deberta_v3_sentiment_gated,DeBERTa-v3 + Sentiment Profile (Gated),42
18421,0,4.386798536870629e-06,0,0.05772783383033802,model::deberta_v3_sentiment_gated,DeBERTa-v3 + Sentiment Profile (Gated),42
1477,0,3.1568897611577995e-06,0,0.05772783383033802,model::deberta_v3_sentiment_gated,DeBERTa-v3 + Sentiment Profile (Gated),42
1422,0,3.548579115886241e-06,0,0.05772783383033802,model::deberta_v3_sentiment_gated,DeBERTa-v3 + Sentiment Profile (Gated),42
11260,0,1.5396924936794676e-05,0,0.05772783383033802,model::deberta_v3_sentiment_gated,DeBERTa-v3 + Sentiment Profile (Gated),42
17332,0,3.07246432385e-06,0,0.05772783383033802,model::deberta_v3_sentiment_gated,DeBERTa-v3 + Sentiment Profile (Gated),42
3713,0,1.2637078725674655e-06,0,0.05772783383033802,model::deberta_v3_sentiment_gated,DeBERTa-v3 + Sentiment Profile (Gated),42
4360,0,1.92315633285034e-06,0,0.05772783383033802,model::deberta_v3_sentiment_gated,DeBERTa-v3 + Sentiment Profile (Gated),42
14527,0,2.110089553752914e-06,0,0.05772783383033802,model::deberta_v3_sentiment_gated,DeBERTa-v3 + Sentiment Profile (Gated),42
8526,1,1.467344986849639e-06,0,0.05772783383033802,model::deberta_v3_sentiment_gated,DeBERTa-v3 + Sentiment Profile (Gated),42
3101,0,1.5717470205345307e-06,0,0.05772783383033802,model::deberta_v3_sentiment_gated,DeBERTa-v3 + Sentiment Profile (Gated),42
8673,1,2.032745896940469e-06,0,0.05772783383033802,model::deberta_v3_sentiment_gated,DeBERTa-v3 + Sentiment Profile (Gated),42
20321,0,1.5358339169324609e-06,0,0.05772783383033802,model::deberta_v3_sentiment_gated,DeBERTa-v3 + Sentiment Profile (Gated),42
2411,0,5.607418643194251e-06,0,0.05772783383033802,model::deberta_v3_sentiment_gated,DeBERTa-v3 + Sentiment Profile (Gated),42
15912,1,2.762373696896248e-06,0,0.05772783383033802,model::deberta_v3_sentiment_gated,DeBERTa-v3 + Sentiment Profile (Gated),42
16662,1,1.6211492948059458e-06,0,0.05772783383033802,model::deberta_v3_sentiment_gated,DeBERTa-v3 + Sentiment Profile (Gated),42
12940,0,0.0019684387370944,0,0.05772783383033802,model::deberta_v3_sentiment_gated,DeBERTa-v3 + Sentiment Profile (Gated),42
8926,1,1.8085690953739688e-06,0,0.05772783383033802,model::deberta_v3_sentiment_gated,DeBERTa-v3 + Sentiment Profile (Gated),42
20423,0,1.7823952020989964e-06,0,0.05772783383033802,model::deberta_v3_sentiment_gated,DeBERTa-v3 + Sentiment Profile (Gated),42
6242,1,1.5513126072619343e-06,0,0.05772783383033802,model::deberta_v3_sentiment_gated,DeBERTa-v3 + Sentiment Profile (Gated),42
5924,0,1.8090917137669749e-06,0,0.05772783383033802,model::deberta_v3_sentiment_gated,DeBERTa-v3 + Sentiment Profile (Gated),42
14214,0,1.5562588941975264e-06,0,0.05772783383033802,model::deberta_v3_sentiment_gated,DeBERTa-v3 + Sentiment Profile (Gated),42
15557,1,2.428273774057743e-06,0,0.05772783383033802,model::deberta_v3_sentiment_gated,DeBERTa-v3 + Sentiment Profile (Gated),42
2667,0,2.636240424180869e-06,0,0.05772783383033802,model::deberta_v3_sentiment_gated,DeBERTa-v3 + Sentiment Profile (Gated),42
14287,0,2.3436100491380785e-06,0,0.05772783383033802,model::deberta_v3_sentiment_gated,DeBERTa-v3 + Sentiment Profile (Gated),42
7373,0,1.0321957688574912e-06,0,0.05772783383033802,model::deberta_v3_sentiment_gated,DeBERTa-v3 + Sentiment Profile (Gated),42
8547,1,3.3005285331455525e-06,0,0.05772783383033802,model::deberta_v3_sentiment_gated,DeBERTa-v3 + Sentiment Profile (Gated),42
3638,1,1.970204721146729e-06,0,0.05772783383033802,model::deberta_v3_sentiment_gated,DeBERTa-v3 + Sentiment Profile (Gated),42
6776,0,1.4257451539378962e-06,0,0.05772783383033802,model::deberta_v3_sentiment_gated,DeBERTa-v3 + Sentiment Profile (Gated),42
17287,1,3.0442402021435555e-06,0,0.05772783383033802,model::deberta_v3_sentiment_gated,DeBERTa-v3 + Sentiment Profile (Gated),42
2915,0,2.292571707585012e-06,0,0.05772783383033802,model::deberta_v3_sentiment_gated,DeBERTa-v3 + Sentiment Profile (Gated),42
18262,1,1.8042587726085912e-06,0,0.05772783383033802,model::deberta_v3_sentiment_gated,DeBERTa-v3 + Sentiment Profile (Gated),42
16617,1,1.87052592082182e-06,0,0.05772783383033802,model::deberta_v3_sentiment_gated,DeBERTa-v3 + Sentiment Profile (Gated),42
11524,1,1.6863153859958402e-06,0,0.05772783383033802,model::deberta_v3_sentiment_gated,DeBERTa-v3 + Sentiment Profile (Gated),42
11482,1,1.9440005871729227e-06,0,0.05772783383033802,model::deberta_v3_sentiment_gated,DeBERTa-v3 + Sentiment Profile (Gated),42
7515,1,2.223562887593289e-06,0,0.05772783383033802,model::deberta_v3_sentiment_gated,DeBERTa-v3 + Sentiment Profile (Gated),42
16592,1,2.5676310997369e-06,0,0.05772783383033802,model::deberta_v3_sentiment_gated,DeBERTa-v3 + Sentiment Profile (Gated),42
1011,1,1.92406446331006e-06,0,0.05772783383033802,model::deberta_v3_sentiment_gated,DeBERTa-v3 + Sentiment Profile (Gated),42
18744,0,1.538879132567672e-06,0,0.05772783383033802,model::deberta_v3_sentiment_gated,DeBERTa-v3 + Sentiment Profile (Gated),42
9419,0,1.6123590285133105e-06,0,0.05772783383033802,model::deberta_v3_sentiment_gated,DeBERTa-v3 + Sentiment Profile (Gated),42
19969,0,4.733930836664513e-05,0,0.05772783383033802,model::deberta_v3_sentiment_gated,DeBERTa-v3 + Sentiment Profile (Gated),42
11031,1,1.9192809759260854e-06,0,0.05772783383033802,model::deberta_v3_sentiment_gated,DeBERTa-v3 + Sentiment Profile (Gated),42
1336,1,5.079811671748757e-06,0,0.05772783383033802,model::deberta_v3_sentiment_gated,DeBERTa-v3 + Sentiment Profile (Gated),42
2976,1,1.970366156456293e-06,0,0.05772783383033802,model::deberta_v3_sentiment_gated,DeBERTa-v3 + Sentiment Profile (Gated),42
9188,1,7.799805644026492e-06,0,0.05772783383033802,model::deberta_v3_sentiment_gated,DeBERTa-v3 + Sentiment Profile (Gated),42
4049,1,2.00643262360245e-06,0,0.05772783383033802,model::deberta_v3_sentiment_gated,DeBERTa-v3 + Sentiment Profile (Gated),42
19567,0,1.868290269158024e-06,0,0.05772783383033802,model::deberta_v3_sentiment_gated,DeBERTa-v3 + Sentiment Profile (Gated),42
14807,1,1.8898658709076697e-06,0,0.05772783383033802,model::deberta_v3_sentiment_gated,DeBERTa-v3 + Sentiment Profile (Gated),42
1257,1,1.3886317447031615e-06,0,0.05772783383033802,model::deberta_v3_sentiment_gated,DeBERTa-v3 + Sentiment Profile (Gated),42
20326,0,1.3311961311046616e-06,0,0.05772783383033802,model::deberta_v3_sentiment_gated,DeBERTa-v3 + Sentiment Profile (Gated),42
11605,0,2.2861527213535737e-06,0,0.05772783383033802,model::deberta_v3_sentiment_gated,DeBERTa-v3 + Sentiment Profile (Gated),42
3365,0,1.5673672351113057e-06,0,0.05772783383033802,model::deberta_v3_sentiment_gated,DeBERTa-v3 + Sentiment Profile (Gated),42
11378,0,1.223637013936241e-06,0,0.05772783383033802,model::deberta_v3_sentiment_gated,DeBERTa-v3 + Sentiment Profile (Gated),42
11665,1,1.729371547298797e-06,0,0.05772783383033802,model::deberta_v3_sentiment_gated,DeBERTa-v3 + Sentiment Profile (Gated),42
5858,0,2.462621068843873e-06,0,0.05772783383033802,model::deberta_v3_sentiment_gated,DeBERTa-v3 + Sentiment Profile (Gated),42
10405,1,1.9680526293086587e-06,0,0.05772783383033802,model::deberta_v3_sentiment_gated,DeBERTa-v3 + Sentiment Profile (Gated),42
8205,1,2.345537268411136e-06,0,0.05772783383033802,model::deberta_v3_sentiment_gated,DeBERTa-v3 + Sentiment Profile (Gated),42
14304,1,1.9615658857219387e-06,0,0.05772783383033802,model::deberta_v3_sentiment_gated,DeBERTa-v3 + Sentiment Profile (Gated),42
1405,1,1.8667478798306547e-06,0,0.05772783383033802,model::deberta_v3_sentiment_gated,DeBERTa-v3 + Sentiment Profile (Gated),42
4561,0,5.923262051510392e-06,0,0.05772783383033802,model::deberta_v3_sentiment_gated,DeBERTa-v3 + Sentiment Profile (Gated),42
15932,0,1.8313472764930336e-06,0,0.05772783383033802,model::deberta_v3_sentiment_gated,DeBERTa-v3 + Sentiment Profile (Gated),42
18624,1,2.3645966393814888e-06,0,0.05772783383033802,model::deberta_v3_sentiment_gated,DeBERTa-v3 + Sentiment Profile (Gated),42
265,1,1.4418459386433824e-06,0,0.05772783383033802,model::deberta_v3_sentiment_gated,DeBERTa-v3 + Sentiment Profile (Gated),42
19066,0,1.6439655610156478e-06,0,0.05772783383033802,model::deberta_v3_sentiment_gated,DeBERTa-v3 + Sentiment Profile (Gated),42
11126,0,5.799242899229284e-06,0,0.05772783383033802,model::deberta_v3_sentiment_gated,DeBERTa-v3 + Sentiment Profile (Gated),42
11701,1,2.0493100691965083e-06,0,0.05772783383033802,model::deberta_v3_sentiment_gated,DeBERTa-v3 + Sentiment Profile (Gated),42
5097,1,1.863146280811634e-06,0,0.05772783383033802,model::deberta_v3_sentiment_gated,DeBERTa-v3 + Sentiment Profile (Gated),42
19427,1,2.920306087617064e-06,0,0.05772783383033802,model::deberta_v3_sentiment_gated,DeBERTa-v3 + Sentiment Profile (Gated),42
7818,1,2.445766995151644e-06,0,0.05772783383033802,model::deberta_v3_sentiment_gated,DeBERTa-v3 + Sentiment Profile (Gated),42
1595,1,2.475635483278893e-06,0,0.05772783383033802,model::deberta_v3_sentiment_gated,DeBERTa-v3 + Sentiment Profile (Gated),42
15046,0,1.5439653680004994e-06,0,0.05772783383033802,model::deberta_v3_sentiment_gated,DeBERTa-v3 + Sentiment Profile (Gated),42
18178,1,1.825439653657668e-06,0,0.05772783383033802,model::deberta_v3_sentiment_gated,DeBERTa-v3 + Sentiment Profile (Gated),42
8753,0,4.479706149140839e-06,0,0.05772783383033802,model::deberta_v3_sentiment_gated,DeBERTa-v3 + Sentiment Profile (Gated),42
12835,1,2.301531367265852e-06,0,0.05772783383033802,model::deberta_v3_sentiment_gated,DeBERTa-v3 + Sentiment Profile (Gated),42
15736,0,2.326503135918756e-06,0,0.05772783383033802,model::deberta_v3_sentiment_gated,DeBERTa-v3 + Sentiment Profile (Gated),42
18109,1,1.6434671579190765e-06,0,0.05772783383033802,model::deberta_v3_sentiment_gated,DeBERTa-v3 + Sentiment Profile (Gated),42
13159,0,1.5313526091631502e-06,0,0.05772783383033802,model::deberta_v3_sentiment_gated,DeBERTa-v3 + Sentiment Profile (Gated),42
7253,0,2.4110158847179264e-06,0,0.05772783383033802,model::deberta_v3_sentiment_gated,DeBERTa-v3 + Sentiment Profile (Gated),42
7729,0,2.981869147333782e-05,0,0.05772783383033802,model::deberta_v3_sentiment_gated,DeBERTa-v3 + Sentiment Profile (Gated),42
19005,0,2.716819835768547e-06,0,0.05772783383033802,model::deberta_v3_sentiment_gated,DeBERTa-v3 + Sentiment Profile (Gated),42
2460,0,2.277739213241148e-06,0,0.05772783383033802,model::deberta_v3_sentiment_gated,DeBERTa-v3 + Sentiment Profile (Gated),42
18090,0,1.7655551118878066e-06,0,0.05772783383033802,model::deberta_v3_sentiment_gated,DeBERTa-v3 + Sentiment Profile (Gated),42
2077,0,1.609630430721154e-06,0,0.05772783383033802,model::deberta_v3_sentiment_gated,DeBERTa-v3 + Sentiment Profile (Gated),42
4663,1,1.8615140788824649e-06,0,0.05772783383033802,model::deberta_v3_sentiment_gated,DeBERTa-v3 + Sentiment Profile (Gated),42
16139,0,2.190585291828029e-06,0,0.05772783383033802,model::deberta_v3_sentiment_gated,DeBERTa-v3 + Sentiment Profile (Gated),42
10338,0,1.7553406905790323e-06,0,0.05772783383033802,model::deberta_v3_sentiment_gated,DeBERTa-v3 + Sentiment Profile (Gated),42
14067,1,1.955126435859711e-06,0,0.05772783383033802,model::deberta_v3_sentiment_gated,DeBERTa-v3 + Sentiment Profile (Gated),42
1836,0,2.6341267584939487e-06,0,0.05772783383033802,model::deberta_v3_sentiment_gated,DeBERTa-v3 + Sentiment Profile (Gated),42
2134,0,1.895936748042004e-06,0,0.05772783383033802,model::deberta_v3_sentiment_gated,DeBERTa-v3 + Sentiment Profile (Gated),42
17561,0,2.8277731871639844e-06,0,0.05772783383033802,model::deberta_v3_sentiment_gated,DeBERTa-v3 + Sentiment Profile (Gated),42
10345,0,6.511851097457111e-06,0,0.05772783383033802,model::deberta_v3_sentiment_gated,DeBERTa-v3 + Sentiment Profile (Gated),42
3795,0,1.339538926004025e-06,0,0.05772783383033802,model::deberta_v3_sentiment_gated,DeBERTa-v3 + Sentiment Profile (Gated),42
12517,1,2.2681085738440743e-06,0,0.05772783383033802,model::deberta_v3_sentiment_gated,DeBERTa-v3 + Sentiment Profile (Gated),42
16677,0,2.2193510176293785e-06,0,0.05772783383033802,model::deberta_v3_sentiment_gated,DeBERTa-v3 + Sentiment Profile (Gated),42
15460,0,2.9716597964579705e-06,0,0.05772783383033802,model::deberta_v3_sentiment_gated,DeBERTa-v3 + Sentiment Profile (Gated),42
13065,1,1.5368683534688898e-06,0,0.05772783383033802,model::deberta_v3_sentiment_gated,DeBERTa-v3 + Sentiment Profile (Gated),42
1321,1,1.993902287722449e-06,0,0.05772783383033802,model::deberta_v3_sentiment_gated,DeBERTa-v3 + Sentiment Profile (Gated),42
20250,1,1.7637543123782962e-06,0,0.05772783383033802,model::deberta_v3_sentiment_gated,DeBERTa-v3 + Sentiment Profile (Gated),42
11640,1,7.83798168413341e-06,0,0.05772783383033802,model::deberta_v3_sentiment_gated,DeBERTa-v3 + Sentiment Profile (Gated),42
6580,1,2.0078682609891985e-06,0,0.05772783383033802,model::deberta_v3_sentiment_gated,DeBERTa-v3 + Sentiment Profile (Gated),42
6313,0,2.254249466204783e-06,0,0.05772783383033802,model::deberta_v3_sentiment_gated,DeBERTa-v3 + Sentiment Profile (Gated),42
11111,1,9.82558685791446e-06,0,0.05772783383033802,model::deberta_v3_sentiment_gated,DeBERTa-v3 + Sentiment Profile (Gated),42
2475,0,1.288218300032895e-06,0,0.05772783383033802,model::deberta_v3_sentiment_gated,DeBERTa-v3 + Sentiment Profile (Gated),42
10652,0,4.246053322276566e-06,0,0.05772783383033802,model::deberta_v3_sentiment_gated,DeBERTa-v3 + Sentiment Profile (Gated),42
13222,1,1.8200022395831184e-06,0,0.05772783383033802,model::deberta_v3_sentiment_gated,DeBERTa-v3 + Sentiment Profile (Gated),42
5277,1,2.55314671449014e-06,0,0.05772783383033802,model::deberta_v3_sentiment_gated,DeBERTa-v3 + Sentiment Profile (Gated),42
21013,1,1.803360760277428e-06,0,0.05772783383033802,model::deberta_v3_sentiment_gated,DeBERTa-v3 + Sentiment Profile (Gated),42
9,0,5.840347512275912e-06,0,0.05772783383033802,model::deberta_v3_sentiment_gated,DeBERTa-v3 + Sentiment Profile (Gated),42
20707,0,3.3983453704422573e-06,0,0.05772783383033802,model::deberta_v3_sentiment_gated,DeBERTa-v3 + Sentiment Profile (Gated),42
10325,1,1.4602826468035346e-06,0,0.05772783383033802,model::deberta_v3_sentiment_gated,DeBERTa-v3 + Sentiment Profile (Gated),42
10768,0,4.62406751466915e-06,0,0.05772783383033802,model::deberta_v3_sentiment_gated,DeBERTa-v3 + Sentiment Profile (Gated),42
2987,0,1.1399024515412748e-05,0,0.05772783383033802,model::deberta_v3_sentiment_gated,DeBERTa-v3 + Sentiment Profile (Gated),42
11122,1,1.5503749182244064e-06,0,0.05772783383033802,model::deberta_v3_sentiment_gated,DeBERTa-v3 + Sentiment Profile (Gated),42
15045,0,1.6752488818383426e-06,0,0.05772783383033802,model::deberta_v3_sentiment_gated,DeBERTa-v3 + Sentiment Profile (Gated),42
14538,0,2.88743149212678e-06,0,0.05772783383033802,model::deberta_v3_sentiment_gated,DeBERTa-v3 + Sentiment Profile (Gated),42
413,0,1.1542175570866675e-06,0,0.05772783383033802,model::deberta_v3_sentiment_gated,DeBERTa-v3 + Sentiment Profile (Gated),42
1205,0,1.631749455555109e-06,0,0.05772783383033802,model::deberta_v3_sentiment_gated,DeBERTa-v3 + Sentiment Profile (Gated),42
16379,0,3.229805315640988e-06,0,0.05772783383033802,model::deberta_v3_sentiment_gated,DeBERTa-v3 + Sentiment Profile (Gated),42
12654,0,1.533936938358238e-06,0,0.05772783383033802,model::deberta_v3_sentiment_gated,DeBERTa-v3 + Sentiment Profile (Gated),42
2629,0,2.041009338427102e-06,0,0.05772783383033802,model::deberta_v3_sentiment_gated,DeBERTa-v3 + Sentiment Profile (Gated),42
4403,1,2.320755129403551e-06,0,0.05772783383033802,model::deberta_v3_sentiment_gated,DeBERTa-v3 + Sentiment Profile (Gated),42
19138,1,2.087770781145082e-06,0,0.05772783383033802,model::deberta_v3_sentiment_gated,DeBERTa-v3 + Sentiment Profile (Gated),42
628,0,2.6174764116149163e-06,0,0.05772783383033802,model::deberta_v3_sentiment_gated,DeBERTa-v3 + Sentiment Profile (Gated),42
20890,1,1.7427140619474812e-06,0,0.05772783383033802,model::deberta_v3_sentiment_gated,DeBERTa-v3 + Sentiment Profile (Gated),42
20004,1,1.7864792880573075e-06,0,0.05772783383033802,model::deberta_v3_sentiment_gated,DeBERTa-v3 + Sentiment Profile (Gated),42
9947,0,5.45899501958047e-06,0,0.05772783383033802,model::deberta_v3_sentiment_gated,DeBERTa-v3 + Sentiment Profile (Gated),42
16144,0,2.677777729331865e-06,0,0.05772783383033802,model::deberta_v3_sentiment_gated,DeBERTa-v3 + Sentiment Profile (Gated),42
17524,1,1.787679366316297e-06,0,0.05772783383033802,model::deberta_v3_sentiment_gated,DeBERTa-v3 + Sentiment Profile (Gated),42
10217,0,1.6720215398891014e-06,0,0.05772783383033802,model::deberta_v3_sentiment_gated,DeBERTa-v3 + Sentiment Profile (Gated),42
10363,0,0.000349571899278,0,0.05772783383033802,model::deberta_v3_sentiment_gated,DeBERTa-v3 + Sentiment Profile (Gated),42
16001,1,1.4923095932317665e-06,0,0.05772783383033802,model::deberta_v3_sentiment_gated,DeBERTa-v3 + Sentiment Profile (Gated),42
3976,0,2.4161417968571186e-06,0,0.05772783383033802,model::deberta_v3_sentiment_gated,DeBERTa-v3 + Sentiment Profile (Gated),42
1978,0,1.7022989595716354e-06,0,0.05772783383033802,model::deberta_v3_sentiment_gated,DeBERTa-v3 + Sentiment Profile (Gated),42
3445,0,1.5297864592866972e-06,0,0.05772783383033802,model::deberta_v3_sentiment_gated,DeBERTa-v3 + Sentiment Profile (Gated),42
20953,0,2.06271010938508e-06,0,0.05772783383033802,model::deberta_v3_sentiment_gated,DeBERTa-v3 + Sentiment Profile (Gated),42
17904,0,2.357944367759046e-06,0,0.05772783383033802,model::deberta_v3_sentiment_gated,DeBERTa-v3 + Sentiment Profile (Gated),42
6409,0,1.4575446130038472e-06,0,0.05772783383033802,model::deberta_v3_sentiment_gated,DeBERTa-v3 + Sentiment Profile (Gated),42
6020,0,4.2069000301125925e-06,0,0.05772783383033802,model::deberta_v3_sentiment_gated,DeBERTa-v3 + Sentiment Profile (Gated),42
19041,1,3.2814741643960588e-06,0,0.05772783383033802,model::deberta_v3_sentiment_gated,DeBERTa-v3 + Sentiment Profile (Gated),42
2889,1,1.899918970593717e-06,0,0.05772783383033802,model::deberta_v3_sentiment_gated,DeBERTa-v3 + Sentiment Profile (Gated),42
6607,0,1.2465044392229174e-06,0,0.05772783383033802,model::deberta_v3_sentiment_gated,DeBERTa-v3 + Sentiment Profile (Gated),42
19231,1,2.115404095093254e-05,0,0.05772783383033802,model::deberta_v3_sentiment_gated,DeBERTa-v3 + Sentiment Profile (Gated),42
14736,0,1.7052219618562958e-06,0,0.05772783383033802,model::deberta_v3_sentiment_gated,DeBERTa-v3 + Sentiment Profile (Gated),42
18719,1,1.461334477426135e-06,0,0.05772783383033802,model::deberta_v3_sentiment_gated,DeBERTa-v3 + Sentiment Profile (Gated),42
19248,1,3.2384691621700767e-06,0,0.05772783383033802,model::deberta_v3_sentiment_gated,DeBERTa-v3 + Sentiment Profile (Gated),42
10087,1,2.703473001020029e-06,0,0.05772783383033802,model::deberta_v3_sentiment_gated,DeBERTa-v3 + Sentiment Profile (Gated),42
7423,1,1.6230968640229548e-06,0,0.05772783383033802,model::deberta_v3_sentiment_gated,DeBERTa-v3 + Sentiment Profile (Gated),42
5009,1,1.922358705996885e-06,0,0.05772783383033802,model::deberta_v3_sentiment_gated,DeBERTa-v3 + Sentiment Profile (Gated),42
18142,0,2.2576939500140725e-06,0,0.05772783383033802,model::deberta_v3_sentiment_gated,DeBERTa-v3 + Sentiment Profile (Gated),42
12644,0,3.163377868986572e-06,0,0.05772783383033802,model::deberta_v3_sentiment_gated,DeBERTa-v3 + Sentiment Profile (Gated),42
18889,1,3.333836730234907e-06,0,0.05772783383033802,model::deberta_v3_sentiment_gated,DeBERTa-v3 + Sentiment Profile (Gated),42
9810,1,1.8454713881510545e-06,0,0.05772783383033802,model::deberta_v3_sentiment_gated,DeBERTa-v3 + Sentiment Profile (Gated),42
17310,0,1.691033844508638e-06,0,0.05772783383033802,model::deberta_v3_sentiment_gated,DeBERTa-v3 + Sentiment Profile (Gated),42
5329,1,1.5138496110012056e-06,0,0.05772783383033802,model::deberta_v3_sentiment_gated,DeBERTa-v3 + Sentiment Profile (Gated),42
15990,0,2.469544824634795e-06,0,0.05772783383033802,model::deberta_v3_sentiment_gated,DeBERTa-v3 + Sentiment Profile (Gated),42
18161,0,1.937186198119889e-06,0,0.05772783383033802,model::deberta_v3_sentiment_gated,DeBERTa-v3 + Sentiment Profile (Gated),42
20800,0,4.559339231491322e-06,0,0.05772783383033802,model::deberta_v3_sentiment_gated,DeBERTa-v3 + Sentiment Profile (Gated),42
4388,0,4.0231479943031445e-06,0,0.05772783383033802,model::deberta_v3_sentiment_gated,DeBERTa-v3 + Sentiment Profile (Gated),42
12997,0,4.127983174839756e-06,0,0.05772783383033802,model::deberta_v3_sentiment_gated,DeBERTa-v3 + Sentiment Profile (Gated),42
15529,1,2.185103994634119e-06,0,0.05772783383033802,model::deberta_v3_sentiment_gated,DeBERTa-v3 + Sentiment Profile (Gated),42
4515,0,1.3667557141161524e-05,0,0.05772783383033802,model::deberta_v3_sentiment_gated,DeBERTa-v3 + Sentiment Profile (Gated),42
8682,1,2.2853503196529346e-06,0,0.05772783383033802,model::deberta_v3_sentiment_gated,DeBERTa-v3 + Sentiment Profile (Gated),42
1964,1,1.949949819390895e-06,0,0.05772783383033802,model::deberta_v3_sentiment_gated,DeBERTa-v3 + Sentiment Profile (Gated),42
4004,1,4.117414391657803e-06,0,0.05772783383033802,model::deberta_v3_sentiment_gated,DeBERTa-v3 + Sentiment Profile (Gated),42
16870,0,1.1907212638107012e-06,0,0.05772783383033802,model::deberta_v3_sentiment_gated,DeBERTa-v3 + Sentiment Profile (Gated),42
9469,1,1.872596271823568e-06,0,0.05772783383033802,model::deberta_v3_sentiment_gated,DeBERTa-v3 + Sentiment Profile (Gated),42
16215,1,1.9080516722169705e-06,0,0.05772783383033802,model::deberta_v3_sentiment_gated,DeBERTa-v3 + Sentiment Profile (Gated),42
2736,0,2.365216914768098e-06,0,0.05772783383033802,model::deberta_v3_sentiment_gated,DeBERTa-v3 + Sentiment Profile (Gated),42
5536,0,2.295706735822023e-06,0,0.05772783383033802,model::deberta_v3_sentiment_gated,DeBERTa-v3 + Sentiment Profile (Gated),42
12685,0,1.0867074706766289e-06,0,0.05772783383033802,model::deberta_v3_sentiment_gated,DeBERTa-v3 + Sentiment Profile (Gated),42
2266,0,1.1863608051498886e-06,0,0.05772783383033802,model::deberta_v3_sentiment_gated,DeBERTa-v3 + Sentiment Profile (Gated),42
13911,1,4.594712208927376e-06,0,0.05772783383033802,model::deberta_v3_sentiment_gated,DeBERTa-v3 + Sentiment Profile (Gated),42
6424,1,2.532273128963425e-06,0,0.05772783383033802,model::deberta_v3_sentiment_gated,DeBERTa-v3 + Sentiment Profile (Gated),42
9668,0,3.133266318400274e-06,0,0.05772783383033802,model::deberta_v3_sentiment_gated,DeBERTa-v3 + Sentiment Profile (Gated),42
5980,1,1.6756418972363465e-06,0,0.05772783383033802,model::deberta_v3_sentiment_gated,DeBERTa-v3 + Sentiment Profile (Gated),42
13606,0,2.914093784056604e-06,0,0.05772783383033802,model::deberta_v3_sentiment_gated,DeBERTa-v3 + Sentiment Profile (Gated),42
9254,0,2.8715892312902724e-06,0,0.05772783383033802,model::deberta_v3_sentiment_gated,DeBERTa-v3 + Sentiment Profile (Gated),42
14812,1,3.747152277355781e-06,0,0.05772783383033802,model::deberta_v3_sentiment_gated,DeBERTa-v3 + Sentiment Profile (Gated),42
2368,0,3.079067028011196e-06,0,0.05772783383033802,model::deberta_v3_sentiment_gated,DeBERTa-v3 + Sentiment Profile (Gated),42
1894,1,2.1943467345408862e-06,0,0.05772783383033802,model::deberta_v3_sentiment_gated,DeBERTa-v3 + Sentiment Profile (Gated),42
14639,1,1.9291683202027343e-06,0,0.05772783383033802,model::deberta_v3_sentiment_gated,DeBERTa-v3 + Sentiment Profile (Gated),42
2984,0,7.687734068895224e-06,0,0.05772783383033802,model::deberta_v3_sentiment_gated,DeBERTa-v3 + Sentiment Profile (Gated),42
11783,0,4.42685859525227e-06,0,0.05772783383033802,model::deberta_v3_sentiment_gated,DeBERTa-v3 + Sentiment Profile (Gated),42
12490,1,2.9328655273275217e-06,0,0.05772783383033802,model::deberta_v3_sentiment_gated,DeBERTa-v3 + Sentiment Profile (Gated),42
14023,1,2.730565938691143e-06,0,0.05772783383033802,model::deberta_v3_sentiment_gated,DeBERTa-v3 + Sentiment Profile (Gated),42
2269,1,1.7116806247940983e-06,0,0.05772783383033802,model::deberta_v3_sentiment_gated,DeBERTa-v3 + Sentiment Profile (Gated),42
8015,0,2.0604747987817973e-06,0,0.05772783383033802,model::deberta_v3_sentiment_gated,DeBERTa-v3 + Sentiment Profile (Gated),42
18677,0,1.2392397366056684e-06,0,0.05772783383033802,model::deberta_v3_sentiment_gated,DeBERTa-v3 + Sentiment Profile (Gated),42
5578,1,3.826243300864007e-06,0,0.05772783383033802,model::deberta_v3_sentiment_gated,DeBERTa-v3 + Sentiment Profile (Gated),42
4643,1,3.187410129612545e-06,0,0.05772783383033802,model::deberta_v3_sentiment_gated,DeBERTa-v3 + Sentiment Profile (Gated),42
19156,1,2.425926822979818e-06,0,0.05772783383033802,model::deberta_v3_sentiment_gated,DeBERTa-v3 + Sentiment Profile (Gated),42
3206,0,7.516321784351021e-05,0,0.05772783383033802,model::deberta_v3_sentiment_gated,DeBERTa-v3 + Sentiment Profile (Gated),42
15428,1,3.0359019547177013e-06,0,0.05772783383033802,model::deberta_v3_sentiment_gated,DeBERTa-v3 + Sentiment Profile (Gated),42
16131,0,1.1854763215524144e-06,0,0.05772783383033802,model::deberta_v3_sentiment_gated,DeBERTa-v3 + Sentiment Profile (Gated),42
1989,0,2.119455530191772e-06,0,0.05772783383033802,model::deberta_v3_sentiment_gated,DeBERTa-v3 + Sentiment Profile (Gated),42
7293,1,1.873417886599782e-06,0,0.05772783383033802,model::deberta_v3_sentiment_gated,DeBERTa-v3 + Sentiment Profile (Gated),42
18244,1,2.038919774349779e-06,0,0.05772783383033802,model::deberta_v3_sentiment_gated,DeBERTa-v3 + Sentiment Profile (Gated),42
14079,1,2.551204488554504e-06,0,0.05772783383033802,model::deberta_v3_sentiment_gated,DeBERTa-v3 + Sentiment Profile (Gated),42
7188,0,2.1959187506581657e-05,0,0.05772783383033802,model::deberta_v3_sentiment_gated,DeBERTa-v3 + Sentiment Profile (Gated),42
20049,1,2.131894461854245e-06,0,0.05772783383033802,model::deberta_v3_sentiment_gated,DeBERTa-v3 + Sentiment Profile (Gated),42
16956,1,1.9805054307653336e-06,0,0.05772783383033802,model::deberta_v3_sentiment_gated,DeBERTa-v3 + Sentiment Profile (Gated),42
9372,1,2.4456596747768344e-06,0,0.05772783383033802,model::deberta_v3_sentiment_gated,DeBERTa-v3 + Sentiment Profile (Gated),42
14968,1,2.3518516627518693e-06,0,0.05772783383033802,model::deberta_v3_sentiment_gated,DeBERTa-v3 + Sentiment Profile (Gated),42
11974,0,1.3672648719875724e-06,0,0.05772783383033802,model::deberta_v3_sentiment_gated,DeBERTa-v3 + Sentiment Profile (Gated),42
11821,1,1.5440551806022995e-06,0,0.05772783383033802,model::deberta_v3_sentiment_gated,DeBERTa-v3 + Sentiment Profile (Gated),42
6134,1,1.6889113112483756e-06,0,0.05772783383033802,model::deberta_v3_sentiment_gated,DeBERTa-v3 + Sentiment Profile (Gated),42
375,1,2.7650489755615126e-06,0,0.05772783383033802,model::deberta_v3_sentiment_gated,DeBERTa-v3 + Sentiment Profile (Gated),42
18947,1,1.4024182064531487e-06,0,0.05772783383033802,model::deberta_v3_sentiment_gated,DeBERTa-v3 + Sentiment Profile (Gated),42
19941,1,1.769064169820922e-06,0,0.05772783383033802,model::deberta_v3_sentiment_gated,DeBERTa-v3 + Sentiment Profile (Gated),42
7048,0,8.97413701750338e-06,0,0.05772783383033802,model::deberta_v3_sentiment_gated,DeBERTa-v3 + Sentiment Profile (Gated),42
4931,0,1.4936081242922228e-06,0,0.05772783383033802,model::deberta_v3_sentiment_gated,DeBERTa-v3 + Sentiment Profile (Gated),42
19979,0,1.578970341142849e-06,0,0.05772783383033802,model::deberta_v3_sentiment_gated,DeBERTa-v3 + Sentiment Profile (Gated),42
16265,0,1.4689999261463529e-06,0,0.05772783383033802,model::deberta_v3_sentiment_gated,DeBERTa-v3 + Sentiment Profile (Gated),42
4125,0,1.0797097047543502e-06,0,0.05772783383033802,model::deberta_v3_sentiment_gated,DeBERTa-v3 + Sentiment Profile (Gated),42
3608,1,1.827732148740324e-06,0,0.05772783383033802,model::deberta_v3_sentiment_gated,DeBERTa-v3 + Sentiment Profile (Gated),42
3270,0,2.394793682469753e-06,0,0.05772783383033802,model::deberta_v3_sentiment_gated,DeBERTa-v3 + Sentiment Profile (Gated),42
9878,0,5.424949904409004e-06,0,0.05772783383033802,model::deberta_v3_sentiment_gated,DeBERTa-v3 + Sentiment Profile (Gated),42
13799,0,1.21094149108103e-06,0,0.05772783383033802,model::deberta_v3_sentiment_gated,DeBERTa-v3 + Sentiment Profile (Gated),42
2917,1,1.5505790997849545e-06,0,0.05772783383033802,model::deberta_v3_sentiment_gated,DeBERTa-v3 + Sentiment Profile (Gated),42
4199,0,2.238512024632655e-06,0,0.05772783383033802,model::deberta_v3_sentiment_gated,DeBERTa-v3 + Sentiment Profile (Gated),42
8159,1,2.29583611144335e-06,0,0.05772783383033802,model::deberta_v3_sentiment_gated,DeBERTa-v3 + Sentiment Profile (Gated),42
10995,1,1.789743350855133e-06,0,0.05772783383033802,model::deberta_v3_sentiment_gated,DeBERTa-v3 + Sentiment Profile (Gated),42
20100,1,1.340810626970779e-06,0,0.05772783383033802,model::deberta_v3_sentiment_gated,DeBERTa-v3 + Sentiment Profile (Gated),42
3459,1,1.8478644960850945e-06,0,0.05772783383033802,model::deberta_v3_sentiment_gated,DeBERTa-v3 + Sentiment Profile (Gated),42
10628,1,1.7170366390928391e-06,0,0.05772783383033802,model::deberta_v3_sentiment_gated,DeBERTa-v3 + Sentiment Profile (Gated),42
7777,0,1.9418475858401507e-06,0,0.05772783383033802,model::deberta_v3_sentiment_gated,DeBERTa-v3 + Sentiment Profile (Gated),42
16485,0,1.231149440172885e-06,0,0.05772783383033802,model::deberta_v3_sentiment_gated,DeBERTa-v3 + Sentiment Profile (Gated),42
2338,1,1.6523906651855214e-06,0,0.05772783383033802,model::deberta_v3_sentiment_gated,DeBERTa-v3 + Sentiment Profile (Gated),42
239,0,1.2578270798258018e-06,0,0.05772783383033802,model::deberta_v3_sentiment_gated,DeBERTa-v3 + Sentiment Profile (Gated),42
9970,1,2.1762966753158253e-06,0,0.05772783383033802,model::deberta_v3_sentiment_gated,DeBERTa-v3 + Sentiment Profile (Gated),42
13792,1,1.5187098370006424e-06,0,0.05772783383033802,model::deberta_v3_sentiment_gated,DeBERTa-v3 + Sentiment Profile (Gated),42
20033,0,1.5820935459487373e-06,0,0.05772783383033802,model::deberta_v3_sentiment_gated,DeBERTa-v3 + Sentiment Profile (Gated),42
19476,0,3.1221345579979243e-06,0,0.05772783383033802,model::deberta_v3_sentiment_gated,DeBERTa-v3 + Sentiment Profile (Gated),42
8937,1,3.6831736451858887e-06,0,0.05772783383033802,model::deberta_v3_sentiment_gated,DeBERTa-v3 + Sentiment Profile (Gated),42
7496,1,1.934243755385978e-06,0,0.05772783383033802,model::deberta_v3_sentiment_gated,DeBERTa-v3 + Sentiment Profile (Gated),42
16479,0,1.5140416280701174e-06,0,0.05772783383033802,model::deberta_v3_sentiment_gated,DeBERTa-v3 + Sentiment Profile (Gated),42
3878,1,2.1490004655788653e-06,0,0.05772783383033802,model::deberta_v3_sentiment_gated,DeBERTa-v3 + Sentiment Profile (Gated),42
8152,0,5.056148438598029e-06,0,0.05772783383033802,model::deberta_v3_sentiment_gated,DeBERTa-v3 + Sentiment Profile (Gated),42
4784,1,1.824381456572155e-06,0,0.05772783383033802,model::deberta_v3_sentiment_gated,DeBERTa-v3 + Sentiment Profile (Gated),42
11310,1,1.7197946817759655e-06,0,0.05772783383033802,model::deberta_v3_sentiment_gated,DeBERTa-v3 + Sentiment Profile (Gated),42
3739,0,2.29130387197074e-06,0,0.05772783383033802,model::deberta_v3_sentiment_gated,DeBERTa-v3 + Sentiment Profile (Gated),42
3404,0,1.0266264325764496e-05,0,0.05772783383033802,model::deberta_v3_sentiment_gated,DeBERTa-v3 + Sentiment Profile (Gated),42
7311,1,1.9908145532099297e-06,0,0.05772783383033802,model::deberta_v3_sentiment_gated,DeBERTa-v3 + Sentiment Profile (Gated),42
7672,1,1.7420528592992923e-06,0,0.05772783383033802,model::deberta_v3_sentiment_gated,DeBERTa-v3 + Sentiment Profile (Gated),42
13190,0,6.117291832197225e-06,0,0.05772783383033802,model::deberta_v3_sentiment_gated,DeBERTa-v3 + Sentiment Profile (Gated),42
5887,0,1.3546647323892105e-06,0,0.05772783383033802,model::deberta_v3_sentiment_gated,DeBERTa-v3 + Sentiment Profile (Gated),42
4656,0,1.3831981959810946e-06,0,0.05772783383033802,model::deberta_v3_sentiment_gated,DeBERTa-v3 + Sentiment Profile (Gated),42
1535,1,1.783575157787709e-06,0,0.05772783383033802,model::deberta_v3_sentiment_gated,DeBERTa-v3 + Sentiment Profile (Gated),42
6036,0,3.367445742696873e-06,0,0.05772783383033802,model::deberta_v3_sentiment_gated,DeBERTa-v3 + Sentiment Profile (Gated),42
8774,1,1.832982775340497e-06,0,0.05772783383033802,model::deberta_v3_sentiment_gated,DeBERTa-v3 + Sentiment Profile (Gated),42
7379,0,2.3505599529016763e-06,0,0.05772783383033802,model::deberta_v3_sentiment_gated,DeBERTa-v3 + Sentiment Profile (Gated),42
17063,1,1.924124944707728e-06,0,0.05772783383033802,model::deberta_v3_sentiment_gated,DeBERTa-v3 + Sentiment Profile (Gated),42
9635,0,1.5188285260592238e-06,0,0.05772783383033802,model::deberta_v3_sentiment_gated,DeBERTa-v3 + Sentiment Profile (Gated),42
5991,1,1.6448642554678372e-06,0,0.05772783383033802,model::deberta_v3_sentiment_gated,DeBERTa-v3 + Sentiment Profile (Gated),42
10222,1,1.9997009985672776e-06,0,0.05772783383033802,model::deberta_v3_sentiment_gated,DeBERTa-v3 + Sentiment Profile (Gated),42
242,0,1.1860688573506195e-06,0,0.05772783383033802,model::deberta_v3_sentiment_gated,DeBERTa-v3 + Sentiment Profile (Gated),42
1440,0,3.774741117013036e-06,0,0.05772783383033802,model::deberta_v3_sentiment_gated,DeBERTa-v3 + Sentiment Profile (Gated),42
17866,1,2.201324377892888e-06,0,0.05772783383033802,model::deberta_v3_sentiment_gated,DeBERTa-v3 + Sentiment Profile (Gated),42
6262,1,2.1327484773792094e-06,0,0.05772783383033802,model::deberta_v3_sentiment_gated,DeBERTa-v3 + Sentiment Profile (Gated),42
525,0,1.3583465943156623e-06,0,0.05772783383033802,model::deberta_v3_sentiment_gated,DeBERTa-v3 + Sentiment Profile (Gated),42
6760,1,1.9854905985994264e-06,0,0.05772783383033802,model::deberta_v3_sentiment_gated,DeBERTa-v3 + Sentiment Profile (Gated),42
10757,0,1.56825190060772e-05,0,0.05772783383033802,model::deberta_v3_sentiment_gated,DeBERTa-v3 + Sentiment Profile (Gated),42
3745,1,2.3928166683617742e-06,0,0.05772783383033802,model::deberta_v3_sentiment_gated,DeBERTa-v3 + Sentiment Profile (Gated),42
13302,1,1.5005268778622849e-06,0,0.05772783383033802,model::deberta_v3_sentiment_gated,DeBERTa-v3 + Sentiment Profile (Gated),42
2359,1,1.8294969095222768e-06,0,0.05772783383033802,model::deberta_v3_sentiment_gated,DeBERTa-v3 + Sentiment Profile (Gated),42
2230,0,3.0373819299711613e-06,0,0.05772783383033802,model::deberta_v3_sentiment_gated,DeBERTa-v3 + Sentiment Profile (Gated),42
8897,1,1.9415067527006613e-06,0,0.05772783383033802,model::deberta_v3_sentiment_gated,DeBERTa-v3 + Sentiment Profile (Gated),42
11327,0,0.005232099443674,0,0.05772783383033802,model::deberta_v3_sentiment_gated,DeBERTa-v3 + Sentiment Profile (Gated),42
14905,0,1.0730261692515342e-06,0,0.05772783383033802,model::deberta_v3_sentiment_gated,DeBERTa-v3 + Sentiment Profile (Gated),42
3485,0,1.3573726391769014e-06,0,0.05772783383033802,model::deberta_v3_sentiment_gated,DeBERTa-v3 + Sentiment Profile (Gated),42
1823,0,2.2435558548750123e-06,0,0.05772783383033802,model::deberta_v3_sentiment_gated,DeBERTa-v3 + Sentiment Profile (Gated),42
151,0,1.7904586684380774e-06,0,0.05772783383033802,model::deberta_v3_sentiment_gated,DeBERTa-v3 + Sentiment Profile (Gated),42
8191,0,1.1690957535392954e-06,0,0.05772783383033802,model::deberta_v3_sentiment_gated,DeBERTa-v3 + Sentiment Profile (Gated),42
17469,0,1.682463221186481e-06,0,0.05772783383033802,model::deberta_v3_sentiment_gated,DeBERTa-v3 + Sentiment Profile (Gated),42
3680,1,1.6962834479272717e-06,0,0.05772783383033802,model::deberta_v3_sentiment_gated,DeBERTa-v3 + Sentiment Profile (Gated),42
6676,1,3.333493395984988e-06,0,0.05772783383033802,model::deberta_v3_sentiment_gated,DeBERTa-v3 + Sentiment Profile (Gated),42
8994,0,5.7500210459693335e-06,0,0.05772783383033802,model::deberta_v3_sentiment_gated,DeBERTa-v3 + Sentiment Profile (Gated),42
12011,1,2.235024112451356e-06,0,0.05772783383033802,model::deberta_v3_sentiment_gated,DeBERTa-v3 + Sentiment Profile (Gated),42
12375,1,1.7149827726825606e-06,0,0.05772783383033802,model::deberta_v3_sentiment_gated,DeBERTa-v3 + Sentiment Profile (Gated),42
18281,1,2.4164460228348617e-06,0,0.05772783383033802,model::deberta_v3_sentiment_gated,DeBERTa-v3 + Sentiment Profile (Gated),42
2644,1,1.765967795108736e-06,0,0.05772783383033802,model::deberta_v3_sentiment_gated,DeBERTa-v3 + Sentiment Profile (Gated),42
13136,1,9.193708137900105e-06,0,0.05772783383033802,model::deberta_v3_sentiment_gated,DeBERTa-v3 + Sentiment Profile (Gated),42
1455,1,1.7753310430634883e-06,0,0.05772783383033802,model::deberta_v3_sentiment_gated,DeBERTa-v3 + Sentiment Profile (Gated),42
12137,0,1.7736858353600837e-05,0,0.05772783383033802,model::deberta_v3_sentiment_gated,DeBERTa-v3 + Sentiment Profile (Gated),42
17338,0,1.578121327838744e-06,0,0.05772783383033802,model::deberta_v3_sentiment_gated,DeBERTa-v3 + Sentiment Profile (Gated),42
16904,1,1.8413821862850453e-06,0,0.05772783383033802,model::deberta_v3_sentiment_gated,DeBERTa-v3 + Sentiment Profile (Gated),42
2775,1,2.0160191525064874e-06,0,0.05772783383033802,model::deberta_v3_sentiment_gated,DeBERTa-v3 + Sentiment Profile (Gated),42
19643,0,1.38043208153249e-06,0,0.05772783383033802,model::deberta_v3_sentiment_gated,DeBERTa-v3 + Sentiment Profile (Gated),42
9795,1,2.157394874302554e-06,0,0.05772783383033802,model::deberta_v3_sentiment_gated,DeBERTa-v3 + Sentiment Profile (Gated),42
11340,0,1.5186084283413948e-06,0,0.05772783383033802,model::deberta_v3_sentiment_gated,DeBERTa-v3 + Sentiment Profile (Gated),42
5544,0,1.9734220586542506e-06,0,0.05772783383033802,model::deberta_v3_sentiment_gated,DeBERTa-v3 + Sentiment Profile (Gated),42
11826,0,1.6932997368712677e-06,0,0.05772783383033802,model::deberta_v3_sentiment_gated,DeBERTa-v3 + Sentiment Profile (Gated),42
10637,1,1.7825753957367851e-06,0,0.05772783383033802,model::deberta_v3_sentiment_gated,DeBERTa-v3 + Sentiment Profile (Gated),42
13922,0,1.4049844594410388e-06,0,0.05772783383033802,model::deberta_v3_sentiment_gated,DeBERTa-v3 + Sentiment Profile (Gated),42
20767,0,2.01486109290272e-05,0,0.05772783383033802,model::deberta_v3_sentiment_gated,DeBERTa-v3 + Sentiment Profile (Gated),42
6729,1,2.301985659869388e-06,0,0.05772783383033802,model::deberta_v3_sentiment_gated,DeBERTa-v3 + Sentiment Profile (Gated),42
18053,1,3.91152934753336e-06,0,0.05772783383033802,model::deberta_v3_sentiment_gated,DeBERTa-v3 + Sentiment Profile (Gated),42
7363,1,2.1854291389900027e-06,0,0.05772783383033802,model::deberta_v3_sentiment_gated,DeBERTa-v3 + Sentiment Profile (Gated),42
17615,0,5.522722403838998e-06,0,0.05772783383033802,model::deberta_v3_sentiment_gated,DeBERTa-v3 + Sentiment Profile (Gated),42
7070,0,2.040421577476081e-06,0,0.05772783383033802,model::deberta_v3_sentiment_gated,DeBERTa-v3 + Sentiment Profile (Gated),42
3221,1,1.7904808373714332e-06,0,0.05772783383033802,model::deberta_v3_sentiment_gated,DeBERTa-v3 + Sentiment Profile (Gated),42
20612,1,1.661375222283823e-06,0,0.05772783383033802,model::deberta_v3_sentiment_gated,DeBERTa-v3 + Sentiment Profile (Gated),42
13292,0,1.907342266349588e-06,0,0.05772783383033802,model::deberta_v3_sentiment_gated,DeBERTa-v3 + Sentiment Profile (Gated),42
11406,1,2.2452982193499338e-06,0,0.05772783383033802,model::deberta_v3_sentiment_gated,DeBERTa-v3 + Sentiment Profile (Gated),42
8781,1,1.8452496988174967e-06,0,0.05772783383033802,model::deberta_v3_sentiment_gated,DeBERTa-v3 + Sentiment Profile (Gated),42
2577,1,2.198420816057478e-06,0,0.05772783383033802,model::deberta_v3_sentiment_gated,DeBERTa-v3 + Sentiment Profile (Gated),42
18682,0,2.132319423253648e-06,0,0.05772783383033802,model::deberta_v3_sentiment_gated,DeBERTa-v3 + Sentiment Profile (Gated),42
17753,0,1.2346191624601488e-06,0,0.05772783383033802,model::deberta_v3_sentiment_gated,DeBERTa-v3 + Sentiment Profile (Gated),42
15451,0,1.1333338534313953e-06,0,0.05772783383033802,model::deberta_v3_sentiment_gated,DeBERTa-v3 + Sentiment Profile (Gated),42
15590,1,1.927846142280032e-06,0,0.05772783383033802,model::deberta_v3_sentiment_gated,DeBERTa-v3 + Sentiment Profile (Gated),42
3707,1,1.6479763189636287e-06,0,0.05772783383033802,model::deberta_v3_sentiment_gated,DeBERTa-v3 + Sentiment Profile (Gated),42
11516,0,2.998032869072631e-06,0,0.05772783383033802,model::deberta_v3_sentiment_gated,DeBERTa-v3 + Sentiment Profile (Gated),42
7453,1,2.8946471957169706e-06,0,0.05772783383033802,model::deberta_v3_sentiment_gated,DeBERTa-v3 + Sentiment Profile (Gated),42
7190,1,2.649585894687334e-06,0,0.05772783383033802,model::deberta_v3_sentiment_gated,DeBERTa-v3 + Sentiment Profile (Gated),42
5207,1,1.9511142454575747e-05,0,0.05772783383033802,model::deberta_v3_sentiment_gated,DeBERTa-v3 + Sentiment Profile (Gated),42
19706,0,2.48969240601582e-06,0,0.05772783383033802,model::deberta_v3_sentiment_gated,DeBERTa-v3 + Sentiment Profile (Gated),42
8327,0,1.1144360314574442e-06,0,0.05772783383033802,model::deberta_v3_sentiment_gated,DeBERTa-v3 + Sentiment Profile (Gated),42
19780,0,1.071186829904036e-06,0,0.05772783383033802,model::deberta_v3_sentiment_gated,DeBERTa-v3 + Sentiment Profile (Gated),42
10129,0,1.3589243508249638e-06,0,0.05772783383033802,model::deberta_v3_sentiment_gated,DeBERTa-v3 + Sentiment Profile (Gated),42
18764,0,4.992750746168895e-06,0,0.05772783383033802,model::deberta_v3_sentiment_gated,DeBERTa-v3 + Sentiment Profile (Gated),42
15732,1,2.788383653751225e-06,0,0.05772783383033802,model::deberta_v3_sentiment_gated,DeBERTa-v3 + Sentiment Profile (Gated),42
8398,1,1.7963267282539164e-06,0,0.05772783383033802,model::deberta_v3_sentiment_gated,DeBERTa-v3 + Sentiment Profile (Gated),42
19062,1,1.5878842987149255e-06,0,0.05772783383033802,model::deberta_v3_sentiment_gated,DeBERTa-v3 + Sentiment Profile (Gated),42
17138,0,4.953272764396388e-06,0,0.05772783383033802,model::deberta_v3_sentiment_gated,DeBERTa-v3 + Sentiment Profile (Gated),42
17158,1,1.8338290601604967e-06,0,0.05772783383033802,model::deberta_v3_sentiment_gated,DeBERTa-v3 + Sentiment Profile (Gated),42
17888,0,1.985047447305988e-06,0,0.05772783383033802,model::deberta_v3_sentiment_gated,DeBERTa-v3 + Sentiment Profile (Gated),42
3309,1,2.4412931907136226e-06,0,0.05772783383033802,model::deberta_v3_sentiment_gated,DeBERTa-v3 + Sentiment Profile (Gated),42
19842,0,5.788412636320572e-06,0,0.05772783383033802,model::deberta_v3_sentiment_gated,DeBERTa-v3 + Sentiment Profile (Gated),42
17826,0,1.7328086414636346e-06,0,0.05772783383033802,model::deberta_v3_sentiment_gated,DeBERTa-v3 + Sentiment Profile (Gated),42
6246,0,1.6314770618919283e-06,0,0.05772783383033802,model::deberta_v3_sentiment_gated,DeBERTa-v3 + Sentiment Profile (Gated),42
5116,0,5.309448624757351e-06,0,0.05772783383033802,model::deberta_v3_sentiment_gated,DeBERTa-v3 + Sentiment Profile (Gated),42
16300,0,1.2477045174819068e-06,0,0.05772783383033802,model::deberta_v3_sentiment_gated,DeBERTa-v3 + Sentiment Profile (Gated),42
10259,1,1.386637450195849e-06,0,0.05772783383033802,model::deberta_v3_sentiment_gated,DeBERTa-v3 + Sentiment Profile (Gated),42
2526,0,2.3894278911029687e-06,0,0.05772783383033802,model::deberta_v3_sentiment_gated,DeBERTa-v3 + Sentiment Profile (Gated),42
20569,1,2.147035957023036e-06,0,0.05772783383033802,model::deberta_v3_sentiment_gated,DeBERTa-v3 + Sentiment Profile (Gated),42
2697,1,3.0734022402612027e-06,0,0.05772783383033802,model::deberta_v3_sentiment_gated,DeBERTa-v3 + Sentiment Profile (Gated),42
18743,0,2.4025141556194285e-06,0,0.05772783383033802,model::deberta_v3_sentiment_gated,DeBERTa-v3 + Sentiment Profile (Gated),42
2507,1,1.6937034388320171e-06,0,0.05772783383033802,model::deberta_v3_sentiment_gated,DeBERTa-v3 + Sentiment Profile (Gated),42
8194,0,2.3754071207804373e-06,0,0.05772783383033802,model::deberta_v3_sentiment_gated,DeBERTa-v3 + Sentiment Profile (Gated),42
4381,1,2.972867150674574e-06,0,0.05772783383033802,model::deberta_v3_sentiment_gated,DeBERTa-v3 + Sentiment Profile (Gated),42
7795,1,2.6147345124627464e-06,0,0.05772783383033802,model::deberta_v3_sentiment_gated,DeBERTa-v3 + Sentiment Profile (Gated),42
10061,0,1.420895273440692e-06,0,0.05772783383033802,model::deberta_v3_sentiment_gated,DeBERTa-v3 + Sentiment Profile (Gated),42
4693,0,1.5049407693368266e-06,0,0.05772783383033802,model::deberta_v3_sentiment_gated,DeBERTa-v3 + Sentiment Profile (Gated),42
3826,0,0.0008219609735533,0,0.05772783383033802,model::deberta_v3_sentiment_gated,DeBERTa-v3 + Sentiment Profile (Gated),42
10152,0,7.305584404093679e-06,0,0.05772783383033802,model::deberta_v3_sentiment_gated,DeBERTa-v3 + Sentiment Profile (Gated),42
16583,1,1.9990868622699054e-06,0,0.05772783383033802,model::deberta_v3_sentiment_gated,DeBERTa-v3 + Sentiment Profile (Gated),42
18831,1,1.5164533806455438e-06,0,0.05772783383033802,model::deberta_v3_sentiment_gated,DeBERTa-v3 + Sentiment Profile (Gated),42
10597,0,1.997398385356064e-06,0,0.05772783383033802,model::deberta_v3_sentiment_gated,DeBERTa-v3 + Sentiment Profile (Gated),42
20401,1,2.3023897028906504e-06,0,0.05772783383033802,model::deberta_v3_sentiment_gated,DeBERTa-v3 + Sentiment Profile (Gated),42
13777,1,4.817870831175242e-06,0,0.05772783383033802,model::deberta_v3_sentiment_gated,DeBERTa-v3 + Sentiment Profile (Gated),42
13654,1,1.483396090407041e-06,0,0.05772783383033802,model::deberta_v3_sentiment_gated,DeBERTa-v3 + Sentiment Profile (Gated),42
8000,1,1.798121274987352e-06,0,0.05772783383033802,model::deberta_v3_sentiment_gated,DeBERTa-v3 + Sentiment Profile (Gated),42
18174,1,2.45932596953935e-06,0,0.05772783383033802,model::deberta_v3_sentiment_gated,DeBERTa-v3 + Sentiment Profile (Gated),42
19937,1,1.6532891322640353e-06,0,0.05772783383033802,model::deberta_v3_sentiment_gated,DeBERTa-v3 + Sentiment Profile (Gated),42
10938,0,1.4104348338150885e-06,0,0.05772783383033802,model::deberta_v3_sentiment_gated,DeBERTa-v3 + Sentiment Profile (Gated),42
2177,1,2.0242705431883223e-06,0,0.05772783383033802,model::deberta_v3_sentiment_gated,DeBERTa-v3 + Sentiment Profile (Gated),42
3002,0,2.03785839403281e-06,0,0.05772783383033802,model::deberta_v3_sentiment_gated,DeBERTa-v3 + Sentiment Profile (Gated),42
15913,0,1.9613976292021107e-06,0,0.05772783383033802,model::deberta_v3_sentiment_gated,DeBERTa-v3 + Sentiment Profile (Gated),42
12837,1,6.707131433358882e-06,0,0.05772783383033802,model::deberta_v3_sentiment_gated,DeBERTa-v3 + Sentiment Profile (Gated),42
18327,1,1.645537395233987e-06,0,0.05772783383033802,model::deberta_v3_sentiment_gated,DeBERTa-v3 + Sentiment Profile (Gated),42
9442,0,1.864346131696948e-06,0,0.05772783383033802,model::deberta_v3_sentiment_gated,DeBERTa-v3 + Sentiment Profile (Gated),42
124,0,2.306470605617505e-06,0,0.05772783383033802,model::deberta_v3_sentiment_gated,DeBERTa-v3 + Sentiment Profile (Gated),42
20857,0,2.8610133995243814e-06,0,0.05772783383033802,model::deberta_v3_sentiment_gated,DeBERTa-v3 + Sentiment Profile (Gated),42
10349,1,1.3519079402612988e-06,0,0.05772783383033802,model::deberta_v3_sentiment_gated,DeBERTa-v3 + Sentiment Profile (Gated),42
610,0,4.045273726660525e-06,0,0.05772783383033802,model::deberta_v3_sentiment_gated,DeBERTa-v3 + Sentiment Profile (Gated),42
4769,0,1.3212587646194152e-06,0,0.05772783383033802,model::deberta_v3_sentiment_gated,DeBERTa-v3 + Sentiment Profile (Gated),42
13141,1,1.923957825056277e-06,0,0.05772783383033802,model::deberta_v3_sentiment_gated,DeBERTa-v3 + Sentiment Profile (Gated),42
10987,1,3.3751748560462147e-06,0,0.05772783383033802,model::deberta_v3_sentiment_gated,DeBERTa-v3 + Sentiment Profile (Gated),42
19307,0,3.448975803621579e-06,0,0.05772783383033802,model::deberta_v3_sentiment_gated,DeBERTa-v3 + Sentiment Profile (Gated),42
3091,0,1.5409322031700867e-06,0,0.05772783383033802,model::deberta_v3_sentiment_gated,DeBERTa-v3 + Sentiment Profile (Gated),42
5725,0,1.7644778154135563e-06,0,0.05772783383033802,model::deberta_v3_sentiment_gated,DeBERTa-v3 + Sentiment Profile (Gated),42
14337,1,1.9927940684283385e-06,0,0.05772783383033802,model::deberta_v3_sentiment_gated,DeBERTa-v3 + Sentiment Profile (Gated),42
5596,0,3.724491034517996e-05,0,0.05772783383033802,model::deberta_v3_sentiment_gated,DeBERTa-v3 + Sentiment Profile (Gated),42
3771,1,2.1872995148441987e-06,0,0.05772783383033802,model::deberta_v3_sentiment_gated,DeBERTa-v3 + Sentiment Profile (Gated),42
9317,0,2.926992010543472e-06,0,0.05772783383033802,model::deberta_v3_sentiment_gated,DeBERTa-v3 + Sentiment Profile (Gated),42
15823,1,2.8987160476390272e-06,0,0.05772783383033802,model::deberta_v3_sentiment_gated,DeBERTa-v3 + Sentiment Profile (Gated),42
3948,0,1.5649055058020167e-05,0,0.05772783383033802,model::deberta_v3_sentiment_gated,DeBERTa-v3 + Sentiment Profile (Gated),42
6310,1,1.9138433344778605e-06,0,0.05772783383033802,model::deberta_v3_sentiment_gated,DeBERTa-v3 + Sentiment Profile (Gated),42
6088,0,2.0097725155210355e-06,0,0.05772783383033802,model::deberta_v3_sentiment_gated,DeBERTa-v3 + Sentiment Profile (Gated),42
6962,0,5.532896921067732e-06,0,0.05772783383033802,model::deberta_v3_sentiment_gated,DeBERTa-v3 + Sentiment Profile (Gated),42
19675,1,3.184648221576936e-06,0,0.05772783383033802,model::deberta_v3_sentiment_gated,DeBERTa-v3 + Sentiment Profile (Gated),42
1569,1,2.306974465682288e-06,0,0.05772783383033802,model::deberta_v3_sentiment_gated,DeBERTa-v3 + Sentiment Profile (Gated),42
12189,0,1.417318344465457e-06,0,0.05772783383033802,model::deberta_v3_sentiment_gated,DeBERTa-v3 + Sentiment Profile (Gated),42
17551,1,1.6740732462494634e-06,0,0.05772783383033802,model::deberta_v3_sentiment_gated,DeBERTa-v3 + Sentiment Profile (Gated),42
9669,1,1.854504262155388e-06,0,0.05772783383033802,model::deberta_v3_sentiment_gated,DeBERTa-v3 + Sentiment Profile (Gated),42
16953,1,1.594690616002481e-06,0,0.05772783383033802,model::deberta_v3_sentiment_gated,DeBERTa-v3 + Sentiment Profile (Gated),42
11277,1,2.786302275126218e-06,0,0.05772783383033802,model::deberta_v3_sentiment_gated,DeBERTa-v3 + Sentiment Profile (Gated),42
3740,0,5.265524578135228e-06,0,0.05772783383033802,model::deberta_v3_sentiment_gated,DeBERTa-v3 + Sentiment Profile (Gated),42
4848,0,3.3475680538685992e-06,0,0.05772783383033802,model::deberta_v3_sentiment_gated,DeBERTa-v3 + Sentiment Profile (Gated),42
9860,0,2.305628413523664e-06,0,0.05772783383033802,model::deberta_v3_sentiment_gated,DeBERTa-v3 + Sentiment Profile (Gated),42
4686,0,1.141976554208668e-06,0,0.05772783383033802,model::deberta_v3_sentiment_gated,DeBERTa-v3 + Sentiment Profile (Gated),42
10203,1,1.632082444302796e-06,0,0.05772783383033802,model::deberta_v3_sentiment_gated,DeBERTa-v3 + Sentiment Profile (Gated),42
10607,0,9.344990758108906e-06,0,0.05772783383033802,model::deberta_v3_sentiment_gated,DeBERTa-v3 + Sentiment Profile (Gated),42
7476,1,1.7297920749115292e-06,0,0.05772783383033802,model::deberta_v3_sentiment_gated,DeBERTa-v3 + Sentiment Profile (Gated),42
2478,1,4.150194854446454e-06,0,0.05772783383033802,model::deberta_v3_sentiment_gated,DeBERTa-v3 + Sentiment Profile (Gated),42
5047,0,4.978761808160925e-06,0,0.05772783383033802,model::deberta_v3_sentiment_gated,DeBERTa-v3 + Sentiment Profile (Gated),42
13934,0,3.726884642674122e-06,0,0.05772783383033802,model::deberta_v3_sentiment_gated,DeBERTa-v3 + Sentiment Profile (Gated),42
13460,0,0.9918228983879088,1,0.05772783383033802,model::deberta_v3_sentiment_gated,DeBERTa-v3 + Sentiment Profile (Gated),42
8026,1,2.359541667829035e-06,0,0.05772783383033802,model::deberta_v3_sentiment_gated,DeBERTa-v3 + Sentiment Profile (Gated),42
6166,0,2.2130022898636525e-06,0,0.05772783383033802,model::deberta_v3_sentiment_gated,DeBERTa-v3 + Sentiment Profile (Gated),42
14031,0,6.8464651121757925e-06,0,0.05772783383033802,model::deberta_v3_sentiment_gated,DeBERTa-v3 + Sentiment Profile (Gated),42
2565,1,2.068738467642106e-06,0,0.05772783383033802,model::deberta_v3_sentiment_gated,DeBERTa-v3 + Sentiment Profile (Gated),42
12486,1,4.586945578921586e-06,0,0.05772783383033802,model::deberta_v3_sentiment_gated,DeBERTa-v3 + Sentiment Profile (Gated),42
4621,0,3.9575811570102815e-06,0,0.05772783383033802,model::deberta_v3_sentiment_gated,DeBERTa-v3 + Sentiment Profile (Gated),42
870,1,1.849327873060247e-06,0,0.05772783383033802,model::deberta_v3_sentiment_gated,DeBERTa-v3 + Sentiment Profile (Gated),42
1840,1,1.8266551933265875e-06,0,0.05772783383033802,model::deberta_v3_sentiment_gated,DeBERTa-v3 + Sentiment Profile (Gated),42
2839,0,2.698285470614792e-06,0,0.05772783383033802,model::deberta_v3_sentiment_gated,DeBERTa-v3 + Sentiment Profile (Gated),42
7767,0,7.713214472460095e-06,0,0.05772783383033802,model::deberta_v3_sentiment_gated,DeBERTa-v3 + Sentiment Profile (Gated),42
14793,0,2.07160292120534e-06,0,0.05772783383033802,model::deberta_v3_sentiment_gated,DeBERTa-v3 + Sentiment Profile (Gated),42
5370,1,2.3937934656714788e-06,0,0.05772783383033802,model::deberta_v3_sentiment_gated,DeBERTa-v3 + Sentiment Profile (Gated),42
13179,0,2.102472535625566e-06,0,0.05772783383033802,model::deberta_v3_sentiment_gated,DeBERTa-v3 + Sentiment Profile (Gated),42
13151,1,2.3228012651088648e-06,0,0.05772783383033802,model::deberta_v3_sentiment_gated,DeBERTa-v3 + Sentiment Profile (Gated),42
18916,0,4.729450211016228e-06,0,0.05772783383033802,model::deberta_v3_sentiment_gated,DeBERTa-v3 + Sentiment Profile (Gated),42
18199,0,1.3746230251854286e-06,0,0.05772783383033802,model::deberta_v3_sentiment_gated,DeBERTa-v3 + Sentiment Profile (Gated),42
10364,0,9.47526677919086e-06,0,0.05772783383033802,model::deberta_v3_sentiment_gated,DeBERTa-v3 + Sentiment Profile (Gated),42
393,0,2.5408219244127395e-06,0,0.05772783383033802,model::deberta_v3_sentiment_gated,DeBERTa-v3 + Sentiment Profile (Gated),42
9570,0,3.240878868382424e-06,0,0.05772783383033802,model::deberta_v3_sentiment_gated,DeBERTa-v3 + Sentiment Profile (Gated),42
229,1,2.1227508568699704e-06,0,0.05772783383033802,model::deberta_v3_sentiment_gated,DeBERTa-v3 + Sentiment Profile (Gated),42
12846,1,1.5297792970159207e-06,0,0.05772783383033802,model::deberta_v3_sentiment_gated,DeBERTa-v3 + Sentiment Profile (Gated),42
14257,0,1.5865990690144829e-06,0,0.05772783383033802,model::deberta_v3_sentiment_gated,DeBERTa-v3 + Sentiment Profile (Gated),42
2316,1,2.677210886758985e-06,0,0.05772783383033802,model::deberta_v3_sentiment_gated,DeBERTa-v3 + Sentiment Profile (Gated),42
8820,1,3.0112282729533035e-06,0,0.05772783383033802,model::deberta_v3_sentiment_gated,DeBERTa-v3 + Sentiment Profile (Gated),42
1716,0,2.123625563399401e-06,0,0.05772783383033802,model::deberta_v3_sentiment_gated,DeBERTa-v3 + Sentiment Profile (Gated),42
15157,0,1.1761521818698384e-06,0,0.05772783383033802,model::deberta_v3_sentiment_gated,DeBERTa-v3 + Sentiment Profile (Gated),42
3297,1,2.1206342353252694e-06,0,0.05772783383033802,model::deberta_v3_sentiment_gated,DeBERTa-v3 + Sentiment Profile (Gated),42
2229,0,2.39793143919087e-06,0,0.05772783383033802,model::deberta_v3_sentiment_gated,DeBERTa-v3 + Sentiment Profile (Gated),42
18563,1,2.1266614567139186e-06,0,0.05772783383033802,model::deberta_v3_sentiment_gated,DeBERTa-v3 + Sentiment Profile (Gated),42
6354,1,1.7808897609938867e-06,0,0.05772783383033802,model::deberta_v3_sentiment_gated,DeBERTa-v3 + Sentiment Profile (Gated),42
19632,0,2.5981153157772496e-06,0,0.05772783383033802,model::deberta_v3_sentiment_gated,DeBERTa-v3 + Sentiment Profile (Gated),42
3157,0,2.2943846488487907e-05,0,0.05772783383033802,model::deberta_v3_sentiment_gated,DeBERTa-v3 + Sentiment Profile (Gated),42
8808,1,2.5250146791222505e-06,0,0.05772783383033802,model::deberta_v3_sentiment_gated,DeBERTa-v3 + Sentiment Profile (Gated),42
15058,0,1.8131696606360488e-06,0,0.05772783383033802,model::deberta_v3_sentiment_gated,DeBERTa-v3 + Sentiment Profile (Gated),42
6171,0,3.525577312757377e-06,0,0.05772783383033802,model::deberta_v3_sentiment_gated,DeBERTa-v3 + Sentiment Profile (Gated),42
9116,0,3.480999339444679e-06,0,0.05772783383033802,model::deberta_v3_sentiment_gated,DeBERTa-v3 + Sentiment Profile (Gated),42
8213,1,2.26044494411326e-06,0,0.05772783383033802,model::deberta_v3_sentiment_gated,DeBERTa-v3 + Sentiment Profile (Gated),42
8860,1,2.845229118975112e-06,0,0.05772783383033802,model::deberta_v3_sentiment_gated,DeBERTa-v3 + Sentiment Profile (Gated),42
1673,1,2.388083885307424e-06,0,0.05772783383033802,model::deberta_v3_sentiment_gated,DeBERTa-v3 + Sentiment Profile (Gated),42
5464,1,4.615264970198041e-06,0,0.05772783383033802,model::deberta_v3_sentiment_gated,DeBERTa-v3 + Sentiment Profile (Gated),42
9624,0,1.2607478083737078e-06,0,0.05772783383033802,model::deberta_v3_sentiment_gated,DeBERTa-v3 + Sentiment Profile (Gated),42
5868,0,2.4617286271677585e-06,0,0.05772783383033802,model::deberta_v3_sentiment_gated,DeBERTa-v3 + Sentiment Profile (Gated),42
4242,0,1.8090037201545783e-06,0,0.05772783383033802,model::deberta_v3_sentiment_gated,DeBERTa-v3 + Sentiment Profile (Gated),42
12906,0,2.411169816696201e-06,0,0.05772783383033802,model::deberta_v3_sentiment_gated,DeBERTa-v3 + Sentiment Profile (Gated),42
10084,0,1.7553038560436107e-06,0,0.05772783383033802,model::deberta_v3_sentiment_gated,DeBERTa-v3 + Sentiment Profile (Gated),42
3000,0,1.84484838428034e-06,0,0.05772783383033802,model::deberta_v3_sentiment_gated,DeBERTa-v3 + Sentiment Profile (Gated),42
14235,0,1.8789144178299464e-06,0,0.05772783383033802,model::deberta_v3_sentiment_gated,DeBERTa-v3 + Sentiment Profile (Gated),42
20644,0,1.5537763147221997e-06,0,0.05772783383033802,model::deberta_v3_sentiment_gated,DeBERTa-v3 + Sentiment Profile (Gated),42
4578,1,2.053130629064981e-06,0,0.05772783383033802,model::deberta_v3_sentiment_gated,DeBERTa-v3 + Sentiment Profile (Gated),42
19505,0,1.2142256764491322e-06,0,0.05772783383033802,model::deberta_v3_sentiment_gated,DeBERTa-v3 + Sentiment Profile (Gated),42
3260,1,2.0236934688000474e-06,0,0.05772783383033802,model::deberta_v3_sentiment_gated,DeBERTa-v3 + Sentiment Profile (Gated),42
10054,0,3.834484232356772e-06,0,0.05772783383033802,model::deberta_v3_sentiment_gated,DeBERTa-v3 + Sentiment Profile (Gated),42
19294,1,1.6925343970797255e-06,0,0.05772783383033802,model::deberta_v3_sentiment_gated,DeBERTa-v3 + Sentiment Profile (Gated),42
2766,1,1.9814422557828948e-05,0,0.05772783383033802,model::deberta_v3_sentiment_gated,DeBERTa-v3 + Sentiment Profile (Gated),42
6407,0,2.5793722215894377e-06,0,0.05772783383033802,model::deberta_v3_sentiment_gated,DeBERTa-v3 + Sentiment Profile (Gated),42
13693,1,1.6966150724329054e-06,0,0.05772783383033802,model::deberta_v3_sentiment_gated,DeBERTa-v3 + Sentiment Profile (Gated),42
6757,0,2.304465397173772e-06,0,0.05772783383033802,model::deberta_v3_sentiment_gated,DeBERTa-v3 + Sentiment Profile (Gated),42
14999,1,2.325097057109815e-06,0,0.05772783383033802,model::deberta_v3_sentiment_gated,DeBERTa-v3 + Sentiment Profile (Gated),42
20137,0,1.7866157122625737e-06,0,0.05772783383033802,model::deberta_v3_sentiment_gated,DeBERTa-v3 + Sentiment Profile (Gated),42
17303,0,3.5346838558325544e-06,0,0.05772783383033802,model::deberta_v3_sentiment_gated,DeBERTa-v3 + Sentiment Profile (Gated),42
15307,1,2.9418883968901355e-06,0,0.05772783383033802,model::deberta_v3_sentiment_gated,DeBERTa-v3 + Sentiment Profile (Gated),42
13326,1,2.1207758891250705e-06,0,0.05772783383033802,model::deberta_v3_sentiment_gated,DeBERTa-v3 + Sentiment Profile (Gated),42
4557,1,1.954589379238314e-06,0,0.05772783383033802,model::deberta_v3_sentiment_gated,DeBERTa-v3 + Sentiment Profile (Gated),42
6699,1,2.2824099232821027e-06,0,0.05772783383033802,model::deberta_v3_sentiment_gated,DeBERTa-v3 + Sentiment Profile (Gated),42
9280,0,2.4582644982729107e-05,0,0.05772783383033802,model::deberta_v3_sentiment_gated,DeBERTa-v3 + Sentiment Profile (Gated),42
209,0,1.7932355831362656e-06,0,0.05772783383033802,model::deberta_v3_sentiment_gated,DeBERTa-v3 + Sentiment Profile (Gated),42
11350,1,2.3171151042333804e-06,0,0.05772783383033802,model::deberta_v3_sentiment_gated,DeBERTa-v3 + Sentiment Profile (Gated),42
1969,1,2.0629659047699533e-06,0,0.05772783383033802,model::deberta_v3_sentiment_gated,DeBERTa-v3 + Sentiment Profile (Gated),42
20058,1,1.5625257674400927e-06,0,0.05772783383033802,model::deberta_v3_sentiment_gated,DeBERTa-v3 + Sentiment Profile (Gated),42
20625,1,1.650011290621478e-05,0,0.05772783383033802,model::deberta_v3_sentiment_gated,DeBERTa-v3 + Sentiment Profile (Gated),42
8212,0,7.33878050596104e-06,0,0.05772783383033802,model::deberta_v3_sentiment_gated,DeBERTa-v3 + Sentiment Profile (Gated),42
5525,0,1.701039650470193e-06,0,0.05772783383033802,model::deberta_v3_sentiment_gated,DeBERTa-v3 + Sentiment Profile (Gated),42
11018,1,2.410795104879071e-06,0,0.05772783383033802,model::deberta_v3_sentiment_gated,DeBERTa-v3 + Sentiment Profile (Gated),42
11943,1,1.676759325164312e-06,0,0.05772783383033802,model::deberta_v3_sentiment_gated,DeBERTa-v3 + Sentiment Profile (Gated),42
6611,1,1.613703602743044e-06,0,0.05772783383033802,model::deberta_v3_sentiment_gated,DeBERTa-v3 + Sentiment Profile (Gated),42
5821,0,1.6556322179894778e-06,0,0.05772783383033802,model::deberta_v3_sentiment_gated,DeBERTa-v3 + Sentiment Profile (Gated),42
8492,0,5.546838565351209e-06,0,0.05772783383033802,model::deberta_v3_sentiment_gated,DeBERTa-v3 + Sentiment Profile (Gated),42
9461,1,1.4635660363637726e-06,0,0.05772783383033802,model::deberta_v3_sentiment_gated,DeBERTa-v3 + Sentiment Profile (Gated),42
338,1,2.2413337319449056e-06,0,0.05772783383033802,model::deberta_v3_sentiment_gated,DeBERTa-v3 + Sentiment Profile (Gated),42
6973,0,5.063560365670128e-06,0,0.05772783383033802,model::deberta_v3_sentiment_gated,DeBERTa-v3 + Sentiment Profile (Gated),42
20872,1,2.160833446396282e-06,0,0.05772783383033802,model::deberta_v3_sentiment_gated,DeBERTa-v3 + Sentiment Profile (Gated),42
12986,1,1.8167905864174827e-06,0,0.05772783383033802,model::deberta_v3_sentiment_gated,DeBERTa-v3 + Sentiment Profile (Gated),42
13669,0,1.84505597644602e-06,0,0.05772783383033802,model::deberta_v3_sentiment_gated,DeBERTa-v3 + Sentiment Profile (Gated),42
10890,0,2.039656919805566e-06,0,0.05772783383033802,model::deberta_v3_sentiment_gated,DeBERTa-v3 + Sentiment Profile (Gated),42
9089,0,2.028226390393684e-06,0,0.05772783383033802,model::deberta_v3_sentiment_gated,DeBERTa-v3 + Sentiment Profile (Gated),42
2840,1,1.5978966985130685e-06,0,0.05772783383033802,model::deberta_v3_sentiment_gated,DeBERTa-v3 + Sentiment Profile (Gated),42
10318,0,7.243673280754592e-06,0,0.05772783383033802,model::deberta_v3_sentiment_gated,DeBERTa-v3 + Sentiment Profile (Gated),42
16787,1,4.453365818335442e-06,0,0.05772783383033802,model::deberta_v3_sentiment_gated,DeBERTa-v3 + Sentiment Profile (Gated),42
4404,1,2.888863946282072e-06,0,0.05772783383033802,model::deberta_v3_sentiment_gated,DeBERTa-v3 + Sentiment Profile (Gated),42
15737,0,2.3313075416808715e-06,0,0.05772783383033802,model::deberta_v3_sentiment_gated,DeBERTa-v3 + Sentiment Profile (Gated),42
3736,1,1.4479903711617226e-06,0,0.05772783383033802,model::deberta_v3_sentiment_gated,DeBERTa-v3 + Sentiment Profile (Gated),42
1264,1,2.502343932064832e-06,0,0.05772783383033802,model::deberta_v3_sentiment_gated,DeBERTa-v3 + Sentiment Profile (Gated),42
13451,0,1.834962631619419e-06,0,0.05772783383033802,model::deberta_v3_sentiment_gated,DeBERTa-v3 + Sentiment Profile (Gated),42
1855,0,1.3576005812865333e-06,0,0.05772783383033802,model::deberta_v3_sentiment_gated,DeBERTa-v3 + Sentiment Profile (Gated),42
1945,0,1.60916408731282e-06,0,0.05772783383033802,model::deberta_v3_sentiment_gated,DeBERTa-v3 + Sentiment Profile (Gated),42
12976,0,2.2683270799461752e-06,0,0.05772783383033802,model::deberta_v3_sentiment_gated,DeBERTa-v3 + Sentiment Profile (Gated),42
12920,1,1.946377096828656e-06,0,0.05772783383033802,model::deberta_v3_sentiment_gated,DeBERTa-v3 + Sentiment Profile (Gated),42
6410,1,1.5052364688017406e-06,0,0.05772783383033802,model::deberta_v3_sentiment_gated,DeBERTa-v3 + Sentiment Profile (Gated),42
6746,1,1.850765670496912e-06,0,0.05772783383033802,model::deberta_v3_sentiment_gated,DeBERTa-v3 + Sentiment Profile (Gated),42
8067,1,3.2825134894665098e-06,0,0.05772783383033802,model::deberta_v3_sentiment_gated,DeBERTa-v3 + Sentiment Profile (Gated),42
4846,1,2.0093318653380265e-06,0,0.05772783383033802,model::deberta_v3_sentiment_gated,DeBERTa-v3 + Sentiment Profile (Gated),42
4533,1,2.039184437307995e-06,0,0.05772783383033802,model::deberta_v3_sentiment_gated,DeBERTa-v3 + Sentiment Profile (Gated),42
11794,1,2.570294100223691e-06,0,0.05772783383033802,model::deberta_v3_sentiment_gated,DeBERTa-v3 + Sentiment Profile (Gated),42
17267,0,8.693904419487808e-06,0,0.05772783383033802,model::deberta_v3_sentiment_gated,DeBERTa-v3 + Sentiment Profile (Gated),42
18522,0,2.1389394532889128e-05,0,0.05772783383033802,model::deberta_v3_sentiment_gated,DeBERTa-v3 + Sentiment Profile (Gated),42
2937,1,3.054281251024804e-06,0,0.05772783383033802,model::deberta_v3_sentiment_gated,DeBERTa-v3 + Sentiment Profile (Gated),42
7387,1,3.2587151963525685e-06,0,0.05772783383033802,model::deberta_v3_sentiment_gated,DeBERTa-v3 + Sentiment Profile (Gated),42
16334,1,1.70489840911614e-06,0,0.05772783383033802,model::deberta_v3_sentiment_gated,DeBERTa-v3 + Sentiment Profile (Gated),42
4259,1,2.244720235466957e-06,0,0.05772783383033802,model::deberta_v3_sentiment_gated,DeBERTa-v3 + Sentiment Profile (Gated),42
